"org_id","app","name","website","segment","contact_route","route_type","personalisation_facts","stage","last_action_at","next_action_at","thread_ref","notes"
"180-self-storage-f4f9bc","certly","180 Self-Storage","https://www.180selfstorage.com/","self-storage operator","https://www.180selfstorage.com/","form","{""location"": ""Arizona"", ""segment"": ""self-storage operator"", ""state"": ""AZ""}","new","","","","address the director of operations; phase-3 confidence: secondary; source: https://www.sitelink.com/marketplace/management-companies/180-self-storage"
"1k-domestic-solutions-corp-f729cd","certly","1K Domestic Solutions Corp","https://1kdomesticsolutions.com/","specialty prime (mechanical)","https://1kdomesticsolutions.com/contact/","form","{""city"": ""Miami"", ""location"": ""Miami, Florida"", ""segment"": ""specialty prime (mechanical)"", ""state"": ""FL""}","new","","","","route from routes-enrichment.csv (2026-09-03), verified at https://1kdomesticsolutions.com/contact/; address the owner; phase-3 confidence: verified; source: https://www2.myfloridalicense.com/sto/file_download/extracts//CONSTRUCTIONLICENSE_1.csv"
"3-d-construction-services-inc-b09cd7","certly","3 D Construction Services INC","https://3dconstructionservices.com/","building contractor","https://3dconstructionservices.com/contact-us/","form","{""city"": ""Orlando"", ""location"": ""Orlando, Florida"", ""segment"": ""building contractor"", ""state"": ""FL""}","new","","","","route from routes-enrichment.csv (2026-09-03), verified at https://3dconstructionservices.com/contact-us/; address the owner; phase-3 confidence: verified; source: https://www2.myfloridalicense.com/sto/file_download/extracts//CONSTRUCTIONLICENSE_1.csv"
"33rd-company-inc-819b68","certly","33rd Company, Inc.","https://www.33rdcompany.com/","HOA / community association management","https://www.33rdcompany.com/","form","{""city"": ""Woodbury"", ""location"": ""Woodbury, Minnesota"", ""segment"": ""HOA / community association management"", ""state"": ""MN""}","new","","","","address the director of community management; phase-3 confidence: secondary; source: https://www.hoamanagement.com/association-management-company/33rd-company-inc-2/"
"360-properties-llc-576de9","certly","360 Properties, LLC","https://www.cedarparkpropertymanagement.com/","residential property management","https://www.cedarparkpropertymanagement.com/contact","form","{""city"": ""Cedar Park"", ""location"": ""Cedar Park, Texas"", ""segment"": ""residential property management"", ""source_list"": ""the Expertise.com property management listings"", ""state"": ""TX""}","new","","","","address the owner / broker-owner; phase-3 confidence: verified; source: https://www.expertise.com/business/property-management/texas/austin"
"4-star-services-inc-4e9000","certly","4 Star Services Inc","https://www.4starplumbing.com/","specialty prime (mechanical)","https://www.4starplumbing.com/contact/","form","{""city"": ""Fort Lauderdale"", ""location"": ""Fort Lauderdale, Florida"", ""segment"": ""specialty prime (mechanical)"", ""state"": ""FL""}","new","","","","route from routes-enrichment.csv (2026-09-03), verified at https://www.4starplumbing.com/contact/; address the owner; phase-3 confidence: verified; source: https://www2.myfloridalicense.com/sto/file_download/extracts//CONSTRUCTIONLICENSE_1.csv"
"5-elements-design-and-construction-47bd75","certly","5 Elements Design And Construction","https://elementsdesign.com/","commercial GC","https://elementsdesign.com/contact/","form","{""city"": ""Richmond"", ""location"": ""Richmond, California"", ""segment"": ""commercial GC"", ""size_signal_raw"": ""Workers' comp policy on file with State Compensation Insurance Fund (CSLB record), i.e. carries W-2 field staff"", ""state"": ""CA""}","new","","","","route from routes-enrichment.csv (2026-09-03), verified at https://elementsdesign.com/contact/; address the owner; phase-3 confidence: verified; source: https://www2.cslb.ca.gov/onlineservices/dataportal/ListByCounty"
"5150-community-management-65f332","certly","5150 Community Management","https://5150communitymanagement.com/","HOA / community association management","https://5150communitymanagement.com/","form","{""city"": ""Englewood"", ""location"": ""Englewood, Colorado"", ""segment"": ""HOA / community association management"", ""state"": ""CO""}","new","","","","address the director of community management; phase-3 confidence: secondary; source: https://www.hoamanagement.com/association-management-company/5150-community-management/"
"5150-community-management-llc-96055d","certly","5150 Community Management, LLC","https://www.5150communitymanagement.com/","HOA / community association management","https://www.fivekeyscm.com/contact","form","{""city"": ""Englewood"", ""location"": ""Englewood, Colorado"", ""segment"": ""HOA / community association management"", ""size_signal_raw"": ""58 community associations under management"", ""state"": ""CO""}","new","","","","route from routes-enrichment.csv (2026-09-03), verified at https://www.fivekeyscm.com/contact; address the director of community management; phase-3 confidence: secondary; source: https://www.communitypay.us/management-companies/state/colorado/"
"901-real-estate-services-540ae9","certly","901 Real Estate Services","https://901res.com/","residential property management","https://901res.com/contact-us/","form","{""city"": ""Memphis"", ""location"": ""Memphis, Tennessee"", ""segment"": ""residential property management"", ""source_list"": ""the Expertise.com property management listings"", ""state"": ""TN""}","new","","","","address the owner / broker-owner; phase-3 confidence: verified; source: https://www.expertise.com/business/property-management/tennessee/memphis"
"a-a-development-group-llc-65075a","certly","A & A Development Group LLC","https://developmentgroup.com/","commercial GC","https://developmentgroup.com/about","form","{""city"": ""Palm Beach Gardens"", ""location"": ""Palm Beach Gardens, Florida"", ""segment"": ""commercial GC"", ""state"": ""FL""}","new","","","","route from routes-enrichment.csv (2026-09-03), verified at https://developmentgroup.com/about; address the owner; phase-3 confidence: verified; source: https://www2.myfloridalicense.com/sto/file_download/extracts//CONSTRUCTIONLICENSE_1.csv"
"a-construction-group-inc-23cbc7","certly","A Construction Group INC","https://www.constructiongroup.com/","commercial GC","http://www.constructiongroup.com/about-us/","form","{""city"": ""West Hills"", ""location"": ""West Hills, California"", ""segment"": ""commercial GC"", ""size_signal_raw"": ""Workers' comp policy on file with Endurance Assurance Corporation (CSLB record), i.e. carries W-2 field staff"", ""state"": ""CA""}","new","","","","route from routes-enrichment.csv (2026-09-03), verified at http://www.constructiongroup.com/about-us/; address the owner; phase-3 confidence: verified; source: https://www2.cslb.ca.gov/onlineservices/dataportal/ListByCounty"
"a-omega-termite-construction-corp-680b92","certly","A Omega Termite & Construction Corp","https://omega-homeservices.com/","commercial GC","https://omega-homeservices.com/contact-omega","form","{""city"": ""Irvine"", ""location"": ""Irvine, California"", ""segment"": ""commercial GC"", ""size_signal_raw"": ""Workers' comp policy on file with Security National Insurance Company (CSLB record), i.e. carries W-2 field staff"", ""state"": ""CA""}","new","","","","route from routes-enrichment.csv (2026-09-03), verified at https://omega-homeservices.com/contact-omega; address the owner; phase-3 confidence: verified; source: https://www2.cslb.ca.gov/onlineservices/dataportal/ListByCounty"
"a-b-contracting-co-inc-99e1c0","certly","A&B Contracting Co., Inc.","https://www.b-contracting.com/","commercial GC","https://www.b-contracting.com/about","form","{""city"": ""Mooresville"", ""location"": ""Mooresville, North Carolina"", ""segment"": ""commercial GC"", ""state"": ""NC""}","new","","","","route from routes-enrichment.csv (2026-09-03), verified at https://www.b-contracting.com/about; address the owner; phase-3 confidence: verified; source: https://portal.nclbgc.org/Public/Search"
"a-association-accounting-aa1c21","certly","A+ Association Accounting","https://www.hoaliving.com/aplus-hoa-management/","HOA / community association management","https://www.hoaliving.com/aplus-hoa-management/","form","{""city"": ""Salt Lake City"", ""location"": ""Salt Lake City, Utah"", ""segment"": ""HOA / community association management"", ""state"": ""UT""}","new","","","","address the director of community management; phase-3 confidence: secondary; source: https://www.hoamanagement.com/association-management-company/a-association-accounting/"
"a-l-s-properties-hart-custom-homes-302fb5","certly","A.L.S. Properties/Hart Custom Homes","https://www.harthomesflorida.com/","manufactured housing community operator","https://www.harthomesflorida.com/contact/","form","{""segment"": ""manufactured housing community operator"", ""size_signal_raw"": ""2,265 manufactured-home lots owned""}","new","","","","route from routes-enrichment.csv (2026-09-03), verified at https://www.harthomesflorida.com/contact/; address the director of operations; phase-3 confidence: secondary; source: https://www.mobilehomeuniversity.com/mhu-top-100-community-owners.php"
"a-w-h-building-home-improvement-inc-c87291","certly","A.w.h. Building & Home Improvement, Inc.","https://homeimprovement.net/","commercial GC","https://homeimprovement.net/about","form","{""city"": ""Palm Beach Gardens"", ""location"": ""Palm Beach Gardens, Florida"", ""segment"": ""commercial GC"", ""state"": ""FL""}","new","","","","route from routes-enrichment.csv (2026-09-03), verified at https://homeimprovement.net/about; address the owner; phase-3 confidence: verified; source: https://www2.myfloridalicense.com/sto/file_download/extracts//CONSTRUCTIONLICENSE_1.csv"
"aaaa-self-storage-management-76ea12","certly","AAAA Self Storage Management","https://packedplanet.com/full-service-management/","self-storage operator","https://packedplanet.com/full-service-management/","form","{""location"": ""Virginia"", ""segment"": ""self-storage operator"", ""state"": ""VA""}","new","","","","address the director of operations; phase-3 confidence: secondary; source: https://www.sitelink.com/marketplace/management-companies/aaaa-self-storage"
"abaco-builders-inc-169035","certly","Abaco Builders INC","https://abacobuilders.com/","building contractor","https://abacobuilders.com/contact/","form","{""city"": ""Tequesta"", ""location"": ""Tequesta, Florida"", ""segment"": ""building contractor"", ""state"": ""FL""}","new","","","","route from routes-enrichment.csv (2026-09-03), verified at https://abacobuilders.com/contact/; address the owner; phase-3 confidence: verified; source: https://www2.myfloridalicense.com/sto/file_download/extracts//CONSTRUCTIONLICENSE_1.csv"
"aberdeen-management-development-1371bc","certly","Aberdeen Management & Development","http://www.aberdeenmgmt.com/home.html","self-storage operator","http://www.aberdeenmgmt.com/home.html","form","{""location"": ""Arizona"", ""segment"": ""self-storage operator"", ""state"": ""AZ""}","new","","","","address the director of operations; phase-3 confidence: secondary; source: https://www.sitelink.com/marketplace/management-companies/aberdeen-management-and-development"
"ability-construction-inc-8dbaab","certly","Ability Construction INC","https://abilityconstruction.net/","building contractor","https://abilityconstruction.net/About.html","form","{""city"": ""Cape Coral"", ""location"": ""Cape Coral, Florida"", ""segment"": ""building contractor"", ""state"": ""FL""}","new","","","","route from routes-enrichment.csv (2026-09-03), verified at https://abilityconstruction.net/About.html; address the owner; phase-3 confidence: verified; source: https://www2.myfloridalicense.com/sto/file_download/extracts//CONSTRUCTIONLICENSE_1.csv"
"ability-realty-ec4f41","certly","Ability Realty","https://tucsonrealestatebroker.com/","residential property management","https://tucsonrealestatebroker.com/contact-us/","form","{""city"": ""Tucson"", ""location"": ""Tucson, Arizona"", ""segment"": ""residential property management"", ""source_list"": ""the Expertise.com property management listings"", ""state"": ""AZ""}","new","","","","address the owner / broker-owner; phase-3 confidence: verified; source: https://www.expertise.com/business/property-management/arizona/tucson"
"abrahams-construction-inc-fcd001","certly","Abrahams Construction INC","https://abrahamsconstruction.com/","commercial GC","https://abrahamsconstruction.com/contact-us/","form","{""city"": ""Sacramento"", ""location"": ""Sacramento, California"", ""segment"": ""commercial GC"", ""size_signal_raw"": ""Workers' comp policy on file with Omaha National Casualty Company (CSLB record), i.e. carries W-2 field staff"", ""state"": ""CA""}","new","","","","route from routes-enrichment.csv (2026-09-03), verified at https://abrahamsconstruction.com/contact-us/; address the owner; phase-3 confidence: verified; source: https://www2.cslb.ca.gov/onlineservices/dataportal/ListByCounty"
"ac-bees-inc-0b3596","certly","Ac Bees Inc","https://acbees.com/","specialty prime (mechanical)","https://acbees.com/contact","form","{""city"": ""Jacksonville"", ""location"": ""Jacksonville, Florida"", ""segment"": ""specialty prime (mechanical)"", ""state"": ""FL""}","new","","","","route from routes-enrichment.csv (2026-09-03), verified at https://acbees.com/contact; address the owner; phase-3 confidence: verified; source: https://www2.myfloridalicense.com/sto/file_download/extracts//CONSTRUCTIONLICENSE_1.csv"
"access-more-property-management-f47c88","certly","Access More Property Management","https://www.accessmorepropertymanagement.com/","residential property management","https://www.accessmorepropertymanagement.com/contact","form","{""city"": ""Columbus"", ""location"": ""Columbus, Ohio"", ""segment"": ""residential property management"", ""source_list"": ""the Expertise.com property management listings"", ""state"": ""OH""}","new","","","","address the owner / broker-owner; phase-3 confidence: verified; source: https://www.expertise.com/business/property-management/ohio/columbus"
"access-results-management-services-922d1f","certly","Access Results Management Services","http://accessrms.ca/","self-storage operator","http://accessrms.ca/","form","{""segment"": ""self-storage operator""}","new","","","","address the director of operations; phase-3 confidence: secondary; source: https://www.sitelink.com/marketplace/management-companies/access-results-management-services"
"access-self-storage-8fccfc","certly","Access Self Storage","https://www.accessselfstorage.com/management-services/","self-storage operator","https://www.accessselfstorage.com/management-services/","form","{""location"": ""New Jersey"", ""segment"": ""self-storage operator"", ""state"": ""NJ""}","new","","","","address the director of operations; phase-3 confidence: secondary; source: https://www.sitelink.com/marketplace/management-companies/access-management"
"acevedo-construction-corporation-d5d6b7","certly","Acevedo Construction Corporation","https://www.acevedoconstruction.net/","commercial GC","https://www.acevedoconstruction.net/contact","form","{""city"": ""Rancho Santa FE"", ""location"": ""Rancho Santa FE, California"", ""segment"": ""commercial GC"", ""size_signal_raw"": ""Workers' comp policy on file with Everest Premier Insurance Company (CSLB record), i.e. carries W-2 field staff"", ""state"": ""CA""}","new","","","","route from routes-enrichment.csv (2026-09-03), verified at https://www.acevedoconstruction.net/contact; address the owner; phase-3 confidence: verified; source: https://www2.cslb.ca.gov/onlineservices/dataportal/ListByCounty"
"acorn-mini-storage-7274a6","certly","Acorn Mini Storage","https://www.acornministorage.com:443/","self-storage operator","https://www.acornministorage.com:443/","form","{""location"": ""Maine"", ""segment"": ""self-storage operator"", ""state"": ""ME""}","new","","","","address the director of operations; phase-3 confidence: secondary; source: https://www.sitelink.com/marketplace/management-companies/acorn-ministorage"
"action-property-management-inc-6e0ea0","certly","Action Property Management, Inc.","https://www.actionlife.com/","HOA / community association management","https://www.actionlife.com/","form","{""city"": ""Irvine"", ""location"": ""Irvine, California"", ""segment"": ""HOA / community association management"", ""state"": ""CA""}","new","","","","address the director of community management; phase-3 confidence: secondary; source: https://www.hoamanagement.com/association-management-company/action-property-management-inc/"
"adams-designbuild-inc-14a8c4","certly","Adams DesignBuild, Inc.","https://www.adamsdesignbuild.com/","design-build GC","https://www.adamsdesignbuild.com/contact","form","{""city"": ""Winston-Salem"", ""location"": ""Winston-Salem, North Carolina"", ""segment"": ""design-build GC"", ""state"": ""NC""}","new","","","","route from routes-enrichment.csv (2026-09-03), verified at https://www.adamsdesignbuild.com/contact; address the owner; phase-3 confidence: verified; source: https://portal.nclbgc.org/Public/Search"
"adb-homes-llc-703a70","certly","ADB Homes LLC","https://adbhomes.com/","residential / multifamily builder","https://adbhomes.com/contact/","form","{""city"": ""Alva"", ""location"": ""Alva, Florida"", ""segment"": ""residential / multifamily builder"", ""state"": ""FL""}","new","","","","route from routes-enrichment.csv (2026-09-03), verified at https://adbhomes.com/contact/; address the owner; phase-3 confidence: verified; source: https://www2.myfloridalicense.com/sto/file_download/extracts//CONSTRUCTIONLICENSE_1.csv"
"advantage-self-storage-property-manageme-60175f","certly","Advantage Self Storage Property Management, LLC","https://www.advantagestorage.net:443/","self-storage operator","https://www.advantagestorage.net:443/","form","{""location"": ""Texas"", ""segment"": ""self-storage operator"", ""state"": ""TX""}","new","","","","address the director of operations; phase-3 confidence: secondary; source: https://www.sitelink.com/marketplace/management-companies/advantage-self-storage-property-management"
"afs-general-contracting-llc-aaf499","certly","AFS General Contracting, LLC","https://afsgeneralcontracting.com/","commercial GC","https://afsgeneralcontracting.com/contact-us/","form","{""city"": ""Winter Garden"", ""location"": ""Winter Garden, Florida"", ""segment"": ""commercial GC"", ""state"": ""FL""}","new","","","","route from routes-enrichment.csv (2026-09-03), verified at https://afsgeneralcontracting.com/contact-us/; address the owner; phase-3 confidence: verified; source: https://www2.myfloridalicense.com/sto/file_download/extracts//CONSTRUCTIONLICENSE_1.csv"
"agynbyte-llc-b82d78","certly","Agynbyte LLC","https://www.agynbyte.com/","HOA / community association management","https://www.agynbyte.com/agynbyte-owners-association-property-management-and-management-services/contact-us/","form","{""city"": ""Bellevue"", ""location"": ""Bellevue, Washington"", ""segment"": ""HOA / community association management"", ""size_signal_raw"": ""46 community associations under management"", ""state"": ""WA""}","new","","","","route from routes-enrichment.csv (2026-09-03), verified at https://www.agynbyte.com/agynbyte-owners-association-property-management-and-management-services/contact-us/; address the director of community management; phase-3 confidence: secondary; source: https://www.communitypay.us/management-companies/state/washington/"
"ahboltin-construction-inc-697f79","certly","Ahboltin Construction INC","https://ahboltinconstruction.com/","commercial GC","https://ahboltinconstruction.com/about-us/","form","{""city"": ""Livermore"", ""location"": ""Livermore, California"", ""segment"": ""commercial GC"", ""size_signal_raw"": ""Workers' comp policy on file with State Compensation Insurance Fund (CSLB record), i.e. carries W-2 field staff"", ""state"": ""CA""}","new","","","","route from routes-enrichment.csv (2026-09-03), verified at https://ahboltinconstruction.com/about-us/; address the owner; phase-3 confidence: verified; source: https://www2.cslb.ca.gov/onlineservices/dataportal/ListByCounty"
"ahtna-infrastructure-technologies-llc-b60d00","certly","Ahtna Infrastructure & Technologies, LLC","https://www.ahtnadiversified.com","commercial GC","https://www.ahtnadiversified.com/contact-us/","form","{""city"": ""Anchorage"", ""location"": ""Anchorage, Alaska"", ""segment"": ""commercial GC"", ""source_list"": ""your AGC chapter's public contractor directory"", ""state"": ""AK""}","new","","","","address the contract administrator; phase-3 confidence: verified; source: https://members.agcak.org/memberdirectory/Search/general-contractor-member-296133"
"air-comfort-technology-inc-e86e78","certly","Air Comfort Technology Inc","https://www.aircomforttechnology.com/","specialty prime (mechanical)","https://www.aircomforttechnology.com/contact-us","form","{""city"": ""Winter Garden"", ""location"": ""Winter Garden, Florida"", ""segment"": ""specialty prime (mechanical)"", ""state"": ""FL""}","new","","","","route from routes-enrichment.csv (2026-09-03), verified at https://www.aircomforttechnology.com/contact-us; address the owner; phase-3 confidence: verified; source: https://www2.myfloridalicense.com/sto/file_download/extracts//CONSTRUCTIONLICENSE_1.csv"
"ajc-construction-services-inc-4baffc","certly","AJC Construction Services INC","https://www.ajcconstructionservices.com/","commercial GC","https://www.ajcconstructionservices.com/contact","form","{""city"": ""Poway"", ""location"": ""Poway, California"", ""segment"": ""commercial GC"", ""size_signal_raw"": ""Workers' comp policy on file with Employers Assurance Company (CSLB record), i.e. carries W-2 field staff"", ""state"": ""CA""}","new","","","","route from routes-enrichment.csv (2026-09-03), verified at https://www.ajcconstructionservices.com/contact; address the owner; phase-3 confidence: verified; source: https://www2.cslb.ca.gov/onlineservices/dataportal/ListByCounty"
"ak-constructors-llc-8967c5","certly","AK Constructors, LLC","https://akconstructors.com/","commercial GC","https://akconstructors.com/contact-us/","form","{""city"": ""Palmer"", ""location"": ""Palmer, Alaska"", ""segment"": ""commercial GC"", ""source_list"": ""your AGC chapter's public contractor directory"", ""state"": ""AK""}","new","","","","route from routes-enrichment.csv (2026-09-03), verified at https://akconstructors.com/contact-us/; address the contract administrator; phase-3 confidence: secondary; source: https://members.agcak.org/memberdirectory/Search/general-contractor-member-296133"
"alameda-tiny-homes-2e3583","certly","Alameda Tiny Homes","https://alamedatinyhomes.com/","residential / multifamily builder","https://alamedatinyhomes.com/contact-adu-builder/","form","{""city"": ""Alameda"", ""location"": ""Alameda, California"", ""segment"": ""residential / multifamily builder"", ""size_signal_raw"": ""Workers' comp policy on file with State Compensation Insurance Fund (CSLB record), i.e. carries W-2 field staff"", ""state"": ""CA""}","new","","","","route from routes-enrichment.csv (2026-09-03), verified at https://alamedatinyhomes.com/contact-adu-builder/; address the owner; phase-3 confidence: verified; source: https://www2.cslb.ca.gov/onlineservices/dataportal/ListByCounty"
"alaska-professional-construction-inc-e6f1dd","certly","Alaska Professional Construction, Inc.","http://www.apcconcrete.com","commercial GC","http://www.apcconcrete.com/contact.html","form","{""city"": ""Wasilla"", ""location"": ""Wasilla, Alaska"", ""segment"": ""commercial GC"", ""source_list"": ""your AGC chapter's public contractor directory"", ""state"": ""AK""}","new","","","","address the contract administrator; phase-3 confidence: verified; source: https://members.agcak.org/memberdirectory/Search/general-contractor-member-296133"
"alef-construction-corporation-e528ff","certly","Alef Construction Corporation","https://www.alefconstruction.com/","commercial GC","https://www.alefconstruction.com/contact","form","{""city"": ""SAN Carlos"", ""location"": ""SAN Carlos, California"", ""segment"": ""commercial GC"", ""size_signal_raw"": ""Workers' comp policy on file with State Compensation Insurance Fund (CSLB record), i.e. carries W-2 field staff"", ""state"": ""CA""}","new","","","","route from routes-enrichment.csv (2026-09-03), verified at https://www.alefconstruction.com/contact; address the owner; phase-3 confidence: verified; source: https://www2.cslb.ca.gov/onlineservices/dataportal/ListByCounty"
"alfonso-molina-construction-inc-d238b7","certly","Alfonso Molina Construction INC","https://www.alfonsomolina.com/","commercial GC","https://www.alfonsomolina.com/about","form","{""city"": ""SAN Carlos"", ""location"": ""SAN Carlos, California"", ""segment"": ""commercial GC"", ""size_signal_raw"": ""Workers' comp policy on file with Endurance Assurance Corporation (CSLB record), i.e. carries W-2 field staff"", ""state"": ""CA""}","new","","","","route from routes-enrichment.csv (2026-09-03), verified at https://www.alfonsomolina.com/about; address the owner; phase-3 confidence: verified; source: https://www2.cslb.ca.gov/onlineservices/dataportal/ListByCounty"
"all-aboard-storage-98cdcf","certly","All Aboard Storage","http://www.goallaboard.com/","self-storage operator","http://www.goallaboard.com/","form","{""location"": ""Florida"", ""segment"": ""self-storage operator"", ""state"": ""FL""}","new","","","","address the director of operations; phase-3 confidence: secondary; source: https://www.sitelink.com/marketplace/management-companies/all-aboard-storage"
"all-construction-resources-inc-ea2d49","certly","ALL Construction Resources, INC","https://allconstructionresources.com/","building contractor","https://allconstructionresources.com/#contact","form","{""city"": ""Miami"", ""location"": ""Miami, Florida"", ""segment"": ""building contractor"", ""state"": ""FL""}","new","","","","route from routes-enrichment.csv (2026-09-03), verified at https://allconstructionresources.com/#contact; address the owner; phase-3 confidence: verified; source: https://www2.myfloridalicense.com/sto/file_download/extracts//CONSTRUCTIONLICENSE_1.csv"
"all-county-alamo-property-management-734695","certly","All County Alamo Property Management","https://allcountyalamo.com/","residential property management","https://allcountyprop.com/locations/texas/universal-city/contact/","form","{""city"": ""Universal City"", ""location"": ""Universal City, Texas"", ""segment"": ""residential property management"", ""source_list"": ""the Expertise.com property management listings"", ""state"": ""TX""}","new","","","","address the owner / broker-owner; phase-3 confidence: verified; source: https://www.expertise.com/business/property-management/texas/san-antonio"
"all-county-construction-acade5","certly","ALL County Construction","https://allcountyconstruction.com/","commercial GC","https://allcountyconstruction.com/contact","form","{""city"": ""Carlsbad"", ""location"": ""Carlsbad, California"", ""segment"": ""commercial GC"", ""size_signal_raw"": ""Workers' comp policy on file with State Compensation Insurance Fund (CSLB record), i.e. carries W-2 field staff"", ""state"": ""CA""}","new","","","","route from routes-enrichment.csv (2026-09-03), verified at https://allcountyconstruction.com/contact; address the owner; phase-3 confidence: verified; source: https://www2.cslb.ca.gov/onlineservices/dataportal/ListByCounty"
"all-county-first-choice-property-managem-14595e","certly","All County First Choice Property Management","https://allcountyfirstchoice.com/","residential property management","https://allcountyprop.com/locations/florida/pinellas-park/contact/","form","{""city"": ""Pinellas Park"", ""location"": ""Pinellas Park, Florida"", ""segment"": ""residential property management"", ""source_list"": ""the Expertise.com property management listings"", ""state"": ""FL""}","new","","","","address the owner / broker-owner; phase-3 confidence: verified; source: https://www.expertise.com/business/property-management/florida/tampa"
"all-flags-construction-inc-fd1c20","certly","ALL Flags Construction INC","https://allflags.com/","commercial GC","https://allflags.com/contact-us/","form","{""city"": ""West Palm Beach"", ""location"": ""West Palm Beach, Florida"", ""segment"": ""commercial GC"", ""state"": ""FL""}","new","","","","route from routes-enrichment.csv (2026-09-03), verified at https://allflags.com/contact-us/; address the owner; phase-3 confidence: verified; source: https://www2.myfloridalicense.com/sto/file_download/extracts//CONSTRUCTIONLICENSE_1.csv"
"almo-construction-inc-41c5c8","certly","Almo Construction INC","https://almobuilder.com/","commercial GC","https://almobuilder.com/contact/","form","{""city"": ""SAN Carlos"", ""location"": ""SAN Carlos, California"", ""segment"": ""commercial GC"", ""size_signal_raw"": ""Workers' comp policy on file with State Compensation Insurance Fund (CSLB record), i.e. carries W-2 field staff"", ""state"": ""CA""}","new","","","","route from routes-enrichment.csv (2026-09-03), verified at https://almobuilder.com/contact/; address the owner; phase-3 confidence: verified; source: https://www2.cslb.ca.gov/onlineservices/dataportal/ListByCounty"
"alpha-real-estate-group-dbcedf","certly","Alpha Real Estate Group","https://www.alpharealestategrp.com/","residential property management","https://www.alpharealestategrp.com/contact-us/","form","{""city"": ""Saint Charles"", ""location"": ""Saint Charles, Missouri"", ""segment"": ""residential property management"", ""source_list"": ""the Expertise.com property management listings"", ""state"": ""MO""}","new","","","","address the owner / broker-owner; phase-3 confidence: verified; source: https://www.expertise.com/business/property-management/missouri/st-louis"
"alps-property-management-alps-group-nati-6fcc8e","certly","ALPS Property Management (ALPS Group - Nationwide)","https://www.alpsproperty.fr/","commercial property management","https://www.alpsproperty.fr/fr/nous-contacter","form","{""city"": ""Chicago"", ""location"": ""Chicago, Illinois"", ""segment"": ""commercial property management"", ""state"": ""IL""}","new","","","","route from routes-enrichment.csv (2026-09-03), verified at https://www.alpsproperty.fr/fr/nous-contacter; address the property management director; phase-3 confidence: secondary; source: https://www.bbb.org/search?find_country=USA&find_loc=Chicago%2C%20IL&find_text=Commercial%20Property%20Management&page=1"
"alvian-custom-homes-llc-62a8bc","certly","Alvian Custom Homes, LLC","https://alvianhomes.com/","residential / multifamily builder","https://alvianhomes.com/contact-us","form","{""city"": ""Cape Coral"", ""location"": ""Cape Coral, Florida"", ""segment"": ""residential / multifamily builder"", ""state"": ""FL""}","new","","","","route from routes-enrichment.csv (2026-09-03), verified at https://alvianhomes.com/contact-us; address the owner; phase-3 confidence: verified; source: https://www2.myfloridalicense.com/sto/file_download/extracts//CONSTRUCTIONLICENSE_1.csv"
"amarant-design-build-25a4f6","certly","Amarant Design & Build","https://amarantdesign.com/","design-build GC","https://amarantdesign.com/contact/","form","{""city"": ""Dublin"", ""location"": ""Dublin, California"", ""segment"": ""design-build GC"", ""size_signal_raw"": ""Workers' comp policy on file with National Casualty Company (CSLB record), i.e. carries W-2 field staff"", ""state"": ""CA""}","new","","","","route from routes-enrichment.csv (2026-09-03), verified at https://amarantdesign.com/contact/; address the owner; phase-3 confidence: verified; source: https://www2.cslb.ca.gov/onlineservices/dataportal/ListByCounty"
"american-mobile-home-communities-c0010b","certly","American Mobile Home Communities","https://www.americanmobilehomecommunities.com/","manufactured housing community operator","https://www.americanmobilehomecommunities.com/contact-us/","form","{""segment"": ""manufactured housing community operator"", ""size_signal_raw"": ""2,100 manufactured-home lots owned""}","new","","","","route from routes-enrichment.csv (2026-09-03), verified at https://www.americanmobilehomecommunities.com/contact-us/; address the director of operations; phase-3 confidence: secondary; source: https://www.mobilehomeuniversity.com/mhu-top-100-community-owners.php"
"american-property-management-leasing-d20a25","certly","American Property Management & Leasing","https://www.keytotulsa.com/","residential property management","https://www.keytotulsa.com/gifts","form","{""city"": ""Tulsa"", ""location"": ""Tulsa, Oklahoma"", ""segment"": ""residential property management"", ""source_list"": ""the Expertise.com property management listings"", ""state"": ""OK""}","new","","","","address the owner / broker-owner; phase-3 confidence: verified; source: https://www.expertise.com/business/property-management/oklahoma/tulsa"
"american-river-construction-inc-eb75e8","certly","American River Construction INC","https://www.americanriverconstruction.com/","commercial GC","https://www.americanriverconstruction.com/about","form","{""city"": ""Folsom"", ""location"": ""Folsom, California"", ""segment"": ""commercial GC"", ""size_signal_raw"": ""Workers' comp policy on file with Everest Premier Insurance Company (CSLB record), i.e. carries W-2 field staff"", ""state"": ""CA""}","new","","","","route from routes-enrichment.csv (2026-09-03), verified at https://www.americanriverconstruction.com/about; address the owner; phase-3 confidence: verified; source: https://www2.cslb.ca.gov/onlineservices/dataportal/ListByCounty"
"americana-property-management-real-estat-1db4ae","certly","Americana Property Management & Real Estate LLC","https://americanaproperty.com/","residential property management","https://americanaproperty.com/","form","{""city"": ""Las Vegas"", ""location"": ""Las Vegas, Nevada"", ""segment"": ""residential property management"", ""source_list"": ""the Expertise.com property management listings"", ""state"": ""NV""}","new","","","","address the owner / broker-owner; phase-3 confidence: verified; source: https://www.expertise.com/business/property-management/nevada/las-vegas"
"americo-construction-12f7d2","certly","Americo Construction","https://www.americo-construction.com/","building contractor","https://www.americo-construction.com/contact-americo-construction/","form","{""city"": ""Tampa"", ""location"": ""Tampa, Florida"", ""segment"": ""building contractor"", ""state"": ""FL""}","new","","","","route from routes-enrichment.csv (2026-09-03), verified at https://www.americo-construction.com/contact-americo-construction/; address the owner; phase-3 confidence: verified; source: https://www2.myfloridalicense.com/sto/file_download/extracts//CONSTRUCTIONLICENSE_1.csv"
"ami-advanced-management-llc-7fe47a","certly","AMI- Advanced Management, LLC","https://amihoa.com","HOA / community association management","https://amihoa.com","form","{""city"": ""Denver"", ""location"": ""Denver, Colorado"", ""segment"": ""HOA / community association management"", ""state"": ""CO""}","new","","","","address the director of community management; phase-3 confidence: secondary; source: https://www.hoamanagement.com/association-management-company/ami-advanced-management-llc-2/"
"andres-construction-0c7152","certly","ANDRES Construction","https://www.andresconstruction.com","commercial GC","https://www.andresconstruction.com/contact.html","form","{""city"": ""Houston"", ""location"": ""Houston, Texas"", ""segment"": ""commercial GC"", ""source_list"": ""your AGC chapter's public contractor directory"", ""state"": ""TX""}","new","","","","address the contract administrator; phase-3 confidence: verified; source: https://members.agchouston.org/directory/Search/general-contractors-386559"
"andrew-roby-inc-393b48","certly","Andrew Roby, Inc.","https://www.andrewroby.com/","commercial GC","https://www.andrewroby.com/contact-us.html","form","{""city"": ""Charlotte"", ""location"": ""Charlotte, North Carolina"", ""segment"": ""commercial GC"", ""state"": ""NC""}","new","","","","route from routes-enrichment.csv (2026-09-03), verified at https://www.andrewroby.com/contact-us.html; address the owner; phase-3 confidence: verified; source: https://portal.nclbgc.org/Public/Search"
"anslow-bryant-construction-ltd-01d03c","certly","Anslow Bryant Construction, Ltd.","https://www.anslowbryant.com","commercial GC","https://www.anslowbryant.com/contact-us/","form","{""city"": ""Houston"", ""location"": ""Houston, Texas"", ""segment"": ""commercial GC"", ""source_list"": ""your AGC chapter's public contractor directory"", ""state"": ""TX""}","new","","","","address the contract administrator; phase-3 confidence: verified; source: https://members.agchouston.org/directory/Search/general-contractors-386559"
"antonell-construction-services-57e9ab","certly","Antonell Construction Services","https://antonellconstruction.com/","commercial GC","http://antonellconstruction.com/contact-us/","form","{""city"": ""Tampa"", ""location"": ""Tampa, Florida"", ""segment"": ""commercial GC"", ""state"": ""FL""}","new","","","","route from routes-enrichment.csv (2026-09-03), verified at http://antonellconstruction.com/contact-us/; address the owner; phase-3 confidence: verified; source: https://www2.myfloridalicense.com/sto/file_download/extracts//CONSTRUCTIONLICENSE_1.csv"
"april-thomas-and-associates-inc-152f93","certly","April Thomas and Associates, Inc.","https://aprilthomasandassociates.com/","HOA / community association management","https://aprilthomasandassociates.com/","form","{""city"": ""San Diego"", ""location"": ""San Diego, California"", ""segment"": ""HOA / community association management"", ""state"": ""CA""}","new","","","","address the director of community management; phase-3 confidence: secondary; source: https://cai-sd.org/management-company-directory/"
"arch-con-corporation-fe52f9","certly","Arch-Con Corporation","https://www.arch-con.com","commercial GC","https://www.arch-con.com/contact-us/","form","{""city"": ""Houston"", ""location"": ""Houston, Texas"", ""segment"": ""commercial GC"", ""source_list"": ""your AGC chapter's public contractor directory"", ""state"": ""TX""}","new","","","","address the contract administrator; phase-3 confidence: verified; source: https://members.agchouston.org/directory/Search/general-contractors-386559"
"argus-properties-inc-874248","certly","Argus Properties, Inc.","https://www.mrstorages.com/info/management-services","self-storage operator","https://www.mrstorages.com/info/management-services","form","{""location"": ""Pennsylvania"", ""segment"": ""self-storage operator"", ""state"": ""PA""}","new","","","","address the director of operations; phase-3 confidence: secondary; source: https://www.sitelink.com/marketplace/management-companies/argus-properties"
"arizona-homes-rentals-and-sales-12b0ae","certly","Arizona Homes Rentals and Sales","https://tucsonhomesearch.com/","residential property management","https://www.tucsonhomesearch.com/contact","form","{""city"": ""Tucson"", ""location"": ""Tucson, Arizona"", ""segment"": ""residential property management"", ""source_list"": ""the Expertise.com property management listings"", ""state"": ""AZ""}","new","","","","address the owner / broker-owner; phase-3 confidence: verified; source: https://www.expertise.com/business/property-management/arizona/tucson"
"arp-action-real-properties-llc-bc8410","certly","ARP Action Real Properties, LLC","https://arprentals.com/","residential property management","https://arprentals.com/contact/","form","{""city"": ""El Paso"", ""location"": ""El Paso, Texas"", ""segment"": ""residential property management"", ""source_list"": ""the Expertise.com property management listings"", ""state"": ""TX""}","new","","","","address the owner / broker-owner; phase-3 confidence: verified; source: https://www.expertise.com/business/property-management/texas/el-paso"
"art-harding-construction-inc-bbc8d1","certly","ART Harding Construction INC","https://www.arthardingconstruction.com/","commercial GC","https://www.arthardingconstruction.com/contact","form","{""city"": ""Winter Garden"", ""location"": ""Winter Garden, Florida"", ""segment"": ""commercial GC"", ""state"": ""FL""}","new","","","","route from routes-enrichment.csv (2026-09-03), verified at https://www.arthardingconstruction.com/contact; address the owner; phase-3 confidence: verified; source: https://www2.myfloridalicense.com/sto/file_download/extracts//CONSTRUCTIONLICENSE_1.csv"
"arz-builders-inc-722bc4","certly","ARZ Builders INC","https://arzbuilders.com/","building contractor","https://arzbuilders.com/contact-us/","form","{""city"": ""Boca Raton"", ""location"": ""Boca Raton, Florida"", ""segment"": ""building contractor"", ""state"": ""FL""}","new","","","","route from routes-enrichment.csv (2026-09-03), verified at https://arzbuilders.com/contact-us/; address the owner; phase-3 confidence: verified; source: https://www2.myfloridalicense.com/sto/file_download/extracts//CONSTRUCTIONLICENSE_1.csv"
"associa-minnesota-e16db0","certly","Associa Minnesota","https://www.associaminnesota.com/","HOA / community association management","https://www.associaminnesota.com/","form","{""city"": ""Brooklyn Park"", ""location"": ""Brooklyn Park, Minnesota"", ""segment"": ""HOA / community association management"", ""state"": ""MN""}","new","","","","address the director of community management; phase-3 confidence: secondary; source: https://www.hoamanagement.com/association-management-company/associa-minnesota/"
"associa-northern-california-70242f","certly","Associa Northern California","https://www.associanortherncalifornia.com/","HOA / community association management","https://www.associanortherncalifornia.com/","form","{""city"": ""Pleasanton"", ""location"": ""Pleasanton, California"", ""segment"": ""HOA / community association management"", ""state"": ""CA""}","new","","","","address the director of community management; phase-3 confidence: secondary; source: https://www.hoamanagement.com/association-management-company/associa-northern-california/"
"associa-real-property-management-321592","certly","Associa Real Property Management","https://www.rpmanagement.com/","HOA / community association management","https://www.rpmanagement.com/","form","{""city"": ""Dublin"", ""location"": ""Dublin, Ohio"", ""segment"": ""HOA / community association management"", ""state"": ""OH""}","new","","","","address the director of community management; phase-3 confidence: secondary; source: https://www.hoamanagement.com/association-management-company/associa-real-property-management/"
"associated-professional-services-c5ae0a","certly","Associated Professional Services","https://www.apsmanagement.com/","HOA / community association management","https://www.apsmanagement.com/","form","{""city"": ""San Diego"", ""location"": ""San Diego, California"", ""segment"": ""HOA / community association management"", ""state"": ""CA""}","new","","","","address the director of community management; phase-3 confidence: secondary; source: https://www.hoamanagement.com/association-management-company/associated-professional-services/"
"association-accounting-solutions-inc-d8db0f","certly","Association Accounting Solutions, Inc.","http://www.assoc-accounting.com/","HOA / community association management","http://www.assoc-accounting.com/","form","{""city"": ""Palm Harbor"", ""location"": ""Palm Harbor, Florida"", ""segment"": ""HOA / community association management"", ""state"": ""FL""}","new","","","","address the director of community management; phase-3 confidence: secondary; source: https://www.hoamanagement.com/association-management-company/association-accounting-solutions-inc/"
"association-management-group-81dbea","certly","Association Management Group","https://www.sdamg.net/","HOA / community association management","https://www.sdamg.net/","form","{""city"": ""San Diego"", ""location"": ""San Diego, California"", ""segment"": ""HOA / community association management"", ""state"": ""CA""}","new","","","","address the director of community management; phase-3 confidence: secondary; source: https://cai-sd.org/management-company-directory/"
"at-home-hawaii-19850b","certly","At Home Hawaii","https://www.justlistedinhawaii.com/","residential property management","https://www.justlistedinhawaii.com/","form","{""city"": ""Honolulu"", ""location"": ""Honolulu, Hawaii"", ""segment"": ""residential property management"", ""source_list"": ""the Expertise.com property management listings"", ""state"": ""HI""}","new","","","","address the owner / broker-owner; phase-3 confidence: verified; source: https://www.expertise.com/business/property-management/hawaii/honolulu"
"atari-property-management-6a7432","certly","Atari Property Management","https://www.ataripropertymanagement.com/","commercial property management","https://www.ataripropertymanagement.com/#contact","form","{""city"": ""Milwaukee"", ""location"": ""Milwaukee, Wisconsin"", ""segment"": ""commercial property management"", ""state"": ""WI""}","new","","","","route from routes-enrichment.csv (2026-09-03), verified at https://www.ataripropertymanagement.com/#contact; address the property management director; phase-3 confidence: secondary; source: https://www.bbb.org/search?find_country=USA&find_loc=Milwaukee%2C%20WI&find_text=Commercial%20Property%20Management&page=1"
"atlanta-area-property-management-dab92f","certly","Atlanta Area Property Management","https://www.atlantaareapropertymanagement.com/","residential property management","https://www.atlantaareapropertymanagement.com/contact","form","{""city"": ""Marietta"", ""location"": ""Marietta, Georgia"", ""segment"": ""residential property management"", ""source_list"": ""the Expertise.com property management listings"", ""state"": ""GA""}","new","","","","address the owner / broker-owner; phase-3 confidence: verified; source: https://www.expertise.com/business/property-management/georgia/atlanta"
"atlanta-community-services-989ad4","certly","Atlanta Community Services","https://www.atlantacommunityservices.com/","HOA / community association management","https://www.atlantacommunityservices.com/","form","{""city"": ""Buford"", ""location"": ""Buford, Georgia"", ""segment"": ""HOA / community association management"", ""state"": ""GA""}","new","","","","address the director of community management; phase-3 confidence: secondary; source: https://www.hoamanagement.com/association-management-company/atlanta-community-services/"
"atlantic-and-pacific-management-c3388a","certly","Atlantic and Pacific Management","https://aphoamgmt.com/","HOA / community association management","https://aphoamgmt.com/","form","{""city"": ""San Diego"", ""location"": ""San Diego, California"", ""segment"": ""HOA / community association management"", ""state"": ""CA""}","new","","","","address the director of community management; phase-3 confidence: secondary; source: https://cai-sd.org/management-company-directory/"
"atlantic-real-estate-management-bc350b","certly","Atlantic Real Estate Management","https://atlantic-rem.com/","residential property management","https://atlantic-rem.com/contact-us","form","{""city"": ""Raleigh"", ""location"": ""Raleigh, North Carolina"", ""segment"": ""residential property management"", ""source_list"": ""the Expertise.com property management listings"", ""state"": ""NC""}","new","","","","address the owner / broker-owner; phase-3 confidence: verified; source: https://www.expertise.com/business/property-management/north-carolina/raleigh"
"atlantic-sotheby-s-international-realty--dc6714","certly","Atlantic Sotheby's International Realty | Property Management Division","https://www.asirpm.com/","residential property management","https://www.asirpm.com/contact","form","{""city"": ""Virginia Beach"", ""location"": ""Virginia Beach, Virginia"", ""segment"": ""residential property management"", ""source_list"": ""the Expertise.com property management listings"", ""state"": ""VA""}","new","","","","address the owner / broker-owner; phase-3 confidence: verified; source: https://www.expertise.com/business/property-management/virginia/virginia-beach"
"atomic-storage-group-llc-f4bf26","certly","Atomic Storage Group LLC","https://atomicstoragegroup.com/","self-storage operator","https://atomicstoragegroup.com/","form","{""location"": ""Louisiana"", ""segment"": ""self-storage operator"", ""state"": ""LA""}","new","","","","address the director of operations; phase-3 confidence: secondary; source: https://www.sitelink.com/marketplace/management-companies/atomic-storage-group"
"austin-commercial-lp-52c94b","certly","Austin Commercial LP","https://www.austin-ind.com","commercial GC","https://www.austin-ind.com/our-company/contact-us","form","{""city"": ""Houston"", ""location"": ""Houston, Texas"", ""segment"": ""commercial GC"", ""source_list"": ""your AGC chapter's public contractor directory"", ""state"": ""TX""}","new","","","","address the contract administrator; phase-3 confidence: verified; source: https://members.agchouston.org/directory/Search/general-contractors-386559"
"austin-luxury-realty-d232e7","certly","Austin Luxury Realty","https://austinluxuryrealty.com/","residential property management","https://austinluxuryrealty.com/","form","{""city"": ""Austin"", ""location"": ""Austin, Texas"", ""segment"": ""residential property management"", ""source_list"": ""the Expertise.com property management listings"", ""state"": ""TX""}","new","","","","address the owner / broker-owner; phase-3 confidence: verified; source: https://www.expertise.com/business/property-management/texas/austin"
"avalon-management-group-inc-8ed1a2","certly","Avalon Management Group, Inc.","https://avalonweb.com","HOA / community association management","https://avalonweb.com","form","{""city"": ""San Diego"", ""location"": ""San Diego, California"", ""segment"": ""HOA / community association management"", ""state"": ""CA""}","new","","","","address the director of community management; phase-3 confidence: secondary; source: https://cai-sd.org/management-company-directory/"
"avalon-properties-inc-dfba28","certly","Avalon Properties Inc.","https://homesbyavalon.com/","residential property management","https://homesbyavalon.com/","form","{""city"": ""Colorado Springs"", ""location"": ""Colorado Springs, Colorado"", ""segment"": ""residential property management"", ""source_list"": ""the Expertise.com property management listings"", ""state"": ""CO""}","new","","","","address the owner / broker-owner; phase-3 confidence: verified; source: https://www.expertise.com/business/property-management/colorado/colorado-springs"
"avalon-realty-and-oaktree-management-d85959","certly","Avalon Realty and Oaktree Management","https://www.lasvegas-propertymanagement.com/","residential property management","https://www.lasvegas-propertymanagement.com/contact","form","{""city"": ""Las Vegas"", ""location"": ""Las Vegas, Nevada"", ""segment"": ""residential property management"", ""source_list"": ""the Expertise.com property management listings"", ""state"": ""NV""}","new","","","","address the owner / broker-owner; phase-3 confidence: verified; source: https://www.expertise.com/business/property-management/nevada/las-vegas"
"awaye-realty-management-llc-a1d4d2","certly","Awaye Realty Management, LLC","https://awayemanagement.com/","residential property management","https://newwaymanagement.com/calendar","form","{""city"": ""Brooklyn"", ""location"": ""Brooklyn, New York"", ""segment"": ""residential property management"", ""source_list"": ""the Expertise.com property management listings"", ""state"": ""NY""}","new","","","","address the owner / broker-owner; phase-3 confidence: verified; source: https://www.expertise.com/business/property-management/new-jersey/jersey-city"
"azari-property-management-4551c2","certly","Azari Property Management","https://azaripm.com/locations/northern-california/","residential property management","https://azaripm.com/contact-azari-property-management/","form","{""city"": ""San Francisco"", ""location"": ""San Francisco, California"", ""segment"": ""residential property management"", ""source_list"": ""the Expertise.com property management listings"", ""state"": ""CA""}","new","","","","address the owner / broker-owner; phase-3 confidence: verified; source: https://www.expertise.com/business/property-management/california/san-francisco"
"b-h-s-construction-inc-209359","certly","B H S Construction INC","https://bhsconstruction.net/","commercial GC","https://bhsconstruction.net/contact-us/","form","{""city"": ""Oceanside"", ""location"": ""Oceanside, California"", ""segment"": ""commercial GC"", ""size_signal_raw"": ""Workers' comp policy on file with Endurance Assurance Corporation (CSLB record), i.e. carries W-2 field staff"", ""state"": ""CA""}","new","","","","route from routes-enrichment.csv (2026-09-03), verified at https://bhsconstruction.net/contact-us/; address the owner; phase-3 confidence: verified; source: https://www2.cslb.ca.gov/onlineservices/dataportal/ListByCounty"
"backyard-realty-group-7ef53f","certly","Backyard Realty Group","https://www.backyardrealty.com/","residential property management","https://www.backyardrealty.com/contact","form","{""city"": ""Woodstock"", ""location"": ""Woodstock, Georgia"", ""segment"": ""residential property management"", ""source_list"": ""the Expertise.com property management listings"", ""state"": ""GA""}","new","","","","address the owner / broker-owner; phase-3 confidence: verified; source: https://www.expertise.com/business/property-management/georgia/atlanta"
"barrymor-enterprises-of-nj-3fc1f6","certly","Barrymor Enterprises of NJ","https://barrymor.com/","self-storage operator","https://barrymor.com/","form","{""location"": ""New Jersey"", ""segment"": ""self-storage operator"", ""state"": ""NJ""}","new","","","","address the director of operations; phase-3 confidence: secondary; source: https://www.sitelink.com/marketplace/management-companies/barrymor-enterprises"
"bay-property-management-group-fdd19b","certly","Bay Property Management Group","https://www.baymgmtgroup.com/property-management-in-baltimore/","residential property management","https://www.baymgmtgroup.com/contact/","form","{""city"": ""Baltimore"", ""location"": ""Baltimore, Maryland"", ""portfolio"": {""approx"": false, ""count"": 8000, ""noun"": ""units""}, ""segment"": ""residential property management"", ""size_signal_raw"": ""8,000 units managed"", ""source_list"": ""the Expertise.com property management listings"", ""state"": ""MD""}","new","","","","address the owner / broker-owner; phase-3 confidence: verified; source: https://www.expertise.com/business/property-management/maryland/baltimore"
"bay-property-management-group-philadelph-4d1db9","certly","Bay Property Management Group Philadelphia","https://www.baymgmtgroup.com/philadelphia/","residential property management","https://www.baymgmtgroup.com/contact/","form","{""city"": ""Philadelphia"", ""location"": ""Philadelphia, Pennsylvania"", ""portfolio"": {""approx"": false, ""count"": 8000, ""noun"": ""units""}, ""segment"": ""residential property management"", ""size_signal_raw"": ""8,000 units managed"", ""source_list"": ""the Expertise.com property management listings"", ""state"": ""PA""}","new","","","","address the owner / broker-owner; phase-3 confidence: verified; source: https://www.expertise.com/business/property-management/pennsylvania/philadelphia"
"bay-property-management-group-richmond-ccfb30","certly","Bay Property Management Group Richmond","https://www.baymgmtgroup.com/property-management-company-in-richmond/","residential property management","https://www.baymgmtgroup.com/contact/","form","{""city"": ""Richmond"", ""location"": ""Richmond, Virginia"", ""portfolio"": {""approx"": false, ""count"": 8000, ""noun"": ""units""}, ""segment"": ""residential property management"", ""size_signal_raw"": ""8,000 units managed"", ""source_list"": ""the Expertise.com property management listings"", ""state"": ""VA""}","new","","","","address the owner / broker-owner; phase-3 confidence: verified; source: https://www.expertise.com/business/property-management/virginia/richmond"
"bay-property-management-group-washington-84e00d","certly","Bay Property Management Group Washington, DC","https://www.baymgmtgroup.com/property-management-companies-washington-dc/","residential property management","https://www.baymgmtgroup.com/contact/","form","{""city"": ""Washington"", ""location"": ""Washington, Washington, D.C."", ""portfolio"": {""approx"": false, ""count"": 8000, ""noun"": ""units""}, ""segment"": ""residential property management"", ""size_signal_raw"": ""8,000 units managed"", ""source_list"": ""the Expertise.com property management listings"", ""state"": ""DC""}","new","","","","address the owner / broker-owner; phase-3 confidence: verified; source: https://www.expertise.com/business/property-management/district-of-columbia/washington"
"bayview-property-management-da92c1","certly","Bayview Property Management","https://www.bayviewpropmgmt.com/","HOA / community association management","https://www.bayviewpropmgmt.com/","form","{""city"": ""San Diego"", ""location"": ""San Diego, California"", ""segment"": ""HOA / community association management"", ""state"": ""CA""}","new","","","","address the director of community management; phase-3 confidence: secondary; source: https://cai-sd.org/management-company-directory/"
"baywood-building-design-inc-073e9e","certly","Baywood Building & Design INC","https://www.baywoodbuilding.com/","commercial GC","https://www.baywoodbuilding.com/contact","form","{""city"": ""Emeryville"", ""location"": ""Emeryville, California"", ""segment"": ""commercial GC"", ""size_signal_raw"": ""Workers' comp policy on file with Redwood Fire And Casualty Insurance Co (CSLB record), i.e. carries W-2 field staff"", ""state"": ""CA""}","new","","","","route from routes-enrichment.csv (2026-09-03), verified at https://www.baywoodbuilding.com/contact; address the owner; phase-3 confidence: verified; source: https://www2.cslb.ca.gov/onlineservices/dataportal/ListByCounty"
"baze-built-homes-inc-373fc4","certly","Baze - Built Homes INC","https://bazebuilthomes.com/","residential / multifamily builder","https://bazebuilthomes.com/contact/","form","{""city"": ""Apple Valley"", ""location"": ""Apple Valley, California"", ""segment"": ""residential / multifamily builder"", ""size_signal_raw"": ""Workers' comp policy on file with State Compensation Insurance Fund (CSLB record), i.e. carries W-2 field staff"", ""state"": ""CA""}","new","","","","route from routes-enrichment.csv (2026-09-03), verified at https://bazebuilthomes.com/contact/; address the owner; phase-3 confidence: verified; source: https://www2.cslb.ca.gov/onlineservices/dataportal/ListByCounty"
"beacon-bay-construction-corp-0bab02","certly","Beacon BAY Construction Corp","https://beaconbayconstruction.com/","commercial GC","https://beaconbayconstruction.com/?page_id=68","form","{""city"": ""Winter Park"", ""location"": ""Winter Park, Florida"", ""segment"": ""commercial GC"", ""state"": ""FL""}","new","","","","route from routes-enrichment.csv (2026-09-03), verified at https://beaconbayconstruction.com/?page_id=68; address the owner; phase-3 confidence: verified; source: https://www2.myfloridalicense.com/sto/file_download/extracts//CONSTRUCTIONLICENSE_1.csv"
"beck-and-company-4431b1","certly","Beck and Company","https://www.beckandco.com/","HOA / community association management","https://www.beckandco.com/","form","{""city"": ""Austin"", ""location"": ""Austin, Texas"", ""segment"": ""HOA / community association management"", ""state"": ""TX""}","new","","","","address the director of community management; phase-3 confidence: secondary; source: https://www.hoamanagement.com/association-management-company/beck-and-company/"
"belmont-management-group-llc-eb974b","certly","Belmont Management Group, LLC","https://www.belmontmanagementgroup.com/","commercial property management","https://www.belmontmanagementgroup.com/contact","form","{""city"": ""Winter Park"", ""location"": ""Winter Park, Florida"", ""segment"": ""commercial property management"", ""state"": ""FL""}","new","","","","route from routes-enrichment.csv (2026-09-03), verified at https://www.belmontmanagementgroup.com/contact; address the property management director; phase-3 confidence: secondary; source: https://www.bbb.org/search?find_country=USA&find_loc=Orlando%2C%20FL&find_text=Commercial%20Property%20Management&page=1"
"berkshire-hathaway-homeservices-select-p-b3b323","certly","Berkshire Hathaway HomeServices Select Properties","https://bhhsselectstl.com/","residential property management","https://bhhsselectstl.com/contact","form","{""city"": ""Saint Louis"", ""location"": ""Saint Louis, Missouri"", ""segment"": ""residential property management"", ""source_list"": ""the Expertise.com property management listings"", ""state"": ""MO""}","new","","","","address the owner / broker-owner; phase-3 confidence: verified; source: https://www.expertise.com/business/property-management/missouri/st-louis"
"best-property-management-edebdd","certly","Best Property Management","https://bestproperty4u.com/","residential property management","https://www.bestproperty4u.com/contact-us/","form","{""city"": ""Livermore"", ""location"": ""Livermore, California"", ""portfolio"": {""approx"": true, ""count"": 600, ""noun"": ""homes""}, ""segment"": ""residential property management"", ""size_signal_raw"": ""600+ homes"", ""source_list"": ""the Expertise.com property management listings"", ""state"": ""CA""}","new","","","","address the owner / broker-owner; phase-3 confidence: verified; source: https://www.expertise.com/business/property-management/california/san-jose"
"bhom-student-living-127ba7","certly","BHOM Student Living","https://www.bhomstudentliving.com/","student housing operator","https://www.bhomstudentliving.com/contact/","form","{""segment"": ""student housing operator"", ""size_signal_raw"": ""ranked #13 on the Student Housing Business Top 25 Managers list (Nov/Dec 2025 issue)""}","new","","","","route from routes-enrichment.csv (2026-09-03), verified at https://www.bhomstudentliving.com/contact/; address the risk manager; phase-3 confidence: secondary; source: https://www.jturnerresearch.com/ora/online-reputation-rankings/student-housing-2025"
"big-block-construction-co-inc-f71330","certly","BIG Block Construction CO INC","https://bigblockconstruction.com/","commercial GC","https://bigblockconstruction.com/contact/","form","{""city"": ""Alta Loma"", ""location"": ""Alta Loma, California"", ""segment"": ""commercial GC"", ""size_signal_raw"": ""Workers' comp policy on file with Everest Premier Insurance Company (CSLB record), i.e. carries W-2 field staff"", ""state"": ""CA""}","new","","","","route from routes-enrichment.csv (2026-09-03), verified at https://bigblockconstruction.com/contact/; address the owner; phase-3 confidence: verified; source: https://www2.cslb.ca.gov/onlineservices/dataportal/ListByCounty"
"bijou-property-management-inc-23d902","certly","Bijou Property Management, Inc.","https://bijoupropertymanagement.com/","residential property management","https://bijoupropertymanagement.com/contact-us/","form","{""city"": ""Colorado Springs"", ""location"": ""Colorado Springs, Colorado"", ""segment"": ""residential property management"", ""source_list"": ""the Expertise.com property management listings"", ""state"": ""CO""}","new","","","","address the owner / broker-owner; phase-3 confidence: verified; source: https://www.expertise.com/business/property-management/colorado/colorado-springs"
"blackstone-community-management-9a6620","certly","Blackstone Community Management","http://www.blackstoneut.com/","HOA / community association management","http://www.blackstoneut.com/","form","{""city"": ""Springville"", ""location"": ""Springville, Utah"", ""segment"": ""HOA / community association management"", ""state"": ""UT""}","new","","","","address the director of community management; phase-3 confidence: secondary; source: https://www.hoamanagement.com/association-management-company/blackstone-community-management/"
"blackstone-management-76bb9c","certly","Blackstone Management","https://blackstoneam.com/products/association-management/","HOA / community association management","https://blackstoneam.com/products/association-management/","form","{""segment"": ""HOA / community association management""}","new","","","","address the director of community management; phase-3 confidence: secondary; source: https://www.hoamanagement.com/association-management-company/blackstone-management/"
"blazy-construction-a6b44c","certly","Blazy Construction","https://blazycon.com","commercial GC","https://blazycon.com/contact/","form","{""city"": ""Soldotna"", ""location"": ""Soldotna, Alaska"", ""segment"": ""commercial GC"", ""source_list"": ""your AGC chapter's public contractor directory"", ""state"": ""AK""}","new","","","","address the contract administrator; phase-3 confidence: verified; source: https://members.agcak.org/memberdirectory/Search/general-contractor-member-296133"
"block-associates-realty-891998","certly","Block & Associates Realty","https://www.blockrealty.com/","residential property management","https://www.blockrealty.com/utilities/","form","{""city"": ""Cary"", ""location"": ""Cary, North Carolina"", ""segment"": ""residential property management"", ""source_list"": ""the Expertise.com property management listings"", ""state"": ""NC""}","new","","","","address the owner / broker-owner; phase-3 confidence: verified; source: https://www.expertise.com/business/property-management/north-carolina/raleigh"
"blue-door-realty-c1b7e3","certly","Blue Door Realty","https://bluedoorhomes.net/","HOA / community association management","https://bluedoorhomes.net/","form","{""city"": ""Rio Rancho"", ""location"": ""Rio Rancho, New Mexico"", ""segment"": ""HOA / community association management"", ""state"": ""NM""}","new","","","","address the director of community management; phase-3 confidence: secondary; source: https://www.hoamanagement.com/association-management-company/blue-door-realty/"
"bluebow-realty-e79577","certly","Bluebow Realty","https://homesbychels.com/","residential property management","https://homesbychels.com/contact-form/","form","{""city"": ""Grand Rapids"", ""location"": ""Grand Rapids, Michigan"", ""segment"": ""residential property management"", ""source_list"": ""the Expertise.com property management listings"", ""state"": ""MI""}","new","","","","address the owner / broker-owner; phase-3 confidence: verified; source: https://www.expertise.com/business/property-management/michigan/grand-rapids"
"blueridge-management-group-508f28","certly","Blueridge Management Group","https://blueridge-management.com/","HOA / community association management","https://blueridge-management.com/","form","{""city"": ""Lake Wylie"", ""location"": ""Lake Wylie, South Carolina"", ""segment"": ""HOA / community association management"", ""state"": ""SC""}","new","","","","address the director of community management; phase-3 confidence: secondary; source: https://www.hoamanagement.com/association-management-company/blueridge-management-group/"
"bluesky-pm-llc-611572","certly","BLUESKY PM LLC","https://www.bluesky-pm.com/","HOA / community association management","https://www.bluesky-pm.com/contact","form","{""city"": ""Charlottesville"", ""location"": ""Charlottesville, Virginia"", ""segment"": ""HOA / community association management"", ""size_signal_raw"": ""31 community associations under management"", ""state"": ""VA""}","new","","","","route from routes-enrichment.csv (2026-09-03), verified at https://www.bluesky-pm.com/contact; address the director of community management; phase-3 confidence: secondary; source: https://www.communitypay.us/management-companies/state/virginia/"
"bordeaux-construction-company-inc-1a1cb0","certly","Bordeaux Construction Company, Inc.","https://bordeauxconstruction.com/","commercial GC","https://bordeauxconstruction.com/contact/","form","{""city"": ""Raleigh"", ""location"": ""Raleigh, North Carolina"", ""segment"": ""commercial GC"", ""state"": ""NC""}","new","","","","route from routes-enrichment.csv (2026-09-03), verified at https://bordeauxconstruction.com/contact/; address the owner; phase-3 confidence: verified; source: https://portal.nclbgc.org/Public/Search"
"bouten-construction-company-b210ca","certly","Bouten Construction Company","https://boutenconstruction.com/","commercial GC","https://boutenconstruction.com/contact/","form","{""city"": ""Spokane"", ""location"": ""Spokane, Washington"", ""segment"": ""commercial GC"", ""state"": ""WA""}","new","","","","route from routes-enrichment.csv (2026-09-03), verified at https://boutenconstruction.com/contact/; address the owner; phase-3 confidence: verified; source: https://data.wa.gov/resource/m8qx-ubtq.json?$where=contractorlicensestatus='ACTIVE'%20AND%20specialtycode1desc='GENERAL'%20AND%20state='WA'%20AND%20businesstypecodedesc%20in('Corporation','Limited%20Liability%20Company','Partnership')&$limit=30000"
"boydstun-construction-inc-224458","certly","Boydstun Construction INC","https://boydstunconstruction.com/","commercial GC","https://boydstunconstruction.com/contact/","form","{""city"": ""Martinez"", ""location"": ""Martinez, California"", ""segment"": ""commercial GC"", ""size_signal_raw"": ""Workers' comp policy on file with Everest Premier Insurance Company (CSLB record), i.e. carries W-2 field staff"", ""state"": ""CA""}","new","","","","route from routes-enrichment.csv (2026-09-03), verified at https://boydstunconstruction.com/contact/; address the owner; phase-3 confidence: verified; source: https://www2.cslb.ca.gov/onlineservices/dataportal/ListByCounty"
"braesael-management-company-15d99e","certly","Braesael Management Company","http://www.braesael.com/","HOA / community association management","http://www.braesael.com/","form","{""location"": ""North Carolina"", ""segment"": ""HOA / community association management"", ""state"": ""NC""}","new","","","","address the director of community management; phase-3 confidence: secondary; source: https://members.cai-nc.org/member-company-directory/Search/community-management-570565"
"brickleys-property-solutions-830472","certly","Brickleys Property Solutions","https://brickleysusa.com/","residential property management","https://brickleysusa.com/contact-us","form","{""city"": ""Albuquerque"", ""location"": ""Albuquerque, New Mexico"", ""segment"": ""residential property management"", ""source_list"": ""the Expertise.com property management listings"", ""state"": ""NM""}","new","","","","address the owner / broker-owner; phase-3 confidence: verified; source: https://www.expertise.com/business/property-management/new-mexico/albuquerque"
"bristol-construction-services-llc-a6307d","certly","Bristol Construction Services, LLC","https://www.bristol-companies.com","commercial GC","https://www.bristol-companies.com/contact/","form","{""city"": ""Anchorage"", ""location"": ""Anchorage, Alaska"", ""segment"": ""commercial GC"", ""source_list"": ""your AGC chapter's public contractor directory"", ""state"": ""AK""}","new","","","","address the contract administrator; phase-3 confidence: verified; source: https://members.agcak.org/memberdirectory/Search/general-contractor-member-296133"
"brock-realtors-a3f7db","certly","Brock Realtors","https://www.brockrealtors.com/","residential property management","https://www.brockrealtors.com/contact-us","form","{""city"": ""Fort Worth"", ""location"": ""Fort Worth, Texas"", ""segment"": ""residential property management"", ""source_list"": ""the Expertise.com property management listings"", ""state"": ""TX""}","new","","","","address the owner / broker-owner; phase-3 confidence: verified; source: https://www.expertise.com/business/property-management/texas/fort-worth"
"brookside-communities-b011f0","certly","Brookside Communities","https://www.brookside-communities.com/","manufactured housing community operator","https://www.brookside-communities.com/contact","form","{""segment"": ""manufactured housing community operator"", ""size_signal_raw"": ""3500 est. manufactured-home lots owned""}","new","","","","route from routes-enrichment.csv (2026-09-03), verified at https://www.brookside-communities.com/contact; address the director of operations; phase-3 confidence: secondary; source: https://www.mobilehomeuniversity.com/mhu-top-100-community-owners.php"
"bth-development-llc-5a7404","certly","BTH Development, LLC","https://www.bthdevelopment.com/","commercial GC","https://www.bthdevelopment.com/contact","form","{""city"": ""Belle Isle"", ""location"": ""Belle Isle, Florida"", ""segment"": ""commercial GC"", ""state"": ""FL""}","new","","","","route from routes-enrichment.csv (2026-09-03), verified at https://www.bthdevelopment.com/contact; address the owner; phase-3 confidence: verified; source: https://www2.myfloridalicense.com/sto/file_download/extracts//CONSTRUCTIONLICENSE_1.csv"
"burke-community-management-group-llc-ece51c","certly","BURKE COMMUNITY MANAGEMENT GROUP LLC","https://www.burkecommunity.com/","HOA / community association management","https://www.burkecommunity.com/contact/","form","{""city"": ""Manassas"", ""location"": ""Manassas, Virginia"", ""segment"": ""HOA / community association management"", ""size_signal_raw"": ""36 community associations under management"", ""state"": ""VA""}","new","","","","route from routes-enrichment.csv (2026-09-03), verified at https://www.burkecommunity.com/contact/; address the director of community management; phase-3 confidence: secondary; source: https://www.communitypay.us/management-companies/state/virginia/"
"c-k-m-property-management-inc-e232e5","certly","C.K.M. Property Management, Inc.","https://www.ckmpropertymanagement.com/","HOA / community association management","https://www.ckmpropertymanagement.com/contact-us","form","{""city"": ""Houston"", ""location"": ""Houston, Texas"", ""segment"": ""HOA / community association management"", ""state"": ""TX""}","new","","","","route from routes-enrichment.csv (2026-09-03), verified at https://www.ckmpropertymanagement.com/contact-us; address the director of community management; phase-3 confidence: secondary; source: https://caihouston.org/management_company.php"
"cambiar-real-estate-group-llc-0d097d","certly","Cambiar Real Estate Group LLC","https://www.cambiargroup.com/","residential property management","https://www.cambiargroup.com/contact","form","{""city"": ""Omaha"", ""location"": ""Omaha, Nebraska"", ""segment"": ""residential property management"", ""source_list"": ""the Expertise.com property management listings"", ""state"": ""NE""}","new","","","","address the owner / broker-owner; phase-3 confidence: verified; source: https://www.expertise.com/business/property-management/nebraska/omaha"
"candela-properties-llc-a0d6fd","certly","Candela Properties, LLC","https://www.candelaproperties.com/","residential property management","https://www.candelaproperties.com/contact/","form","{""city"": ""Colorado Springs"", ""location"": ""Colorado Springs, Colorado"", ""segment"": ""residential property management"", ""source_list"": ""the Expertise.com property management listings"", ""state"": ""CO""}","new","","","","address the owner / broker-owner; phase-3 confidence: verified; source: https://www.expertise.com/business/property-management/colorado/colorado-springs"
"canton-management-co-dc9a7c","certly","Canton Management Co.","https://www.cantonmanagement.com/","residential property management","https://www.cantonmanagement.com/contact-us","form","{""city"": ""Baltimore"", ""location"": ""Baltimore, Maryland"", ""segment"": ""residential property management"", ""source_list"": ""the Expertise.com property management listings"", ""state"": ""MD""}","new","","","","address the owner / broker-owner; phase-3 confidence: verified; source: https://www.expertise.com/business/property-management/maryland/baltimore"
"capstone-realty-professionals-39f0ac","certly","Capstone Realty Professionals","https://soldonphoenix.com/","residential property management","https://capstonerealtypros.com/contact-us/","form","{""city"": ""Phoenix"", ""location"": ""Phoenix, Arizona"", ""segment"": ""residential property management"", ""source_list"": ""the Expertise.com property management listings"", ""state"": ""AZ""}","new","","","","address the owner / broker-owner; phase-3 confidence: verified; source: https://www.expertise.com/business/property-management/arizona/phoenix"
"caretakers-of-america-inc-ebd686","certly","Caretakers of America, Inc.","https://www.caretakerspropertymanagement.com/","residential property management","https://www.caretakerspropertymanagement.com/contact","form","{""city"": ""Wichita"", ""location"": ""Wichita, Kansas"", ""segment"": ""residential property management"", ""source_list"": ""the Expertise.com property management listings"", ""state"": ""KS""}","new","","","","address the owner / broker-owner; phase-3 confidence: verified; source: https://www.expertise.com/business/property-management/kansas/wichita"
"carocon-corporation-62e1b4","certly","Carocon Corporation","https://www.carocon.com/","commercial GC","https://www.carocon.com/contact/","form","{""city"": ""Charlotte"", ""location"": ""Charlotte, North Carolina"", ""segment"": ""commercial GC"", ""state"": ""NC""}","new","","","","route from routes-enrichment.csv (2026-09-03), verified at https://www.carocon.com/contact/; address the owner; phase-3 confidence: verified; source: https://portal.nclbgc.org/Public/Search"
"castle-group-9c36dc","certly","Castle Group","https://castlegroup.com/","HOA / community association management","https://castlegroup.com/","form","{""city"": ""Plano"", ""location"": ""Plano, Texas"", ""segment"": ""HOA / community association management"", ""state"": ""TX""}","new","","","","address the director of community management; phase-3 confidence: secondary; source: https://www.hoamanagement.com/association-management-company/castle-group/"
"cedar-management-group-f1e52a","certly","Cedar Management Group","https://www.cedarmanagementgroup.com/","HOA / community association management","https://www.cedarmanagementgroup.com/","form","{""city"": ""Charlotte"", ""location"": ""Charlotte, North Carolina"", ""segment"": ""HOA / community association management"", ""state"": ""NC""}","new","","","","address the director of community management; phase-3 confidence: secondary; source: https://www.hoamanagement.com/association-management-company/cedar-management-group/"
"cedar-management-group-llc-d44132","certly","Cedar Management Group, LLC","http://www.cedarmanagementgroup.com/","HOA / community association management","http://www.cedarmanagementgroup.com/","form","{""location"": ""North Carolina"", ""segment"": ""HOA / community association management"", ""state"": ""NC""}","new","","","","address the director of community management; phase-3 confidence: secondary; source: https://members.cai-nc.org/member-company-directory/Search/community-management-570565"
"cedartree-management-company-c339b3","certly","Cedartree Management Company","https://www.selfstorageoni5.com/","self-storage operator","https://www.selfstorageoni5.com/","form","{""location"": ""Washington"", ""segment"": ""self-storage operator"", ""state"": ""WA""}","new","","","","address the director of operations; phase-3 confidence: secondary; source: https://www.sitelink.com/marketplace/management-companies/cedartree-management-company"
"central-self-storage-pegasus-group-1c28e9","certly","Central Self Storage/Pegasus Group","https://www.pegasusgroup.net/","self-storage operator","https://www.pegasusgroup.net/","form","{""location"": ""California"", ""segment"": ""self-storage operator"", ""state"": ""CA""}","new","","","","address the director of operations; phase-3 confidence: secondary; source: https://www.sitelink.com/marketplace/management-companies/central-self-storage-pegasus-group"
"century-21-semiao-associates-5832db","certly","Century 21 Semiao & Associates","https://www.century21semiao.com/","residential property management","https://www.century21venturerealestate.com/contact/","form","{""city"": ""Lyndhurst"", ""location"": ""Lyndhurst, New Jersey"", ""segment"": ""residential property management"", ""source_list"": ""the Expertise.com property management listings"", ""state"": ""NJ""}","new","","","","address the owner / broker-owner; phase-3 confidence: verified; source: https://www.expertise.com/business/property-management/new-jersey/jersey-city"
"chanticleer-properties-ca93eb","certly","Chanticleer Properties","https://www.cptriangle.com/","residential property management","https://www.cptriangle.com/connect","form","{""city"": ""Raleigh"", ""location"": ""Raleigh, North Carolina"", ""segment"": ""residential property management"", ""source_list"": ""the Expertise.com property management listings"", ""state"": ""NC""}","new","","","","address the owner / broker-owner; phase-3 confidence: verified; source: https://www.expertise.com/business/property-management/north-carolina/raleigh"
"charter-building-group-inc-6c70d9","certly","Charter Building Group, Inc.","https://www.charterbuildinggroup.com/","commercial GC","https://www.charterbuildinggroup.com/contact/","form","{""city"": ""Wilmington"", ""location"": ""Wilmington, North Carolina"", ""segment"": ""commercial GC"", ""state"": ""NC""}","new","","","","route from routes-enrichment.csv (2026-09-03), verified at https://www.charterbuildinggroup.com/contact/; address the owner; phase-3 confidence: verified; source: https://portal.nclbgc.org/Public/Search"
"chesapeake-bay-management-inc-bb562c","certly","CHESAPEAKE BAY MANAGEMENT INC","https://www.chesapeakebay.net/","HOA / community association management","https://www.chesapeakebay.net/who/contact","form","{""city"": ""Newport News"", ""location"": ""Newport News, Virginia"", ""segment"": ""HOA / community association management"", ""size_signal_raw"": ""54 community associations under management"", ""state"": ""VA""}","new","","","","route from routes-enrichment.csv (2026-09-03), verified at https://www.chesapeakebay.net/who/contact; address the director of community management; phase-3 confidence: secondary; source: https://www.communitypay.us/management-companies/state/virginia/"
"chesapeake-resources-inc-3244fb","certly","Chesapeake Resources, Inc.","https://www.selfstorageplus.com:443/management_services","self-storage operator","https://www.selfstorageplus.com:443/management_services","form","{""location"": ""Maryland"", ""segment"": ""self-storage operator"", ""state"": ""MD""}","new","","","","address the director of operations; phase-3 confidence: secondary; source: https://www.sitelink.com/marketplace/management-companies/chesapeake-resources"
"choice-management-solutions-inc-c04383","certly","Choice Management Solutions, Inc.","https://www.choicemanagementsolutions.com","HOA / community association management","https://www.choicemanagementsolutions.com","form","{""city"": ""San Diego"", ""location"": ""San Diego, California"", ""segment"": ""HOA / community association management"", ""state"": ""CA""}","new","","","","address the director of community management; phase-3 confidence: secondary; source: https://cai-sd.org/management-company-directory/"
"choice-property-management-services-llc-03f2ac","certly","Choice Property Management & Services, LLC","https://www.choiceproperty.us","HOA / community association management","https://www.choiceproperty.us","form","{""city"": ""Fairfax"", ""location"": ""Fairfax, Virginia"", ""segment"": ""HOA / community association management"", ""state"": ""VA""}","new","","","","address the director of community management; phase-3 confidence: secondary; source: https://www.hoamanagement.com/association-management-company/choice-property-management-services-llc/"
"cities-management-4fb8d5","certly","Cities Management","https://www.citiesmanagement.com/","HOA / community association management","https://www.citiesmanagement.com/","form","{""city"": ""Minneapolis"", ""location"": ""Minneapolis, Minnesota"", ""segment"": ""HOA / community association management"", ""state"": ""MN""}","new","","","","address the director of community management; phase-3 confidence: secondary; source: https://www.hoamanagement.com/association-management-company/cities-management-3/"
"citylife-property-management-267b79","certly","CityLife Property Management","https://www.citylifepghrentals.com/","residential property management","https://www.citylifepghrentals.com/management-services","form","{""city"": ""Pittsburgh"", ""location"": ""Pittsburgh, Pennsylvania"", ""segment"": ""residential property management"", ""source_list"": ""the Expertise.com property management listings"", ""state"": ""PA""}","new","","","","address the owner / broker-owner; phase-3 confidence: verified; source: https://www.expertise.com/business/property-management/pennsylvania/pittsburgh"
"cive-inc-4b711b","certly","CIVE, Inc.","https://cive.com","commercial GC","https://cive.com/contact/","form","{""city"": ""Houston"", ""location"": ""Houston, Texas"", ""segment"": ""commercial GC"", ""source_list"": ""your AGC chapter's public contractor directory"", ""state"": ""TX""}","new","","","","address the contract administrator; phase-3 confidence: verified; source: https://members.agchouston.org/directory/Search/general-contractors-386559"
"cjl-rentals-property-management-co-inc-db8806","certly","CJL Rentals & Property Management Co Inc.","https://cjlrentals.com/","residential property management","https://cjlrentals.com/contact-us","form","{""city"": ""Waltham"", ""location"": ""Waltham, Massachusetts"", ""segment"": ""residential property management"", ""source_list"": ""the Expertise.com property management listings"", ""state"": ""MA""}","new","","","","address the owner / broker-owner; phase-3 confidence: verified; source: https://www.expertise.com/business/property-management/massachusetts/boston"
"clarity-consulting-corporation-e91f90","certly","Clarity Consulting Corporation","https://clarityconsulting.com/","HOA / community association management","https://clarityconsulting.com/about-clarity-consulting/","form","{""city"": ""Houston"", ""location"": ""Houston, Texas"", ""segment"": ""HOA / community association management"", ""state"": ""TX""}","new","","","","route from routes-enrichment.csv (2026-09-03), verified at https://clarityconsulting.com/about-clarity-consulting/; address the director of community management; phase-3 confidence: secondary; source: https://caihouston.org/management_company.php"
"clovis-property-management-d41809","certly","Clovis Property Management","https://clovispm.com/","residential property management","https://clovispm.com/contact","form","{""city"": ""Clovis"", ""location"": ""Clovis, California"", ""segment"": ""residential property management"", ""source_list"": ""the Expertise.com property management listings"", ""state"": ""CA""}","new","","","","address the owner / broker-owner; phase-3 confidence: verified; source: https://www.expertise.com/business/property-management/california/fresno"
"coastal-ridge-real-estate-26cb7b","certly","Coastal Ridge Real Estate","https://www.coastalridge.com/","student housing operator","https://www.coastalridge.com/contact","form","{""segment"": ""student housing operator"", ""size_signal_raw"": ""ranked #16 on the Student Housing Business Top 25 Managers list (Nov/Dec 2025 issue)""}","new","","","","route from routes-enrichment.csv (2026-09-03), verified at https://www.coastalridge.com/contact; address the risk manager; phase-3 confidence: secondary; source: https://www.jturnerresearch.com/ora/online-reputation-rankings/student-housing-2025"
"cole-group-property-management-b7bab5","certly","Cole Group Property Management","https://www.colegrouppropertymanagement.com/","residential property management","https://www.colegrouppropertymanagement.com/contact-us","form","{""city"": ""Fort Worth"", ""location"": ""Fort Worth, Texas"", ""segment"": ""residential property management"", ""source_list"": ""the Expertise.com property management listings"", ""state"": ""TX""}","new","","","","address the owner / broker-owner; phase-3 confidence: verified; source: https://www.expertise.com/business/property-management/texas/dallas"
"colorado-realty-and-property-management--75dbeb","certly","Colorado Realty and Property Management Inc. - Colorado Springs","https://www.coloradorpm.com/colorado-springs-property-management/","residential property management","https://coloradorpmcoloradosprings.com/contact/","form","{""city"": ""Colorado Springs"", ""location"": ""Colorado Springs, Colorado"", ""segment"": ""residential property management"", ""source_list"": ""the Expertise.com property management listings"", ""state"": ""CO""}","new","","","","address the owner / broker-owner; phase-3 confidence: verified; source: https://www.expertise.com/business/property-management/colorado/colorado-springs"
"columbus-realty-source-b2f684","certly","Columbus Realty Source","https://www.columbusrealtysource.com/","residential property management","https://www.columbusrealtysource.com/contact-us","form","{""city"": ""Columbus"", ""location"": ""Columbus, Ohio"", ""segment"": ""residential property management"", ""source_list"": ""the Expertise.com property management listings"", ""state"": ""OH""}","new","","","","address the owner / broker-owner; phase-3 confidence: verified; source: https://www.expertise.com/business/property-management/ohio/columbus"
"columbus-realty-source-llc-387ef3","certly","Columbus Realty Source, LLC","https://www.columbusrealtysource.com/","commercial property management","https://www.columbusrealtysource.com/contact-us","form","{""city"": ""Columbus"", ""location"": ""Columbus, Ohio"", ""segment"": ""commercial property management"", ""state"": ""OH""}","new","","","","route from routes-enrichment.csv (2026-09-03), verified at https://www.columbusrealtysource.com/contact-us; address the property management director; phase-3 confidence: secondary; source: https://www.bbb.org/search?find_country=USA&find_loc=Columbus%2C%20OH&find_text=Commercial%20Property%20Management&page=1"
"community-association-management-limited-c2306b","certly","Community Association Management, Limited","http://www.communityassociationmanagement.com/","HOA / community association management","http://www.communityassociationmanagement.com/","form","{""location"": ""North Carolina"", ""segment"": ""HOA / community association management"", ""state"": ""NC""}","new","","","","address the director of community management; phase-3 confidence: secondary; source: https://members.cai-nc.org/member-company-directory/Search/community-management-570565"
"community-management-specialists-inc-7d0637","certly","Community Management Specialists Inc.","https://www.cms-hoa.com/","HOA / community association management","https://www.cms-hoa.com/","form","{""city"": ""Lakewood"", ""location"": ""Lakewood, Colorado"", ""segment"": ""HOA / community association management"", ""state"": ""CO""}","new","","","","address the director of community management; phase-3 confidence: secondary; source: https://www.hoamanagement.com/association-management-company/community-management-specialists-inc/"
"conwell-associates-inc-ce6e1b","certly","Conwell Associates Inc.","https://www.conwellassociates.com/","HOA / community association management","https://www.conwellassociates.com/contact.html","form","{""city"": ""Lake Stevens"", ""location"": ""Lake Stevens, Washington"", ""segment"": ""HOA / community association management"", ""size_signal_raw"": ""32 community associations under management"", ""state"": ""WA""}","new","","","","route from routes-enrichment.csv (2026-09-03), verified at https://www.conwellassociates.com/contact.html; address the director of community management; phase-3 confidence: secondary; source: https://www.communitypay.us/management-companies/state/washington/"
"copper-vine-property-management-4412b2","certly","Copper Vine Property Management","https://www.coppervinepropertymanagement.com/","residential property management","https://www.coppervinepropertymanagement.com/contact","form","{""city"": ""Westminster"", ""location"": ""Westminster, Colorado"", ""portfolio"": {""approx"": true, ""count"": 500, ""noun"": ""properties""}, ""segment"": ""residential property management"", ""size_signal_raw"": ""500+ properties managed"", ""source_list"": ""the Expertise.com property management listings"", ""state"": ""CO""}","new","","","","address the owner / broker-owner; phase-3 confidence: verified; source: https://www.expertise.com/business/property-management/colorado/denver"
"core-select-inc-df57e0","certly","Core Select, Inc","https://coreselect.com/","residential property management","https://coreselect.com/","form","{""city"": ""Columbus"", ""location"": ""Columbus, Ohio"", ""segment"": ""residential property management"", ""source_list"": ""the Expertise.com property management listings"", ""state"": ""OH""}","new","","","","address the owner / broker-owner; phase-3 confidence: verified; source: https://www.expertise.com/business/property-management/ohio/columbus"
"cornerstone-general-contractors-inc-d3b3dc","certly","Cornerstone General Contractors, Inc.","https://cornerstoneak.com","commercial GC","https://cornerstoneak.com/contact/","form","{""city"": ""Anchorage"", ""location"": ""Anchorage, Alaska"", ""segment"": ""commercial GC"", ""source_list"": ""your AGC chapter's public contractor directory"", ""state"": ""AK""}","new","","","","address the contract administrator; phase-3 confidence: verified; source: https://members.agcak.org/memberdirectory/Search/general-contractor-member-296133"
"corporate-creations-network-inc-2b6611","certly","Corporate Creations Network, Inc.","https://www.corporatecreations.com/","HOA / community association management","https://www.corporatecreations.com/contact-us","form","{""city"": ""Lakeland"", ""location"": ""Lakeland, Florida"", ""segment"": ""HOA / community association management"", ""size_signal_raw"": ""51 community associations under management"", ""state"": ""FL""}","new","","","","route from routes-enrichment.csv (2026-09-03), verified at https://www.corporatecreations.com/contact-us; address the director of community management; phase-3 confidence: secondary; source: https://www.communitypay.us/management-companies/state/florida/"
"corvus-management-consulting-inc-98493f","certly","Corvus Management & Consulting, Inc.","https://corvusmc.com/","HOA / community association management","https://corvusmc.com/","form","{""city"": ""San Diego"", ""location"": ""San Diego, California"", ""segment"": ""HOA / community association management"", ""state"": ""CA""}","new","","","","address the director of community management; phase-3 confidence: secondary; source: https://cai-sd.org/management-company-directory/"
"cosby-property-management-7d0563","certly","Cosby Property Management","https://delwyncosby.com/","residential property management","https://delwyncosby.com/","form","{""city"": ""Virginia Beach"", ""location"": ""Virginia Beach, Virginia"", ""segment"": ""residential property management"", ""source_list"": ""the Expertise.com property management listings"", ""state"": ""VA""}","new","","","","address the owner / broker-owner; phase-3 confidence: verified; source: https://www.expertise.com/business/property-management/virginia/virginia-beach"
"cottonwood-lodging-company-d38400","certly","Cottonwood Lodging Company","https://www.cottonwoodlodging.com/","residential property management","https://cottonwoodlodging.com/contact-cottonwood-lodging/","form","{""city"": ""Brighton"", ""location"": ""Brighton, Utah"", ""segment"": ""residential property management"", ""source_list"": ""the Expertise.com property management listings"", ""state"": ""UT""}","new","","","","address the owner / broker-owner; phase-3 confidence: verified; source: https://www.expertise.com/business/property-management/utah/salt-lake-city"
"cox-armored-mini-storage-management-inc-aa1c7f","certly","Cox Armored Mini Storage Management, Inc.","https://www.armored-mini-storage.com/info/property-management","self-storage operator","https://www.armored-mini-storage.com/info/property-management","form","{""location"": ""Arizona"", ""segment"": ""self-storage operator"", ""state"": ""AZ""}","new","","","","address the director of operations; phase-3 confidence: secondary; source: https://www.sitelink.com/marketplace/management-companies/cox-armored-mini-storage-management"
"crec-property-management-a02b4a","certly","CREC Property Management","https://www.crecpropertymanagement.com/","residential property management","https://www.crecpropertymanagement.com/contact","form","{""city"": ""Charleston"", ""location"": ""Charleston, South Carolina"", ""portfolio"": {""approx"": false, ""count"": 494, ""noun"": ""properties""}, ""segment"": ""residential property management"", ""size_signal_raw"": ""494 properties managed"", ""source_list"": ""the Expertise.com property management listings"", ""state"": ""SC""}","new","","","","address the owner / broker-owner; phase-3 confidence: verified; source: https://www.expertise.com/business/property-management/south-carolina/charleston"
"crosstar-realty-and-propety-management-4f16c8","certly","Crosstar Realty and Propety Management","http://www.crosstarrealty.com/","HOA / community association management","http://www.crosstarrealty.com/","form","{""city"": ""Cane Ridge"", ""location"": ""Cane Ridge, Tennessee"", ""segment"": ""HOA / community association management"", ""state"": ""TN""}","new","","","","address the director of community management; phase-3 confidence: secondary; source: https://www.hoamanagement.com/association-management-company/crosstar-realty-and-propety-management/"
"crowder-construction-company-8cd1e9","certly","Crowder Construction Company","https://crowderconstruction.com/","commercial GC","https://crowderconstruction.com/contact/","form","{""city"": ""Charlotte"", ""location"": ""Charlotte, North Carolina"", ""segment"": ""commercial GC"", ""state"": ""NC""}","new","","","","route from routes-enrichment.csv (2026-09-03), verified at https://crowderconstruction.com/contact/; address the owner; phase-3 confidence: verified; source: https://portal.nclbgc.org/Public/Search"
"cruise-property-management-236e72","certly","Cruise Property Management","https://www.cruiseproperty.com/","commercial property management","https://www.cruiseproperty.com/contact-us","form","{""city"": ""Lindenhurst"", ""location"": ""Lindenhurst, Illinois"", ""segment"": ""commercial property management"", ""state"": ""IL""}","new","","","","route from routes-enrichment.csv (2026-09-03), verified at https://www.cruiseproperty.com/contact-us; address the property management director; phase-3 confidence: secondary; source: https://www.bbb.org/search?find_country=USA&find_loc=Milwaukee%2C%20WI&find_text=Commercial%20Property%20Management&page=2"
"crystal-coast-management-consultants-fcfb04","certly","Crystal Coast Management Consultants","https://www.crystalcoast.com/","HOA / community association management","https://www.crystalcoast.com/contact-us.html","form","{""location"": ""North Carolina"", ""segment"": ""HOA / community association management"", ""state"": ""NC""}","new","","","","route from routes-enrichment.csv (2026-09-03), verified at https://www.crystalcoast.com/contact-us.html; address the director of community management; phase-3 confidence: secondary; source: https://members.cai-nc.org/member-company-directory/Search/community-management-570565"
"cubby-hole-inc-731eb6","certly","Cubby Hole Inc.","https://cubbyholeusa.com/about-us/","self-storage operator","https://cubbyholeusa.com/about-us/","form","{""location"": ""Texas"", ""segment"": ""self-storage operator"", ""state"": ""TX""}","new","","","","address the director of operations; phase-3 confidence: secondary; source: https://www.sitelink.com/marketplace/management-companies/cubby-hole"
"cwd-group-adcab2","certly","CWD Group","https://cwdgroup.com/","HOA / community association management","https://cwdgroup.com/","form","{""city"": ""Seattle"", ""location"": ""Seattle, Washington"", ""segment"": ""HOA / community association management"", ""state"": ""WA""}","new","","","","address the director of community management; phase-3 confidence: secondary; source: https://www.hoamanagement.com/association-management-company/cwd-group/"
"dallas-luxury-realty-9cc425","certly","Dallas Luxury Realty","https://dallasluxuryrealty.com/","residential property management","https://dallasluxuryrealty.com/","form","{""city"": ""Dallas"", ""location"": ""Dallas, Texas"", ""segment"": ""residential property management"", ""source_list"": ""the Expertise.com property management listings"", ""state"": ""TX""}","new","","","","address the owner / broker-owner; phase-3 confidence: verified; source: https://www.expertise.com/business/property-management/texas/dallas"
"davis-property-management-662d1a","certly","Davis Property Management","https://fasteddiedavis.com/","residential property management","https://fasteddiedavis.com/contact","form","{""city"": ""Dallas"", ""location"": ""Dallas, Texas"", ""segment"": ""residential property management"", ""source_list"": ""the Expertise.com property management listings"", ""state"": ""TX""}","new","","","","address the owner / broker-owner; phase-3 confidence: verified; source: https://www.expertise.com/business/property-management/texas/dallas"
"dean-dewitt-dbe8b7","certly","Dean & DeWitt","https://rentinstpete.com/","residential property management","https://rentinstpete.com/contact-us","form","{""city"": ""St. Petersburg"", ""location"": ""St. Petersburg, Florida"", ""portfolio"": {""approx"": true, ""count"": 650, ""noun"": ""properties""}, ""segment"": ""residential property management"", ""size_signal_raw"": ""650+ properties"", ""source_list"": ""the Expertise.com property management listings"", ""state"": ""FL""}","new","","","","address the owner / broker-owner; phase-3 confidence: verified; source: https://www.expertise.com/business/property-management/florida/tampa"
"delta-constructors-llc-e8862f","certly","Delta Constructors, LLC","https://www.deltaconstructors.net","commercial GC","https://www.deltaconstructors.net/contact-us/","form","{""city"": ""Anchorage"", ""location"": ""Anchorage, Alaska"", ""segment"": ""commercial GC"", ""source_list"": ""your AGC chapter's public contractor directory"", ""state"": ""AK""}","new","","","","address the contract administrator; phase-3 confidence: verified; source: https://members.agcak.org/memberdirectory/Search/general-contractor-member-296133"
"denali-general-contractors-inc-8c7946","certly","Denali General Contractors, Inc.","http://www.denaligc.com","commercial GC","https://www.denaligeneral.com/contact","form","{""city"": ""Anchorage"", ""location"": ""Anchorage, Alaska"", ""segment"": ""commercial GC"", ""source_list"": ""your AGC chapter's public contractor directory"", ""state"": ""AK""}","new","","","","route from routes-enrichment.csv (2026-09-03), verified at https://www.denaligeneral.com/contact; address the contract administrator; phase-3 confidence: verified; source: https://members.agcak.org/memberdirectory/Search/general-contractor-member-296133"
"denali-property-management-065606","certly","Denali Property Management","https://www.denalipm.com/","HOA / community association management","https://www.denalipm.com/","form","{""city"": ""Chester"", ""location"": ""Chester, New Jersey"", ""segment"": ""HOA / community association management"", ""state"": ""NJ""}","new","","","","address the director of community management; phase-3 confidence: secondary; source: https://www.hoamanagement.com/association-management-company/denali-property-management/"
"denali-real-estate-llc-52f20d","certly","Denali Real Estate LLC","https://denaliarizona.com/","residential property management","https://denaliarizona.com/contact-us/","form","{""city"": ""Mesa"", ""location"": ""Mesa, Arizona"", ""segment"": ""residential property management"", ""source_list"": ""the Expertise.com property management listings"", ""state"": ""AZ""}","new","","","","address the owner / broker-owner; phase-3 confidence: verified; source: https://www.expertise.com/business/property-management/arizona/phoenix"
"desco-group-inc-f5e614","certly","Desco Group Inc","https://www.descogroup.com/","commercial property management","https://www.descogroup.com/company/about-109","form","{""city"": ""Saint Louis"", ""location"": ""Saint Louis, Missouri"", ""segment"": ""commercial property management"", ""state"": ""MO""}","new","","","","route from routes-enrichment.csv (2026-09-03), verified at https://www.descogroup.com/company/about-109; address the property management director; phase-3 confidence: secondary; source: https://www.bbb.org/search?find_country=USA&find_loc=St.%20Louis%2C%20MO&find_text=Commercial%20Property%20Management&page=1"
"destination-maui-inc-aa3d1b","certly","Destination Maui INC","https://www.destinationmaui.net/","HOA / community association management","https://www.destinationmaui.net/contact-us/","form","{""city"": ""Kihei"", ""location"": ""Kihei, Hawaii"", ""segment"": ""HOA / community association management"", ""size_signal_raw"": ""31 community associations under management"", ""state"": ""HI""}","new","","","","route from routes-enrichment.csv (2026-09-03), verified at https://www.destinationmaui.net/contact-us/; address the director of community management; phase-3 confidence: secondary; source: https://www.communitypay.us/management-companies/state/hawaii/"
"detemple-company-inc-4c9839","certly","Detemple Company Inc","https://detemple.company/","commercial GC","https://detemple.company/contact/","form","{""city"": ""Milwaukie"", ""location"": ""Milwaukie, Oregon"", ""segment"": ""commercial GC"", ""size_signal_raw"": ""$80000 CCB surety bond and $1000000 liability limit on file (Oregon CCB record)"", ""state"": ""OR""}","new","","","","route from routes-enrichment.csv (2026-09-03), verified at https://detemple.company/contact/; address the owner; phase-3 confidence: verified; source: https://data.oregon.gov/resource/g77e-6bhs.json?$where=endorsement_text%20like%20'Commercial%20General%20Contractor%25'%20AND%20exempt_text='Nonexempt'&$limit=8000"
"devon-self-storage-83b580","certly","Devon Self Storage","https://www.devonselfstorage.com/management-services/property-management","self-storage operator","https://www.devonselfstorage.com/management-services/property-management","form","{""location"": ""California"", ""segment"": ""self-storage operator"", ""state"": ""CA""}","new","","","","address the director of operations; phase-3 confidence: secondary; source: https://www.sitelink.com/marketplace/management-companies/devon-self-storage"
"dfw-rent-houses-696459","certly","DFW Rent Houses","https://www.dfwrenthouses.com/","residential property management","https://www.dfwrenthouses.com/contact/","form","{""city"": ""Arlington"", ""location"": ""Arlington, Texas"", ""segment"": ""residential property management"", ""source_list"": ""the Expertise.com property management listings"", ""state"": ""TX""}","new","","","","address the owner / broker-owner; phase-3 confidence: verified; source: https://www.expertise.com/business/property-management/texas/fort-worth"
"dorman-real-estate-management-850dac","certly","Dorman Real Estate Management","https://www.coloradospringsproperty.management/","residential property management","https://www.coloradospringsproperty.management/contact","form","{""city"": ""Colorado Springs"", ""location"": ""Colorado Springs, Colorado"", ""segment"": ""residential property management"", ""source_list"": ""the Expertise.com property management listings"", ""state"": ""CO""}","new","","","","address the owner / broker-owner; phase-3 confidence: verified; source: https://www.expertise.com/business/property-management/colorado/colorado-springs"
"duke-management-services-inc-bb17e1","certly","Duke Management Services Inc.","https://www.dmsincva.com/","self-storage operator","https://www.dmsincva.com/","form","{""location"": ""Virginia"", ""segment"": ""self-storage operator"", ""state"": ""VA""}","new","","","","address the director of operations; phase-3 confidence: secondary; source: https://www.sitelink.com/marketplace/management-companies/duke-management-services"
"duomo-realty-corp-85ac6e","certly","Duomo Realty Corp","https://duomorealestate.com/","residential property management","https://www.duomorealestate.com","form","{""city"": ""San Diego"", ""location"": ""San Diego, California"", ""segment"": ""residential property management"", ""source_list"": ""the Expertise.com property management listings"", ""state"": ""CA""}","new","","","","address the owner / broker-owner; phase-3 confidence: verified; source: https://www.expertise.com/business/property-management/california/san-diego"
"dwellings-seattle-property-management-e84c79","certly","Dwellings Seattle Property Management","https://propertymanagerseattlewa.com/","residential property management","https://propertymanagerseattlewa.com/contact/","form","{""city"": ""Seattle"", ""location"": ""Seattle, Washington"", ""segment"": ""residential property management"", ""source_list"": ""the Expertise.com property management listings"", ""state"": ""WA""}","new","","","","address the owner / broker-owner; phase-3 confidence: verified; source: https://www.expertise.com/business/property-management/washington/seattle"
"dynamic-edge-property-solutions-dd0d0e","certly","Dynamic Edge Property Solutions","https://www.dynamicedgepm.com/","commercial property management","https://www.dynamicedgepm.com/contact","form","{""city"": ""Charlotte"", ""location"": ""Charlotte, North Carolina"", ""segment"": ""commercial property management"", ""state"": ""NC""}","new","","","","route from routes-enrichment.csv (2026-09-03), verified at https://www.dynamicedgepm.com/contact; address the property management director; phase-3 confidence: secondary; source: https://www.bbb.org/search?find_country=USA&find_loc=Charlotte%2C%20NC&find_text=Commercial%20Property%20Management&page=1"
"east-road-services-inc-7489ae","certly","East Road Services, Inc.","https://www.eastroadservices.com","commercial GC","https://www.eastroadservices.com/contact.html","form","{""city"": ""Homer"", ""location"": ""Homer, Alaska"", ""segment"": ""commercial GC"", ""source_list"": ""your AGC chapter's public contractor directory"", ""state"": ""AK""}","new","","","","route from routes-enrichment.csv (2026-09-03), verified at https://www.eastroadservices.com/contact.html; address the contract administrator; phase-3 confidence: verified; source: https://members.agcak.org/memberdirectory/Search/general-contractor-member-296133"
"efthim-company-realtors-08d554","certly","Efthim Company Realtors","https://efthimcompany.com/","residential property management","https://efthimcompany.com/contact-us","form","{""city"": ""St Louis"", ""location"": ""St Louis, Missouri"", ""segment"": ""residential property management"", ""source_list"": ""the Expertise.com property management listings"", ""state"": ""MO""}","new","","","","address the owner / broker-owner; phase-3 confidence: verified; source: https://www.expertise.com/business/property-management/missouri/st-louis"
"ehlers-construction-inc-d7b4e3","certly","Ehlers Construction Inc","https://ehlersinc.net/","commercial GC","https://ehlersinc.net/contact-us/","form","{""city"": ""Eugene"", ""location"": ""Eugene, Oregon"", ""segment"": ""commercial GC"", ""size_signal_raw"": ""$80000 CCB surety bond and $1000000 liability limit on file (Oregon CCB record)"", ""state"": ""OR""}","new","","","","route from routes-enrichment.csv (2026-09-03), verified at https://ehlersinc.net/contact-us/; address the owner; phase-3 confidence: verified; source: https://data.oregon.gov/resource/g77e-6bhs.json?$where=endorsement_text%20like%20'Commercial%20General%20Contractor%25'%20AND%20exempt_text='Nonexempt'&$limit=8000"
"ejf-real-estate-services-ca094d","certly","EJF Real Estate Services","https://www.ejfrealestate.com/","HOA / community association management","https://www.ejfrealestate.com/","form","{""segment"": ""HOA / community association management""}","new","","","","address the director of community management; phase-3 confidence: secondary; source: https://www.hoamanagement.com/association-management-company/ejf-real-estate-services/"
"elite-housing-management-094af9","certly","Elite Housing Management","https://www.ehmusa.com/","HOA / community association management","https://www.ehmusa.com/","form","{""city"": ""Huntsville"", ""location"": ""Huntsville, Alabama"", ""segment"": ""HOA / community association management"", ""state"": ""AL""}","new","","","","address the director of community management; phase-3 confidence: secondary; source: https://www.hoamanagement.com/association-management-company/elite-housing-management/"
"elite-impact-realty-and-property-managem-affd96","certly","Elite Impact Realty and Property Management","https://eliteimpactrealty.com/","residential property management","https://eliteimpactrealty.com/contact/","form","{""city"": ""Tucson"", ""location"": ""Tucson, Arizona"", ""segment"": ""residential property management"", ""source_list"": ""the Expertise.com property management listings"", ""state"": ""AZ""}","new","","","","address the owner / broker-owner; phase-3 confidence: verified; source: https://www.expertise.com/business/property-management/arizona/tucson"
"elite-real-estate-and-management-inc-a371ce","certly","Elite Real Estate and Management Inc.","https://www.elitepropertymngmt.com/","HOA / community association management","https://www.elitepropertymngmt.com/","form","{""city"": ""Jacksonville"", ""location"": ""Jacksonville, Florida"", ""segment"": ""HOA / community association management"", ""state"": ""FL""}","new","","","","address the director of community management; phase-3 confidence: secondary; source: https://www.hoamanagement.com/association-management-company/elite-real-estate-and-management-inc/"
"emerald-heights-property-management-9522a1","certly","Emerald Heights Property Management","https://emeraldheightspm.com/","residential property management","https://emeraldheights.com/contact/","form","{""city"": ""Seattle"", ""location"": ""Seattle, Washington"", ""segment"": ""residential property management"", ""source_list"": ""the Expertise.com property management listings"", ""state"": ""WA""}","new","","","","route from routes-enrichment.csv (2026-09-03), verified at https://emeraldheights.com/contact/; address the owner / broker-owner; phase-3 confidence: secondary; source: https://www.expertise.com/business/property-management/washington/seattle"
"enterprise-property-management-inc-5db18f","certly","Enterprise Property Management, Inc","https://propertymanagementmemphis.com/","residential property management","https://propertymanagementmemphis.com/contact/","form","{""city"": ""Cordova"", ""location"": ""Cordova, Tennessee"", ""segment"": ""residential property management"", ""source_list"": ""the Expertise.com property management listings"", ""state"": ""TN""}","new","","","","address the owner / broker-owner; phase-3 confidence: verified; source: https://www.expertise.com/business/property-management/tennessee/memphis"
"etheredge-real-estate-property-managemen-8be61d","certly","Etheredge Real Estate & Property Management","https://etheredgerealestate.com/","HOA / community association management","http://etheredgerealestate.com/contact-us/","form","{""city"": ""Houston"", ""location"": ""Houston, Texas"", ""segment"": ""HOA / community association management"", ""state"": ""TX""}","new","","","","route from routes-enrichment.csv (2026-09-03), verified at http://etheredgerealestate.com/contact-us/; address the director of community management; phase-3 confidence: secondary; source: https://caihouston.org/management_company.php"
"evernest-birmingham-fa3f93","certly","Evernest Birmingham","https://www.birminghampropertymanagement.co/","residential property management","https://www.birminghampropertymanagement.co/contact","form","{""city"": ""Birmingham"", ""location"": ""Birmingham, Alabama"", ""segment"": ""residential property management"", ""source_list"": ""the Expertise.com property management listings"", ""state"": ""AL""}","new","","","","address the owner / broker-owner; phase-3 confidence: verified; source: https://www.expertise.com/business/property-management/alabama/birmingham"
"evernest-denver-bf5422","certly","Evernest Denver","https://www.denverspropertymanager.com/","residential property management","https://www.denverspropertymanager.com/contact","form","{""city"": ""Greenwood Village"", ""location"": ""Greenwood Village, Colorado"", ""segment"": ""residential property management"", ""source_list"": ""the Expertise.com property management listings"", ""state"": ""CO""}","new","","","","address the owner / broker-owner; phase-3 confidence: verified; source: https://www.expertise.com/business/property-management/colorado/denver"
"evolve-community-management-ebd947","certly","Evolve Community Management","https://evolveut.com/","HOA / community association management","https://evolveut.com/","form","{""city"": ""Springville"", ""location"": ""Springville, Utah"", ""segment"": ""HOA / community association management"", ""state"": ""UT""}","new","","","","address the director of community management; phase-3 confidence: secondary; source: https://www.hoamanagement.com/association-management-company/evolve-community-management/"
"expert-storage-management-825a7c","certly","Expert Storage Management","https://expertstoragemanagement.com/","self-storage operator","https://expertstoragemanagement.com/","form","{""location"": ""Louisiana"", ""segment"": ""self-storage operator"", ""state"": ""LA""}","new","","","","address the director of operations; phase-3 confidence: secondary; source: https://www.sitelink.com/marketplace/management-companies/expert-storage-management"
"extramile-property-management-company-0abc9d","certly","Extramile Property Management Company","https://extramilepminc.com/","residential property management","https://www.extramilepminc.com/contact-us-new/","form","{""city"": ""Mill Valley"", ""location"": ""Mill Valley, California"", ""segment"": ""residential property management"", ""source_list"": ""the Expertise.com property management listings"", ""state"": ""CA""}","new","","","","address the owner / broker-owner; phase-3 confidence: verified; source: https://www.expertise.com/business/property-management/california/san-francisco"
"f-w-construction-co-inc-6c9db2","certly","F & W Construction Co., Inc.","https://www.fwalaska.com","commercial GC","https://www.fwalaska.com/contact/","form","{""city"": ""Anchorage"", ""location"": ""Anchorage, Alaska"", ""segment"": ""commercial GC"", ""source_list"": ""your AGC chapter's public contractor directory"", ""state"": ""AK""}","new","","","","address the contract administrator; phase-3 confidence: verified; source: https://members.agcak.org/memberdirectory/Search/general-contractor-member-296133"
"feld-realty-group-inc-ff20e5","certly","Feld Realty Group, Inc.","https://www.feldrealtygroup.com/","HOA / community association management","https://www.feldrealtygroup.com/contact-us/","form","{""city"": ""Houston"", ""location"": ""Houston, Texas"", ""segment"": ""HOA / community association management"", ""state"": ""TX""}","new","","","","route from routes-enrichment.csv (2026-09-03), verified at https://www.feldrealtygroup.com/contact-us/; address the director of community management; phase-3 confidence: secondary; source: https://caihouston.org/management_company.php"
"fieldstone-management-llc-c7f0a8","certly","Fieldstone Management, LLC","https://fieldstonemanagement.com/","HOA / community association management","https://fieldstonemanagement.com/contact/","form","{""city"": ""Bend"", ""location"": ""Bend, Oregon"", ""segment"": ""HOA / community association management"", ""size_signal_raw"": ""27 community associations under management"", ""state"": ""OR""}","new","","","","route from routes-enrichment.csv (2026-09-03), verified at https://fieldstonemanagement.com/contact/; address the director of community management; phase-3 confidence: secondary; source: https://www.communitypay.us/management-companies/state/oregon/"
"first-capitol-property-management-3117fa","certly","First Capitol Property Management","http://www.yorkpropertymanagementintl.com/","HOA / community association management","http://www.yorkpropertymanagementintl.com/","form","{""city"": ""Manchester"", ""location"": ""Manchester, New Hampshire"", ""segment"": ""HOA / community association management"", ""state"": ""NH""}","new","","","","address the director of community management; phase-3 confidence: secondary; source: https://www.hoamanagement.com/association-management-company/first-capitol-property-management/"
"first-coast-association-management-llc-0ecbaa","certly","First Coast Association Management, LLC","https://firstcoastassociationmanagement.com/","HOA / community association management","https://firstcoastassociationmanagement.com/contact-us/","form","{""city"": ""Jacksonville"", ""location"": ""Jacksonville, Florida"", ""segment"": ""HOA / community association management"", ""size_signal_raw"": ""55 community associations under management"", ""state"": ""FL""}","new","","","","route from routes-enrichment.csv (2026-09-03), verified at https://firstcoastassociationmanagement.com/contact-us/; address the director of community management; phase-3 confidence: secondary; source: https://www.communitypay.us/management-companies/state/florida/"
"first-coast-management-c58d90","certly","First Coast Management","https://firstcoastassociationmanagement.com/about-us/","HOA / community association management","https://firstcoastassociationmanagement.com/about-us/","form","{""city"": ""Jacksonville"", ""location"": ""Jacksonville, Florida"", ""segment"": ""HOA / community association management"", ""state"": ""FL""}","new","","","","address the director of community management; phase-3 confidence: secondary; source: https://www.hoamanagement.com/association-management-company/first-coast-management/"
"first-community-management-ab4048","certly","First Community Management","https://www.firstcommunity.com/","commercial property management","https://www.firstcommunity.com/about-us/contact-us.html","form","{""city"": ""Chicago"", ""location"": ""Chicago, Illinois"", ""segment"": ""commercial property management"", ""state"": ""IL""}","new","","","","route from routes-enrichment.csv (2026-09-03), verified at https://www.firstcommunity.com/about-us/contact-us.html; address the property management director; phase-3 confidence: secondary; source: https://www.bbb.org/search?find_country=USA&find_loc=Chicago%2C%20IL&find_text=Commercial%20Property%20Management&page=1"
"first-wave-realty-management-868fb7","certly","First Wave Realty & Management","https://fwrm.net/","residential property management","https://fwrm.net/Contact","form","{""city"": ""San Diego"", ""location"": ""San Diego, California"", ""segment"": ""residential property management"", ""source_list"": ""the Expertise.com property management listings"", ""state"": ""CA""}","new","","","","address the owner / broker-owner; phase-3 confidence: verified; source: https://www.expertise.com/business/property-management/california/san-diego"
"firstservice-residential-de7797","certly","FirstService Residential","http://www.fsresidential.com/North-Carolina/Home","HOA / community association management","http://www.fsresidential.com/North-Carolina/Home","form","{""location"": ""North Carolina"", ""segment"": ""HOA / community association management"", ""state"": ""NC""}","new","","","","address the director of community management; phase-3 confidence: secondary; source: https://members.cai-nc.org/member-company-directory/Search/community-management-570565"
"firstservice-residential-california-llc--a27dde","certly","FirstService Residential California, LLC - San Diego Office","https://www.fsresidential.com/corporate","HOA / community association management","https://www.fsresidential.com/corporate","form","{""city"": ""San Diego"", ""location"": ""San Diego, California"", ""segment"": ""HOA / community association management"", ""state"": ""CA""}","new","","","","address the director of community management; phase-3 confidence: secondary; source: https://cai-sd.org/management-company-directory/"
"florida-pm-pros-llc-c245f3","certly","Florida PM Pros LLC","https://www.floridapmpros.com/","commercial property management","https://www.floridapmpros.com/contact","form","{""city"": ""Tampa"", ""location"": ""Tampa, Florida"", ""segment"": ""commercial property management"", ""state"": ""FL""}","new","","","","route from routes-enrichment.csv (2026-09-03), verified at https://www.floridapmpros.com/contact; address the property management director; phase-3 confidence: secondary; source: https://www.bbb.org/search?find_country=USA&find_loc=Tampa%2C%20FL&find_text=Commercial%20Property%20Management&page=1"
"florida-skyline-management-93aab5","certly","Florida Skyline Management","https://floridaskylinemanagement.com/","HOA / community association management","https://floridaskylinemanagement.com/contact-us","form","{""city"": ""Boca Raton"", ""location"": ""Boca Raton, Florida"", ""segment"": ""HOA / community association management"", ""size_signal_raw"": ""50 community associations under management"", ""state"": ""FL""}","new","","","","route from routes-enrichment.csv (2026-09-03), verified at https://floridaskylinemanagement.com/contact-us; address the director of community management; phase-3 confidence: secondary; source: https://www.communitypay.us/management-companies/state/florida/"
"floridian-property-management-llc-fd84b5","certly","Floridian Property Management, LLC","https://floridianpropertymanagement.com/","HOA / community association management","https://floridianpropertymanagement.com/contact-us/","form","{""city"": ""Fleming Island"", ""location"": ""Fleming Island, Florida"", ""segment"": ""HOA / community association management"", ""size_signal_raw"": ""40 community associations under management"", ""state"": ""FL""}","new","","","","route from routes-enrichment.csv (2026-09-03), verified at https://floridianpropertymanagement.com/contact-us/; address the director of community management; phase-3 confidence: secondary; source: https://www.communitypay.us/management-companies/state/florida/"
"forge-home-group-llc-50f4a5","certly","Forge Home Group, LLC","https://www.forgehomegroup.com/","commercial property management","https://www.forgehomegroup.com/contact-us","form","{""city"": ""Independence"", ""location"": ""Independence, Missouri"", ""segment"": ""commercial property management"", ""state"": ""MO""}","new","","","","route from routes-enrichment.csv (2026-09-03), verified at https://www.forgehomegroup.com/contact-us; address the property management director; phase-3 confidence: secondary; source: https://www.bbb.org/search?find_country=USA&find_loc=Kansas%20City%2C%20MO&find_text=Commercial%20Property%20Management&page=1"
"franks-realty-international-llc-e6c025","certly","Franks Realty International LLC","https://krisfranksrealty.com/","commercial property management","https://krisfranksrealty.com/ContactMeInformationFrameless","form","{""city"": ""Fort Worth"", ""location"": ""Fort Worth, Texas"", ""segment"": ""commercial property management"", ""state"": ""TX""}","new","","","","route from routes-enrichment.csv (2026-09-03), verified at https://krisfranksrealty.com/ContactMeInformationFrameless; address the property management director; phase-3 confidence: secondary; source: https://www.bbb.org/search?find_country=USA&find_loc=Dallas%2C%20TX&find_text=Commercial%20Property%20Management&page=2"
"freedom-community-management-llc-ccd49e","certly","Freedom Community Management LLC","https://www.freedomcommunitymanagement.com/","HOA / community association management","https://www.freedomcommunitymanagement.com/contact","form","{""city"": ""Jacksonville"", ""location"": ""Jacksonville, Florida"", ""segment"": ""HOA / community association management"", ""size_signal_raw"": ""60 community associations under management"", ""state"": ""FL""}","new","","","","route from routes-enrichment.csv (2026-09-03), verified at https://www.freedomcommunitymanagement.com/contact; address the director of community management; phase-3 confidence: secondary; source: https://www.communitypay.us/management-companies/state/florida/"
"freeman-webb-company-realtors-102e63","certly","Freeman Webb Company, Realtors","https://www.freemanwebb.com/","commercial property management","https://www.freemanwebb.com/contact/","form","{""city"": ""Nashville"", ""location"": ""Nashville, Tennessee"", ""segment"": ""commercial property management"", ""state"": ""TN""}","new","","","","route from routes-enrichment.csv (2026-09-03), verified at https://www.freemanwebb.com/contact/; address the property management director; phase-3 confidence: secondary; source: https://www.bbb.org/search?find_country=USA&find_loc=Nashville%2C%20TN&find_text=Commercial%20Property%20Management&page=1"
"frostline-drilling-and-construction-llc-37ddcb","certly","Frostline Drilling and Construction LLC","https://www.frostlinedrilling.com/","commercial GC","https://www.frostlinedrilling.com/about-us","form","{""city"": ""Seward"", ""location"": ""Seward, Alaska"", ""segment"": ""commercial GC"", ""source_list"": ""your AGC chapter's public contractor directory"", ""state"": ""AK""}","new","","","","route from routes-enrichment.csv (2026-09-03), verified at https://www.frostlinedrilling.com/about-us; address the contract administrator; phase-3 confidence: secondary; source: https://members.agcak.org/memberdirectory/Search/general-contractor-member-296133"
"full-service-property-management-pllc-300292","certly","Full Service Property Management, PLLC","https://www.fullservicepm.com/","residential property management","https://www.fullservicepm.com/contact/","form","{""city"": ""Everett"", ""location"": ""Everett, Washington"", ""segment"": ""residential property management"", ""source_list"": ""the Expertise.com property management listings"", ""state"": ""WA""}","new","","","","address the owner / broker-owner; phase-3 confidence: verified; source: https://www.expertise.com/business/property-management/washington/seattle"
"fyve-property-management-8c0d8b","certly","FYVE Property Management","https://fyve.com/","HOA / community association management","https://fyve.com/","form","{""city"": ""Jacksonville"", ""location"": ""Jacksonville, Florida"", ""segment"": ""HOA / community association management"", ""state"": ""FL""}","new","","","","address the director of community management; phase-3 confidence: secondary; source: https://www.hoamanagement.com/association-management-company/fyve-property-management/"
"ghertner-company-5ae5f5","certly","Ghertner & Company","https://ghertner.com/","HOA / community association management","https://ghertner.com/","form","{""city"": ""Nashville"", ""location"": ""Nashville, Tennessee"", ""segment"": ""HOA / community association management"", ""state"": ""TN""}","new","","","","address the director of community management; phase-3 confidence: secondary; source: https://www.hoamanagement.com/association-management-company/ghertner-company/"
"goldenwest-management-inc-d33e82","certly","GoldenWest Management Inc.","https://goldenwestmanagement.com/","residential property management","https://goldenwestmanagement.com/contact-us","form","{""city"": ""San Diego"", ""location"": ""San Diego, California"", ""portfolio"": {""approx"": true, ""count"": 1000, ""noun"": ""units""}, ""segment"": ""residential property management"", ""size_signal_raw"": ""1000+ units managed"", ""source_list"": ""the Expertise.com property management listings"", ""state"": ""CA""}","new","","","","address the owner / broker-owner; phase-3 confidence: verified; source: https://www.expertise.com/business/property-management/california/san-diego"
"goodlife-hoa-management-llc-d8c3c6","certly","Goodlife HOA Management, LLC","https://www.goodlifehoa.com/","HOA / community association management","https://www.goodlifehoa.com/contact","form","{""city"": ""Houston"", ""location"": ""Houston, Texas"", ""segment"": ""HOA / community association management"", ""state"": ""TX""}","new","","","","route from routes-enrichment.csv (2026-09-03), verified at https://www.goodlifehoa.com/contact; address the director of community management; phase-3 confidence: secondary; source: https://caihouston.org/management_company.php"
"gordon-property-management-1e1eb8","certly","Gordon Property Management","https://www.gpmsf.com/","residential property management","https://gpmsf.com/contact-us/","form","{""city"": ""San Francisco"", ""location"": ""San Francisco, California"", ""segment"": ""residential property management"", ""source_list"": ""the Expertise.com property management listings"", ""state"": ""CA""}","new","","","","address the owner / broker-owner; phase-3 confidence: verified; source: https://www.expertise.com/business/property-management/california/san-francisco"
"graham-association-management-llc-a994cc","certly","Graham Association Management, LLC","https://grahamassociation.com/","HOA / community association management","http://grahamassociation.com/contact/","form","{""city"": ""Houston"", ""location"": ""Houston, Texas"", ""segment"": ""HOA / community association management"", ""state"": ""TX""}","new","","","","route from routes-enrichment.csv (2026-09-03), verified at http://grahamassociation.com/contact/; address the director of community management; phase-3 confidence: secondary; source: https://caihouston.org/management_company.php"
"graham-management-337127","certly","Graham Management","https://grahammanagementhouston.com/","HOA / community association management","https://grahammanagementhouston.com/","form","{""city"": ""Houston"", ""location"": ""Houston, Texas"", ""segment"": ""HOA / community association management"", ""state"": ""TX""}","new","","","","address the director of community management; phase-3 confidence: secondary; source: https://www.hoamanagement.com/association-management-company/graham-management/"
"grand-pacific-resort-services-lp-5f09fa","certly","Grand Pacific Resort Services, LP","https://www.grandpacificresorts.com/","HOA / community association management","https://www.grandpacificresorts.com/","form","{""city"": ""San Diego"", ""location"": ""San Diego, California"", ""segment"": ""HOA / community association management"", ""state"": ""CA""}","new","","","","address the director of community management; phase-3 confidence: secondary; source: https://cai-sd.org/management-company-directory/"
"grandchester-meadows-inc-4e84c2","certly","Grandchester Meadows, Inc.","http://www.grandchestermeadows.com/","HOA / community association management","http://www.grandchestermeadows.com/","form","{""location"": ""North Carolina"", ""segment"": ""HOA / community association management"", ""state"": ""NC""}","new","","","","address the director of community management; phase-3 confidence: secondary; source: https://members.cai-nc.org/member-company-directory/Search/community-management-570565"
"granite-construction-company-6e8270","certly","Granite Construction Company","https://www.graniteconstruction.com","commercial GC","https://www.graniteconstruction.com/company/contact-us","form","{""city"": ""Anchorage"", ""location"": ""Anchorage, Alaska"", ""segment"": ""commercial GC"", ""source_list"": ""your AGC chapter's public contractor directory"", ""state"": ""AK""}","new","","","","address the contract administrator; phase-3 confidence: verified; source: https://members.agcak.org/memberdirectory/Search/general-contractor-member-296133"
"granite-student-living-37c5d0","certly","Granite Student Living","https://granitestudentliving.com/","student housing operator","https://granitestudentliving.com/contact/","form","{""segment"": ""student housing operator"", ""size_signal_raw"": ""ranked #25 on the Student Housing Business Top 25 Managers list (Nov/Dec 2025 issue)""}","new","","","","route from routes-enrichment.csv (2026-09-03), verified at https://granitestudentliving.com/contact/; address the risk manager; phase-3 confidence: secondary; source: https://www.jturnerresearch.com/ora/online-reputation-rankings/student-housing-2025"
"great-northwest-inc-9fbba5","certly","Great Northwest, Inc.","https://grtnw.com","commercial GC","https://grtnw.com/contact-us/","form","{""city"": ""Fairbanks"", ""location"": ""Fairbanks, Alaska"", ""segment"": ""commercial GC"", ""source_list"": ""your AGC chapter's public contractor directory"", ""state"": ""AK""}","new","","","","address the contract administrator; phase-3 confidence: verified; source: https://members.agcak.org/memberdirectory/Search/general-contractor-member-296133"
"green-residential-03a5a4","certly","Green Residential","https://www.greenresidential.com/houston-property-management/","residential property management","https://www.greenresidential.com/contact-2/","form","{""city"": ""Houston"", ""location"": ""Houston, Texas"", ""portfolio"": {""approx"": true, ""count"": 1500, ""noun"": ""homes""}, ""segment"": ""residential property management"", ""size_signal_raw"": ""1500+ homes"", ""source_list"": ""the Expertise.com property management listings"", ""state"": ""TX""}","new","","","","address the owner / broker-owner; phase-3 confidence: verified; source: https://www.expertise.com/business/property-management/texas/houston"
"griffis-blessing-inc-5a2041","certly","Griffis/Blessing, Inc","https://griffisblessing.com/","commercial property management","https://griffisblessing.com/contact/","form","{""city"": ""Colorado Springs"", ""location"": ""Colorado Springs, Colorado"", ""segment"": ""commercial property management"", ""state"": ""CO""}","new","","","","route from routes-enrichment.csv (2026-09-03), verified at https://griffisblessing.com/contact/; address the property management director; phase-3 confidence: secondary; source: https://www.bbb.org/search?find_country=USA&find_loc=Denver%2C%20CO&find_text=Commercial%20Property%20Management&page=2"
"guardian-storage-property-management-c11f35","certly","Guardian Storage Property Management","https://www.guardianstorage.com/","self-storage operator","https://www.guardianstorage.com/","form","{""location"": ""Pennsylvania"", ""segment"": ""self-storage operator"", ""state"": ""PA""}","new","","","","address the director of operations; phase-3 confidence: secondary; source: https://www.sitelink.com/marketplace/management-companies/guardian-storage"
"hales-property-management-cf0b45","certly","Hales Property Management","https://halespropertymanagement.com/","HOA / community association management","https://halespropertymanagement.com/","form","{""city"": ""Chicago"", ""location"": ""Chicago, Illinois"", ""segment"": ""HOA / community association management"", ""state"": ""IL""}","new","","","","address the director of community management; phase-3 confidence: secondary; source: https://www.hoamanagement.com/association-management-company/hales-property-management/"
"hales-property-management-inc-184c0d","certly","Hales Property Management, Inc.","https://halespropertymanagement.com/","commercial property management","https://halespropertymanagement.com/contact-us/","form","{""city"": ""Chicago"", ""location"": ""Chicago, Illinois"", ""segment"": ""commercial property management"", ""state"": ""IL""}","new","","","","route from routes-enrichment.csv (2026-09-03), verified at https://halespropertymanagement.com/contact-us/; address the property management director; phase-3 confidence: secondary; source: https://www.bbb.org/search?find_country=USA&find_loc=Chicago%2C%20IL&find_text=Commercial%20Property%20Management&page=1"
"hals-construction-inc-844f15","certly","Hals Construction Inc","https://halsconstruction.com/","commercial GC","https://halsconstruction.com/contact/","form","{""city"": ""Oregon City"", ""location"": ""Oregon City, Oregon"", ""segment"": ""commercial GC"", ""size_signal_raw"": ""$80000 CCB surety bond and $1000000 liability limit on file (Oregon CCB record)"", ""state"": ""OR""}","new","","","","route from routes-enrichment.csv (2026-09-03), verified at https://halsconstruction.com/contact/; address the owner; phase-3 confidence: verified; source: https://data.oregon.gov/resource/g77e-6bhs.json?$where=endorsement_text%20like%20'Commercial%20General%20Contractor%25'%20AND%20exempt_text='Nonexempt'&$limit=8000"
"hamilton-construction-alaska-5ab625","certly","Hamilton Construction Alaska","https://www.hamilton1939.com","commercial GC","https://www.hamilton1939.com/contact-us.html","form","{""location"": ""Alaska"", ""segment"": ""commercial GC"", ""source_list"": ""your AGC chapter's public contractor directory"", ""state"": ""AK""}","new","","","","address the contract administrator; phase-3 confidence: verified; source: https://members.agcak.org/memberdirectory/Search/general-contractor-member-296133"
"hamilton-partners-inc-81ddc4","certly","Hamilton Partners Inc","https://www.hamiltonpartners.com/","commercial property management","https://www.hamiltonpartners.com/contact-us/","form","{""city"": ""Salt Lake City"", ""location"": ""Salt Lake City, Utah"", ""segment"": ""commercial property management"", ""state"": ""UT""}","new","","","","route from routes-enrichment.csv (2026-09-03), verified at https://www.hamiltonpartners.com/contact-us/; address the property management director; phase-3 confidence: secondary; source: https://www.bbb.org/search?find_country=USA&find_loc=Salt%20Lake%20City%2C%20UT&find_text=Commercial%20Property%20Management&page=2"
"hammer-real-estate-2a1b17","certly","Hammer Real Estate","https://www.Hammer-RealEstate.com","HOA / community association management","https://www.Hammer-RealEstate.com","form","{""city"": ""San Diego"", ""location"": ""San Diego, California"", ""segment"": ""HOA / community association management"", ""state"": ""CA""}","new","","","","address the director of community management; phase-3 confidence: secondary; source: https://cai-sd.org/management-company-directory/"
"happy-homes-property-manager-4fd3d8","certly","Happy Homes Property Manager","https://happyhomespm.com/","residential property management","https://www.secondnature.com/contact","form","{""city"": ""Charleston"", ""location"": ""Charleston, South Carolina"", ""segment"": ""residential property management"", ""source_list"": ""the Expertise.com property management listings"", ""state"": ""SC""}","new","","","","address the owner / broker-owner; phase-3 confidence: verified; source: https://www.expertise.com/business/property-management/south-carolina/charleston"
"harbour-master-management-group-d1bbaa","certly","Harbour Master Management Group","https://harbourmastermg.com/","HOA / community association management","https://harbourmastermg.com/","form","{""city"": ""Rochester"", ""location"": ""Rochester, Massachusetts"", ""segment"": ""HOA / community association management"", ""state"": ""MA""}","new","","","","address the director of community management; phase-3 confidence: secondary; source: https://www.hoamanagement.com/association-management-company/harbour-master-management-group/"
"harvey-cleary-7bd36d","certly","Harvey Cleary","https://www.harveycleary.com","commercial GC","https://www.harveycleary.com/contact/","form","{""city"": ""Houston"", ""location"": ""Houston, Texas"", ""segment"": ""commercial GC"", ""source_list"": ""your AGC chapter's public contractor directory"", ""state"": ""TX""}","new","","","","address the contract administrator; phase-3 confidence: verified; source: https://members.agchouston.org/directory/Search/general-contractors-386559"
"harvey-construction-corporation-527208","certly","Harvey Construction Corporation","https://www.harveyconstruction.com","commercial GC","https://www.harveyconstruction.com/contact/","form","{""city"": ""Bedford"", ""location"": ""Bedford, New Hampshire"", ""segment"": ""commercial GC"", ""source_list"": ""your AGC chapter's public contractor directory"", ""state"": ""NH""}","new","","","","address the contract administrator; phase-3 confidence: verified; source: https://members.agcnh.org/directory/Search/building-contractors-325083"
"harvey-lindsay-commercial-real-estate-ll-696bdb","certly","HARVEY LINDSAY COMMERCIAL REAL ESTATE LLC","https://harveylindsay.com/","HOA / community association management","https://harveylindsay.com/contact/","form","{""city"": ""Norfolk"", ""location"": ""Norfolk, Virginia"", ""segment"": ""HOA / community association management"", ""size_signal_raw"": ""28 community associations under management"", ""state"": ""VA""}","new","","","","route from routes-enrichment.csv (2026-09-03), verified at https://harveylindsay.com/contact/; address the director of community management; phase-3 confidence: secondary; source: https://www.communitypay.us/management-companies/state/virginia/"
"hawaii-sands-realty-dbddda","certly","Hawaii Sands Realty","https://www.hawaiisands.com/","residential property management","https://www.hawaiisands.com/","form","{""city"": ""Honolulu"", ""location"": ""Honolulu, Hawaii"", ""segment"": ""residential property management"", ""source_list"": ""the Expertise.com property management listings"", ""state"": ""HI""}","new","","","","address the owner / broker-owner; phase-3 confidence: verified; source: https://www.expertise.com/business/property-management/hawaii/honolulu"
"hc-contractors-llc-c8710f","certly","HC Contractors, LLC","https://www.hccontractors.net","commercial GC","https://www.hccontractors.net/contact/","form","{""city"": ""North Pole"", ""location"": ""North Pole, Alaska"", ""segment"": ""commercial GC"", ""source_list"": ""your AGC chapter's public contractor directory"", ""state"": ""AK""}","new","","","","address the contract administrator; phase-3 confidence: verified; source: https://members.agcak.org/memberdirectory/Search/general-contractor-member-296133"
"helm-management-co-6c15b7","certly","Helm Management Co.","https://www.helmmanagement.com/","HOA / community association management","https://www.helmmanagement.com/","form","{""city"": ""San Diego"", ""location"": ""San Diego, California"", ""segment"": ""HOA / community association management"", ""state"": ""CA""}","new","","","","address the director of community management; phase-3 confidence: secondary; source: https://cai-sd.org/management-company-directory/"
"hermann-london-c8f014","certly","Hermann London","https://hermannlondon.com/","residential property management","https://hermannlondon.com/contact/","form","{""city"": ""Maplewood"", ""location"": ""Maplewood, Missouri"", ""segment"": ""residential property management"", ""source_list"": ""the Expertise.com property management listings"", ""state"": ""MO""}","new","","","","address the owner / broker-owner; phase-3 confidence: verified; source: https://www.expertise.com/business/property-management/missouri/st-louis"
"highland-realty-103184","certly","Highland Realty","https://activerain.com/","residential property management","https://activerain.com/","form","{""city"": ""Arlington"", ""location"": ""Arlington, Virginia"", ""segment"": ""residential property management"", ""source_list"": ""the Expertise.com property management listings"", ""state"": ""VA""}","new","","","","address the owner / broker-owner; phase-3 confidence: verified; source: https://www.expertise.com/business/property-management/district-of-columbia/washington"
"hoa-management-arizona-0a8f3e","certly","HOA Management Arizona","https://www.ashokalion.com/","HOA / community association management","https://www.ashokalion.com/","form","{""city"": ""Houston"", ""location"": ""Houston, Texas"", ""segment"": ""HOA / community association management"", ""state"": ""TX""}","new","","","","address the director of community management; phase-3 confidence: secondary; source: https://www.hoamanagement.com/association-management-company/ashoka-lion-3/"
"hoa-management-company-8e2205","certly","HOA Management Company","https://www.newpowergeneration.us/","HOA / community association management","https://www.newpowergeneration.us/","form","{""city"": ""Orlando"", ""location"": ""Orlando, Florida"", ""segment"": ""HOA / community association management"", ""state"": ""FL""}","new","","","","address the director of community management; phase-3 confidence: secondary; source: https://www.hoamanagement.com/association-management-company/npg-cam-services-inc/"
"hoa-management-idaho-a98a28","certly","HOA Management Idaho","https://www.boiseassociationmanagementinc.com/","HOA / community association management","https://www.boiseassociationmanagementinc.com/","form","{""city"": ""Meridian"", ""location"": ""Meridian, Idaho"", ""segment"": ""HOA / community association management"", ""state"": ""ID""}","new","","","","address the director of community management; phase-3 confidence: secondary; source: https://www.hoamanagement.com/association-management-company/pmi-treasure-valley/"
"hoaliving-5cad33","certly","HOALiving","https://www.hoaliving.com/hoal-management/","HOA / community association management","https://www.hoaliving.com/hoal-management/","form","{""city"": ""Salt Lake City"", ""location"": ""Salt Lake City, Utah"", ""segment"": ""HOA / community association management"", ""state"": ""UT""}","new","","","","address the director of community management; phase-3 confidence: secondary; source: https://www.hoamanagement.com/association-management-company/hoaliving/"
"hoar-construction-afd7df","certly","Hoar Construction","https://hoar.com","commercial GC","https://hoar.com/contact","form","{""city"": ""Houston"", ""location"": ""Houston, Texas"", ""segment"": ""commercial GC"", ""source_list"": ""your AGC chapter's public contractor directory"", ""state"": ""TX""}","new","","","","address the contract administrator; phase-3 confidence: verified; source: https://members.agchouston.org/directory/Search/general-contractors-386559"
"home-n-ranch-realty-67f9b5","certly","Home N' Ranch Realty","https://www.homenranchrealty.com/","residential property management","https://www.homenranchrealty1.com/contact/2705727","form","{""city"": ""Moore"", ""location"": ""Moore, Oklahoma"", ""segment"": ""residential property management"", ""source_list"": ""the Expertise.com property management listings"", ""state"": ""OK""}","new","","","","route from routes-enrichment.csv (2026-09-03), verified at https://www.homenranchrealty1.com/contact/2705727; address the owner / broker-owner; phase-3 confidence: secondary; source: https://www.expertise.com/business/property-management/oklahoma/oklahoma-city"
"home-river-group-kansas-city-dcc2a8","certly","Home River Group Kansas City","https://www.kansascity-propertymanagement.com/","residential property management","https://www.kansascity-propertymanagement.com/contact","form","{""city"": ""Kansas City"", ""location"": ""Kansas City, Missouri"", ""segment"": ""residential property management"", ""source_list"": ""the Expertise.com property management listings"", ""state"": ""MO""}","new","","","","address the owner / broker-owner; phase-3 confidence: verified; source: https://www.expertise.com/business/property-management/missouri/kansas-city"
"home-suite-home-3dcbf3","certly","Home Suite Home","https://www.homesuitehomepm.com/","residential property management","https://www.homesuitehomepm.com/","form","{""city"": ""Lakewood"", ""location"": ""Lakewood, Ohio"", ""portfolio"": {""approx"": false, ""count"": 55, ""noun"": ""properties""}, ""segment"": ""residential property management"", ""size_signal_raw"": ""55 properties managed"", ""source_list"": ""the Expertise.com property management listings"", ""state"": ""OH""}","new","","","","address the owner / broker-owner; phase-3 confidence: verified; source: https://www.expertise.com/business/property-management/ohio/cleveland"
"home365-2771dc","certly","Home365","https://www.home365.co/","residential property management","https://www.home365.co/","form","{""city"": ""Baltimore"", ""location"": ""Baltimore, Maryland"", ""segment"": ""residential property management"", ""source_list"": ""the Expertise.com property management listings"", ""state"": ""MD""}","new","","","","address the owner / broker-owner; phase-3 confidence: verified; source: https://www.expertise.com/business/property-management/maryland/baltimore"
"homeland-neighborhood-management-alabama-002c29","certly","Homeland Neighborhood Management Alabama","https://www.homelandhoaal.com/","HOA / community association management","https://www.homelandhoaal.com/","form","{""city"": ""Foley"", ""location"": ""Foley, Alabama"", ""segment"": ""HOA / community association management"", ""state"": ""AL""}","new","","","","address the director of community management; phase-3 confidence: secondary; source: https://www.hoamanagement.com/association-management-company/homeland-hoa-management-alabama/"
"homeriver-group-birmingham-429908","certly","HomeRiver Group Birmingham","https://www.homeriver.com/alabama/birmingham-property-management","residential property management","https://purehomeriver.com/contact/","form","{""city"": ""Hoover"", ""location"": ""Hoover, Alabama"", ""portfolio"": {""approx"": false, ""count"": 40000, ""noun"": ""properties""}, ""segment"": ""residential property management"", ""size_signal_raw"": ""40,000 properties managed"", ""source_list"": ""the Expertise.com property management listings"", ""state"": ""AL""}","new","","","","address the owner / broker-owner; phase-3 confidence: verified; source: https://www.expertise.com/business/property-management/alabama/birmingham"
"homeriver-group-chicago-408386","certly","HomeRiver Group Chicago","https://www.chicago-propertymanagement.com/chicago-property-management","residential property management","https://www.chicago-propertymanagement.com/contact","form","{""city"": ""Chicago"", ""location"": ""Chicago, Illinois"", ""segment"": ""residential property management"", ""source_list"": ""the Expertise.com property management listings"", ""state"": ""IL""}","new","","","","address the owner / broker-owner; phase-3 confidence: verified; source: https://www.expertise.com/business/property-management/illinois/chicago"
"homeriver-group-cincinnati-e8c1f5","certly","HomeRiver Group Cincinnati","https://www.propertymanagement-cincinnati.com/","residential property management","https://www.propertymanagement-cincinnati.com/contact","form","{""city"": ""Indianapolis"", ""location"": ""Indianapolis, Indiana"", ""segment"": ""residential property management"", ""source_list"": ""the Expertise.com property management listings"", ""state"": ""IN""}","new","","","","address the owner / broker-owner; phase-3 confidence: verified; source: https://www.expertise.com/business/property-management/ohio/cincinnati"
"homeriver-group-columbus-906b4f","certly","HomeRiver Group Columbus","https://www.columbus-propertymanagement.net/","residential property management","https://www.columbus-propertymanagement.net/contact","form","{""city"": ""Indianapolis"", ""location"": ""Indianapolis, Indiana"", ""segment"": ""residential property management"", ""source_list"": ""the Expertise.com property management listings"", ""state"": ""IN""}","new","","","","address the owner / broker-owner; phase-3 confidence: verified; source: https://www.expertise.com/business/property-management/ohio/columbus"
"homeriver-group-jacksonville-10addb","certly","HomeRiver Group Jacksonville","https://www.jacksonville-propertymanagement.com/","residential property management","https://www.jacksonville-propertymanagement.com/contact","form","{""city"": ""Jacksonville"", ""location"": ""Jacksonville, Florida"", ""segment"": ""residential property management"", ""source_list"": ""the Expertise.com property management listings"", ""state"": ""FL""}","new","","","","address the owner / broker-owner; phase-3 confidence: verified; source: https://www.expertise.com/business/property-management/florida/jacksonville"
"homeriver-group-sacramento-694ffc","certly","HomeRiver Group Sacramento","https://propertymanagement-sacramento.com/","residential property management","https://purehomeriver.com/contact/","form","{""city"": ""Sacramento"", ""location"": ""Sacramento, California"", ""portfolio"": {""approx"": false, ""count"": 40000, ""noun"": ""properties""}, ""segment"": ""residential property management"", ""size_signal_raw"": ""40,000 properties managed"", ""source_list"": ""the Expertise.com property management listings"", ""state"": ""CA""}","new","","","","address the owner / broker-owner; phase-3 confidence: verified; source: https://www.expertise.com/business/property-management/california/sacramento"
"homeriver-group-san-antonio-fbb290","certly","HomeRiver Group San Antonio","https://www.sanantonio-propertymanagement.com/","residential property management","https://www.sanantonio-propertymanagement.com/contact","form","{""city"": ""San Antonio"", ""location"": ""San Antonio, Texas"", ""portfolio"": {""approx"": false, ""count"": 600, ""noun"": ""homes""}, ""segment"": ""residential property management"", ""size_signal_raw"": ""600 homes managed"", ""source_list"": ""the Expertise.com property management listings"", ""state"": ""TX""}","new","","","","address the owner / broker-owner; phase-3 confidence: verified; source: https://www.expertise.com/business/property-management/texas/san-antonio"
"homeriver-group-spokane-4fd586","certly","HomeRiver Group Spokane","https://www.spokane-propertymanagement.com/","residential property management","https://www.spokane-propertymanagement.com/contact","form","{""city"": ""Spokane"", ""location"": ""Spokane, Washington"", ""segment"": ""residential property management"", ""source_list"": ""the Expertise.com property management listings"", ""state"": ""WA""}","new","","","","address the owner / broker-owner; phase-3 confidence: verified; source: https://www.expertise.com/business/property-management/washington/spokane"
"honolulu-management-llc-ffc322","certly","Honolulu Management LLC.","https://honolulumanagementhawaii.com/","residential property management","https://honolulumanagementhawaii.com/contact-us","form","{""city"": ""Honolulu"", ""location"": ""Honolulu, Hawaii"", ""segment"": ""residential property management"", ""source_list"": ""the Expertise.com property management listings"", ""state"": ""HI""}","new","","","","address the owner / broker-owner; phase-3 confidence: verified; source: https://www.expertise.com/business/property-management/hawaii/honolulu"
"idaho-premier-property-management-6a70ea","certly","Idaho Premier Property Management","https://www.rentippm.com/","residential property management","https://www.rentippm.com/contact.cfm","form","{""city"": ""Boise"", ""location"": ""Boise, Idaho"", ""segment"": ""residential property management"", ""source_list"": ""the Expertise.com property management listings"", ""state"": ""ID""}","new","","","","address the owner / broker-owner; phase-3 confidence: verified; source: https://www.expertise.com/business/property-management/idaho/boise"
"ingram-associates-property-management-1e36b0","certly","Ingram & Associates Property Management","https://www.ingramrentals.com/","residential property management","https://www.ingramrentals.com/contact-us","form","{""city"": ""Hopewell"", ""location"": ""Hopewell, Virginia"", ""segment"": ""residential property management"", ""source_list"": ""the Expertise.com property management listings"", ""state"": ""VA""}","new","","","","address the owner / broker-owner; phase-3 confidence: verified; source: https://www.expertise.com/business/property-management/virginia/richmond"
"ingram-construction-corporation-c4007f","certly","Ingram Construction Corporation","https://www.ingram-construction.com","commercial GC","https://www.ingram-construction.com/about-us/","form","{""city"": ""Westmoreland"", ""location"": ""Westmoreland, New Hampshire"", ""segment"": ""commercial GC"", ""source_list"": ""your AGC chapter's public contractor directory"", ""state"": ""NH""}","new","","","","route from routes-enrichment.csv (2026-09-03), verified at https://www.ingram-construction.com/about-us/; address the contract administrator; phase-3 confidence: verified; source: https://members.agcnh.org/directory/Search/building-contractors-325083"
"integrated-mountain-management-inc-51c867","certly","Integrated Mountain Management, Inc.","https://www.integratedmountain.com/","HOA / community association management","https://www.integratedmountain.com/contact-us","form","{""city"": ""Glenwood Springs"", ""location"": ""Glenwood Springs, Colorado"", ""segment"": ""HOA / community association management"", ""size_signal_raw"": ""39 community associations under management"", ""state"": ""CO""}","new","","","","route from routes-enrichment.csv (2026-09-03), verified at https://www.integratedmountain.com/contact-us; address the director of community management; phase-3 confidence: secondary; source: https://www.communitypay.us/management-companies/state/colorado/"
"investpro-properties-inc-83f739","certly","InvestPro Properties Inc.","https://investproinc.com/","residential property management","https://investproinc.com/contact/","form","{""city"": ""Tampa"", ""location"": ""Tampa, Florida"", ""segment"": ""residential property management"", ""source_list"": ""the Expertise.com property management listings"", ""state"": ""FL""}","new","","","","address the owner / broker-owner; phase-3 confidence: verified; source: https://www.expertise.com/business/property-management/florida/tampa"
"j-s-contracting-62e995","certly","J-S Contracting","https://jscontracting.net/","commercial GC","https://jscontracting.net/contact/","form","{""city"": ""Kent"", ""location"": ""Kent, Washington"", ""segment"": ""commercial GC"", ""state"": ""WA""}","new","","","","route from routes-enrichment.csv (2026-09-03), verified at https://jscontracting.net/contact/; address the owner; phase-3 confidence: verified; source: https://data.wa.gov/resource/m8qx-ubtq.json?$where=contractorlicensestatus='ACTIVE'%20AND%20specialtycode1desc='GENERAL'%20AND%20state='WA'%20AND%20businesstypecodedesc%20in('Corporation','Limited%20Liability%20Company','Partnership')&$limit=30000"
"jamison-management-company-549d45","certly","Jamison Management Company","https://jamico.com/","residential property management","https://www.jamico.com/contact/","form","{""city"": ""Los Angeles"", ""location"": ""Los Angeles, California"", ""segment"": ""residential property management"", ""source_list"": ""the Expertise.com property management listings"", ""state"": ""CA""}","new","","","","address the owner / broker-owner; phase-3 confidence: verified; source: https://www.expertise.com/business/property-management/california/los-angeles"
"jane-s-home-services-inc-3bf34d","certly","Jane's Home Services, Inc.","https://www.janeshomeservices.com/","commercial property management","https://www.janeshomeservices.com/contact","form","{""city"": ""Conroe"", ""location"": ""Conroe, Texas"", ""segment"": ""commercial property management"", ""state"": ""TX""}","new","","","","route from routes-enrichment.csv (2026-09-03), verified at https://www.janeshomeservices.com/contact; address the property management director; phase-3 confidence: secondary; source: https://www.bbb.org/search?find_country=USA&find_loc=Houston%2C%20TX&find_text=Commercial%20Property%20Management&page=2"
"je-dunn-construction-company-e21545","certly","JE Dunn Construction Company","https://jedunn.com","commercial GC","https://jedunn.com/contact-us/","form","{""city"": ""Houston"", ""location"": ""Houston, Texas"", ""segment"": ""commercial GC"", ""source_list"": ""your AGC chapter's public contractor directory"", ""state"": ""TX""}","new","","","","address the contract administrator; phase-3 confidence: verified; source: https://members.agchouston.org/directory/Search/general-contractors-386559"
"jenison-construction-inc-a65a88","certly","Jenison Construction, Inc.","https://jenisonconstruction.com/","commercial GC","https://jenisonconstruction.com/contact/","form","{""city"": ""Charlotte"", ""location"": ""Charlotte, North Carolina"", ""segment"": ""commercial GC"", ""state"": ""NC""}","new","","","","route from routes-enrichment.csv (2026-09-03), verified at https://jenisonconstruction.com/contact/; address the owner; phase-3 confidence: verified; source: https://portal.nclbgc.org/Public/Search"
"jes-management-access-24-self-storage-ed2f08","certly","JES Management/Access 24 Self Storage","https://www.access24online.com/","self-storage operator","https://www.access24online.com/","form","{""location"": ""Michigan"", ""segment"": ""self-storage operator"", ""state"": ""MI""}","new","","","","address the director of operations; phase-3 confidence: secondary; source: https://www.sitelink.com/marketplace/management-companies/jes-management-44th-street-self-storage"
"jsq-realty-4ae3ad","certly","JSQ Realty","https://jsqrealty.com/","residential property management","https://jsqrealty.com/contact-us/","form","{""city"": ""Jersey City"", ""location"": ""Jersey City, New Jersey"", ""segment"": ""residential property management"", ""source_list"": ""the Expertise.com property management listings"", ""state"": ""NJ""}","new","","","","address the owner / broker-owner; phase-3 confidence: verified; source: https://www.expertise.com/business/property-management/new-jersey/jersey-city"
"jw-property-services-6b2e8a","certly","JW Property Services","https://propertymanagementneworleans.com/","residential property management","https://jwpropertyserv.com/contact/","form","{""city"": ""Metairie"", ""location"": ""Metairie, Louisiana"", ""segment"": ""residential property management"", ""source_list"": ""the Expertise.com property management listings"", ""state"": ""LA""}","new","","","","address the owner / broker-owner; phase-3 confidence: verified; source: https://www.expertise.com/business/property-management/louisiana/new-orleans"
"jz-vacation-rentals-f6fb62","certly","JZ Vacation Rentals","https://jzvacationrentals.com/","residential property management","https://jzvacationrentals.com/contact-us/","form","{""city"": ""Maplewood"", ""location"": ""Maplewood, Missouri"", ""segment"": ""residential property management"", ""source_list"": ""the Expertise.com property management listings"", ""state"": ""MO""}","new","","","","address the owner / broker-owner; phase-3 confidence: verified; source: https://www.expertise.com/business/property-management/missouri/st-louis"
"k-e-alaska-inc-e1b9ad","certly","K&E Alaska, Inc.","https://www.kealaska.net","commercial GC","https://www.kealaska.net/contact-us","form","{""city"": ""Sitka"", ""location"": ""Sitka, Alaska"", ""segment"": ""commercial GC"", ""source_list"": ""your AGC chapter's public contractor directory"", ""state"": ""AK""}","new","","","","address the contract administrator; phase-3 confidence: verified; source: https://members.agcak.org/memberdirectory/Search/general-contractor-member-296133"
"kc-corporation-7d5f87","certly","KC Corporation","https://www.kccorporation.com","commercial GC","https://www.kccorporation.com/contact","form","{""city"": ""Anchorage"", ""location"": ""Anchorage, Alaska"", ""segment"": ""commercial GC"", ""source_list"": ""your AGC chapter's public contractor directory"", ""state"": ""AK""}","new","","","","address the contract administrator; phase-3 confidence: verified; source: https://members.agcak.org/memberdirectory/Search/general-contractor-member-296133"
"keel-team-real-estate-investments-305b27","certly","Keel Team Real Estate Investments","https://keelteam.com/","manufactured housing community operator","https://keelteam.com/contact-us/","form","{""segment"": ""manufactured housing community operator"", ""size_signal_raw"": ""3,255 manufactured-home lots owned""}","new","","","","route from routes-enrichment.csv (2026-09-03), verified at https://keelteam.com/contact-us/; address the director of operations; phase-3 confidence: secondary; source: https://www.mobilehomeuniversity.com/mhu-top-100-community-owners.php"
"key-realty-7723e7","certly","Key Realty","https://www.keyrealtykc.com/","residential property management","https://www.keyrealtykc.com/","form","{""city"": ""Kansas City"", ""location"": ""Kansas City, Missouri"", ""segment"": ""residential property management"", ""source_list"": ""the Expertise.com property management listings"", ""state"": ""MO""}","new","","","","address the owner / broker-owner; phase-3 confidence: verified; source: https://www.expertise.com/business/property-management/missouri/kansas-city"
"key-realty-and-property-management-c99e05","certly","Key Realty and Property Management","https://keyrealtyokc.com/","residential property management","https://www.keyrealtyokc.com/search-oklahoma-city-properties/real-estate/contact-information/","form","{""city"": ""Oklahoma City"", ""location"": ""Oklahoma City, Oklahoma"", ""segment"": ""residential property management"", ""source_list"": ""the Expertise.com property management listings"", ""state"": ""OK""}","new","","","","address the owner / broker-owner; phase-3 confidence: verified; source: https://www.expertise.com/business/property-management/oklahoma/oklahoma-city"
"keyline-construction-inc-221139","certly","Keyline Construction Inc","https://keylineconstruction.net/","commercial GC","https://keylineconstruction.net/contact/","form","{""city"": ""Olympia"", ""location"": ""Olympia, Washington"", ""segment"": ""commercial GC"", ""state"": ""WA""}","new","","","","route from routes-enrichment.csv (2026-09-03), verified at https://keylineconstruction.net/contact/; address the owner; phase-3 confidence: verified; source: https://data.wa.gov/resource/m8qx-ubtq.json?$where=contractorlicensestatus='ACTIVE'%20AND%20specialtycode1desc='GENERAL'%20AND%20state='WA'%20AND%20businesstypecodedesc%20in('Corporation','Limited%20Liability%20Company','Partnership')&$limit=30000"
"keyrenter-property-management-kansas-aad7bd","certly","Keyrenter Property Management - Kansas","https://www.keyrenterwichita.com/","residential property management","https://www.keyrenterwichita.com/","form","{""city"": ""Wichita"", ""location"": ""Wichita, Kansas"", ""segment"": ""residential property management"", ""source_list"": ""the Expertise.com property management listings"", ""state"": ""KS""}","new","","","","address the owner / broker-owner; phase-3 confidence: verified; source: https://www.expertise.com/business/property-management/kansas/wichita"
"keyrenter-property-management-denver-68eac2","certly","Keyrenter Property Management Denver","https://keyrenterdenver.com/","residential property management","https://keyrenterdenver.com/","form","{""city"": ""Denver"", ""location"": ""Denver, Colorado"", ""segment"": ""residential property management"", ""source_list"": ""the Expertise.com property management listings"", ""state"": ""CO""}","new","","","","address the owner / broker-owner; phase-3 confidence: verified; source: https://www.expertise.com/business/property-management/colorado/denver"
"kirkpatrick-management-company-d098d4","certly","KirkPatrick Management Company","https://www.ekirkpatrick.com/","HOA / community association management","https://www.ekirkpatrick.com/","form","{""city"": ""Indianapolis"", ""location"": ""Indianapolis, Indiana"", ""segment"": ""HOA / community association management"", ""state"": ""IN""}","new","","","","address the director of community management; phase-3 confidence: secondary; source: https://www.hoamanagement.com/association-management-company/kirkpatrick-management-company/"
"knife-river-corporation-northwest-63dc63","certly","Knife River Corporation Northwest","https://www.kniferiver.com/","commercial GC","https://www.kniferiver.com/about-us/","form","{""city"": ""Tangent"", ""location"": ""Tangent, Oregon"", ""segment"": ""commercial GC"", ""size_signal_raw"": ""$80000 CCB surety bond and $5000000 liability limit on file (Oregon CCB record)"", ""state"": ""OR""}","new","","","","route from routes-enrichment.csv (2026-09-03), verified at https://www.kniferiver.com/about-us/; address the owner; phase-3 confidence: verified; source: https://data.oregon.gov/resource/g77e-6bhs.json?$where=endorsement_text%20like%20'Commercial%20General%20Contractor%25'%20AND%20exempt_text='Nonexempt'&$limit=8000"
"knik-construction-co-inc-104b84","certly","Knik Construction Co., Inc.","https://www.lynden.com:443/knik","commercial GC","https://www.lynden.com:443/knik/about/contact-us/","form","{""city"": ""Anchorage"", ""location"": ""Anchorage, Alaska"", ""segment"": ""commercial GC"", ""source_list"": ""your AGC chapter's public contractor directory"", ""state"": ""AK""}","new","","","","address the contract administrator; phase-3 confidence: verified; source: https://members.agcak.org/memberdirectory/Search/general-contractor-member-296133"
"krugh-commercial-a68bf4","certly","Krugh Commercial","https://www.krugh.net/","residential property management","https://www.krugh.net/contact","form","{""city"": ""Kansas City"", ""location"": ""Kansas City, Missouri"", ""segment"": ""residential property management"", ""source_list"": ""the Expertise.com property management listings"", ""state"": ""MO""}","new","","","","address the owner / broker-owner; phase-3 confidence: verified; source: https://www.expertise.com/business/property-management/missouri/kansas-city"
"kuchar-construction-llc-d56108","certly","Kuchar Construction, LLC","https://www.kucharconstruction.com","commercial GC","https://www.kucharconstruction.com/contact-our-team/","form","{""city"": ""Eagle River"", ""location"": ""Eagle River, Alaska"", ""segment"": ""commercial GC"", ""source_list"": ""your AGC chapter's public contractor directory"", ""state"": ""AK""}","new","","","","address the contract administrator; phase-3 confidence: verified; source: https://members.agcak.org/memberdirectory/Search/general-contractor-member-296133"
"kuester-management-group-f8d384","certly","Kuester Management Group","http://www.kuester.com/","HOA / community association management","http://www.kuester.com/","form","{""location"": ""North Carolina"", ""segment"": ""HOA / community association management"", ""state"": ""NC""}","new","","","","address the director of community management; phase-3 confidence: secondary; source: https://members.cai-nc.org/member-company-directory/Search/community-management-570565"
"lakeside-industries-inc-699ad0","certly","Lakeside Industries Inc","https://lakesideindustries.com/","commercial GC","https://lakesideindustries.com/contact-us/","form","{""city"": ""Issaquah"", ""location"": ""Issaquah, Washington"", ""segment"": ""commercial GC"", ""state"": ""WA""}","new","","","","route from routes-enrichment.csv (2026-09-03), verified at https://lakesideindustries.com/contact-us/; address the owner; phase-3 confidence: verified; source: https://data.wa.gov/resource/m8qx-ubtq.json?$where=contractorlicensestatus='ACTIVE'%20AND%20specialtycode1desc='GENERAL'%20AND%20state='WA'%20AND%20businesstypecodedesc%20in('Corporation','Limited%20Liability%20Company','Partnership')&$limit=30000"
"lambeth-management-9148ab","certly","Lambeth Management","https://lambethmanagement.com/","HOA / community association management","https://lambethmanagement.com/?page_id=6","form","{""location"": ""North Carolina"", ""segment"": ""HOA / community association management"", ""state"": ""NC""}","new","","","","route from routes-enrichment.csv (2026-09-03), verified at https://lambethmanagement.com/?page_id=6; address the director of community management; phase-3 confidence: secondary; source: https://members.cai-nc.org/member-company-directory/Search/community-management-570565"
"landmarc-real-estate-fcef83","certly","Landmarc Real Estate","http://www.e-landmarc.com/","HOA / community association management","http://www.e-landmarc.com/","form","{""city"": ""Fredericksburg"", ""location"": ""Fredericksburg, Virginia"", ""segment"": ""HOA / community association management"", ""state"": ""VA""}","new","","","","address the director of community management; phase-3 confidence: secondary; source: https://www.hoamanagement.com/association-management-company/landmarc-real-estate/"
"laura-lynne-real-estate-llc-12d000","certly","Laura Lynne Real Estate, LLC","https://lauralynnerealestate.com/","commercial property management","https://lauralynnerealestate.com/contact-us","form","{""city"": ""Independence"", ""location"": ""Independence, Missouri"", ""segment"": ""commercial property management"", ""state"": ""MO""}","new","","","","route from routes-enrichment.csv (2026-09-03), verified at https://lauralynnerealestate.com/contact-us; address the property management director; phase-3 confidence: secondary; source: https://www.bbb.org/search?find_country=USA&find_loc=Kansas%20City%2C%20MO&find_text=Commercial%20Property%20Management&page=1"
"liberty-investment-properties-inc-d3c7bc","certly","Liberty Investment Properties Inc.","https://www.libertyprop.com/","self-storage operator","https://www.libertyprop.com/","form","{""location"": ""Florida"", ""segment"": ""self-storage operator"", ""state"": ""FL""}","new","","","","address the director of operations; phase-3 confidence: secondary; source: https://www.sitelink.com/marketplace/management-companies/liberty-investment-properties"
"lifestyle-communities-ltd-789794","certly","Lifestyle Communities, Ltd.","https://lifestylecommunities.com/","commercial property management","https://lifestylecommunities.com/contact/","form","{""city"": ""Columbus"", ""location"": ""Columbus, Ohio"", ""segment"": ""commercial property management"", ""state"": ""OH""}","new","","","","route from routes-enrichment.csv (2026-09-03), verified at https://lifestylecommunities.com/contact/; address the property management director; phase-3 confidence: secondary; source: https://www.bbb.org/search?find_country=USA&find_loc=Columbus%2C%20OH&find_text=Commercial%20Property%20Management&page=1"
"lime-tree-management-llc-6c1b8c","certly","Lime Tree Management, LLC","http://www.limetreemanagement.com/","self-storage operator","http://www.limetreemanagement.com/","form","{""location"": ""Florida"", ""segment"": ""self-storage operator"", ""state"": ""FL""}","new","","","","address the director of operations; phase-3 confidence: secondary; source: https://www.sitelink.com/marketplace/management-companies/lime-tree-management"
"linbeck-group-llc-593944","certly","Linbeck Group, LLC","https://www.linbeck.com","commercial GC","https://www.linbeck.com/contact","form","{""city"": ""Houston"", ""location"": ""Houston, Texas"", ""segment"": ""commercial GC"", ""source_list"": ""your AGC chapter's public contractor directory"", ""state"": ""TX""}","new","","","","address the contract administrator; phase-3 confidence: verified; source: https://members.agchouston.org/directory/Search/general-contractors-386559"
"lindsey-self-storage-management-b26421","certly","Lindsey Self Storage Management","http://www.lssmanagement.com/","self-storage operator","http://www.lssmanagement.com/","form","{""location"": ""North Carolina"", ""segment"": ""self-storage operator"", ""state"": ""NC""}","new","","","","address the director of operations; phase-3 confidence: secondary; source: https://www.sitelink.com/marketplace/management-companies/lindsey-self-storage-group"
"living-room-property-management-ced22d","certly","Living Room Property Management","https://livingroomre.com/","residential property management","https://livingroomre.com/","form","{""city"": ""Portland"", ""location"": ""Portland, Oregon"", ""segment"": ""residential property management"", ""source_list"": ""the Expertise.com property management listings"", ""state"": ""OR""}","new","","","","address the owner / broker-owner; phase-3 confidence: verified; source: https://www.expertise.com/business/property-management/oregon/portland"
"lynch-management-inc-dbcd07","certly","Lynch Management Inc.","https://lynchmgt.com/","residential property management","https://lynchmgt.com/contact-us","form","{""city"": ""Omaha"", ""location"": ""Omaha, Nebraska"", ""segment"": ""residential property management"", ""source_list"": ""the Expertise.com property management listings"", ""state"": ""NE""}","new","","","","address the owner / broker-owner; phase-3 confidence: verified; source: https://www.expertise.com/business/property-management/nebraska/omaha"
"m2c1-construction-engineering-db0679","certly","M2C1 Construction & Engineering","https://www.m2c1llc.com","commercial GC","https://www.m2c1llc.com/contact-us","form","{""city"": ""Delta Junction"", ""location"": ""Delta Junction, Alaska"", ""segment"": ""commercial GC"", ""source_list"": ""your AGC chapter's public contractor directory"", ""state"": ""AK""}","new","","","","address the contract administrator; phase-3 confidence: verified; source: https://members.agcak.org/memberdirectory/Search/general-contractor-member-296133"
"maoin-management-6d0d2f","certly","Maoin Management","https://www.microhoa.com/","HOA / community association management","https://www.microhoa.com/","form","{""city"": ""Raleigh"", ""location"": ""Raleigh, North Carolina"", ""segment"": ""HOA / community association management"", ""state"": ""NC""}","new","","","","address the director of community management; phase-3 confidence: secondary; source: https://www.hoamanagement.com/association-management-company/microhoa-the-management-solution-for-small-hoas/"
"marquis-association-management-4794ef","certly","Marquis Association Management","http://www.marquishoa.com/","HOA / community association management","http://www.marquishoa.com/","form","{""city"": ""Miami"", ""location"": ""Miami, Florida"", ""segment"": ""HOA / community association management"", ""state"": ""FL""}","new","","","","address the director of community management; phase-3 confidence: secondary; source: https://www.hoamanagement.com/association-management-company/marquis-association-management/"
"mary-company-5a3fbd","certly","Mary & Company","https://www.maryandcompanyrealestate.com/","residential property management","https://www.maryandcompanyrealestate.com/","form","{""city"": ""New Orleans"", ""location"": ""New Orleans, Louisiana"", ""segment"": ""residential property management"", ""source_list"": ""the Expertise.com property management listings"", ""state"": ""LA""}","new","","","","address the owner / broker-owner; phase-3 confidence: verified; source: https://www.expertise.com/business/property-management/louisiana/new-orleans"
"maxpro-properties-llc-41606e","certly","MaxPro Properties, LLC","https://maxproproperties.com/","commercial property management","https://maxproproperties.com/contact-us/","form","{""city"": ""Salt Lake City"", ""location"": ""Salt Lake City, Utah"", ""segment"": ""commercial property management"", ""state"": ""UT""}","new","","","","route from routes-enrichment.csv (2026-09-03), verified at https://maxproproperties.com/contact-us/; address the property management director; phase-3 confidence: secondary; source: https://www.bbb.org/search?find_country=USA&find_loc=Salt%20Lake%20City%2C%20UT&find_text=Commercial%20Property%20Management&page=1"
"mccormack-construction-co-1c1ac7","certly","Mccormack Construction Co","https://mccormackconstruction.com/","commercial GC","https://mccormackconstruction.com/contact/","form","{""city"": ""Pendleton"", ""location"": ""Pendleton, Oregon"", ""segment"": ""commercial GC"", ""size_signal_raw"": ""$80000 CCB surety bond and $1000000 liability limit on file (Oregon CCB record)"", ""state"": ""OR""}","new","","","","route from routes-enrichment.csv (2026-09-03), verified at https://mccormackconstruction.com/contact/; address the owner; phase-3 confidence: verified; source: https://data.oregon.gov/resource/g77e-6bhs.json?$where=endorsement_text%20like%20'Commercial%20General%20Contractor%25'%20AND%20exempt_text='Nonexempt'&$limit=8000"
"mcintyre-construction-inc-36c685","certly","Mcintyre Construction Inc","https://www.mcintyreconstruction.com/","commercial GC","https://www.mcintyreconstruction.com/contact","form","{""city"": ""Eugene"", ""location"": ""Eugene, Oregon"", ""segment"": ""commercial GC"", ""size_signal_raw"": ""$ CCB surety bond and $1000000 liability limit on file (Oregon CCB record)"", ""state"": ""OR""}","new","","","","route from routes-enrichment.csv (2026-09-03), verified at https://www.mcintyreconstruction.com/contact; address the owner; phase-3 confidence: verified; source: https://data.oregon.gov/resource/g77e-6bhs.json?$where=endorsement_text%20like%20'Commercial%20General%20Contractor%25'%20AND%20exempt_text='Nonexempt'&$limit=8000"
"medeltone-2fdbed","certly","Medeltone","https://medeltone.com/","HOA / community association management","https://medeltone.com/about-us/","form","{""city"": ""Dayton"", ""location"": ""Dayton, Nevada"", ""segment"": ""HOA / community association management"", ""size_signal_raw"": ""5 community associations under management"", ""state"": ""NV""}","new","","","","route from routes-enrichment.csv (2026-09-03), verified at https://medeltone.com/about-us/; address the director of community management; phase-3 confidence: secondary; source: https://www.communitypay.us/management-companies/state/nevada/"
"mezzacca-kwasnik-llc-ffe721","certly","Mezzacca & Kwasnik, LLC","http://mk-lawyers.com/","HOA / community association management","http://mk-lawyers.com/","form","{""city"": ""Edison"", ""location"": ""Edison, New Jersey"", ""segment"": ""HOA / community association management"", ""state"": ""NJ""}","new","","","","address the director of community management; phase-3 confidence: secondary; source: https://www.hoamanagement.com/association-management-company/mezzacca-kwasnik-llc-2/"
"mf-cashflow-c09adc","certly","MF CashFlow","https://mfcashflow.com/","residential property management","https://mfcashflow.com/get-in-touch/","form","{""city"": ""New Lenox"", ""location"": ""New Lenox, Illinois"", ""segment"": ""residential property management"", ""source_list"": ""the Expertise.com property management listings"", ""state"": ""IL""}","new","","","","route from routes-enrichment.csv (2026-09-03), verified at https://mfcashflow.com/get-in-touch/; address the owner / broker-owner; phase-3 confidence: secondary; source: https://www.expertise.com/business/property-management/illinois/chicago"
"miami-residences-management-vacation-ren-9bf051","certly","Miami Residences Management Vacation Rental","https://mrmvr.com/","residential property management","https://mrmvr.com/contact/","form","{""city"": ""Miami Beach"", ""location"": ""Miami Beach, Florida"", ""segment"": ""residential property management"", ""source_list"": ""the Expertise.com property management listings"", ""state"": ""FL""}","new","","","","address the owner / broker-owner; phase-3 confidence: verified; source: https://www.expertise.com/business/property-management/florida/miami"
"michael-bloom-realty-company-b8af70","certly","Michael Bloom Realty Company","https://www.michaelbloomrealty.com/","commercial property management","https://www.michaelbloomrealty.com/contact-us/","form","{""city"": ""Denver"", ""location"": ""Denver, Colorado"", ""segment"": ""commercial property management"", ""state"": ""CO""}","new","","","","route from routes-enrichment.csv (2026-09-03), verified at https://www.michaelbloomrealty.com/contact-us/; address the property management director; phase-3 confidence: secondary; source: https://www.bbb.org/search?find_country=USA&find_loc=Denver%2C%20CO&find_text=Commercial%20Property%20Management&page=1"
"michels-corporation-33306c","certly","Michels Corporation","https://www.michels.us","commercial GC","https://www.michels.us/contact-us/","form","{""city"": ""Brownsville"", ""location"": ""Brownsville, Wisconsin"", ""segment"": ""commercial GC"", ""source_list"": ""your AGC chapter's public contractor directory"", ""state"": ""WI""}","new","","","","address the contract administrator; phase-3 confidence: verified; source: https://members.agcak.org/memberdirectory/Search/general-contractor-member-296133"
"microhoa-3c7002","certly","MicroHOA","https://microhoa.com/","HOA / community association management","https://microhoa.com/contact-us/","form","{""location"": ""North Carolina"", ""segment"": ""HOA / community association management"", ""state"": ""NC""}","new","","","","route from routes-enrichment.csv (2026-09-03), verified at https://microhoa.com/contact-us/; address the director of community management; phase-3 confidence: secondary; source: https://members.cai-nc.org/member-company-directory/Search/community-management-570565"
"midpoint-real-estate-services-6d0c8c","certly","Midpoint Real Estate Services","https://www.detroitpropertymanagement.com/","residential property management","https://www.detroitpropertymanagement.com/contact","form","{""city"": ""Detroit"", ""location"": ""Detroit, Michigan"", ""segment"": ""residential property management"", ""source_list"": ""the Expertise.com property management listings"", ""state"": ""MI""}","new","","","","address the owner / broker-owner; phase-3 confidence: verified; source: https://www.expertise.com/business/property-management/michigan/detroit"
"midway-vacations-3dc058","certly","Midway Vacations","https://www.midwayvacations.com/","residential property management","https://midwayvacations.com/contact-us/","form","{""city"": ""Honolulu"", ""location"": ""Honolulu, Hawaii"", ""segment"": ""residential property management"", ""source_list"": ""the Expertise.com property management listings"", ""state"": ""HI""}","new","","","","address the owner / broker-owner; phase-3 confidence: verified; source: https://www.expertise.com/business/property-management/hawaii/honolulu"
"millennium-housing-6a021b","certly","Millennium Housing","https://www.millenniumhousing.com/","manufactured housing community operator","https://www.millenniumhousing.com/?a=Contact_Us","form","{""segment"": ""manufactured housing community operator"", ""size_signal_raw"": ""4000 est. manufactured-home lots owned""}","new","","","","route from routes-enrichment.csv (2026-09-03), verified at https://www.millenniumhousing.com/?a=Contact_Us; address the director of operations; phase-3 confidence: secondary; source: https://www.mobilehomeuniversity.com/mhu-top-100-community-owners.php"
"minnestay-27a30d","certly","Minnestay","https://www.minnestay.com/","residential property management","https://www.minnestay.com/contact-us","form","{""city"": ""Minneapolis"", ""location"": ""Minneapolis, Minnesota"", ""segment"": ""residential property management"", ""source_list"": ""the Expertise.com property management listings"", ""state"": ""MN""}","new","","","","address the owner / broker-owner; phase-3 confidence: verified; source: https://www.expertise.com/business/property-management/minnesota/minneapolis"
"miracle-realty-4b556e","certly","Miracle Realty","https://miracle-realty.com/","residential property management","https://miracle-realty.com/","form","{""city"": ""Madera"", ""location"": ""Madera, California"", ""segment"": ""residential property management"", ""source_list"": ""the Expertise.com property management listings"", ""state"": ""CA""}","new","","","","address the owner / broker-owner; phase-3 confidence: verified; source: https://www.expertise.com/business/property-management/california/fresno"
"montoya-real-estate-group-e654bc","certly","Montoya Real Estate Group","https://www.montoyarealestategroup.com/","residential property management","https://www.montoyarealestategroup.com/","form","{""city"": ""El Paso"", ""location"": ""El Paso, Texas"", ""segment"": ""residential property management"", ""source_list"": ""the Expertise.com property management listings"", ""state"": ""TX""}","new","","","","address the owner / broker-owner; phase-3 confidence: verified; source: https://www.expertise.com/business/property-management/texas/el-paso"
"morganti-texas-inc-449a4a","certly","Morganti Texas, Inc.","https://www.morganti.com","commercial GC","https://www.morganti.com/#contact","form","{""city"": ""Spring"", ""location"": ""Spring, Texas"", ""segment"": ""commercial GC"", ""source_list"": ""your AGC chapter's public contractor directory"", ""state"": ""TX""}","new","","","","address the contract administrator; phase-3 confidence: verified; source: https://members.agchouston.org/directory/Search/general-contractors-386559"
"morningstar-properties-llc-b5e430","certly","Morningstar Properties, LLC.","http://www.morningstarstorage.com/","self-storage operator","http://www.morningstarstorage.com/","form","{""location"": ""North Carolina"", ""segment"": ""self-storage operator"", ""state"": ""NC""}","new","","","","address the director of operations; phase-3 confidence: secondary; source: https://www.sitelink.com/marketplace/management-companies/morningstar-properties"
"morris-management-inc-b85d00","certly","Morris Management, Inc.","https://morrismanagement.com/","HOA / community association management","https://morrismanagement.com/contact-us","form","{""city"": ""Bellevue"", ""location"": ""Bellevue, Washington"", ""segment"": ""HOA / community association management"", ""size_signal_raw"": ""53 community associations under management"", ""state"": ""WA""}","new","","","","route from routes-enrichment.csv (2026-09-03), verified at https://morrismanagement.com/contact-us; address the director of community management; phase-3 confidence: secondary; source: https://www.communitypay.us/management-companies/state/washington/"
"move-it-management-dd63de","certly","Move It Management","https://www.nsastorage.com/move-it-management","self-storage operator","https://www.nsastorage.com/move-it-management","form","{""location"": ""Texas"", ""segment"": ""self-storage operator"", ""state"": ""TX""}","new","","","","address the director of operations; phase-3 confidence: secondary; source: https://www.sitelink.com/marketplace/management-companies/move-it-management"
"mpb-realty-services-b16f72","certly","MPB Realty Services","https://mpbrealty.net/","commercial property management","https://mpbrealty.net/contact-us.html","form","{""city"": ""Phoenix"", ""location"": ""Phoenix, Arizona"", ""segment"": ""commercial property management"", ""state"": ""AZ""}","new","","","","route from routes-enrichment.csv (2026-09-03), verified at https://mpbrealty.net/contact-us.html; address the property management director; phase-3 confidence: secondary; source: https://www.bbb.org/search?find_country=USA&find_loc=Phoenix%2C%20AZ&find_text=Commercial%20Property%20Management&page=1"
"my-arizona-hoa-manager-56e5bb","certly","My Arizona HOA Manager","https://myarizonahoamanager.com/","HOA / community association management","https://myarizonahoamanager.com/","form","{""city"": ""Phoenix"", ""location"": ""Phoenix, Arizona"", ""segment"": ""HOA / community association management"", ""state"": ""AZ""}","new","","","","address the director of community management; phase-3 confidence: secondary; source: https://www.hoamanagement.com/association-management-company/my-arizona-hoa-manager/"
"my-florida-hoa-manager-be169d","certly","My Florida HOA Manager","https://myfloridahoamanager.com/","HOA / community association management","https://myfloridahoamanager.com/","form","{""city"": ""Tampa"", ""location"": ""Tampa, Florida"", ""segment"": ""HOA / community association management"", ""state"": ""FL""}","new","","","","address the director of community management; phase-3 confidence: secondary; source: https://www.hoamanagement.com/association-management-company/my-florida-hoa-manager/"
"my-property-billing-33391e","certly","My Property Billing","https://www.mypropertybilling.com/","HOA / community association management","https://www.mypropertybilling.com/","form","{""city"": ""Chester"", ""location"": ""Chester, New Jersey"", ""segment"": ""HOA / community association management"", ""state"": ""NJ""}","new","","","","address the director of community management; phase-3 confidence: secondary; source: https://www.hoamanagement.com/association-management-company/my-property-billing/"
"national-storage-solutions-management-2bda58","certly","National Storage Solutions Management","https://www.nssmanagement.com/","self-storage operator","https://www.nssmanagement.com/","form","{""location"": ""Texas"", ""segment"": ""self-storage operator"", ""state"": ""TX""}","new","","","","address the director of operations; phase-3 confidence: secondary; source: https://www.sitelink.com/marketplace/management-companies/national-storage-solutions-management"
"neeser-construction-inc-6c0d77","certly","Neeser Construction, Inc.","https://www.neeserinc.com","commercial GC","https://www.neeserinc.com/contact/","form","{""city"": ""Anchorage"", ""location"": ""Anchorage, Alaska"", ""segment"": ""commercial GC"", ""source_list"": ""your AGC chapter's public contractor directory"", ""state"": ""AK""}","new","","","","address the contract administrator; phase-3 confidence: verified; source: https://members.agcak.org/memberdirectory/Search/general-contractor-member-296133"
"neil-kelly-co-inc-5c20fe","certly","Neil Kelly Co Inc","https://www.neilkelly.com/","commercial GC","https://www.neilkelly.com/contact/","form","{""city"": ""Portland"", ""location"": ""Portland, Oregon"", ""segment"": ""commercial GC"", ""size_signal_raw"": ""$25000 CCB surety bond and $1000000 liability limit on file (Oregon CCB record)"", ""state"": ""OR""}","new","","","","route from routes-enrichment.csv (2026-09-03), verified at https://www.neilkelly.com/contact/; address the owner; phase-3 confidence: verified; source: https://data.oregon.gov/resource/g77e-6bhs.json?$where=endorsement_text%20like%20'Commercial%20General%20Contractor%25'%20AND%20exempt_text='Nonexempt'&$limit=8000"
"nor-wes-construction-inc-a79ee9","certly","Nor Wes Construction Inc","https://www.norwesconstruction.com/","commercial GC","https://www.norwesconstruction.com/about","form","{""city"": ""Seattle"", ""location"": ""Seattle, Washington"", ""segment"": ""commercial GC"", ""state"": ""WA""}","new","","","","route from routes-enrichment.csv (2026-09-03), verified at https://www.norwesconstruction.com/about; address the owner; phase-3 confidence: verified; source: https://data.wa.gov/resource/m8qx-ubtq.json?$where=contractorlicensestatus='ACTIVE'%20AND%20specialtycode1desc='GENERAL'%20AND%20state='WA'%20AND%20businesstypecodedesc%20in('Corporation','Limited%20Liability%20Company','Partnership')&$limit=30000"
"northeast-property-group-inc-9e99d1","certly","Northeast Property Group, Inc","https://www.neproperty.com/","residential property management","https://www.neproperty.com/contact-us/","form","{""city"": ""New London"", ""location"": ""New London, Connecticut"", ""segment"": ""residential property management"", ""source_list"": ""the Expertise.com property management listings"", ""state"": ""CT""}","new","","","","address the owner / broker-owner; phase-3 confidence: verified; source: https://www.expertise.com/business/property-management/connecticut/hartford"
"northwest-property-financial-management--859a7a","certly","Northwest Property &  Financial Management Corp","https://northwestpropertymanagement.net/","commercial property management","https://northwestpropertymanagement.net/company-overview/","form","{""city"": ""Crystal Lake"", ""location"": ""Crystal Lake, Illinois"", ""segment"": ""commercial property management"", ""state"": ""IL""}","new","","","","route from routes-enrichment.csv (2026-09-03), verified at https://northwestpropertymanagement.net/company-overview/; address the property management director; phase-3 confidence: secondary; source: https://www.bbb.org/search?find_country=USA&find_loc=Milwaukee%2C%20WI&find_text=Commercial%20Property%20Management&page=2"
"nova-management-fbecd0","certly","Nova Management","https://nova-mgt.com/","HOA / community association management","https://nova-mgt.com/","form","{""city"": ""Lewis Center"", ""location"": ""Lewis Center, Ohio"", ""segment"": ""HOA / community association management"", ""state"": ""OH""}","new","","","","address the director of community management; phase-3 confidence: secondary; source: https://www.hoamanagement.com/association-management-company/nova-management/"
"okc-home-realty-services-llc-59fb24","certly","OKC Home Realty Services, LLC","https://yourokcpropertymanager.com/","residential property management","https://www.yourokcpropertymanager.com/contact","form","{""city"": ""Oklahoma City"", ""location"": ""Oklahoma City, Oklahoma"", ""segment"": ""residential property management"", ""source_list"": ""the Expertise.com property management listings"", ""state"": ""OK""}","new","","","","address the owner / broker-owner; phase-3 confidence: verified; source: https://www.expertise.com/business/property-management/oklahoma/oklahoma-city"
"oklahoma-hoa-partner-6dcfb8","certly","Oklahoma HOA Partner","https://www.okhoapartner.com/","HOA / community association management","https://www.okhoapartner.com/","form","{""city"": ""Oklahoma City"", ""location"": ""Oklahoma City, Oklahoma"", ""segment"": ""HOA / community association management"", ""state"": ""OK""}","new","","","","address the director of community management; phase-3 confidence: secondary; source: https://www.hoamanagement.com/association-management-company/oklahoma-hoa-partner/"
"omni-real-estate-d100e7","certly","Omni Real Estate","https://www.omniproperties-re.com/san-francisco","residential property management","https://www.omniproperties-re.com/contact","form","{""city"": ""San Francisco"", ""location"": ""San Francisco, California"", ""segment"": ""residential property management"", ""source_list"": ""the Expertise.com property management listings"", ""state"": ""CA""}","new","","","","address the owner / broker-owner; phase-3 confidence: verified; source: https://www.expertise.com/business/property-management/california/san-francisco"
"omni-realtors-and-property-management-ll-f876a5","certly","Omni, Realtors and Property Management LLC","https://www.myomnirealty.com","residential property management","https://www.myomnirealty.com/contact/","form","{""city"": ""Hendersonville"", ""location"": ""Hendersonville, Tennessee"", ""segment"": ""residential property management"", ""source_list"": ""the Expertise.com property management listings"", ""state"": ""TN""}","new","","","","address the owner / broker-owner; phase-3 confidence: verified; source: https://www.expertise.com/business/property-management/tennessee/nashville"
"optivest-properties-7eff81","certly","Optivest Properties","https://management.hello.storage/","self-storage operator","https://management.hello.storage/","form","{""location"": ""California"", ""segment"": ""self-storage operator"", ""state"": ""CA""}","new","","","","address the director of operations; phase-3 confidence: secondary; source: https://www.sitelink.com/marketplace/management-companies/optivest-properties"
"oregon-pacific-construction-inc-89e0b2","certly","Oregon Pacific Construction Inc","https://oregonpacificconstruction.com/","commercial GC","https://oregonpacificconstruction.com/contact","form","{""city"": ""Woodburn"", ""location"": ""Woodburn, Oregon"", ""segment"": ""commercial GC"", ""size_signal_raw"": ""$80000 CCB surety bond and $1000000 liability limit on file (Oregon CCB record)"", ""state"": ""OR""}","new","","","","route from routes-enrichment.csv (2026-09-03), verified at https://oregonpacificconstruction.com/contact; address the owner; phase-3 confidence: verified; source: https://data.oregon.gov/resource/g77e-6bhs.json?$where=endorsement_text%20like%20'Commercial%20General%20Contractor%25'%20AND%20exempt_text='Nonexempt'&$limit=8000"
"orion-marine-contractors-inc-1bf526","certly","Orion Marine Contractors, Inc.","https://www.oriongroupholdingsinc.com","commercial GC","https://www.oriongroupholdingsinc.com/investors/contact-and-alerts","form","{""city"": ""Anchorage"", ""location"": ""Anchorage, Alaska"", ""segment"": ""commercial GC"", ""source_list"": ""your AGC chapter's public contractor directory"", ""state"": ""AK""}","new","","","","address the contract administrator; phase-3 confidence: verified; source: https://members.agcak.org/memberdirectory/Search/general-contractor-member-296133"
"o-donnell-snider-construction-f63fd1","certly","O’Donnell/Snider Construction","https://www.odonnellsnider.com","commercial GC","https://www.odonnellsnider.com/contact-us/","form","{""city"": ""Houston"", ""location"": ""Houston, Texas"", ""segment"": ""commercial GC"", ""source_list"": ""your AGC chapter's public contractor directory"", ""state"": ""TX""}","new","","","","address the contract administrator; phase-3 confidence: verified; source: https://members.agchouston.org/directory/Search/general-contractors-386559"
"p-c-construction-co-7b537d","certly","P & C Construction Co","https://pcconstruction.com/","commercial GC","https://pcconstruction.com/contact/","form","{""city"": ""Portland"", ""location"": ""Portland, Oregon"", ""segment"": ""commercial GC"", ""size_signal_raw"": ""$80000 CCB surety bond and $1000000 liability limit on file (Oregon CCB record)"", ""state"": ""OR""}","new","","","","route from routes-enrichment.csv (2026-09-03), verified at https://pcconstruction.com/contact/; address the owner; phase-3 confidence: verified; source: https://data.oregon.gov/resource/g77e-6bhs.json?$where=endorsement_text%20like%20'Commercial%20General%20Contractor%25'%20AND%20exempt_text='Nonexempt'&$limit=8000"
"paielli-associates-5c35f4","certly","Paielli & Associates","https://hoafinancialmanagementservices.com/","HOA / community association management","https://hoafinancialmanagementservices.com/","form","{""city"": ""Phoenix"", ""location"": ""Phoenix, Arizona"", ""segment"": ""HOA / community association management"", ""state"": ""AZ""}","new","","","","address the director of community management; phase-3 confidence: secondary; source: https://www.hoamanagement.com/association-management-company/paielli-associates/"
"palladium-property-management-78c913","certly","Palladium Property Management","https://palladiumpropertymgt.com/","residential property management","https://palladiumpropertymgt.com/contact-us","form","{""city"": ""Farmington Hills"", ""location"": ""Farmington Hills, Michigan"", ""segment"": ""residential property management"", ""source_list"": ""the Expertise.com property management listings"", ""state"": ""MI""}","new","","","","address the owner / broker-owner; phase-3 confidence: verified; source: https://www.expertise.com/business/property-management/michigan/detroit"
"pamco-management-f23f6b","certly","PamCo Management","https://www.pamcotx.com/","HOA / community association management","https://www.pamcotx.com/","form","{""city"": ""Cedar Park"", ""location"": ""Cedar Park, Texas"", ""segment"": ""HOA / community association management"", ""state"": ""TX""}","new","","","","address the director of community management; phase-3 confidence: secondary; source: https://www.hoamanagement.com/association-management-company/pamco/"
"park-avenue-partners-028f5f","certly","Park Avenue Partners","https://www.parkavenuepartners.com/","manufactured housing community operator","https://www.parkavenuepartners.com/contact","form","{""segment"": ""manufactured housing community operator"", ""size_signal_raw"": ""1,804 manufactured-home lots owned""}","new","","","","route from routes-enrichment.csv (2026-09-03), verified at https://www.parkavenuepartners.com/contact; address the director of operations; phase-3 confidence: secondary; source: https://www.mobilehomeuniversity.com/mhu-top-100-community-owners.php"
"park-property-management-solutions-286c0b","certly","Park Property Management Solutions","https://www.parkpmsolutions.com/","HOA / community association management","https://www.parkpmsolutions.com/","form","{""city"": ""Orland Park"", ""location"": ""Orland Park, Illinois"", ""segment"": ""HOA / community association management"", ""state"": ""IL""}","new","","","","address the director of community management; phase-3 confidence: secondary; source: https://www.hoamanagement.com/association-management-company/park-property-management-solutions/"
"parks-edge-properties-47a2ba","certly","Parks Edge Properties","https://www.parksedgeproperties.com/","residential property management","https://www.parksedgeproperties.com/contact-us","form","{""city"": ""Pittsburgh"", ""location"": ""Pittsburgh, Pennsylvania"", ""segment"": ""residential property management"", ""source_list"": ""the Expertise.com property management listings"", ""state"": ""PA""}","new","","","","address the owner / broker-owner; phase-3 confidence: verified; source: https://www.expertise.com/business/property-management/pennsylvania/pittsburgh"
"parkstone-communities-32685c","certly","Parkstone Communities","https://parkstonecommunities.com/","manufactured housing community operator","https://parkstonecommunities.com/contact/","form","{""segment"": ""manufactured housing community operator"", ""size_signal_raw"": ""1,104 manufactured-home lots owned""}","new","","","","route from routes-enrichment.csv (2026-09-03), verified at https://parkstonecommunities.com/contact/; address the director of operations; phase-3 confidence: secondary; source: https://www.mobilehomeuniversity.com/mhu-top-100-community-owners.php"
"parr-abernathy-realty-inc-93f877","certly","Parr & Abernathy Realty, Inc.","https://parrandabernathyrealty.com/","residential property management","https://parrandabernathyrealty.com/contact-us/","form","{""city"": ""Hopewell"", ""location"": ""Hopewell, Virginia"", ""segment"": ""residential property management"", ""source_list"": ""the Expertise.com property management listings"", ""state"": ""VA""}","new","","","","address the owner / broker-owner; phase-3 confidence: verified; source: https://www.expertise.com/business/property-management/virginia/richmond"
"paul-darden-company-7262ee","certly","Paul Darden Company","http://pauldarden.com/","self-storage operator","http://pauldarden.com/","form","{""location"": ""Texas"", ""segment"": ""self-storage operator"", ""state"": ""TX""}","new","","","","address the director of operations; phase-3 confidence: secondary; source: https://www.sitelink.com/marketplace/management-companies/paul-darden-company"
"pc-construction-company-beba9b","certly","PC Construction Company","https://pcconstruction.com","commercial GC","https://pcconstruction.com/contact/","form","{""city"": ""Manchester"", ""location"": ""Manchester, New Hampshire"", ""segment"": ""commercial GC"", ""source_list"": ""your AGC chapter's public contractor directory"", ""state"": ""NH""}","new","","","","address the contract administrator; phase-3 confidence: verified; source: https://members.agcnh.org/directory/Search/building-contractors-325083"
"peek-realty-8c4dd7","certly","Peek Realty","https://peekrealtyhouston.com/","residential property management","https://peekrealtyhouston.com/contact-us","form","{""city"": ""Houston"", ""location"": ""Houston, Texas"", ""segment"": ""residential property management"", ""source_list"": ""the Expertise.com property management listings"", ""state"": ""TX""}","new","","","","address the owner / broker-owner; phase-3 confidence: verified; source: https://www.expertise.com/business/property-management/texas/houston"
"pelican-realty-of-louisiana-llc-9492f3","certly","Pelican Realty of Louisiana, LLC.","https://pelicanrealtyla.com/","residential property management","https://pelicanrealtyla.com/contact-pelican-realty.html","form","{""city"": ""Terrytown"", ""location"": ""Terrytown, Louisiana"", ""segment"": ""residential property management"", ""source_list"": ""the Expertise.com property management listings"", ""state"": ""LA""}","new","","","","address the owner / broker-owner; phase-3 confidence: verified; source: https://www.expertise.com/business/property-management/louisiana/new-orleans"
"pennybag-property-management-afe72f","certly","Pennybag Property Management","https://pennybagpropertymanagement.com/","residential property management","https://pennybagpropertymanagement.com/contact-us.php","form","{""city"": ""Milwaukee"", ""location"": ""Milwaukee, Wisconsin"", ""segment"": ""residential property management"", ""source_list"": ""the Expertise.com property management listings"", ""state"": ""WI""}","new","","","","address the owner / broker-owner; phase-3 confidence: verified; source: https://www.expertise.com/business/property-management/wisconsin/milwaukee"
"performance-asset-management-8e6efd","certly","Performance Asset Management","https://performanceassetmanagement.com/","commercial property management","https://performanceassetmanagement.com/?page_id=5","form","{""city"": ""Milwaukee"", ""location"": ""Milwaukee, Wisconsin"", ""segment"": ""commercial property management"", ""state"": ""WI""}","new","","","","route from routes-enrichment.csv (2026-09-03), verified at https://performanceassetmanagement.com/?page_id=5; address the property management director; phase-3 confidence: secondary; source: https://www.bbb.org/search?find_country=USA&find_loc=Milwaukee%2C%20WI&find_text=Commercial%20Property%20Management&page=1"
"perimeter-property-services-llc-84b79a","certly","Perimeter Property Services, LLC","https://perimeterpropertyservices.com/","commercial property management","https://perimeterpropertyservices.com/#contact","form","{""city"": ""Atlanta"", ""location"": ""Atlanta, Georgia"", ""segment"": ""commercial property management"", ""state"": ""GA""}","new","","","","route from routes-enrichment.csv (2026-09-03), verified at https://perimeterpropertyservices.com/#contact; address the property management director; phase-3 confidence: secondary; source: https://www.bbb.org/search?find_country=USA&find_loc=Atlanta%2C%20GA&find_text=Commercial%20Property%20Management&page=1"
"personal-mini-storage-9b997a","certly","Personal Mini Storage","https://www.personalministorage.com/self-storage-management","self-storage operator","https://www.personalministorage.com/self-storage-management","form","{""location"": ""Florida"", ""segment"": ""self-storage operator"", ""state"": ""FL""}","new","","","","address the director of operations; phase-3 confidence: secondary; source: https://www.sitelink.com/marketplace/management-companies/personal-mini-storage-management"
"pinnacle-construction-inc-4fbf59","certly","Pinnacle Construction, Inc.","https://www.pinnacleak.com","commercial GC","https://www.pinnacleak.com/contact.html","form","{""city"": ""Anchorage"", ""location"": ""Anchorage, Alaska"", ""segment"": ""commercial GC"", ""source_list"": ""your AGC chapter's public contractor directory"", ""state"": ""AK""}","new","","","","address the contract administrator; phase-3 confidence: verified; source: https://members.agcak.org/memberdirectory/Search/general-contractor-member-296133"
"platinum-association-management-6d45c6","certly","Platinum Association Management","https://platinumassociationmanagement.com/","HOA / community association management","https://platinumassociationmanagement.com/","form","{""city"": ""Kissimmee"", ""location"": ""Kissimmee, Florida"", ""segment"": ""HOA / community association management"", ""state"": ""FL""}","new","","","","address the director of community management; phase-3 confidence: secondary; source: https://www.hoamanagement.com/association-management-company/platinum-association-management/"
"pmi-636aa6","certly","PMI","https://www.houstontxassociationmanagement.com/","HOA / community association management","https://www.houstontxassociationmanagement.com/","form","{""city"": ""Houston"", ""location"": ""Houston, Texas"", ""segment"": ""HOA / community association management"", ""state"": ""TX""}","new","","","","address the director of community management; phase-3 confidence: secondary; source: https://www.hoamanagement.com/association-management-company/pmi-bayou-city/"
"pmi-alliance-00f16e","certly","PMI Alliance","https://www.propertymanagementinc.com/pmi-alliance/","HOA / community association management","https://www.propertymanagementinc.com/pmi-alliance/","form","{""city"": ""Flower Mound"", ""location"": ""Flower Mound, Texas"", ""segment"": ""HOA / community association management"", ""state"": ""TX""}","new","","","","address the director of community management; phase-3 confidence: secondary; source: https://www.hoamanagement.com/association-management-company/pmi-alliance/"
"pmi-american-river-ff02cf","certly","PMI American River","https://www.propertymanagementinc.com/pmi-american-river/","HOA / community association management","https://www.propertymanagementinc.com/pmi-american-river/","form","{""city"": ""Sacramento"", ""location"": ""Sacramento, California"", ""segment"": ""HOA / community association management"", ""state"": ""CA""}","new","","","","address the director of community management; phase-3 confidence: secondary; source: https://www.hoamanagement.com/association-management-company/pmi-american-river/"
"pmi-metroplex-properties-3fa925","certly","PMI Metroplex Properties","https://www.bedfordpropertymanagementinc.com/bedford-association-management","HOA / community association management","https://www.bedfordpropertymanagementinc.com/bedford-association-management","form","{""city"": ""Bedford"", ""location"": ""Bedford, Texas"", ""segment"": ""HOA / community association management"", ""state"": ""TX""}","new","","","","address the director of community management; phase-3 confidence: secondary; source: https://www.hoamanagement.com/association-management-company/pmi-metroplex-properties/"
"pogoda-companies-aebe69","certly","Pogoda Companies","https://pogodaco.com/","self-storage operator","https://pogodaco.com/","form","{""location"": ""Michigan"", ""segment"": ""self-storage operator"", ""state"": ""MI""}","new","","","","address the director of operations; phase-3 confidence: secondary; source: https://www.sitelink.com/marketplace/management-companies/pogoda-management"
"porchlight-property-management-llc-d1585f","certly","Porchlight Property Management LLC","https://www.porchlightpropertymanagement.com/","commercial property management","https://www.porchlightpropertymanagement.com/contact","form","{""city"": ""Lynden"", ""location"": ""Lynden, Washington"", ""segment"": ""commercial property management"", ""state"": ""WA""}","new","","","","route from routes-enrichment.csv (2026-09-03), verified at https://www.porchlightpropertymanagement.com/contact; address the property management director; phase-3 confidence: secondary; source: https://www.bbb.org/search?find_country=USA&find_loc=Seattle%2C%20WA&find_text=Commercial%20Property%20Management&page=2"
"porter-w-yett-company-617c5a","certly","Porter W Yett Company","https://porteryett.com/","commercial GC","https://porteryett.com/contact-pwy.html","form","{""city"": ""Portland"", ""location"": ""Portland, Oregon"", ""segment"": ""commercial GC"", ""size_signal_raw"": ""$80000 CCB surety bond and $1000000 liability limit on file (Oregon CCB record)"", ""state"": ""OR""}","new","","","","route from routes-enrichment.csv (2026-09-03), verified at https://porteryett.com/contact-pwy.html; address the owner; phase-3 confidence: verified; source: https://data.oregon.gov/resource/g77e-6bhs.json?$where=endorsement_text%20like%20'Commercial%20General%20Contractor%25'%20AND%20exempt_text='Nonexempt'&$limit=8000"
"premier-management-company-d5f65c","certly","Premier Management Company","http://www.premiermanagementnc.com/","HOA / community association management","http://www.premiermanagementnc.com/","form","{""location"": ""North Carolina"", ""segment"": ""HOA / community association management"", ""state"": ""NC""}","new","","","","address the director of community management; phase-3 confidence: secondary; source: https://members.cai-nc.org/member-company-directory/Search/community-management-570565"
"premier-management-professional-llc-f82ef6","certly","Premier Management Professional, LLC","https://premiermanagement.com/","HOA / community association management","https://premiermanagement.com/contact.php","form","{""city"": ""Scappoose"", ""location"": ""Scappoose, Oregon"", ""segment"": ""HOA / community association management"", ""size_signal_raw"": ""7 community associations under management"", ""state"": ""OR""}","new","","","","route from routes-enrichment.csv (2026-09-03), verified at https://premiermanagement.com/contact.php; address the director of community management; phase-3 confidence: secondary; source: https://www.communitypay.us/management-companies/state/oregon/"
"premier-property-services-0a7b5b","certly","Premier Property Services","https://pcpremierproperty.com/","residential property management","https://pcpremierproperty.com/","form","{""city"": ""Park City"", ""location"": ""Park City, Utah"", ""segment"": ""residential property management"", ""source_list"": ""the Expertise.com property management listings"", ""state"": ""UT""}","new","","","","address the owner / broker-owner; phase-3 confidence: verified; source: https://www.expertise.com/business/property-management/utah/salt-lake-city"
"prime-real-estate-group-7bada2","certly","Prime Real Estate Group","https://www.propertybyprime.com/","residential property management","https://www.propertybyprime.com/","form","{""city"": ""Spokane"", ""location"": ""Spokane, Washington"", ""segment"": ""residential property management"", ""source_list"": ""the Expertise.com property management listings"", ""state"": ""WA""}","new","","","","address the owner / broker-owner; phase-3 confidence: verified; source: https://www.expertise.com/business/property-management/washington/spokane"
"procon-llc-4bf198","certly","PROCON LLC","https://proconinc.com","commercial GC","https://proconinc.com/contact","form","{""city"": ""Hooksett"", ""location"": ""Hooksett, New Hampshire"", ""segment"": ""commercial GC"", ""source_list"": ""your AGC chapter's public contractor directory"", ""state"": ""NH""}","new","","","","address the contract administrator; phase-3 confidence: verified; source: https://members.agcnh.org/directory/Search/building-contractors-325083"
"property-management-inc-columbus-7cd90f","certly","Property Management Inc Columbus","https://columbuspropertymanagementinc.com/","residential property management","https://www.columbuspropertymanagementinc.com/contact","form","{""city"": ""Columbus"", ""location"": ""Columbus, Ohio"", ""segment"": ""residential property management"", ""source_list"": ""the Expertise.com property management listings"", ""state"": ""OH""}","new","","","","route from routes-enrichment.csv (2026-09-03), verified at https://www.columbuspropertymanagementinc.com/contact; address the owner / broker-owner; phase-3 confidence: secondary; source: https://www.expertise.com/business/property-management/ohio/columbus"
"property-management-inc-wichita-ccbae8","certly","Property Management Inc. Wichita","https://www.wichitapropertymanagementinc.com/","residential property management","https://www.wichitapropertymanagementinc.com/contact","form","{""city"": ""Wichita"", ""location"": ""Wichita, Kansas"", ""segment"": ""residential property management"", ""source_list"": ""the Expertise.com property management listings"", ""state"": ""KS""}","new","","","","address the owner / broker-owner; phase-3 confidence: verified; source: https://www.expertise.com/business/property-management/kansas/wichita"
"property-management-redefined-llc-15b4ae","certly","Property Management Redefined, LLC","https://gopmr.com/","residential property management","https://gopmr.com/contact-us/","form","{""city"": ""Philadelphia"", ""location"": ""Philadelphia, Pennsylvania"", ""segment"": ""residential property management"", ""source_list"": ""the Expertise.com property management listings"", ""state"": ""PA""}","new","","","","address the owner / broker-owner; phase-3 confidence: verified; source: https://www.expertise.com/business/property-management/pennsylvania/philadelphia"
"property-management-solutions-dd343e","certly","Property Management Solutions","https://www.pmsolutionsva.com/","residential property management","https://www.pmsolutionsva.com/contact","form","{""city"": ""Virginia Beach"", ""location"": ""Virginia Beach, Virginia"", ""segment"": ""residential property management"", ""source_list"": ""the Expertise.com property management listings"", ""state"": ""VA""}","new","","","","address the owner / broker-owner; phase-3 confidence: verified; source: https://www.expertise.com/business/property-management/virginia/virginia-beach"
"property-matters-realty-llc-aa5fba","certly","Property Matters Realty LLC","https://www.propertymattersrealty.com/","HOA / community association management","https://www.propertymattersrealty.com/about-us","form","{""location"": ""North Carolina"", ""segment"": ""HOA / community association management"", ""state"": ""NC""}","new","","","","route from routes-enrichment.csv (2026-09-03), verified at https://www.propertymattersrealty.com/about-us; address the director of community management; phase-3 confidence: secondary; source: https://members.cai-nc.org/member-company-directory/Search/community-management-570565"
"property-specific-realty-4b3402","certly","Property Specific Realty","https://propertyspecificmanagement.com/","residential property management","https://propertyspecificmanagement.com/contact","form","{""city"": ""Wake Forest"", ""location"": ""Wake Forest, North Carolina"", ""segment"": ""residential property management"", ""source_list"": ""the Expertise.com property management listings"", ""state"": ""NC""}","new","","","","address the owner / broker-owner; phase-3 confidence: verified; source: https://www.expertise.com/business/property-management/north-carolina/raleigh"
"pyramis-company-property-management-f07b35","certly","Pyramis Company Property Management","https://pyramiscompany.com","residential property management","https://pyramiscompany.com/contact-us/","form","{""city"": ""San Antonio"", ""location"": ""San Antonio, Texas"", ""portfolio"": {""approx"": true, ""count"": 1000, ""noun"": ""properties""}, ""segment"": ""residential property management"", ""size_signal_raw"": ""1,000+ properties managed"", ""source_list"": ""the Expertise.com property management listings"", ""state"": ""TX""}","new","","","","address the owner / broker-owner; phase-3 confidence: verified; source: https://www.expertise.com/business/property-management/texas/san-antonio"
"qayaq-construction-llc-b89bca","certly","Qayaq Construction, LLC","https://uicalaska.com/our-companies/qayaq-construction-llc","commercial GC","https://uicalaska.com/contact-us/","form","{""city"": ""Anchorage"", ""location"": ""Anchorage, Alaska"", ""segment"": ""commercial GC"", ""source_list"": ""your AGC chapter's public contractor directory"", ""state"": ""AK""}","new","","","","address the contract administrator; phase-3 confidence: verified; source: https://members.agcak.org/memberdirectory/Search/general-contractor-member-296133"
"r-and-b-property-management-791f82","certly","R and B Property Management","https://randbpropertymgmt.com/","residential property management","https://randbpropertymgmt.com/contact","form","{""city"": ""Detroit"", ""location"": ""Detroit, Michigan"", ""segment"": ""residential property management"", ""source_list"": ""the Expertise.com property management listings"", ""state"": ""MI""}","new","","","","address the owner / broker-owner; phase-3 confidence: verified; source: https://www.expertise.com/business/property-management/michigan/detroit"
"real-property-management-c64807","certly","Real Property Management","https://propertymanagementplatinum.com/","residential property management","https://www.propertymanagementplatinum.com/contact-us","form","{""city"": ""Clovis"", ""location"": ""Clovis, California"", ""segment"": ""residential property management"", ""source_list"": ""the Expertise.com property management listings"", ""state"": ""CA""}","new","","","","address the owner / broker-owner; phase-3 confidence: verified; source: https://www.expertise.com/business/property-management/california/fresno"
"real-property-management-realty-652f2e","certly","Real Property Management & Realty","https://rpmrealty.net/","residential property management","https://rpmrealty.net/contact/","form","{""city"": ""Winter Park"", ""location"": ""Winter Park, Florida"", ""segment"": ""residential property management"", ""source_list"": ""the Expertise.com property management listings"", ""state"": ""FL""}","new","","","","address the owner / broker-owner; phase-3 confidence: verified; source: https://www.expertise.com/business/property-management/florida/orlando"
"real-property-management-colorado-llc-ecae60","certly","Real Property Management Colorado, LLC","https://realpropertymanagementcolorado.com/","commercial property management","https://realpropertymanagementcolorado.com/contact-us/","form","{""city"": ""Loveland"", ""location"": ""Loveland, Colorado"", ""segment"": ""commercial property management"", ""state"": ""CO""}","new","","","","route from routes-enrichment.csv (2026-09-03), verified at https://realpropertymanagementcolorado.com/contact-us/; address the property management director; phase-3 confidence: secondary; source: https://www.bbb.org/search?find_country=USA&find_loc=Denver%2C%20CO&find_text=Commercial%20Property%20Management&page=2"
"real-property-management-first-choice-5fcb71","certly","Real Property Management First Choice","https://www.rpmfirstchoice.com/","residential property management","https://www.rpmfirstchoice.com/contact-us","form","{""city"": ""Wichita"", ""location"": ""Wichita, Kansas"", ""segment"": ""residential property management"", ""source_list"": ""the Expertise.com property management listings"", ""state"": ""KS""}","new","","","","address the owner / broker-owner; phase-3 confidence: verified; source: https://www.expertise.com/business/property-management/kansas/wichita"
"real-property-management-legacy-fab6fc","certly","Real Property Management Legacy","https://realpmlegacy.com/","residential property management","https://www.realpmlegacy.com/contact-us","form","{""city"": ""Omaha"", ""location"": ""Omaha, Nebraska"", ""segment"": ""residential property management"", ""source_list"": ""the Expertise.com property management listings"", ""state"": ""NE""}","new","","","","address the owner / broker-owner; phase-3 confidence: verified; source: https://www.expertise.com/business/property-management/nebraska/omaha"
"real-sense-real-estate-b5f409","certly","Real Sense Real Estate","https://dfwrealtysense.com/","residential property management","https://dfwrealtysense.com/contact","form","{""city"": ""Arlington"", ""location"": ""Arlington, Texas"", ""segment"": ""residential property management"", ""source_list"": ""the Expertise.com property management listings"", ""state"": ""TX""}","new","","","","address the owner / broker-owner; phase-3 confidence: verified; source: https://www.expertise.com/business/property-management/texas/fort-worth"
"real-time-leasing-crmc-94c465","certly","Real-Time Leasing, CRMC","https://www.minneapolispropertymanagement.com/","residential property management","https://purehomeriver.com/contact/","form","{""city"": ""Eagan"", ""location"": ""Eagan, Minnesota"", ""portfolio"": {""approx"": false, ""count"": 40000, ""noun"": ""properties""}, ""segment"": ""residential property management"", ""size_signal_raw"": ""40,000 properties managed"", ""source_list"": ""the Expertise.com property management listings"", ""state"": ""MN""}","new","","","","address the owner / broker-owner; phase-3 confidence: verified; source: https://www.expertise.com/business/property-management/minnesota/minneapolis"
"realmanage-2afc36","certly","RealManage","http://www.realmanage.com/","HOA / community association management","http://www.realmanage.com/","form","{""location"": ""North Carolina"", ""segment"": ""HOA / community association management"", ""state"": ""NC""}","new","","","","address the director of community management; phase-3 confidence: secondary; source: https://members.cai-nc.org/member-company-directory/Search/community-management-570565"
"realty-capital-management-3807c4","certly","Realty Capital Management","https://propertymanagementmemphis.net/","residential property management","https://propertymanagementmemphis.net/contact/","form","{""city"": ""Memphis"", ""location"": ""Memphis, Tennessee"", ""segment"": ""residential property management"", ""source_list"": ""the Expertise.com property management listings"", ""state"": ""TN""}","new","","","","address the owner / broker-owner; phase-3 confidence: verified; source: https://www.expertise.com/business/property-management/tennessee/memphis"
"realty-now-property-management-6f81d4","certly","Realty Now Property Management","https://realtynowpm.com/","residential property management","https://realtynowpm.com/contact/","form","{""city"": ""Beachwood"", ""location"": ""Beachwood, Ohio"", ""segment"": ""residential property management"", ""source_list"": ""the Expertise.com property management listings"", ""state"": ""OH""}","new","","","","address the owner / broker-owner; phase-3 confidence: verified; source: https://www.expertise.com/business/property-management/ohio/cleveland"
"red-door-realty-services-llc-107b1f","certly","Red Door Realty Services LLC","https://www.reddoorrealtyservices.com/","commercial property management","https://www.reddoorrealtyservices.com/contact","form","{""city"": ""Bullhead City"", ""location"": ""Bullhead City, Arizona"", ""segment"": ""commercial property management"", ""state"": ""AZ""}","new","","","","route from routes-enrichment.csv (2026-09-03), verified at https://www.reddoorrealtyservices.com/contact; address the property management director; phase-3 confidence: secondary; source: https://www.bbb.org/search?find_country=USA&find_loc=Las%20Vegas%2C%20NV&find_text=Commercial%20Property%20Management&page=1"
"red-leaf-hoa-management-llc-cfac81","certly","Red Leaf HOA Management, LLC","https://redleafhoa.com/","HOA / community association management","https://redleafhoa.com/contact/","form","{""city"": ""Grand Junction"", ""location"": ""Grand Junction, Colorado"", ""segment"": ""HOA / community association management"", ""size_signal_raw"": ""51 community associations under management"", ""state"": ""CO""}","new","","","","route from routes-enrichment.csv (2026-09-03), verified at https://redleafhoa.com/contact/; address the director of community management; phase-3 confidence: secondary; source: https://www.communitypay.us/management-companies/state/colorado/"
"red-point-construction-llc-184671","certly","Red Point Construction, LLC","https://www.redpointteam.com","commercial GC","https://www.redpointteam.com/contact","form","{""city"": ""Palmer"", ""location"": ""Palmer, Alaska"", ""segment"": ""commercial GC"", ""source_list"": ""your AGC chapter's public contractor directory"", ""state"": ""AK""}","new","","","","address the contract administrator; phase-3 confidence: verified; source: https://members.agcak.org/memberdirectory/Search/general-contractor-member-296133"
"redfish-property-management-9e7a33","certly","Redfish Property Management","https://redfishpropertymanagement.com/","residential property management","https://redfishpropertymanagement.com/contact/","form","{""city"": ""Metairie"", ""location"": ""Metairie, Louisiana"", ""segment"": ""residential property management"", ""source_list"": ""the Expertise.com property management listings"", ""state"": ""LA""}","new","","","","address the owner / broker-owner; phase-3 confidence: verified; source: https://www.expertise.com/business/property-management/louisiana/new-orleans"
"regal-communities-a627ed","certly","Regal Communities","https://regalcommunities.com/","manufactured housing community operator","http://regalcommunities.com/contact/","form","{""segment"": ""manufactured housing community operator"", ""size_signal_raw"": ""1,303 manufactured-home lots owned""}","new","","","","route from routes-enrichment.csv (2026-09-03), verified at http://regalcommunities.com/contact/; address the director of operations; phase-3 confidence: secondary; source: https://www.mobilehomeuniversity.com/mhu-top-100-community-owners.php"
"reinvest-consultants-3dfb63","certly","ReInvest Consultants","https://heritagerent.com/","residential property management","https://heritagerent.com/contact-us","form","{""city"": ""Cincinnati"", ""location"": ""Cincinnati, Ohio"", ""segment"": ""residential property management"", ""source_list"": ""the Expertise.com property management listings"", ""state"": ""OH""}","new","","","","address the owner / broker-owner; phase-3 confidence: verified; source: https://www.expertise.com/business/property-management/ohio/cincinnati"
"reno-property-management-ltd-0ffe5e","certly","Reno Property Management, LTD","https://renopropertymanagement.com/","HOA / community association management","https://renopropertymanagement.com/contact-us/","form","{""city"": ""Reno"", ""location"": ""Reno, Nevada"", ""segment"": ""HOA / community association management"", ""size_signal_raw"": ""36 community associations under management"", ""state"": ""NV""}","new","","","","route from routes-enrichment.csv (2026-09-03), verified at https://renopropertymanagement.com/contact-us/; address the director of community management; phase-3 confidence: secondary; source: https://www.communitypay.us/management-companies/state/nevada/"
"rent-builder-property-management-cd32f9","certly","Rent Builder Property Management","https://rentbuilderpropertymanagement.com/","residential property management","https://rentbuilderpropertymanagement.com/contact/","form","{""city"": ""Albuquerque"", ""location"": ""Albuquerque, New Mexico"", ""segment"": ""residential property management"", ""source_list"": ""the Expertise.com property management listings"", ""state"": ""NM""}","new","","","","address the owner / broker-owner; phase-3 confidence: verified; source: https://www.expertise.com/business/property-management/new-mexico/albuquerque"
"rental-zebra-ef2fa2","certly","Rental Zebra","https://www.rentalzebra.com/","residential property management","https://www.rentalzebra.com/","form","{""city"": ""Bedford"", ""location"": ""Bedford, Texas"", ""segment"": ""residential property management"", ""source_list"": ""the Expertise.com property management listings"", ""state"": ""TX""}","new","","","","address the owner / broker-owner; phase-3 confidence: verified; source: https://www.expertise.com/business/property-management/texas/fort-worth"
"reserve-management-company-a6eb15","certly","Reserve Management Company","https://reservepropertymanagementcompany.com/","residential property management","https://reservepropertymanagementcompany.com/contact-reserve-property-management/","form","{""city"": ""Detroit"", ""location"": ""Detroit, Michigan"", ""segment"": ""residential property management"", ""source_list"": ""the Expertise.com property management listings"", ""state"": ""MI""}","new","","","","address the owner / broker-owner; phase-3 confidence: verified; source: https://www.expertise.com/business/property-management/michigan/detroit"
"residential-renters-611b92","certly","Residential Renters","https://www.residentialrenters.com/","residential property management","https://www.residentialrenters.com/contact","form","{""city"": ""Milwaukee"", ""location"": ""Milwaukee, Wisconsin"", ""segment"": ""residential property management"", ""source_list"": ""the Expertise.com property management listings"", ""state"": ""WI""}","new","","","","address the owner / broker-owner; phase-3 confidence: verified; source: https://www.expertise.com/business/property-management/wisconsin/milwaukee"
"resource-property-management-f43b3b","certly","Resource Property Management","http://www.rpmpropertypros.com/","HOA / community association management","http://www.rpmpropertypros.com/","form","{""location"": ""North Carolina"", ""segment"": ""HOA / community association management"", ""state"": ""NC""}","new","","","","address the director of community management; phase-3 confidence: secondary; source: https://members.cai-nc.org/member-company-directory/Search/community-management-570565"
"revolution-properties-950758","certly","REvolution Properties","https://revolutionct.com/","residential property management","https://www.revolutionct.com/contact","form","{""city"": ""Portland"", ""location"": ""Portland, Connecticut"", ""segment"": ""residential property management"", ""source_list"": ""the Expertise.com property management listings"", ""state"": ""CT""}","new","","","","address the owner / broker-owner; phase-3 confidence: verified; source: https://www.expertise.com/business/property-management/connecticut/hartford"
"right-move-storage-47c8a8","certly","Right Move Storage","https://www.rightmovestorage.com/","self-storage operator","https://www.rightmovestorage.com/","form","{""location"": ""Texas"", ""segment"": ""self-storage operator"", ""state"": ""TX""}","new","","","","address the director of operations; phase-3 confidence: secondary; source: https://www.sitelink.com/marketplace/management-companies/right-move-storage"
"river-valley-property-management-7cc2d9","certly","River Valley Property Management","https://rivervalleypropertymanagement.com/","residential property management","https://rivervalleypropertymanagement.com/contact-us","form","{""city"": ""Sacramento"", ""location"": ""Sacramento, California"", ""segment"": ""residential property management"", ""source_list"": ""the Expertise.com property management listings"", ""state"": ""CA""}","new","","","","address the owner / broker-owner; phase-3 confidence: verified; source: https://www.expertise.com/business/property-management/california/sacramento"
"rizzetta-company-inc-6c9617","certly","Rizzetta & Company, Inc.","https://www.rizzetta.com/","HOA / community association management","https://www.rizzetta.com/","form","{""city"": ""Tampa"", ""location"": ""Tampa, Florida"", ""segment"": ""HOA / community association management"", ""size_signal_raw"": ""43 community associations under management"", ""state"": ""FL""}","new","","","","route from routes-enrichment.csv (2026-09-03), verified at https://www.rizzetta.com/; address the director of community management; phase-3 confidence: secondary; source: https://www.communitypay.us/management-companies/state/florida/"
"robbie-scott-property-management-leasing-41370b","certly","Robbie Scott Property Management Leasing & Sales","https://www.robbiescottleasing.com/","residential property management","https://www.robbiescottleasing.com/","form","{""city"": ""Tulsa"", ""location"": ""Tulsa, Oklahoma"", ""segment"": ""residential property management"", ""source_list"": ""the Expertise.com property management listings"", ""state"": ""OK""}","new","","","","address the owner / broker-owner; phase-3 confidence: verified; source: https://www.expertise.com/business/property-management/oklahoma/tulsa"
"robert-evans-company-inc-4c9f74","certly","Robert Evans Company Inc","https://robertevans.com/","commercial GC","https://robertevans.com/contact","form","{""city"": ""Portland"", ""location"": ""Portland, Oregon"", ""segment"": ""commercial GC"", ""size_signal_raw"": ""$80000 CCB surety bond and $1000000 liability limit on file (Oregon CCB record)"", ""state"": ""OR""}","new","","","","route from routes-enrichment.csv (2026-09-03), verified at https://robertevans.com/contact; address the owner; phase-3 confidence: verified; source: https://data.oregon.gov/resource/g77e-6bhs.json?$where=endorsement_text%20like%20'Commercial%20General%20Contractor%25'%20AND%20exempt_text='Nonexempt'&$limit=8000"
"robert-massey-company-4c8961","certly","Robert Massey Company","https://www.robertmasseyco.com/","residential property management","https://www.robertmasseyco.com/contact","form","{""city"": ""Louisville"", ""location"": ""Louisville, Kentucky"", ""segment"": ""residential property management"", ""source_list"": ""the Expertise.com property management listings"", ""state"": ""KY""}","new","","","","address the owner / broker-owner; phase-3 confidence: verified; source: https://www.expertise.com/business/property-management/kentucky/louisville"
"roger-hickel-contracting-inc-0941ff","certly","Roger Hickel Contracting, Inc.","https://www.rogerhickelcontracting.com","commercial GC","https://www.rogerhickelcontracting.com/contact/","form","{""city"": ""Anchorage"", ""location"": ""Anchorage, Alaska"", ""segment"": ""commercial GC"", ""source_list"": ""your AGC chapter's public contractor directory"", ""state"": ""AK""}","new","","","","address the contract administrator; phase-3 confidence: verified; source: https://members.agcak.org/memberdirectory/Search/general-contractor-member-296133"
"rogers-o-brien-construction-740874","certly","Rogers-O'Brien Construction","https://r-o.com","commercial GC","https://r-o.com/contact-us/","form","{""city"": ""Houston"", ""location"": ""Houston, Texas"", ""segment"": ""commercial GC"", ""source_list"": ""your AGC chapter's public contractor directory"", ""state"": ""TX""}","new","","","","address the contract administrator; phase-3 confidence: verified; source: https://members.agchouston.org/directory/Search/general-contractors-386559"
"rowcal-270ae6","certly","RowCal","https://www.rowcal.com/","HOA / community association management","https://www.rowcal.com/","form","{""city"": ""Austin"", ""location"": ""Austin, Texas"", ""segment"": ""HOA / community association management"", ""state"": ""TX""}","new","","","","address the director of community management; phase-3 confidence: secondary; source: https://www.hoamanagement.com/association-management-company/rowcal-texas/"
"rpm-storage-management-llc-904892","certly","RPM Storage Management LLC","https://www.rpmstoragemanagement.com/","self-storage operator","https://www.rpmstoragemanagement.com/","form","{""location"": ""Texas"", ""segment"": ""self-storage operator"", ""state"": ""TX""}","new","","","","address the director of operations; phase-3 confidence: secondary; source: https://www.sitelink.com/marketplace/management-companies/rpm-storage-management"
"sargent-corporation-25971d","certly","Sargent Corporation","https://sargent.us","commercial GC","https://sargent.us/contact/","form","{""city"": ""Orono"", ""location"": ""Orono, Maine"", ""segment"": ""commercial GC"", ""source_list"": ""your AGC chapter's public contractor directory"", ""state"": ""ME""}","new","","","","address the contract administrator; phase-3 confidence: verified; source: https://members.agcnh.org/directory/Search/design-build-325056"
"satterfield-pontikes-construction-inc-419611","certly","Satterfield & Pontikes Construction, Inc.","https://satpon.com","commercial GC","https://satpon.com/contact/","form","{""city"": ""Houston"", ""location"": ""Houston, Texas"", ""segment"": ""commercial GC"", ""source_list"": ""your AGC chapter's public contractor directory"", ""state"": ""TX""}","new","","","","address the contract administrator; phase-3 confidence: verified; source: https://members.agchouston.org/directory/Search/general-contractors-386559"
"schoo-association-management-llc-8eebb6","certly","Schoo Association Management, LLC","https://schooassociationmanagement.com/","HOA / community association management","https://schooassociationmanagement.com/contact-us/","form","{""city"": ""Fort Myers"", ""location"": ""Fort Myers, Florida"", ""segment"": ""HOA / community association management"", ""size_signal_raw"": ""42 community associations under management"", ""state"": ""FL""}","new","","","","route from routes-enrichment.csv (2026-09-03), verified at https://schooassociationmanagement.com/contact-us/; address the director of community management; phase-3 confidence: secondary; source: https://www.communitypay.us/management-companies/state/florida/"
"seattle-rental-group-eedd84","certly","Seattle Rental Group","https://seattlerentalgroup.com/","residential property management","https://seattlerentalgroup.com/contact/","form","{""city"": ""Seattle"", ""location"": ""Seattle, Washington"", ""segment"": ""residential property management"", ""source_list"": ""the Expertise.com property management listings"", ""state"": ""WA""}","new","","","","address the owner / broker-owner; phase-3 confidence: verified; source: https://www.expertise.com/business/property-management/washington/seattle"
"sedalco-inc-447a03","certly","SEDALCO, Inc.","http://www.sedalco.com","commercial GC","https://www.sedalco.com/contact-us/","form","{""city"": ""The Woodlands"", ""location"": ""The Woodlands, Texas"", ""segment"": ""commercial GC"", ""source_list"": ""your AGC chapter's public contractor directory"", ""state"": ""TX""}","new","","","","address the contract administrator; phase-3 confidence: verified; source: https://members.agchouston.org/directory/Search/general-contractors-386559"
"self-storage-consulting-group-llc-c2503b","certly","Self-Storage Consulting Group, LLC.","https://www.self-storage-consulting.com/","self-storage operator","https://www.self-storage-consulting.com/","form","{""location"": ""Arizona"", ""segment"": ""self-storage operator"", ""state"": ""AZ""}","new","","","","address the director of operations; phase-3 confidence: secondary; source: https://www.sitelink.com/marketplace/management-companies/selfstorage-consulting-group-llc"
"sentinel-equity-management-c4878f","certly","Sentinel Equity Management","http://www.sentinelcondos.com/","HOA / community association management","http://www.sentinelcondos.com/","form","{""city"": ""Chicago"", ""location"": ""Chicago, Illinois"", ""segment"": ""HOA / community association management"", ""state"": ""IL""}","new","","","","address the director of community management; phase-3 confidence: secondary; source: https://www.hoamanagement.com/association-management-company/sentinel-equity-management/"
"sentry-management-578a83","certly","Sentry Management","https://www.sentrymgt.com/offices/minneapolis/","HOA / community association management","https://www.sentrymgt.com/offices/minneapolis/","form","{""city"": ""Golden Valley"", ""location"": ""Golden Valley, Minnesota"", ""segment"": ""HOA / community association management"", ""state"": ""MN""}","new","","","","address the director of community management; phase-3 confidence: secondary; source: https://www.hoamanagement.com/association-management-company/sentry-management-minnesota/"
"sentry-management-arizona-a57b39","certly","Sentry Management Arizona","https://www.sentrymgt.com/offices/phoenix/","HOA / community association management","https://www.sentrymgt.com/offices/phoenix/","form","{""city"": ""Phoenix"", ""location"": ""Phoenix, Arizona"", ""segment"": ""HOA / community association management"", ""state"": ""AZ""}","new","","","","address the director of community management; phase-3 confidence: secondary; source: https://www.hoamanagement.com/association-management-company/sentry-management-arizona/"
"sentry-management-colorado-e66f64","certly","Sentry Management Colorado","https://www.sentrymgt.com/offices/boulder/","HOA / community association management","https://www.sentrymgt.com/offices/boulder/","form","{""city"": ""Arvada"", ""location"": ""Arvada, Colorado"", ""segment"": ""HOA / community association management"", ""state"": ""CO""}","new","","","","address the director of community management; phase-3 confidence: secondary; source: https://www.hoamanagement.com/association-management-company/sentry-management-colorado/"
"sentry-management-florida-0a7fd9","certly","Sentry Management Florida","https://www.sentrymgt.com/offices/florida/","HOA / community association management","https://www.sentrymgt.com/offices/florida/","form","{""city"": ""Longwood"", ""location"": ""Longwood, Florida"", ""segment"": ""HOA / community association management"", ""state"": ""FL""}","new","","","","address the director of community management; phase-3 confidence: secondary; source: https://www.hoamanagement.com/association-management-company/sentry-management-florida/"
"sentry-management-georgia-baad21","certly","Sentry Management Georgia","https://www.sentrymgt.com/offices/georgia/","HOA / community association management","https://www.sentrymgt.com/offices/georgia/","form","{""city"": ""Stockbridge"", ""location"": ""Stockbridge, Georgia"", ""segment"": ""HOA / community association management"", ""state"": ""GA""}","new","","","","address the director of community management; phase-3 confidence: secondary; source: https://www.hoamanagement.com/association-management-company/sentry-management-georgia/"
"sentry-management-idaho-18a04f","certly","Sentry Management Idaho","https://www.sentrymgt.com/offices/idaho/","HOA / community association management","https://www.sentrymgt.com/offices/idaho/","form","{""city"": ""Alene"", ""location"": ""Alene, Idaho"", ""segment"": ""HOA / community association management"", ""state"": ""ID""}","new","","","","address the director of community management; phase-3 confidence: secondary; source: https://www.hoamanagement.com/association-management-company/sentry-management-idaho/"
"sentry-management-indiana-91ca8e","certly","Sentry Management Indiana","https://www.sentrymgt.com/offices/indianapolis/","HOA / community association management","https://www.sentrymgt.com/offices/indianapolis/","form","{""city"": ""Indianapolis"", ""location"": ""Indianapolis, Indiana"", ""segment"": ""HOA / community association management"", ""state"": ""IN""}","new","","","","address the director of community management; phase-3 confidence: secondary; source: https://www.hoamanagement.com/association-management-company/sentry-management-indiana/"
"sentry-management-kentucky-14b2e9","certly","Sentry Management Kentucky","https://www.sentrymgt.com/offices/kentucky/","HOA / community association management","https://www.sentrymgt.com/offices/kentucky/","form","{""city"": ""Louisville"", ""location"": ""Louisville, Kentucky"", ""segment"": ""HOA / community association management"", ""state"": ""KY""}","new","","","","address the director of community management; phase-3 confidence: secondary; source: https://www.hoamanagement.com/association-management-company/sentry-management-kentucky/"
"sentry-management-maryland-332cf4","certly","Sentry Management Maryland","https://www.sentrymgt.com/offices/maryland/","HOA / community association management","https://www.sentrymgt.com/offices/maryland/","form","{""city"": ""Crofton"", ""location"": ""Crofton, Maryland"", ""segment"": ""HOA / community association management"", ""state"": ""MD""}","new","","","","address the director of community management; phase-3 confidence: secondary; source: https://www.hoamanagement.com/association-management-company/sentry-management-maryland/"
"sentry-management-michigan-487c85","certly","Sentry Management Michigan","https://www.sentrymgt.com/offices/southeast-michigan/","HOA / community association management","https://www.sentrymgt.com/offices/southeast-michigan/","form","{""city"": ""Howell"", ""location"": ""Howell, Michigan"", ""segment"": ""HOA / community association management"", ""state"": ""MI""}","new","","","","address the director of community management; phase-3 confidence: secondary; source: https://www.hoamanagement.com/association-management-company/sentry-management-michigan/"
"sentry-management-missouri-78a3a8","certly","Sentry Management Missouri","https://www.sentrymgt.com/offices/missouri/","HOA / community association management","https://www.sentrymgt.com/offices/missouri/","form","{""city"": ""St. Louis"", ""location"": ""St. Louis, Missouri"", ""segment"": ""HOA / community association management"", ""state"": ""MO""}","new","","","","address the director of community management; phase-3 confidence: secondary; source: https://www.hoamanagement.com/association-management-company/sentry-management-missouri/"
"sentry-management-new-mexico-87de0f","certly","Sentry Management New Mexico","https://www.sentrymgt.com/offices/new-mexico/","HOA / community association management","https://www.sentrymgt.com/offices/new-mexico/","form","{""city"": ""Albuquerque"", ""location"": ""Albuquerque, New Mexico"", ""segment"": ""HOA / community association management"", ""state"": ""NM""}","new","","","","address the director of community management; phase-3 confidence: secondary; source: https://www.hoamanagement.com/association-management-company/sentry-management-new-mexico/"
"sentry-management-new-york-132027","certly","Sentry Management New York","https://www.sentrymgt.com/offices/capital-saratoga-ny/","HOA / community association management","https://www.sentrymgt.com/offices/capital-saratoga-ny/","form","{""city"": ""Latham"", ""location"": ""Latham, New York"", ""segment"": ""HOA / community association management"", ""state"": ""NY""}","new","","","","address the director of community management; phase-3 confidence: secondary; source: https://www.hoamanagement.com/association-management-company/sentry-management-new-york/"
"sentry-management-ohio-168750","certly","Sentry Management Ohio","https://www.sentrymgt.com/offices/columbus/","HOA / community association management","https://www.sentrymgt.com/offices/columbus/","form","{""city"": ""Columbus"", ""location"": ""Columbus, Ohio"", ""segment"": ""HOA / community association management"", ""state"": ""OH""}","new","","","","address the director of community management; phase-3 confidence: secondary; source: https://www.hoamanagement.com/association-management-company/sentry-management-ohio/"
"sentry-management-south-carolina-0d542a","certly","Sentry Management South Carolina","https://www.sentrymgt.com/offices/south-carolina/","HOA / community association management","https://www.sentrymgt.com/offices/south-carolina/","form","{""city"": ""North Charleston"", ""location"": ""North Charleston, South Carolina"", ""segment"": ""HOA / community association management"", ""state"": ""SC""}","new","","","","address the director of community management; phase-3 confidence: secondary; source: https://www.hoamanagement.com/association-management-company/sentry-management-south-carolina/"
"sentry-management-tennessee-a17f85","certly","Sentry Management Tennessee","https://www.sentrymgt.com/offices/nashville/","HOA / community association management","https://www.sentrymgt.com/offices/nashville/","form","{""city"": ""Brentwood"", ""location"": ""Brentwood, Tennessee"", ""segment"": ""HOA / community association management"", ""state"": ""TN""}","new","","","","address the director of community management; phase-3 confidence: secondary; source: https://www.hoamanagement.com/association-management-company/sentry-management-tennessee/"
"sentry-management-virginia-552678","certly","Sentry Management Virginia","https://www.sentrymgt.com/offices/virginia/","HOA / community association management","https://www.sentrymgt.com/offices/virginia/","form","{""city"": ""Annandale"", ""location"": ""Annandale, Virginia"", ""segment"": ""HOA / community association management"", ""state"": ""VA""}","new","","","","address the director of community management; phase-3 confidence: secondary; source: https://www.hoamanagement.com/association-management-company/sentry-management-virginia/"
"sentry-management-washington-5f4f16","certly","Sentry Management Washington","https://www.sentrymgt.com/offices/spokane/","HOA / community association management","https://www.sentrymgt.com/offices/spokane/","form","{""city"": ""Spokane"", ""location"": ""Spokane, Washington"", ""segment"": ""HOA / community association management"", ""state"": ""WA""}","new","","","","address the director of community management; phase-3 confidence: secondary; source: https://www.hoamanagement.com/association-management-company/sentry-management-washington/"
"sentry-management-wisconsin-6fbf0c","certly","Sentry Management Wisconsin","https://www.sentrymgt.com/offices/wisconsin/","HOA / community association management","https://www.sentrymgt.com/offices/wisconsin/","form","{""city"": ""Milwaukee"", ""location"": ""Milwaukee, Wisconsin"", ""segment"": ""HOA / community association management"", ""state"": ""WI""}","new","","","","address the director of community management; phase-3 confidence: secondary; source: https://www.hoamanagement.com/association-management-company/sentry-management-wisconsin/"
"silas-frazier-realty-llc-4c8927","certly","Silas Frazier Realty, LLC","https://www.silasfrazierrealty.com/","commercial property management","https://www.silasfrazierrealty.com/contact-us/","form","{""city"": ""Atlanta"", ""location"": ""Atlanta, Georgia"", ""segment"": ""commercial property management"", ""state"": ""GA""}","new","","","","route from routes-enrichment.csv (2026-09-03), verified at https://www.silasfrazierrealty.com/contact-us/; address the property management director; phase-3 confidence: secondary; source: https://www.bbb.org/search?find_country=USA&find_loc=Atlanta%2C%20GA&find_text=Commercial%20Property%20Management&page=1"
"skilcheck-services-inc-03e71e","certly","SkilCheck Services, Inc","https://www.skilcheck.com/","self-storage operator","https://www.skilcheck.com/","form","{""location"": ""Arizona"", ""segment"": ""self-storage operator"", ""state"": ""AZ""}","new","","","","address the director of operations; phase-3 confidence: secondary; source: https://www.sitelink.com/marketplace/management-companies/skilcheck-services-inc"
"sks-management-llc-aaa8c3","certly","SKS Management LLC","https://www.sksmgmt.com/","self-storage operator","https://www.sksmgmt.com/","form","{""location"": ""California"", ""segment"": ""self-storage operator"", ""state"": ""CA""}","new","","","","address the director of operations; phase-3 confidence: secondary; source: https://www.sitelink.com/marketplace/management-companies/sks-management"
"slatter-management-services-inc-3e4b05","certly","Slatter Management Services, Inc.","https://www.slatterhoamanagement.com/","HOA / community association management","https://www.slatterhoamanagement.com/contact-slatter-management-services/","form","{""location"": ""North Carolina"", ""segment"": ""HOA / community association management"", ""state"": ""NC""}","new","","","","route from routes-enrichment.csv (2026-09-03), verified at https://www.slatterhoamanagement.com/contact-slatter-management-services/; address the director of community management; phase-3 confidence: secondary; source: https://members.cai-nc.org/member-company-directory/Search/community-management-570565"
"smith-associates-property-management-5c5ca9","certly","Smith & Associates Property Management","https://smithpropertymgmt.com/","residential property management","https://smithpropertymgmt.com/contact/","form","{""city"": ""Tampa"", ""location"": ""Tampa, Florida"", ""segment"": ""residential property management"", ""source_list"": ""the Expertise.com property management listings"", ""state"": ""FL""}","new","","","","address the owner / broker-owner; phase-3 confidence: verified; source: https://www.expertise.com/business/property-management/florida/tampa"
"somar-property-management-c811d2","certly","Somar Property Management","https://www.somarpropertymanagement.com/","residential property management","https://www.somarpropertymanagement.com/contact-us","form","{""city"": ""Fresno"", ""location"": ""Fresno, California"", ""segment"": ""residential property management"", ""source_list"": ""the Expertise.com property management listings"", ""state"": ""CA""}","new","","","","address the owner / broker-owner; phase-3 confidence: verified; source: https://www.expertise.com/business/property-management/california/fresno"
"southeast-management-company-llc-2a5c2f","certly","Southeast Management Company, LLC.","http://www.southeastmanagementcompany.com/","self-storage operator","http://www.southeastmanagementcompany.com/","form","{""location"": ""South Carolina"", ""segment"": ""self-storage operator"", ""state"": ""SC""}","new","","","","address the director of operations; phase-3 confidence: secondary; source: https://www.sitelink.com/marketplace/management-companies/southeast-management-company"
"southpaw-residential-c3a966","certly","SouthPaw Residential","https://www.southpaw-residential-property-management.com/","residential property management","https://www.southpaw-residential-property-management.com/contact","form","{""city"": ""Cambridge"", ""location"": ""Cambridge, Massachusetts"", ""segment"": ""residential property management"", ""source_list"": ""the Expertise.com property management listings"", ""state"": ""MA""}","new","","","","address the owner / broker-owner; phase-3 confidence: verified; source: https://www.expertise.com/business/property-management/massachusetts/boston"
"southwest-realty-2a0042","certly","Southwest Realty","https://www.southwestrealty.us/","residential property management","https://www.southwestrealty.us/contact-us","form","{""city"": ""Canutillo"", ""location"": ""Canutillo, Texas"", ""segment"": ""residential property management"", ""source_list"": ""the Expertise.com property management listings"", ""state"": ""TX""}","new","","","","address the owner / broker-owner; phase-3 confidence: verified; source: https://www.expertise.com/business/property-management/texas/el-paso"
"sovereign-realty-management-3635c5","certly","Sovereign Realty & Management","https://sovereignrm.com/","residential property management","https://www.sovereignrm.com/contact/","form","{""city"": ""Atlanta"", ""location"": ""Atlanta, Georgia"", ""segment"": ""residential property management"", ""source_list"": ""the Expertise.com property management listings"", ""state"": ""GA""}","new","","","","address the owner / broker-owner; phase-3 confidence: verified; source: https://www.expertise.com/business/property-management/georgia/atlanta"
"spacebox-management-998d6f","certly","Spacebox Management","https://www.spaceboxmanagement.com/","self-storage operator","https://www.spaceboxmanagement.com/","form","{""location"": ""Mississippi"", ""segment"": ""self-storage operator"", ""state"": ""MS""}","new","","","","address the director of operations; phase-3 confidence: secondary; source: https://www.sitelink.com/marketplace/management-companies/spacebox-management"
"specialized-property-management-ee6ce2","certly","Specialized Property Management","https://specializedpropertymanagementbirmingham.com/","residential property management","https://specialized247.com/contact-us/","form","{""city"": ""Birmingham"", ""location"": ""Birmingham, Alabama"", ""segment"": ""residential property management"", ""source_list"": ""the Expertise.com property management listings"", ""state"": ""AL""}","new","","","","address the owner / broker-owner; phase-3 confidence: verified; source: https://www.expertise.com/business/property-management/alabama/birmingham"
"specialized-property-management-jacksonv-b42778","certly","Specialized Property Management Jacksonville","https://specializedpropertymanagementjacksonville.com/jacksonville-property-management/","residential property management","https://specialized247.com/contact-us/","form","{""city"": ""Jacksonville"", ""location"": ""Jacksonville, Florida"", ""segment"": ""residential property management"", ""source_list"": ""the Expertise.com property management listings"", ""state"": ""FL""}","new","","","","address the owner / broker-owner; phase-3 confidence: verified; source: https://www.expertise.com/business/property-management/florida/jacksonville"
"specialized-property-management-oklahoma-80af57","certly","Specialized Property Management Oklahoma City","https://specializedpropertymanagementoklahomacity.com/property-management/","residential property management","https://specializedpropertymanagementoklahomacity.com/contact/","form","{""city"": ""Oklahoma City"", ""location"": ""Oklahoma City, Oklahoma"", ""segment"": ""residential property management"", ""source_list"": ""the Expertise.com property management listings"", ""state"": ""OK""}","new","","","","address the owner / broker-owner; phase-3 confidence: verified; source: https://www.expertise.com/business/property-management/oklahoma/oklahoma-city"
"state-street-group-797bb1","certly","State Street Group","https://www.statestreetgroup.com/","manufactured housing community operator","https://www.statestreetgroup.com/contact","form","{""segment"": ""manufactured housing community operator"", ""size_signal_raw"": ""1200 manufactured-home lots owned""}","new","","","","route from routes-enrichment.csv (2026-09-03), verified at https://www.statestreetgroup.com/contact; address the director of operations; phase-3 confidence: secondary; source: https://www.mobilehomeuniversity.com/mhu-top-100-community-owners.php"
"stellar-property-management-pllc-c9d502","certly","Stellar Property Management, PLLC","https://stellarastepabove.com/","residential property management","https://stellarastepabove.com/","form","{""city"": ""Cordova"", ""location"": ""Cordova, Tennessee"", ""segment"": ""residential property management"", ""source_list"": ""the Expertise.com property management listings"", ""state"": ""TN""}","new","","","","address the owner / broker-owner; phase-3 confidence: verified; source: https://www.expertise.com/business/property-management/tennessee/memphis"
"sterling-management-consulting-services--d854b5","certly","Sterling Management & Consulting Services Inc.","http://www.sterling-mgmt.com/","self-storage operator","http://www.sterling-mgmt.com/","form","{""location"": ""Florida"", ""segment"": ""self-storage operator"", ""state"": ""FL""}","new","","","","address the director of operations; phase-3 confidence: secondary; source: https://www.sitelink.com/marketplace/management-companies/sterling-management-consulting-services"
"sterling-management-group-inc-48e557","certly","Sterling Management Group, Inc.","https://www.sterlingmanagement.net/","HOA / community association management","https://www.sterlingmanagement.net/contact","form","{""city"": ""Eugene"", ""location"": ""Eugene, Oregon"", ""segment"": ""HOA / community association management"", ""size_signal_raw"": ""10 community associations under management"", ""state"": ""OR""}","new","","","","route from routes-enrichment.csv (2026-09-03), verified at https://www.sterlingmanagement.net/contact; address the director of community management; phase-3 confidence: secondary; source: https://www.communitypay.us/management-companies/state/oregon/"
"sterling-structures-inc-5c4a7a","certly","Sterling Structures, Inc.","https://sterlingstructures.com","commercial GC","https://sterlingstructures.com/contact/","form","{""city"": ""Houston"", ""location"": ""Houston, Texas"", ""segment"": ""commercial GC"", ""source_list"": ""your AGC chapter's public contractor directory"", ""state"": ""TX""}","new","","","","address the contract administrator; phase-3 confidence: verified; source: https://members.agchouston.org/directory/Search/general-contractors-386559"
"stone-oak-management-126a28","certly","Stone Oak Management","https://www.stoneoakmgmt.com/","residential property management","https://www.stoneoakmgmt.com/contact","form","{""city"": ""Austin"", ""location"": ""Austin, Texas"", ""segment"": ""residential property management"", ""source_list"": ""the Expertise.com property management listings"", ""state"": ""TX""}","new","","","","address the owner / broker-owner; phase-3 confidence: verified; source: https://www.expertise.com/business/property-management/texas/austin"
"storage-asset-management-inc-56aa8c","certly","Storage Asset Management, Inc.","https://www.storageassetmanagement.com/","self-storage operator","https://www.storageassetmanagement.com/","form","{""location"": ""Pennsylvania"", ""segment"": ""self-storage operator"", ""state"": ""PA""}","new","","","","address the director of operations; phase-3 confidence: secondary; source: https://www.sitelink.com/marketplace/management-companies/storage-asset-management"
"storage-authority-llc-254fe0","certly","Storage Authority LLC","https://www.storageauthorityfranchise.com/","self-storage operator","https://www.storageauthorityfranchise.com/","form","{""location"": ""Florida"", ""segment"": ""self-storage operator"", ""state"": ""FL""}","new","","","","address the director of operations; phase-3 confidence: secondary; source: https://www.sitelink.com/marketplace/management-companies/storage-authority-llc"
"storage-etc-property-management-llc-bf2e67","certly","Storage Etc. Property Management, LLC","https://www.storageetc.com/","self-storage operator","https://www.storageetc.com/","form","{""location"": ""California"", ""segment"": ""self-storage operator"", ""state"": ""CA""}","new","","","","address the director of operations; phase-3 confidence: secondary; source: https://www.sitelink.com/marketplace/management-companies/storage-etc-property-management"
"storage-solutions-d87d1e","certly","Storage Solutions","https://www.storage-solutions.org/","self-storage operator","https://www.storage-solutions.org/","form","{""location"": ""Arizona"", ""segment"": ""self-storage operator"", ""state"": ""AZ""}","new","","","","address the director of operations; phase-3 confidence: secondary; source: https://www.sitelink.com/marketplace/management-companies/storage-solutions"
"store-here-management-aa372e","certly","Store Here Management","http://www.selfstorage.management/","self-storage operator","http://www.selfstorage.management/","form","{""location"": ""California"", ""segment"": ""self-storage operator"", ""state"": ""CA""}","new","","","","address the director of operations; phase-3 confidence: secondary; source: https://www.sitelink.com/marketplace/management-companies/store-here-self-storage-management-services"
"suburban-capital-4f84e8","certly","Suburban Capital","http://www.subcap.com/","self-storage operator","http://www.subcap.com/","form","{""location"": ""Virginia"", ""segment"": ""self-storage operator"", ""state"": ""VA""}","new","","","","address the director of operations; phase-3 confidence: secondary; source: https://www.sitelink.com/marketplace/management-companies/suburban-management-group"
"summit-resort-group-inc-bda839","certly","Summit Resort Group, Inc.","https://summitresortgroup.com/","HOA / community association management","https://www.summitresortgroup.com/contact/","form","{""city"": ""Frisco"", ""location"": ""Frisco, Colorado"", ""segment"": ""HOA / community association management"", ""size_signal_raw"": ""45 community associations under management"", ""state"": ""CO""}","new","","","","route from routes-enrichment.csv (2026-09-03), verified at https://www.summitresortgroup.com/contact/; address the director of community management; phase-3 confidence: secondary; source: https://www.communitypay.us/management-companies/state/colorado/"
"synergy-storage-group-0b7848","certly","Synergy Storage Group","https://www.store-it.com/","self-storage operator","https://www.store-it.com/","form","{""location"": ""Florida"", ""segment"": ""self-storage operator"", ""state"": ""FL""}","new","","","","address the director of operations; phase-3 confidence: secondary; source: https://www.sitelink.com/marketplace/management-companies/synergy-storage-group"
"tammy-coleman-homes-2f0396","certly","Tammy Coleman Homes","https://www.tammycolemanhomes.com/","residential property management","https://www.tammycolemanhomes.com/","form","{""city"": ""Virginia Beach"", ""location"": ""Virginia Beach, Virginia"", ""segment"": ""residential property management"", ""source_list"": ""the Expertise.com property management listings"", ""state"": ""VA""}","new","","","","address the owner / broker-owner; phase-3 confidence: verified; source: https://www.expertise.com/business/property-management/virginia/virginia-beach"
"team-wilson-real-estate-37884b","certly","Team Wilson Real Estate","https://teamwilsontn.com/","residential property management","https://teamwilsontn.com/contact-us","form","{""city"": ""Mount Juliet"", ""location"": ""Mount Juliet, Tennessee"", ""segment"": ""residential property management"", ""source_list"": ""the Expertise.com property management listings"", ""state"": ""TN""}","new","","","","address the owner / broker-owner; phase-3 confidence: verified; source: https://www.expertise.com/business/property-management/tennessee/nashville"
"tellepsen-bf44a8","certly","Tellepsen","https://www.tellepsen.com","commercial GC","https://www.tellepsen.com/contact-us","form","{""city"": ""Houston"", ""location"": ""Houston, Texas"", ""segment"": ""commercial GC"", ""source_list"": ""your AGC chapter's public contractor directory"", ""state"": ""TX""}","new","","","","address the contract administrator; phase-3 confidence: verified; source: https://members.agchouston.org/directory/Search/general-contractors-386559"
"terry-terry-co-09c644","certly","Terry & Terry Co","https://www.terryterry.co/","residential property management","https://www.terryterry.co/contact","form","{""city"": ""Miami"", ""location"": ""Miami, Florida"", ""segment"": ""residential property management"", ""source_list"": ""the Expertise.com property management listings"", ""state"": ""FL""}","new","","","","address the owner / broker-owner; phase-3 confidence: verified; source: https://www.expertise.com/business/property-management/florida/miami"
"the-heron-group-3b2c66","certly","The Heron Group","http://www.theherongroup.net/","self-storage operator","http://www.theherongroup.net/","form","{""location"": ""Florida"", ""segment"": ""self-storage operator"", ""state"": ""FL""}","new","","","","address the director of operations; phase-3 confidence: secondary; source: https://www.sitelink.com/marketplace/management-companies/heron-group-management-consulting"
"the-jenkins-organization-81cca7","certly","The Jenkins Organization","https://www.jenkinsorg.com/management/","self-storage operator","https://www.jenkinsorg.com/management/","form","{""location"": ""Texas"", ""segment"": ""self-storage operator"", ""state"": ""TX""}","new","","","","address the director of operations; phase-3 confidence: secondary; source: https://www.sitelink.com/marketplace/management-companies/jenkins-organization"
"the-management-trust-45ea01","certly","The Management Trust","https://managementtrust.com/","HOA / community association management","https://managementtrust.com/contact/","form","{""city"": ""Houston"", ""location"": ""Houston, Texas"", ""segment"": ""HOA / community association management"", ""state"": ""TX""}","new","","","","route from routes-enrichment.csv (2026-09-03), verified at https://managementtrust.com/contact/; address the director of community management; phase-3 confidence: secondary; source: https://caihouston.org/management_company.php"
"the-mor-group-ff19d7","certly","The Mor Group","https://themorgroup.com/","residential property management","https://themorgroup.com/contact/","form","{""city"": ""Henderson"", ""location"": ""Henderson, Nevada"", ""segment"": ""residential property management"", ""source_list"": ""the Expertise.com property management listings"", ""state"": ""NV""}","new","","","","address the owner / broker-owner; phase-3 confidence: verified; source: https://www.expertise.com/business/property-management/nevada/las-vegas"
"the-posada-group-inc-e4c418","certly","The Posada Group, Inc.","https://posadarealty.com/","residential property management","https://www.posadarealty.com/contact","form","{""city"": ""San Jose"", ""location"": ""San Jose, California"", ""segment"": ""residential property management"", ""source_list"": ""the Expertise.com property management listings"", ""state"": ""CA""}","new","","","","address the owner / broker-owner; phase-3 confidence: verified; source: https://www.expertise.com/business/property-management/california/san-jose"
"the-preiss-company-95be06","certly","The Preiss Company","https://www.preiss.com/","student housing operator","https://www.preiss.com/contact/","form","{""segment"": ""student housing operator"", ""size_signal_raw"": ""ranked #11 on the Student Housing Business Top 25 Managers list (Nov/Dec 2025 issue)""}","new","","","","route from routes-enrichment.csv (2026-09-03), verified at https://www.preiss.com/contact/; address the risk manager; phase-3 confidence: secondary; source: https://www.jturnerresearch.com/ora/online-reputation-rankings/student-housing-2025"
"the-property-group-d32715","certly","The Property Group","https://propertygroup.com/","HOA / community association management","https://propertygroup.com/about","form","{""city"": ""Poulsbo"", ""location"": ""Poulsbo, Washington"", ""segment"": ""HOA / community association management"", ""size_signal_raw"": ""38 community associations under management"", ""state"": ""WA""}","new","","","","route from routes-enrichment.csv (2026-09-03), verified at https://propertygroup.com/about; address the director of community management; phase-3 confidence: secondary; source: https://www.communitypay.us/management-companies/state/washington/"
"the-property-manager-9f7a76","certly","The Property Manager","https://www.thepropertymanager.com/","residential property management","https://www.thepropertymanager.com/#1496713284","form","{""city"": ""Tulsa"", ""location"": ""Tulsa, Oklahoma"", ""segment"": ""residential property management"", ""source_list"": ""the Expertise.com property management listings"", ""state"": ""OK""}","new","","","","route from routes-enrichment.csv (2026-09-03), verified at https://www.thepropertymanager.com/#1496713284; address the owner / broker-owner; phase-3 confidence: secondary; source: https://www.expertise.com/business/property-management/oklahoma/tulsa"
"the-turner-group-inc-b16b68","certly","The Turner Group Inc.","https://ttgae.com","commercial GC","https://ttgae.com/contact/","form","{""city"": ""Concord"", ""location"": ""Concord, New Hampshire"", ""segment"": ""commercial GC"", ""source_list"": ""your AGC chapter's public contractor directory"", ""state"": ""NH""}","new","","","","address the contract administrator; phase-3 confidence: verified; source: https://members.agcnh.org/directory/Search/design-build-325056"
"the-westover-companies-f63a19","certly","The Westover Companies","https://www.westovercompanies.com/","commercial property management","https://www.westovercompanies.com/contact-us/","form","{""city"": ""Ardmore"", ""location"": ""Ardmore, Pennsylvania"", ""segment"": ""commercial property management"", ""state"": ""PA""}","new","","","","route from routes-enrichment.csv (2026-09-03), verified at https://www.westovercompanies.com/contact-us/; address the property management director; phase-3 confidence: secondary; source: https://www.bbb.org/search?find_country=USA&find_loc=Philadelphia%2C%20PA&find_text=Commercial%20Property%20Management&page=1"
"tnt-self-storage-management-5dd66b","certly","TNT Self Storage Management","https://www.tntselfstoragemanagement.com/","self-storage operator","https://www.tntselfstoragemanagement.com/","form","{""location"": ""California"", ""segment"": ""self-storage operator"", ""state"": ""CA""}","new","","","","address the director of operations; phase-3 confidence: secondary; source: https://www.sitelink.com/marketplace/management-companies/tnt-self-storage-management"
"touchpoint-property-management-9d0f72","certly","TouchPoint Property Management","https://www.touchpointpropertymanagement.com/charlotte-property-management","residential property management","https://www.touchpointpropertymanagement.com/contact","form","{""city"": ""Charlotte"", ""location"": ""Charlotte, North Carolina"", ""segment"": ""residential property management"", ""source_list"": ""the Expertise.com property management listings"", ""state"": ""NC""}","new","","","","address the owner / broker-owner; phase-3 confidence: verified; source: https://www.expertise.com/business/property-management/north-carolina/charlotte"
"town-country-property-management-inc-b26b0f","certly","Town & Country Property Management, Inc.","https://townandcountrycommunities.com/","HOA / community association management","https://townandcountrycommunities.com/","form","{""city"": ""Greenwood"", ""location"": ""Greenwood, South Carolina"", ""segment"": ""HOA / community association management"", ""state"": ""SC""}","new","","","","address the director of community management; phase-3 confidence: secondary; source: https://www.hoamanagement.com/association-management-company/town-country-property-management-inc/"
"triumph-property-management-corporation-2eb666","certly","Triumph Property Management Corporation","https://triumphpropertymanagement.com/","commercial property management","https://triumphpropertymanagement.com/contact/","form","{""city"": ""Las Vegas"", ""location"": ""Las Vegas, Nevada"", ""segment"": ""commercial property management"", ""state"": ""NV""}","new","","","","route from routes-enrichment.csv (2026-09-03), verified at https://triumphpropertymanagement.com/contact/; address the property management director; phase-3 confidence: secondary; source: https://www.bbb.org/search?find_country=USA&find_loc=Las%20Vegas%2C%20NV&find_text=Commercial%20Property%20Management&page=1"
"trung-lam-evan-group-fce902","certly","Trung Lam & Evan Group","https://evantrung.com/","residential property management","https://evantrung.com/contact/","form","{""city"": ""San Jose"", ""location"": ""San Jose, California"", ""segment"": ""residential property management"", ""source_list"": ""the Expertise.com property management listings"", ""state"": ""CA""}","new","","","","address the owner / broker-owner; phase-3 confidence: verified; source: https://www.expertise.com/business/property-management/california/san-jose"
"tulsa-property-group-2d63b5","certly","Tulsa Property Group","https://tulsapropertymanagement.com/","residential property management","https://tulsapropertymanagement.com/contact","form","{""city"": ""Tulsa"", ""location"": ""Tulsa, Oklahoma"", ""segment"": ""residential property management"", ""source_list"": ""the Expertise.com property management listings"", ""state"": ""OK""}","new","","","","address the owner / broker-owner; phase-3 confidence: verified; source: https://www.expertise.com/business/property-management/oklahoma/tulsa"
"tunista-construction-llc-d04487","certly","Tunista Construction, LLC","https://tunistaconstruction.com","commercial GC","https://tunistaconstruction.com/contact/","form","{""city"": ""Anchorage"", ""location"": ""Anchorage, Alaska"", ""segment"": ""commercial GC"", ""source_list"": ""your AGC chapter's public contractor directory"", ""state"": ""AK""}","new","","","","address the contract administrator; phase-3 confidence: verified; source: https://members.agcak.org/memberdirectory/Search/general-contractor-member-296133"
"turnagain-marine-construction-825cb9","certly","Turnagain Marine Construction","https://turnagain.build","commercial GC","https://turnagain.build/about/","form","{""city"": ""Anchorage"", ""location"": ""Anchorage, Alaska"", ""segment"": ""commercial GC"", ""source_list"": ""your AGC chapter's public contractor directory"", ""state"": ""AK""}","new","","","","route from routes-enrichment.csv (2026-09-03), verified at https://turnagain.build/about/; address the contract administrator; phase-3 confidence: verified; source: https://members.agcak.org/memberdirectory/Search/general-contractor-member-296133"
"uic-government-construction-0d65a1","certly","UIC Government Construction","https://uicalaska.com","commercial GC","https://uicalaska.com/contact-us/","form","{""city"": ""Anchorage"", ""location"": ""Anchorage, Alaska"", ""segment"": ""commercial GC"", ""source_list"": ""your AGC chapter's public contractor directory"", ""state"": ""AK""}","new","","","","address the contract administrator; phase-3 confidence: verified; source: https://members.agcak.org/memberdirectory/Search/general-contractor-member-296133"
"union-corner-construction-inc-403ce3","certly","Union Corner Construction Inc","https://www.unioncorner.com/","commercial GC","https://www.unioncorner.com/contact","form","{""city"": ""Vancouver"", ""location"": ""Vancouver, Washington"", ""segment"": ""commercial GC"", ""state"": ""WA""}","new","","","","route from routes-enrichment.csv (2026-09-03), verified at https://www.unioncorner.com/contact; address the owner; phase-3 confidence: verified; source: https://data.wa.gov/resource/m8qx-ubtq.json?$where=contractorlicensestatus='ACTIVE'%20AND%20specialtycode1desc='GENERAL'%20AND%20state='WA'%20AND%20businesstypecodedesc%20in('Corporation','Limited%20Liability%20Company','Partnership')&$limit=30000"
"uniprop-ea0abe","certly","Uniprop","https://www.uniprop.com/","manufactured housing community operator","https://www.uniprop.com/contact-us/","form","{""segment"": ""manufactured housing community operator"", ""size_signal_raw"": ""5100 est. manufactured-home lots owned""}","new","","","","route from routes-enrichment.csv (2026-09-03), verified at https://www.uniprop.com/contact-us/; address the director of operations; phase-3 confidence: secondary; source: https://www.mobilehomeuniversity.com/mhu-top-100-community-owners.php"
"universal-storage-group-d73e2a","certly","Universal Storage Group","https://www.universalstoragegroup.com/management","self-storage operator","https://www.universalstoragegroup.com/management","form","{""location"": ""Georgia"", ""segment"": ""self-storage operator"", ""state"": ""GA""}","new","","","","address the director of operations; phase-3 confidence: secondary; source: https://www.sitelink.com/marketplace/management-companies/universal-storage-group"
"uptown-dallas-properties-5044f3","certly","Uptown Dallas Properties","https://www.uptowndallasproperties.com/","residential property management","https://www.uptowndallasproperties.com/contact-us/","form","{""city"": ""Dallas"", ""location"": ""Dallas, Texas"", ""segment"": ""residential property management"", ""source_list"": ""the Expertise.com property management listings"", ""state"": ""TX""}","new","","","","address the owner / broker-owner; phase-3 confidence: verified; source: https://www.expertise.com/business/property-management/texas/dallas"
"uptown-realty-dc639c","certly","Uptown Realty","https://bostonuptown.com/","residential property management","https://bostonuptown.com/contact-us/","form","{""city"": ""Allston"", ""location"": ""Allston, Massachusetts"", ""segment"": ""residential property management"", ""source_list"": ""the Expertise.com property management listings"", ""state"": ""MA""}","new","","","","address the owner / broker-owner; phase-3 confidence: verified; source: https://www.expertise.com/business/property-management/massachusetts/boston"
"urbannashville-vacation-rentals-bbcdc9","certly","UrbanNashville Vacation Rentals","https://urbannashvillevacationrentals.com/","residential property management","https://urbannashvillevacationrentals.com/contact-information/","form","{""city"": ""Nashville"", ""location"": ""Nashville, Tennessee"", ""segment"": ""residential property management"", ""source_list"": ""the Expertise.com property management listings"", ""state"": ""TN""}","new","","","","address the owner / broker-owner; phase-3 confidence: verified; source: https://www.expertise.com/business/property-management/tennessee/nashville"
"us-national-commercial-real-estate-servi-470fcc","certly","US National Commercial Real Estate Services","https://nationalcommercial.com/","commercial property management","https://nationalcommercial.com/contact/","form","{""city"": ""Las Vegas"", ""location"": ""Las Vegas, Nevada"", ""segment"": ""commercial property management"", ""state"": ""NV""}","new","","","","route from routes-enrichment.csv (2026-09-03), verified at https://nationalcommercial.com/contact/; address the property management director; phase-3 confidence: secondary; source: https://www.bbb.org/search?find_country=USA&find_loc=Las%20Vegas%2C%20NV&find_text=Commercial%20Property%20Management&page=2"
"utah-hoa-management-25a1d0","certly","Utah HOA Management","https://www.utahhoamanagement.com/","HOA / community association management","https://www.utahhoamanagement.com/contact-us","form","{""city"": ""Salt Lake City"", ""location"": ""Salt Lake City, Utah"", ""segment"": ""HOA / community association management"", ""state"": ""UT""}","new","","","","route from routes-enrichment.csv (2026-09-03), verified at https://www.utahhoamanagement.com/contact-us; address the director of community management; phase-3 confidence: secondary; source: https://www.hoamanagement.com/association-management-company/utah-hoa-management/"
"vaughn-construction-b07e28","certly","Vaughn Construction","https://www.vaughnconstruction.com","commercial GC","https://www.vaughnconstruction.com/contact.php","form","{""city"": ""Houston"", ""location"": ""Houston, Texas"", ""segment"": ""commercial GC"", ""source_list"": ""your AGC chapter's public contractor directory"", ""state"": ""TX""}","new","","","","route from routes-enrichment.csv (2026-09-03), verified at https://www.vaughnconstruction.com/contact.php; address the contract administrator; phase-3 confidence: verified; source: https://members.agchouston.org/directory/Search/general-contractors-386559"
"vega-property-management-llc-4885d4","certly","Vega Property Management, LLC","https://vegapropertymanagement.com/","commercial property management","https://vegapropertymanagement.com/about","form","{""city"": ""Saint Louis"", ""location"": ""Saint Louis, Missouri"", ""segment"": ""commercial property management"", ""state"": ""MO""}","new","","","","route from routes-enrichment.csv (2026-09-03), verified at https://vegapropertymanagement.com/about; address the property management director; phase-3 confidence: secondary; source: https://www.bbb.org/search?find_country=USA&find_loc=St.%20Louis%2C%20MO&find_text=Commercial%20Property%20Management&page=1"
"vegas-realty-f01946","certly","Vegas Realty","https://lasvegasnvpropertymanagement.com/","residential property management","https://lasvegasnvpropertymanagement.com/contact-us","form","{""city"": ""Las Vegas"", ""location"": ""Las Vegas, Nevada"", ""segment"": ""residential property management"", ""source_list"": ""the Expertise.com property management listings"", ""state"": ""NV""}","new","","","","address the owner / broker-owner; phase-3 confidence: verified; source: https://www.expertise.com/business/property-management/nevada/las-vegas"
"wake-hoa-management-inc-51d318","certly","Wake HOA Management, Inc.","https://www.wakehoa.com/","HOA / community association management","https://www.wakehoa.com/contact.html","form","{""location"": ""North Carolina"", ""segment"": ""HOA / community association management"", ""state"": ""NC""}","new","","","","route from routes-enrichment.csv (2026-09-03), verified at https://www.wakehoa.com/contact.html; address the director of community management; phase-3 confidence: secondary; source: https://members.cai-nc.org/member-company-directory/Search/community-management-570565"
"walsh-construction-co-ad23fa","certly","Walsh Construction Co","https://www.walshconstruction.com/","commercial GC","https://www.walshconstruction.com/contact/","form","{""city"": ""Portland"", ""location"": ""Portland, Oregon"", ""segment"": ""commercial GC"", ""size_signal_raw"": ""$80000 CCB surety bond and $2000000 liability limit on file (Oregon CCB record)"", ""state"": ""OR""}","new","","","","route from routes-enrichment.csv (2026-09-03), verified at https://www.walshconstruction.com/contact/; address the owner; phase-3 confidence: verified; source: https://data.oregon.gov/resource/g77e-6bhs.json?$where=endorsement_text%20like%20'Commercial%20General%20Contractor%25'%20AND%20exempt_text='Nonexempt'&$limit=8000"
"websco-properties-59129a","certly","Websco Properties","http://www.webscoproperties.com/management/","self-storage operator","http://www.webscoproperties.com/management/","form","{""location"": ""California"", ""segment"": ""self-storage operator"", ""state"": ""CA""}","new","","","","address the director of operations; phase-3 confidence: secondary; source: https://www.sitelink.com/marketplace/management-companies/websco-properties"
"western-marine-construction-inc-88c7c8","certly","Western Marine Construction, Inc.","https://www.westernmarineconstruction.com","commercial GC","https://www.westernmarineconstruction.com/contact/","form","{""city"": ""Seattle"", ""location"": ""Seattle, Washington"", ""segment"": ""commercial GC"", ""source_list"": ""your AGC chapter's public contractor directory"", ""state"": ""WA""}","new","","","","address the contract administrator; phase-3 confidence: verified; source: https://members.agcak.org/memberdirectory/Search/general-contractor-member-296133"
"westfall-constructors-ltd-2ab047","certly","Westfall Constructors, Ltd.","https://westfallgroup.com","commercial GC","https://westfallgroup.com/contact/","form","{""city"": ""Houston"", ""location"": ""Houston, Texas"", ""segment"": ""commercial GC"", ""source_list"": ""your AGC chapter's public contractor directory"", ""state"": ""TX""}","new","","","","address the contract administrator; phase-3 confidence: verified; source: https://members.agchouston.org/directory/Search/general-contractors-386559"
"westwork-management-4ed60c","certly","WestWork Management","https://westworkcorp.com/","HOA / community association management","https://westworkcorp.com/","form","{""city"": ""Lakewood"", ""location"": ""Lakewood, Colorado"", ""segment"": ""HOA / community association management"", ""state"": ""CO""}","new","","","","address the director of community management; phase-3 confidence: secondary; source: https://www.hoamanagement.com/association-management-company/westwork-management/"
"wheeler-general-contracting-b6e687","certly","Wheeler General Contracting","https://wheelergeneral.com","commercial GC","https://wheelergeneral.com/construction-contact.php","form","{""city"": ""Anchorage"", ""location"": ""Anchorage, Alaska"", ""segment"": ""commercial GC"", ""source_list"": ""your AGC chapter's public contractor directory"", ""state"": ""AK""}","new","","","","route from routes-enrichment.csv (2026-09-03), verified at https://wheelergeneral.com/construction-contact.php; address the contract administrator; phase-3 confidence: verified; source: https://members.agcak.org/memberdirectory/Search/general-contractor-member-296133"
"wilhoit-properties-inc-8d4dda","certly","Wilhoit Properties, Inc","https://www.wilhoitproperties.com/","commercial property management","https://www.wilhoitproperties.com/contact-us","form","{""city"": ""Springfield"", ""location"": ""Springfield, Missouri"", ""segment"": ""commercial property management"", ""state"": ""MO""}","new","","","","route from routes-enrichment.csv (2026-09-03), verified at https://www.wilhoitproperties.com/contact-us; address the property management director; phase-3 confidence: secondary; source: https://www.bbb.org/search?find_country=USA&find_loc=Kansas%20City%2C%20MO&find_text=Commercial%20Property%20Management&page=2"
"william-douglas-management-company-ebc132","certly","William Douglas Management Company","http://www.wmdouglas.com/","HOA / community association management","http://www.wmdouglas.com/","form","{""location"": ""North Carolina"", ""segment"": ""HOA / community association management"", ""state"": ""NC""}","new","","","","address the director of community management; phase-3 confidence: secondary; source: https://members.cai-nc.org/member-company-directory/Search/community-management-570565"
"woda-cooper-companies-inc-e6523d","certly","Woda Cooper Companies, Inc.","https://www.wodagroup.com/","commercial property management","https://www.wodagroup.com/contact-us/","form","{""city"": ""Columbus"", ""location"": ""Columbus, Ohio"", ""segment"": ""commercial property management"", ""state"": ""OH""}","new","","","","route from routes-enrichment.csv (2026-09-03), verified at https://www.wodagroup.com/contact-us/; address the property management director; phase-3 confidence: secondary; source: https://www.bbb.org/search?find_country=USA&find_loc=Columbus%2C%20OH&find_text=Commercial%20Property%20Management&page=1"
"woodman-construction-inc-c7715d","certly","Woodman Construction Inc","https://woodmanconstruction.com/","commercial GC","https://woodmanconstruction.com/contact-us/","form","{""city"": ""Kirkland"", ""location"": ""Kirkland, Washington"", ""segment"": ""commercial GC"", ""state"": ""WA""}","new","","","","route from routes-enrichment.csv (2026-09-03), verified at https://woodmanconstruction.com/contact-us/; address the owner; phase-3 confidence: verified; source: https://data.wa.gov/resource/m8qx-ubtq.json?$where=contractorlicensestatus='ACTIVE'%20AND%20specialtycode1desc='GENERAL'%20AND%20state='WA'%20AND%20businesstypecodedesc%20in('Corporation','Limited%20Liability%20Company','Partnership')&$limit=30000"
"world-class-properties-bfc4e0","certly","World Class Properties","https://wcpmanagement.net/","residential property management","https://wcpmanagement.net/contact/","form","{""city"": ""Nampa"", ""location"": ""Nampa, Idaho"", ""segment"": ""residential property management"", ""source_list"": ""the Expertise.com property management listings"", ""state"": ""ID""}","new","","","","address the owner / broker-owner; phase-3 confidence: verified; source: https://www.expertise.com/business/property-management/idaho/boise"
"xl-property-contracting-d5509a","certly","XL Property & Contracting","https://xlprop.com/","residential property management","https://www.xlprop.com/contact","form","{""city"": ""Milwaukee"", ""location"": ""Milwaukee, Wisconsin"", ""segment"": ""residential property management"", ""source_list"": ""the Expertise.com property management listings"", ""state"": ""WI""}","new","","","","address the owner / broker-owner; phase-3 confidence: verified; source: https://www.expertise.com/business/property-management/wisconsin/milwaukee"
"1-original-construction-inc-afd699","certly","1 Original Construction INC","https://1originalconstruction.com/","commercial GC","info@1originalconstruction.com","mailbox","{""city"": ""SAN Francisco"", ""location"": ""SAN Francisco, California"", ""segment"": ""commercial GC"", ""size_signal_raw"": ""Workers' comp policy on file with Norguard Insurance Company (CSLB record), i.e. carries W-2 field staff"", ""state"": ""CA""}","new","","","","route from routes-enrichment.csv (2026-09-03), verified at https://1originalconstruction.com/; address the owner; phase-3 confidence: verified; source: https://www2.cslb.ca.gov/onlineservices/dataportal/ListByCounty"
"1st-choice-realty-group-llc-d827b3","certly","1st Choice Realty Group, LLC","https://www.1stchoicerealtygroupllc.com/","residential property management","webmaster@1stchoicerealtygroupllc.com","mailbox","{""city"": ""Colonial Heights"", ""location"": ""Colonial Heights, Virginia"", ""segment"": ""residential property management"", ""source_list"": ""the Expertise.com property management listings"", ""state"": ""VA""}","new","","","","address the owner / broker-owner; phase-3 confidence: verified; source: https://www.expertise.com/business/property-management/virginia/richmond"
"1st-realty-resources-c92191","certly","1st Realty Resources","https://www.1strealty.net/","commercial property management","info@1strealty.net","mailbox","{""city"": ""Fort Worth"", ""location"": ""Fort Worth, Texas"", ""segment"": ""commercial property management"", ""state"": ""TX""}","new","","","","route from routes-enrichment.csv (2026-09-03), verified at https://www.1strealty.net/; address the property management director; phase-3 confidence: secondary; source: https://www.bbb.org/search?find_country=USA&find_loc=Dallas%2C%20TX&find_text=Commercial%20Property%20Management&page=2"
"20th-century-construction-inc-c89263","certly","20th Century Construction INC","https://www.20thcenturyconstruction.com/","commercial GC","sales@20thcenturyconstruction.com","mailbox","{""city"": ""Calabasas"", ""location"": ""Calabasas, California"", ""segment"": ""commercial GC"", ""size_signal_raw"": ""Workers' comp policy on file with Pie Insurance Company (The) (CSLB record), i.e. carries W-2 field staff"", ""state"": ""CA""}","new","","","","route from routes-enrichment.csv (2026-09-03), verified at https://www.20thcenturyconstruction.com/; address the owner; phase-3 confidence: verified; source: https://www2.cslb.ca.gov/onlineservices/dataportal/ListByCounty"
"3-d-remodeling-inc-fcc109","certly","3-D Remodeling, Inc.","https://www.3dremodeling.com/","commercial GC","sales@3dremodeling.com","mailbox","{""city"": ""Cary"", ""location"": ""Cary, North Carolina"", ""segment"": ""commercial GC"", ""state"": ""NC""}","new","","","","route from routes-enrichment.csv (2026-09-03), verified at https://www.3dremodeling.com/; address the owner; phase-3 confidence: verified; source: https://portal.nclbgc.org/Public/Search"
"360-community-management-20dbb5","certly","360 Community Management","https://www.360hoa.com","HOA / community association management","info@360hoa.com","mailbox","{""city"": ""San Diego"", ""location"": ""San Diego, California"", ""segment"": ""HOA / community association management"", ""state"": ""CA""}","new","","","","mailbox from routes-enrichment.csv (2026-09-03), found on https://360hoa.com/; phase-3 contact page was https://www.360hoa.com; address the director of community management; phase-3 confidence: secondary; source: https://cai-sd.org/management-company-directory/"
"4-degrees-bb84e0","certly","4 Degrees","https://4degrees.com/","residential property management","info@4degrees.com","mailbox","{""city"": ""Spokane"", ""location"": ""Spokane, Washington"", ""segment"": ""residential property management"", ""source_list"": ""the Expertise.com property management listings"", ""state"": ""WA""}","new","","","","mailbox from routes-enrichment.csv (2026-09-03), found on https://4degrees.com/contact/; phase-3 contact page was https://4degrees.com/contact/; address the owner / broker-owner; phase-3 confidence: verified; source: https://www.expertise.com/business/property-management/washington/spokane"
"919-projects-llc-7c8d98","certly","919 Projects, LLC","https://www.919projects.com/","commercial GC","info@919projects.com","mailbox","{""city"": ""Cary"", ""location"": ""Cary, North Carolina"", ""segment"": ""commercial GC"", ""state"": ""NC""}","new","","","","route from routes-enrichment.csv (2026-09-03), verified at https://www.919projects.com/; address the owner; phase-3 confidence: verified; source: https://portal.nclbgc.org/Public/Search"
"a-frame-construction-company-inc-d7be6f","certly","A Frame Construction Company INC","https://frameconstruction.net/","commercial GC","info@frameconstruction.net","mailbox","{""city"": ""Coronado"", ""location"": ""Coronado, California"", ""segment"": ""commercial GC"", ""size_signal_raw"": ""Workers' comp policy on file with State Compensation Insurance Fund (CSLB record), i.e. carries W-2 field staff"", ""state"": ""CA""}","new","","","","route from routes-enrichment.csv (2026-09-03), verified at https://frameconstruction.net/; address the owner; phase-3 confidence: verified; source: https://www2.cslb.ca.gov/onlineservices/dataportal/ListByCounty"
"a-j-p-construction-inc-221724","certly","A J P Construction INC","https://jpconstruction.net/","building contractor","info@jpconstruction.net","mailbox","{""city"": ""Boca Raton"", ""location"": ""Boca Raton, Florida"", ""segment"": ""building contractor"", ""state"": ""FL""}","new","","","","route from routes-enrichment.csv (2026-09-03), verified at https://jpconstruction.net/; address the owner; phase-3 confidence: verified; source: https://www2.myfloridalicense.com/sto/file_download/extracts//CONSTRUCTIONLICENSE_1.csv"
"a-t-construction-inc-757e0b","certly","A T Construction INC","https://tconstruction.com/","commercial GC","info@tconstruction.com","mailbox","{""city"": ""Hollywood"", ""location"": ""Hollywood, Florida"", ""segment"": ""commercial GC"", ""state"": ""FL""}","new","","","","route from routes-enrichment.csv (2026-09-03), verified at https://tconstruction.com/; address the owner; phase-3 confidence: verified; source: https://www2.myfloridalicense.com/sto/file_download/extracts//CONSTRUCTIONLICENSE_1.csv"
"a-vintage-design-construction-inc-4d153e","certly","A. Vintage Design & Construction, Inc.","https://vintagedesign.com/","commercial GC","sales@vintagedesign.com","mailbox","{""city"": ""Brandon"", ""location"": ""Brandon, Florida"", ""segment"": ""commercial GC"", ""state"": ""FL""}","new","","","","route from routes-enrichment.csv (2026-09-03), verified at https://vintagedesign.com/; address the owner; phase-3 confidence: verified; source: https://www2.myfloridalicense.com/sto/file_download/extracts//CONSTRUCTIONLICENSE_1.csv"
"a-r-k-hoa-management-llc-d64cc4","certly","A.R.K. HOA Management, LLC","https://www.ark-management.com","HOA / community association management","customerservice@ark-management.com","mailbox","{""city"": ""San Diego"", ""location"": ""San Diego, California"", ""segment"": ""HOA / community association management"", ""state"": ""CA""}","new","","","","mailbox from routes-enrichment.csv (2026-09-03), found on https://www.ark-management.com/; phase-3 contact page was https://www.ark-management.com; address the director of community management; phase-3 confidence: secondary; source: https://cai-sd.org/management-company-directory/"
"abbeyside-construction-inc-90da11","certly","Abbeyside Construction INC","https://abbeysideconstruction.com/","commercial GC","hello@abbeysideconstruction.com","mailbox","{""city"": ""SAN Francisco"", ""location"": ""SAN Francisco, California"", ""segment"": ""commercial GC"", ""size_signal_raw"": ""Workers' comp policy on file with State Compensation Insurance Fund (CSLB record), i.e. carries W-2 field staff"", ""state"": ""CA""}","new","","","","route from routes-enrichment.csv (2026-09-03), verified at https://abbeysideconstruction.com/; address the owner; phase-3 confidence: verified; source: https://www2.cslb.ca.gov/onlineservices/dataportal/ListByCounty"
"ac-extra-usa-corp-d998a9","certly","Ac Extra USA Corp","https://acextra.com/","specialty prime (mechanical)","contact@acextra.com","mailbox","{""city"": ""Loxahatchee"", ""location"": ""Loxahatchee, Florida"", ""segment"": ""specialty prime (mechanical)"", ""state"": ""FL""}","new","","","","route from routes-enrichment.csv (2026-09-03), verified at https://acextra.com/; address the owner; phase-3 confidence: verified; source: https://www2.myfloridalicense.com/sto/file_download/extracts//CONSTRUCTIONLICENSE_1.csv"
"accent-realtors-5fe486","certly","Accent Realtors","https://www.accentrealtors.com/","residential property management","info@accentrealtors.com","mailbox","{""city"": ""Tulsa"", ""location"": ""Tulsa, Oklahoma"", ""segment"": ""residential property management"", ""source_list"": ""the Expertise.com property management listings"", ""state"": ""OK""}","new","","","","mailbox from routes-enrichment.csv (2026-09-03), found on https://www.accentrealtors.com/; phase-3 contact page was https://www.accentrealtors.com/contact; address the owner / broker-owner; phase-3 confidence: verified; source: https://www.expertise.com/business/property-management/oklahoma/tulsa"
"accountable-property-management-cfabca","certly","Accountable Property Management","https://accountablepm.com/","residential property management","info@accountablepm.com","mailbox","{""city"": ""Hayward"", ""location"": ""Hayward, California"", ""segment"": ""residential property management"", ""source_list"": ""the Expertise.com property management listings"", ""state"": ""CA""}","new","","","","mailbox from routes-enrichment.csv (2026-09-03), found on https://accountablepm.com/; phase-3 contact page was https://accountablepm.com/contact_us.php; address the owner / broker-owner; phase-3 confidence: verified; source: https://www.expertise.com/business/property-management/california/san-jose"
"ace-metal-building-services-inc-78808d","certly","ACE Metal Building Services, Inc.","https://www.acemetal.com/","building contractor","info@acemetal.com","mailbox","{""city"": ""Orlando"", ""location"": ""Orlando, Florida"", ""segment"": ""building contractor"", ""state"": ""FL""}","new","","","","route from routes-enrichment.csv (2026-09-03), verified at https://www.acemetal.com/; address the owner; phase-3 confidence: verified; source: https://www2.myfloridalicense.com/sto/file_download/extracts//CONSTRUCTIONLICENSE_1.csv"
"achill-beg-construction-inc-2e7f91","certly","Achill BEG Construction INC","https://achillbegconstruction.com/","commercial GC","info@achillbegconstruction.com","mailbox","{""city"": ""SAN Francisco"", ""location"": ""SAN Francisco, California"", ""segment"": ""commercial GC"", ""size_signal_raw"": ""Workers' comp policy on file with Omaha National Casualty Company (CSLB record), i.e. carries W-2 field staff"", ""state"": ""CA""}","new","","","","route from routes-enrichment.csv (2026-09-03), verified at https://achillbegconstruction.com/; address the owner; phase-3 confidence: verified; source: https://www2.cslb.ca.gov/onlineservices/dataportal/ListByCounty"
"active-construction-inc-93d978","certly","Active Construction Inc","https://activeconstruction.com/","commercial GC","estimating@activeconstruction.com","mailbox","{""city"": ""Puyallup"", ""location"": ""Puyallup, Washington"", ""segment"": ""commercial GC"", ""state"": ""WA""}","new","","","","route from routes-enrichment.csv (2026-09-03), verified at https://activeconstruction.com/contact/; address the owner; phase-3 confidence: verified; source: https://data.wa.gov/resource/m8qx-ubtq.json?$where=contractorlicensestatus='ACTIVE'%20AND%20specialtycode1desc='GENERAL'%20AND%20state='WA'%20AND%20businesstypecodedesc%20in('Corporation','Limited%20Liability%20Company','Partnership')&$limit=30000"
"ad-astra-realty-ef7431","certly","Ad Astra Realty","https://www.adastrarealty.com/","residential property management","office@adastrakc.com","mailbox","{""city"": ""Olathe"", ""location"": ""Olathe, Kansas"", ""segment"": ""residential property management"", ""source_list"": ""the Expertise.com property management listings"", ""state"": ""KS""}","new","","","","mailbox from routes-enrichment.csv (2026-09-03), found on https://adastrakc.com/contact-us; phase-3 contact page was https://adastrakc.com/contact-us; address the owner / broker-owner; phase-3 confidence: verified; source: https://www.expertise.com/business/property-management/missouri/kansas-city"
"adams-and-adams-construction-group-llc-b3800b","certly","Adams and Adams Construction Group, LLC","https://www.adams.africa/","commercial GC","mail@adams.africa","mailbox","{""city"": ""Asheville"", ""location"": ""Asheville, North Carolina"", ""segment"": ""commercial GC"", ""state"": ""NC""}","new","","","","route from routes-enrichment.csv (2026-09-03), verified at https://www.adams.africa/contact-us/; address the owner; phase-3 confidence: verified; source: https://portal.nclbgc.org/Public/Search"
"advent-properties-inc-01262f","certly","Advent Properties, Inc.","https://adventpropertiesinc.com/","residential property management","team@adventpropertiesinc.com","mailbox","{""city"": ""Sacramento"", ""location"": ""Sacramento, California"", ""portfolio"": {""approx"": true, ""count"": 850, ""noun"": ""rentals""}, ""segment"": ""residential property management"", ""size_signal_raw"": ""850+ rentals"", ""source_list"": ""the Expertise.com property management listings"", ""state"": ""CA""}","new","","","","mailbox from routes-enrichment.csv (2026-09-03), found on https://adventpropertiesinc.com/contact-us; phase-3 contact page was https://adventpropertiesinc.com/contact-us; address the owner / broker-owner; phase-3 confidence: verified; source: https://www.expertise.com/business/property-management/california/sacramento"
"affinity-management-services-daca8d","certly","Affinity Management Services","http://www.managedbyaffinity.com/","HOA / community association management","info@managedbyaffinity.com","mailbox","{""city"": ""Doral"", ""location"": ""Doral, Florida"", ""segment"": ""HOA / community association management"", ""state"": ""FL""}","new","","","","mailbox from routes-enrichment.csv (2026-09-03), found on https://managedbyaffinity.com/; phase-3 contact page was http://www.managedbyaffinity.com/; address the director of community management; phase-3 confidence: secondary; source: https://www.hoamanagement.com/association-management-company/affinity-management-services/"
"affordable-contracting-inc-079284","certly","Affordable Contracting, Inc.","https://affordablecontracting.com/","commercial GC","service@affordablecontracting.net","mailbox","{""city"": ""Palm Harbor"", ""location"": ""Palm Harbor, Florida"", ""segment"": ""commercial GC"", ""state"": ""FL""}","new","","","","route from routes-enrichment.csv (2026-09-03), verified at https://affordablecontracting.com/; address the owner; phase-3 confidence: verified; source: https://www2.myfloridalicense.com/sto/file_download/extracts//CONSTRUCTIONLICENSE_1.csv"
"ajax-building-company-llc-402484","certly","Ajax Building Company, LLC","https://www.ajaxbuilding.com/","commercial GC","hr@ajaxbuilding.com","mailbox","{""city"": ""Oldsmar"", ""location"": ""Oldsmar, Florida"", ""segment"": ""commercial GC"", ""state"": ""FL""}","new","","","","route from routes-enrichment.csv (2026-09-03), verified at https://www.ajaxbuilding.com/; address the owner; phase-3 confidence: verified; source: https://www2.myfloridalicense.com/sto/file_download/extracts//CONSTRUCTIONLICENSE_1.csv"
"ajt-construction-company-537da7","certly","AJT Construction Company","https://www.ajtconstruction.com/","commercial GC","info@ajtconstruction.com","mailbox","{""city"": ""Canyon Country"", ""location"": ""Canyon Country, California"", ""segment"": ""commercial GC"", ""size_signal_raw"": ""Workers' comp policy on file with State Compensation Insurance Fund (CSLB record), i.e. carries W-2 field staff"", ""state"": ""CA""}","new","","","","route from routes-enrichment.csv (2026-09-03), verified at https://www.ajtconstruction.com/; address the owner; phase-3 confidence: verified; source: https://www2.cslb.ca.gov/onlineservices/dataportal/ListByCounty"
"ak-building-design-inc-991354","certly","AK Building & Design INC","https://akbuilding.com/","commercial GC","info@akbuilding.com","mailbox","{""city"": ""Boynton Beach"", ""location"": ""Boynton Beach, Florida"", ""segment"": ""commercial GC"", ""state"": ""FL""}","new","","","","route from routes-enrichment.csv (2026-09-03), verified at http://akbuilding.com/; address the owner; phase-3 confidence: verified; source: https://www2.myfloridalicense.com/sto/file_download/extracts//CONSTRUCTIONLICENSE_1.csv"
"akins-homes-8b24ed","certly","Akins Homes","https://akinshomes.com/","residential / multifamily builder","info@akinshomes.com","mailbox","{""city"": ""Corona DEL MAR"", ""location"": ""Corona DEL MAR, California"", ""segment"": ""residential / multifamily builder"", ""size_signal_raw"": ""Workers' comp policy on file with State Compensation Insurance Fund (CSLB record), i.e. carries W-2 field staff"", ""state"": ""CA""}","new","","","","route from routes-enrichment.csv (2026-09-03), verified at https://akinshomes.com/; address the owner; phase-3 confidence: verified; source: https://www2.cslb.ca.gov/onlineservices/dataportal/ListByCounty"
"alarca-realty-24a7a8","certly","Alarca Realty","https://alarca.com/","residential property management","info@alarca.com","mailbox","{""city"": ""Charlotte"", ""location"": ""Charlotte, North Carolina"", ""segment"": ""residential property management"", ""source_list"": ""the Expertise.com property management listings"", ""state"": ""NC""}","new","","","","mailbox from routes-enrichment.csv (2026-09-03), found on https://www.alarca.com/contact; phase-3 contact page was https://alarca.com/contact; address the owner / broker-owner; phase-3 confidence: verified; source: https://www.expertise.com/business/property-management/north-carolina/charlotte"
"alaska-frontier-constructors-inc-e20f9c","certly","Alaska Frontier Constructors, Inc.","https://akfrontier.com","commercial GC","info@akfrontier.com","mailbox","{""city"": ""Anchorage"", ""location"": ""Anchorage, Alaska"", ""segment"": ""commercial GC"", ""source_list"": ""your AGC chapter's public contractor directory"", ""state"": ""AK""}","new","","","","mailbox from routes-enrichment.csv (2026-09-03), found on https://akfrontier.com/contacts/; phase-3 contact page was https://akfrontier.com/contacts/; address the contract administrator; phase-3 confidence: verified; source: https://members.agcak.org/memberdirectory/Search/general-contractor-member-296133"
"albino-construction-inc-8a18fd","certly","Albino Construction INC","https://www.albinoconstruction.com/","commercial GC","info@albinoconstruction.com","mailbox","{""city"": ""LOS Angeles"", ""location"": ""LOS Angeles, California"", ""segment"": ""commercial GC"", ""size_signal_raw"": ""Workers' comp policy on file with State Compensation Insurance Fund (CSLB record), i.e. carries W-2 field staff"", ""state"": ""CA""}","new","","","","route from routes-enrichment.csv (2026-09-03), verified at https://www.albinoconstruction.com/contact; address the owner; phase-3 confidence: verified; source: https://www2.cslb.ca.gov/onlineservices/dataportal/ListByCounty"
"alborn-construction-inc-162f20","certly","Alborn Construction, Inc.","https://www.albornconstruction.com","commercial GC","info@albornconstruction.com","mailbox","{""city"": ""Anchorage"", ""location"": ""Anchorage, Alaska"", ""segment"": ""commercial GC"", ""source_list"": ""your AGC chapter's public contractor directory"", ""state"": ""AK""}","new","","","","mailbox from routes-enrichment.csv (2026-09-03), found on https://www.albornconstruction.com/contact/; phase-3 contact page was https://www.albornconstruction.com/contact/; address the contract administrator; phase-3 confidence: verified; source: https://members.agcak.org/memberdirectory/Search/general-contractor-member-296133"
"alfa-homes-306390","certly","ALFA HOMES","https://www.alfahomesllc.com/","HOA / community association management","info@alfahomesllc.com","mailbox","{""city"": ""Alpharetta"", ""location"": ""Alpharetta, Georgia"", ""segment"": ""HOA / community association management"", ""state"": ""GA""}","new","","","","mailbox from routes-enrichment.csv (2026-09-03), found on https://alfahomesllc.com/; phase-3 contact page was https://www.alfahomesllc.com/; address the director of community management; phase-3 confidence: secondary; source: https://www.hoamanagement.com/association-management-company/alfa-homes/"
"all-covered-contractors-corp-097945","certly","ALL Covered Contractors Corp","https://www.allcoveredcontractors.com/","building contractor","info@allcoveredcontractors.com","mailbox","{""city"": ""ST Petersburg"", ""location"": ""ST Petersburg, Florida"", ""segment"": ""building contractor"", ""state"": ""FL""}","new","","","","route from routes-enrichment.csv (2026-09-03), verified at https://www.allcoveredcontractors.com/contact/; address the owner; phase-3 confidence: verified; source: https://www2.myfloridalicense.com/sto/file_download/extracts//CONSTRUCTIONLICENSE_1.csv"
"all-pro-builders-inc-697214","certly","ALL PRO Builders INC","https://allprobuilders.net/","commercial GC","info@allprobuilders.net","mailbox","{""city"": ""Fullerton"", ""location"": ""Fullerton, California"", ""segment"": ""commercial GC"", ""size_signal_raw"": ""Workers' comp policy on file with Everest Premier Insurance Company (CSLB record), i.e. carries W-2 field staff"", ""state"": ""CA""}","new","","","","route from routes-enrichment.csv (2026-09-03), verified at https://allprobuilders.net/; address the owner; phase-3 confidence: verified; source: https://www2.cslb.ca.gov/onlineservices/dataportal/ListByCounty"
"all-seasons-contracting-inc-fbee6c","certly","ALL Seasons Contracting INC","https://allseasonscontracting.com/","commercial GC","info@allseasonscontracting.com","mailbox","{""city"": ""Placentia"", ""location"": ""Placentia, California"", ""segment"": ""commercial GC"", ""size_signal_raw"": ""Workers' comp policy on file with Insurance Company Of The West (CSLB record), i.e. carries W-2 field staff"", ""state"": ""CA""}","new","","","","route from routes-enrichment.csv (2026-09-03), verified at http://allseasonscontracting.com/; address the owner; phase-3 confidence: verified; source: https://www2.cslb.ca.gov/onlineservices/dataportal/ListByCounty"
"all-star-construction-inc-1d80bd","certly","ALL Star Construction INC","https://allstarconstruction.com/","commercial GC","info@allstarconstruction.com","mailbox","{""city"": ""Orlando"", ""location"": ""Orlando, Florida"", ""segment"": ""commercial GC"", ""state"": ""FL""}","new","","","","route from routes-enrichment.csv (2026-09-03), verified at https://allstarconstruction.com/; address the owner; phase-3 confidence: verified; source: https://www2.myfloridalicense.com/sto/file_download/extracts//CONSTRUCTIONLICENSE_1.csv"
"allard-custom-homes-inc-cd7c4c","certly","Allard Custom Homes INC","https://allardhomes.com/","residential / multifamily builder","info@allardhomes.com","mailbox","{""city"": ""Cape Coral"", ""location"": ""Cape Coral, Florida"", ""segment"": ""residential / multifamily builder"", ""state"": ""FL""}","new","","","","route from routes-enrichment.csv (2026-09-03), verified at https://allardhomes.com/; address the owner; phase-3 confidence: verified; source: https://www2.myfloridalicense.com/sto/file_download/extracts//CONSTRUCTIONLICENSE_1.csv"
"allegiant-management-group-0218b1","certly","Allegiant Management Group","https://www.amgrents.com/central-florida-property-management","residential property management","support@amgrents.com","mailbox","{""city"": ""Kissimmee"", ""location"": ""Kissimmee, Florida"", ""segment"": ""residential property management"", ""source_list"": ""the Expertise.com property management listings"", ""state"": ""FL""}","new","","","","mailbox from routes-enrichment.csv (2026-09-03), found on https://www.amgrents.com/contact; phase-3 contact page was https://www.amgrents.com/contact; address the owner / broker-owner; phase-3 confidence: verified; source: https://www.expertise.com/business/property-management/florida/orlando"
"alliance-green-builders-f5837d","certly","Alliance Green Builders","https://alliancegreenbuilders.com/","commercial GC","info@alliancegreenbuilders.com","mailbox","{""city"": ""Solana Beach"", ""location"": ""Solana Beach, California"", ""segment"": ""commercial GC"", ""size_signal_raw"": ""Workers' comp policy on file with Insurance Company Of The West (CSLB record), i.e. carries W-2 field staff"", ""state"": ""CA""}","new","","","","route from routes-enrichment.csv (2026-09-03), verified at https://alliancegreenbuilders.com/; address the owner; phase-3 confidence: verified; source: https://www2.cslb.ca.gov/onlineservices/dataportal/ListByCounty"
"alluvia-hoa-management-814b78","certly","Alluvia HOA Management","https://www.alluviahoa.com/","HOA / community association management","general@alluviahoa.com","mailbox","{""city"": ""Statesville"", ""location"": ""Statesville, North Carolina"", ""segment"": ""HOA / community association management"", ""state"": ""NC""}","new","","","","mailbox from routes-enrichment.csv (2026-09-03), found on https://www.alluviahoa.com/; phase-3 contact page was https://www.alluviahoa.com/; address the director of community management; phase-3 confidence: secondary; source: https://www.hoamanagement.com/association-management-company/alluvia-hoa-management-national/"
"allview-real-estate-b10628","certly","AllView Real Estate","https://allviewrealestate.com/","residential property management","info@allviewrealestate.com","mailbox","{""city"": ""Newport Beach"", ""location"": ""Newport Beach, California"", ""segment"": ""residential property management"", ""source_list"": ""the Expertise.com property management listings"", ""state"": ""CA""}","new","","","","mailbox from routes-enrichment.csv (2026-09-03), found on https://allviewrealestate.com/contact/; phase-3 contact page was https://allviewrealestate.com/contact/; address the owner / broker-owner; phase-3 confidence: verified; source: https://www.expertise.com/business/property-management/california/los-angeles"
"allwood-construction-inc-7853b6","certly","Allwood Construction INC","https://www.allwoodconstruction.net/","commercial GC","info@allwoodconstruction.com","mailbox","{""city"": ""SAN Carlos"", ""location"": ""SAN Carlos, California"", ""segment"": ""commercial GC"", ""size_signal_raw"": ""Workers' comp policy on file with Omaha National Casualty Company (CSLB record), i.e. carries W-2 field staff"", ""state"": ""CA""}","new","","","","route from routes-enrichment.csv (2026-09-03), verified at http://www.allwoodconstruction.net/; address the owner; phase-3 confidence: verified; source: https://www2.cslb.ca.gov/onlineservices/dataportal/ListByCounty"
"alpha-management-corporation-2b6cd0","certly","Alpha Management Corporation","https://alphamanagementcorp.com/","residential property management","info@alphamanagementcorp.com","mailbox","{""city"": ""Brookline"", ""location"": ""Brookline, Massachusetts"", ""segment"": ""residential property management"", ""source_list"": ""the Expertise.com property management listings"", ""state"": ""MA""}","new","","","","route from routes-enrichment.csv (2026-09-03), verified at https://www.alphamanagementcorp.com/; address the owner / broker-owner; phase-3 confidence: secondary; source: https://www.expertise.com/business/property-management/massachusetts/boston"
"alps-property-management-c94247","certly","ALPS Property Management","https://www.thealpsgroup.com/","residential property management","info@thealpsgroup.com","mailbox","{""city"": ""Chicago"", ""location"": ""Chicago, Illinois"", ""segment"": ""residential property management"", ""source_list"": ""the Expertise.com property management listings"", ""state"": ""IL""}","new","","","","mailbox from routes-enrichment.csv (2026-09-03), found on https://www.thealpsgroup.com/contact; phase-3 contact page was https://www.thealpsgroup.com/contact; address the owner / broker-owner; phase-3 confidence: verified; source: https://www.expertise.com/business/property-management/illinois/chicago"
"american-campus-communities-2c8cce","certly","American Campus Communities","https://www.americancampus.com/","student housing operator","contact@americancampus.com","mailbox","{""segment"": ""student housing operator"", ""size_signal_raw"": ""ranked #2 on the Student Housing Business Top 25 Managers list (Nov/Dec 2025 issue)""}","new","","","","route from routes-enrichment.csv (2026-09-03), verified at https://www.americancampus.com/; address the risk manager; phase-3 confidence: secondary; source: https://www.jturnerresearch.com/ora/online-reputation-rankings/student-housing-2025"
"amg-c28c2b","certly","AMG","https://www.aperionmgmt.com/","HOA / community association management","customerservice@aperionmgmt.com","mailbox","{""city"": ""Bend"", ""location"": ""Bend, Oregon"", ""segment"": ""HOA / community association management"", ""state"": ""OR""}","new","","","","mailbox from routes-enrichment.csv (2026-09-03), found on https://www.aperionmgmt.com/; phase-3 contact page was https://www.aperionmgmt.com/; address the director of community management; phase-3 confidence: secondary; source: https://www.hoamanagement.com/association-management-company/amg-aperion-management-group/"
"amort-construction-inc-792aba","certly","Amort Construction INC","https://www.amortconstruction.com/","commercial GC","bids@amortconstruction.com","mailbox","{""city"": ""Orange"", ""location"": ""Orange, California"", ""segment"": ""commercial GC"", ""size_signal_raw"": ""Workers' comp policy on file with Omaha National Casualty Company (CSLB record), i.e. carries W-2 field staff"", ""state"": ""CA""}","new","","","","route from routes-enrichment.csv (2026-09-03), verified at https://www.amortconstruction.com/; address the owner; phase-3 confidence: verified; source: https://www2.cslb.ca.gov/onlineservices/dataportal/ListByCounty"
"anaya-contracting-corp-d70b4f","certly","Anaya Contracting Corp","https://anayacontracting.com/","building contractor","admin@anayacontracting.com","mailbox","{""city"": ""Riviera Beach"", ""location"": ""Riviera Beach, Florida"", ""segment"": ""building contractor"", ""state"": ""FL""}","new","","","","route from routes-enrichment.csv (2026-09-03), verified at https://anayacontracting.com/; address the owner; phase-3 confidence: verified; source: https://www2.myfloridalicense.com/sto/file_download/extracts//CONSTRUCTIONLICENSE_1.csv"
"andover-management-498f85","certly","Andover Management","http://www.andoverllc.com/","HOA / community association management","hello@andoverllc.com","mailbox","{""city"": ""Royal Oak"", ""location"": ""Royal Oak, Michigan"", ""segment"": ""HOA / community association management"", ""state"": ""MI""}","new","","","","mailbox from routes-enrichment.csv (2026-09-03), found on https://www.andoverllc.com/; phase-3 contact page was http://www.andoverllc.com/; address the director of community management; phase-3 confidence: secondary; source: https://www.hoamanagement.com/association-management-company/andover-management/"
"andrea-construction-inc-a98806","certly","Andrea Construction INC","https://andreaconstruction.com/","building contractor","info@andreaconstruction.com","mailbox","{""city"": ""West Palm BCH"", ""location"": ""West Palm BCH, Florida"", ""segment"": ""building contractor"", ""state"": ""FL""}","new","","","","route from routes-enrichment.csv (2026-09-03), verified at https://andreaconstruction.com/; address the owner; phase-3 confidence: verified; source: https://www2.myfloridalicense.com/sto/file_download/extracts//CONSTRUCTIONLICENSE_1.csv"
"ang-builders-llc-622ea9","certly","ANG Builders LLC","https://www.angbuilders.com/","commercial GC","info@angbuilders.com","mailbox","{""city"": ""Maitland"", ""location"": ""Maitland, Florida"", ""segment"": ""commercial GC"", ""state"": ""FL""}","new","","","","route from routes-enrichment.csv (2026-09-03), verified at https://www.angbuilders.com/; address the owner; phase-3 confidence: verified; source: https://www2.myfloridalicense.com/sto/file_download/extracts//CONSTRUCTIONLICENSE_1.csv"
"ap-advanced-construction-llc-9b9e65","certly","AP Advanced Construction, LLC","https://apadvanced.com/","commercial GC","info@apadvanced.com","mailbox","{""city"": ""Jacksonville"", ""location"": ""Jacksonville, Florida"", ""segment"": ""commercial GC"", ""state"": ""FL""}","new","","","","route from routes-enrichment.csv (2026-09-03), verified at https://apadvanced.com/contact/; address the owner; phase-3 confidence: verified; source: https://www2.myfloridalicense.com/sto/file_download/extracts//CONSTRUCTIONLICENSE_1.csv"
"aperion-management-group-llc-6b0116","certly","Aperion Management Group, LLC","https://www.aperionmgmt.com/","HOA / community association management","customerservice@aperionmgmt.com","mailbox","{""city"": ""Bend"", ""location"": ""Bend, Oregon"", ""segment"": ""HOA / community association management"", ""size_signal_raw"": ""50 community associations under management"", ""state"": ""OR""}","new","","","","route from routes-enrichment.csv (2026-09-03), verified at https://www.aperionmgmt.com/; address the director of community management; phase-3 confidence: secondary; source: https://www.communitypay.us/management-companies/state/oregon/"
"apex-life-llc-4aa36d","certly","Apex Life LLC","https://www.apexlife.com/","commercial GC","contact@apexlife.com","mailbox","{""city"": ""Asheville"", ""location"": ""Asheville, North Carolina"", ""segment"": ""commercial GC"", ""state"": ""NC""}","new","","","","route from routes-enrichment.csv (2026-09-03), verified at https://www.apexlife.com/; address the owner; phase-3 confidence: verified; source: https://portal.nclbgc.org/Public/Search"
"apex-real-estate-network-ba9a45","certly","Apex Real Estate Network","https://www.apexaz.com/","residential property management","contact@apexaz.com","mailbox","{""city"": ""Tucson"", ""location"": ""Tucson, Arizona"", ""segment"": ""residential property management"", ""source_list"": ""the Expertise.com property management listings"", ""state"": ""AZ""}","new","","","","address the owner / broker-owner; phase-3 confidence: verified; source: https://www.expertise.com/business/property-management/arizona/tucson"
"arc-property-management-7c47a9","certly","ARC Property Management","https://www.arc-propertymgmt.com/","residential property management","info@arc-propertymgmt.com","mailbox","{""city"": ""Kearny"", ""location"": ""Kearny, New Jersey"", ""segment"": ""residential property management"", ""source_list"": ""the Expertise.com property management listings"", ""state"": ""NJ""}","new","","","","mailbox from routes-enrichment.csv (2026-09-03), found on https://arc-propertymgmt.com/contact; phase-3 contact page was https://www.arc-propertymgmt.com/contact; address the owner / broker-owner; phase-3 confidence: verified; source: https://www.expertise.com/business/property-management/new-jersey/jersey-city"
"archer-construction-inc-c0101d","certly","Archer Construction Inc","https://archerconstruction.com/","commercial GC","info@archerconstruction.com","mailbox","{""city"": ""Kent"", ""location"": ""Kent, Washington"", ""segment"": ""commercial GC"", ""state"": ""WA""}","new","","","","route from routes-enrichment.csv (2026-09-03), verified at https://archerconstruction.com/; address the owner; phase-3 confidence: verified; source: https://data.wa.gov/resource/m8qx-ubtq.json?$where=contractorlicensestatus='ACTIVE'%20AND%20specialtycode1desc='GENERAL'%20AND%20state='WA'%20AND%20businesstypecodedesc%20in('Corporation','Limited%20Liability%20Company','Partnership')&$limit=30000"
"aria-properties-7a1f65","certly","Aria Properties","https://arianashville.com/","residential property management","info@arianashville.com","mailbox","{""city"": ""Brentwood"", ""location"": ""Brentwood, Tennessee"", ""segment"": ""residential property management"", ""source_list"": ""the Expertise.com property management listings"", ""state"": ""TN""}","new","","","","mailbox from routes-enrichment.csv (2026-09-03), found on https://www.arianashville.com/contact-us; phase-3 contact page was https://arianashville.com/contact-us; address the owner / broker-owner; phase-3 confidence: verified; source: https://www.expertise.com/business/property-management/tennessee/nashville"
"around-the-clock-inc-da1d67","certly","Around The Clock, Inc.","https://aroundclock.com/","HOA / community association management","info@aroundclock.com","mailbox","{""city"": ""Kent"", ""location"": ""Kent, Washington"", ""segment"": ""HOA / community association management"", ""size_signal_raw"": ""50 community associations under management"", ""state"": ""WA""}","new","","","","route from routes-enrichment.csv (2026-09-03), verified at https://aroundclock.com/; address the director of community management; phase-3 confidence: secondary; source: https://www.communitypay.us/management-companies/state/washington/"
"arris-builders-inc-343c7c","certly","Arris Builders INC","https://arrisbuilders.com/","commercial GC","info@arrisbuilders.com","mailbox","{""city"": ""Ladera Ranch"", ""location"": ""Ladera Ranch, California"", ""segment"": ""commercial GC"", ""size_signal_raw"": ""Workers' comp policy on file with State Compensation Insurance Fund (CSLB record), i.e. carries W-2 field staff"", ""state"": ""CA""}","new","","","","route from routes-enrichment.csv (2026-09-03), verified at https://arrisbuilders.com/contact; address the owner; phase-3 confidence: verified; source: https://www2.cslb.ca.gov/onlineservices/dataportal/ListByCounty"
"artemis-lifestyles-services-inc-8178b7","certly","Artemis Lifestyles Services, Inc.","https://artemislifestyles.com/","HOA / community association management","customerservice@artemislifestyles.com","mailbox","{""city"": ""Kissimmee"", ""location"": ""Kissimmee, Florida"", ""segment"": ""HOA / community association management"", ""size_signal_raw"": ""44 community associations under management"", ""state"": ""FL""}","new","","","","route from routes-enrichment.csv (2026-09-03), verified at https://artemislifestyles.com/; address the director of community management; phase-3 confidence: secondary; source: https://www.communitypay.us/management-companies/state/florida/"
"article-student-living-b8bc4f","certly","Article Student Living","https://articlestudentliving.com/","student housing operator","media@articlestudentliving.com","mailbox","{""segment"": ""student housing operator"", ""size_signal_raw"": ""ranked #17 on the Student Housing Business Top 25 Managers list (Nov/Dec 2025 issue)""}","new","","","","route from routes-enrichment.csv (2026-09-03), verified at https://articlestudentliving.com/contact; address the risk manager; phase-3 confidence: secondary; source: https://www.jturnerresearch.com/ora/online-reputation-rankings/student-housing-2025"
"ascent-builders-inc-ba38ff","certly","Ascent Builders INC","https://www.ascentbuilders.com/","commercial GC","info@ascentbuilders.com","mailbox","{""city"": ""Sacramento"", ""location"": ""Sacramento, California"", ""segment"": ""commercial GC"", ""size_signal_raw"": ""Workers' comp policy on file with Travelers Property Casualty Company Of America (CSLB record), i.e. carries W-2 field staff"", ""state"": ""CA""}","new","","","","route from routes-enrichment.csv (2026-09-03), verified at https://www.ascentbuilders.com/contact/; address the owner; phase-3 confidence: verified; source: https://www2.cslb.ca.gov/onlineservices/dataportal/ListByCounty"
"asher-house-leasing-inc-dd94c9","certly","Asher House Leasing, Inc.","https://www.asherhouseleasing.com/","commercial property management","rentals@asherhouseleasing.biz","mailbox","{""city"": ""Wichita"", ""location"": ""Wichita, Kansas"", ""segment"": ""commercial property management"", ""state"": ""KS""}","new","","","","route from routes-enrichment.csv (2026-09-03), verified at https://www.asherhouseleasing.com/; address the property management director; phase-3 confidence: secondary; source: https://www.bbb.org/search?find_country=USA&find_loc=Oklahoma%20City%2C%20OK&find_text=Commercial%20Property%20Management&page=2"
"ashmore-construction-co-7f5587","certly","Ashmore Construction CO","https://ashmoreconstruction.com/","commercial GC","info@ashmoreconstruction.com","mailbox","{""city"": ""Orange"", ""location"": ""Orange, California"", ""segment"": ""commercial GC"", ""size_signal_raw"": ""Workers' comp policy on file with State Compensation Insurance Fund (CSLB record), i.e. carries W-2 field staff"", ""state"": ""CA""}","new","","","","route from routes-enrichment.csv (2026-09-03), verified at https://ashmoreconstruction.com/contact-us/; address the owner; phase-3 confidence: verified; source: https://www2.cslb.ca.gov/onlineservices/dataportal/ListByCounty"
"asrc-energy-services-houston-contracting-30aaf5","certly","ASRC Energy Services - Houston Contracting Company, Inc.","https://www.asrcenergy.com","commercial GC","info@asrcenergy.com","mailbox","{""city"": ""Anchorage"", ""location"": ""Anchorage, Alaska"", ""segment"": ""commercial GC"", ""source_list"": ""your AGC chapter's public contractor directory"", ""state"": ""AK""}","new","","","","mailbox from routes-enrichment.csv (2026-09-03), found on https://www.asrcenergy.com/contact; phase-3 contact page was https://www.asrcenergy.com/contact; address the contract administrator; phase-3 confidence: verified; source: https://members.agcak.org/memberdirectory/Search/general-contractor-member-296133"
"asset-living-student-2b5b1f","certly","Asset Living - Student","https://www.assetliving.com/","student housing operator","info@assetliving.com","mailbox","{""segment"": ""student housing operator"", ""size_signal_raw"": ""ranked #1 on the Student Housing Business Top 25 Managers list (Nov/Dec 2025 issue)""}","new","","","","route from routes-enrichment.csv (2026-09-03), verified at https://www.assetliving.com/; address the risk manager; phase-3 confidence: secondary; source: https://www.jturnerresearch.com/ora/online-reputation-rankings/student-housing-2025"
"association-management-group-inc-bf36b4","certly","Association Management Group, Inc.","http://www.amgworld.com/","HOA / community association management","customerservice@amgworld.com","mailbox","{""location"": ""North Carolina"", ""segment"": ""HOA / community association management"", ""state"": ""NC""}","new","","","","mailbox from routes-enrichment.csv (2026-09-03), found on https://www.amgworld.com/; phase-3 contact page was http://www.amgworld.com/; address the director of community management; phase-3 confidence: secondary; source: https://members.cai-nc.org/member-company-directory/Search/community-management-570565"
"astoria-charm-property-management-ea042a","certly","Astoria Charm Property Management","https://astoria-charm.com/","residential property management","office@astoriacharm.com","mailbox","{""city"": ""Baltimore"", ""location"": ""Baltimore, Maryland"", ""portfolio"": {""approx"": true, ""count"": 500, ""noun"": ""doors""}, ""segment"": ""residential property management"", ""size_signal_raw"": ""500+ doors managed"", ""source_list"": ""the Expertise.com property management listings"", ""state"": ""MD""}","new","","","","mailbox from routes-enrichment.csv (2026-09-03), found on https://astoriacharm.com/contact/; phase-3 contact page was https://astoriacharm.com/contact/; address the owner / broker-owner; phase-3 confidence: verified; source: https://www.expertise.com/business/property-management/maryland/baltimore"
"atlas-rental-property-26a9ff","certly","Atlas Rental Property","https://www.atlasrpm.com/","residential property management","info@atlasrentalproperty.com","mailbox","{""city"": ""Birmingham"", ""location"": ""Birmingham, Alabama"", ""segment"": ""residential property management"", ""source_list"": ""the Expertise.com property management listings"", ""state"": ""AL""}","new","","","","mailbox from routes-enrichment.csv (2026-09-03), found on https://atlasrentalproperty.com/contact/; phase-3 contact page was https://atlasrentalproperty.com/contact/; address the owner / broker-owner; phase-3 confidence: verified; source: https://www.expertise.com/business/property-management/alabama/birmingham"
"audley-construction-c6d669","certly","Audley Construction","https://audleyconstruction.com","commercial GC","frontdesk@audleyconstruction.com","mailbox","{""city"": ""Bow"", ""location"": ""Bow, New Hampshire"", ""segment"": ""commercial GC"", ""source_list"": ""your AGC chapter's public contractor directory"", ""state"": ""NH""}","new","","","","mailbox from routes-enrichment.csv (2026-09-03), found on https://audleyconstruction.com/contact-us/; phase-3 contact page was https://audleyconstruction.com/contact-us/; address the contract administrator; phase-3 confidence: verified; source: https://members.agcnh.org/directory/Search/design-build-325056"
"aw-manage-773b54","certly","AW Manage","https://awmanage.com/","residential property management","info@awmanage.com","mailbox","{""city"": ""Bethesda"", ""location"": ""Bethesda, Maryland"", ""segment"": ""residential property management"", ""source_list"": ""the Expertise.com property management listings"", ""state"": ""MD""}","new","","","","mailbox from routes-enrichment.csv (2026-09-03), found on https://www.awmanage.com/contact/; phase-3 contact page was https://www.awmanage.com/contact/; address the owner / broker-owner; phase-3 confidence: verified; source: https://www.expertise.com/business/property-management/district-of-columbia/washington"
"axis-builders-llc-11ce01","certly","Axis Builders, LLC","https://www.axis-builders.com","commercial GC","admin@axis-builders.com","mailbox","{""city"": ""Houston"", ""location"": ""Houston, Texas"", ""segment"": ""commercial GC"", ""source_list"": ""your AGC chapter's public contractor directory"", ""state"": ""TX""}","new","","","","mailbox from routes-enrichment.csv (2026-09-03), found on https://www.axis-builders.com/contact/; phase-3 contact page was https://www.axis-builders.com/contact/; address the contract administrator; phase-3 confidence: verified; source: https://members.agchouston.org/directory/Search/general-contractors-386559"
"b-c-excavating-llc-22be8a","certly","B. C. Excavating, LLC","http://www.bcxllc.net","commercial GC","admin@bcxllc.net","mailbox","{""city"": ""Anchorage"", ""location"": ""Anchorage, Alaska"", ""segment"": ""commercial GC"", ""source_list"": ""your AGC chapter's public contractor directory"", ""state"": ""AK""}","new","","","","mailbox from routes-enrichment.csv (2026-09-03), found on http://www.bcxllc.net/contact.html; phase-3 contact page was http://www.bcxllc.net/contact.html; address the contract administrator; phase-3 confidence: verified; source: https://members.agcak.org/memberdirectory/Search/general-contractor-member-296133"
"balfour-beatty-construction-llc-9acb18","certly","Balfour Beatty Construction, LLC","https://www.balfourbeatty.com/","commercial GC","info@balfourbeatty.com","mailbox","{""city"": ""Orlando"", ""location"": ""Orlando, Florida"", ""segment"": ""commercial GC"", ""state"": ""FL""}","new","","","","route from routes-enrichment.csv (2026-09-03), verified at https://www.balfourbeatty.com/media-centre/media-contacts/; address the owner; phase-3 confidence: verified; source: https://www2.myfloridalicense.com/sto/file_download/extracts//CONSTRUCTIONLICENSE_1.csv"
"bar-construction-company-inc-bbd191","certly","Bar Construction Company, Inc.","https://www.barconstruction.com/","commercial GC","estimating@barconstruction.com","mailbox","{""city"": ""Greensboro"", ""location"": ""Greensboro, North Carolina"", ""segment"": ""commercial GC"", ""state"": ""NC""}","new","","","","route from routes-enrichment.csv (2026-09-03), verified at https://www.barconstruction.com/; address the owner; phase-3 confidence: verified; source: https://portal.nclbgc.org/Public/Search"
"bcl-properties-llc-42fd5d","certly","BCL Properties LLC","https://www.bclmgt.com/","residential property management","info@bclmgt.com","mailbox","{""city"": ""Washington"", ""location"": ""Washington, Washington, D.C."", ""segment"": ""residential property management"", ""source_list"": ""the Expertise.com property management listings"", ""state"": ""DC""}","new","","","","mailbox from routes-enrichment.csv (2026-09-03), found on https://www.bclmgt.com/contact; phase-3 contact page was https://www.bclmgt.com/contact; address the owner / broker-owner; phase-3 confidence: verified; source: https://www.expertise.com/business/property-management/district-of-columbia/washington"
"belle-harbour-management-of-ohio-inc-f9b42b","certly","Belle Harbour Management of Ohio, Inc.","https://www.belleharbour.com/","commercial property management","info@belleharbour.com","mailbox","{""city"": ""Columbus"", ""location"": ""Columbus, Ohio"", ""segment"": ""commercial property management"", ""state"": ""OH""}","new","","","","route from routes-enrichment.csv (2026-09-03), verified at https://www.belleharbour.com/; address the property management director; phase-3 confidence: secondary; source: https://www.bbb.org/search?find_country=USA&find_loc=Columbus%2C%20OH&find_text=Commercial%20Property%20Management&page=1"
"bessire-and-casenhiser-5f9a4c","certly","Bessire And Casenhiser","https://bessire-casenhiser.com/","manufactured housing community operator","info@bessire-casenhiser.com","mailbox","{""segment"": ""manufactured housing community operator"", ""size_signal_raw"": ""1400 est. manufactured-home lots owned""}","new","","","","route from routes-enrichment.csv (2026-09-03), verified at https://bessire-casenhiser.com/; address the director of operations; phase-3 confidence: secondary; source: https://www.mobilehomeuniversity.com/mhu-top-100-community-owners.php"
"bill-stout-properties-eac032","certly","Bill Stout Properties","https://billstoutproperties.com/","residential property management","admin@billstoutproperties.com","mailbox","{""city"": ""Louisville"", ""location"": ""Louisville, Kentucky"", ""segment"": ""residential property management"", ""source_list"": ""the Expertise.com property management listings"", ""state"": ""KY""}","new","","","","mailbox from routes-enrichment.csv (2026-09-03), found on https://www.billstoutproperties.com/contact; phase-3 contact page was https://billstoutproperties.com/contact; address the owner / broker-owner; phase-3 confidence: verified; source: https://www.expertise.com/business/property-management/kentucky/louisville"
"bills-backhoe-service-inc-d8e18b","certly","Bills Backhoe Service Inc","https://billsbackhoe.com/","commercial GC","office@billsbackhoe.com","mailbox","{""city"": ""White City"", ""location"": ""White City, Oregon"", ""segment"": ""commercial GC"", ""size_signal_raw"": ""$80000 CCB surety bond and $1000000 liability limit on file (Oregon CCB record)"", ""state"": ""OR""}","new","","","","route from routes-enrichment.csv (2026-09-03), verified at http://billsbackhoe.com/; address the owner; phase-3 confidence: verified; source: https://data.oregon.gov/resource/g77e-6bhs.json?$where=endorsement_text%20like%20'Commercial%20General%20Contractor%25'%20AND%20exempt_text='Nonexempt'&$limit=8000"
"birgo-realty-69d4f1","certly","Birgo Realty","https://www.birgo.com/realty","residential property management","contact@birgo.com","mailbox","{""city"": ""Pittsburgh"", ""location"": ""Pittsburgh, Pennsylvania"", ""segment"": ""residential property management"", ""source_list"": ""the Expertise.com property management listings"", ""state"": ""PA""}","new","","","","mailbox from routes-enrichment.csv (2026-09-03), found on https://www.birgo.com/realty/contact; phase-3 contact page was https://www.birgo.com/realty/contact; address the owner / broker-owner; phase-3 confidence: verified; source: https://www.expertise.com/business/property-management/pennsylvania/pittsburgh"
"blakely-real-estate-property-management-98ad66","certly","Blakely Real Estate Property Management","https://www.blakelypm.com/","residential property management","info@blakelypm.com","mailbox","{""city"": ""Boise"", ""location"": ""Boise, Idaho"", ""segment"": ""residential property management"", ""source_list"": ""the Expertise.com property management listings"", ""state"": ""ID""}","new","","","","mailbox from routes-enrichment.csv (2026-09-03), found on https://blakelypm.com/; phase-3 contact page was https://www.blakelypm.com/; address the owner / broker-owner; phase-3 confidence: verified; source: https://www.expertise.com/business/property-management/idaho/boise"
"blue-door-signature-properties-88f159","certly","Blue Door Signature Properties","https://bluedoorsignature.com","HOA / community association management","info@bluedoorsignature.com","mailbox","{""city"": ""Rockwall"", ""location"": ""Rockwall, Texas"", ""segment"": ""HOA / community association management"", ""state"": ""TX""}","new","","","","mailbox from routes-enrichment.csv (2026-09-03), found on https://bluedoorsignature.com/; phase-3 contact page was https://bluedoorsignature.com; address the director of community management; phase-3 confidence: secondary; source: https://www.hoamanagement.com/association-management-company/blue-door-signature-properties/"
"blue-spade-property-management-c342c2","certly","Blue Spade Property Management","https://bluespadepropertymanagement.com/","commercial property management","info@bluespadepropertymanagement.com","mailbox","{""city"": ""Marietta"", ""location"": ""Marietta, Georgia"", ""segment"": ""commercial property management"", ""state"": ""GA""}","new","","","","route from routes-enrichment.csv (2026-09-03), verified at https://bluespadepropertymanagement.com/; address the property management director; phase-3 confidence: secondary; source: https://www.bbb.org/search?find_country=USA&find_loc=Atlanta%2C%20GA&find_text=Commercial%20Property%20Management&page=2"
"bob-grant-construction-inc-79146d","certly","Bob Grant Construction Inc","https://www.bobgrantconstruction.com/","commercial GC","info@bobgrantconstruction.com","mailbox","{""city"": ""Corvallis"", ""location"": ""Corvallis, Oregon"", ""segment"": ""commercial GC"", ""size_signal_raw"": ""$80000 CCB surety bond and $1000000 liability limit on file (Oregon CCB record)"", ""state"": ""OR""}","new","","","","route from routes-enrichment.csv (2026-09-03), verified at https://www.bobgrantconstruction.com/contact/; address the owner; phase-3 confidence: verified; source: https://data.oregon.gov/resource/g77e-6bhs.json?$where=endorsement_text%20like%20'Commercial%20General%20Contractor%25'%20AND%20exempt_text='Nonexempt'&$limit=8000"
"bottom-line-property-management-a6fb5a","certly","Bottom Line Property Management","https://rentbottomline.com/","residential property management","info@rentbottomline.com","mailbox","{""city"": ""Charlotte"", ""location"": ""Charlotte, North Carolina"", ""segment"": ""residential property management"", ""source_list"": ""the Expertise.com property management listings"", ""state"": ""NC""}","new","","","","mailbox from routes-enrichment.csv (2026-09-03), found on https://www.rentbottomline.com/contact; phase-3 contact page was https://rentbottomline.com/contact; address the owner / broker-owner; phase-3 confidence: verified; source: https://www.expertise.com/business/property-management/north-carolina/charlotte"
"bright-properties-b050ea","certly","Bright Properties","https://www.brightproperties.net/","residential property management","info@brightproperties.net","mailbox","{""city"": ""Tucson"", ""location"": ""Tucson, Arizona"", ""segment"": ""residential property management"", ""source_list"": ""the Expertise.com property management listings"", ""state"": ""AZ""}","new","","","","mailbox from routes-enrichment.csv (2026-09-03), found on https://www.brightproperties.net/; phase-3 contact page was https://www.brightproperties.net/; address the owner / broker-owner; phase-3 confidence: verified; source: https://www.expertise.com/business/property-management/arizona/tucson"
"broadview-communities-llc-72eb72","certly","Broadview Communities LLC","https://broadviewcommunities.com/","manufactured housing community operator","support@broadviewcommunities.com","mailbox","{""segment"": ""manufactured housing community operator"", ""size_signal_raw"": ""1,053 manufactured-home lots owned""}","new","","","","route from routes-enrichment.csv (2026-09-03), verified at https://broadviewcommunities.com/; address the director of operations; phase-3 confidence: secondary; source: https://www.mobilehomeuniversity.com/mhu-top-100-community-owners.php"
"brockamp-jaeger-inc-91dac2","certly","Brockamp & Jaeger Inc","https://brockamp-jaeger.com/","commercial GC","info@brockamp-jaeger.com","mailbox","{""city"": ""Oregon City"", ""location"": ""Oregon City, Oregon"", ""segment"": ""commercial GC"", ""size_signal_raw"": ""$80000 CCB surety bond and $1000000 liability limit on file (Oregon CCB record)"", ""state"": ""OR""}","new","","","","route from routes-enrichment.csv (2026-09-03), verified at https://brockamp-jaeger.com/contact; address the owner; phase-3 confidence: verified; source: https://data.oregon.gov/resource/g77e-6bhs.json?$where=endorsement_text%20like%20'Commercial%20General%20Contractor%25'%20AND%20exempt_text='Nonexempt'&$limit=8000"
"brookstone-construction-9f69f5","certly","Brookstone Construction","https://www.brookstone-tx.com","commercial GC","info@brookstone-tx.com","mailbox","{""city"": ""Houston"", ""location"": ""Houston, Texas"", ""segment"": ""commercial GC"", ""source_list"": ""your AGC chapter's public contractor directory"", ""state"": ""TX""}","new","","","","mailbox from routes-enrichment.csv (2026-09-03), found on https://www.brookstone-tx.com/contact/; phase-3 contact page was https://www.brookstone-tx.com/contact/; address the contract administrator; phase-3 confidence: verified; source: https://members.agchouston.org/directory/Search/general-contractors-386559"
"brown-robert-l-construction-inc-032f38","certly","Brown Robert L Construction INC","https://brownrobert.com/","commercial GC","info@brownrobert.com","mailbox","{""city"": ""Martinez"", ""location"": ""Martinez, California"", ""segment"": ""commercial GC"", ""size_signal_raw"": ""Workers' comp policy on file with Oak River Insurance Company (CSLB record), i.e. carries W-2 field staff"", ""state"": ""CA""}","new","","","","route from routes-enrichment.csv (2026-09-03), verified at https://brownrobert.com/; address the owner; phase-3 confidence: verified; source: https://www2.cslb.ca.gov/onlineservices/dataportal/ListByCounty"
"brownstone-properties-inc-ce0c6c","certly","BROWNSTONE PROPERTIES  INC.","https://www.brownstoneproperties.com/","HOA / community association management","leasing@brownstoneproperties.com","mailbox","{""city"": ""Lynchburg"", ""location"": ""Lynchburg, Virginia"", ""segment"": ""HOA / community association management"", ""size_signal_raw"": ""46 community associations under management"", ""state"": ""VA""}","new","","","","route from routes-enrichment.csv (2026-09-03), verified at https://www.brownstoneproperties.com/contact; address the director of community management; phase-3 confidence: secondary; source: https://www.communitypay.us/management-companies/state/virginia/"
"cadence-general-a49a58","certly","Cadence General","http://www.cadencegeneral.com","commercial GC","admin@cadencegeneral.com","mailbox","{""city"": ""Anchorage"", ""location"": ""Anchorage, Alaska"", ""segment"": ""commercial GC"", ""source_list"": ""your AGC chapter's public contractor directory"", ""state"": ""AK""}","new","","","","route from routes-enrichment.csv (2026-09-03), verified at https://cadencegeneral.com/contact/; address the contract administrator; phase-3 confidence: secondary; source: https://members.agcak.org/memberdirectory/Search/general-contractor-member-296133"
"cadmus-properties-corporation-7d0147","certly","Cadmus Properties Corporation","https://www.cadmusproperties.com/","HOA / community association management","info@cadmusproperties.com","mailbox","{""city"": ""Honolulu"", ""location"": ""Honolulu, Hawaii"", ""segment"": ""HOA / community association management"", ""size_signal_raw"": ""59 community associations under management"", ""state"": ""HI""}","new","","","","route from routes-enrichment.csv (2026-09-03), verified at https://www.cadmusproperties.com/; address the director of community management; phase-3 confidence: secondary; source: https://www.communitypay.us/management-companies/state/hawaii/"
"cambridge-investors-llc-38d77b","certly","Cambridge Investors, LLC","https://cambridgeinvestors.com/","manufactured housing community operator","info@cambridgeinvestors.com","mailbox","{""segment"": ""manufactured housing community operator"", ""size_signal_raw"": ""1,500 manufactured-home lots owned""}","new","","","","route from routes-enrichment.csv (2026-09-03), verified at https://cambridgeinvestors.com/; address the director of operations; phase-3 confidence: secondary; source: https://www.mobilehomeuniversity.com/mhu-top-100-community-owners.php"
"cams-004f8c","certly","CAMS","http://www.camsmgt.com/","HOA / community association management","email@camsmgt.com","mailbox","{""location"": ""North Carolina"", ""segment"": ""HOA / community association management"", ""state"": ""NC""}","new","","","","mailbox from routes-enrichment.csv (2026-09-03), found on https://www.camsmgt.com/; phase-3 contact page was http://www.camsmgt.com/; address the director of community management; phase-3 confidence: secondary; source: https://members.cai-nc.org/member-company-directory/Search/community-management-570565"
"capital-region-premier-property-manageme-b985d6","certly","Capital Region Premier Property Management","https://www.crppm.com/","HOA / community association management","info@crppm.com","mailbox","{""city"": ""Malta"", ""location"": ""Malta, New York"", ""segment"": ""HOA / community association management"", ""state"": ""NY""}","new","","","","mailbox from routes-enrichment.csv (2026-09-03), found on https://www.crppm.com/; phase-3 contact page was https://www.crppm.com/; address the director of community management; phase-3 confidence: secondary; source: https://www.hoamanagement.com/association-management-company/capital-region-premier-property-management/"
"capstone-realty-consultants-inc-eb398d","certly","Capstone Realty Consultants, Inc.","https://capstonetriad.com/","HOA / community association management","info@capstonetriad.com","mailbox","{""location"": ""North Carolina"", ""segment"": ""HOA / community association management"", ""state"": ""NC""}","new","","","","route from routes-enrichment.csv (2026-09-03), verified at https://capstonetriad.com/; address the director of community management; phase-3 confidence: secondary; source: https://members.cai-nc.org/member-company-directory/Search/community-management-570565"
"carrigg-commercial-builders-llc-14e448","certly","Carrigg Commercial Builders, LLC","https://carrigg.com","commercial GC","info@carrigg.com","mailbox","{""city"": ""Manchester"", ""location"": ""Manchester, New Hampshire"", ""segment"": ""commercial GC"", ""source_list"": ""your AGC chapter's public contractor directory"", ""state"": ""NH""}","new","","","","mailbox from routes-enrichment.csv (2026-09-03), found on https://carrigg.com/contact; phase-3 contact page was https://carrigg.com/contact; address the contract administrator; phase-3 confidence: verified; source: https://members.agcnh.org/directory/Search/building-contractors-325083"
"casa-cantera-property-management-llc-ba88c6","certly","Casa Cantera Property Management, LLC","https://casacantera.com/","commercial property management","sales@casacantera.com","mailbox","{""city"": ""San Antonio"", ""location"": ""San Antonio, Texas"", ""segment"": ""commercial property management"", ""state"": ""TX""}","new","","","","route from routes-enrichment.csv (2026-09-03), verified at https://casacantera.com/contact/; address the property management director; phase-3 confidence: secondary; source: https://www.bbb.org/search?find_country=USA&find_loc=San%20Antonio%2C%20TX&find_text=Commercial%20Property%20Management&page=1"
"castle-resorts-hotels-inc-ee9f9f","certly","Castle Resorts & Hotels, INC","https://www.castleresorts.com/","HOA / community association management","info@castleresorts.com","mailbox","{""city"": ""Boulder"", ""location"": ""Boulder, Hawaii"", ""segment"": ""HOA / community association management"", ""size_signal_raw"": ""5 community associations under management"", ""state"": ""HI""}","new","","","","route from routes-enrichment.csv (2026-09-03), verified at https://www.castleresorts.com/contact-us; address the director of community management; phase-3 confidence: secondary; source: https://www.communitypay.us/management-companies/state/hawaii/"
"ch-p-management-llc-468cde","certly","CH&P Management LLC","https://chpmanagement.com/","HOA / community association management","info@chpmanagement.com","mailbox","{""city"": ""Conroe"", ""location"": ""Conroe, Texas"", ""segment"": ""HOA / community association management"", ""state"": ""TX""}","new","","","","mailbox from routes-enrichment.csv (2026-09-03), found on https://chpmanagement.com/; phase-3 contact page was https://chpmanagement.com/; address the director of community management; phase-3 confidence: secondary; source: https://www.hoamanagement.com/association-management-company/chp-management-llc/"
"champas-construction-company-inc-ad84af","certly","Champas Construction Company INC","https://www.champasconstruction.com/","commercial GC","info@champasconstruction.com","mailbox","{""city"": ""Sacramento"", ""location"": ""Sacramento, California"", ""segment"": ""commercial GC"", ""size_signal_raw"": ""Workers' comp policy on file with Endurance Assurance Corporation (CSLB record), i.e. carries W-2 field staff"", ""state"": ""CA""}","new","","","","route from routes-enrichment.csv (2026-09-03), verified at http://www.champasconstruction.com/; address the owner; phase-3 confidence: verified; source: https://www2.cslb.ca.gov/onlineservices/dataportal/ListByCounty"
"charleston-management-corporation-5b207d","certly","Charleston Management Corporation","https://charlestonmanagement.com/","HOA / community association management","info@charlestonmanagement.com","mailbox","{""location"": ""North Carolina"", ""segment"": ""HOA / community association management"", ""state"": ""NC""}","new","","","","route from routes-enrichment.csv (2026-09-03), verified at https://charlestonmanagement.com/contact-us/; address the director of community management; phase-3 confidence: secondary; source: https://members.cai-nc.org/member-company-directory/Search/community-management-570565"
"charleston-property-company-4e9b3a","certly","Charleston Property Company","https://www.charlestonpc.com/charleston-property-management","residential property management","info@charlestonpc.com","mailbox","{""city"": ""Charleston"", ""location"": ""Charleston, South Carolina"", ""portfolio"": {""approx"": true, ""count"": 400, ""noun"": ""properties""}, ""segment"": ""residential property management"", ""size_signal_raw"": ""400+ properties"", ""source_list"": ""the Expertise.com property management listings"", ""state"": ""SC""}","new","","","","mailbox from routes-enrichment.csv (2026-09-03), found on https://www.charlestonpc.com/contact; phase-3 contact page was https://www.charlestonpc.com/contact; address the owner / broker-owner; phase-3 confidence: verified; source: https://www.expertise.com/business/property-management/south-carolina/charleston"
"chroma-property-management-0d2e61","certly","Chroma Property Management","https://www.chromaproperty.com/propertymanagement","residential property management","info@chromaproperty.com","mailbox","{""city"": ""Portland"", ""location"": ""Portland, Oregon"", ""segment"": ""residential property management"", ""source_list"": ""the Expertise.com property management listings"", ""state"": ""OR""}","new","","","","mailbox from routes-enrichment.csv (2026-09-03), found on https://www.chromaproperty.com/contact; phase-3 contact page was https://www.chromaproperty.com/contact; address the owner / broker-owner; phase-3 confidence: verified; source: https://www.expertise.com/business/property-management/oregon/portland"
"citadel-property-management-corp-cadd8e","certly","Citadel Property Management Corp.","https://citadelnyc.com/","residential property management","info@citadelnyc.com","mailbox","{""city"": ""Miami"", ""location"": ""Miami, Florida"", ""segment"": ""residential property management"", ""source_list"": ""the Expertise.com property management listings"", ""state"": ""FL""}","new","","","","mailbox from routes-enrichment.csv (2026-09-03), found on https://citadelnyc.com/contact-us/; phase-3 contact page was https://citadelnyc.com/contact-us/; address the owner / broker-owner; phase-3 confidence: verified; source: https://www.expertise.com/business/property-management/florida/miami"
"cj-hansen-co-inc-6a30a0","certly","CJ Hansen Co Inc","https://cjhansen.com/","commercial GC","service@cjhansen.com","mailbox","{""city"": ""Salem"", ""location"": ""Salem, Oregon"", ""segment"": ""commercial GC"", ""size_signal_raw"": ""$25000 CCB surety bond and $1000000 liability limit on file (Oregon CCB record)"", ""state"": ""OR""}","new","","","","route from routes-enrichment.csv (2026-09-03), verified at https://cjhansen.com/about/staff/; address the owner; phase-3 confidence: verified; source: https://data.oregon.gov/resource/g77e-6bhs.json?$where=endorsement_text%20like%20'Commercial%20General%20Contractor%25'%20AND%20exempt_text='Nonexempt'&$limit=8000"
"coe-construction-co-1402ce","certly","Coe Construction Co","https://coeconstruction.com/","commercial GC","admin@coeconstruction.com","mailbox","{""city"": ""Portland"", ""location"": ""Portland, Oregon"", ""segment"": ""commercial GC"", ""size_signal_raw"": ""$80000 CCB surety bond and $1000000 liability limit on file (Oregon CCB record)"", ""state"": ""OR""}","new","","","","route from routes-enrichment.csv (2026-09-03), verified at https://coeconstruction.com/; address the owner; phase-3 confidence: verified; source: https://data.oregon.gov/resource/g77e-6bhs.json?$where=endorsement_text%20like%20'Commercial%20General%20Contractor%25'%20AND%20exempt_text='Nonexempt'&$limit=8000"
"comex-corporation-de7b25","certly","Comex Corporation","https://comexcorp.com","commercial GC","bid@comexcorp.com","mailbox","{""city"": ""La Porte"", ""location"": ""La Porte, Texas"", ""segment"": ""commercial GC"", ""source_list"": ""your AGC chapter's public contractor directory"", ""state"": ""TX""}","new","","","","mailbox from routes-enrichment.csv (2026-09-03), found on https://comexcorp.com/contact-us/; phase-3 contact page was https://comexcorp.com/contact-us/; address the contract administrator; phase-3 confidence: verified; source: https://members.agchouston.org/directory/Search/general-contractors-386559"
"common-properties-management-bf3618","certly","Common Properties Management","https://www.cpmcoop.com/","residential property management","info@cpmcoop.com","mailbox","{""city"": ""Minneapolis"", ""location"": ""Minneapolis, Minnesota"", ""segment"": ""residential property management"", ""source_list"": ""the Expertise.com property management listings"", ""state"": ""MN""}","new","","","","mailbox from routes-enrichment.csv (2026-09-03), found on https://www.cpmcoop.com/ContactUs.aspx; phase-3 contact page was https://www.cpmcoop.com/ContactUs.aspx; address the owner / broker-owner; phase-3 confidence: verified; source: https://www.expertise.com/business/property-management/minnesota/minneapolis"
"comuneo-services-inc-california-269b81","certly","Comuneo Services Inc. California","http://comuneo.com/","HOA / community association management","info@comuneo.com","mailbox","{""city"": ""Woodland Hills"", ""location"": ""Woodland Hills, California"", ""segment"": ""HOA / community association management"", ""state"": ""CA""}","new","","","","mailbox from routes-enrichment.csv (2026-09-03), found on https://www.comuneo.com/; phase-3 contact page was http://comuneo.com/; address the director of community management; phase-3 confidence: secondary; source: https://www.hoamanagement.com/association-management-company/comuneo-services-inc-ca/"
"comuneo-services-inc-texas-e9ffce","certly","Comuneo Services Inc. Texas","http://comuneo.com/","HOA / community association management","info@comuneo.com","mailbox","{""city"": ""Richardson"", ""location"": ""Richardson, Texas"", ""segment"": ""HOA / community association management"", ""state"": ""TX""}","new","","","","mailbox from routes-enrichment.csv (2026-09-03), found on https://www.comuneo.com/; phase-3 contact page was http://comuneo.com/; address the director of community management; phase-3 confidence: secondary; source: https://www.hoamanagement.com/association-management-company/comuneo-services-inc-tx/"
"congdon-construction-inc-8f3326","certly","Congdon Construction, Inc.","http://congdonconstruction.com","commercial GC","office@congdonconstruction.com","mailbox","{""city"": ""Fairbanks"", ""location"": ""Fairbanks, Alaska"", ""segment"": ""commercial GC"", ""source_list"": ""your AGC chapter's public contractor directory"", ""state"": ""AK""}","new","","","","mailbox from routes-enrichment.csv (2026-09-03), found on http://congdonconstruction.com/contact-us/; phase-3 contact page was http://congdonconstruction.com/contact-us/; address the contract administrator; phase-3 confidence: verified; source: https://members.agcak.org/memberdirectory/Search/general-contractor-member-296133"
"core-spaces-f95aac","certly","Core Spaces","https://corespaces.com/","student housing operator","info@corespaces.com","mailbox","{""segment"": ""student housing operator"", ""size_signal_raw"": ""ranked #7 on the Student Housing Business Top 25 Managers list (Nov/Dec 2025 issue)""}","new","","","","route from routes-enrichment.csv (2026-09-03), verified at https://corespaces.com/contact; address the risk manager; phase-3 confidence: secondary; source: https://www.jturnerresearch.com/ora/online-reputation-rankings/student-housing-2025"
"creative-management-company-50fdcf","certly","Creative Management Company","https://www.cmctx.com/","HOA / community association management","general@cmctx.com","mailbox","{""city"": ""Houston"", ""location"": ""Houston, Texas"", ""segment"": ""HOA / community association management"", ""state"": ""TX""}","new","","","","mailbox from routes-enrichment.csv (2026-09-03), found on https://www.cmctx.com/; phase-3 contact page was https://www.cmctx.com/; address the director of community management; phase-3 confidence: secondary; source: https://www.hoamanagement.com/association-management-company/creative-management-company/"
"creek-cre-8093d7","certly","Creek CRE","https://www.creekpe.com/","commercial property management","jobs@creekpe.com","mailbox","{""city"": ""Oklahoma City"", ""location"": ""Oklahoma City, Oklahoma"", ""segment"": ""commercial property management"", ""state"": ""OK""}","new","","","","route from routes-enrichment.csv (2026-09-03), verified at https://www.creekpe.com/contact; address the property management director; phase-3 confidence: secondary; source: https://www.bbb.org/search?find_country=USA&find_loc=Oklahoma%20City%2C%20OK&find_text=Commercial%20Property%20Management&page=2"
"crest-management-company-a41883","certly","Crest Management Company","https://crest-management.com/","HOA / community association management","info@crest-management.com","mailbox","{""city"": ""Houston"", ""location"": ""Houston, Texas"", ""segment"": ""HOA / community association management"", ""state"": ""TX""}","new","","","","route from routes-enrichment.csv (2026-09-03), verified at https://crest-management.com/Home/Contact; address the director of community management; phase-3 confidence: secondary; source: https://caihouston.org/management_company.php"
"criterion-general-inc-56735f","certly","Criterion General, Inc.","https://www.criteriongeneral.com","commercial GC","admin@criteriongeneral.com","mailbox","{""city"": ""Anchorage"", ""location"": ""Anchorage, Alaska"", ""segment"": ""commercial GC"", ""source_list"": ""your AGC chapter's public contractor directory"", ""state"": ""AK""}","new","","","","mailbox from routes-enrichment.csv (2026-09-03), found on https://www.criteriongeneral.com/contact-us; phase-3 contact page was https://www.criteriongeneral.com/contact-us; address the contract administrator; phase-3 confidence: verified; source: https://members.agcak.org/memberdirectory/Search/general-contractor-member-296133"
"crown-management-6808e8","certly","Crown Management","https://www.crownmanagement.com/","residential property management","info@crownmanagement.com","mailbox","{""city"": ""San Diego"", ""location"": ""San Diego, California"", ""segment"": ""residential property management"", ""source_list"": ""the Expertise.com property management listings"", ""state"": ""CA""}","new","","","","mailbox from routes-enrichment.csv (2026-09-03), found on https://www.crownmanagement.com/contact-us; phase-3 contact page was https://www.crownmanagement.com/contact-us; address the owner / broker-owner; phase-3 confidence: verified; source: https://www.expertise.com/business/property-management/california/san-diego"
"cruz-construction-inc-08d849","certly","Cruz Construction, Inc.","http://www.cruzconstruct.com","commercial GC","information@cruzconstruct.com","mailbox","{""city"": ""Palmer"", ""location"": ""Palmer, Alaska"", ""segment"": ""commercial GC"", ""source_list"": ""your AGC chapter's public contractor directory"", ""state"": ""AK""}","new","","","","mailbox from routes-enrichment.csv (2026-09-03), found on http://www.cruzconstruct.com/contact/; phase-3 contact page was http://www.cruzconstruct.com/contact/; address the contract administrator; phase-3 confidence: verified; source: https://members.agcak.org/memberdirectory/Search/general-contractor-member-296133"
"csi-fc9c7d","certly","CSI","https://www.csimanagement.com/","HOA / community association management","support@csimanagement.com","mailbox","{""city"": ""Alexandria"", ""location"": ""Alexandria, Virginia"", ""segment"": ""HOA / community association management"", ""state"": ""VA""}","new","","","","mailbox from routes-enrichment.csv (2026-09-03), found on https://www.csimanagement.com/; phase-3 contact page was https://www.csimanagement.com/; address the director of community management; phase-3 confidence: secondary; source: https://www.hoamanagement.com/association-management-company/csi/"
"dean-associates-inc-235326","certly","Dean & Associates Inc","https://deanandassociatesinc.com/","residential property management","info@deanandassociatesinc.com","mailbox","{""city"": ""Birmingham"", ""location"": ""Birmingham, Alabama"", ""segment"": ""residential property management"", ""source_list"": ""the Expertise.com property management listings"", ""state"": ""AL""}","new","","","","mailbox from routes-enrichment.csv (2026-09-03), found on https://deanandassociatesinc.com/contact-us/; phase-3 contact page was https://deanandassociatesinc.com/contact-us/; address the owner / broker-owner; phase-3 confidence: verified; source: https://www.expertise.com/business/property-management/alabama/birmingham"
"deep-river-em-commercial-em-em-property--af536c","certly","Deep River <em>Commercial</em> <em>Property</em> <em>Management</em>","https://www.deepriver.com/","commercial property management","info@deepriver.com","mailbox","{""city"": ""Greensboro"", ""location"": ""Greensboro, North Carolina"", ""segment"": ""commercial property management"", ""state"": ""NC""}","new","","","","route from routes-enrichment.csv (2026-09-03), verified at https://www.deepriver.com/; address the property management director; phase-3 confidence: secondary; source: https://www.bbb.org/search?find_country=USA&find_loc=Raleigh%2C%20NC&find_text=Commercial%20Property%20Management&page=1"
"designation-property-management-f8f08a","certly","Designation Property Management","https://designationpropertymanagement.com/","residential property management","info@designationpropertymanagement.com","mailbox","{""city"": ""Los Angeles"", ""location"": ""Los Angeles, California"", ""segment"": ""residential property management"", ""source_list"": ""the Expertise.com property management listings"", ""state"": ""CA""}","new","","","","mailbox from routes-enrichment.csv (2026-09-03), found on https://www.designationpropertymanagement.com/contact/; phase-3 contact page was https://www.designationpropertymanagement.com/contact/; address the owner / broker-owner; phase-3 confidence: verified; source: https://www.expertise.com/business/property-management/california/los-angeles"
"diamond-self-storage-management-llc-eec8d5","certly","Diamond Self Storage Management LLC","http://www.diamondselfstorage.net/","self-storage operator","management@diamondselfstorage.net","mailbox","{""location"": ""Texas"", ""segment"": ""self-storage operator"", ""state"": ""TX""}","new","","","","mailbox from routes-enrichment.csv (2026-09-03), found on http://www.diamondselfstorage.net/; phase-3 contact page was http://www.diamondselfstorage.net/; address the director of operations; phase-3 confidence: secondary; source: https://www.sitelink.com/marketplace/management-companies/diamond-self-storage"
"diede-property-management-inc-73c809","certly","Diede Property Management Inc.","https://www.diedepropertymanagement.com/","self-storage operator","info@diedepropertymanagement.com","mailbox","{""location"": ""California"", ""segment"": ""self-storage operator"", ""state"": ""CA""}","new","","","","mailbox from routes-enrichment.csv (2026-09-03), found on https://www.diedepropertymanagement.com/; phase-3 contact page was https://www.diedepropertymanagement.com/; address the director of operations; phase-3 confidence: secondary; source: https://www.sitelink.com/marketplace/management-companies/diede-property-management"
"dirtworks-inc-f564a9","certly","Dirtworks, Inc.","http://www.alaskadirtworks.com","commercial GC","info@dirtworks.com","mailbox","{""city"": ""Palmer"", ""location"": ""Palmer, Alaska"", ""segment"": ""commercial GC"", ""source_list"": ""your AGC chapter's public contractor directory"", ""state"": ""AK""}","new","","","","route from routes-enrichment.csv (2026-09-03), verified at https://dirtworks.com/; address the contract administrator; phase-3 confidence: secondary; source: https://members.agcak.org/memberdirectory/Search/general-contractor-member-296133"
"dp-management-llc-65d637","certly","DP Management, LLC","https://dp-mgmt.com/","residential property management","info@dp-mgmt.com","mailbox","{""city"": ""Omaha"", ""location"": ""Omaha, Nebraska"", ""segment"": ""residential property management"", ""source_list"": ""the Expertise.com property management listings"", ""state"": ""NE""}","new","","","","mailbox from routes-enrichment.csv (2026-09-03), found on https://www.dp-mgmt.com/; phase-3 contact page was https://www.dp-mgmt.com; address the owner / broker-owner; phase-3 confidence: verified; source: https://www.expertise.com/business/property-management/nebraska/omaha"
"drg-b40a7e","certly","DRG","https://drgmpls.com/","residential property management","info@drgmpls.com","mailbox","{""city"": ""Minneapolis"", ""location"": ""Minneapolis, Minnesota"", ""segment"": ""residential property management"", ""source_list"": ""the Expertise.com property management listings"", ""state"": ""MN""}","new","","","","mailbox from routes-enrichment.csv (2026-09-03), found on https://www.drgmpls.com/contact.php; phase-3 contact page was https://drgmpls.com/contact.php; address the owner / broker-owner; phase-3 confidence: verified; source: https://www.expertise.com/business/property-management/minnesota/minneapolis"
"durotech-inc-8caf86","certly","Durotech, Inc.","https://durotechgc.com","commercial GC","info@durotechgc.com","mailbox","{""city"": ""Houston"", ""location"": ""Houston, Texas"", ""segment"": ""commercial GC"", ""source_list"": ""your AGC chapter's public contractor directory"", ""state"": ""TX""}","new","","","","mailbox from routes-enrichment.csv (2026-09-03), found on https://durotechgc.com/contact/; phase-3 contact page was https://durotechgc.com/contact/; address the contract administrator; phase-3 confidence: verified; source: https://members.agchouston.org/directory/Search/general-contractors-386559"
"earnest-homes-675136","certly","Earnest Homes","https://theearnesthomes.com/","residential property management","hi@theearnesthomes.com","mailbox","{""city"": ""Sherman Oaks"", ""location"": ""Sherman Oaks, California"", ""segment"": ""residential property management"", ""source_list"": ""the Expertise.com property management listings"", ""state"": ""CA""}","new","","","","mailbox from routes-enrichment.csv (2026-09-03), found on https://theearnesthomes.com/contact/; phase-3 contact page was https://theearnesthomes.com/contact/; address the owner / broker-owner; phase-3 confidence: verified; source: https://www.expertise.com/business/property-management/california/los-angeles"
"eckstrom-industries-inc-1f0c50","certly","Eckstrom Industries Inc","https://www.eckstromind.com/","commercial GC","sales@eckstromind.com","mailbox","{""city"": ""Everett"", ""location"": ""Everett, Washington"", ""segment"": ""commercial GC"", ""state"": ""WA""}","new","","","","route from routes-enrichment.csv (2026-09-03), verified at https://www.eckstromind.com/; address the owner; phase-3 confidence: verified; source: https://data.wa.gov/resource/m8qx-ubtq.json?$where=contractorlicensestatus='ACTIVE'%20AND%20specialtycode1desc='GENERAL'%20AND%20state='WA'%20AND%20businesstypecodedesc%20in('Corporation','Limited%20Liability%20Company','Partnership')&$limit=30000"
"edgerow-property-management-9d9853","certly","Edgerow Property Management","https://edgerowpropertymanagement.com/","residential property management","info@edgerowpropertymanagement.com","mailbox","{""city"": ""Grand Rapids"", ""location"": ""Grand Rapids, Michigan"", ""segment"": ""residential property management"", ""source_list"": ""the Expertise.com property management listings"", ""state"": ""MI""}","new","","","","mailbox from routes-enrichment.csv (2026-09-03), found on https://edgerowpropertymanagement.com/contact/; phase-3 contact page was https://edgerowpropertymanagement.com/contact/; address the owner / broker-owner; phase-3 confidence: verified; source: https://www.expertise.com/business/property-management/michigan/grand-rapids"
"edison-association-management-2d89e9","certly","Edison Association Management","https://edisonassociationmanagement.com/","HOA / community association management","contact@edisonassociationmanagement.com","mailbox","{""city"": ""Orlando"", ""location"": ""Orlando, Florida"", ""segment"": ""HOA / community association management"", ""size_signal_raw"": ""54 community associations under management"", ""state"": ""FL""}","new","","","","route from routes-enrichment.csv (2026-09-03), verified at https://edisonassociationmanagement.com/; address the director of community management; phase-3 confidence: secondary; source: https://www.communitypay.us/management-companies/state/florida/"
"eklutna-construction-maintenance-llc-6cb263","certly","Eklutna Construction & Maintenance, LLC","https://www.eklutnainc.com","commercial GC","info@eklutnainc.com","mailbox","{""city"": ""Wasilla"", ""location"": ""Wasilla, Alaska"", ""segment"": ""commercial GC"", ""source_list"": ""your AGC chapter's public contractor directory"", ""state"": ""AK""}","new","","","","mailbox from routes-enrichment.csv (2026-09-03), found on https://www.eklutnainc.com/contact/; phase-3 contact page was https://www.eklutnainc.com/contact/; address the contract administrator; phase-3 confidence: verified; source: https://members.agcak.org/memberdirectory/Search/general-contractor-member-296133"
"elite-community-management-071f3b","certly","Elite Community Management","https://www.elitemanagement.com/","HOA / community association management","customercare@elitemanagement.com","mailbox","{""city"": ""San Diego"", ""location"": ""San Diego, California"", ""segment"": ""HOA / community association management"", ""state"": ""CA""}","new","","","","mailbox from routes-enrichment.csv (2026-09-03), found on https://www.elitemanagement.com/; phase-3 contact page was https://www.elitemanagement.com/; address the director of community management; phase-3 confidence: secondary; source: https://cai-sd.org/management-company-directory/"
"elite-tampa-bay-realty-llc-ef6e93","certly","Elite Tampa Bay Realty LLC","https://www.elitetampa.com/","commercial property management","info@elitetampa.com","mailbox","{""city"": ""St Petersburg"", ""location"": ""St Petersburg, Florida"", ""segment"": ""commercial property management"", ""state"": ""FL""}","new","","","","route from routes-enrichment.csv (2026-09-03), verified at https://www.elitetampa.com/; address the property management director; phase-3 confidence: secondary; source: https://www.bbb.org/search?find_country=USA&find_loc=Tampa%2C%20FL&find_text=Commercial%20Property%20Management&page=1"
"equityteam-235502","certly","EquityTeam","https://equityteam.com/","residential property management","info@equityteam.com","mailbox","{""city"": ""Blue Ash"", ""location"": ""Blue Ash, Ohio"", ""segment"": ""residential property management"", ""source_list"": ""the Expertise.com property management listings"", ""state"": ""OH""}","new","","","","mailbox from routes-enrichment.csv (2026-09-03), found on https://www.equityteam.com/contact-us; phase-3 contact page was https://equityteam.com/contact-us; address the owner / broker-owner; phase-3 confidence: verified; source: https://www.expertise.com/business/property-management/ohio/cincinnati"
"evergrow-property-management-a89ebc","certly","EVERGROW Property Management","https://evergrowpm.com/","residential property management","management@evergrowpm.com","mailbox","{""city"": ""Indianapolis"", ""location"": ""Indianapolis, Indiana"", ""segment"": ""residential property management"", ""source_list"": ""the Expertise.com property management listings"", ""state"": ""IN""}","new","","","","route from routes-enrichment.csv (2026-09-03), verified at https://www.evergrowpm.com/; address the owner / broker-owner; phase-3 confidence: secondary; source: https://www.expertise.com/business/property-management/indiana/indianapolis"
"falcon-alaska-llc-e3b124","certly","Falcon Alaska LLC","https://www.falconalaska.com","commercial GC","info@falconalaska.com","mailbox","{""city"": ""Palmer"", ""location"": ""Palmer, Alaska"", ""segment"": ""commercial GC"", ""source_list"": ""your AGC chapter's public contractor directory"", ""state"": ""AK""}","new","","","","mailbox from routes-enrichment.csv (2026-09-03), found on https://www.falconalaska.com/contact; phase-3 contact page was https://www.falconalaska.com/contact; address the contract administrator; phase-3 confidence: verified; source: https://members.agcak.org/memberdirectory/Search/general-contractor-member-296133"
"ffp-realty-80b71d","certly","FFP Realty","https://www.ffprealty.com/","residential property management","info@ffprealty.com","mailbox","{""city"": ""West Chester"", ""location"": ""West Chester, Ohio"", ""segment"": ""residential property management"", ""source_list"": ""the Expertise.com property management listings"", ""state"": ""OH""}","new","","","","route from routes-enrichment.csv (2026-09-03), verified at http://www.ffprealty.com/; address the owner / broker-owner; phase-3 confidence: secondary; source: https://www.expertise.com/business/property-management/ohio/cincinnati"
"frank-property-management-8b2483","certly","Frank Property Management","https://rentwithfrank.com/","residential property management","info@rentwithfrank.com","mailbox","{""city"": ""Baltimore"", ""location"": ""Baltimore, Maryland"", ""segment"": ""residential property management"", ""source_list"": ""the Expertise.com property management listings"", ""state"": ""MD""}","new","","","","mailbox from routes-enrichment.csv (2026-09-03), found on https://www.rentwithfrank.com/contact-frank; phase-3 contact page was https://rentwithfrank.com/contact-frank; address the owner / broker-owner; phase-3 confidence: verified; source: https://www.expertise.com/business/property-management/maryland/baltimore"
"friend-contractors-llc-f6c88e","certly","Friend Contractors, LLC","https://www.friendcontractors.com","commercial GC","office@friendcontractors.com","mailbox","{""city"": ""Kodiak"", ""location"": ""Kodiak, Alaska"", ""segment"": ""commercial GC"", ""source_list"": ""your AGC chapter's public contractor directory"", ""state"": ""AK""}","new","","","","mailbox from routes-enrichment.csv (2026-09-03), found on https://www.friendcontractors.com/contact; phase-3 contact page was https://www.friendcontractors.com/contact; address the contract administrator; phase-3 confidence: verified; source: https://members.agcak.org/memberdirectory/Search/general-contractor-member-296133"
"gc-realty-development-llc-caafa8","certly","GC Realty & Development, LLC","https://gcrealtyinc.com/","residential property management","contactus@gcrealtyinc.com","mailbox","{""city"": ""Chicago"", ""location"": ""Chicago, Illinois"", ""segment"": ""residential property management"", ""source_list"": ""the Expertise.com property management listings"", ""state"": ""IL""}","new","","","","mailbox from routes-enrichment.csv (2026-09-03), found on https://www.gcrealtyinc.com/contact; phase-3 contact page was https://gcrealtyinc.com/contact; address the owner / broker-owner; phase-3 confidence: verified; source: https://www.expertise.com/business/property-management/illinois/chicago"
"genesis-community-7f504f","certly","Genesis Community","https://www.genesiscommunity.com/","HOA / community association management","info@genesiscommunity.com","mailbox","{""city"": ""Houston"", ""location"": ""Houston, Texas"", ""segment"": ""HOA / community association management"", ""state"": ""TX""}","new","","","","route from routes-enrichment.csv (2026-09-03), verified at https://www.genesiscommunity.com/; address the director of community management; phase-3 confidence: secondary; source: https://caihouston.org/management_company.php"
"gilbane-building-co-b5ecd0","certly","Gilbane Building Co.","https://www.gilbaneco.com","commercial GC","media@gilbaneco.com","mailbox","{""city"": ""Houston"", ""location"": ""Houston, Texas"", ""segment"": ""commercial GC"", ""source_list"": ""your AGC chapter's public contractor directory"", ""state"": ""TX""}","new","","","","mailbox from routes-enrichment.csv (2026-09-03), found on https://www.gilbaneco.com/contact/; phase-3 contact page was https://www.gilbaneco.com/contact/; address the contract administrator; phase-3 confidence: verified; source: https://members.agchouston.org/directory/Search/general-contractors-386559"
"gnp-realty-partners-a31fda","certly","GNP Realty Partners","https://www.gnprealty.com/","commercial property management","info@gnprealty.com","mailbox","{""city"": ""Chicago"", ""location"": ""Chicago, Illinois"", ""segment"": ""commercial property management"", ""state"": ""IL""}","new","","","","route from routes-enrichment.csv (2026-09-03), verified at https://www.gnprealty.com/; address the property management director; phase-3 confidence: secondary; source: https://www.bbb.org/search?find_country=USA&find_loc=Chicago%2C%20IL&find_text=Commercial%20Property%20Management&page=1"
"golden-sky-management-e497f8","certly","Golden Sky Management","https://www.goldenskymanagement.com/","residential property management","info@goldenskymanagement.com","mailbox","{""city"": ""Fishers"", ""location"": ""Fishers, Indiana"", ""segment"": ""residential property management"", ""source_list"": ""the Expertise.com property management listings"", ""state"": ""IN""}","new","","","","mailbox from routes-enrichment.csv (2026-09-03), found on https://www.goldenskymanagement.com/contact?type=owner; phase-3 contact page was https://www.goldenskymanagement.com/contact?type=owner; address the owner / broker-owner; phase-3 confidence: verified; source: https://www.expertise.com/business/property-management/indiana/indianapolis"
"grace-property-management-real-estate-c0c2af","certly","Grace Property Management & Real Estate","https://www.rentgrace.com","residential property management","info@rentgrace.com","mailbox","{""city"": ""Thornton"", ""location"": ""Thornton, Colorado"", ""segment"": ""residential property management"", ""source_list"": ""the Expertise.com property management listings"", ""state"": ""CO""}","new","","","","mailbox from routes-enrichment.csv (2026-09-03), found on https://www.rentgrace.com/contact; phase-3 contact page was https://www.rentgrace.com/contact; address the owner / broker-owner; phase-3 confidence: verified; source: https://www.expertise.com/business/property-management/colorado/denver"
"greenbriar-const-corp-0c0fd3","certly","Greenbriar Const Corp","https://greenbriarhomes.net/","commercial GC","info@greenbriarhomes.net","mailbox","{""city"": ""Bellingham"", ""location"": ""Bellingham, Washington"", ""segment"": ""commercial GC"", ""state"": ""WA""}","new","","","","route from routes-enrichment.csv (2026-09-03), verified at https://greenbriarhomes.net/; address the owner; phase-3 confidence: verified; source: https://data.wa.gov/resource/m8qx-ubtq.json?$where=contractorlicensestatus='ACTIVE'%20AND%20specialtycode1desc='GENERAL'%20AND%20state='WA'%20AND%20businesstypecodedesc%20in('Corporation','Limited%20Liability%20Company','Partnership')&$limit=30000"
"greenwood-village-hoa-management-company-dd2eb2","certly","Greenwood Village HOA Management Company","https://www.ncmhoa.com/","HOA / community association management","hello@ncmhoa.com","mailbox","{""city"": ""Greenwood Village"", ""location"": ""Greenwood Village, Colorado"", ""segment"": ""HOA / community association management"", ""state"": ""CO""}","new","","","","mailbox from routes-enrichment.csv (2026-09-03), found on https://www.ncmhoa.com/; phase-3 contact page was https://www.ncmhoa.com/; address the director of community management; phase-3 confidence: secondary; source: https://www.hoamanagement.com/association-management-company/novele-community-management-inc/"
"grg-management-inc-6987af","certly","GRG Management, Inc.","https://grgmgmt.com/","HOA / community association management","support@grgmgmt.com","mailbox","{""city"": ""San Diego"", ""location"": ""San Diego, California"", ""segment"": ""HOA / community association management"", ""state"": ""CA""}","new","","","","mailbox from routes-enrichment.csv (2026-09-03), found on https://grgmgmt.com/; phase-3 contact page was https://grgmgmt.com/; address the director of community management; phase-3 confidence: secondary; source: https://cai-sd.org/management-company-directory/"
"harmon-construction-inc-c46d73","certly","Harmon Construction, Inc.","https://harmonconstruction.com/","commercial GC","estimating@harmonconstruction.com","mailbox","{""city"": ""Seward"", ""location"": ""Seward, Alaska"", ""segment"": ""commercial GC"", ""source_list"": ""your AGC chapter's public contractor directory"", ""state"": ""AK""}","new","","","","route from routes-enrichment.csv (2026-09-03), verified at https://harmonconstruction.com/contact.html; address the contract administrator; phase-3 confidence: secondary; source: https://members.agcak.org/memberdirectory/Search/general-contractor-member-296133"
"haskell-corp-e5b5ee","certly","Haskell Corp","https://www.haskell.com/","commercial GC","info@haskell.com","mailbox","{""city"": ""Bellingham"", ""location"": ""Bellingham, Washington"", ""segment"": ""commercial GC"", ""state"": ""WA""}","new","","","","route from routes-enrichment.csv (2026-09-03), verified at https://www.haskell.com/; address the owner; phase-3 confidence: verified; source: https://data.wa.gov/resource/m8qx-ubtq.json?$where=contractorlicensestatus='ACTIVE'%20AND%20specialtycode1desc='GENERAL'%20AND%20state='WA'%20AND%20businesstypecodedesc%20in('Corporation','Limited%20Liability%20Company','Partnership')&$limit=30000"
"hawaii-pacific-property-management-6fff16","certly","Hawaii Pacific Property Management","https://hipacificpm.com/","residential property management","info@hipacificpm.com","mailbox","{""city"": ""Aiea"", ""location"": ""Aiea, Hawaii"", ""segment"": ""residential property management"", ""source_list"": ""the Expertise.com property management listings"", ""state"": ""HI""}","new","","","","mailbox from routes-enrichment.csv (2026-09-03), found on https://www.hipacificpm.com/contact-us; phase-3 contact page was https://hipacificpm.com/contact-us; address the owner / broker-owner; phase-3 confidence: verified; source: https://www.expertise.com/business/property-management/hawaii/honolulu"
"hillcrest-property-management-71a4dd","certly","Hillcrest Property Management","https://hillcrestmgmt.com/","HOA / community association management","info@hillcrestmgmt.com","mailbox","{""city"": ""Lombard"", ""location"": ""Lombard, Illinois"", ""segment"": ""HOA / community association management"", ""state"": ""IL""}","new","","","","mailbox from routes-enrichment.csv (2026-09-03), found on https://hillcrestmgmt.com/; phase-3 contact page was https://hillcrestmgmt.com/; address the director of community management; phase-3 confidence: secondary; source: https://www.hoamanagement.com/association-management-company/hillcrest-property-management/"
"hoa-financial-haven-llc-8e52a8","certly","HOA Financial Haven, LLC","https://hoafinancialhaven.com/","HOA / community association management","info@hoafinancialhaven.com","mailbox","{""city"": ""Stamford"", ""location"": ""Stamford, Connecticut"", ""segment"": ""HOA / community association management"", ""state"": ""CT""}","new","","","","mailbox from routes-enrichment.csv (2026-09-03), found on https://hoafinancialhaven.com/; phase-3 contact page was https://hoafinancialhaven.com/; address the director of community management; phase-3 confidence: secondary; source: https://www.hoamanagement.com/association-management-company/hoa-financial-haven-llc/"
"hoa-simple-llc-65b616","certly","HOA Simple, LLC","https://hoasimple.com/","HOA / community association management","info@hoasimple.com","mailbox","{""city"": ""Denver"", ""location"": ""Denver, Colorado"", ""segment"": ""HOA / community association management"", ""size_signal_raw"": ""35 community associations under management"", ""state"": ""CO""}","new","","","","route from routes-enrichment.csv (2026-09-03), verified at https://hoasimple.com/; address the director of community management; phase-3 confidence: secondary; source: https://www.communitypay.us/management-companies/state/colorado/"
"homeriver-group-houston-20f3aa","certly","HomeRiver Group Houston","https://houston-propertymanagement.net/","residential property management","info@homeriver.com","mailbox","{""city"": ""Houston"", ""location"": ""Houston, Texas"", ""segment"": ""residential property management"", ""source_list"": ""the Expertise.com property management listings"", ""state"": ""TX""}","new","","","","route from routes-enrichment.csv (2026-09-03), verified at https://www.homeriver.com/contact; address the owner / broker-owner; phase-3 confidence: secondary; source: https://www.expertise.com/business/property-management/texas/houston"
"hpc-management-group-inc-fe6d80","certly","HPC Management Group, Inc.","https://hpcmanagementgroup.com/","HOA / community association management","contact@hpcmanagementgroup.com","mailbox","{""city"": ""Knoxville"", ""location"": ""Knoxville, Tennessee"", ""segment"": ""HOA / community association management"", ""state"": ""TN""}","new","","","","mailbox from routes-enrichment.csv (2026-09-03), found on https://hpcmanagementgroup.com/; phase-3 contact page was https://hpcmanagementgroup.com/; address the director of community management; phase-3 confidence: secondary; source: https://www.hoamanagement.com/association-management-company/hpc-management-group-inc/"
"hpm-inc-df7131","certly","HPM, Inc.","https://hpmcontracting.com","commercial GC","info@hpmcontracting.com","mailbox","{""city"": ""Anchorage"", ""location"": ""Anchorage, Alaska"", ""segment"": ""commercial GC"", ""source_list"": ""your AGC chapter's public contractor directory"", ""state"": ""AK""}","new","","","","mailbox from routes-enrichment.csv (2026-09-03), found on https://hpmcontracting.com/contact/; phase-3 contact page was https://hpmcontracting.com/contact/; address the contract administrator; phase-3 confidence: verified; source: https://members.agcak.org/memberdirectory/Search/general-contractor-member-296133"
"humphries-construction-corporation-33a434","certly","Humphries Construction Corporation","https://www.humphries-const.com","commercial GC","info@humphries-const.com","mailbox","{""city"": ""Houston"", ""location"": ""Houston, Texas"", ""segment"": ""commercial GC"", ""source_list"": ""your AGC chapter's public contractor directory"", ""state"": ""TX""}","new","","","","mailbox from routes-enrichment.csv (2026-09-03), found on https://www.humphries-const.com/houston-general-contractor/contact/; phase-3 contact page was https://www.humphries-const.com/houston-general-contractor/contact/; address the contract administrator; phase-3 confidence: verified; source: https://members.agchouston.org/directory/Search/general-contractors-386559"
"huneycutt-realtors-188d31","certly","Huneycutt Realtors","https://www.huneycuttrealtors.com/","commercial property management","info@huneycuttrealtors.com","mailbox","{""city"": ""Clarksville"", ""location"": ""Clarksville, Tennessee"", ""segment"": ""commercial property management"", ""state"": ""TN""}","new","","","","route from routes-enrichment.csv (2026-09-03), verified at https://www.huneycuttrealtors.com/; address the property management director; phase-3 confidence: secondary; source: https://www.bbb.org/search?find_country=USA&find_loc=Nashville%2C%20TN&find_text=Commercial%20Property%20Management&page=2"
"hunter-davisson-inc-be981a","certly","Hunter Davisson Inc","https://hunterdavisson.com/","commercial GC","info@hunterdavisson.com","mailbox","{""city"": ""Portland"", ""location"": ""Portland, Oregon"", ""segment"": ""commercial GC"", ""size_signal_raw"": ""$80000 CCB surety bond and $2000000 liability limit on file (Oregon CCB record)"", ""state"": ""OR""}","new","","","","route from routes-enrichment.csv (2026-09-03), verified at https://hunterdavisson.com/; address the owner; phase-3 confidence: verified; source: https://data.oregon.gov/resource/g77e-6bhs.json?$where=endorsement_text%20like%20'Commercial%20General%20Contractor%25'%20AND%20exempt_text='Nonexempt'&$limit=8000"
"hutter-construction-corporation-317e6b","certly","Hutter Construction Corporation","https://hutterconstruction.com","commercial GC","sales@hutterconstruction.com","mailbox","{""city"": ""New Ipswich"", ""location"": ""New Ipswich, New Hampshire"", ""segment"": ""commercial GC"", ""source_list"": ""your AGC chapter's public contractor directory"", ""state"": ""NH""}","new","","","","mailbox from routes-enrichment.csv (2026-09-03), found on https://hutterconstruction.com/contact-hutter/; phase-3 contact page was https://hutterconstruction.com/contact-hutter/; address the contract administrator; phase-3 confidence: verified; source: https://members.agcnh.org/directory/Search/building-contractors-325083"
"icon-real-estate-services-inc-773293","certly","Icon Real Estate Services Inc","https://iconrealestate.com/","commercial property management","info@iconrealestate.com","mailbox","{""city"": ""Yarrow Point"", ""location"": ""Yarrow Point, Washington"", ""segment"": ""commercial property management"", ""state"": ""WA""}","new","","","","route from routes-enrichment.csv (2026-09-03), verified at https://iconrealestate.com/contact/; address the property management director; phase-3 confidence: secondary; source: https://www.bbb.org/search?find_country=USA&find_loc=Seattle%2C%20WA&find_text=Commercial%20Property%20Management&page=1"
"investor-s-realty-078658","certly","Investor's Realty","https://www.awdallas.com/","residential property management","info@investorsrealty.com","mailbox","{""city"": ""Dallas"", ""location"": ""Dallas, Texas"", ""segment"": ""residential property management"", ""source_list"": ""the Expertise.com property management listings"", ""state"": ""TX""}","new","","","","route from routes-enrichment.csv (2026-09-03), verified at https://www.investorsrealty.com/contact; address the owner / broker-owner; phase-3 confidence: secondary; source: https://www.expertise.com/business/property-management/texas/dallas"
"jamm-property-management-b3d390","certly","JAMM Property Management","https://jammrealestate.com/","residential property management","info@jammrealestate.com","mailbox","{""city"": ""Broadview Heights"", ""location"": ""Broadview Heights, Ohio"", ""segment"": ""residential property management"", ""source_list"": ""the Expertise.com property management listings"", ""state"": ""OH""}","new","","","","mailbox from routes-enrichment.csv (2026-09-03), found on https://jammrealestate.com/; phase-3 contact page was https://jammrealestate.com/; address the owner / broker-owner; phase-3 confidence: verified; source: https://www.expertise.com/business/property-management/ohio/cleveland"
"jeffrey-charles-associates-inc-f49405","certly","JEFFREY CHARLES & ASSOCIATES INC","https://jeffreycharles.com/","HOA / community association management","admin@jeffreycharles.com","mailbox","{""city"": ""Alexandria"", ""location"": ""Alexandria, Virginia"", ""segment"": ""HOA / community association management"", ""size_signal_raw"": ""26 community associations under management"", ""state"": ""VA""}","new","","","","route from routes-enrichment.csv (2026-09-03), verified at https://jeffreycharles.com/contact-us/; address the director of community management; phase-3 confidence: secondary; source: https://www.communitypay.us/management-companies/state/virginia/"
"jennings-realty-fe643f","certly","Jennings Realty","https://jenningsrealty.com/","manufactured housing community operator","info@jenningsrealty.com","mailbox","{""segment"": ""manufactured housing community operator"", ""size_signal_raw"": ""2000 est. manufactured-home lots owned""}","new","","","","route from routes-enrichment.csv (2026-09-03), verified at https://jenningsrealty.com/; address the director of operations; phase-3 confidence: secondary; source: https://www.mobilehomeuniversity.com/mhu-top-100-community-owners.php"
"jfi-real-estate-management-llc-5c85ba","certly","JFI Real Estate Management LLC","https://www.jfirealestate.com/","commercial property management","info@jfirealestate.com","mailbox","{""city"": ""Columbia"", ""location"": ""Columbia, Maryland"", ""segment"": ""commercial property management"", ""state"": ""MD""}","new","","","","route from routes-enrichment.csv (2026-09-03), verified at https://www.jfirealestate.com/; address the property management director; phase-3 confidence: secondary; source: https://www.bbb.org/search?find_country=USA&find_loc=Baltimore%2C%20MD&find_text=Commercial%20Property%20Management&page=1"
"jmz-management-d9c2b8","certly","JMZ Management","https://www.jmzmanagement.com/","residential property management","info@jmzmanagement.com","mailbox","{""city"": ""Novi"", ""location"": ""Novi, Michigan"", ""portfolio"": {""approx"": true, ""count"": 1000, ""noun"": ""properties""}, ""segment"": ""residential property management"", ""size_signal_raw"": ""1,000+ properties managed"", ""source_list"": ""the Expertise.com property management listings"", ""state"": ""MI""}","new","","","","mailbox from routes-enrichment.csv (2026-09-03), found on https://www.jmzmanagement.com/contact-page; phase-3 contact page was https://www.jmzmanagement.com/contact-page; address the owner / broker-owner; phase-3 confidence: verified; source: https://www.expertise.com/business/property-management/michigan/detroit"
"johnson-river-enterprises-llc-744180","certly","Johnson River Enterprises, LLC","https://johnsonriver.com","commercial GC","office@johnsonriver.com","mailbox","{""city"": ""Fairbanks"", ""location"": ""Fairbanks, Alaska"", ""segment"": ""commercial GC"", ""source_list"": ""your AGC chapter's public contractor directory"", ""state"": ""AK""}","new","","","","mailbox from routes-enrichment.csv (2026-09-03), found on https://johnsonriver.com/contact; phase-3 contact page was https://johnsonriver.com/contact; address the contract administrator; phase-3 confidence: verified; source: https://members.agcak.org/memberdirectory/Search/general-contractor-member-296133"
"junction-property-management-e4fdaa","certly","Junction Property Management","https://www.junctionproperty.com/","HOA / community association management","info@junctionproperty.com","mailbox","{""city"": ""Farmers Branch"", ""location"": ""Farmers Branch, Texas"", ""segment"": ""HOA / community association management"", ""state"": ""TX""}","new","","","","mailbox from routes-enrichment.csv (2026-09-03), found on https://www.junctionproperty.com/; phase-3 contact page was https://www.junctionproperty.com/; address the director of community management; phase-3 confidence: secondary; source: https://www.hoamanagement.com/association-management-company/junction-property-management/"
"kaliber-management-llc-17f781","certly","Kaliber Management LLC","https://www.kalibermanagement.com/","manufactured housing community operator","information@kalibermanagement.com","mailbox","{""segment"": ""manufactured housing community operator"", ""size_signal_raw"": ""3,412 manufactured-home lots owned""}","new","","","","route from routes-enrichment.csv (2026-09-03), verified at https://www.kalibermanagement.com/; address the director of operations; phase-3 confidence: secondary; source: https://www.mobilehomeuniversity.com/mhu-top-100-community-owners.php"
"kay-group-properties-2d6bd2","certly","Kay Group Properties","https://kaygroupproperties.com/","residential property management","contact@kaygroupproperties.com","mailbox","{""city"": ""Charlotte"", ""location"": ""Charlotte, North Carolina"", ""segment"": ""residential property management"", ""source_list"": ""the Expertise.com property management listings"", ""state"": ""NC""}","new","","","","address the owner / broker-owner; phase-3 confidence: verified; source: https://www.expertise.com/business/property-management/north-carolina/charlotte"
"kefalos-associates-real-estate-dcfde5","certly","Kefalos & Associates Real Estate","https://kefalosandassociates.com/","residential property management","info@kefalosandassociates.com","mailbox","{""city"": ""Pittsburgh"", ""location"": ""Pittsburgh, Pennsylvania"", ""portfolio"": {""approx"": true, ""count"": 800, ""noun"": ""units""}, ""segment"": ""residential property management"", ""size_signal_raw"": ""800+ units"", ""source_list"": ""the Expertise.com property management listings"", ""state"": ""PA""}","new","","","","mailbox from routes-enrichment.csv (2026-09-03), found on https://kefalosandassociates.com/contact/; phase-3 contact page was https://kefalosandassociates.com/contact/; address the owner / broker-owner; phase-3 confidence: verified; source: https://www.expertise.com/business/property-management/pennsylvania/pittsburgh"
"kellison-llc-f3bc9e","certly","Kellison, LLC","https://kellison.com/","HOA / community association management","support@kellison.com","mailbox","{""city"": ""Loveland"", ""location"": ""Loveland, Colorado"", ""segment"": ""HOA / community association management"", ""size_signal_raw"": ""52 community associations under management"", ""state"": ""CO""}","new","","","","route from routes-enrichment.csv (2026-09-03), verified at https://kellison.com/contact-us/; address the director of community management; phase-3 confidence: secondary; source: https://www.communitypay.us/management-companies/state/colorado/"
"keshman-property-management-5cde1b","certly","KESHMAN PROPERTY MANAGEMENT","https://www.mypropertymanaged.com/","residential property management","info@mypropertymanaged.com","mailbox","{""city"": ""Jacksonville"", ""location"": ""Jacksonville, Florida"", ""segment"": ""residential property management"", ""source_list"": ""the Expertise.com property management listings"", ""state"": ""FL""}","new","","","","mailbox from routes-enrichment.csv (2026-09-03), found on https://www.mypropertymanaged.com/contact; phase-3 contact page was https://www.mypropertymanaged.com/contact; address the owner / broker-owner; phase-3 confidence: verified; source: https://www.expertise.com/business/property-management/florida/jacksonville"
"kirkpatrick-management-company-inc-10f149","certly","Kirkpatrick Management Company, Inc.","https://www.ekirkpatrick.com/","commercial property management","info@ekirkpatrick.com","mailbox","{""city"": ""Indianapolis"", ""location"": ""Indianapolis, Indiana"", ""segment"": ""commercial property management"", ""state"": ""IN""}","new","","","","route from routes-enrichment.csv (2026-09-03), verified at https://www.ekirkpatrick.com/contact/; address the property management director; phase-3 confidence: secondary; source: https://www.bbb.org/search?find_country=USA&find_loc=Indianapolis%2C%20IN&find_text=Commercial%20Property%20Management&page=2"
"kodiak-property-management-1f9fa0","certly","Kodiak Property Management","https://rentkodiak.com/","residential property management","info@rentkodiak.com","mailbox","{""city"": ""Salt Lake City"", ""location"": ""Salt Lake City, Utah"", ""segment"": ""residential property management"", ""source_list"": ""the Expertise.com property management listings"", ""state"": ""UT""}","new","","","","mailbox from routes-enrichment.csv (2026-09-03), found on https://rentkodiak.com/contact/; phase-3 contact page was https://rentkodiak.com/contact/; address the owner / broker-owner; phase-3 confidence: verified; source: https://www.expertise.com/business/property-management/utah/salt-lake-city"
"lake-michigan-property-management-a938a8","certly","Lake Michigan Property Management","https://lmpmc.com/","residential property management","info@lmpmc.com","mailbox","{""city"": ""Grand Rapids"", ""location"": ""Grand Rapids, Michigan"", ""segment"": ""residential property management"", ""source_list"": ""the Expertise.com property management listings"", ""state"": ""MI""}","new","","","","mailbox from routes-enrichment.csv (2026-09-03), found on https://lmpmc.com/contact-us/; phase-3 contact page was https://lmpmc.com/contact-us/; address the owner / broker-owner; phase-3 confidence: verified; source: https://www.expertise.com/business/property-management/michigan/grand-rapids"
"las-vegas-community-management-group-llc-53e015","certly","Las Vegas Community Management Group LLC","https://lasvegascommunitymanagementgroup.com/","HOA / community association management","admin@lasvegascommunitymanagementgroup.com","mailbox","{""city"": ""Henderson"", ""location"": ""Henderson, Nevada"", ""segment"": ""HOA / community association management"", ""size_signal_raw"": ""48 community associations under management"", ""state"": ""NV""}","new","","","","route from routes-enrichment.csv (2026-09-03), verified at https://lasvegascommunitymanagementgroup.com/; address the director of community management; phase-3 confidence: secondary; source: https://www.communitypay.us/management-companies/state/nevada/"
"level-one-property-management-1f6325","certly","Level One Property Management","https://www.levelonepm.com/","residential property management","info@levelonepm.com","mailbox","{""city"": ""Oklahoma City"", ""location"": ""Oklahoma City, Oklahoma"", ""segment"": ""residential property management"", ""source_list"": ""the Expertise.com property management listings"", ""state"": ""OK""}","new","","","","mailbox from routes-enrichment.csv (2026-09-03), found on https://www.levelonepm.com/contact-us; phase-3 contact page was https://www.levelonepm.com/contact-us; address the owner / broker-owner; phase-3 confidence: verified; source: https://www.expertise.com/business/property-management/oklahoma/oklahoma-city"
"locke-property-management-formerly-leagu-da106f","certly","LOCKE Property Management, Formerly LEAGUE Property Management","https://www.lockepm.com/","residential property management","hello@lockepm.com","mailbox","{""city"": ""Fort Worth"", ""location"": ""Fort Worth, Texas"", ""segment"": ""residential property management"", ""source_list"": ""the Expertise.com property management listings"", ""state"": ""TX""}","new","","","","mailbox from routes-enrichment.csv (2026-09-03), found on https://www.lockepm.com/contact; phase-3 contact page was https://www.lockepm.com/contact; address the owner / broker-owner; phase-3 confidence: verified; source: https://www.expertise.com/business/property-management/texas/fort-worth"
"lubin-property-management-ef468f","certly","Lubin Property Management","https://www.lpmproperty.com/","residential property management","admin@lpmproperty.com","mailbox","{""city"": ""Memphis"", ""location"": ""Memphis, Tennessee"", ""segment"": ""residential property management"", ""source_list"": ""the Expertise.com property management listings"", ""state"": ""TN""}","new","","","","mailbox from routes-enrichment.csv (2026-09-03), found on https://www.lpmproperty.com/contact; phase-3 contact page was https://www.lpmproperty.com/contact; address the owner / broker-owner; phase-3 confidence: verified; source: https://www.expertise.com/business/property-management/tennessee/memphis"
"marc-gottesdiener-co-inc-8f6aba","certly","Marc Gottesdiener & Co., Inc.","https://www.marcgottesdiener.com/","residential property management","info@marcgottesdiener.com","mailbox","{""city"": ""Hartford"", ""location"": ""Hartford, Connecticut"", ""portfolio"": {""approx"": true, ""count"": 140, ""noun"": ""units""}, ""segment"": ""residential property management"", ""size_signal_raw"": ""140+ units"", ""source_list"": ""the Expertise.com property management listings"", ""state"": ""CT""}","new","","","","mailbox from routes-enrichment.csv (2026-09-03), found on https://marcgottesdiener.com/about/; phase-3 contact page was https://marcgottesdiener.com/about/; address the owner / broker-owner; phase-3 confidence: verified; source: https://www.expertise.com/business/property-management/connecticut/hartford"
"marshall-construction-company-ltd-532d4a","certly","Marshall Construction Company, Ltd.","https://marshallconstruction.com","commercial GC","bids@marshallconstruction.net","mailbox","{""location"": ""Texas"", ""segment"": ""commercial GC"", ""source_list"": ""your AGC chapter's public contractor directory"", ""state"": ""TX""}","new","","","","address the contract administrator; phase-3 confidence: verified; source: https://members.agchouston.org/directory/Search/general-contractors-386559"
"maui-lodging-properties-llc-db438b","certly","Maui Lodging Properties LLC","https://mauilodging.com/","HOA / community association management","info@mauilodging.com","mailbox","{""city"": ""Ancaster"", ""location"": ""Ancaster, Hawaii"", ""segment"": ""HOA / community association management"", ""size_signal_raw"": ""5 community associations under management"", ""state"": ""HI""}","new","","","","route from routes-enrichment.csv (2026-09-03), verified at https://mauilodging.com/; address the director of community management; phase-3 confidence: secondary; source: https://www.communitypay.us/management-companies/state/hawaii/"
"mccarthy-building-companies-inc-f9a576","certly","McCarthy Building Companies, Inc.","https://www.mccarthy.com","commercial GC","media@mccarthy.com","mailbox","{""city"": ""Houston"", ""location"": ""Houston, Texas"", ""segment"": ""commercial GC"", ""source_list"": ""your AGC chapter's public contractor directory"", ""state"": ""TX""}","new","","","","mailbox from routes-enrichment.csv (2026-09-03), found on https://www.mccarthy.com/insights/media-contacts; phase-3 contact page was https://www.mccarthy.com/insights/media-contacts; address the contract administrator; phase-3 confidence: verified; source: https://members.agchouston.org/directory/Search/general-contractors-386559"
"metro-city-realty-condos-inc-d63c11","certly","Metro City Realty & Condos, Inc.","https://mymetrocity.com/","residential property management","info@mymetrocity.com","mailbox","{""city"": ""Orlando"", ""location"": ""Orlando, Florida"", ""segment"": ""residential property management"", ""source_list"": ""the Expertise.com property management listings"", ""state"": ""FL""}","new","","","","mailbox from routes-enrichment.csv (2026-09-03), found on https://mymetrocity.com/contact-top-orlando-realtors-property-managers/; phase-3 contact page was https://mymetrocity.com/contact-top-orlando-realtors-property-managers/; address the owner / broker-owner; phase-3 confidence: verified; source: https://www.expertise.com/business/property-management/florida/orlando"
"midtown-management-corporation-9aa286","certly","Midtown Management Corporation","https://midtownmanagement.com/","HOA / community association management","info@midtownmanagement.com","mailbox","{""city"": ""Houston"", ""location"": ""Houston, Texas"", ""segment"": ""HOA / community association management"", ""state"": ""TX""}","new","","","","route from routes-enrichment.csv (2026-09-03), verified at https://midtownmanagement.com/; address the director of community management; phase-3 confidence: secondary; source: https://caihouston.org/management_company.php"
"mission-constructors-inc-f0fcd5","certly","Mission Constructors, Inc.","https://missionconstructors.com","commercial GC","info@missionconstructors.com","mailbox","{""city"": ""Houston"", ""location"": ""Houston, Texas"", ""segment"": ""commercial GC"", ""source_list"": ""your AGC chapter's public contractor directory"", ""state"": ""TX""}","new","","","","mailbox from routes-enrichment.csv (2026-09-03), found on https://missionconstructors.com/contact/; phase-3 contact page was https://missionconstructors.com/contact/; address the contract administrator; phase-3 confidence: verified; source: https://members.agchouston.org/directory/Search/general-contractors-386559"
"mission-realty-9a825b","certly","Mission Realty","https://www.rentingrichmond.com/","residential property management","info@missionrealty.com","mailbox","{""city"": ""Richmond"", ""location"": ""Richmond, Virginia"", ""segment"": ""residential property management"", ""source_list"": ""the Expertise.com property management listings"", ""state"": ""VA""}","new","","","","route from routes-enrichment.csv (2026-09-03), verified at https://missionrealty.com/; address the owner / broker-owner; phase-3 confidence: secondary; source: https://www.expertise.com/business/property-management/virginia/richmond"
"murex-properties-97c713","certly","Murex Properties","https://murexproperties.com/","manufactured housing community operator","info@murexproperties.com","mailbox","{""segment"": ""manufactured housing community operator"", ""size_signal_raw"": ""5,000 manufactured-home lots owned""}","new","","","","route from routes-enrichment.csv (2026-09-03), verified at https://murexproperties.com/; address the director of operations; phase-3 confidence: secondary; source: https://www.mobilehomeuniversity.com/mhu-top-100-community-owners.php"
"my-dwelling-inc-21a0f2","certly","My-Dwelling, Inc.","https://www.my-dwelling.com/","residential property management","info@smartassetrealty.com","mailbox","{""city"": ""Milwaukee"", ""location"": ""Milwaukee, Wisconsin"", ""segment"": ""residential property management"", ""source_list"": ""the Expertise.com property management listings"", ""state"": ""WI""}","new","","","","mailbox from routes-enrichment.csv (2026-09-03), found on https://smartassetrealty.com/contact-us/; phase-3 contact page was https://smartassetrealty.com/contact-us/; address the owner / broker-owner; phase-3 confidence: verified; source: https://www.expertise.com/business/property-management/wisconsin/milwaukee"
"nana-construction-llc-a1e50d","certly","NANA Construction, LLC","https://nanaconstruction.com/","commercial GC","info@nanaconstruction.com","mailbox","{""city"": ""Big Lake"", ""location"": ""Big Lake, Alaska"", ""segment"": ""commercial GC"", ""source_list"": ""your AGC chapter's public contractor directory"", ""state"": ""AK""}","new","","","","route from routes-enrichment.csv (2026-09-03), verified at https://nanaconstruction.com/; address the contract administrator; phase-3 confidence: secondary; source: https://members.agcak.org/memberdirectory/Search/general-contractor-member-296133"
"nest-finders-property-management-8e04bf","certly","Nest Finders Property Management","https://www.nestfinders.com/","residential property management","admin@nestfinders.com","mailbox","{""city"": ""Jacksonville"", ""location"": ""Jacksonville, Florida"", ""segment"": ""residential property management"", ""source_list"": ""the Expertise.com property management listings"", ""state"": ""FL""}","new","","","","mailbox from routes-enrichment.csv (2026-09-03), found on https://www.nestfinders.com/contact; phase-3 contact page was https://www.nestfinders.com/contact; address the owner / broker-owner; phase-3 confidence: verified; source: https://www.expertise.com/business/property-management/florida/jacksonville"
"northern-star-hoa-management-38da5d","certly","Northern Star HOA Management","https://northernstarhoa.com/","residential property management","office@northernstarhoa.com","mailbox","{""city"": ""Nampa"", ""location"": ""Nampa, Idaho"", ""segment"": ""residential property management"", ""source_list"": ""the Expertise.com property management listings"", ""state"": ""ID""}","new","","","","mailbox from routes-enrichment.csv (2026-09-03), found on https://northernstarhoa.com/wp/; phase-3 contact page was https://northernstarhoa.com/; address the owner / broker-owner; phase-3 confidence: verified; source: https://www.expertise.com/business/property-management/idaho/boise"
"northstar-community-management-llc-3f25ab","certly","Northstar Community Management LLC","https://www.northstarcommunity.com/","HOA / community association management","info@northstarcommunity.com","mailbox","{""city"": ""Portland"", ""location"": ""Portland, Oregon"", ""segment"": ""HOA / community association management"", ""size_signal_raw"": ""21 community associations under management"", ""state"": ""OR""}","new","","","","route from routes-enrichment.csv (2026-09-03), verified at https://www.northstarcommunity.com/; address the director of community management; phase-3 confidence: secondary; source: https://www.communitypay.us/management-companies/state/oregon/"
"nuvu-property-management-e76525","certly","NuVu Property Management","https://www.nuvuproperties.com/","residential property management","info@nuvuproperties.com","mailbox","{""city"": ""Hayden"", ""location"": ""Hayden, Idaho"", ""segment"": ""residential property management"", ""source_list"": ""the Expertise.com property management listings"", ""state"": ""ID""}","new","","","","mailbox from routes-enrichment.csv (2026-09-03), found on https://www.nuvuproperties.com/contact; phase-3 contact page was https://www.nuvuproperties.com/contact; address the owner / broker-owner; phase-3 confidence: verified; source: https://www.expertise.com/business/property-management/washington/spokane"
"ohno-construction-company-498836","certly","Ohno Construction Company","https://ohnoconstruction.com/","commercial GC","estimating@ohnoconstruction.com","mailbox","{""city"": ""Seattle"", ""location"": ""Seattle, Washington"", ""segment"": ""commercial GC"", ""state"": ""WA""}","new","","","","route from routes-enrichment.csv (2026-09-03), verified at https://ohnoconstruction.com/; address the owner; phase-3 confidence: verified; source: https://data.wa.gov/resource/m8qx-ubtq.json?$where=contractorlicensestatus='ACTIVE'%20AND%20specialtycode1desc='GENERAL'%20AND%20state='WA'%20AND%20businesstypecodedesc%20in('Corporation','Limited%20Liability%20Company','Partnership')&$limit=30000"
"omnikey-realty-llc-a67b4e","certly","OmniKey Realty LLC","https://www.omnikeytexas.com/","commercial property management","info@omnikeytexas.com","mailbox","{""city"": ""Plano"", ""location"": ""Plano, Texas"", ""segment"": ""commercial property management"", ""state"": ""TX""}","new","","","","route from routes-enrichment.csv (2026-09-03), verified at https://www.omnikeytexas.com/; address the property management director; phase-3 confidence: secondary; source: https://www.bbb.org/search?find_country=USA&find_loc=Dallas%2C%20TX&find_text=Commercial%20Property%20Management&page=1"
"out-fast-property-management-llc-d1c1fe","certly","Out Fast Property Management LLC","https://www.outfastpropertymanagement.com/","residential property management","admin@outfastpropertymanagement.com","mailbox","{""city"": ""Tampa"", ""location"": ""Tampa, Florida"", ""segment"": ""residential property management"", ""source_list"": ""the Expertise.com property management listings"", ""state"": ""FL""}","new","","","","mailbox from routes-enrichment.csv (2026-09-03), found on https://outfastpropertymanagement.com/contact/; phase-3 contact page was https://www.outfastpropertymanagement.com/contact/; address the owner / broker-owner; phase-3 confidence: verified; source: https://www.expertise.com/business/property-management/florida/tampa"
"out-fast-property-management-llc-038ab0","certly","Out Fast Property Management, LLC","https://outfastpropertymanagement.com/","commercial property management","admin@outfastpropertymanagement.com","mailbox","{""city"": ""Tampa"", ""location"": ""Tampa, Florida"", ""segment"": ""commercial property management"", ""state"": ""FL""}","new","","","","route from routes-enrichment.csv (2026-09-03), verified at https://outfastpropertymanagement.com/; address the property management director; phase-3 confidence: secondary; source: https://www.bbb.org/search?find_country=USA&find_loc=Tampa%2C%20FL&find_text=Commercial%20Property%20Management&page=1"
"pacific-pile-marine-lp-ae489a","certly","Pacific Pile & Marine, LP","https://pacificpile.com","commercial GC","info@pacificpile.com","mailbox","{""city"": ""Seattle"", ""location"": ""Seattle, Washington"", ""segment"": ""commercial GC"", ""source_list"": ""your AGC chapter's public contractor directory"", ""state"": ""WA""}","new","","","","mailbox from routes-enrichment.csv (2026-09-03), found on https://pacificpile.com/contact-page/; phase-3 contact page was https://pacificpile.com/contact-page/; address the contract administrator; phase-3 confidence: verified; source: https://members.agcak.org/memberdirectory/Search/general-contractor-member-296133"
"palmetto-state-properties-associates-a039d8","certly","Palmetto State Properties & Associates","https://palmettost.com/","residential property management","help@palmettost.com","mailbox","{""city"": ""Mt. Pleasant"", ""location"": ""Mt. Pleasant, South Carolina"", ""segment"": ""residential property management"", ""source_list"": ""the Expertise.com property management listings"", ""state"": ""SC""}","new","","","","mailbox from routes-enrichment.csv (2026-09-03), found on https://palmettost.com/contact-us/; phase-3 contact page was https://palmettost.com/contact-us/; address the owner / broker-owner; phase-3 confidence: verified; source: https://www.expertise.com/business/property-management/south-carolina/charleston"
"paradigm-construction-2e2bb4","certly","Paradigm Construction","https://pcc-tx.com","commercial GC","info@pcc-tx.com","mailbox","{""city"": ""Tomball"", ""location"": ""Tomball, Texas"", ""segment"": ""commercial GC"", ""source_list"": ""your AGC chapter's public contractor directory"", ""state"": ""TX""}","new","","","","address the contract administrator; phase-3 confidence: verified; source: https://members.agchouston.org/directory/Search/general-contractors-386559"
"paramount-commercial-real-estate-service-498897","certly","Paramount Commercial Real Estate Services","https://paramountcres.com/","residential property management","info@paramountcres.com","mailbox","{""city"": ""Omaha"", ""location"": ""Omaha, Nebraska"", ""segment"": ""residential property management"", ""source_list"": ""the Expertise.com property management listings"", ""state"": ""NE""}","new","","","","mailbox from routes-enrichment.csv (2026-09-03), found on https://www.paramountcres.com/contact; phase-3 contact page was https://www.paramountcres.com/contact; address the owner / broker-owner; phase-3 confidence: verified; source: https://www.expertise.com/business/property-management/nebraska/omaha"
"parkbridge-capital-investment-group-e11765","certly","Parkbridge Capital Investment Group","https://parkbridgecapital.com/","manufactured housing community operator","admin@parkbridgecapital.com","mailbox","{""segment"": ""manufactured housing community operator"", ""size_signal_raw"": ""2100 est. manufactured-home lots owned""}","new","","","","route from routes-enrichment.csv (2026-09-03), verified at https://parkbridgecapital.com/; address the director of operations; phase-3 confidence: secondary; source: https://www.mobilehomeuniversity.com/mhu-top-100-community-owners.php"
"partners-community-management-043aab","certly","Partners Community Management","https://www.partnerscm.com/","HOA / community association management","info@partnerscm.com","mailbox","{""city"": ""Monterey Park"", ""location"": ""Monterey Park, California"", ""segment"": ""HOA / community association management"", ""state"": ""CA""}","new","","","","mailbox from routes-enrichment.csv (2026-09-03), found on https://www.partnerscm.com/; phase-3 contact page was https://www.partnerscm.com/; address the director of community management; phase-3 confidence: secondary; source: https://www.hoamanagement.com/association-management-company/partners-community-management/"
"patriot-property-management-89ba7e","certly","Patriot Property Management","https://www.patpm.com/","residential property management","info@patpm.com","mailbox","{""city"": ""Phoenix"", ""location"": ""Phoenix, Arizona"", ""segment"": ""residential property management"", ""source_list"": ""the Expertise.com property management listings"", ""state"": ""AZ""}","new","","","","mailbox from routes-enrichment.csv (2026-09-03), found on https://www.patpm.com/contact-us; phase-3 contact page was https://www.patpm.com/contact-us; address the owner / broker-owner; phase-3 confidence: verified; source: https://www.expertise.com/business/property-management/arizona/phoenix"
"peaceful-property-management-c853ef","certly","Peaceful Property Management","https://peacefulpm.com/","residential property management","info@peacefulpm.com","mailbox","{""city"": ""Salt Lake City"", ""location"": ""Salt Lake City, Utah"", ""segment"": ""residential property management"", ""source_list"": ""the Expertise.com property management listings"", ""state"": ""UT""}","new","","","","mailbox from routes-enrichment.csv (2026-09-03), found on https://peacefulpm.com/contact/; phase-3 contact page was https://peacefulpm.com/contact/; address the owner / broker-owner; phase-3 confidence: verified; source: https://www.expertise.com/business/property-management/utah/salt-lake-city"
"pin-oak-interests-llp-0bfb14","certly","Pin Oak Interests, LLP","https://www.pinoakinterests.com","commercial GC","info@pinoakinterests.com","mailbox","{""city"": ""Houston"", ""location"": ""Houston, Texas"", ""segment"": ""commercial GC"", ""source_list"": ""your AGC chapter's public contractor directory"", ""state"": ""TX""}","new","","","","mailbox from routes-enrichment.csv (2026-09-03), found on https://www.pinoakinterests.com/contact/; phase-3 contact page was https://www.pinoakinterests.com/contact/; address the contract administrator; phase-3 confidence: verified; source: https://members.agchouston.org/directory/Search/general-contractors-386559"
"plaza-properties-inc-636ef8","certly","Plaza Properties, Inc.","https://plazaproperties.com/","commercial property management","info@plazaproperties.com","mailbox","{""city"": ""Columbus"", ""location"": ""Columbus, Ohio"", ""segment"": ""commercial property management"", ""state"": ""OH""}","new","","","","route from routes-enrichment.csv (2026-09-03), verified at https://plazaproperties.com/; address the property management director; phase-3 confidence: secondary; source: https://www.bbb.org/search?find_country=USA&find_loc=Columbus%2C%20OH&find_text=Commercial%20Property%20Management&page=1"
"pmi-indianapolis-af56d5","certly","PMI Indianapolis","https://www.propertymanagementinc.com/pmi-indianapolis/","residential property management","info@propertymanagementinc.com","mailbox","{""city"": ""Indianapolis"", ""location"": ""Indianapolis, Indiana"", ""segment"": ""residential property management"", ""source_list"": ""the Expertise.com property management listings"", ""state"": ""IN""}","new","","","","mailbox from routes-enrichment.csv (2026-09-03), found on https://www.propertymanagementinc.com/contact; phase-3 contact page was https://www.propertymanagementinc.com/contact; address the owner / broker-owner; phase-3 confidence: verified; source: https://www.expertise.com/business/property-management/indiana/indianapolis"
"ppm-inc-035288","certly","PPM, Inc.","http://www.ppmral.com/","HOA / community association management","info@ppmral.com","mailbox","{""location"": ""North Carolina"", ""segment"": ""HOA / community association management"", ""state"": ""NC""}","new","","","","mailbox from routes-enrichment.csv (2026-09-03), found on https://ppmral.com/; phase-3 contact page was http://www.ppmral.com/; address the director of community management; phase-3 confidence: secondary; source: https://members.cai-nc.org/member-company-directory/Search/community-management-570565"
"priestley-management-company-8a7e1d","certly","Priestley Management Company","https://www.priestleymanagement.com/","HOA / community association management","info@priestleymanagement.com","mailbox","{""location"": ""North Carolina"", ""segment"": ""HOA / community association management"", ""state"": ""NC""}","new","","","","route from routes-enrichment.csv (2026-09-03), verified at https://www.priestleymanagement.com/; address the director of community management; phase-3 confidence: secondary; source: https://members.cai-nc.org/member-company-directory/Search/community-management-570565"
"prime-contractors-inc-4a17a1","certly","Prime Contractors, Inc.","https://www.primecontractorsinc.com","commercial GC","estimating@primecontractorsinc.com","mailbox","{""city"": ""Houston"", ""location"": ""Houston, Texas"", ""segment"": ""commercial GC"", ""source_list"": ""your AGC chapter's public contractor directory"", ""state"": ""TX""}","new","","","","address the contract administrator; phase-3 confidence: verified; source: https://members.agchouston.org/directory/Search/general-contractors-386559"
"pristine-property-management-llc-d870b4","certly","Pristine Property Management LLC","https://pristinepm.com/","residential property management","admin@pristinepm.com","mailbox","{""city"": ""Miami"", ""location"": ""Miami, Florida"", ""segment"": ""residential property management"", ""source_list"": ""the Expertise.com property management listings"", ""state"": ""FL""}","new","","","","mailbox from routes-enrichment.csv (2026-09-03), found on https://www.pristinepm.com/contact; phase-3 contact page was https://pristinepm.com/contact; address the owner / broker-owner; phase-3 confidence: verified; source: https://www.expertise.com/business/property-management/florida/miami"
"pro-property-management-c38e56","certly","Pro Property Management","https://www.yourpropropertymanagement.com/","residential property management","info@yourpropropertymanagement.com","mailbox","{""city"": ""Brookfield"", ""location"": ""Brookfield, Connecticut"", ""segment"": ""residential property management"", ""source_list"": ""the Expertise.com property management listings"", ""state"": ""CT""}","new","","","","mailbox from routes-enrichment.csv (2026-09-03), found on https://yourpropropertymanagement.com/; phase-3 contact page was https://www.yourpropropertymanagement.com/; address the owner / broker-owner; phase-3 confidence: verified; source: https://www.expertise.com/business/property-management/connecticut/hartford"
"property-management-group-87ccbd","certly","Property Management Group","https://propertymanagement.com/","commercial property management","support@propertymanagement.com","mailbox","{""city"": ""Fort Worth"", ""location"": ""Fort Worth, Texas"", ""segment"": ""commercial property management"", ""state"": ""TX""}","new","","","","route from routes-enrichment.csv (2026-09-03), verified at https://propertymanagement.com/; address the property management director; phase-3 confidence: secondary; source: https://www.bbb.org/search?find_country=USA&find_loc=Dallas%2C%20TX&find_text=Commercial%20Property%20Management&page=2"
"property-management-inc-pmi-austin-b10d06","certly","Property Management Inc - PMI Austin","https://www.pmiaustin.net/","residential property management","info@pmiaustin.net","mailbox","{""city"": ""Austin"", ""location"": ""Austin, Texas"", ""segment"": ""residential property management"", ""source_list"": ""the Expertise.com property management listings"", ""state"": ""TX""}","new","","","","mailbox from routes-enrichment.csv (2026-09-03), found on https://www.pmiaustin.net/contact; phase-3 contact page was https://www.pmiaustin.net/contact; address the owner / broker-owner; phase-3 confidence: verified; source: https://www.expertise.com/business/property-management/texas/austin"
"property-services-of-atlanta-inc-23fef5","certly","Property Services of Atlanta, Inc.","https://www.psatlanta.com/","residential property management","sales@psatlanta.com","mailbox","{""city"": ""Atlanta"", ""location"": ""Atlanta, Georgia"", ""portfolio"": {""approx"": true, ""count"": 1000, ""noun"": ""properties""}, ""segment"": ""residential property management"", ""size_signal_raw"": ""1000+ properties"", ""source_list"": ""the Expertise.com property management listings"", ""state"": ""GA""}","new","","","","mailbox from routes-enrichment.csv (2026-09-03), found on https://www.psatlanta.com/contact; phase-3 contact page was https://www.psatlanta.com/contact; address the owner / broker-owner; phase-3 confidence: verified; source: https://www.expertise.com/business/property-management/georgia/atlanta"
"propertysense-real-estate-management-bro-bfa8a9","certly","PropertySense Real Estate Management & Brokerage","https://propertysensere.com/","residential property management","hello@propertysensere.com","mailbox","{""city"": ""Centennial"", ""location"": ""Centennial, Colorado"", ""segment"": ""residential property management"", ""source_list"": ""the Expertise.com property management listings"", ""state"": ""CO""}","new","","","","mailbox from routes-enrichment.csv (2026-09-03), found on https://www.propertysensere.com/contact; phase-3 contact page was https://propertysensere.com/contact; address the owner / broker-owner; phase-3 confidence: verified; source: https://www.expertise.com/business/property-management/colorado/denver"
"quam-properties-hawaii-inc-977757","certly","Quam Properties Hawaii INC","https://www.quamproperties.com/","HOA / community association management","info@quamproperties.com","mailbox","{""city"": ""Lahaina"", ""location"": ""Lahaina, Hawaii"", ""segment"": ""HOA / community association management"", ""size_signal_raw"": ""9 community associations under management"", ""state"": ""HI""}","new","","","","route from routes-enrichment.csv (2026-09-03), verified at https://www.quamproperties.com/; address the director of community management; phase-3 confidence: secondary; source: https://www.communitypay.us/management-companies/state/hawaii/"
"r-t-casey-llc-c6d8c7","certly","R. T. Casey, LLC","https://rtcasey.com","commercial GC","info@rtcasey.com","mailbox","{""city"": ""Belle Chasse"", ""location"": ""Belle Chasse, Louisiana"", ""segment"": ""commercial GC"", ""source_list"": ""your AGC chapter's public contractor directory"", ""state"": ""LA""}","new","","","","mailbox from routes-enrichment.csv (2026-09-03), found on https://rtcasey.com/contact-us-2/; phase-3 contact page was https://rtcasey.com/contact-us-2; address the contract administrator; phase-3 confidence: verified; source: https://members.agcak.org/memberdirectory/Search/general-contractor-member-296133"
"randall-management-inc-9c6e2b","certly","Randall Management, Inc.","https://www.randallmanagement.com/","HOA / community association management","corporate@randallmanagement.com","mailbox","{""city"": ""Houston"", ""location"": ""Houston, Texas"", ""segment"": ""HOA / community association management"", ""state"": ""TX""}","new","","","","route from routes-enrichment.csv (2026-09-03), verified at https://www.randallmanagement.com/; address the director of community management; phase-3 confidence: secondary; source: https://caihouston.org/management_company.php"
"ravinia-communities-b725eb","certly","Ravinia Communities","https://raviniacommunities.com/","manufactured housing community operator","info@raviniacommunities.com","mailbox","{""segment"": ""manufactured housing community operator"", ""size_signal_raw"": ""4055 manufactured-home lots owned""}","new","","","","route from routes-enrichment.csv (2026-09-03), verified at https://raviniacommunities.com/; address the director of operations; phase-3 confidence: secondary; source: https://www.mobilehomeuniversity.com/mhu-top-100-community-owners.php"
"real-property-management-phoenix-valley-8351a6","certly","Real Property Management Phoenix Valley","https://rpmphoenixvalley.com/","residential property management","support@rpmphoenixvalley.com","mailbox","{""city"": ""Phoenix"", ""location"": ""Phoenix, Arizona"", ""portfolio"": {""approx"": false, ""count"": 2000, ""noun"": ""properties""}, ""segment"": ""residential property management"", ""size_signal_raw"": ""2000 properties managed"", ""source_list"": ""the Expertise.com property management listings"", ""state"": ""AZ""}","new","","","","mailbox from routes-enrichment.csv (2026-09-03), found on https://www.rpmphoenixvalley.com/contact; phase-3 contact page was https://rpmphoenixvalley.com/contact; address the owner / broker-owner; phase-3 confidence: verified; source: https://www.expertise.com/business/property-management/arizona/phoenix"
"realsource-property-management-2151de","certly","Realsource Property Management","https://4rentorlando.com","residential property management","info@4rentorlando.com","mailbox","{""city"": ""Orlando"", ""location"": ""Orlando, Florida"", ""segment"": ""residential property management"", ""source_list"": ""the Expertise.com property management listings"", ""state"": ""FL""}","new","","","","mailbox from routes-enrichment.csv (2026-09-03), found on https://4rentorlando.com/contact/; phase-3 contact page was https://4rentorlando.com/contact/; address the owner / broker-owner; phase-3 confidence: verified; source: https://www.expertise.com/business/property-management/florida/orlando"
"red-rock-management-9c9614","certly","Red Rock Management","http://www.gowithredrock.com/","HOA / community association management","support@gowithredrock.com","mailbox","{""city"": ""Fort Mill"", ""location"": ""Fort Mill, South Carolina"", ""segment"": ""HOA / community association management"", ""state"": ""SC""}","new","","","","mailbox from routes-enrichment.csv (2026-09-03), found on https://www.gowithredrock.com/; phase-3 contact page was http://www.gowithredrock.com/; address the director of community management; phase-3 confidence: secondary; source: https://www.hoamanagement.com/association-management-company/red-rock-management/"
"redstone-residential-inc-da0d59","certly","Redstone Residential Inc.","https://redstoneresidential.com/","student housing operator","info@redstoneresidential.com","mailbox","{""segment"": ""student housing operator"", ""size_signal_raw"": ""ranked #9 on the Student Housing Business Top 25 Managers list (Nov/Dec 2025 issue)""}","new","","","","route from routes-enrichment.csv (2026-09-03), verified at https://redstoneresidential.com/; address the risk manager; phase-3 confidence: secondary; source: https://www.jturnerresearch.com/ora/online-reputation-rankings/student-housing-2025"
"redstone-residential-inc-be2bd2","certly","Redstone Residential, Inc.","https://redstoneresidential.com/","commercial property management","info@redstoneresidential.com","mailbox","{""city"": ""Provo"", ""location"": ""Provo, Utah"", ""segment"": ""commercial property management"", ""state"": ""UT""}","new","","","","route from routes-enrichment.csv (2026-09-03), verified at https://redstoneresidential.com/; address the property management director; phase-3 confidence: secondary; source: https://www.bbb.org/search?find_country=USA&find_loc=Salt%20Lake%20City%2C%20UT&find_text=Commercial%20Property%20Management&page=1"
"reign-realty-group-inc-4377b7","certly","Reign Realty Group, Inc.","https://reignrealtygroup.com/","commercial property management","info@reignrealtygroup.com","mailbox","{""city"": ""Stone Mountain"", ""location"": ""Stone Mountain, Georgia"", ""segment"": ""commercial property management"", ""state"": ""GA""}","new","","","","route from routes-enrichment.csv (2026-09-03), verified at https://reignrealtygroup.com/; address the property management director; phase-3 confidence: secondary; source: https://www.bbb.org/search?find_country=USA&find_loc=Atlanta%2C%20GA&find_text=Commercial%20Property%20Management&page=1"
"relisto-af0467","certly","ReLISTO","https://relisto.com/","residential property management","service@relisto.com","mailbox","{""city"": ""San Francisco"", ""location"": ""San Francisco, California"", ""segment"": ""residential property management"", ""source_list"": ""the Expertise.com property management listings"", ""state"": ""CA""}","new","","","","mailbox from routes-enrichment.csv (2026-09-03), found on https://www.relisto.com/contact/; phase-3 contact page was https://www.relisto.com/contact/; address the owner / broker-owner; phase-3 confidence: verified; source: https://www.expertise.com/business/property-management/california/san-francisco"
"rent-portland-homes-professionals-be00c7","certly","Rent Portland Homes Professionals","https://portlandrentalmanagement.com/","residential property management","info@portlandrentalmanagement.com","mailbox","{""city"": ""Beaverton"", ""location"": ""Beaverton, Oregon"", ""segment"": ""residential property management"", ""source_list"": ""the Expertise.com property management listings"", ""state"": ""OR""}","new","","","","mailbox from routes-enrichment.csv (2026-09-03), found on https://portlandrentalmanagement.com/; phase-3 contact page was https://portlandrentalmanagement.com/portland-oregon-property-management-company/; address the owner / broker-owner; phase-3 confidence: verified; source: https://www.expertise.com/business/property-management/oregon/portland"
"rise-amg-8e60ec","certly","RISE Amg","https://riseamg.com/","HOA / community association management","info@riseamg.com","mailbox","{""city"": ""Houston"", ""location"": ""Houston, Texas"", ""segment"": ""HOA / community association management"", ""state"": ""TX""}","new","","","","mailbox from routes-enrichment.csv (2026-09-03), found on https://riseamg.com/; phase-3 contact page was https://riseamg.com/; address the director of community management; phase-3 confidence: secondary; source: https://www.hoamanagement.com/association-management-company/rise-amg/"
"riva-ridge-real-estate-services-b9868d","certly","Riva Ridge Real Estate Services","https://www.rivaridge.biz/","residential property management","contactus@rivaridge.biz","mailbox","{""city"": ""Pittsburgh"", ""location"": ""Pittsburgh, Pennsylvania"", ""segment"": ""residential property management"", ""source_list"": ""the Expertise.com property management listings"", ""state"": ""PA""}","new","","","","mailbox from routes-enrichment.csv (2026-09-03), found on https://www.rivaridge.biz/contact-us; phase-3 contact page was https://www.rivaridge.biz/contact-us; address the owner / broker-owner; phase-3 confidence: verified; source: https://www.expertise.com/business/property-management/pennsylvania/pittsburgh"
"riverlane-management-0ba8e3","certly","Riverlane Management","https://www.rvrlm.com/","HOA / community association management","help@rvrlm.com","mailbox","{""city"": ""Jacksonville"", ""location"": ""Jacksonville, Florida"", ""segment"": ""HOA / community association management"", ""state"": ""FL""}","new","","","","mailbox from routes-enrichment.csv (2026-09-03), found on https://www.rvrlm.com/; phase-3 contact page was https://www.rvrlm.com/; address the director of community management; phase-3 confidence: secondary; source: https://www.hoamanagement.com/association-management-company/riverlane-management/"
"royal-gate-property-management-bcaec9","certly","Royal Gate Property Management","https://www.royalgatemanagement.com/","residential property management","info@royalgatemanagement.com","mailbox","{""city"": ""Overland Park"", ""location"": ""Overland Park, Missouri"", ""segment"": ""residential property management"", ""source_list"": ""the Expertise.com property management listings"", ""state"": ""MO""}","new","","","","mailbox from routes-enrichment.csv (2026-09-03), found on https://www.royalgatemanagement.com/contact/; phase-3 contact page was https://www.royalgatemanagement.com/contact/; address the owner / broker-owner; phase-3 confidence: verified; source: https://www.expertise.com/business/property-management/missouri/kansas-city"
"ruddy-management-co-0008c3","certly","Ruddy Management Co.","http://www.ruddymgt.com/","HOA / community association management","info@ruddymgt.com","mailbox","{""segment"": ""HOA / community association management""}","new","","","","mailbox from routes-enrichment.csv (2026-09-03), found on https://ruddymgt.com/; phase-3 contact page was http://www.ruddymgt.com/; address the director of community management; phase-3 confidence: secondary; source: https://www.hoamanagement.com/association-management-company/ruddy-management-co/"
"schmitt-co-8890d4","certly","Schmitt & Co.","http://www.schmittandco.com/","self-storage operator","info@schmittandco.com","mailbox","{""location"": ""California"", ""segment"": ""self-storage operator"", ""state"": ""CA""}","new","","","","mailbox from routes-enrichment.csv (2026-09-03), found on http://www.schmittandco.com/; phase-3 contact page was http://www.schmittandco.com/; address the director of operations; phase-3 confidence: secondary; source: https://www.sitelink.com/marketplace/management-companies/schmitt"
"seabreeze-management-company-inc-d2d398","certly","Seabreeze Management Company INC","https://seabreezemgmt.com/","HOA / community association management","customercare@seabreezemgmt.com","mailbox","{""city"": ""Las Vegas"", ""location"": ""Las Vegas, Nevada"", ""segment"": ""HOA / community association management"", ""size_signal_raw"": ""60 community associations under management"", ""state"": ""NV""}","new","","","","route from routes-enrichment.csv (2026-09-03), verified at https://seabreezemgmt.com/contact/; address the director of community management; phase-3 confidence: secondary; source: https://www.communitypay.us/management-companies/state/nevada/"
"seattle-boiler-works-inc-669d6f","certly","Seattle Boiler Works Inc","https://www.seattleboiler.com/","commercial GC","sales@seattleboiler.com","mailbox","{""city"": ""Seattle"", ""location"": ""Seattle, Washington"", ""segment"": ""commercial GC"", ""state"": ""WA""}","new","","","","route from routes-enrichment.csv (2026-09-03), verified at https://www.seattleboiler.com/; address the owner; phase-3 confidence: verified; source: https://data.wa.gov/resource/m8qx-ubtq.json?$where=contractorlicensestatus='ACTIVE'%20AND%20specialtycode1desc='GENERAL'%20AND%20state='WA'%20AND%20businesstypecodedesc%20in('Corporation','Limited%20Liability%20Company','Partnership')&$limit=30000"
"seattle-s-property-management-f8a45e","certly","Seattle's Property Management","https://seattlespropertymanagement.com/","residential property management","sales@seattlespropertymanagement.com","mailbox","{""city"": ""Seattle"", ""location"": ""Seattle, Washington"", ""segment"": ""residential property management"", ""source_list"": ""the Expertise.com property management listings"", ""state"": ""WA""}","new","","","","mailbox from routes-enrichment.csv (2026-09-03), found on https://www.seattlespropertymanagement.com/contact; phase-3 contact page was https://seattlespropertymanagement.com/contact; address the owner / broker-owner; phase-3 confidence: verified; source: https://www.expertise.com/business/property-management/washington/seattle"
"service-star-realty-10c999","certly","Service Star Realty","https://leaseaz.com/","residential property management","information@leaseaz.com","mailbox","{""city"": ""Phoenix"", ""location"": ""Phoenix, Arizona"", ""segment"": ""residential property management"", ""source_list"": ""the Expertise.com property management listings"", ""state"": ""AZ""}","new","","","","mailbox from routes-enrichment.csv (2026-09-03), found on https://www.leaseaz.com/contact; phase-3 contact page was https://leaseaz.com/contact; address the owner / broker-owner; phase-3 confidence: verified; source: https://www.expertise.com/business/property-management/arizona/phoenix"
"signer-property-management-a4922c","certly","Signer Property Management","http://www.signerboston.com/","HOA / community association management","team@signerboston.com","mailbox","{""city"": ""Brookline"", ""location"": ""Brookline, Massachusetts"", ""segment"": ""HOA / community association management"", ""state"": ""MA""}","new","","","","mailbox from routes-enrichment.csv (2026-09-03), found on https://signerboston.com/; phase-3 contact page was http://www.signerboston.com/; address the director of community management; phase-3 confidence: secondary; source: https://www.hoamanagement.com/association-management-company/signer-property-management/"
"simple-property-management-165a3a","certly","Simple Property Management","https://simplepmgroup.com/","residential property management","info@simplepmgroup.com","mailbox","{""city"": ""Grand Rapids"", ""location"": ""Grand Rapids, Michigan"", ""segment"": ""residential property management"", ""source_list"": ""the Expertise.com property management listings"", ""state"": ""MI""}","new","","","","mailbox from routes-enrichment.csv (2026-09-03), found on https://simplepmgroup.com/contact/; phase-3 contact page was https://simplepmgroup.com/contact/; address the owner / broker-owner; phase-3 confidence: verified; source: https://www.expertise.com/business/property-management/michigan/grand-rapids"
"solo-real-estate-917f9f","certly","Solo Real Estate","https://solorealty.com/","residential property management","info@solorealty.com","mailbox","{""city"": ""Philadelphia"", ""location"": ""Philadelphia, Pennsylvania"", ""segment"": ""residential property management"", ""source_list"": ""the Expertise.com property management listings"", ""state"": ""PA""}","new","","","","route from routes-enrichment.csv (2026-09-03), verified at https://www.solorealty.com/; address the owner / broker-owner; phase-3 confidence: secondary; source: https://www.expertise.com/business/property-management/pennsylvania/philadelphia"
"streeterville-realty-llc-42edf8","certly","Streeterville Realty LLC","https://streetervillerealty.com/","residential property management","info@streetervillerealty.com","mailbox","{""city"": ""Chicago"", ""location"": ""Chicago, Illinois"", ""segment"": ""residential property management"", ""source_list"": ""the Expertise.com property management listings"", ""state"": ""IL""}","new","","","","mailbox from routes-enrichment.csv (2026-09-03), found on https://streetervillerealty.com/contact; phase-3 contact page was https://streetervillerealty.com/contact; address the owner / broker-owner; phase-3 confidence: verified; source: https://www.expertise.com/business/property-management/illinois/chicago"
"sunworld-group-inc-337b73","certly","SunWorld Group Inc","https://www.sunworldgroup.com/","commercial property management","info@sunworldgroup.com","mailbox","{""city"": ""Longview"", ""location"": ""Longview, Washington"", ""segment"": ""commercial property management"", ""state"": ""WA""}","new","","","","route from routes-enrichment.csv (2026-09-03), verified at https://www.sunworldgroup.com/; address the property management director; phase-3 confidence: secondary; source: https://www.bbb.org/search?find_country=USA&find_loc=Seattle%2C%20WA&find_text=Commercial%20Property%20Management&page=2"
"swalling-general-contractors-llc-8965ce","certly","Swalling General Contractors LLC","https://www.sgcak.com","commercial GC","contact@sgcak.com","mailbox","{""city"": ""Anchorage"", ""location"": ""Anchorage, Alaska"", ""segment"": ""commercial GC"", ""source_list"": ""your AGC chapter's public contractor directory"", ""state"": ""AK""}","new","","","","address the contract administrator; phase-3 confidence: verified; source: https://members.agcak.org/memberdirectory/Search/general-contractor-member-296133"
"t-h-realty-services-inc-0bf270","certly","T&H Realty Services, Inc.","https://threaltyinc.com/","residential property management","info@threaltyinc.com","mailbox","{""city"": ""Indianapolis"", ""location"": ""Indianapolis, Indiana"", ""segment"": ""residential property management"", ""source_list"": ""the Expertise.com property management listings"", ""state"": ""IN""}","new","","","","mailbox from routes-enrichment.csv (2026-09-03), found on https://www.threaltyinc.com/; phase-3 contact page was https://threaltyinc.com/; address the owner / broker-owner; phase-3 confidence: verified; source: https://www.expertise.com/business/property-management/indiana/indianapolis"
"texas-gulf-construction-co-inc-ff0c50","certly","Texas Gulf Construction Co., Inc.","https://www.texasgulfconstruction.com","commercial GC","info@texasgulfconstruction.com","mailbox","{""location"": ""Texas"", ""segment"": ""commercial GC"", ""source_list"": ""your AGC chapter's public contractor directory"", ""state"": ""TX""}","new","","","","mailbox from routes-enrichment.csv (2026-09-03), found on https://www.texasgulfconstruction.com/contact-us; phase-3 contact page was https://www.texasgulfconstruction.com/contact-us; address the contract administrator; phase-3 confidence: verified; source: https://members.agchouston.org/directory/Search/general-contractors-386559"
"the-bedrock-group-f6443e","certly","The Bedrock Group","https://www.bedrockgroup.com/","manufactured housing community operator","info@bedrockgroup.ch","mailbox","{""segment"": ""manufactured housing community operator"", ""size_signal_raw"": ""1700 manufactured-home lots owned""}","new","","","","route from routes-enrichment.csv (2026-09-03), verified at https://www.bedrockgroup.com/; address the director of operations; phase-3 confidence: secondary; source: https://www.mobilehomeuniversity.com/mhu-top-100-community-owners.php"
"the-commercial-group-12dfcc","certly","The Commercial Group","","commercial property management","contact@commercialgroupusa.com","mailbox","{""city"": ""Las Vegas"", ""location"": ""Las Vegas, Nevada"", ""segment"": ""commercial property management"", ""state"": ""NV""}","new","","","","route from routes-enrichment.csv (2026-09-03), verified at https://data.wa.gov/d/t9je-9qwa; address the property management director; phase-3 confidence: secondary; source: https://www.bbb.org/search?find_country=USA&find_loc=Las%20Vegas%2C%20NV&find_text=Commercial%20Property%20Management&page=1"
"the-listing-real-estate-management-d90e3b","certly","The Listing Real Estate Management","https://thelistingrem.com/","residential property management","info@thelistingrem.com","mailbox","{""city"": ""Orlando"", ""location"": ""Orlando, Florida"", ""segment"": ""residential property management"", ""source_list"": ""the Expertise.com property management listings"", ""state"": ""FL""}","new","","","","mailbox from routes-enrichment.csv (2026-09-03), found on https://thelistingrem.com/contact-us/; phase-3 contact page was https://thelistingrem.com/contact-us/; address the owner / broker-owner; phase-3 confidence: verified; source: https://www.expertise.com/business/property-management/florida/orlando"
"the-requity-group-03c2c7","certly","The Requity Group","https://requitygroup.com/","manufactured housing community operator","info@requitygroup.com","mailbox","{""segment"": ""manufactured housing community operator"", ""size_signal_raw"": ""2,382 manufactured-home lots owned""}","new","","","","route from routes-enrichment.csv (2026-09-03), verified at https://requitygroup.com/; address the director of operations; phase-3 confidence: secondary; source: https://www.mobilehomeuniversity.com/mhu-top-100-community-owners.php"
"the-temple-companies-ac62d8","certly","The Temple Companies","https://templecompanies.com/","manufactured housing community operator","info@templecompanies.com","mailbox","{""segment"": ""manufactured housing community operator"", ""size_signal_raw"": ""1100 est. manufactured-home lots owned""}","new","","","","route from routes-enrichment.csv (2026-09-03), verified at https://templecompanies.com/; address the director of operations; phase-3 confidence: secondary; source: https://www.mobilehomeuniversity.com/mhu-top-100-community-owners.php"
"three-pillar-communities-0b70f4","certly","Three Pillar Communities","https://threepillarcommunities.com/","manufactured housing community operator","info@threepillarcommunities.com","mailbox","{""segment"": ""manufactured housing community operator"", ""size_signal_raw"": ""6,065 manufactured-home lots owned""}","new","","","","route from routes-enrichment.csv (2026-09-03), verified at https://threepillarcommunities.com/; address the director of operations; phase-3 confidence: secondary; source: https://www.mobilehomeuniversity.com/mhu-top-100-community-owners.php"
"thunderbird-property-management-and-real-919084","certly","Thunderbird Property Management and Realty Company","https://www.thunderbirdproperties.com/","residential property management","services@thunderbirdproperties.com","mailbox","{""city"": ""Albuquerque"", ""location"": ""Albuquerque, New Mexico"", ""segment"": ""residential property management"", ""source_list"": ""the Expertise.com property management listings"", ""state"": ""NM""}","new","","","","mailbox from routes-enrichment.csv (2026-09-03), found on https://www.thunderbirdproperties.com/contact-2/; phase-3 contact page was https://www.thunderbirdproperties.com/contact-2/; address the owner / broker-owner; phase-3 confidence: verified; source: https://www.expertise.com/business/property-management/new-mexico/albuquerque"
"tindell-co-6912b2","certly","Tindell & Co","https://tindellco.com/","residential property management","info@tindellco.com","mailbox","{""city"": ""Portland"", ""location"": ""Portland, Oregon"", ""segment"": ""residential property management"", ""source_list"": ""the Expertise.com property management listings"", ""state"": ""OR""}","new","","","","mailbox from routes-enrichment.csv (2026-09-03), found on https://www.tindellco.com/contact/; phase-3 contact page was https://www.tindellco.com/contact/; address the owner / broker-owner; phase-3 confidence: verified; source: https://www.expertise.com/business/property-management/oregon/portland"
"tjm-realty-group-acc423","certly","TJM Realty Group","https://tjmrealtygroup.com/","commercial property management","info@tjmrealtygroup.com","mailbox","{""city"": ""Marble Falls"", ""location"": ""Marble Falls, Texas"", ""segment"": ""commercial property management"", ""state"": ""TX""}","new","","","","route from routes-enrichment.csv (2026-09-03), verified at https://tjmrealtygroup.com/; address the property management director; phase-3 confidence: secondary; source: https://www.bbb.org/search?find_country=USA&find_loc=San%20Antonio%2C%20TX&find_text=Commercial%20Property%20Management&page=2"
"transcapital-property-management-e88767","certly","TransCapital Property Management","https://www.transcapitalpm.com/","residential property management","rentals@transcapitalpm.com","mailbox","{""city"": ""West Sacramento"", ""location"": ""West Sacramento, California"", ""segment"": ""residential property management"", ""source_list"": ""the Expertise.com property management listings"", ""state"": ""CA""}","new","","","","mailbox from routes-enrichment.csv (2026-09-03), found on https://www.transcapitalpm.com/contact-us; phase-3 contact page was https://www.transcapitalpm.com/contact-us; address the owner / broker-owner; phase-3 confidence: verified; source: https://www.expertise.com/business/property-management/california/sacramento"
"trc-strategic-realty-961987","certly","TRC Strategic Realty","https://trcstrategicrealty.com/","commercial property management","management@trcstrategicrealty.com","mailbox","{""city"": ""Nashville"", ""location"": ""Nashville, Tennessee"", ""segment"": ""commercial property management"", ""state"": ""TN""}","new","","","","route from routes-enrichment.csv (2026-09-03), verified at http://trcstrategicrealty.com/; address the property management director; phase-3 confidence: secondary; source: https://www.bbb.org/search?find_country=USA&find_loc=Nashville%2C%20TN&find_text=Commercial%20Property%20Management&page=1"
"tread-companies-247229","certly","TREAD Companies","https://treadcompanies.com/","manufactured housing community operator","info@treadcompanies.com","mailbox","{""segment"": ""manufactured housing community operator"", ""size_signal_raw"": ""5,074 manufactured-home lots owned""}","new","","","","route from routes-enrichment.csv (2026-09-03), verified at https://treadcompanies.com/; address the director of operations; phase-3 confidence: secondary; source: https://www.mobilehomeuniversity.com/mhu-top-100-community-owners.php"
"tu-casa-realty-ca6e7a","certly","Tu Casa Realty","https://tucasarealty.com/","residential property management","info@tucasarealty.com","mailbox","{""city"": ""Houston"", ""location"": ""Houston, Texas"", ""segment"": ""residential property management"", ""source_list"": ""the Expertise.com property management listings"", ""state"": ""TX""}","new","","","","mailbox from routes-enrichment.csv (2026-09-03), found on https://tucasarealty.com/contact-us; phase-3 contact page was https://tucasarealty.com/contact-us; address the owner / broker-owner; phase-3 confidence: verified; source: https://www.expertise.com/business/property-management/texas/houston"
"ultimate-properties-63b844","certly","Ultimate Properties","https://www.ultimateproperties.com/","commercial property management","info@ultimateproperties.com","mailbox","{""city"": ""Peoria"", ""location"": ""Peoria, Arizona"", ""segment"": ""commercial property management"", ""state"": ""AZ""}","new","","","","route from routes-enrichment.csv (2026-09-03), verified at https://www.ultimateproperties.com/; address the property management director; phase-3 confidence: secondary; source: https://www.bbb.org/search?find_country=USA&find_loc=Phoenix%2C%20AZ&find_text=Commercial%20Property%20Management&page=2"
"unit-company-a9498b","certly","UNIT COMPANY","https://unitcompany.com","commercial GC","info@unitcompany.com","mailbox","{""city"": ""Anchorage"", ""location"": ""Anchorage, Alaska"", ""segment"": ""commercial GC"", ""source_list"": ""your AGC chapter's public contractor directory"", ""state"": ""AK""}","new","","","","mailbox from routes-enrichment.csv (2026-09-03), found on https://unitcompany.com/contact-alaska-general-contractors; phase-3 contact page was https://unitcompany.com/contact-alaska-general-contractors; address the contract administrator; phase-3 confidence: verified; source: https://members.agcak.org/memberdirectory/Search/general-contractor-member-296133"
"valley-income-properties-inc-532741","certly","Valley Income Properties Inc","https://valleyincome.com/","commercial property management","admin@valleyincome.com","mailbox","{""city"": ""Tempe"", ""location"": ""Tempe, Arizona"", ""segment"": ""commercial property management"", ""state"": ""AZ""}","new","","","","route from routes-enrichment.csv (2026-09-03), verified at https://valleyincome.com/; address the property management director; phase-3 confidence: secondary; source: https://www.bbb.org/search?find_country=USA&find_loc=Phoenix%2C%20AZ&find_text=Commercial%20Property%20Management&page=1"
"valley-pacific-construction-inc-a27afe","certly","Valley Pacific Construction Inc","https://valleypacific.com/","commercial GC","info@valleypacific.com","mailbox","{""city"": ""Donald"", ""location"": ""Donald, Oregon"", ""segment"": ""commercial GC"", ""size_signal_raw"": ""$25000 CCB surety bond and $1000000 liability limit on file (Oregon CCB record)"", ""state"": ""OR""}","new","","","","route from routes-enrichment.csv (2026-09-03), verified at https://valleypacific.com/contact/; address the owner; phase-3 confidence: verified; source: https://data.oregon.gov/resource/g77e-6bhs.json?$where=endorsement_text%20like%20'Commercial%20General%20Contractor%25'%20AND%20exempt_text='Nonexempt'&$limit=8000"
"venture-property-management-34bdc2","certly","Venture Property Management","https://vpmfresno.com/","residential property management","info@vpmfresno.com","mailbox","{""city"": ""Fresno"", ""location"": ""Fresno, California"", ""segment"": ""residential property management"", ""source_list"": ""the Expertise.com property management listings"", ""state"": ""CA""}","new","","","","mailbox from routes-enrichment.csv (2026-09-03), found on https://vpmfresno.managebuilding.com/Resident/public/home; phase-3 contact page was https://vpmfresno.com/Resident/public/contact; address the owner / broker-owner; phase-3 confidence: verified; source: https://www.expertise.com/business/property-management/california/fresno"
"walktostate-property-management-5b7637","certly","WalktoState Property Management","https://www.walktostate.com/","residential property management","info@walktostate.com","mailbox","{""city"": ""Raleigh"", ""location"": ""Raleigh, North Carolina"", ""segment"": ""residential property management"", ""source_list"": ""the Expertise.com property management listings"", ""state"": ""NC""}","new","","","","mailbox from routes-enrichment.csv (2026-09-03), found on https://www.walktostate.com/contact; phase-3 contact page was https://www.walktostate.com/contact; address the owner / broker-owner; phase-3 confidence: verified; source: https://www.expertise.com/business/property-management/north-carolina/raleigh"
"wallace-h-campbell-company-inc-a59454","certly","Wallace H. Campbell & Company, Inc.","https://www.wallacecampbell.com/","commercial property management","info@wallacecampbell.com","mailbox","{""city"": ""Towson"", ""location"": ""Towson, Maryland"", ""segment"": ""commercial property management"", ""state"": ""MD""}","new","","","","route from routes-enrichment.csv (2026-09-03), verified at https://www.wallacecampbell.com/; address the property management director; phase-3 confidence: secondary; source: https://www.bbb.org/search?find_country=USA&find_loc=Baltimore%2C%20MD&find_text=Commercial%20Property%20Management&page=1"
"welcome-home-milwaukee-7a463a","certly","Welcome Home Milwaukee","https://whmilwaukee.com/","residential property management","hello@whmilwaukee.com","mailbox","{""city"": ""Milwaukee"", ""location"": ""Milwaukee, Wisconsin"", ""segment"": ""residential property management"", ""source_list"": ""the Expertise.com property management listings"", ""state"": ""WI""}","new","","","","mailbox from routes-enrichment.csv (2026-09-03), found on https://whmilwaukee.com/contact/; phase-3 contact page was https://whmilwaukee.com/contact/; address the owner / broker-owner; phase-3 confidence: verified; source: https://www.expertise.com/business/property-management/wisconsin/milwaukee"
"wesley-realty-group-inc-0ce358","certly","Wesley Realty Group, Inc.","https://www.wesleyrealty.com/","commercial property management","info@wesleyrealty.com","mailbox","{""city"": ""Evanston"", ""location"": ""Evanston, Illinois"", ""segment"": ""commercial property management"", ""state"": ""IL""}","new","","","","route from routes-enrichment.csv (2026-09-03), verified at https://www.wesleyrealty.com/; address the property management director; phase-3 confidence: secondary; source: https://www.bbb.org/search?find_country=USA&find_loc=Chicago%2C%20IL&find_text=Commercial%20Property%20Management&page=2"
"west-ridge-property-management-0c1ea9","certly","West Ridge Property Management","https://westridgepm.com/","residential property management","info@westridgepm.com","mailbox","{""city"": ""Portland"", ""location"": ""Portland, Oregon"", ""segment"": ""residential property management"", ""source_list"": ""the Expertise.com property management listings"", ""state"": ""OR""}","new","","","","mailbox from routes-enrichment.csv (2026-09-03), found on https://westridgepm.com/contact/; phase-3 contact page was https://westridgepm.com/contact/; address the owner / broker-owner; phase-3 confidence: verified; source: https://www.expertise.com/business/property-management/oregon/portland"
"westco-services-inc-b9cc51","certly","Westco Services Inc","https://www.westcoservice.com/","commercial GC","info@westcoservice.com","mailbox","{""city"": ""Bellevue"", ""location"": ""Bellevue, Washington"", ""segment"": ""commercial GC"", ""state"": ""WA""}","new","","","","route from routes-enrichment.csv (2026-09-03), verified at https://www.westcoservice.com/contact/; address the owner; phase-3 confidence: verified; source: https://data.wa.gov/resource/m8qx-ubtq.json?$where=contractorlicensestatus='ACTIVE'%20AND%20specialtycode1desc='GENERAL'%20AND%20state='WA'%20AND%20businesstypecodedesc%20in('Corporation','Limited%20Liability%20Company','Partnership')&$limit=30000"
"westport-properties-f75d91","certly","Westport Properties","https://www.westportproperties.net/","self-storage operator","info@westportproperties.net","mailbox","{""location"": ""California"", ""segment"": ""self-storage operator"", ""state"": ""CA""}","new","","","","mailbox from routes-enrichment.csv (2026-09-03), found on https://www.westportproperties.net/; phase-3 contact page was https://www.westportproperties.net/; address the director of operations; phase-3 confidence: secondary; source: https://www.sitelink.com/marketplace/management-companies/westport-properties"
"westward-360-075c9e","certly","Westward 360","https://westward360.com/","HOA / community association management","info@westward360.com","mailbox","{""city"": ""Henderson"", ""location"": ""Henderson, Nevada"", ""segment"": ""HOA / community association management"", ""size_signal_raw"": ""44 community associations under management"", ""state"": ""NV""}","new","","","","route from routes-enrichment.csv (2026-09-03), verified at https://westward360.com/contact-us/; address the director of community management; phase-3 confidence: secondary; source: https://www.communitypay.us/management-companies/state/nevada/"
"westwind-management-group-llc-6edc37","certly","Westwind Management Group, LLC","https://www.westwindmanagement.com/","HOA / community association management","info@westwindmanagement.com","mailbox","{""city"": ""Englewood"", ""location"": ""Englewood, Colorado"", ""segment"": ""HOA / community association management"", ""size_signal_raw"": ""49 community associations under management"", ""state"": ""CO""}","new","","","","route from routes-enrichment.csv (2026-09-03), verified at https://www.westwindmanagement.com/contact; address the director of community management; phase-3 confidence: secondary; source: https://www.communitypay.us/management-companies/state/colorado/"
"wheeler-commercial-8ca37f","certly","Wheeler Commercial","https://www.wheelercommercial.com/","commercial property management","info@wheelercommercial.com","mailbox","{""city"": ""Beaumont"", ""location"": ""Beaumont, Texas"", ""segment"": ""commercial property management"", ""state"": ""TX""}","new","","","","route from routes-enrichment.csv (2026-09-03), verified at https://www.wheelercommercial.com/; address the property management director; phase-3 confidence: secondary; source: https://www.bbb.org/search?find_country=USA&find_loc=Houston%2C%20TX&find_text=Commercial%20Property%20Management&page=2"
"york-properties-of-raleigh-inc-4c7a4e","certly","York Properties of Raleigh, Inc","https://yorkproperties.com/","commercial property management","info@yorkproperties.com","mailbox","{""city"": ""Raleigh"", ""location"": ""Raleigh, North Carolina"", ""segment"": ""commercial property management"", ""state"": ""NC""}","new","","","","route from routes-enrichment.csv (2026-09-03), verified at https://yorkproperties.com/; address the property management director; phase-3 confidence: secondary; source: https://www.bbb.org/search?find_country=USA&find_loc=Raleigh%2C%20NC&find_text=Commercial%20Property%20Management&page=1"
"york-properties-inc-529c68","certly","York Properties, Inc.","http://www.yorkproperties.com/","HOA / community association management","info@yorkproperties.com","mailbox","{""location"": ""North Carolina"", ""segment"": ""HOA / community association management"", ""state"": ""NC""}","new","","","","mailbox from routes-enrichment.csv (2026-09-03), found on https://yorkproperties.com/; phase-3 contact page was http://www.yorkproperties.com/; address the director of community management; phase-3 confidence: secondary; source: https://members.cai-nc.org/member-company-directory/Search/community-management-570565"
"yqc-properties-llc-5bb195","certly","YQC Properties LLC","https://www.yqcproperties.com/","commercial property management","info@yqcproperties.com","mailbox","{""city"": ""Vancouver"", ""location"": ""Vancouver, Washington"", ""segment"": ""commercial property management"", ""state"": ""WA""}","new","","","","route from routes-enrichment.csv (2026-09-03), verified at https://www.yqcproperties.com/; address the property management director; phase-3 confidence: secondary; source: https://www.bbb.org/search?find_country=USA&find_loc=Seattle%2C%20WA&find_text=Commercial%20Property%20Management&page=2"
