"app","prospect_type","segment","name","website","location","size_signal","fit_rationale","contact_route","decision_maker_role","source_url","source_type","confidence","collected_on","notes"
"wagelens","partner","APEX Accelerator","Alabama APEX Accelerator - Alabama State University","","Alabama","listed in the National APEX Accelerator Alliance locator for Alabama","Federally funded APEX Accelerator (formerly PTAC) that counsels small firms entering government contracting; its clients hit Davis-Bacon and WH-347 on their first federal construction award, so it is a natural referral and co-training partner.","","program manager or procurement counselor","https://www.napex.us/location/alabama-apex-accelerator-alabama-state-university/","directory","verified","2026-09-03","National APEX Accelerator Alliance locator, queried by state 'Alabama'; NAPEX does not publish the accelerator's own URL in this record"
"wagelens","partner","APEX Accelerator","Alabama APEX Accelerator - Greater Birmingham","","Alabama","listed in the National APEX Accelerator Alliance locator for Alabama","Federally funded APEX Accelerator (formerly PTAC) that counsels small firms entering government contracting; its clients hit Davis-Bacon and WH-347 on their first federal construction award, so it is a natural referral and co-training partner.","","program manager or procurement counselor","https://www.napex.us/location/alabama-apex-accelerator-greater-birmingham/","directory","verified","2026-09-03","National APEX Accelerator Alliance locator, queried by state 'Alabama'; NAPEX does not publish the accelerator's own URL in this record"
"wagelens","partner","APEX Accelerator","Alabama APEX Accelerator - Jacksonville State University","","Alabama","listed in the National APEX Accelerator Alliance locator for Alabama","Federally funded APEX Accelerator (formerly PTAC) that counsels small firms entering government contracting; its clients hit Davis-Bacon and WH-347 on their first federal construction award, so it is a natural referral and co-training partner.","","program manager or procurement counselor","https://www.napex.us/location/alabama-apex-accelerator-jacksonville-state-university/","directory","verified","2026-09-03","National APEX Accelerator Alliance locator, queried by state 'Alabama'; NAPEX does not publish the accelerator's own URL in this record"
"wagelens","partner","APEX Accelerator","Alabama APEX Accelerator - South Alabama","","Alabama","listed in the National APEX Accelerator Alliance locator for Alabama","Federally funded APEX Accelerator (formerly PTAC) that counsels small firms entering government contracting; its clients hit Davis-Bacon and WH-347 on their first federal construction award, so it is a natural referral and co-training partner.","","program manager or procurement counselor","https://www.napex.us/location/alabama-apex-accelerator-south-alabama/","directory","verified","2026-09-03","National APEX Accelerator Alliance locator, queried by state 'Alabama'; NAPEX does not publish the accelerator's own URL in this record"
"wagelens","partner","APEX Accelerator","Alabama APEX Accelerator - Troy University","","Alabama","listed in the National APEX Accelerator Alliance locator for Alabama","Federally funded APEX Accelerator (formerly PTAC) that counsels small firms entering government contracting; its clients hit Davis-Bacon and WH-347 on their first federal construction award, so it is a natural referral and co-training partner.","","program manager or procurement counselor","https://www.napex.us/location/alabama-apex-accelerator-troy-university/","directory","verified","2026-09-03","National APEX Accelerator Alliance locator, queried by state 'Alabama'; NAPEX does not publish the accelerator's own URL in this record"
"wagelens","partner","APEX Accelerator","Alabama APEX Accelerator - Tuscaloosa HQ","","Alabama","listed in the National APEX Accelerator Alliance locator for Alabama","Federally funded APEX Accelerator (formerly PTAC) that counsels small firms entering government contracting; its clients hit Davis-Bacon and WH-347 on their first federal construction award, so it is a natural referral and co-training partner.","","program manager or procurement counselor","https://www.napex.us/location/alabama-apex-accelerator-tuscaloosa-hq/","directory","verified","2026-09-03","National APEX Accelerator Alliance locator, queried by state 'Alabama'; NAPEX does not publish the accelerator's own URL in this record"
"wagelens","partner","APEX Accelerator","Alabama APEX Accelerator - University of Alabama in Huntsville (College of Business)","","Alabama","listed in the National APEX Accelerator Alliance locator for Alabama","Federally funded APEX Accelerator (formerly PTAC) that counsels small firms entering government contracting; its clients hit Davis-Bacon and WH-347 on their first federal construction award, so it is a natural referral and co-training partner.","","program manager or procurement counselor","https://www.napex.us/location/alabama-apex-accelerator-university-of-alabama-in-huntsville-college-of-business/","directory","verified","2026-09-03","National APEX Accelerator Alliance locator, queried by state 'Alabama'; NAPEX does not publish the accelerator's own URL in this record"
"wagelens","partner","APEX Accelerator","Alabama APEX Accelerator - University of North Alabama (UNA)","","Alabama","listed in the National APEX Accelerator Alliance locator for Alabama","Federally funded APEX Accelerator (formerly PTAC) that counsels small firms entering government contracting; its clients hit Davis-Bacon and WH-347 on their first federal construction award, so it is a natural referral and co-training partner.","","program manager or procurement counselor","https://www.napex.us/location/alabama-apex-accelerator-university-of-north-alabama-una/","directory","verified","2026-09-03","National APEX Accelerator Alliance locator, queried by state 'Alabama'; NAPEX does not publish the accelerator's own URL in this record"
"wagelens","partner","APEX Accelerator","Alaska APEX Accelerator - Anchorage Center HQ","","Alaska","listed in the National APEX Accelerator Alliance locator for Alaska","Federally funded APEX Accelerator (formerly PTAC) that counsels small firms entering government contracting; its clients hit Davis-Bacon and WH-347 on their first federal construction award, so it is a natural referral and co-training partner.","","program manager or procurement counselor","https://www.napex.us/location/alaska-apex-accelerator-anchorage-center-hq/","directory","verified","2026-09-03","National APEX Accelerator Alliance locator, queried by state 'Alaska'; NAPEX does not publish the accelerator's own URL in this record"
"wagelens","partner","APEX Accelerator","Alaska APEX Accelerator - Fairbanks Center","","Alaska","listed in the National APEX Accelerator Alliance locator for Alaska","Federally funded APEX Accelerator (formerly PTAC) that counsels small firms entering government contracting; its clients hit Davis-Bacon and WH-347 on their first federal construction award, so it is a natural referral and co-training partner.","","program manager or procurement counselor","https://www.napex.us/location/alaska-apex-accelerator-fairbanks-center/","directory","verified","2026-09-03","National APEX Accelerator Alliance locator, queried by state 'Alaska'; NAPEX does not publish the accelerator's own URL in this record"
"wagelens","partner","APEX Accelerator","American Indian Chamber Education Fund APEX Accelerator - Arizona","","Arizona","listed in the National APEX Accelerator Alliance locator for Arizona","Federally funded APEX Accelerator (formerly PTAC) that counsels small firms entering government contracting; its clients hit Davis-Bacon and WH-347 on their first federal construction award, so it is a natural referral and co-training partner.","","program manager or procurement counselor","https://www.napex.us/location/american-indian-chamber-education-fund-apex-accelerator-arizona/","directory","verified","2026-09-03","National APEX Accelerator Alliance locator, queried by state 'Arizona'; NAPEX does not publish the accelerator's own URL in this record"
"wagelens","partner","APEX Accelerator","Arizona APEX Accelerator - Communiversity at Queen Creek HQ","","Arizona","listed in the National APEX Accelerator Alliance locator for Arizona","Federally funded APEX Accelerator (formerly PTAC) that counsels small firms entering government contracting; its clients hit Davis-Bacon and WH-347 on their first federal construction award, so it is a natural referral and co-training partner.","","program manager or procurement counselor","https://www.napex.us/location/arizona-apex-accelerator-communiversity-at-queen-creek-hq/","directory","verified","2026-09-03","National APEX Accelerator Alliance locator, queried by state 'Arizona'; NAPEX does not publish the accelerator's own URL in this record"
"wagelens","partner","APEX Accelerator","Arizona APEX Accelerator - GateWay Community College","","Arizona","listed in the National APEX Accelerator Alliance locator for Arizona","Federally funded APEX Accelerator (formerly PTAC) that counsels small firms entering government contracting; its clients hit Davis-Bacon and WH-347 on their first federal construction award, so it is a natural referral and co-training partner.","","program manager or procurement counselor","https://www.napex.us/location/arizona-apex-accelerator-gateway-community-college/","directory","verified","2026-09-03","National APEX Accelerator Alliance locator, queried by state 'Arizona'; NAPEX does not publish the accelerator's own URL in this record"
"wagelens","partner","APEX Accelerator","Arizona APEX Accelerator - Glendale Community College","","Arizona","listed in the National APEX Accelerator Alliance locator for Arizona","Federally funded APEX Accelerator (formerly PTAC) that counsels small firms entering government contracting; its clients hit Davis-Bacon and WH-347 on their first federal construction award, so it is a natural referral and co-training partner.","","program manager or procurement counselor","https://www.napex.us/location/arizona-apex-accelerator-glendale-community-college/","directory","verified","2026-09-03","National APEX Accelerator Alliance locator, queried by state 'Arizona'; NAPEX does not publish the accelerator's own URL in this record"
"wagelens","partner","APEX Accelerator","Arizona APEX Accelerator - Mesa Community College","","Arizona","listed in the National APEX Accelerator Alliance locator for Arizona","Federally funded APEX Accelerator (formerly PTAC) that counsels small firms entering government contracting; its clients hit Davis-Bacon and WH-347 on their first federal construction award, so it is a natural referral and co-training partner.","","program manager or procurement counselor","https://www.napex.us/location/arizona-apex-accelerator-mesa-community-college/","directory","verified","2026-09-03","National APEX Accelerator Alliance locator, queried by state 'Arizona'; NAPEX does not publish the accelerator's own URL in this record"
"wagelens","partner","APEX Accelerator","Arizona APEX Accelerator - Pima Community College","","Arizona","listed in the National APEX Accelerator Alliance locator for Arizona","Federally funded APEX Accelerator (formerly PTAC) that counsels small firms entering government contracting; its clients hit Davis-Bacon and WH-347 on their first federal construction award, so it is a natural referral and co-training partner.","","program manager or procurement counselor","https://www.napex.us/location/arizona-apex-accelerator-pima-community-college/","directory","verified","2026-09-03","National APEX Accelerator Alliance locator, queried by state 'Arizona'; NAPEX does not publish the accelerator's own URL in this record"
"wagelens","partner","APEX Accelerator","NCAIED APEX Accelerator - Arizona / Navajo Nation BIA Region","","Arizona","listed in the National APEX Accelerator Alliance locator for Arizona","Federally funded APEX Accelerator (formerly PTAC) that counsels small firms entering government contracting; its clients hit Davis-Bacon and WH-347 on their first federal construction award, so it is a natural referral and co-training partner.","","program manager or procurement counselor","https://www.napex.us/location/ncaied-apex-accelerator-arizona-navajo-nation-bia-region/","directory","verified","2026-09-03","National APEX Accelerator Alliance locator, queried by state 'Arizona'; NAPEX does not publish the accelerator's own URL in this record"
"wagelens","partner","APEX Accelerator","Arkansas APEX Accelerator - Central HQ","","Arkansas","listed in the National APEX Accelerator Alliance locator for Arkansas","Federally funded APEX Accelerator (formerly PTAC) that counsels small firms entering government contracting; its clients hit Davis-Bacon and WH-347 on their first federal construction award, so it is a natural referral and co-training partner.","","program manager or procurement counselor","https://www.napex.us/location/arkansas-apex-accelerator-central-hq/","directory","verified","2026-09-03","National APEX Accelerator Alliance locator, queried by state 'Arkansas'; NAPEX does not publish the accelerator's own URL in this record"
"wagelens","partner","APEX Accelerator","Arkansas APEX Accelerator - Northeast","","Arkansas","listed in the National APEX Accelerator Alliance locator for Arkansas","Federally funded APEX Accelerator (formerly PTAC) that counsels small firms entering government contracting; its clients hit Davis-Bacon and WH-347 on their first federal construction award, so it is a natural referral and co-training partner.","","program manager or procurement counselor","https://www.napex.us/location/arkansas-apex-accelerator-northeast/","directory","verified","2026-09-03","National APEX Accelerator Alliance locator, queried by state 'Arkansas'; NAPEX does not publish the accelerator's own URL in this record"
"wagelens","partner","APEX Accelerator","Arkansas APEX Accelerator - Northwest","","Arkansas","listed in the National APEX Accelerator Alliance locator for Arkansas","Federally funded APEX Accelerator (formerly PTAC) that counsels small firms entering government contracting; its clients hit Davis-Bacon and WH-347 on their first federal construction award, so it is a natural referral and co-training partner.","","program manager or procurement counselor","https://www.napex.us/location/arkansas-apex-accelerator-northwest/","directory","verified","2026-09-03","National APEX Accelerator Alliance locator, queried by state 'Arkansas'; NAPEX does not publish the accelerator's own URL in this record"
"wagelens","partner","APEX Accelerator","Arkansas APEX Accelerator - Southeast","","Arkansas","listed in the National APEX Accelerator Alliance locator for Arkansas","Federally funded APEX Accelerator (formerly PTAC) that counsels small firms entering government contracting; its clients hit Davis-Bacon and WH-347 on their first federal construction award, so it is a natural referral and co-training partner.","","program manager or procurement counselor","https://www.napex.us/location/arkansas-apex-accelerator-southeast/","directory","verified","2026-09-03","National APEX Accelerator Alliance locator, queried by state 'Arkansas'; NAPEX does not publish the accelerator's own URL in this record"
"wagelens","partner","APEX Accelerator","Arkansas APEX Accelerator - Southwest","","Arkansas","listed in the National APEX Accelerator Alliance locator for Arkansas","Federally funded APEX Accelerator (formerly PTAC) that counsels small firms entering government contracting; its clients hit Davis-Bacon and WH-347 on their first federal construction award, so it is a natural referral and co-training partner.","","program manager or procurement counselor","https://www.napex.us/location/arkansas-apex-accelerator-southwest/","directory","verified","2026-09-03","National APEX Accelerator Alliance locator, queried by state 'Arkansas'; NAPEX does not publish the accelerator's own URL in this record"
"wagelens","partner","APEX Accelerator","American Indian Chamber Education Fund APEX Accelerator - California","","California","listed in the National APEX Accelerator Alliance locator for California","Federally funded APEX Accelerator (formerly PTAC) that counsels small firms entering government contracting; its clients hit Davis-Bacon and WH-347 on their first federal construction award, so it is a natural referral and co-training partner.","","program manager or procurement counselor","https://www.napex.us/location/american-indian-chamber-education-fund-apex-accelerator-california/","directory","verified","2026-09-03","National APEX Accelerator Alliance locator, queried by state 'California'; NAPEX does not publish the accelerator's own URL in this record"
"wagelens","partner","APEX Accelerator","American Indian Chamber Education Fund APEX Accelerator - HQ","","California","listed in the National APEX Accelerator Alliance locator for California","Federally funded APEX Accelerator (formerly PTAC) that counsels small firms entering government contracting; its clients hit Davis-Bacon and WH-347 on their first federal construction award, so it is a natural referral and co-training partner.","","program manager or procurement counselor","https://www.napex.us/location/american-indian-chamber-education-fund-apex-accelerator-hq/","directory","verified","2026-09-03","National APEX Accelerator Alliance locator, queried by state 'California'; NAPEX does not publish the accelerator's own URL in this record"
"wagelens","partner","APEX Accelerator","California Capital APEX Accelerator","","California","listed in the National APEX Accelerator Alliance locator for California","Federally funded APEX Accelerator (formerly PTAC) that counsels small firms entering government contracting; its clients hit Davis-Bacon and WH-347 on their first federal construction award, so it is a natural referral and co-training partner.","","program manager or procurement counselor","https://www.napex.us/location/california-capital-apex-accelerator/","directory","verified","2026-09-03","National APEX Accelerator Alliance locator, queried by state 'California'; NAPEX does not publish the accelerator's own URL in this record"
"wagelens","partner","APEX Accelerator","Golden State APEX Accelerator - Bakersfield, CA","","California","listed in the National APEX Accelerator Alliance locator for California","Federally funded APEX Accelerator (formerly PTAC) that counsels small firms entering government contracting; its clients hit Davis-Bacon and WH-347 on their first federal construction award, so it is a natural referral and co-training partner.","","program manager or procurement counselor","https://www.napex.us/location/golden-state-apex-accelerator-bakersfield-ca/","directory","verified","2026-09-03","National APEX Accelerator Alliance locator, queried by state 'California'; NAPEX does not publish the accelerator's own URL in this record"
"wagelens","partner","APEX Accelerator","Inland Empire APEX Accelerator - Norco, CA","","California","listed in the National APEX Accelerator Alliance locator for California","Federally funded APEX Accelerator (formerly PTAC) that counsels small firms entering government contracting; its clients hit Davis-Bacon and WH-347 on their first federal construction award, so it is a natural referral and co-training partner.","","program manager or procurement counselor","https://www.napex.us/location/inland-empire-apex-accelerator-norco-ca/","directory","verified","2026-09-03","National APEX Accelerator Alliance locator, queried by state 'California'; NAPEX does not publish the accelerator's own URL in this record"
"wagelens","partner","APEX Accelerator","Los Angeles County APEX Accelerator - East Los Angeles Entrepreneurial Center","","California","listed in the National APEX Accelerator Alliance locator for California","Federally funded APEX Accelerator (formerly PTAC) that counsels small firms entering government contracting; its clients hit Davis-Bacon and WH-347 on their first federal construction award, so it is a natural referral and co-training partner.","","program manager or procurement counselor","https://www.napex.us/location/los-angeles-county-apex-accelerator-east-los-angeles-entrepreneurial-center/","directory","verified","2026-09-03","National APEX Accelerator Alliance locator, queried by state 'California'; NAPEX does not publish the accelerator's own URL in this record"
"wagelens","partner","APEX Accelerator","Los Angeles County APEX Accelerator - HQ","","California","listed in the National APEX Accelerator Alliance locator for California","Federally funded APEX Accelerator (formerly PTAC) that counsels small firms entering government contracting; its clients hit Davis-Bacon and WH-347 on their first federal construction award, so it is a natural referral and co-training partner.","","program manager or procurement counselor","https://www.napex.us/location/los-angeles-county-apex-accelerator-hq/","directory","verified","2026-09-03","National APEX Accelerator Alliance locator, queried by state 'California'; NAPEX does not publish the accelerator's own URL in this record"
"wagelens","partner","APEX Accelerator","Monterey Bay APEX Accelerator - Salinas, CA","","California","listed in the National APEX Accelerator Alliance locator for California","Federally funded APEX Accelerator (formerly PTAC) that counsels small firms entering government contracting; its clients hit Davis-Bacon and WH-347 on their first federal construction award, so it is a natural referral and co-training partner.","","program manager or procurement counselor","https://www.napex.us/location/monterey-bay-apex-accelerator-salinas-ca/","directory","verified","2026-09-03","National APEX Accelerator Alliance locator, queried by state 'California'; NAPEX does not publish the accelerator's own URL in this record"
"wagelens","partner","APEX Accelerator","Norcal APEX Accelerator - Arcata, CA","","California","listed in the National APEX Accelerator Alliance locator for California","Federally funded APEX Accelerator (formerly PTAC) that counsels small firms entering government contracting; its clients hit Davis-Bacon and WH-347 on their first federal construction award, so it is a natural referral and co-training partner.","","program manager or procurement counselor","https://www.napex.us/location/norcal-apex-accelerator-arcata-ca/","directory","verified","2026-09-03","National APEX Accelerator Alliance locator, queried by state 'California'; NAPEX does not publish the accelerator's own URL in this record"
"wagelens","partner","APEX Accelerator","San Diego, Orange, Imperial APEX Accelerator","","California","listed in the National APEX Accelerator Alliance locator for California","Federally funded APEX Accelerator (formerly PTAC) that counsels small firms entering government contracting; its clients hit Davis-Bacon and WH-347 on their first federal construction award, so it is a natural referral and co-training partner.","","program manager or procurement counselor","https://www.napex.us/location/san-diego-orange-imperial-apex-accelerator/","directory","verified","2026-09-03","National APEX Accelerator Alliance locator, queried by state 'California'; NAPEX does not publish the accelerator's own URL in this record"
"wagelens","partner","APEX Accelerator","Colorado APEX Accelerator - Aurora Satellite Office","","Colorado","listed in the National APEX Accelerator Alliance locator for Colorado","Federally funded APEX Accelerator (formerly PTAC) that counsels small firms entering government contracting; its clients hit Davis-Bacon and WH-347 on their first federal construction award, so it is a natural referral and co-training partner.","","program manager or procurement counselor","https://www.napex.us/location/colorado-apex-accelerator-aurora-satellite-office/","directory","verified","2026-09-03","National APEX Accelerator Alliance locator, queried by state 'Colorado'; NAPEX does not publish the accelerator's own URL in this record"
"wagelens","partner","APEX Accelerator","Colorado APEX Accelerator - Golden Office","","Colorado","listed in the National APEX Accelerator Alliance locator for Colorado","Federally funded APEX Accelerator (formerly PTAC) that counsels small firms entering government contracting; its clients hit Davis-Bacon and WH-347 on their first federal construction award, so it is a natural referral and co-training partner.","","program manager or procurement counselor","https://www.napex.us/location/colorado-apex-accelerator-golden-office/","directory","verified","2026-09-03","National APEX Accelerator Alliance locator, queried by state 'Colorado'; NAPEX does not publish the accelerator's own URL in this record"
"wagelens","partner","APEX Accelerator","Colorado APEX Accelerator - Westminster Satellite Office","","Colorado","listed in the National APEX Accelerator Alliance locator for Colorado","Federally funded APEX Accelerator (formerly PTAC) that counsels small firms entering government contracting; its clients hit Davis-Bacon and WH-347 on their first federal construction award, so it is a natural referral and co-training partner.","","program manager or procurement counselor","https://www.napex.us/location/colorado-apex-accelerator-westminster-satellite-office/","directory","verified","2026-09-03","National APEX Accelerator Alliance locator, queried by state 'Colorado'; NAPEX does not publish the accelerator's own URL in this record"
"wagelens","partner","APEX Accelerator","Colorado APEX Accelerators - Fort Collins Office","","Colorado","listed in the National APEX Accelerator Alliance locator for Colorado","Federally funded APEX Accelerator (formerly PTAC) that counsels small firms entering government contracting; its clients hit Davis-Bacon and WH-347 on their first federal construction award, so it is a natural referral and co-training partner.","","program manager or procurement counselor","https://www.napex.us/location/colorado-apex-accelerators-fort-collins-office/","directory","verified","2026-09-03","National APEX Accelerator Alliance locator, queried by state 'Colorado'; NAPEX does not publish the accelerator's own URL in this record"
"wagelens","partner","APEX Accelerator","Colorado APEX Accelerators - Grand Junction Office","","Colorado","listed in the National APEX Accelerator Alliance locator for Colorado","Federally funded APEX Accelerator (formerly PTAC) that counsels small firms entering government contracting; its clients hit Davis-Bacon and WH-347 on their first federal construction award, so it is a natural referral and co-training partner.","","program manager or procurement counselor","https://www.napex.us/location/colorado-apex-accelerators-grand-junction-office/","directory","verified","2026-09-03","National APEX Accelerator Alliance locator, queried by state 'Colorado'; NAPEX does not publish the accelerator's own URL in this record"
"wagelens","partner","APEX Accelerator","Colorado APEX Accelerators - HQ","","Colorado","listed in the National APEX Accelerator Alliance locator for Colorado","Federally funded APEX Accelerator (formerly PTAC) that counsels small firms entering government contracting; its clients hit Davis-Bacon and WH-347 on their first federal construction award, so it is a natural referral and co-training partner.","","program manager or procurement counselor","https://www.napex.us/location/colorado-apex-accelerators-hq/","directory","verified","2026-09-03","National APEX Accelerator Alliance locator, queried by state 'Colorado'; NAPEX does not publish the accelerator's own URL in this record"
"wagelens","partner","APEX Accelerator","NCAIED APEX Accelerator - Colorado","","Colorado","listed in the National APEX Accelerator Alliance locator for Colorado","Federally funded APEX Accelerator (formerly PTAC) that counsels small firms entering government contracting; its clients hit Davis-Bacon and WH-347 on their first federal construction award, so it is a natural referral and co-training partner.","","program manager or procurement counselor","https://www.napex.us/location/ncaied-apex-accelerator-colorado/","directory","verified","2026-09-03","National APEX Accelerator Alliance locator, queried by state 'Colorado'; NAPEX does not publish the accelerator's own URL in this record"
"wagelens","partner","APEX Accelerator","Connecticut APEX Accelerator - Bridgeport","","Connecticut","listed in the National APEX Accelerator Alliance locator for Connecticut","Federally funded APEX Accelerator (formerly PTAC) that counsels small firms entering government contracting; its clients hit Davis-Bacon and WH-347 on their first federal construction award, so it is a natural referral and co-training partner.","","program manager or procurement counselor","https://www.napex.us/location/connecticut-apex-accelerator-bridgeport/","directory","verified","2026-09-03","National APEX Accelerator Alliance locator, queried by state 'Connecticut'; NAPEX does not publish the accelerator's own URL in this record"
"wagelens","partner","APEX Accelerator","Connecticut APEX Accelerator - East Hartford","","Connecticut","listed in the National APEX Accelerator Alliance locator for Connecticut","Federally funded APEX Accelerator (formerly PTAC) that counsels small firms entering government contracting; its clients hit Davis-Bacon and WH-347 on their first federal construction award, so it is a natural referral and co-training partner.","","program manager or procurement counselor","https://www.napex.us/location/connecticut-apex-accelerator-east-hartford/","directory","verified","2026-09-03","National APEX Accelerator Alliance locator, queried by state 'Connecticut'; NAPEX does not publish the accelerator's own URL in this record"
"wagelens","partner","APEX Accelerator","Connecticut APEX Accelerator - Groton HQ","","Connecticut","listed in the National APEX Accelerator Alliance locator for Connecticut","Federally funded APEX Accelerator (formerly PTAC) that counsels small firms entering government contracting; its clients hit Davis-Bacon and WH-347 on their first federal construction award, so it is a natural referral and co-training partner.","","program manager or procurement counselor","https://www.napex.us/location/connecticut-apex-accelerator-groton-hq/","directory","verified","2026-09-03","National APEX Accelerator Alliance locator, queried by state 'Connecticut'; NAPEX does not publish the accelerator's own URL in this record"
"wagelens","partner","APEX Accelerator","Connecticut APEX Accelerator - Milford","","Connecticut","listed in the National APEX Accelerator Alliance locator for Connecticut","Federally funded APEX Accelerator (formerly PTAC) that counsels small firms entering government contracting; its clients hit Davis-Bacon and WH-347 on their first federal construction award, so it is a natural referral and co-training partner.","","program manager or procurement counselor","https://www.napex.us/location/connecticut-apex-accelerator-milford/","directory","verified","2026-09-03","National APEX Accelerator Alliance locator, queried by state 'Connecticut'; NAPEX does not publish the accelerator's own URL in this record"
"wagelens","partner","APEX Accelerator","Connecticut APEX Accelerator - NCDC","","Connecticut","listed in the National APEX Accelerator Alliance locator for Connecticut","Federally funded APEX Accelerator (formerly PTAC) that counsels small firms entering government contracting; its clients hit Davis-Bacon and WH-347 on their first federal construction award, so it is a natural referral and co-training partner.","","program manager or procurement counselor","https://www.napex.us/location/connecticut-apex-accelerator-ncdc/","directory","verified","2026-09-03","National APEX Accelerator Alliance locator, queried by state 'Connecticut'; NAPEX does not publish the accelerator's own URL in this record"
"wagelens","partner","APEX Accelerator","Connecticut APEX Accelerator - New Haven","","Connecticut","listed in the National APEX Accelerator Alliance locator for Connecticut","Federally funded APEX Accelerator (formerly PTAC) that counsels small firms entering government contracting; its clients hit Davis-Bacon and WH-347 on their first federal construction award, so it is a natural referral and co-training partner.","","program manager or procurement counselor","https://www.napex.us/location/connecticut-apex-accelerator-new-haven/","directory","verified","2026-09-03","National APEX Accelerator Alliance locator, queried by state 'Connecticut'; NAPEX does not publish the accelerator's own URL in this record"
"wagelens","partner","APEX Accelerator","Connecticut APEX Accelerator - Rocky Hill","","Connecticut","listed in the National APEX Accelerator Alliance locator for Connecticut","Federally funded APEX Accelerator (formerly PTAC) that counsels small firms entering government contracting; its clients hit Davis-Bacon and WH-347 on their first federal construction award, so it is a natural referral and co-training partner.","","program manager or procurement counselor","https://www.napex.us/location/connecticut-apex-accelerator-rocky-hill/","directory","verified","2026-09-03","National APEX Accelerator Alliance locator, queried by state 'Connecticut'; NAPEX does not publish the accelerator's own URL in this record"
"wagelens","partner","APEX Accelerator","University of Delaware APEX Accelerator - New Castle County HQ","","Delaware","listed in the National APEX Accelerator Alliance locator for Delaware","Federally funded APEX Accelerator (formerly PTAC) that counsels small firms entering government contracting; its clients hit Davis-Bacon and WH-347 on their first federal construction award, so it is a natural referral and co-training partner.","","program manager or procurement counselor","https://www.napex.us/location/university-of-delaware-apex-accelerator-new-castle-county-hq/","directory","verified","2026-09-03","National APEX Accelerator Alliance locator, queried by state 'Delaware'; NAPEX does not publish the accelerator's own URL in this record"
"wagelens","partner","APEX Accelerator","University of Delaware APEX Accelerator - Sussex County","","Delaware","listed in the National APEX Accelerator Alliance locator for Delaware","Federally funded APEX Accelerator (formerly PTAC) that counsels small firms entering government contracting; its clients hit Davis-Bacon and WH-347 on their first federal construction award, so it is a natural referral and co-training partner.","","program manager or procurement counselor","https://www.napex.us/location/university-of-delaware-apex-accelerator-sussex-county/","directory","verified","2026-09-03","National APEX Accelerator Alliance locator, queried by state 'Delaware'; NAPEX does not publish the accelerator's own URL in this record"
"wagelens","partner","APEX Accelerator","DC Department of Small and Local Business Development","","District of Columbia","listed in the National APEX Accelerator Alliance locator for District of Columbia","Federally funded APEX Accelerator (formerly PTAC) that counsels small firms entering government contracting; its clients hit Davis-Bacon and WH-347 on their first federal construction award, so it is a natural referral and co-training partner.","","program manager or procurement counselor","https://www.napex.us/location/dc-department-of-small-and-local-business-development/","directory","verified","2026-09-03","National APEX Accelerator Alliance locator, queried by state 'District of Columbia'; NAPEX does not publish the accelerator's own URL in this record"
"wagelens","partner","APEX Accelerator","Georgia Tech APEX Accelerator - Albany","","Georgia","listed in the National APEX Accelerator Alliance locator for Georgia","Federally funded APEX Accelerator (formerly PTAC) that counsels small firms entering government contracting; its clients hit Davis-Bacon and WH-347 on their first federal construction award, so it is a natural referral and co-training partner.","","program manager or procurement counselor","https://www.napex.us/location/georgia-tech-apex-accelerator-albany/","directory","verified","2026-09-03","National APEX Accelerator Alliance locator, queried by state 'Georgia'; NAPEX does not publish the accelerator's own URL in this record"
"wagelens","partner","APEX Accelerator","Georgia Tech APEX Accelerator - Athens","","Georgia","listed in the National APEX Accelerator Alliance locator for Georgia","Federally funded APEX Accelerator (formerly PTAC) that counsels small firms entering government contracting; its clients hit Davis-Bacon and WH-347 on their first federal construction award, so it is a natural referral and co-training partner.","","program manager or procurement counselor","https://www.napex.us/location/georgia-tech-apex-accelerator-athens/","directory","verified","2026-09-03","National APEX Accelerator Alliance locator, queried by state 'Georgia'; NAPEX does not publish the accelerator's own URL in this record"
"wagelens","partner","APEX Accelerator","Georgia Tech APEX Accelerator - Atlanta HQ","","Georgia","listed in the National APEX Accelerator Alliance locator for Georgia","Federally funded APEX Accelerator (formerly PTAC) that counsels small firms entering government contracting; its clients hit Davis-Bacon and WH-347 on their first federal construction award, so it is a natural referral and co-training partner.","","program manager or procurement counselor","https://www.napex.us/location/georgia-tech-apex-accelerator-atlanta-hq/","directory","verified","2026-09-03","National APEX Accelerator Alliance locator, queried by state 'Georgia'; NAPEX does not publish the accelerator's own URL in this record"
"wagelens","partner","APEX Accelerator","Georgia Tech APEX Accelerator - Augusta","","Georgia","listed in the National APEX Accelerator Alliance locator for Georgia","Federally funded APEX Accelerator (formerly PTAC) that counsels small firms entering government contracting; its clients hit Davis-Bacon and WH-347 on their first federal construction award, so it is a natural referral and co-training partner.","","program manager or procurement counselor","https://www.napex.us/location/georgia-tech-apex-accelerator-augusta/","directory","verified","2026-09-03","National APEX Accelerator Alliance locator, queried by state 'Georgia'; NAPEX does not publish the accelerator's own URL in this record"
"wagelens","partner","APEX Accelerator","Georgia Tech APEX Accelerator - Carrollton","","Georgia","listed in the National APEX Accelerator Alliance locator for Georgia","Federally funded APEX Accelerator (formerly PTAC) that counsels small firms entering government contracting; its clients hit Davis-Bacon and WH-347 on their first federal construction award, so it is a natural referral and co-training partner.","","program manager or procurement counselor","https://www.napex.us/location/georgia-tech-apex-accelerator-carrollton/","directory","verified","2026-09-03","National APEX Accelerator Alliance locator, queried by state 'Georgia'; NAPEX does not publish the accelerator's own URL in this record"
"wagelens","partner","APEX Accelerator","Georgia Tech APEX Accelerator - Gainesville","","Georgia","listed in the National APEX Accelerator Alliance locator for Georgia","Federally funded APEX Accelerator (formerly PTAC) that counsels small firms entering government contracting; its clients hit Davis-Bacon and WH-347 on their first federal construction award, so it is a natural referral and co-training partner.","","program manager or procurement counselor","https://www.napex.us/location/georgia-tech-apex-accelerator-gainesville/","directory","verified","2026-09-03","National APEX Accelerator Alliance locator, queried by state 'Georgia'; NAPEX does not publish the accelerator's own URL in this record"
"wagelens","partner","APEX Accelerator","Georgia Tech APEX Accelerator - Warner Robins","","Georgia","listed in the National APEX Accelerator Alliance locator for Georgia","Federally funded APEX Accelerator (formerly PTAC) that counsels small firms entering government contracting; its clients hit Davis-Bacon and WH-347 on their first federal construction award, so it is a natural referral and co-training partner.","","program manager or procurement counselor","https://www.napex.us/location/georgia-tech-apex-accelerator-warner-robins/","directory","verified","2026-09-03","National APEX Accelerator Alliance locator, queried by state 'Georgia'; NAPEX does not publish the accelerator's own URL in this record"
"wagelens","partner","APEX Accelerator","Georgia Tech APEX Accelerator- LaGrange","","Georgia","listed in the National APEX Accelerator Alliance locator for Georgia","Federally funded APEX Accelerator (formerly PTAC) that counsels small firms entering government contracting; its clients hit Davis-Bacon and WH-347 on their first federal construction award, so it is a natural referral and co-training partner.","","program manager or procurement counselor","https://www.napex.us/location/georgia-tech-apex-accelerator-lagrange/","directory","verified","2026-09-03","National APEX Accelerator Alliance locator, queried by state 'Georgia'; NAPEX does not publish the accelerator's own URL in this record"
"wagelens","partner","APEX Accelerator","Georgia Tech APEX Accelerator- Savannah","","Georgia","listed in the National APEX Accelerator Alliance locator for Georgia","Federally funded APEX Accelerator (formerly PTAC) that counsels small firms entering government contracting; its clients hit Davis-Bacon and WH-347 on their first federal construction award, so it is a natural referral and co-training partner.","","program manager or procurement counselor","https://www.napex.us/location/georgia-tech-apex-accelerator-savannah/","directory","verified","2026-09-03","National APEX Accelerator Alliance locator, queried by state 'Georgia'; NAPEX does not publish the accelerator's own URL in this record"
"wagelens","partner","APEX Accelerator","The National Center American Indian APEX Accelerator","","Georgia","listed in the National APEX Accelerator Alliance locator for Georgia","Federally funded APEX Accelerator (formerly PTAC) that counsels small firms entering government contracting; its clients hit Davis-Bacon and WH-347 on their first federal construction award, so it is a natural referral and co-training partner.","","program manager or procurement counselor","https://www.napex.us/location/the-national-center-american-indian-apex-accelerator/","directory","verified","2026-09-03","National APEX Accelerator Alliance locator, queried by state 'Georgia'; NAPEX does not publish the accelerator's own URL in this record"
"wagelens","partner","APEX Accelerator","Hawaii APEX Accelerator","","Hawaii","listed in the National APEX Accelerator Alliance locator for Hawaii","Federally funded APEX Accelerator (formerly PTAC) that counsels small firms entering government contracting; its clients hit Davis-Bacon and WH-347 on their first federal construction award, so it is a natural referral and co-training partner.","","program manager or procurement counselor","https://www.napex.us/location/hawaii-apex-accelerator/","directory","verified","2026-09-03","National APEX Accelerator Alliance locator, queried by state 'Hawaii'; NAPEX does not publish the accelerator's own URL in this record"
"wagelens","partner","APEX Accelerator","Idaho APEX Accelerator","","Idaho","listed in the National APEX Accelerator Alliance locator for Idaho","Federally funded APEX Accelerator (formerly PTAC) that counsels small firms entering government contracting; its clients hit Davis-Bacon and WH-347 on their first federal construction award, so it is a natural referral and co-training partner.","","program manager or procurement counselor","https://www.napex.us/location/idaho-apex-accelerator/","directory","verified","2026-09-03","National APEX Accelerator Alliance locator, queried by state 'Idaho'; NAPEX does not publish the accelerator's own URL in this record"
"wagelens","partner","APEX Accelerator","Illinois APEX Accelerator - Bradley University","","Illinois","listed in the National APEX Accelerator Alliance locator for Illinois","Federally funded APEX Accelerator (formerly PTAC) that counsels small firms entering government contracting; its clients hit Davis-Bacon and WH-347 on their first federal construction award, so it is a natural referral and co-training partner.","","program manager or procurement counselor","https://www.napex.us/location/illinois-apex-accelerator-bradley-university/","directory","verified","2026-09-03","National APEX Accelerator Alliance locator, queried by state 'Illinois'; NAPEX does not publish the accelerator's own URL in this record"
"wagelens","partner","APEX Accelerator","Illinois APEX Accelerator - Champaign County EDC","","Illinois","listed in the National APEX Accelerator Alliance locator for Illinois","Federally funded APEX Accelerator (formerly PTAC) that counsels small firms entering government contracting; its clients hit Davis-Bacon and WH-347 on their first federal construction award, so it is a natural referral and co-training partner.","","program manager or procurement counselor","https://www.napex.us/location/illinois-apex-accelerator-champaign-county-edc/","directory","verified","2026-09-03","National APEX Accelerator Alliance locator, queried by state 'Illinois'; NAPEX does not publish the accelerator's own URL in this record"
"wagelens","partner","APEX Accelerator","Illinois APEX Accelerator - Chinese Mutual Aid Association","","Illinois","listed in the National APEX Accelerator Alliance locator for Illinois","Federally funded APEX Accelerator (formerly PTAC) that counsels small firms entering government contracting; its clients hit Davis-Bacon and WH-347 on their first federal construction award, so it is a natural referral and co-training partner.","","program manager or procurement counselor","https://www.napex.us/location/illinois-apex-accelerator-chinese-mutual-aid-association/","directory","verified","2026-09-03","National APEX Accelerator Alliance locator, queried by state 'Illinois'; NAPEX does not publish the accelerator's own URL in this record"
"wagelens","partner","APEX Accelerator","Illinois APEX Accelerator - College of DuPage","","Illinois","listed in the National APEX Accelerator Alliance locator for Illinois","Federally funded APEX Accelerator (formerly PTAC) that counsels small firms entering government contracting; its clients hit Davis-Bacon and WH-347 on their first federal construction award, so it is a natural referral and co-training partner.","","program manager or procurement counselor","https://www.napex.us/location/illinois-apex-accelerator-college-of-dupage/","directory","verified","2026-09-03","National APEX Accelerator Alliance locator, queried by state 'Illinois'; NAPEX does not publish the accelerator's own URL in this record"
"wagelens","partner","APEX Accelerator","Illinois APEX Accelerator - College of DuPage Aurora Satellite Office","","Illinois","listed in the National APEX Accelerator Alliance locator for Illinois","Federally funded APEX Accelerator (formerly PTAC) that counsels small firms entering government contracting; its clients hit Davis-Bacon and WH-347 on their first federal construction award, so it is a natural referral and co-training partner.","","program manager or procurement counselor","https://www.napex.us/location/illinois-apex-accelerator-college-of-dupage-aurora-satellite-office/","directory","verified","2026-09-03","National APEX Accelerator Alliance locator, queried by state 'Illinois'; NAPEX does not publish the accelerator's own URL in this record"
"wagelens","partner","APEX Accelerator","Illinois APEX Accelerator - HQ","","Illinois","listed in the National APEX Accelerator Alliance locator for Illinois","Federally funded APEX Accelerator (formerly PTAC) that counsels small firms entering government contracting; its clients hit Davis-Bacon and WH-347 on their first federal construction award, so it is a natural referral and co-training partner.","","program manager or procurement counselor","https://www.napex.us/location/illinois-apex-accelerator-hq/","directory","verified","2026-09-03","National APEX Accelerator Alliance locator, queried by state 'Illinois'; NAPEX does not publish the accelerator's own URL in this record"
"wagelens","partner","APEX Accelerator","Illinois APEX Accelerator - IL Hispanic Chamber of Commerce","","Illinois","listed in the National APEX Accelerator Alliance locator for Illinois","Federally funded APEX Accelerator (formerly PTAC) that counsels small firms entering government contracting; its clients hit Davis-Bacon and WH-347 on their first federal construction award, so it is a natural referral and co-training partner.","","program manager or procurement counselor","https://www.napex.us/location/illinois-apex-accelerator-il-hispanic-chamber-of-commerce/","directory","verified","2026-09-03","National APEX Accelerator Alliance locator, queried by state 'Illinois'; NAPEX does not publish the accelerator's own URL in this record"
"wagelens","partner","APEX Accelerator","Illinois APEX Accelerator - Joseph Center","","Illinois","listed in the National APEX Accelerator Alliance locator for Illinois","Federally funded APEX Accelerator (formerly PTAC) that counsels small firms entering government contracting; its clients hit Davis-Bacon and WH-347 on their first federal construction award, so it is a natural referral and co-training partner.","","program manager or procurement counselor","https://www.napex.us/location/illinois-apex-accelerator-joseph-center/","directory","verified","2026-09-03","National APEX Accelerator Alliance locator, queried by state 'Illinois'; NAPEX does not publish the accelerator's own URL in this record"
"wagelens","partner","APEX Accelerator","Illinois APEX Accelerator - Joseph Center Rockford Satellite Office","","Illinois","listed in the National APEX Accelerator Alliance locator for Illinois","Federally funded APEX Accelerator (formerly PTAC) that counsels small firms entering government contracting; its clients hit Davis-Bacon and WH-347 on their first federal construction award, so it is a natural referral and co-training partner.","","program manager or procurement counselor","https://www.napex.us/location/illinois-apex-accelerator-joseph-center-rockford-satellite-office/","directory","verified","2026-09-03","National APEX Accelerator Alliance locator, queried by state 'Illinois'; NAPEX does not publish the accelerator's own URL in this record"
"wagelens","partner","APEX Accelerator","Illinois APEX Accelerator - Southern Illinois University - Carbondale","","Illinois","listed in the National APEX Accelerator Alliance locator for Illinois","Federally funded APEX Accelerator (formerly PTAC) that counsels small firms entering government contracting; its clients hit Davis-Bacon and WH-347 on their first federal construction award, so it is a natural referral and co-training partner.","","program manager or procurement counselor","https://www.napex.us/location/illinois-apex-accelerator-southern-illinois-university-carbondale/","directory","verified","2026-09-03","National APEX Accelerator Alliance locator, queried by state 'Illinois'; NAPEX does not publish the accelerator's own URL in this record"
"wagelens","partner","APEX Accelerator","Illinois APEX Accelerator - Southland Development Authority","","Illinois","listed in the National APEX Accelerator Alliance locator for Illinois","Federally funded APEX Accelerator (formerly PTAC) that counsels small firms entering government contracting; its clients hit Davis-Bacon and WH-347 on their first federal construction award, so it is a natural referral and co-training partner.","","program manager or procurement counselor","https://www.napex.us/location/illinois-apex-accelerator-southland-development-authority/","directory","verified","2026-09-03","National APEX Accelerator Alliance locator, queried by state 'Illinois'; NAPEX does not publish the accelerator's own URL in this record"
"wagelens","partner","APEX Accelerator","Illinois APEX Accelerator - Western Illinois University","","Illinois","listed in the National APEX Accelerator Alliance locator for Illinois","Federally funded APEX Accelerator (formerly PTAC) that counsels small firms entering government contracting; its clients hit Davis-Bacon and WH-347 on their first federal construction award, so it is a natural referral and co-training partner.","","program manager or procurement counselor","https://www.napex.us/location/illinois-apex-accelerator-western-illinois-university/","directory","verified","2026-09-03","National APEX Accelerator Alliance locator, queried by state 'Illinois'; NAPEX does not publish the accelerator's own URL in this record"
"wagelens","partner","APEX Accelerator","Illinois APEX Accelerator - Women's Business Development Center","","Illinois","listed in the National APEX Accelerator Alliance locator for Illinois","Federally funded APEX Accelerator (formerly PTAC) that counsels small firms entering government contracting; its clients hit Davis-Bacon and WH-347 on their first federal construction award, so it is a natural referral and co-training partner.","","program manager or procurement counselor","https://www.napex.us/location/illinois-apex-accelerator-womens-business-development-center/","directory","verified","2026-09-03","National APEX Accelerator Alliance locator, queried by state 'Illinois'; NAPEX does not publish the accelerator's own URL in this record"
"wagelens","partner","APEX Accelerator","Indiana APEX Accelerator - Central HQ","","Indiana","listed in the National APEX Accelerator Alliance locator for Indiana","Federally funded APEX Accelerator (formerly PTAC) that counsels small firms entering government contracting; its clients hit Davis-Bacon and WH-347 on their first federal construction award, so it is a natural referral and co-training partner.","","program manager or procurement counselor","https://www.napex.us/location/indiana-apex-accelerator-central-hq/","directory","verified","2026-09-03","National APEX Accelerator Alliance locator, queried by state 'Indiana'; NAPEX does not publish the accelerator's own URL in this record"
"wagelens","partner","APEX Accelerator","Indiana APEX Accelerator - Northeast","","Indiana","listed in the National APEX Accelerator Alliance locator for Indiana","Federally funded APEX Accelerator (formerly PTAC) that counsels small firms entering government contracting; its clients hit Davis-Bacon and WH-347 on their first federal construction award, so it is a natural referral and co-training partner.","","program manager or procurement counselor","https://www.napex.us/location/indiana-apex-accelerator-northeast/","directory","verified","2026-09-03","National APEX Accelerator Alliance locator, queried by state 'Indiana'; NAPEX does not publish the accelerator's own URL in this record"
"wagelens","partner","APEX Accelerator","Indiana APEX Accelerator - Northwest","","Indiana","listed in the National APEX Accelerator Alliance locator for Indiana","Federally funded APEX Accelerator (formerly PTAC) that counsels small firms entering government contracting; its clients hit Davis-Bacon and WH-347 on their first federal construction award, so it is a natural referral and co-training partner.","","program manager or procurement counselor","https://www.napex.us/location/indiana-apex-accelerator-northwest/","directory","verified","2026-09-03","National APEX Accelerator Alliance locator, queried by state 'Indiana'; NAPEX does not publish the accelerator's own URL in this record"
"wagelens","partner","APEX Accelerator","Indiana APEX Accelerator - South Central","","Indiana","listed in the National APEX Accelerator Alliance locator for Indiana","Federally funded APEX Accelerator (formerly PTAC) that counsels small firms entering government contracting; its clients hit Davis-Bacon and WH-347 on their first federal construction award, so it is a natural referral and co-training partner.","","program manager or procurement counselor","https://www.napex.us/location/indiana-apex-accelerator-south-central/","directory","verified","2026-09-03","National APEX Accelerator Alliance locator, queried by state 'Indiana'; NAPEX does not publish the accelerator's own URL in this record"
"wagelens","partner","APEX Accelerator","Indiana APEX Accelerator - Southwest","","Indiana","listed in the National APEX Accelerator Alliance locator for Indiana","Federally funded APEX Accelerator (formerly PTAC) that counsels small firms entering government contracting; its clients hit Davis-Bacon and WH-347 on their first federal construction award, so it is a natural referral and co-training partner.","","program manager or procurement counselor","https://www.napex.us/location/indiana-apex-accelerator-southwest/","directory","verified","2026-09-03","National APEX Accelerator Alliance locator, queried by state 'Indiana'; NAPEX does not publish the accelerator's own URL in this record"
"wagelens","partner","APEX Accelerator","Iowa State University CIRAS APEX Accelerator - Ames HQ","","Iowa","listed in the National APEX Accelerator Alliance locator for Iowa","Federally funded APEX Accelerator (formerly PTAC) that counsels small firms entering government contracting; its clients hit Davis-Bacon and WH-347 on their first federal construction award, so it is a natural referral and co-training partner.","","program manager or procurement counselor","https://www.napex.us/location/iowa-state-university-ciras-apex-accelerator-ames-hq/","directory","verified","2026-09-03","National APEX Accelerator Alliance locator, queried by state 'Iowa'; NAPEX does not publish the accelerator's own URL in this record"
"wagelens","partner","APEX Accelerator","Iowa State University CIRAS APEX Accelerator - Cedar Rapids","","Iowa","listed in the National APEX Accelerator Alliance locator for Iowa","Federally funded APEX Accelerator (formerly PTAC) that counsels small firms entering government contracting; its clients hit Davis-Bacon and WH-347 on their first federal construction award, so it is a natural referral and co-training partner.","","program manager or procurement counselor","https://www.napex.us/location/iowa-state-university-ciras-apex-accelerator-cedar-rapids/","directory","verified","2026-09-03","National APEX Accelerator Alliance locator, queried by state 'Iowa'; NAPEX does not publish the accelerator's own URL in this record"
"wagelens","partner","APEX Accelerator","Iowa State University CIRAS APEX Accelerator - Des Moines","","Iowa","listed in the National APEX Accelerator Alliance locator for Iowa","Federally funded APEX Accelerator (formerly PTAC) that counsels small firms entering government contracting; its clients hit Davis-Bacon and WH-347 on their first federal construction award, so it is a natural referral and co-training partner.","","program manager or procurement counselor","https://www.napex.us/location/iowa-state-university-ciras-apex-accelerator-des-moines/","directory","verified","2026-09-03","National APEX Accelerator Alliance locator, queried by state 'Iowa'; NAPEX does not publish the accelerator's own URL in this record"
"wagelens","partner","APEX Accelerator","Iowa State University CIRAS APEX Accelerator - Iowa City","","Iowa","listed in the National APEX Accelerator Alliance locator for Iowa","Federally funded APEX Accelerator (formerly PTAC) that counsels small firms entering government contracting; its clients hit Davis-Bacon and WH-347 on their first federal construction award, so it is a natural referral and co-training partner.","","program manager or procurement counselor","https://www.napex.us/location/iowa-state-university-ciras-apex-accelerator-iowa-city/","directory","verified","2026-09-03","National APEX Accelerator Alliance locator, queried by state 'Iowa'; NAPEX does not publish the accelerator's own URL in this record"
"wagelens","partner","APEX Accelerator","Kansas APEX Accelerator - HQ","","Kansas","listed in the National APEX Accelerator Alliance locator for Kansas","Federally funded APEX Accelerator (formerly PTAC) that counsels small firms entering government contracting; its clients hit Davis-Bacon and WH-347 on their first federal construction award, so it is a natural referral and co-training partner.","","program manager or procurement counselor","https://www.napex.us/location/kansas-apex-accelerator-hq/","directory","verified","2026-09-03","National APEX Accelerator Alliance locator, queried by state 'Kansas'; NAPEX does not publish the accelerator's own URL in this record"
"wagelens","partner","APEX Accelerator","Kansas APEX Accelerator - Kansas City Area Subcenter","","Kansas","listed in the National APEX Accelerator Alliance locator for Kansas","Federally funded APEX Accelerator (formerly PTAC) that counsels small firms entering government contracting; its clients hit Davis-Bacon and WH-347 on their first federal construction award, so it is a natural referral and co-training partner.","","program manager or procurement counselor","https://www.napex.us/location/kansas-apex-accelerator-kansas-city-area-subcenter/","directory","verified","2026-09-03","National APEX Accelerator Alliance locator, queried by state 'Kansas'; NAPEX does not publish the accelerator's own URL in this record"
"wagelens","partner","APEX Accelerator","Kentucky APEX Accelerator - Bowling Green Office & Radcliff/Fort Knox","","Kentucky","listed in the National APEX Accelerator Alliance locator for Kentucky","Federally funded APEX Accelerator (formerly PTAC) that counsels small firms entering government contracting; its clients hit Davis-Bacon and WH-347 on their first federal construction award, so it is a natural referral and co-training partner.","","program manager or procurement counselor","https://www.napex.us/location/kentucky-apex-accelerator-bowling-green-office-radcliff-fort-knox/","directory","verified","2026-09-03","National APEX Accelerator Alliance locator, queried by state 'Kentucky'; NAPEX does not publish the accelerator's own URL in this record"
"wagelens","partner","APEX Accelerator","Kentucky APEX Accelerator - Covington","","Kentucky","listed in the National APEX Accelerator Alliance locator for Kentucky","Federally funded APEX Accelerator (formerly PTAC) that counsels small firms entering government contracting; its clients hit Davis-Bacon and WH-347 on their first federal construction award, so it is a natural referral and co-training partner.","","program manager or procurement counselor","https://www.napex.us/location/kentucky-apex-accelerator-covington/","directory","verified","2026-09-03","National APEX Accelerator Alliance locator, queried by state 'Kentucky'; NAPEX does not publish the accelerator's own URL in this record"
"wagelens","partner","APEX Accelerator","Kentucky APEX Accelerator - Lexington HQ","","Kentucky","listed in the National APEX Accelerator Alliance locator for Kentucky","Federally funded APEX Accelerator (formerly PTAC) that counsels small firms entering government contracting; its clients hit Davis-Bacon and WH-347 on their first federal construction award, so it is a natural referral and co-training partner.","","program manager or procurement counselor","https://www.napex.us/location/kentucky-apex-accelerator-lexington-hq/","directory","verified","2026-09-03","National APEX Accelerator Alliance locator, queried by state 'Kentucky'; NAPEX does not publish the accelerator's own URL in this record"
"wagelens","partner","APEX Accelerator","Kentucky APEX Accelerator - London, Pikeville & Somerset","","Kentucky","listed in the National APEX Accelerator Alliance locator for Kentucky","Federally funded APEX Accelerator (formerly PTAC) that counsels small firms entering government contracting; its clients hit Davis-Bacon and WH-347 on their first federal construction award, so it is a natural referral and co-training partner.","","program manager or procurement counselor","https://www.napex.us/location/kentucky-apex-accelerator-london-pikeville-somerset/","directory","verified","2026-09-03","National APEX Accelerator Alliance locator, queried by state 'Kentucky'; NAPEX does not publish the accelerator's own URL in this record"
"wagelens","partner","APEX Accelerator","Kentucky APEX Accelerator - Louisville","","Kentucky","listed in the National APEX Accelerator Alliance locator for Kentucky","Federally funded APEX Accelerator (formerly PTAC) that counsels small firms entering government contracting; its clients hit Davis-Bacon and WH-347 on their first federal construction award, so it is a natural referral and co-training partner.","","program manager or procurement counselor","https://www.napex.us/location/kentucky-apex-accelerator-louisville/","directory","verified","2026-09-03","National APEX Accelerator Alliance locator, queried by state 'Kentucky'; NAPEX does not publish the accelerator's own URL in this record"
"wagelens","partner","APEX Accelerator","Kentucky APEX Accelerator - Murray & Paducah","","Kentucky","listed in the National APEX Accelerator Alliance locator for Kentucky","Federally funded APEX Accelerator (formerly PTAC) that counsels small firms entering government contracting; its clients hit Davis-Bacon and WH-347 on their first federal construction award, so it is a natural referral and co-training partner.","","program manager or procurement counselor","https://www.napex.us/location/kentucky-apex-accelerator-murray-paducah/","directory","verified","2026-09-03","National APEX Accelerator Alliance locator, queried by state 'Kentucky'; NAPEX does not publish the accelerator's own URL in this record"
"wagelens","partner","APEX Accelerator","Louisiana APEX Accelerator","","Louisiana","listed in the National APEX Accelerator Alliance locator for Louisiana","Federally funded APEX Accelerator (formerly PTAC) that counsels small firms entering government contracting; its clients hit Davis-Bacon and WH-347 on their first federal construction award, so it is a natural referral and co-training partner.","","program manager or procurement counselor","https://www.napex.us/location/louisiana-apex-accelerator/","directory","verified","2026-09-03","National APEX Accelerator Alliance locator, queried by state 'Louisiana'; NAPEX does not publish the accelerator's own URL in this record"
"wagelens","partner","APEX Accelerator","NCAIED APEX Accelerator - Louisiana","","Louisiana","listed in the National APEX Accelerator Alliance locator for Louisiana","Federally funded APEX Accelerator (formerly PTAC) that counsels small firms entering government contracting; its clients hit Davis-Bacon and WH-347 on their first federal construction award, so it is a natural referral and co-training partner.","","program manager or procurement counselor","https://www.napex.us/location/ncaied-apex-accelerator-louisiana/","directory","verified","2026-09-03","National APEX Accelerator Alliance locator, queried by state 'Louisiana'; NAPEX does not publish the accelerator's own URL in this record"
"wagelens","partner","APEX Accelerator","Northwest Louisiana APEX Accelerator","","Louisiana","listed in the National APEX Accelerator Alliance locator for Louisiana","Federally funded APEX Accelerator (formerly PTAC) that counsels small firms entering government contracting; its clients hit Davis-Bacon and WH-347 on their first federal construction award, so it is a natural referral and co-training partner.","","program manager or procurement counselor","https://www.napex.us/location/northwest-louisiana-apex-accelerator/","directory","verified","2026-09-03","National APEX Accelerator Alliance locator, queried by state 'Louisiana'; NAPEX does not publish the accelerator's own URL in this record"
"wagelens","partner","APEX Accelerator","Maine APEX Accelerator - Central","","Maine","listed in the National APEX Accelerator Alliance locator for Maine","Federally funded APEX Accelerator (formerly PTAC) that counsels small firms entering government contracting; its clients hit Davis-Bacon and WH-347 on their first federal construction award, so it is a natural referral and co-training partner.","","program manager or procurement counselor","https://www.napex.us/location/maine-apex-accelerator-central/","directory","verified","2026-09-03","National APEX Accelerator Alliance locator, queried by state 'Maine'; NAPEX does not publish the accelerator's own URL in this record"
"wagelens","partner","APEX Accelerator","Maine APEX Accelerator - Downeast","","Maine","listed in the National APEX Accelerator Alliance locator for Maine","Federally funded APEX Accelerator (formerly PTAC) that counsels small firms entering government contracting; its clients hit Davis-Bacon and WH-347 on their first federal construction award, so it is a natural referral and co-training partner.","","program manager or procurement counselor","https://www.napex.us/location/maine-apex-accelerator-downeast/","directory","verified","2026-09-03","National APEX Accelerator Alliance locator, queried by state 'Maine'; NAPEX does not publish the accelerator's own URL in this record"
"wagelens","partner","APEX Accelerator","Maine APEX Accelerator - HQ","","Maine","listed in the National APEX Accelerator Alliance locator for Maine","Federally funded APEX Accelerator (formerly PTAC) that counsels small firms entering government contracting; its clients hit Davis-Bacon and WH-347 on their first federal construction award, so it is a natural referral and co-training partner.","","program manager or procurement counselor","https://www.napex.us/location/maine-apex-accelerator-hq/","directory","verified","2026-09-03","National APEX Accelerator Alliance locator, queried by state 'Maine'; NAPEX does not publish the accelerator's own URL in this record"
"wagelens","partner","APEX Accelerator","Maine APEX Accelerator - Mid-State","","Maine","listed in the National APEX Accelerator Alliance locator for Maine","Federally funded APEX Accelerator (formerly PTAC) that counsels small firms entering government contracting; its clients hit Davis-Bacon and WH-347 on their first federal construction award, so it is a natural referral and co-training partner.","","program manager or procurement counselor","https://www.napex.us/location/maine-apex-accelerator-mid-state/","directory","verified","2026-09-03","National APEX Accelerator Alliance locator, queried by state 'Maine'; NAPEX does not publish the accelerator's own URL in this record"
"wagelens","partner","APEX Accelerator","Maine APEX Accelerator - North","","Maine","listed in the National APEX Accelerator Alliance locator for Maine","Federally funded APEX Accelerator (formerly PTAC) that counsels small firms entering government contracting; its clients hit Davis-Bacon and WH-347 on their first federal construction award, so it is a natural referral and co-training partner.","","program manager or procurement counselor","https://www.napex.us/location/maine-apex-accelerator-north/","directory","verified","2026-09-03","National APEX Accelerator Alliance locator, queried by state 'Maine'; NAPEX does not publish the accelerator's own URL in this record"
"wagelens","partner","APEX Accelerator","Maine APEX Accelerator - Southwest","","Maine","listed in the National APEX Accelerator Alliance locator for Maine","Federally funded APEX Accelerator (formerly PTAC) that counsels small firms entering government contracting; its clients hit Davis-Bacon and WH-347 on their first federal construction award, so it is a natural referral and co-training partner.","","program manager or procurement counselor","https://www.napex.us/location/maine-apex-accelerator-southwest/","directory","verified","2026-09-03","National APEX Accelerator Alliance locator, queried by state 'Maine'; NAPEX does not publish the accelerator's own URL in this record"
"wagelens","partner","APEX Accelerator","Maryland APEX Accelerator - Anne Arundel County Economic Development Corporation","","Maryland","listed in the National APEX Accelerator Alliance locator for Maryland","Federally funded APEX Accelerator (formerly PTAC) that counsels small firms entering government contracting; its clients hit Davis-Bacon and WH-347 on their first federal construction award, so it is a natural referral and co-training partner.","","program manager or procurement counselor","https://www.napex.us/location/maryland-apex-accelerator-anne-arundel-county-economic-development-corporation/","directory","verified","2026-09-03","National APEX Accelerator Alliance locator, queried by state 'Maryland'; NAPEX does not publish the accelerator's own URL in this record"
"wagelens","partner","APEX Accelerator","Maryland APEX Accelerator - Bowie City Hall  Economic Development","","Maryland","listed in the National APEX Accelerator Alliance locator for Maryland","Federally funded APEX Accelerator (formerly PTAC) that counsels small firms entering government contracting; its clients hit Davis-Bacon and WH-347 on their first federal construction award, so it is a natural referral and co-training partner.","","program manager or procurement counselor","https://www.napex.us/location/maryland-apex-accelerator-bowie-city-hall-economic-development/","directory","verified","2026-09-03","National APEX Accelerator Alliance locator, queried by state 'Maryland'; NAPEX does not publish the accelerator's own URL in this record"
"wagelens","partner","APEX Accelerator","Maryland APEX Accelerator - Howard County Economic Development Authority","","Maryland","listed in the National APEX Accelerator Alliance locator for Maryland","Federally funded APEX Accelerator (formerly PTAC) that counsels small firms entering government contracting; its clients hit Davis-Bacon and WH-347 on their first federal construction award, so it is a natural referral and co-training partner.","","program manager or procurement counselor","https://www.napex.us/location/maryland-apex-accelerator-howard-county-economic-development-authority/","directory","verified","2026-09-03","National APEX Accelerator Alliance locator, queried by state 'Maryland'; NAPEX does not publish the accelerator's own URL in this record"
"wagelens","partner","APEX Accelerator","Maryland APEX Accelerator - HQ","","Maryland","listed in the National APEX Accelerator Alliance locator for Maryland","Federally funded APEX Accelerator (formerly PTAC) that counsels small firms entering government contracting; its clients hit Davis-Bacon and WH-347 on their first federal construction award, so it is a natural referral and co-training partner.","","program manager or procurement counselor","https://www.napex.us/location/maryland-apex-accelerator-hq/","directory","verified","2026-09-03","National APEX Accelerator Alliance locator, queried by state 'Maryland'; NAPEX does not publish the accelerator's own URL in this record"
"wagelens","partner","APEX Accelerator","Massachusetts APEX Accelerator","","Massachusetts","listed in the National APEX Accelerator Alliance locator for Massachusetts","Federally funded APEX Accelerator (formerly PTAC) that counsels small firms entering government contracting; its clients hit Davis-Bacon and WH-347 on their first federal construction award, so it is a natural referral and co-training partner.","","program manager or procurement counselor","https://www.napex.us/location/massachusetts-apex-accelerator/","directory","verified","2026-09-03","National APEX Accelerator Alliance locator, queried by state 'Massachusetts'; NAPEX does not publish the accelerator's own URL in this record"
"wagelens","partner","APEX Accelerator","East Michigan APEX Accelerator","","Michigan","listed in the National APEX Accelerator Alliance locator for Michigan","Federally funded APEX Accelerator (formerly PTAC) that counsels small firms entering government contracting; its clients hit Davis-Bacon and WH-347 on their first federal construction award, so it is a natural referral and co-training partner.","","program manager or procurement counselor","https://www.napex.us/location/east-michigan-apex-accelerator/","directory","verified","2026-09-03","National APEX Accelerator Alliance locator, queried by state 'Michigan'; NAPEX does not publish the accelerator's own URL in this record"
"wagelens","partner","APEX Accelerator","Macomb Regional APEX Accelerator","","Michigan","listed in the National APEX Accelerator Alliance locator for Michigan","Federally funded APEX Accelerator (formerly PTAC) that counsels small firms entering government contracting; its clients hit Davis-Bacon and WH-347 on their first federal construction award, so it is a natural referral and co-training partner.","","program manager or procurement counselor","https://www.napex.us/location/macomb-regional-apex-accelerator/","directory","verified","2026-09-03","National APEX Accelerator Alliance locator, queried by state 'Michigan'; NAPEX does not publish the accelerator's own URL in this record"
"wagelens","partner","APEX Accelerator","Northeast Michigan APEX Accelerator","","Michigan","listed in the National APEX Accelerator Alliance locator for Michigan","Federally funded APEX Accelerator (formerly PTAC) that counsels small firms entering government contracting; its clients hit Davis-Bacon and WH-347 on their first federal construction award, so it is a natural referral and co-training partner.","","program manager or procurement counselor","https://www.napex.us/location/northeast-michigan-apex-accelerator/","directory","verified","2026-09-03","National APEX Accelerator Alliance locator, queried by state 'Michigan'; NAPEX does not publish the accelerator's own URL in this record"
"wagelens","partner","APEX Accelerator","Northwest Michigan APEX Accelerator - HQ","","Michigan","listed in the National APEX Accelerator Alliance locator for Michigan","Federally funded APEX Accelerator (formerly PTAC) that counsels small firms entering government contracting; its clients hit Davis-Bacon and WH-347 on their first federal construction award, so it is a natural referral and co-training partner.","","program manager or procurement counselor","https://www.napex.us/location/northwest-michigan-apex-accelerator-hq/","directory","verified","2026-09-03","National APEX Accelerator Alliance locator, queried by state 'Michigan'; NAPEX does not publish the accelerator's own URL in this record"
"wagelens","partner","APEX Accelerator","Northwest Michigan APEX Accelerator - Saginaw Future Inc","","Michigan","listed in the National APEX Accelerator Alliance locator for Michigan","Federally funded APEX Accelerator (formerly PTAC) that counsels small firms entering government contracting; its clients hit Davis-Bacon and WH-347 on their first federal construction award, so it is a natural referral and co-training partner.","","program manager or procurement counselor","https://www.napex.us/location/northwest-michigan-apex-accelerator-saginaw-future-inc/","directory","verified","2026-09-03","National APEX Accelerator Alliance locator, queried by state 'Michigan'; NAPEX does not publish the accelerator's own URL in this record"
"wagelens","partner","APEX Accelerator","Schoolcraft College APEX Accelerator - Schoolcraft College HQ","","Michigan","listed in the National APEX Accelerator Alliance locator for Michigan","Federally funded APEX Accelerator (formerly PTAC) that counsels small firms entering government contracting; its clients hit Davis-Bacon and WH-347 on their first federal construction award, so it is a natural referral and co-training partner.","","program manager or procurement counselor","https://www.napex.us/location/schoolcraft-college-apex-accelerator-schoolcraft-college-hq/","directory","verified","2026-09-03","National APEX Accelerator Alliance locator, queried by state 'Michigan'; NAPEX does not publish the accelerator's own URL in this record"
"wagelens","partner","APEX Accelerator","Schoolcraft College APEX Accelerator - Wayne State University","","Michigan","listed in the National APEX Accelerator Alliance locator for Michigan","Federally funded APEX Accelerator (formerly PTAC) that counsels small firms entering government contracting; its clients hit Davis-Bacon and WH-347 on their first federal construction award, so it is a natural referral and co-training partner.","","program manager or procurement counselor","https://www.napex.us/location/schoolcraft-college-apex-accelerator-wayne-state-university/","directory","verified","2026-09-03","National APEX Accelerator Alliance locator, queried by state 'Michigan'; NAPEX does not publish the accelerator's own URL in this record"
"wagelens","partner","APEX Accelerator","South Central Michigan APEX Accelerator","","Michigan","listed in the National APEX Accelerator Alliance locator for Michigan","Federally funded APEX Accelerator (formerly PTAC) that counsels small firms entering government contracting; its clients hit Davis-Bacon and WH-347 on their first federal construction award, so it is a natural referral and co-training partner.","","program manager or procurement counselor","https://www.napex.us/location/south-central-michigan-apex-accelerator/","directory","verified","2026-09-03","National APEX Accelerator Alliance locator, queried by state 'Michigan'; NAPEX does not publish the accelerator's own URL in this record"
"wagelens","partner","APEX Accelerator","Southwest Michigan APEX Accelerator","","Michigan","listed in the National APEX Accelerator Alliance locator for Michigan","Federally funded APEX Accelerator (formerly PTAC) that counsels small firms entering government contracting; its clients hit Davis-Bacon and WH-347 on their first federal construction award, so it is a natural referral and co-training partner.","","program manager or procurement counselor","https://www.napex.us/location/southwest-michigan-apex-accelerator/","directory","verified","2026-09-03","National APEX Accelerator Alliance locator, queried by state 'Michigan'; NAPEX does not publish the accelerator's own URL in this record"
"wagelens","partner","APEX Accelerator","West Michigan APEX Accelerator - Grand Rapids","","Michigan","listed in the National APEX Accelerator Alliance locator for Michigan","Federally funded APEX Accelerator (formerly PTAC) that counsels small firms entering government contracting; its clients hit Davis-Bacon and WH-347 on their first federal construction award, so it is a natural referral and co-training partner.","","program manager or procurement counselor","https://www.napex.us/location/west-michigan-apex-accelerator-grand-rapids/","directory","verified","2026-09-03","National APEX Accelerator Alliance locator, queried by state 'Michigan'; NAPEX does not publish the accelerator's own URL in this record"
"wagelens","partner","APEX Accelerator","West Michigan APEX Accelerator - Muskegon HQ","","Michigan","listed in the National APEX Accelerator Alliance locator for Michigan","Federally funded APEX Accelerator (formerly PTAC) that counsels small firms entering government contracting; its clients hit Davis-Bacon and WH-347 on their first federal construction award, so it is a natural referral and co-training partner.","","program manager or procurement counselor","https://www.napex.us/location/west-michigan-apex-accelerator-muskegon-hq/","directory","verified","2026-09-03","National APEX Accelerator Alliance locator, queried by state 'Michigan'; NAPEX does not publish the accelerator's own URL in this record"
"wagelens","partner","APEX Accelerator","Minnesota APEX Accelerator","","Minnesota","listed in the National APEX Accelerator Alliance locator for Minnesota","Federally funded APEX Accelerator (formerly PTAC) that counsels small firms entering government contracting; its clients hit Davis-Bacon and WH-347 on their first federal construction award, so it is a natural referral and co-training partner.","","program manager or procurement counselor","https://www.napex.us/location/minnesota-apex-accelerator/","directory","verified","2026-09-03","National APEX Accelerator Alliance locator, queried by state 'Minnesota'; NAPEX does not publish the accelerator's own URL in this record"
"wagelens","partner","APEX Accelerator","Mississippi APEX Accelerator - Central Office","","Mississippi","listed in the National APEX Accelerator Alliance locator for Mississippi","Federally funded APEX Accelerator (formerly PTAC) that counsels small firms entering government contracting; its clients hit Davis-Bacon and WH-347 on their first federal construction award, so it is a natural referral and co-training partner.","","program manager or procurement counselor","https://www.napex.us/location/mississippi-apex-accelerator-central-office/","directory","verified","2026-09-03","National APEX Accelerator Alliance locator, queried by state 'Mississippi'; NAPEX does not publish the accelerator's own URL in this record"
"wagelens","partner","APEX Accelerator","Mississippi APEX Accelerator - East Office","","Mississippi","listed in the National APEX Accelerator Alliance locator for Mississippi","Federally funded APEX Accelerator (formerly PTAC) that counsels small firms entering government contracting; its clients hit Davis-Bacon and WH-347 on their first federal construction award, so it is a natural referral and co-training partner.","","program manager or procurement counselor","https://www.napex.us/location/mississippi-apex-accelerator-east-office/","directory","verified","2026-09-03","National APEX Accelerator Alliance locator, queried by state 'Mississippi'; NAPEX does not publish the accelerator's own URL in this record"
"wagelens","partner","APEX Accelerator","Mississippi APEX Accelerator - HQ","","Mississippi","listed in the National APEX Accelerator Alliance locator for Mississippi","Federally funded APEX Accelerator (formerly PTAC) that counsels small firms entering government contracting; its clients hit Davis-Bacon and WH-347 on their first federal construction award, so it is a natural referral and co-training partner.","","program manager or procurement counselor","https://www.napex.us/location/mississippi-apex-accelerator-hq/","directory","verified","2026-09-03","National APEX Accelerator Alliance locator, queried by state 'Mississippi'; NAPEX does not publish the accelerator's own URL in this record"
"wagelens","partner","APEX Accelerator","Mississippi APEX Accelerator - NE Office","","Mississippi","listed in the National APEX Accelerator Alliance locator for Mississippi","Federally funded APEX Accelerator (formerly PTAC) that counsels small firms entering government contracting; its clients hit Davis-Bacon and WH-347 on their first federal construction award, so it is a natural referral and co-training partner.","","program manager or procurement counselor","https://www.napex.us/location/mississippi-apex-accelerator-ne-office/","directory","verified","2026-09-03","National APEX Accelerator Alliance locator, queried by state 'Mississippi'; NAPEX does not publish the accelerator's own URL in this record"
"wagelens","partner","APEX Accelerator","Mississippi APEX Accelerator - NW Office","","Mississippi","listed in the National APEX Accelerator Alliance locator for Mississippi","Federally funded APEX Accelerator (formerly PTAC) that counsels small firms entering government contracting; its clients hit Davis-Bacon and WH-347 on their first federal construction award, so it is a natural referral and co-training partner.","","program manager or procurement counselor","https://www.napex.us/location/mississippi-apex-accelerator-nw-office/","directory","verified","2026-09-03","National APEX Accelerator Alliance locator, queried by state 'Mississippi'; NAPEX does not publish the accelerator's own URL in this record"
"wagelens","partner","APEX Accelerator","Mississippi APEX Accelerator - South Office","","Mississippi","listed in the National APEX Accelerator Alliance locator for Mississippi","Federally funded APEX Accelerator (formerly PTAC) that counsels small firms entering government contracting; its clients hit Davis-Bacon and WH-347 on their first federal construction award, so it is a natural referral and co-training partner.","","program manager or procurement counselor","https://www.napex.us/location/mississippi-apex-accelerator-south-office/","directory","verified","2026-09-03","National APEX Accelerator Alliance locator, queried by state 'Mississippi'; NAPEX does not publish the accelerator's own URL in this record"
"wagelens","partner","APEX Accelerator","Missouri APEX Accelerator - Columbia HQ","","Missouri","listed in the National APEX Accelerator Alliance locator for Missouri","Federally funded APEX Accelerator (formerly PTAC) that counsels small firms entering government contracting; its clients hit Davis-Bacon and WH-347 on their first federal construction award, so it is a natural referral and co-training partner.","","program manager or procurement counselor","https://www.napex.us/location/missouri-apex-accelerator-columbia-hq/","directory","verified","2026-09-03","National APEX Accelerator Alliance locator, queried by state 'Missouri'; NAPEX does not publish the accelerator's own URL in this record"
"wagelens","partner","APEX Accelerator","Missouri APEX Accelerator - Kansas City Region","","Missouri","listed in the National APEX Accelerator Alliance locator for Missouri","Federally funded APEX Accelerator (formerly PTAC) that counsels small firms entering government contracting; its clients hit Davis-Bacon and WH-347 on their first federal construction award, so it is a natural referral and co-training partner.","","program manager or procurement counselor","https://www.napex.us/location/missouri-apex-accelerator-kansas-city-region/","directory","verified","2026-09-03","National APEX Accelerator Alliance locator, queried by state 'Missouri'; NAPEX does not publish the accelerator's own URL in this record"
"wagelens","partner","APEX Accelerator","Missouri APEX Accelerator - Springfield Region","","Missouri","listed in the National APEX Accelerator Alliance locator for Missouri","Federally funded APEX Accelerator (formerly PTAC) that counsels small firms entering government contracting; its clients hit Davis-Bacon and WH-347 on their first federal construction award, so it is a natural referral and co-training partner.","","program manager or procurement counselor","https://www.napex.us/location/missouri-apex-accelerator-springfield-region/","directory","verified","2026-09-03","National APEX Accelerator Alliance locator, queried by state 'Missouri'; NAPEX does not publish the accelerator's own URL in this record"
"wagelens","partner","APEX Accelerator","Missouri APEX Accelerator - St. Louis Region","","Missouri","listed in the National APEX Accelerator Alliance locator for Missouri","Federally funded APEX Accelerator (formerly PTAC) that counsels small firms entering government contracting; its clients hit Davis-Bacon and WH-347 on their first federal construction award, so it is a natural referral and co-training partner.","","program manager or procurement counselor","https://www.napex.us/location/missouri-apex-accelerator-st-louis-region/","directory","verified","2026-09-03","National APEX Accelerator Alliance locator, queried by state 'Missouri'; NAPEX does not publish the accelerator's own URL in this record"
"wagelens","partner","APEX Accelerator","Missouri APEX Accelerator - West Plains Region","","Missouri","listed in the National APEX Accelerator Alliance locator for Missouri","Federally funded APEX Accelerator (formerly PTAC) that counsels small firms entering government contracting; its clients hit Davis-Bacon and WH-347 on their first federal construction award, so it is a natural referral and co-training partner.","","program manager or procurement counselor","https://www.napex.us/location/missouri-apex-accelerator-west-plains-region/","directory","verified","2026-09-03","National APEX Accelerator Alliance locator, queried by state 'Missouri'; NAPEX does not publish the accelerator's own URL in this record"
"wagelens","partner","APEX Accelerator","Montana APEX Accelerator - Billings HQ","","Montana","listed in the National APEX Accelerator Alliance locator for Montana","Federally funded APEX Accelerator (formerly PTAC) that counsels small firms entering government contracting; its clients hit Davis-Bacon and WH-347 on their first federal construction award, so it is a natural referral and co-training partner.","","program manager or procurement counselor","https://www.napex.us/location/montana-apex-accelerator-billings-hq/","directory","verified","2026-09-03","National APEX Accelerator Alliance locator, queried by state 'Montana'; NAPEX does not publish the accelerator's own URL in this record"
"wagelens","partner","APEX Accelerator","Montana APEX Accelerator - Great Falls","","Montana","listed in the National APEX Accelerator Alliance locator for Montana","Federally funded APEX Accelerator (formerly PTAC) that counsels small firms entering government contracting; its clients hit Davis-Bacon and WH-347 on their first federal construction award, so it is a natural referral and co-training partner.","","program manager or procurement counselor","https://www.napex.us/location/montana-apex-accelerator-great-falls/","directory","verified","2026-09-03","National APEX Accelerator Alliance locator, queried by state 'Montana'; NAPEX does not publish the accelerator's own URL in this record"
"wagelens","partner","APEX Accelerator","Montana APEX Accelerator - Kalispel","","Montana","listed in the National APEX Accelerator Alliance locator for Montana","Federally funded APEX Accelerator (formerly PTAC) that counsels small firms entering government contracting; its clients hit Davis-Bacon and WH-347 on their first federal construction award, so it is a natural referral and co-training partner.","","program manager or procurement counselor","https://www.napex.us/location/montana-apex-accelerator-kalispel/","directory","verified","2026-09-03","National APEX Accelerator Alliance locator, queried by state 'Montana'; NAPEX does not publish the accelerator's own URL in this record"
"wagelens","partner","APEX Accelerator","Montana APEX Accelerator - Lewiston","","Montana","listed in the National APEX Accelerator Alliance locator for Montana","Federally funded APEX Accelerator (formerly PTAC) that counsels small firms entering government contracting; its clients hit Davis-Bacon and WH-347 on their first federal construction award, so it is a natural referral and co-training partner.","","program manager or procurement counselor","https://www.napex.us/location/montana-apex-accelerator-lewiston/","directory","verified","2026-09-03","National APEX Accelerator Alliance locator, queried by state 'Montana'; NAPEX does not publish the accelerator's own URL in this record"
"wagelens","partner","APEX Accelerator","Montana APEX Accelerator - Missoula","","Montana","listed in the National APEX Accelerator Alliance locator for Montana","Federally funded APEX Accelerator (formerly PTAC) that counsels small firms entering government contracting; its clients hit Davis-Bacon and WH-347 on their first federal construction award, so it is a natural referral and co-training partner.","","program manager or procurement counselor","https://www.napex.us/location/montana-apex-accelerator-missoula/","directory","verified","2026-09-03","National APEX Accelerator Alliance locator, queried by state 'Montana'; NAPEX does not publish the accelerator's own URL in this record"
"wagelens","partner","APEX Accelerator","Montana APEX Accelerator - Southwest","","Montana","listed in the National APEX Accelerator Alliance locator for Montana","Federally funded APEX Accelerator (formerly PTAC) that counsels small firms entering government contracting; its clients hit Davis-Bacon and WH-347 on their first federal construction award, so it is a natural referral and co-training partner.","","program manager or procurement counselor","https://www.napex.us/location/montana-apex-accelerator-southwest/","directory","verified","2026-09-03","National APEX Accelerator Alliance locator, queried by state 'Montana'; NAPEX does not publish the accelerator's own URL in this record"
"wagelens","partner","APEX Accelerator","Native American Development Corporation APEX","","Montana","listed in the National APEX Accelerator Alliance locator for Montana","Federally funded APEX Accelerator (formerly PTAC) that counsels small firms entering government contracting; its clients hit Davis-Bacon and WH-347 on their first federal construction award, so it is a natural referral and co-training partner.","","program manager or procurement counselor","https://www.napex.us/location/native-american-development-corporation-apex/","directory","verified","2026-09-03","National APEX Accelerator Alliance locator, queried by state 'Montana'; NAPEX does not publish the accelerator's own URL in this record"
"wagelens","partner","APEX Accelerator","NBDC APEX Accelerator - Kearney","","Nebraska","listed in the National APEX Accelerator Alliance locator for Nebraska","Federally funded APEX Accelerator (formerly PTAC) that counsels small firms entering government contracting; its clients hit Davis-Bacon and WH-347 on their first federal construction award, so it is a natural referral and co-training partner.","","program manager or procurement counselor","https://www.napex.us/location/nbdc-apex-accelerator-kearney/","directory","verified","2026-09-03","National APEX Accelerator Alliance locator, queried by state 'Nebraska'; NAPEX does not publish the accelerator's own URL in this record"
"wagelens","partner","APEX Accelerator","NBDC APEX Accelerator - Lincoln","","Nebraska","listed in the National APEX Accelerator Alliance locator for Nebraska","Federally funded APEX Accelerator (formerly PTAC) that counsels small firms entering government contracting; its clients hit Davis-Bacon and WH-347 on their first federal construction award, so it is a natural referral and co-training partner.","","program manager or procurement counselor","https://www.napex.us/location/nbdc-apex-accelerator-lincoln/","directory","verified","2026-09-03","National APEX Accelerator Alliance locator, queried by state 'Nebraska'; NAPEX does not publish the accelerator's own URL in this record"
"wagelens","partner","APEX Accelerator","NBDC APEX Accelerator - Norfolk","","Nebraska","listed in the National APEX Accelerator Alliance locator for Nebraska","Federally funded APEX Accelerator (formerly PTAC) that counsels small firms entering government contracting; its clients hit Davis-Bacon and WH-347 on their first federal construction award, so it is a natural referral and co-training partner.","","program manager or procurement counselor","https://www.napex.us/location/nbdc-apex-accelerator-norfolk/","directory","verified","2026-09-03","National APEX Accelerator Alliance locator, queried by state 'Nebraska'; NAPEX does not publish the accelerator's own URL in this record"
"wagelens","partner","APEX Accelerator","NBDC APEX Accelerator - Omaha HQ","","Nebraska","listed in the National APEX Accelerator Alliance locator for Nebraska","Federally funded APEX Accelerator (formerly PTAC) that counsels small firms entering government contracting; its clients hit Davis-Bacon and WH-347 on their first federal construction award, so it is a natural referral and co-training partner.","","program manager or procurement counselor","https://www.napex.us/location/nbdc-apex-accelerator-omaha-hq/","directory","verified","2026-09-03","National APEX Accelerator Alliance locator, queried by state 'Nebraska'; NAPEX does not publish the accelerator's own URL in this record"
"wagelens","partner","APEX Accelerator","Nebraska Indian Community College (NICC) APEX Accelerator - Macy Campus HQ","","Nebraska","listed in the National APEX Accelerator Alliance locator for Nebraska","Federally funded APEX Accelerator (formerly PTAC) that counsels small firms entering government contracting; its clients hit Davis-Bacon and WH-347 on their first federal construction award, so it is a natural referral and co-training partner.","","program manager or procurement counselor","https://www.napex.us/location/nebraska-indian-community-college-nicc-apex-accelerator-macy-campus-hq/","directory","verified","2026-09-03","National APEX Accelerator Alliance locator, queried by state 'Nebraska'; NAPEX does not publish the accelerator's own URL in this record"
"wagelens","partner","APEX Accelerator","Nebraska Indian Community College (NICC) APEX Accelerator - Santee Campus","","Nebraska","listed in the National APEX Accelerator Alliance locator for Nebraska","Federally funded APEX Accelerator (formerly PTAC) that counsels small firms entering government contracting; its clients hit Davis-Bacon and WH-347 on their first federal construction award, so it is a natural referral and co-training partner.","","program manager or procurement counselor","https://www.napex.us/location/nebraska-indian-community-college-nicc-apex-accelerator-santee-campus/","directory","verified","2026-09-03","National APEX Accelerator Alliance locator, queried by state 'Nebraska'; NAPEX does not publish the accelerator's own URL in this record"
"wagelens","partner","APEX Accelerator","Nevada APEX Accelerator - Carson City Office","","Nevada","listed in the National APEX Accelerator Alliance locator for Nevada","Federally funded APEX Accelerator (formerly PTAC) that counsels small firms entering government contracting; its clients hit Davis-Bacon and WH-347 on their first federal construction award, so it is a natural referral and co-training partner.","","program manager or procurement counselor","https://www.napex.us/location/nevada-apex-accelerator-carson-city-office/","directory","verified","2026-09-03","National APEX Accelerator Alliance locator, queried by state 'Nevada'; NAPEX does not publish the accelerator's own URL in this record"
"wagelens","partner","APEX Accelerator","Nevada APEX Accelerator - Las Vegas HQ","","Nevada","listed in the National APEX Accelerator Alliance locator for Nevada","Federally funded APEX Accelerator (formerly PTAC) that counsels small firms entering government contracting; its clients hit Davis-Bacon and WH-347 on their first federal construction award, so it is a natural referral and co-training partner.","","program manager or procurement counselor","https://www.napex.us/location/nevada-apex-accelerator-las-vegas-hq/","directory","verified","2026-09-03","National APEX Accelerator Alliance locator, queried by state 'Nevada'; NAPEX does not publish the accelerator's own URL in this record"
"wagelens","partner","APEX Accelerator","New Hampshire APEX Accelerator","","New Hampshire","listed in the National APEX Accelerator Alliance locator for New Hampshire","Federally funded APEX Accelerator (formerly PTAC) that counsels small firms entering government contracting; its clients hit Davis-Bacon and WH-347 on their first federal construction award, so it is a natural referral and co-training partner.","","program manager or procurement counselor","https://www.napex.us/location/new-hampshire-apex-accelerator/","directory","verified","2026-09-03","National APEX Accelerator Alliance locator, queried by state 'New Hampshire'; NAPEX does not publish the accelerator's own URL in this record"
"wagelens","partner","APEX Accelerator","NJIT APEX Accelerator - Camden Office","","New Jersey","listed in the National APEX Accelerator Alliance locator for New Jersey","Federally funded APEX Accelerator (formerly PTAC) that counsels small firms entering government contracting; its clients hit Davis-Bacon and WH-347 on their first federal construction award, so it is a natural referral and co-training partner.","","program manager or procurement counselor","https://www.napex.us/location/njit-apex-accelerator-camden-office/","directory","verified","2026-09-03","National APEX Accelerator Alliance locator, queried by state 'New Jersey'; NAPEX does not publish the accelerator's own URL in this record"
"wagelens","partner","APEX Accelerator","NJIT APEX Accelerator - Landing HQ","","New Jersey","listed in the National APEX Accelerator Alliance locator for New Jersey","Federally funded APEX Accelerator (formerly PTAC) that counsels small firms entering government contracting; its clients hit Davis-Bacon and WH-347 on their first federal construction award, so it is a natural referral and co-training partner.","","program manager or procurement counselor","https://www.napex.us/location/njit-apex-accelerator-landing-hq/","directory","verified","2026-09-03","National APEX Accelerator Alliance locator, queried by state 'New Jersey'; NAPEX does not publish the accelerator's own URL in this record"
"wagelens","partner","APEX Accelerator","Union County Economic Development Corp. APEX Accelerator","","New Jersey","listed in the National APEX Accelerator Alliance locator for New Jersey","Federally funded APEX Accelerator (formerly PTAC) that counsels small firms entering government contracting; its clients hit Davis-Bacon and WH-347 on their first federal construction award, so it is a natural referral and co-training partner.","","program manager or procurement counselor","https://www.napex.us/location/union-county-economic-development-corp-apex-accelerator/","directory","verified","2026-09-03","National APEX Accelerator Alliance locator, queried by state 'New Jersey'; NAPEX does not publish the accelerator's own URL in this record"
"wagelens","partner","APEX Accelerator","NCAIED APEX Accelerator - New Mexico / Southwest BIA Region","","New Mexico","listed in the National APEX Accelerator Alliance locator for New Mexico","Federally funded APEX Accelerator (formerly PTAC) that counsels small firms entering government contracting; its clients hit Davis-Bacon and WH-347 on their first federal construction award, so it is a natural referral and co-training partner.","","program manager or procurement counselor","https://www.napex.us/location/ncaied-apex-accelerator-new-mexico-southwest-bia-region/","directory","verified","2026-09-03","National APEX Accelerator Alliance locator, queried by state 'New Mexico'; NAPEX does not publish the accelerator's own URL in this record"
"wagelens","partner","APEX Accelerator","New Mexico APEX Accelerator - Albuquerque (Albuquerque Hispano Chamber of Commerce)","","New Mexico","listed in the National APEX Accelerator Alliance locator for New Mexico","Federally funded APEX Accelerator (formerly PTAC) that counsels small firms entering government contracting; its clients hit Davis-Bacon and WH-347 on their first federal construction award, so it is a natural referral and co-training partner.","","program manager or procurement counselor","https://www.napex.us/location/new-mexico-apex-accelerator-albuquerque-albuquerque-hispano-chamber-of-commerce/","directory","verified","2026-09-03","National APEX Accelerator Alliance locator, queried by state 'New Mexico'; NAPEX does not publish the accelerator's own URL in this record"
"wagelens","partner","APEX Accelerator","New Mexico APEX Accelerator - Albuquerque (CNM Workforce Training Center)","","New Mexico","listed in the National APEX Accelerator Alliance locator for New Mexico","Federally funded APEX Accelerator (formerly PTAC) that counsels small firms entering government contracting; its clients hit Davis-Bacon and WH-347 on their first federal construction award, so it is a natural referral and co-training partner.","","program manager or procurement counselor","https://www.napex.us/location/new-mexico-apex-accelerator-albuquerque-cnm-workforce-training-center/","directory","verified","2026-09-03","National APEX Accelerator Alliance locator, queried by state 'New Mexico'; NAPEX does not publish the accelerator's own URL in this record"
"wagelens","partner","APEX Accelerator","New Mexico APEX Accelerator - Albuquerque (NewSpace LaunchPad)","","New Mexico","listed in the National APEX Accelerator Alliance locator for New Mexico","Federally funded APEX Accelerator (formerly PTAC) that counsels small firms entering government contracting; its clients hit Davis-Bacon and WH-347 on their first federal construction award, so it is a natural referral and co-training partner.","","program manager or procurement counselor","https://www.napex.us/location/new-mexico-apex-accelerator-albuquerque-newspace-launchpad/","directory","verified","2026-09-03","National APEX Accelerator Alliance locator, queried by state 'New Mexico'; NAPEX does not publish the accelerator's own URL in this record"
"wagelens","partner","APEX Accelerator","New Mexico APEX Accelerator - Albuquerque (Q Station)","","New Mexico","listed in the National APEX Accelerator Alliance locator for New Mexico","Federally funded APEX Accelerator (formerly PTAC) that counsels small firms entering government contracting; its clients hit Davis-Bacon and WH-347 on their first federal construction award, so it is a natural referral and co-training partner.","","program manager or procurement counselor","https://www.napex.us/location/new-mexico-apex-accelerator-albuquerque-q-station/","directory","verified","2026-09-03","National APEX Accelerator Alliance locator, queried by state 'New Mexico'; NAPEX does not publish the accelerator's own URL in this record"
"wagelens","partner","APEX Accelerator","New Mexico APEX Accelerator - Clovis","","New Mexico","listed in the National APEX Accelerator Alliance locator for New Mexico","Federally funded APEX Accelerator (formerly PTAC) that counsels small firms entering government contracting; its clients hit Davis-Bacon and WH-347 on their first federal construction award, so it is a natural referral and co-training partner.","","program manager or procurement counselor","https://www.napex.us/location/new-mexico-apex-accelerator-clovis/","directory","verified","2026-09-03","National APEX Accelerator Alliance locator, queried by state 'New Mexico'; NAPEX does not publish the accelerator's own URL in this record"
"wagelens","partner","APEX Accelerator","New Mexico APEX Accelerator - HQ","","New Mexico","listed in the National APEX Accelerator Alliance locator for New Mexico","Federally funded APEX Accelerator (formerly PTAC) that counsels small firms entering government contracting; its clients hit Davis-Bacon and WH-347 on their first federal construction award, so it is a natural referral and co-training partner.","","program manager or procurement counselor","https://www.napex.us/location/new-mexico-apex-accelerator-hq/","directory","verified","2026-09-03","National APEX Accelerator Alliance locator, queried by state 'New Mexico'; NAPEX does not publish the accelerator's own URL in this record"
"wagelens","partner","APEX Accelerator","New Mexico APEX Accelerator - Las Cruces","","New Mexico","listed in the National APEX Accelerator Alliance locator for New Mexico","Federally funded APEX Accelerator (formerly PTAC) that counsels small firms entering government contracting; its clients hit Davis-Bacon and WH-347 on their first federal construction award, so it is a natural referral and co-training partner.","","program manager or procurement counselor","https://www.napex.us/location/new-mexico-apex-accelerator-las-cruces/","directory","verified","2026-09-03","National APEX Accelerator Alliance locator, queried by state 'New Mexico'; NAPEX does not publish the accelerator's own URL in this record"
"wagelens","partner","APEX Accelerator","New Mexico APEX Accelerator - Santa Fe (SFCC Higher Education Center)","","New Mexico","listed in the National APEX Accelerator Alliance locator for New Mexico","Federally funded APEX Accelerator (formerly PTAC) that counsels small firms entering government contracting; its clients hit Davis-Bacon and WH-347 on their first federal construction award, so it is a natural referral and co-training partner.","","program manager or procurement counselor","https://www.napex.us/location/new-mexico-apex-accelerator-santa-fe-sfcc-higher-education-center/","directory","verified","2026-09-03","National APEX Accelerator Alliance locator, queried by state 'New Mexico'; NAPEX does not publish the accelerator's own URL in this record"
"wagelens","partner","APEX Accelerator","Empire APEX Accelerator - Rome HQ","","New York","listed in the National APEX Accelerator Alliance locator for New York","Federally funded APEX Accelerator (formerly PTAC) that counsels small firms entering government contracting; its clients hit Davis-Bacon and WH-347 on their first federal construction award, so it is a natural referral and co-training partner.","","program manager or procurement counselor","https://www.napex.us/location/empire-apex-accelerator-rome-hq/","directory","verified","2026-09-03","National APEX Accelerator Alliance locator, queried by state 'New York'; NAPEX does not publish the accelerator's own URL in this record"
"wagelens","partner","APEX Accelerator","Empire APEX Accelerator - Troy","","New York","listed in the National APEX Accelerator Alliance locator for New York","Federally funded APEX Accelerator (formerly PTAC) that counsels small firms entering government contracting; its clients hit Davis-Bacon and WH-347 on their first federal construction award, so it is a natural referral and co-training partner.","","program manager or procurement counselor","https://www.napex.us/location/empire-apex-accelerator-troy/","directory","verified","2026-09-03","National APEX Accelerator Alliance locator, queried by state 'New York'; NAPEX does not publish the accelerator's own URL in this record"
"wagelens","partner","APEX Accelerator","LaGuardia Apex Accelerator","","New York","listed in the National APEX Accelerator Alliance locator for New York","Federally funded APEX Accelerator (formerly PTAC) that counsels small firms entering government contracting; its clients hit Davis-Bacon and WH-347 on their first federal construction award, so it is a natural referral and co-training partner.","","program manager or procurement counselor","https://www.napex.us/location/laguardia-apex-accelerator/","directory","verified","2026-09-03","National APEX Accelerator Alliance locator, queried by state 'New York'; NAPEX does not publish the accelerator's own URL in this record"
"wagelens","partner","APEX Accelerator","Monroe County - Upstate New York APEX Accelerator","","New York","listed in the National APEX Accelerator Alliance locator for New York","Federally funded APEX Accelerator (formerly PTAC) that counsels small firms entering government contracting; its clients hit Davis-Bacon and WH-347 on their first federal construction award, so it is a natural referral and co-training partner.","","program manager or procurement counselor","https://www.napex.us/location/monroe-county-upstate-new-york-apex-accelerator/","directory","verified","2026-09-03","National APEX Accelerator Alliance locator, queried by state 'New York'; NAPEX does not publish the accelerator's own URL in this record"
"wagelens","partner","APEX Accelerator","NCAIED APEX Accelerator - New York","","New York","listed in the National APEX Accelerator Alliance locator for New York","Federally funded APEX Accelerator (formerly PTAC) that counsels small firms entering government contracting; its clients hit Davis-Bacon and WH-347 on their first federal construction award, so it is a natural referral and co-training partner.","","program manager or procurement counselor","https://www.napex.us/location/ncaied-apex-accelerator-new-york/","directory","verified","2026-09-03","National APEX Accelerator Alliance locator, queried by state 'New York'; NAPEX does not publish the accelerator's own URL in this record"
"wagelens","partner","APEX Accelerator","North Dakota APEX Accelerator - Fargo","","North Dakota","listed in the National APEX Accelerator Alliance locator for North Dakota","Federally funded APEX Accelerator (formerly PTAC) that counsels small firms entering government contracting; its clients hit Davis-Bacon and WH-347 on their first federal construction award, so it is a natural referral and co-training partner.","","program manager or procurement counselor","https://www.napex.us/location/north-dakota-apex-accelerator-fargo/","directory","verified","2026-09-03","National APEX Accelerator Alliance locator, queried by state 'North Dakota'; NAPEX does not publish the accelerator's own URL in this record"
"wagelens","partner","APEX Accelerator","North Dakota APEX Accelerator - Grand Forks","","North Dakota","listed in the National APEX Accelerator Alliance locator for North Dakota","Federally funded APEX Accelerator (formerly PTAC) that counsels small firms entering government contracting; its clients hit Davis-Bacon and WH-347 on their first federal construction award, so it is a natural referral and co-training partner.","","program manager or procurement counselor","https://www.napex.us/location/north-dakota-apex-accelerator-grand-forks/","directory","verified","2026-09-03","National APEX Accelerator Alliance locator, queried by state 'North Dakota'; NAPEX does not publish the accelerator's own URL in this record"
"wagelens","partner","APEX Accelerator","North Dakota APEX Accelerator - HQ","","North Dakota","listed in the National APEX Accelerator Alliance locator for North Dakota","Federally funded APEX Accelerator (formerly PTAC) that counsels small firms entering government contracting; its clients hit Davis-Bacon and WH-347 on their first federal construction award, so it is a natural referral and co-training partner.","","program manager or procurement counselor","https://www.napex.us/location/north-dakota-apex-accelerator-hq/","directory","verified","2026-09-03","National APEX Accelerator Alliance locator, queried by state 'North Dakota'; NAPEX does not publish the accelerator's own URL in this record"
"wagelens","partner","APEX Accelerator","Ohio APEX Accelerator - HQ","","Ohio","listed in the National APEX Accelerator Alliance locator for Ohio","Federally funded APEX Accelerator (formerly PTAC) that counsels small firms entering government contracting; its clients hit Davis-Bacon and WH-347 on their first federal construction award, so it is a natural referral and co-training partner.","","program manager or procurement counselor","https://www.napex.us/location/ohio-apex-accelerator-hq/","directory","verified","2026-09-03","National APEX Accelerator Alliance locator, queried by state 'Ohio'; NAPEX does not publish the accelerator's own URL in this record"
"wagelens","partner","APEX Accelerator","Ohio APEX Accelerator - Northwest State Community College","","Ohio","listed in the National APEX Accelerator Alliance locator for Ohio","Federally funded APEX Accelerator (formerly PTAC) that counsels small firms entering government contracting; its clients hit Davis-Bacon and WH-347 on their first federal construction award, so it is a natural referral and co-training partner.","","program manager or procurement counselor","https://www.napex.us/location/ohio-apex-accelerator-northwest-state-community-college/","directory","verified","2026-09-03","National APEX Accelerator Alliance locator, queried by state 'Ohio'; NAPEX does not publish the accelerator's own URL in this record"
"wagelens","partner","APEX Accelerator","Ohio APEX Accelerator - Ohio University","","Ohio","listed in the National APEX Accelerator Alliance locator for Ohio","Federally funded APEX Accelerator (formerly PTAC) that counsels small firms entering government contracting; its clients hit Davis-Bacon and WH-347 on their first federal construction award, so it is a natural referral and co-training partner.","","program manager or procurement counselor","https://www.napex.us/location/ohio-apex-accelerator-ohio-university/","directory","verified","2026-09-03","National APEX Accelerator Alliance locator, queried by state 'Ohio'; NAPEX does not publish the accelerator's own URL in this record"
"wagelens","partner","APEX Accelerator","Ohio APEX Accelerator - Ohio University, Akron","","Ohio","listed in the National APEX Accelerator Alliance locator for Ohio","Federally funded APEX Accelerator (formerly PTAC) that counsels small firms entering government contracting; its clients hit Davis-Bacon and WH-347 on their first federal construction award, so it is a natural referral and co-training partner.","","program manager or procurement counselor","https://www.napex.us/location/ohio-apex-accelerator-ohio-university-akron/","directory","verified","2026-09-03","National APEX Accelerator Alliance locator, queried by state 'Ohio'; NAPEX does not publish the accelerator's own URL in this record"
"wagelens","partner","APEX Accelerator","Ohio APEX Accelerator - Ohio University, Cincinnati","","Ohio","listed in the National APEX Accelerator Alliance locator for Ohio","Federally funded APEX Accelerator (formerly PTAC) that counsels small firms entering government contracting; its clients hit Davis-Bacon and WH-347 on their first federal construction award, so it is a natural referral and co-training partner.","","program manager or procurement counselor","https://www.napex.us/location/ohio-apex-accelerator-ohio-university-cincinnati/","directory","verified","2026-09-03","National APEX Accelerator Alliance locator, queried by state 'Ohio'; NAPEX does not publish the accelerator's own URL in this record"
"wagelens","partner","APEX Accelerator","Ohio APEX Accelerator - Ohio University, Cleveland","","Ohio","listed in the National APEX Accelerator Alliance locator for Ohio","Federally funded APEX Accelerator (formerly PTAC) that counsels small firms entering government contracting; its clients hit Davis-Bacon and WH-347 on their first federal construction award, so it is a natural referral and co-training partner.","","program manager or procurement counselor","https://www.napex.us/location/ohio-apex-accelerator-ohio-university-cleveland/","directory","verified","2026-09-03","National APEX Accelerator Alliance locator, queried by state 'Ohio'; NAPEX does not publish the accelerator's own URL in this record"
"wagelens","partner","APEX Accelerator","Ohio APEX Accelerator - Ohio University, Columbus","","Ohio","listed in the National APEX Accelerator Alliance locator for Ohio","Federally funded APEX Accelerator (formerly PTAC) that counsels small firms entering government contracting; its clients hit Davis-Bacon and WH-347 on their first federal construction award, so it is a natural referral and co-training partner.","","program manager or procurement counselor","https://www.napex.us/location/ohio-apex-accelerator-ohio-university-columbus/","directory","verified","2026-09-03","National APEX Accelerator Alliance locator, queried by state 'Ohio'; NAPEX does not publish the accelerator's own URL in this record"
"wagelens","partner","APEX Accelerator","Ohio APEX Accelerator - Ohio University, Dayton","","Ohio","listed in the National APEX Accelerator Alliance locator for Ohio","Federally funded APEX Accelerator (formerly PTAC) that counsels small firms entering government contracting; its clients hit Davis-Bacon and WH-347 on their first federal construction award, so it is a natural referral and co-training partner.","","program manager or procurement counselor","https://www.napex.us/location/ohio-apex-accelerator-ohio-university-dayton/","directory","verified","2026-09-03","National APEX Accelerator Alliance locator, queried by state 'Ohio'; NAPEX does not publish the accelerator's own URL in this record"
"wagelens","partner","APEX Accelerator","Ohio APEX Accelerator - Ohio University, Lakeland","","Ohio","listed in the National APEX Accelerator Alliance locator for Ohio","Federally funded APEX Accelerator (formerly PTAC) that counsels small firms entering government contracting; its clients hit Davis-Bacon and WH-347 on their first federal construction award, so it is a natural referral and co-training partner.","","program manager or procurement counselor","https://www.napex.us/location/ohio-apex-accelerator-ohio-university-lakeland/","directory","verified","2026-09-03","National APEX Accelerator Alliance locator, queried by state 'Ohio'; NAPEX does not publish the accelerator's own URL in this record"
"wagelens","partner","APEX Accelerator","Ohio APEX Accelerator - Ohio University, Pickerington","","Ohio","listed in the National APEX Accelerator Alliance locator for Ohio","Federally funded APEX Accelerator (formerly PTAC) that counsels small firms entering government contracting; its clients hit Davis-Bacon and WH-347 on their first federal construction award, so it is a natural referral and co-training partner.","","program manager or procurement counselor","https://www.napex.us/location/ohio-apex-accelerator-ohio-university-pickerington/","directory","verified","2026-09-03","National APEX Accelerator Alliance locator, queried by state 'Ohio'; NAPEX does not publish the accelerator's own URL in this record"
"wagelens","partner","APEX Accelerator","Ohio APEX Accelerator - University of Toledo","","Ohio","listed in the National APEX Accelerator Alliance locator for Ohio","Federally funded APEX Accelerator (formerly PTAC) that counsels small firms entering government contracting; its clients hit Davis-Bacon and WH-347 on their first federal construction award, so it is a natural referral and co-training partner.","","program manager or procurement counselor","https://www.napex.us/location/ohio-apex-accelerator-university-of-toledo/","directory","verified","2026-09-03","National APEX Accelerator Alliance locator, queried by state 'Ohio'; NAPEX does not publish the accelerator's own URL in this record"
"wagelens","partner","APEX Accelerator","Ohio APEX Accelerator - Youngstown State University","","Ohio","listed in the National APEX Accelerator Alliance locator for Ohio","Federally funded APEX Accelerator (formerly PTAC) that counsels small firms entering government contracting; its clients hit Davis-Bacon and WH-347 on their first federal construction award, so it is a natural referral and co-training partner.","","program manager or procurement counselor","https://www.napex.us/location/ohio-apex-accelerator-youngstown-state-university/","directory","verified","2026-09-03","National APEX Accelerator Alliance locator, queried by state 'Ohio'; NAPEX does not publish the accelerator's own URL in this record"
"wagelens","partner","APEX Accelerator","Southern Ohio APEX Accelerator","","Ohio","listed in the National APEX Accelerator Alliance locator for Ohio","Federally funded APEX Accelerator (formerly PTAC) that counsels small firms entering government contracting; its clients hit Davis-Bacon and WH-347 on their first federal construction award, so it is a natural referral and co-training partner.","","program manager or procurement counselor","https://www.napex.us/location/southern-ohio-apex-accelerator/","directory","verified","2026-09-03","National APEX Accelerator Alliance locator, queried by state 'Ohio'; NAPEX does not publish the accelerator's own URL in this record"
"wagelens","partner","APEX Accelerator","Oklahoma APEX Accelerator - Gordon Cooper Technology Center","","Oklahoma","listed in the National APEX Accelerator Alliance locator for Oklahoma","Federally funded APEX Accelerator (formerly PTAC) that counsels small firms entering government contracting; its clients hit Davis-Bacon and WH-347 on their first federal construction award, so it is a natural referral and co-training partner.","","program manager or procurement counselor","https://www.napex.us/location/oklahoma-apex-accelerator-gordon-cooper-technology-center/","directory","verified","2026-09-03","National APEX Accelerator Alliance locator, queried by state 'Oklahoma'; NAPEX does not publish the accelerator's own URL in this record"
"wagelens","partner","APEX Accelerator","Oklahoma APEX Accelerator - Great Plains Technology Center","","Oklahoma","listed in the National APEX Accelerator Alliance locator for Oklahoma","Federally funded APEX Accelerator (formerly PTAC) that counsels small firms entering government contracting; its clients hit Davis-Bacon and WH-347 on their first federal construction award, so it is a natural referral and co-training partner.","","program manager or procurement counselor","https://www.napex.us/location/oklahoma-apex-accelerator-great-plains-technology-center/","directory","verified","2026-09-03","National APEX Accelerator Alliance locator, queried by state 'Oklahoma'; NAPEX does not publish the accelerator's own URL in this record"
"wagelens","partner","APEX Accelerator","Oklahoma APEX Accelerator - HQ","","Oklahoma","listed in the National APEX Accelerator Alliance locator for Oklahoma","Federally funded APEX Accelerator (formerly PTAC) that counsels small firms entering government contracting; its clients hit Davis-Bacon and WH-347 on their first federal construction award, so it is a natural referral and co-training partner.","","program manager or procurement counselor","https://www.napex.us/location/oklahoma-apex-accelerator-hq/","directory","verified","2026-09-03","National APEX Accelerator Alliance locator, queried by state 'Oklahoma'; NAPEX does not publish the accelerator's own URL in this record"
"wagelens","partner","APEX Accelerator","Oklahoma APEX Accelerator - Indian Capital Technology Center","","Oklahoma","listed in the National APEX Accelerator Alliance locator for Oklahoma","Federally funded APEX Accelerator (formerly PTAC) that counsels small firms entering government contracting; its clients hit Davis-Bacon and WH-347 on their first federal construction award, so it is a natural referral and co-training partner.","","program manager or procurement counselor","https://www.napex.us/location/oklahoma-apex-accelerator-indian-capital-technology-center/","directory","verified","2026-09-03","National APEX Accelerator Alliance locator, queried by state 'Oklahoma'; NAPEX does not publish the accelerator's own URL in this record"
"wagelens","partner","APEX Accelerator","Oklahoma APEX Accelerator - Kiamichi Technology Center","","Oklahoma","listed in the National APEX Accelerator Alliance locator for Oklahoma","Federally funded APEX Accelerator (formerly PTAC) that counsels small firms entering government contracting; its clients hit Davis-Bacon and WH-347 on their first federal construction award, so it is a natural referral and co-training partner.","","program manager or procurement counselor","https://www.napex.us/location/oklahoma-apex-accelerator-kiamichi-technology-center/","directory","verified","2026-09-03","National APEX Accelerator Alliance locator, queried by state 'Oklahoma'; NAPEX does not publish the accelerator's own URL in this record"
"wagelens","partner","APEX Accelerator","Oklahoma APEX Accelerator - Metro Tech Centers","","Oklahoma","listed in the National APEX Accelerator Alliance locator for Oklahoma","Federally funded APEX Accelerator (formerly PTAC) that counsels small firms entering government contracting; its clients hit Davis-Bacon and WH-347 on their first federal construction award, so it is a natural referral and co-training partner.","","program manager or procurement counselor","https://www.napex.us/location/oklahoma-apex-accelerator-metro-tech-centers/","directory","verified","2026-09-03","National APEX Accelerator Alliance locator, queried by state 'Oklahoma'; NAPEX does not publish the accelerator's own URL in this record"
"wagelens","partner","APEX Accelerator","Oklahoma APEX Accelerator - Pioneer Technology Center","","Oklahoma","listed in the National APEX Accelerator Alliance locator for Oklahoma","Federally funded APEX Accelerator (formerly PTAC) that counsels small firms entering government contracting; its clients hit Davis-Bacon and WH-347 on their first federal construction award, so it is a natural referral and co-training partner.","","program manager or procurement counselor","https://www.napex.us/location/oklahoma-apex-accelerator-pioneer-technology-center/","directory","verified","2026-09-03","National APEX Accelerator Alliance locator, queried by state 'Oklahoma'; NAPEX does not publish the accelerator's own URL in this record"
"wagelens","partner","APEX Accelerator","Oklahoma APEX Accelerator - Red River Technology Center","","Oklahoma","listed in the National APEX Accelerator Alliance locator for Oklahoma","Federally funded APEX Accelerator (formerly PTAC) that counsels small firms entering government contracting; its clients hit Davis-Bacon and WH-347 on their first federal construction award, so it is a natural referral and co-training partner.","","program manager or procurement counselor","https://www.napex.us/location/oklahoma-apex-accelerator-red-river-technology-center/","directory","verified","2026-09-03","National APEX Accelerator Alliance locator, queried by state 'Oklahoma'; NAPEX does not publish the accelerator's own URL in this record"
"wagelens","partner","APEX Accelerator","Oklahoma APEX Accelerator - Southwest Technology Center","","Oklahoma","listed in the National APEX Accelerator Alliance locator for Oklahoma","Federally funded APEX Accelerator (formerly PTAC) that counsels small firms entering government contracting; its clients hit Davis-Bacon and WH-347 on their first federal construction award, so it is a natural referral and co-training partner.","","program manager or procurement counselor","https://www.napex.us/location/oklahoma-apex-accelerator-southwest-technology-center/","directory","verified","2026-09-03","National APEX Accelerator Alliance locator, queried by state 'Oklahoma'; NAPEX does not publish the accelerator's own URL in this record"
"wagelens","partner","APEX Accelerator","Oklahoma APEX Accelerator - Tulsa Technology Center","","Oklahoma","listed in the National APEX Accelerator Alliance locator for Oklahoma","Federally funded APEX Accelerator (formerly PTAC) that counsels small firms entering government contracting; its clients hit Davis-Bacon and WH-347 on their first federal construction award, so it is a natural referral and co-training partner.","","program manager or procurement counselor","https://www.napex.us/location/oklahoma-apex-accelerator-tulsa-technology-center/","directory","verified","2026-09-03","National APEX Accelerator Alliance locator, queried by state 'Oklahoma'; NAPEX does not publish the accelerator's own URL in this record"
"wagelens","partner","APEX Accelerator","Tribal Government Institute APEX Accelerator","","Oklahoma","listed in the National APEX Accelerator Alliance locator for Oklahoma","Federally funded APEX Accelerator (formerly PTAC) that counsels small firms entering government contracting; its clients hit Davis-Bacon and WH-347 on their first federal construction award, so it is a natural referral and co-training partner.","","program manager or procurement counselor","https://www.napex.us/location/tribal-government-institute-apex-accelerator/","directory","verified","2026-09-03","National APEX Accelerator Alliance locator, queried by state 'Oklahoma'; NAPEX does not publish the accelerator's own URL in this record"
"wagelens","partner","APEX Accelerator","American Indian Chamber Education Fund APEX Accelerator - Oregon","","Oregon","listed in the National APEX Accelerator Alliance locator for Oregon","Federally funded APEX Accelerator (formerly PTAC) that counsels small firms entering government contracting; its clients hit Davis-Bacon and WH-347 on their first federal construction award, so it is a natural referral and co-training partner.","","program manager or procurement counselor","https://www.napex.us/location/american-indian-chamber-education-fund-apex-accelerator-oregon/","directory","verified","2026-09-03","National APEX Accelerator Alliance locator, queried by state 'Oregon'; NAPEX does not publish the accelerator's own URL in this record"
"wagelens","partner","APEX Accelerator","Northwest Native APEX Accelerator","","Oregon","listed in the National APEX Accelerator Alliance locator for Oregon","Federally funded APEX Accelerator (formerly PTAC) that counsels small firms entering government contracting; its clients hit Davis-Bacon and WH-347 on their first federal construction award, so it is a natural referral and co-training partner.","","program manager or procurement counselor","https://www.napex.us/location/northwest-native-apex-accelerator/","directory","verified","2026-09-03","National APEX Accelerator Alliance locator, queried by state 'Oregon'; NAPEX does not publish the accelerator's own URL in this record"
"wagelens","partner","APEX Accelerator","Oregon APEX Accelerato - Portland","","Oregon","listed in the National APEX Accelerator Alliance locator for Oregon","Federally funded APEX Accelerator (formerly PTAC) that counsels small firms entering government contracting; its clients hit Davis-Bacon and WH-347 on their first federal construction award, so it is a natural referral and co-training partner.","","program manager or procurement counselor","https://www.napex.us/location/oregon-apex-accelerato-portland/","directory","verified","2026-09-03","National APEX Accelerator Alliance locator, queried by state 'Oregon'; NAPEX does not publish the accelerator's own URL in this record"
"wagelens","partner","APEX Accelerator","Oregon APEX Accelerator - Central Eastern Oregon","","Oregon","listed in the National APEX Accelerator Alliance locator for Oregon","Federally funded APEX Accelerator (formerly PTAC) that counsels small firms entering government contracting; its clients hit Davis-Bacon and WH-347 on their first federal construction award, so it is a natural referral and co-training partner.","","program manager or procurement counselor","https://www.napex.us/location/oregon-apex-accelerator-central-eastern-oregon/","directory","verified","2026-09-03","National APEX Accelerator Alliance locator, queried by state 'Oregon'; NAPEX does not publish the accelerator's own URL in this record"
"wagelens","partner","APEX Accelerator","Oregon Apex Accelerator - Coos Bay","","Oregon","listed in the National APEX Accelerator Alliance locator for Oregon","Federally funded APEX Accelerator (formerly PTAC) that counsels small firms entering government contracting; its clients hit Davis-Bacon and WH-347 on their first federal construction award, so it is a natural referral and co-training partner.","","program manager or procurement counselor","https://www.napex.us/location/oregon-apex-accelerator-coos-bay/","directory","verified","2026-09-03","National APEX Accelerator Alliance locator, queried by state 'Oregon'; NAPEX does not publish the accelerator's own URL in this record"
"wagelens","partner","APEX Accelerator","Oregon APEX Accelerator - Springfield HQ","","Oregon","listed in the National APEX Accelerator Alliance locator for Oregon","Federally funded APEX Accelerator (formerly PTAC) that counsels small firms entering government contracting; its clients hit Davis-Bacon and WH-347 on their first federal construction award, so it is a natural referral and co-training partner.","","program manager or procurement counselor","https://www.napex.us/location/oregon-apex-accelerator-springfield-hq/","directory","verified","2026-09-03","National APEX Accelerator Alliance locator, queried by state 'Oregon'; NAPEX does not publish the accelerator's own URL in this record"
"wagelens","partner","APEX Accelerator","Government Agency Coordination Office (GACO) PennWest University - PennWest California HQ","","Pennsylvania","listed in the National APEX Accelerator Alliance locator for Pennsylvania","Federally funded APEX Accelerator (formerly PTAC) that counsels small firms entering government contracting; its clients hit Davis-Bacon and WH-347 on their first federal construction award, so it is a natural referral and co-training partner.","","program manager or procurement counselor","https://www.napex.us/location/government-agency-coordination-office-gaco-pennwest-university-pennwest-california-hq/","directory","verified","2026-09-03","National APEX Accelerator Alliance locator, queried by state 'Pennsylvania'; NAPEX does not publish the accelerator's own URL in this record"
"wagelens","partner","APEX Accelerator","Government Agency Coordination Office (GACO) PennWest University - Pittsburgh","","Pennsylvania","listed in the National APEX Accelerator Alliance locator for Pennsylvania","Federally funded APEX Accelerator (formerly PTAC) that counsels small firms entering government contracting; its clients hit Davis-Bacon and WH-347 on their first federal construction award, so it is a natural referral and co-training partner.","","program manager or procurement counselor","https://www.napex.us/location/government-agency-coordination-office-gaco-pennwest-university-pittsburgh/","directory","verified","2026-09-03","National APEX Accelerator Alliance locator, queried by state 'Pennsylvania'; NAPEX does not publish the accelerator's own URL in this record"
"wagelens","partner","APEX Accelerator","Government Agency Coordination Office (GACO) PennWest University - Regional Learning Alliance","","Pennsylvania","listed in the National APEX Accelerator Alliance locator for Pennsylvania","Federally funded APEX Accelerator (formerly PTAC) that counsels small firms entering government contracting; its clients hit Davis-Bacon and WH-347 on their first federal construction award, so it is a natural referral and co-training partner.","","program manager or procurement counselor","https://www.napex.us/location/government-agency-coordination-office-gaco-pennwest-university-regional-learning-alliance/","directory","verified","2026-09-03","National APEX Accelerator Alliance locator, queried by state 'Pennsylvania'; NAPEX does not publish the accelerator's own URL in this record"
"wagelens","partner","APEX Accelerator","Johnstown Area Regional Industries (JARI) APEX Accelerator","","Pennsylvania","listed in the National APEX Accelerator Alliance locator for Pennsylvania","Federally funded APEX Accelerator (formerly PTAC) that counsels small firms entering government contracting; its clients hit Davis-Bacon and WH-347 on their first federal construction award, so it is a natural referral and co-training partner.","","program manager or procurement counselor","https://www.napex.us/location/johnstown-area-regional-industries-jari-apex-accelerator/","directory","verified","2026-09-03","National APEX Accelerator Alliance locator, queried by state 'Pennsylvania'; NAPEX does not publish the accelerator's own URL in this record"
"wagelens","partner","APEX Accelerator","North Central APEX Accelerator","","Pennsylvania","listed in the National APEX Accelerator Alliance locator for Pennsylvania","Federally funded APEX Accelerator (formerly PTAC) that counsels small firms entering government contracting; its clients hit Davis-Bacon and WH-347 on their first federal construction award, so it is a natural referral and co-training partner.","","program manager or procurement counselor","https://www.napex.us/location/north-central-apex-accelerator/","directory","verified","2026-09-03","National APEX Accelerator Alliance locator, queried by state 'Pennsylvania'; NAPEX does not publish the accelerator's own URL in this record"
"wagelens","partner","APEX Accelerator","Northeastern Pennsylvania Alliance APEX Accelerator","","Pennsylvania","listed in the National APEX Accelerator Alliance locator for Pennsylvania","Federally funded APEX Accelerator (formerly PTAC) that counsels small firms entering government contracting; its clients hit Davis-Bacon and WH-347 on their first federal construction award, so it is a natural referral and co-training partner.","","program manager or procurement counselor","https://www.napex.us/location/northeastern-pennsylvania-alliance-apex-accelerator/","directory","verified","2026-09-03","National APEX Accelerator Alliance locator, queried by state 'Pennsylvania'; NAPEX does not publish the accelerator's own URL in this record"
"wagelens","partner","APEX Accelerator","Northern Tier APEX Accelerator","","Pennsylvania","listed in the National APEX Accelerator Alliance locator for Pennsylvania","Federally funded APEX Accelerator (formerly PTAC) that counsels small firms entering government contracting; its clients hit Davis-Bacon and WH-347 on their first federal construction award, so it is a natural referral and co-training partner.","","program manager or procurement counselor","https://www.napex.us/location/northern-tier-apex-accelerator/","directory","verified","2026-09-03","National APEX Accelerator Alliance locator, queried by state 'Pennsylvania'; NAPEX does not publish the accelerator's own URL in this record"
"wagelens","partner","APEX Accelerator","Northwest Commission APEX Accelerator","","Pennsylvania","listed in the National APEX Accelerator Alliance locator for Pennsylvania","Federally funded APEX Accelerator (formerly PTAC) that counsels small firms entering government contracting; its clients hit Davis-Bacon and WH-347 on their first federal construction award, so it is a natural referral and co-training partner.","","program manager or procurement counselor","https://www.napex.us/location/northwest-commission-apex-accelerator/","directory","verified","2026-09-03","National APEX Accelerator Alliance locator, queried by state 'Pennsylvania'; NAPEX does not publish the accelerator's own URL in this record"
"wagelens","partner","APEX Accelerator","SEDA-COG APEX Accelerator","","Pennsylvania","listed in the National APEX Accelerator Alliance locator for Pennsylvania","Federally funded APEX Accelerator (formerly PTAC) that counsels small firms entering government contracting; its clients hit Davis-Bacon and WH-347 on their first federal construction award, so it is a natural referral and co-training partner.","","program manager or procurement counselor","https://www.napex.us/location/seda-cog-apex-accelerator/","directory","verified","2026-09-03","National APEX Accelerator Alliance locator, queried by state 'Pennsylvania'; NAPEX does not publish the accelerator's own URL in this record"
"wagelens","partner","APEX Accelerator","Southeast Pennsylvania APEX Accelerator (SEPA APEX) - HQ","","Pennsylvania","listed in the National APEX Accelerator Alliance locator for Pennsylvania","Federally funded APEX Accelerator (formerly PTAC) that counsels small firms entering government contracting; its clients hit Davis-Bacon and WH-347 on their first federal construction award, so it is a natural referral and co-training partner.","","program manager or procurement counselor","https://www.napex.us/location/southeast-pennsylvania-apex-accelerator-sepa-apex-hq/","directory","verified","2026-09-03","National APEX Accelerator Alliance locator, queried by state 'Pennsylvania'; NAPEX does not publish the accelerator's own URL in this record"
"wagelens","partner","APEX Accelerator","Southeast Pennsylvania APEX Accelerator (SEPA APEX) - Temple University subcenter","","Pennsylvania","listed in the National APEX Accelerator Alliance locator for Pennsylvania","Federally funded APEX Accelerator (formerly PTAC) that counsels small firms entering government contracting; its clients hit Davis-Bacon and WH-347 on their first federal construction award, so it is a natural referral and co-training partner.","","program manager or procurement counselor","https://www.napex.us/location/southeast-pennsylvania-apex-accelerator-sepa-apex-temple-university-subcenter/","directory","verified","2026-09-03","National APEX Accelerator Alliance locator, queried by state 'Pennsylvania'; NAPEX does not publish the accelerator's own URL in this record"
"wagelens","partner","APEX Accelerator","Southeast Pennsylvania APEX Accelerator (SEPA APEX) - Widener University subcenter","","Pennsylvania","listed in the National APEX Accelerator Alliance locator for Pennsylvania","Federally funded APEX Accelerator (formerly PTAC) that counsels small firms entering government contracting; its clients hit Davis-Bacon and WH-347 on their first federal construction award, so it is a natural referral and co-training partner.","","program manager or procurement counselor","https://www.napex.us/location/southeast-pennsylvania-apex-accelerator-sepa-apex-widener-university-subcenter/","directory","verified","2026-09-03","National APEX Accelerator Alliance locator, queried by state 'Pennsylvania'; NAPEX does not publish the accelerator's own URL in this record"
"wagelens","partner","APEX Accelerator","Southern Alleghenies APEX Accelerator","","Pennsylvania","listed in the National APEX Accelerator Alliance locator for Pennsylvania","Federally funded APEX Accelerator (formerly PTAC) that counsels small firms entering government contracting; its clients hit Davis-Bacon and WH-347 on their first federal construction award, so it is a natural referral and co-training partner.","","program manager or procurement counselor","https://www.napex.us/location/southern-alleghenies-apex-accelerator/","directory","verified","2026-09-03","National APEX Accelerator Alliance locator, queried by state 'Pennsylvania'; NAPEX does not publish the accelerator's own URL in this record"
"wagelens","partner","APEX Accelerator","Rhode Island APEX Accelerator","","Rhode Island","listed in the National APEX Accelerator Alliance locator for Rhode Island","Federally funded APEX Accelerator (formerly PTAC) that counsels small firms entering government contracting; its clients hit Davis-Bacon and WH-347 on their first federal construction award, so it is a natural referral and co-training partner.","","program manager or procurement counselor","https://www.napex.us/location/rhode-island-apex-accelerator/","directory","verified","2026-09-03","National APEX Accelerator Alliance locator, queried by state 'Rhode Island'; NAPEX does not publish the accelerator's own URL in this record"
"wagelens","partner","APEX Accelerator","South Carolina APEX Accelerator","","South Carolina","listed in the National APEX Accelerator Alliance locator for South Carolina","Federally funded APEX Accelerator (formerly PTAC) that counsels small firms entering government contracting; its clients hit Davis-Bacon and WH-347 on their first federal construction award, so it is a natural referral and co-training partner.","","program manager or procurement counselor","https://www.napex.us/location/south-carolina-apex-accelerator/","directory","verified","2026-09-03","National APEX Accelerator Alliance locator, queried by state 'South Carolina'; NAPEX does not publish the accelerator's own URL in this record"
"wagelens","partner","APEX Accelerator","South Dakota APEX Accelerator - Pierre","","South Dakota","listed in the National APEX Accelerator Alliance locator for South Dakota","Federally funded APEX Accelerator (formerly PTAC) that counsels small firms entering government contracting; its clients hit Davis-Bacon and WH-347 on their first federal construction award, so it is a natural referral and co-training partner.","","program manager or procurement counselor","https://www.napex.us/location/south-dakota-apex-accelerator-pierre/","directory","verified","2026-09-03","National APEX Accelerator Alliance locator, queried by state 'South Dakota'; NAPEX does not publish the accelerator's own URL in this record"
"wagelens","partner","APEX Accelerator","South Dakota APEX Accelerator - Rapid City","","South Dakota","listed in the National APEX Accelerator Alliance locator for South Dakota","Federally funded APEX Accelerator (formerly PTAC) that counsels small firms entering government contracting; its clients hit Davis-Bacon and WH-347 on their first federal construction award, so it is a natural referral and co-training partner.","","program manager or procurement counselor","https://www.napex.us/location/south-dakota-apex-accelerator-rapid-city/","directory","verified","2026-09-03","National APEX Accelerator Alliance locator, queried by state 'South Dakota'; NAPEX does not publish the accelerator's own URL in this record"
"wagelens","partner","APEX Accelerator","South Dakota APEX Accelerator - Sioux Falls HQ","","South Dakota","listed in the National APEX Accelerator Alliance locator for South Dakota","Federally funded APEX Accelerator (formerly PTAC) that counsels small firms entering government contracting; its clients hit Davis-Bacon and WH-347 on their first federal construction award, so it is a natural referral and co-training partner.","","program manager or procurement counselor","https://www.napex.us/location/south-dakota-apex-accelerator-sioux-falls-hq/","directory","verified","2026-09-03","National APEX Accelerator Alliance locator, queried by state 'South Dakota'; NAPEX does not publish the accelerator's own URL in this record"
"wagelens","partner","APEX Accelerator","South Dakota APEX Accelerator - Yankton","","South Dakota","listed in the National APEX Accelerator Alliance locator for South Dakota","Federally funded APEX Accelerator (formerly PTAC) that counsels small firms entering government contracting; its clients hit Davis-Bacon and WH-347 on their first federal construction award, so it is a natural referral and co-training partner.","","program manager or procurement counselor","https://www.napex.us/location/south-dakota-apex-accelerator-yankton/","directory","verified","2026-09-03","National APEX Accelerator Alliance locator, queried by state 'South Dakota'; NAPEX does not publish the accelerator's own URL in this record"
"wagelens","partner","APEX Accelerator","Tennessee APEX Accelerator - East Tennessee Office","","Tennessee","listed in the National APEX Accelerator Alliance locator for Tennessee","Federally funded APEX Accelerator (formerly PTAC) that counsels small firms entering government contracting; its clients hit Davis-Bacon and WH-347 on their first federal construction award, so it is a natural referral and co-training partner.","","program manager or procurement counselor","https://www.napex.us/location/tennessee-apex-accelerator-east-tennessee-office/","directory","verified","2026-09-03","National APEX Accelerator Alliance locator, queried by state 'Tennessee'; NAPEX does not publish the accelerator's own URL in this record"
"wagelens","partner","APEX Accelerator","Tennessee APEX Accelerator - HQ","","Tennessee","listed in the National APEX Accelerator Alliance locator for Tennessee","Federally funded APEX Accelerator (formerly PTAC) that counsels small firms entering government contracting; its clients hit Davis-Bacon and WH-347 on their first federal construction award, so it is a natural referral and co-training partner.","","program manager or procurement counselor","https://www.napex.us/location/tennessee-apex-accelerator-hq/","directory","verified","2026-09-03","National APEX Accelerator Alliance locator, queried by state 'Tennessee'; NAPEX does not publish the accelerator's own URL in this record"
"wagelens","partner","APEX Accelerator","Tennessee APEX Accelerator - Middle Tennessee Office","","Tennessee","listed in the National APEX Accelerator Alliance locator for Tennessee","Federally funded APEX Accelerator (formerly PTAC) that counsels small firms entering government contracting; its clients hit Davis-Bacon and WH-347 on their first federal construction award, so it is a natural referral and co-training partner.","","program manager or procurement counselor","https://www.napex.us/location/tennessee-apex-accelerator-middle-tennessee-office/","directory","verified","2026-09-03","National APEX Accelerator Alliance locator, queried by state 'Tennessee'; NAPEX does not publish the accelerator's own URL in this record"
"wagelens","partner","APEX Accelerator","Tennessee APEX Accelerator - West Tennessee Office","","Tennessee","listed in the National APEX Accelerator Alliance locator for Tennessee","Federally funded APEX Accelerator (formerly PTAC) that counsels small firms entering government contracting; its clients hit Davis-Bacon and WH-347 on their first federal construction award, so it is a natural referral and co-training partner.","","program manager or procurement counselor","https://www.napex.us/location/tennessee-apex-accelerator-west-tennessee-office/","directory","verified","2026-09-03","National APEX Accelerator Alliance locator, queried by state 'Tennessee'; NAPEX does not publish the accelerator's own URL in this record"
"wagelens","partner","APEX Accelerator","Contract Opportunities Center APEX Accelerator","","Texas","listed in the National APEX Accelerator Alliance locator for Texas","Federally funded APEX Accelerator (formerly PTAC) that counsels small firms entering government contracting; its clients hit Davis-Bacon and WH-347 on their first federal construction award, so it is a natural referral and co-training partner.","","program manager or procurement counselor","https://www.napex.us/location/contract-opportunities-center-apex-accelerator/","directory","verified","2026-09-03","National APEX Accelerator Alliance locator, queried by state 'Texas'; NAPEX does not publish the accelerator's own URL in this record"
"wagelens","partner","APEX Accelerator","Del Mar College APEX Accelerator","","Texas","listed in the National APEX Accelerator Alliance locator for Texas","Federally funded APEX Accelerator (formerly PTAC) that counsels small firms entering government contracting; its clients hit Davis-Bacon and WH-347 on their first federal construction award, so it is a natural referral and co-training partner.","","program manager or procurement counselor","https://www.napex.us/location/del-mar-college-apex-accelerator/","directory","verified","2026-09-03","National APEX Accelerator Alliance locator, queried by state 'Texas'; NAPEX does not publish the accelerator's own URL in this record"
"wagelens","partner","APEX Accelerator","NW Texas APEX Accelerator - Abilene","","Texas","listed in the National APEX Accelerator Alliance locator for Texas","Federally funded APEX Accelerator (formerly PTAC) that counsels small firms entering government contracting; its clients hit Davis-Bacon and WH-347 on their first federal construction award, so it is a natural referral and co-training partner.","","program manager or procurement counselor","https://www.napex.us/location/nw-texas-apex-accelerator-abilene/","directory","verified","2026-09-03","National APEX Accelerator Alliance locator, queried by state 'Texas'; NAPEX does not publish the accelerator's own URL in this record"
"wagelens","partner","APEX Accelerator","NW Texas APEX Accelerator Center - Amarillo","","Texas","listed in the National APEX Accelerator Alliance locator for Texas","Federally funded APEX Accelerator (formerly PTAC) that counsels small firms entering government contracting; its clients hit Davis-Bacon and WH-347 on their first federal construction award, so it is a natural referral and co-training partner.","","program manager or procurement counselor","https://www.napex.us/location/nw-texas-apex-accelerator-center-amarillo/","directory","verified","2026-09-03","National APEX Accelerator Alliance locator, queried by state 'Texas'; NAPEX does not publish the accelerator's own URL in this record"
"wagelens","partner","APEX Accelerator","NW Texas APEX Accelerator Center - Lubbock","","Texas","listed in the National APEX Accelerator Alliance locator for Texas","Federally funded APEX Accelerator (formerly PTAC) that counsels small firms entering government contracting; its clients hit Davis-Bacon and WH-347 on their first federal construction award, so it is a natural referral and co-training partner.","","program manager or procurement counselor","https://www.napex.us/location/nw-texas-apex-accelerator-center-lubbock/","directory","verified","2026-09-03","National APEX Accelerator Alliance locator, queried by state 'Texas'; NAPEX does not publish the accelerator's own URL in this record"
"wagelens","partner","APEX Accelerator","NW Texas APEX Accelerator Center - Plainview","","Texas","listed in the National APEX Accelerator Alliance locator for Texas","Federally funded APEX Accelerator (formerly PTAC) that counsels small firms entering government contracting; its clients hit Davis-Bacon and WH-347 on their first federal construction award, so it is a natural referral and co-training partner.","","program manager or procurement counselor","https://www.napex.us/location/nw-texas-apex-accelerator-center-plainview/","directory","verified","2026-09-03","National APEX Accelerator Alliance locator, queried by state 'Texas'; NAPEX does not publish the accelerator's own URL in this record"
"wagelens","partner","APEX Accelerator","NW Texas APEX Accelerator Center - San Angelo","","Texas","listed in the National APEX Accelerator Alliance locator for Texas","Federally funded APEX Accelerator (formerly PTAC) that counsels small firms entering government contracting; its clients hit Davis-Bacon and WH-347 on their first federal construction award, so it is a natural referral and co-training partner.","","program manager or procurement counselor","https://www.napex.us/location/nw-texas-apex-accelerator-center-san-angelo/","directory","verified","2026-09-03","National APEX Accelerator Alliance locator, queried by state 'Texas'; NAPEX does not publish the accelerator's own URL in this record"
"wagelens","partner","APEX Accelerator","NW Texas APEX Accelerator Center - Wichita Falls","","Texas","listed in the National APEX Accelerator Alliance locator for Texas","Federally funded APEX Accelerator (formerly PTAC) that counsels small firms entering government contracting; its clients hit Davis-Bacon and WH-347 on their first federal construction award, so it is a natural referral and co-training partner.","","program manager or procurement counselor","https://www.napex.us/location/nw-texas-apex-accelerator-center-wichita-falls/","directory","verified","2026-09-03","National APEX Accelerator Alliance locator, queried by state 'Texas'; NAPEX does not publish the accelerator's own URL in this record"
"wagelens","partner","APEX Accelerator","University of Houston APEX Accelerator","","Texas","listed in the National APEX Accelerator Alliance locator for Texas","Federally funded APEX Accelerator (formerly PTAC) that counsels small firms entering government contracting; its clients hit Davis-Bacon and WH-347 on their first federal construction award, so it is a natural referral and co-training partner.","","program manager or procurement counselor","https://www.napex.us/location/university-of-houston-apex-accelerator/","directory","verified","2026-09-03","National APEX Accelerator Alliance locator, queried by state 'Texas'; NAPEX does not publish the accelerator's own URL in this record"
"wagelens","partner","APEX Accelerator","University of Texas at Arlington Cross Timbers APEX Accelerator","","Texas","listed in the National APEX Accelerator Alliance locator for Texas","Federally funded APEX Accelerator (formerly PTAC) that counsels small firms entering government contracting; its clients hit Davis-Bacon and WH-347 on their first federal construction award, so it is a natural referral and co-training partner.","","program manager or procurement counselor","https://www.napex.us/location/university-of-texas-at-arlington-cross-timbers-apex-accelerator/","directory","verified","2026-09-03","National APEX Accelerator Alliance locator, queried by state 'Texas'; NAPEX does not publish the accelerator's own URL in this record"
"wagelens","partner","APEX Accelerator","UTRGV APEX Accelerators","","Texas","listed in the National APEX Accelerator Alliance locator for Texas","Federally funded APEX Accelerator (formerly PTAC) that counsels small firms entering government contracting; its clients hit Davis-Bacon and WH-347 on their first federal construction award, so it is a natural referral and co-training partner.","","program manager or procurement counselor","https://www.napex.us/location/utrgv-apex-accelerators/","directory","verified","2026-09-03","National APEX Accelerator Alliance locator, queried by state 'Texas'; NAPEX does not publish the accelerator's own URL in this record"
"wagelens","partner","APEX Accelerator","Utah APEX Accelerator - Cedar City","","Utah","listed in the National APEX Accelerator Alliance locator for Utah","Federally funded APEX Accelerator (formerly PTAC) that counsels small firms entering government contracting; its clients hit Davis-Bacon and WH-347 on their first federal construction award, so it is a natural referral and co-training partner.","","program manager or procurement counselor","https://www.napex.us/location/utah-apex-accelerator-cedar-city/","directory","verified","2026-09-03","National APEX Accelerator Alliance locator, queried by state 'Utah'; NAPEX does not publish the accelerator's own URL in this record"
"wagelens","partner","APEX Accelerator","Utah APEX Accelerator - Kaysville","","Utah","listed in the National APEX Accelerator Alliance locator for Utah","Federally funded APEX Accelerator (formerly PTAC) that counsels small firms entering government contracting; its clients hit Davis-Bacon and WH-347 on their first federal construction award, so it is a natural referral and co-training partner.","","program manager or procurement counselor","https://www.napex.us/location/utah-apex-accelerator-kaysville/","directory","verified","2026-09-03","National APEX Accelerator Alliance locator, queried by state 'Utah'; NAPEX does not publish the accelerator's own URL in this record"
"wagelens","partner","APEX Accelerator","Utah APEX Accelerator - Logan","","Utah","listed in the National APEX Accelerator Alliance locator for Utah","Federally funded APEX Accelerator (formerly PTAC) that counsels small firms entering government contracting; its clients hit Davis-Bacon and WH-347 on their first federal construction award, so it is a natural referral and co-training partner.","","program manager or procurement counselor","https://www.napex.us/location/utah-apex-accelerator-logan/","directory","verified","2026-09-03","National APEX Accelerator Alliance locator, queried by state 'Utah'; NAPEX does not publish the accelerator's own URL in this record"
"wagelens","partner","APEX Accelerator","Utah APEX Accelerator - Price","","Utah","listed in the National APEX Accelerator Alliance locator for Utah","Federally funded APEX Accelerator (formerly PTAC) that counsels small firms entering government contracting; its clients hit Davis-Bacon and WH-347 on their first federal construction award, so it is a natural referral and co-training partner.","","program manager or procurement counselor","https://www.napex.us/location/utah-apex-accelerator-price/","directory","verified","2026-09-03","National APEX Accelerator Alliance locator, queried by state 'Utah'; NAPEX does not publish the accelerator's own URL in this record"
"wagelens","partner","APEX Accelerator","Utah APEX Accelerator - Salt Lake HQ","","Utah","listed in the National APEX Accelerator Alliance locator for Utah","Federally funded APEX Accelerator (formerly PTAC) that counsels small firms entering government contracting; its clients hit Davis-Bacon and WH-347 on their first federal construction award, so it is a natural referral and co-training partner.","","program manager or procurement counselor","https://www.napex.us/location/utah-apex-accelerator-salt-lake-hq/","directory","verified","2026-09-03","National APEX Accelerator Alliance locator, queried by state 'Utah'; NAPEX does not publish the accelerator's own URL in this record"
"wagelens","partner","APEX Accelerator","Utah APEX Accelerator - Sandy","","Utah","listed in the National APEX Accelerator Alliance locator for Utah","Federally funded APEX Accelerator (formerly PTAC) that counsels small firms entering government contracting; its clients hit Davis-Bacon and WH-347 on their first federal construction award, so it is a natural referral and co-training partner.","","program manager or procurement counselor","https://www.napex.us/location/utah-apex-accelerator-sandy/","directory","verified","2026-09-03","National APEX Accelerator Alliance locator, queried by state 'Utah'; NAPEX does not publish the accelerator's own URL in this record"
"wagelens","partner","APEX Accelerator","Utah APEX Accelerator - St. George","","Utah","listed in the National APEX Accelerator Alliance locator for Utah","Federally funded APEX Accelerator (formerly PTAC) that counsels small firms entering government contracting; its clients hit Davis-Bacon and WH-347 on their first federal construction award, so it is a natural referral and co-training partner.","","program manager or procurement counselor","https://www.napex.us/location/utah-apex-accelerator-st-george/","directory","verified","2026-09-03","National APEX Accelerator Alliance locator, queried by state 'Utah'; NAPEX does not publish the accelerator's own URL in this record"
"wagelens","partner","APEX Accelerator","Vermont APEX Accelerator - Burlington Office","","Vermont","listed in the National APEX Accelerator Alliance locator for Vermont","Federally funded APEX Accelerator (formerly PTAC) that counsels small firms entering government contracting; its clients hit Davis-Bacon and WH-347 on their first federal construction award, so it is a natural referral and co-training partner.","","program manager or procurement counselor","https://www.napex.us/location/vermont-apex-accelerator-burlington-office/","directory","verified","2026-09-03","National APEX Accelerator Alliance locator, queried by state 'Vermont'; NAPEX does not publish the accelerator's own URL in this record"
"wagelens","partner","APEX Accelerator","Vermont APEX Accelerator - Montpelier HQ","","Vermont","listed in the National APEX Accelerator Alliance locator for Vermont","Federally funded APEX Accelerator (formerly PTAC) that counsels small firms entering government contracting; its clients hit Davis-Bacon and WH-347 on their first federal construction award, so it is a natural referral and co-training partner.","","program manager or procurement counselor","https://www.napex.us/location/vermont-apex-accelerator-montpelier-hq/","directory","verified","2026-09-03","National APEX Accelerator Alliance locator, queried by state 'Vermont'; NAPEX does not publish the accelerator's own URL in this record"
"wagelens","partner","APEX Accelerator","Vermont APEX Accelerator - Newport Office","","Vermont","listed in the National APEX Accelerator Alliance locator for Vermont","Federally funded APEX Accelerator (formerly PTAC) that counsels small firms entering government contracting; its clients hit Davis-Bacon and WH-347 on their first federal construction award, so it is a natural referral and co-training partner.","","program manager or procurement counselor","https://www.napex.us/location/vermont-apex-accelerator-newport-office/","directory","verified","2026-09-03","National APEX Accelerator Alliance locator, queried by state 'Vermont'; NAPEX does not publish the accelerator's own URL in this record"
"wagelens","partner","APEX Accelerator","Vermont APEX Accelerator - Rutland Office","","Vermont","listed in the National APEX Accelerator Alliance locator for Vermont","Federally funded APEX Accelerator (formerly PTAC) that counsels small firms entering government contracting; its clients hit Davis-Bacon and WH-347 on their first federal construction award, so it is a natural referral and co-training partner.","","program manager or procurement counselor","https://www.napex.us/location/vermont-apex-accelerator-rutland-office/","directory","verified","2026-09-03","National APEX Accelerator Alliance locator, queried by state 'Vermont'; NAPEX does not publish the accelerator's own URL in this record"
"wagelens","partner","APEX Accelerator","Vermont APEX Accelerator - Springfield Office","","Vermont","listed in the National APEX Accelerator Alliance locator for Vermont","Federally funded APEX Accelerator (formerly PTAC) that counsels small firms entering government contracting; its clients hit Davis-Bacon and WH-347 on their first federal construction award, so it is a natural referral and co-training partner.","","program manager or procurement counselor","https://www.napex.us/location/vermont-apex-accelerator-springfield-office/","directory","verified","2026-09-03","National APEX Accelerator Alliance locator, queried by state 'Vermont'; NAPEX does not publish the accelerator's own URL in this record"
"wagelens","partner","APEX Accelerator","Southwest Virginia Community College APEX Accelerator","","Virginia","listed in the National APEX Accelerator Alliance locator for Virginia","Federally funded APEX Accelerator (formerly PTAC) that counsels small firms entering government contracting; its clients hit Davis-Bacon and WH-347 on their first federal construction award, so it is a natural referral and co-training partner.","","program manager or procurement counselor","https://www.napex.us/location/southwest-virginia-community-college-apex-accelerator/","directory","verified","2026-09-03","National APEX Accelerator Alliance locator, queried by state 'Virginia'; NAPEX does not publish the accelerator's own URL in this record"
"wagelens","partner","APEX Accelerator","Virginia APEX Accelerator - Central Virginia","","Virginia","listed in the National APEX Accelerator Alliance locator for Virginia","Federally funded APEX Accelerator (formerly PTAC) that counsels small firms entering government contracting; its clients hit Davis-Bacon and WH-347 on their first federal construction award, so it is a natural referral and co-training partner.","","program manager or procurement counselor","https://www.napex.us/location/virginia-apex-accelerator-central-virginia/","directory","verified","2026-09-03","National APEX Accelerator Alliance locator, queried by state 'Virginia'; NAPEX does not publish the accelerator's own URL in this record"
"wagelens","partner","APEX Accelerator","Virginia APEX Accelerator - Fairfax HQ","","Virginia","listed in the National APEX Accelerator Alliance locator for Virginia","Federally funded APEX Accelerator (formerly PTAC) that counsels small firms entering government contracting; its clients hit Davis-Bacon and WH-347 on their first federal construction award, so it is a natural referral and co-training partner.","","program manager or procurement counselor","https://www.napex.us/location/virginia-apex-accelerator-fairfax-hq/","directory","verified","2026-09-03","National APEX Accelerator Alliance locator, queried by state 'Virginia'; NAPEX does not publish the accelerator's own URL in this record"
"wagelens","partner","APEX Accelerator","Virginia APEX Accelerator - Hampton Roads","","Virginia","listed in the National APEX Accelerator Alliance locator for Virginia","Federally funded APEX Accelerator (formerly PTAC) that counsels small firms entering government contracting; its clients hit Davis-Bacon and WH-347 on their first federal construction award, so it is a natural referral and co-training partner.","","program manager or procurement counselor","https://www.napex.us/location/virginia-apex-accelerator-hampton-roads/","directory","verified","2026-09-03","National APEX Accelerator Alliance locator, queried by state 'Virginia'; NAPEX does not publish the accelerator's own URL in this record"
"wagelens","partner","APEX Accelerator","American Indian Chamber Education Fund APEX Accelerator - Washington","","Washington","listed in the National APEX Accelerator Alliance locator for Washington","Federally funded APEX Accelerator (formerly PTAC) that counsels small firms entering government contracting; its clients hit Davis-Bacon and WH-347 on their first federal construction award, so it is a natural referral and co-training partner.","","program manager or procurement counselor","https://www.napex.us/location/american-indian-chamber-education-fund-apex-accelerator-washington/","directory","verified","2026-09-03","National APEX Accelerator Alliance locator, queried by state 'Washington'; NAPEX does not publish the accelerator's own URL in this record"
"wagelens","partner","APEX Accelerator","North Olympic Peninsula APEX Accelerator","","Washington","listed in the National APEX Accelerator Alliance locator for Washington","Federally funded APEX Accelerator (formerly PTAC) that counsels small firms entering government contracting; its clients hit Davis-Bacon and WH-347 on their first federal construction award, so it is a natural referral and co-training partner.","","program manager or procurement counselor","https://www.napex.us/location/north-olympic-peninsula-apex-accelerator/","directory","verified","2026-09-03","National APEX Accelerator Alliance locator, queried by state 'Washington'; NAPEX does not publish the accelerator's own URL in this record"
"wagelens","partner","APEX Accelerator","Washington State APEX Accelerator - Columbia River Economic Development Council","","Washington","listed in the National APEX Accelerator Alliance locator for Washington","Federally funded APEX Accelerator (formerly PTAC) that counsels small firms entering government contracting; its clients hit Davis-Bacon and WH-347 on their first federal construction award, so it is a natural referral and co-training partner.","","program manager or procurement counselor","https://www.napex.us/location/washington-state-apex-accelerator-columbia-river-economic-development-council/","directory","verified","2026-09-03","National APEX Accelerator Alliance locator, queried by state 'Washington'; NAPEX does not publish the accelerator's own URL in this record"
"wagelens","partner","APEX Accelerator","Washington State APEX Accelerator - Economic Alliance Snohomish County","","Washington","listed in the National APEX Accelerator Alliance locator for Washington","Federally funded APEX Accelerator (formerly PTAC) that counsels small firms entering government contracting; its clients hit Davis-Bacon and WH-347 on their first federal construction award, so it is a natural referral and co-training partner.","","program manager or procurement counselor","https://www.napex.us/location/washington-state-apex-accelerator-economic-alliance-snohomish-county/","directory","verified","2026-09-03","National APEX Accelerator Alliance locator, queried by state 'Washington'; NAPEX does not publish the accelerator's own URL in this record"
"wagelens","partner","APEX Accelerator","Washington State APEX Accelerator - Greater Spokane Inc","","Washington","listed in the National APEX Accelerator Alliance locator for Washington","Federally funded APEX Accelerator (formerly PTAC) that counsels small firms entering government contracting; its clients hit Davis-Bacon and WH-347 on their first federal construction award, so it is a natural referral and co-training partner.","","program manager or procurement counselor","https://www.napex.us/location/washington-state-apex-accelerator-greater-spokane-inc/","directory","verified","2026-09-03","National APEX Accelerator Alliance locator, queried by state 'Washington'; NAPEX does not publish the accelerator's own URL in this record"
"wagelens","partner","APEX Accelerator","Washington State APEX Accelerator - Green River College","","Washington","listed in the National APEX Accelerator Alliance locator for Washington","Federally funded APEX Accelerator (formerly PTAC) that counsels small firms entering government contracting; its clients hit Davis-Bacon and WH-347 on their first federal construction award, so it is a natural referral and co-training partner.","","program manager or procurement counselor","https://www.napex.us/location/washington-state-apex-accelerator-green-river-college/","directory","verified","2026-09-03","National APEX Accelerator Alliance locator, queried by state 'Washington'; NAPEX does not publish the accelerator's own URL in this record"
"wagelens","partner","APEX Accelerator","Washington State APEX Accelerator - Kitsap Economic Development Alliance","","Washington","listed in the National APEX Accelerator Alliance locator for Washington","Federally funded APEX Accelerator (formerly PTAC) that counsels small firms entering government contracting; its clients hit Davis-Bacon and WH-347 on their first federal construction award, so it is a natural referral and co-training partner.","","program manager or procurement counselor","https://www.napex.us/location/washington-state-apex-accelerator-kitsap-economic-development-alliance/","directory","verified","2026-09-03","National APEX Accelerator Alliance locator, queried by state 'Washington'; NAPEX does not publish the accelerator's own URL in this record"
"wagelens","partner","APEX Accelerator","Washington State APEX Accelerator - Pierce County","","Washington","listed in the National APEX Accelerator Alliance locator for Washington","Federally funded APEX Accelerator (formerly PTAC) that counsels small firms entering government contracting; its clients hit Davis-Bacon and WH-347 on their first federal construction award, so it is a natural referral and co-training partner.","","program manager or procurement counselor","https://www.napex.us/location/washington-state-apex-accelerator-pierce-county/","directory","verified","2026-09-03","National APEX Accelerator Alliance locator, queried by state 'Washington'; NAPEX does not publish the accelerator's own URL in this record"
"wagelens","partner","APEX Accelerator","Washington State APEX Accelerator - Thurston County Economic Development Council HQ","","Washington","listed in the National APEX Accelerator Alliance locator for Washington","Federally funded APEX Accelerator (formerly PTAC) that counsels small firms entering government contracting; its clients hit Davis-Bacon and WH-347 on their first federal construction award, so it is a natural referral and co-training partner.","","program manager or procurement counselor","https://www.napex.us/location/washington-state-apex-accelerator-thurston-county-economic-development-council-hq/","directory","verified","2026-09-03","National APEX Accelerator Alliance locator, queried by state 'Washington'; NAPEX does not publish the accelerator's own URL in this record"
"wagelens","partner","APEX Accelerator","Washington State APEX Accelerator - Tri City Regional Chamber of Commerce","","Washington","listed in the National APEX Accelerator Alliance locator for Washington","Federally funded APEX Accelerator (formerly PTAC) that counsels small firms entering government contracting; its clients hit Davis-Bacon and WH-347 on their first federal construction award, so it is a natural referral and co-training partner.","","program manager or procurement counselor","https://www.napex.us/location/washington-state-apex-accelerator-tri-city-regional-chamber-of-commerce/","directory","verified","2026-09-03","National APEX Accelerator Alliance locator, queried by state 'Washington'; NAPEX does not publish the accelerator's own URL in this record"
"wagelens","partner","APEX Accelerator","Regional Contracting Assistance Center, Inc. (RCAC) APEX Accelerator - Eastern Counties","","West Virginia","listed in the National APEX Accelerator Alliance locator for West Virginia","Federally funded APEX Accelerator (formerly PTAC) that counsels small firms entering government contracting; its clients hit Davis-Bacon and WH-347 on their first federal construction award, so it is a natural referral and co-training partner.","","program manager or procurement counselor","https://www.napex.us/location/regional-contracting-assistance-center-inc-rcac-apex-accelerator-eastern-counties/","directory","verified","2026-09-03","National APEX Accelerator Alliance locator, queried by state 'West Virginia'; NAPEX does not publish the accelerator's own URL in this record"
"wagelens","partner","APEX Accelerator","Regional Contracting Assistance Center, Inc. (RCAC) APEX Accelerator - HQ","","West Virginia","listed in the National APEX Accelerator Alliance locator for West Virginia","Federally funded APEX Accelerator (formerly PTAC) that counsels small firms entering government contracting; its clients hit Davis-Bacon and WH-347 on their first federal construction award, so it is a natural referral and co-training partner.","","program manager or procurement counselor","https://www.napex.us/location/regional-contracting-assistance-center-inc-rcac-apex-accelerator-hq/","directory","verified","2026-09-03","National APEX Accelerator Alliance locator, queried by state 'West Virginia'; NAPEX does not publish the accelerator's own URL in this record"
"wagelens","partner","APEX Accelerator","Regional Contracting Assistance Center, Inc. (RCAC) APEX Accelerator - Mid-Southern Counties","","West Virginia","listed in the National APEX Accelerator Alliance locator for West Virginia","Federally funded APEX Accelerator (formerly PTAC) that counsels small firms entering government contracting; its clients hit Davis-Bacon and WH-347 on their first federal construction award, so it is a natural referral and co-training partner.","","program manager or procurement counselor","https://www.napex.us/location/regional-contracting-assistance-center-inc-rcac-apex-accelerator-mid-southern-counties/","directory","verified","2026-09-03","National APEX Accelerator Alliance locator, queried by state 'West Virginia'; NAPEX does not publish the accelerator's own URL in this record"
"wagelens","partner","APEX Accelerator","Regional Contracting Assistance Center, Inc. (RCAC) APEX Accelerator - Northern Counties","","West Virginia","listed in the National APEX Accelerator Alliance locator for West Virginia","Federally funded APEX Accelerator (formerly PTAC) that counsels small firms entering government contracting; its clients hit Davis-Bacon and WH-347 on their first federal construction award, so it is a natural referral and co-training partner.","","program manager or procurement counselor","https://www.napex.us/location/regional-contracting-assistance-center-inc-rcac-apex-accelerator-northern-counties/","directory","verified","2026-09-03","National APEX Accelerator Alliance locator, queried by state 'West Virginia'; NAPEX does not publish the accelerator's own URL in this record"
"wagelens","partner","APEX Accelerator","Wisconsin Procurement Institute WI APEX Accelerator","","Wisconsin","listed in the National APEX Accelerator Alliance locator for Wisconsin","Federally funded APEX Accelerator (formerly PTAC) that counsels small firms entering government contracting; its clients hit Davis-Bacon and WH-347 on their first federal construction award, so it is a natural referral and co-training partner.","","program manager or procurement counselor","https://www.napex.us/location/wisconsin-procurement-institute-wi-apex-accelerator/","directory","verified","2026-09-03","National APEX Accelerator Alliance locator, queried by state 'Wisconsin'; NAPEX does not publish the accelerator's own URL in this record"
"wagelens","partner","APEX Accelerator","Wyoming APEX Accelerator - HQ","","Wyoming","listed in the National APEX Accelerator Alliance locator for Wyoming","Federally funded APEX Accelerator (formerly PTAC) that counsels small firms entering government contracting; its clients hit Davis-Bacon and WH-347 on their first federal construction award, so it is a natural referral and co-training partner.","","program manager or procurement counselor","https://www.napex.us/location/wyoming-apex-accelerator-hq/","directory","verified","2026-09-03","National APEX Accelerator Alliance locator, queried by state 'Wyoming'; NAPEX does not publish the accelerator's own URL in this record"
"wagelens","partner","APEX Accelerator","Wyoming APEX Accelerator - University of Wyoming","","Wyoming","listed in the National APEX Accelerator Alliance locator for Wyoming","Federally funded APEX Accelerator (formerly PTAC) that counsels small firms entering government contracting; its clients hit Davis-Bacon and WH-347 on their first federal construction award, so it is a natural referral and co-training partner.","","program manager or procurement counselor","https://www.napex.us/location/wyoming-apex-accelerator-university-of-wyoming/","directory","verified","2026-09-03","National APEX Accelerator Alliance locator, queried by state 'Wyoming'; NAPEX does not publish the accelerator's own URL in this record"
"wagelens","partner","APEX Accelerator","Puerto Rico Federal Contracting Center","","Puerto Rico","listed in the National APEX Accelerator Alliance locator for Puerto Rico","Federally funded APEX Accelerator (formerly PTAC) that counsels small firms entering government contracting; its clients hit Davis-Bacon and WH-347 on their first federal construction award, so it is a natural referral and co-training partner.","","program manager or procurement counselor","https://www.napex.us/location/puerto-rico-federal-contracting-center/","directory","verified","2026-09-03","National APEX Accelerator Alliance locator, queried by state 'Puerto Rico'; NAPEX does not publish the accelerator's own URL in this record"
"wagelens","partner","APEX Accelerator","Guam APEX Accelerator","","Guam","listed in the National APEX Accelerator Alliance locator for Guam","Federally funded APEX Accelerator (formerly PTAC) that counsels small firms entering government contracting; its clients hit Davis-Bacon and WH-347 on their first federal construction award, so it is a natural referral and co-training partner.","","program manager or procurement counselor","https://www.napex.us/location/guam-apex-accelerator/","directory","verified","2026-09-03","National APEX Accelerator Alliance locator, queried by state 'Guam'; NAPEX does not publish the accelerator's own URL in this record"
"wagelens","partner","APEX Accelerator","Virgin Islands APEX Accelerator - St Thomas HQ","","Virgin Islands","listed in the National APEX Accelerator Alliance locator for Virgin Islands","Federally funded APEX Accelerator (formerly PTAC) that counsels small firms entering government contracting; its clients hit Davis-Bacon and WH-347 on their first federal construction award, so it is a natural referral and co-training partner.","","program manager or procurement counselor","https://www.napex.us/location/virgin-islands-apex-accelerator-st-thomas-hq/","directory","verified","2026-09-03","National APEX Accelerator Alliance locator, queried by state 'Virgin Islands'; NAPEX does not publish the accelerator's own URL in this record"
"wagelens","partner","APEX Accelerator","Virgin Islands APEX Accelerator - St. Croix Office","","Virgin Islands","listed in the National APEX Accelerator Alliance locator for Virgin Islands","Federally funded APEX Accelerator (formerly PTAC) that counsels small firms entering government contracting; its clients hit Davis-Bacon and WH-347 on their first federal construction award, so it is a natural referral and co-training partner.","","program manager or procurement counselor","https://www.napex.us/location/virgin-islands-apex-accelerator-st-croix-office/","directory","verified","2026-09-03","National APEX Accelerator Alliance locator, queried by state 'Virgin Islands'; NAPEX does not publish the accelerator's own URL in this record"
"wagelens","partner","APEX Accelerator","Virgin Islands APEX Accelerator - St. John Office","","Virgin Islands","listed in the National APEX Accelerator Alliance locator for Virgin Islands","Federally funded APEX Accelerator (formerly PTAC) that counsels small firms entering government contracting; its clients hit Davis-Bacon and WH-347 on their first federal construction award, so it is a natural referral and co-training partner.","","program manager or procurement counselor","https://www.napex.us/location/virgin-islands-apex-accelerator-st-john-office/","directory","verified","2026-09-03","National APEX Accelerator Alliance locator, queried by state 'Virgin Islands'; NAPEX does not publish the accelerator's own URL in this record"
"wagelens","partner","trade association (national)","Associated Builders and Contractors","https://www.abc.org","Washington, DC","","National open-shop construction association whose merit-shop members are exactly the non-union subs new to federal work; chapters run compliance education and member-benefit programmes.","","chapter services or member benefits director","https://www.abc.org","association-directory","verified","2026-09-03","national body; chapter directory is JavaScript-rendered and could not be parsed from this environment; page title on fetch: ABC"
"wagelens","partner","trade association (national)","Associated General Contractors of America","https://www.agc.org","Arlington, VA","","89 chapters of general and specialty contractors; AGC publishes federal-contracting and Davis-Bacon guidance and licenses member-benefit tools.","","chapter services or member benefits director","https://www.agc.org","association-directory","verified","2026-09-03","chapter list is JavaScript-rendered; not parseable here; page title on fetch: Associated General Contractors of America | Associated General Contractors of America"
"wagelens","partner","trade association (national)","National Electrical Contractors Association","","Bethesda, MD","","Electrical contractors are the single largest NAICS in the federal award pull; NECA chapters serve them directly.","","member services director","https://www.necanet.org","association-directory","unverified","2026-09-03","necanet.org returned 403 to a plain curl of the chapter page; root verified; NOT independently opened: https://www.necanet.org returned HTTP 403 to this environment (bot protection / Cloudflare challenge), so the organisation's own page was never read here; website left empty per BRIEF 2.4"
"wagelens","partner","trade association (national)","Independent Electrical Contractors","https://ieci.org","Alexandria, VA","","IEC is the merit-shop electrical association; its members are the non-union electrical subs that are the sharpest WageLens ICP.","","member services director","https://www.ieci.org","association-directory","verified","2026-09-03","page title on fetch: Electrical Trade Association | IECI"
"wagelens","partner","trade association (national)","Plumbing-Heating-Cooling Contractors Association","https://www.phccweb.org","Falls Church, VA","","PHCC members are the plumbing/HVAC subs in NAICS 238220, the second-largest trade in the federal award pull.","","member services director","https://www.phccweb.org","association-directory","verified","2026-09-03","page title on fetch: PHCC Home - PHCC"
"wagelens","partner","trade association (national)","SMACNA","https://www.smacna.org","Chantilly, VA","","Sheet metal and air-conditioning contractors working federal and institutional jobs subject to Davis-Bacon.","","member services director","https://www.smacna.org","association-directory","verified","2026-09-03","page title on fetch: Sheet Metal and Air Conditioning Contractors National Association | SMACNA"
"wagelens","partner","trade association (national)","Mechanical Contractors Association of America","https://www.mcaa.org","Rockville, MD","","Mechanical subs on federal and institutional construction; MCAA runs extensive member education.","","member services director","https://www.mcaa.org","association-directory","verified","2026-09-03","page title on fetch: Home - MCAA"
"wagelens","partner","trade association (national)","American Subcontractors Association","https://www.asaonline.com","Alexandria, VA","","ASA exists specifically to represent subcontractors against prime-contractor risk-shifting, which is precisely what the 2023 Davis-Bacon rule did.","","executive director","https://www.asaonline.com","association-directory","verified","2026-09-03","page title on fetch: Home - American Subcontractors Association - National (ASA)"
"wagelens","partner","trade association (national)","National Association of Women in Construction","https://nawic.org","Fort Worth, TX","","NAWIC chapters reach women-owned subs, heavily represented in DBE/WBE set-asides on federally funded work.","","chapter relations director","https://www.nawic.org","association-directory","verified","2026-09-03","page title on fetch: NAWIC.ORG"
"wagelens","partner","trade association (national)","National Association of Minority Contractors","https://namcnational.org","Washington, DC","","NAMC chapters serve minority contractors who win DBE and 8(a) construction subcontracts, all Davis-Bacon covered.","","executive director","https://www.namcnational.org","association-directory","verified","2026-09-03","page title on fetch: Minority Construction Trade | NAOMCN"
"wagelens","partner","trade association (national)","National Utility Contractors Association","https://nuca.com","Fairfax, VA","","Underground utility contractors on federally funded water, sewer and broadband work carrying Davis-Bacon.","","member services director","https://www.nuca.com","association-directory","verified","2026-09-03","page title on fetch: NUCA &#8211; National Utility Contractors Association"
"wagelens","partner","trade association (national)","National Roofing Contractors Association","https://www.nrca.net","Rosemont, IL","","Roofing subs (NAICS 238160) on federal reroofing contracts.","","member services director","https://www.nrca.net","association-directory","verified","2026-09-03","page title on fetch: National Roofing Contractors Association Home - NRCA"
"wagelens","partner","trade association (national)","Painting Contractors Association","https://www.pcapainted.org","St. Louis, MO","","Painting subs (NAICS 238320) on federal repaint contracts.","","member services director","https://www.pcapainted.org","association-directory","verified","2026-09-03","page title on fetch: PCA - Painting Contractors Association"
"wagelens","partner","trade association (national)","Association of the Wall and Ceiling Industry","https://www.awci.org","Falls Church, VA","","Drywall, plaster and acoustical subs (NAICS 238310) on institutional and federal jobs.","","member services director","https://www.awci.org","association-directory","verified","2026-09-03","page title on fetch: AWCI | Association of the Wall and Ceiling Industry"
"wagelens","partner","trade association (national)","National Tile Contractors Association","","Jackson, MS","","Tile and terrazzo subs (NAICS 238340) on public buildings.","","member services director","https://www.tile-assn.com","association-directory","unverified","2026-09-03","NOT independently opened: https://www.tile-assn.com returned HTTP 403 to this environment (bot protection / Cloudflare challenge), so the organisation's own page was never read here; website left empty per BRIEF 2.4"
"wagelens","partner","trade association (national)","Mason Contractors Association of America","https://masoncontractors.org","Algonquin, IL","","Masonry subs (NAICS 238140) on schools, courthouses and other prevailing-wage buildings.","","member services director","https://masoncontractors.org","association-directory","verified","2026-09-03","page title on fetch: Mason Contractors Association of America"
"wagelens","partner","trade association (national)","American Society of Concrete Contractors","https://ascconline.org","St. Louis, MO","","Concrete subs (NAICS 238110) are the largest single specialty trade on federal site work.","","member services director","https://ascconline.org","association-directory","verified","2026-09-03","page title on fetch: Home"
"wagelens","partner","trade association (national)","FCA International (Finishing Contractors Association)","https://finishingcontractors.org","Fairfax, VA","","Wall, ceiling and finishing subs whose members work public projects under prevailing wage.","","member services director","https://www.finishingcontractors.org","association-directory","verified","2026-09-03","page title on fetch: FCA International &#8211; Educate. Advocate. Legislate."
"wagelens","partner","trade association (national)","Construction Financial Management Association","https://cfma.org","Princeton, NJ","","CFMA's members are exactly the contractor CFOs and office managers who own certified payroll; its chapters run compliance CPE.","","education or partnerships director","https://www.cfma.org","association-directory","verified","2026-09-03","page title on fetch: CFMA - Construction Financial Management Association"
"wagelens","partner","trade association (national)","National Association of Surety Bond Producers","https://www.nasbp.org","Washington, DC","","Surety producers underwrite the small subs bidding public work and see Davis-Bacon exposure as a bonding risk.","","partnerships director","https://www.nasbp.org","association-directory","verified","2026-09-03","page title on fetch: NASBP - Professionals in Surety Bonding"
"wagelens","partner","trade association (national)","Design-Build Institute of America","https://dbia.org","Washington, DC","","DBIA members deliver federal design-build projects where the prime rolls up subs' certified payrolls.","","partnerships director","https://dbia.org","association-directory","verified","2026-09-03","page title on fetch: DBIA - Design-Build Institute of America"
"wagelens","partner","trade association (national)","National 8(a) Association","https://www.nsbgca.org","Anchorage, AK","","8(a) certified firms win sole-source federal construction contracts and are usually first-time Davis-Bacon filers.","","membership director","https://www.national8aassociation.org","association-directory","verified","2026-09-03","page title on fetch: National Small Business Government Contractors Association"
"wagelens","partner","trade association (national)","American Council of Engineering Companies","https://www.acec.org","Washington, DC","","ACEC members sit alongside contractors on federally funded projects and field the same wage-determination questions.","","partnerships director","https://www.acec.org","association-directory","verified","2026-09-03","page title on fetch: ACEC - American Council of Engineering Companies"
"wagelens","partner","trade association (national)","National Insulation Association","https://insulation.org","Alexandria, VA","","Mechanical insulation subs on federal energy and building projects.","","member services director","https://insulation.org","association-directory","verified","2026-09-03","page title on fetch: Home - NIA"
"wagelens","partner","trade association (national)","Steel Erectors Association of America","https://www.seaa.net","Greensboro, NC","","Structural steel erection subs (NAICS 238120) on federal and highway work.","","member services director","https://www.seaa.net","association-directory","verified","2026-09-03","page title on fetch: Steel Erectors Association of America - Steel Erectors Association of America"
"wagelens","partner","trade association (national)","Scaffold & Access Industry Association","https://saia.org","Kansas City, MO","","Scaffold and access subs on prevailing-wage jobsites.","","member services director","https://www.saiaonline.org","association-directory","verified","2026-09-03","page title on fetch: Scaffold &amp; Access Industry Association (SAIA)"
"wagelens","partner","trade association (national)","National Ready Mixed Concrete Association","https://www.nrmca.org","Alexandria, VA","","Suppliers and placement contractors whose customers are the concrete subs in the ICP.","","member services director","https://www.nrmca.org","association-directory","verified","2026-09-03","page title on fetch: Home | NRMCA"
"wagelens","partner","trade association (national)","National Association of Home Builders","https://www.nahb.org","Washington, DC","","NAHB members include the small GCs that take occasional HUD or federally assisted work carrying Davis-Bacon.","","partnerships director","https://www.nahb.org","association-directory","verified","2026-09-03","weaker fit than the commercial associations: most NAHB work is private residential; page title on fetch: National Association of Home Builders | NAHB"
"wagelens","partner","trade association (national)","Associated Equipment Distributors","https://aednet.org","Schaumburg, IL","","AED distributors sell to the site-work and highway contractors in the ICP and run contractor education.","","partnerships director","https://www.aednet.org","association-directory","verified","2026-09-03","indirect fit; page title on fetch: Equipment Dealer Association | Associated Equipment Distributors"
"wagelens","partner","trade association chapter","AGC of California","https://www.agc-ca.org","West Sacramento, CA","","State AGC chapter in the largest prevailing-wage state (CA DIR registration plus Davis-Bacon on federal-aid work).","","member services director","https://www.agc-ca.org","association-directory","verified","2026-09-03","page title on fetch: Associated General Contractors of California (AGC of California)"
"wagelens","partner","trade association chapter","AGC of Minnesota","https://www.agcmn.org","St. Paul, MN","","State AGC chapter serving highway and building contractors on federal-aid work.","","member services director","https://www.agcmn.org","association-directory","verified","2026-09-03","page title on fetch: Associated General Contractors of Minnesota"
"wagelens","partner","trade association chapter","AGC of Missouri","https://www.agcmo.org","Jefferson City, MO","","State AGC chapter serving contractors on federal and state prevailing-wage projects.","","member services director","https://www.agcmo.org","association-directory","verified","2026-09-03","page title on fetch: Home"
"wagelens","partner","trade association chapter","AGC of Ohio","https://www.agcohio.org","Columbus, OH","","State AGC chapter in a large federal-aid highway state.","","member services director","https://www.agcohio.com","association-directory","verified","2026-09-03","page title on fetch: AGC of Ohio | Associated General Contractors of Ohio - Org Name"
"wagelens","partner","trade association chapter","Associated General Contractors of New York State","https://www.agcnys.org","Albany, NY","","State AGC chapter in New York, where Article 8 certified payroll runs alongside Davis-Bacon.","","member services director","https://www.agcnys.org","association-directory","verified","2026-09-03","page title on fetch: AGC NYS &#8211; Associated General Contractors of New York State LLC"
"wagelens","partner","trade association chapter","Carolinas AGC","https://www.cagc.org","Charlotte, NC","","Two-state AGC chapter covering North and South Carolina contractors on federal work.","","member services director","https://www.cagc.org","association-directory","verified","2026-09-03","page title on fetch: Home"
"wagelens","partner","trade association chapter","AGC Georgia","https://www.agcga.org","Atlanta, GA","","State AGC chapter serving Georgia contractors on federal and federally assisted jobs.","","member services director","https://www.agcga.org","association-directory","verified","2026-09-03","page title on fetch: AGC Georgia"
"wagelens","partner","trade association chapter","AGC of Colorado","https://www.agccolorado.org","Denver, CO","","State AGC chapter serving contractors on federal-aid and military construction.","","member services director","https://www.agccolorado.org","association-directory","verified","2026-09-03","page title on fetch: Home - Associated General Contactors of Colorado"
"wagelens","partner","trade association chapter","ABC Pacific Southwest Chapter","https://abcsocal.org","Anaheim, CA","","Merit-shop ABC chapter in Southern California, the densest concentration of non-union subs facing CA DIR plus Davis-Bacon.","","chapter president","https://www.abcsocal.org","association-directory","verified","2026-09-03","page title on fetch: Home - ABC Southern California"
"wagelens","partner","trade association chapter","ABC of Wisconsin","https://www.abcwi.org","Madison, WI","","State ABC chapter serving merit-shop subs on public work.","","chapter president","https://www.abcwi.org","association-directory","verified","2026-09-03","page title on fetch: Associated Builders and Contractors - Wisconsin Chapter"
"wagelens","partner","trade association chapter","ABC Carolinas","https://abccarolinas.org","Charlotte, NC","","ABC chapter serving merit-shop contractors across the Carolinas.","","chapter president","https://www.abccarolinas.org","association-directory","verified","2026-09-03","page title on fetch: ABC Carolinas | Empowering Construction Professionals"
"wagelens","partner","trade association chapter","ABC Central Florida","https://abccentralflorida.com","Winter Park, FL","","ABC chapter serving merit-shop subs on federal and state-funded Florida work.","","chapter president","https://www.abccentralflorida.com","association-directory","verified","2026-09-03","page title on fetch: Associated Builders and Contractors - Central Florida Chapter | Orlando"
"wagelens","partner","trade association chapter","ABC Greater Houston","https://www.abchouston.org","Houston, TX","","Large merit-shop chapter in a major federal construction market.","","chapter president","https://www.abchouston.org","association-directory","verified","2026-09-03","page title on fetch: ABC Houston | Representing the interests of merit shop contractors and its employees"
"wagelens","partner","trade association chapter","ABC Virginia","https://www.abcva.org","Richmond, VA","","ABC chapter next to the largest concentration of federal construction spend in the country.","","chapter president","https://www.abcva.org","association-directory","verified","2026-09-03","page title on fetch: Homepage - ABC Virginia"
"wagelens","partner","trade association chapter","ABC Metro Washington","https://www.abcmetrowashington.org","Fairfax, VA","","ABC chapter in the DC metro, where nearly every commercial job has a federal funding source.","","chapter president","https://www.abcmetrowashington.org","association-directory","verified","2026-09-03","page title on fetch: Associated Builders and Contractors, Inc. – Metro Washington Chapter > Home"
"wagelens","partner","trade association chapter","ABC Keystone","https://abckeystone.org","Manheim, PA","","Pennsylvania merit-shop chapter serving subs on state Prevailing Wage Act and federal work.","","chapter president","https://www.abckeystone.org","association-directory","verified","2026-09-03","page title on fetch: Home - ABC Keystone"
"wagelens","partner","trade association chapter","ABC Western Pennsylvania","https://abcwpa.org","Pittsburgh, PA","","Merit-shop chapter serving western Pennsylvania public-works subs.","","chapter president","https://www.abcwpa.org","association-directory","verified","2026-09-03","page title on fetch: Associated Builders &amp; Contractors, Western PA"
"wagelens","partner","trade association chapter","ABC Michigan","http://www.abcmi.com","Lansing, MI","","State ABC chapter serving merit-shop contractors on Michigan public work.","","chapter president","https://www.abcmi.org","association-directory","verified","2026-09-03","page title on fetch: Home"
"wagelens","partner","trade association chapter","ABC Rocky Mountain","https://www.abcrmc.org","Denver, CO","","Merit-shop chapter serving Colorado and Wyoming subs on federal projects.","","chapter president","https://abcrmc.org","association-directory","verified","2026-09-03","page title on fetch: ABC Rocky Mountain Chapter"
"wagelens","partner","trade association chapter","IEC Chesapeake","https://www.iecchesapeake.com","Laurel, MD","","Independent electrical contractors chapter in the DC/Baltimore federal construction corridor.","","chapter executive director","https://www.iecchesapeake.com","association-directory","verified","2026-09-03","page title on fetch: IEC Chesapeake: Leading Electrical Contractor Training"
"wagelens","partner","trade association chapter","IEC Rocky Mountain","https://iecrm.org","Denver, CO","","Merit-shop electrical chapter serving Colorado subs on federal work.","","chapter executive director","https://www.iecrm.org","association-directory","verified","2026-09-03","page title on fetch: Electrical Training &amp; Apprenticeships | IEC Rocky Mountain"
"wagelens","partner","trade association chapter","NECA Chicago and Cook County","https://www.necachicago.org","Chicago, IL","","NECA chapter in a state with its own certified transcript of payroll regime plus Davis-Bacon.","","chapter executive","https://www.necachicago.org","association-directory","verified","2026-09-03","page title on fetch: "
"wagelens","partner","trade association chapter","ASA of Metro Washington","https://www.asamw.org","Washington, DC","","ASA chapter in the densest federal construction market.","","executive director","https://asamw.org","association-directory","verified","2026-09-03","page title on fetch: Home"
"wagelens","partner","construction CPA / accounting firm","CBIZ","https://www.cbiz.com","Cleveland, OH","","National accounting and advisory firm with a construction vertical and an outsourced-accounting arm.","","construction practice leader","https://www.cbiz.com","company-site","verified","2026-09-03","page title on fetch: Professional Services for Business Growth | CBIZ"
"wagelens","partner","construction CPA / accounting firm","RSM US","https://rsmus.com","Chicago, IL","","Middle-market firm whose construction clients are exactly the $5-50M contractors in this file.","","construction practice leader","https://rsmus.com","company-site","verified","2026-09-03","page title on fetch: RSM US | Assurance, tax, consulting services for the middle market"
"wagelens","partner","construction CPA / accounting firm","Wipfli","https://www.wipfli.com","Milwaukee, WI","","Middle-market firm with a construction and real estate practice and outsourced back-office services.","","construction practice leader","https://www.wipfli.com","company-site","verified","2026-09-03","page title on fetch: Wipfli | Audit, Tax, Advisory"
"wagelens","partner","construction CPA / accounting firm","Baker Tilly","","Chicago, IL","","Advisory firm with both a construction practice and a government-contracting compliance practice.","","construction practice leader","https://www.bakertilly.com","company-site","unverified","2026-09-03","NOT independently opened: https://www.bakertilly.com returned HTTP 403 to this environment (bot protection / Cloudflare challenge), so the organisation's own page was never read here; website left empty per BRIEF 2.4"
"wagelens","partner","construction CPA / accounting firm","Crowe","","Chicago, IL","","National firm advising contractors on compliance and back-office systems.","","construction practice leader","https://www.crowe.com","company-site","unverified","2026-09-03","NOT independently opened: https://www.crowe.com returned HTTP 403 to this environment (bot protection / Cloudflare challenge), so the organisation's own page was never read here; website left empty per BRIEF 2.4"
"wagelens","partner","construction CPA / accounting firm","Plante Moran","https://www.plantemoran.com","Southfield, MI","","Midwest firm with a construction practice serving mid-size contractors.","","construction practice leader","https://www.plantemoran.com","company-site","verified","2026-09-03","page title on fetch: Accounting, Tax, Consulting, and Wealth Management | Plante Moran"
"wagelens","partner","construction CPA / accounting firm","Cherry Bekaert","https://www.cbh.com","Richmond, VA","","Firm with both construction and government-contracting practices in the federal corridor.","","construction practice leader","https://www.cbh.com","company-site","verified","2026-09-03","page title on fetch: Cherry Bekaert: Accounting Firm | Tax, Audit, and Advisory"
"wagelens","partner","construction CPA / accounting firm","Aprio","https://www.aprio.com","Atlanta, GA","","Advisory firm with a construction practice and a government-contracting compliance group.","","construction practice leader","https://www.aprio.com","company-site","verified","2026-09-03","page title on fetch: Account for Anything™ | Aprio"
"wagelens","partner","construction CPA / accounting firm","Forvis Mazars","https://www.forvismazars.us","Springfield, MO","","National firm with a construction and real estate practice.","","construction practice leader","https://www.forvismazars.us","company-site","verified","2026-09-03","page title on fetch: Forvis Mazars US | Forvis Mazars US"
"wagelens","partner","construction CPA / accounting firm","Katz Sapper & Miller","https://www.ksmcpa.com","Indianapolis, IN","","Firm known for its construction niche serving mid-market contractors.","","construction practice leader","https://www.ksmcpa.com","company-site","verified","2026-09-03","page title on fetch: KSM | Katz, Sapper & Miller | CPAs & Advisors | Assurance | Accounting | Tax | KSM (Katz, Sapper & Miller)"
"wagelens","partner","construction CPA / accounting firm","Schneider Downs","https://schneiderdowns.com","Pittsburgh, PA","","Regional firm with a construction practice in a state prevailing-wage jurisdiction.","","construction practice leader","https://www.schneiderdowns.com","company-site","verified","2026-09-03","page title on fetch: Tax | Audit | Consulting - Big Thinking Personal Focus"
"wagelens","partner","construction CPA / accounting firm","Doeren Mayhew","https://www.doeren.com","Troy, MI","","Firm with a construction group serving contractors on public work.","","construction practice leader","https://doeren.com","company-site","verified","2026-09-03","page title on fetch: Home | Doeren Mayhew"
"wagelens","partner","construction CPA / accounting firm","Weaver","","Houston, TX","","Texas firm with construction and government-contracting practices.","","construction practice leader","https://weaver.com","company-site","unverified","2026-09-03","NOT independently opened: https://weaver.com returned HTTP 403 to this environment (bot protection / Cloudflare challenge), so the organisation's own page was never read here; website left empty per BRIEF 2.4"
"wagelens","partner","construction CPA / accounting firm","Whitley Penn","https://www.whitleypenn.com","Fort Worth, TX","","Texas firm with a construction niche.","","construction practice leader","https://www.whitleypenn.com","company-site","verified","2026-09-03","page title on fetch: Whitley Penn | Trusted Accounting Firm for CPA Services"
"wagelens","partner","construction CPA / accounting firm","HBK CPAs & Consultants","https://hbkcpa.com","Canfield, OH","","Regional firm with a construction industry group.","","construction practice leader","https://hbkcpa.com","company-site","verified","2026-09-03","page title on fetch: Financial Services for Growth | HBK CPAs &amp; Consultants"
"wagelens","partner","construction CPA / accounting firm","Anders CPAs + Advisors","https://anderscpa.com","St. Louis, MO","","Firm with a construction and real estate practice serving mid-size contractors.","","construction practice leader","https://anderscpa.com","company-site","verified","2026-09-03","page title on fetch: Anders - Business Advisory, Audit, Assurance, and Tax Services"
"wagelens","partner","construction CPA / accounting firm","Blue & Co.","https://www.blueandco.com","Carmel, IN","","Midwest firm with a construction services group.","","construction practice leader","https://www.blueandco.com","company-site","verified","2026-09-03","page title on fetch: Blue &amp; Co., LLC &#8211; Accounting, Tax, and Consulting Firm"
"wagelens","partner","construction CPA / accounting firm","LBMC","https://www.lbmc.com","Brentwood, TN","","Regional firm with construction and outsourced-accounting practices.","","construction practice leader","https://www.lbmc.com","company-site","verified","2026-09-03","page title on fetch: LBMC | Accounting, Tax, Advisory &amp; Business Consulting"
"wagelens","partner","construction CPA / accounting firm","Warren Averett","https://warrenaverett.com","Birmingham, AL","","Southeast firm with a construction practice and a government-contracting group.","","construction practice leader","https://warrenaverett.com","company-site","verified","2026-09-03","page title on fetch: Accounting, Technology, HR &amp; Business Services | Warren Averett"
"wagelens","partner","construction CPA / accounting firm","Elliott Davis","https://www.elliottdavis.com","Greenville, SC","","Southeast firm with a construction and real estate practice.","","construction practice leader","https://www.elliottdavis.com","company-site","verified","2026-09-03","page title on fetch: Elliott Davis | Tax, Assurance, and Consulting"
"wagelens","partner","construction CPA / accounting firm","The Bonadio Group","https://www.bonadio.com","Pittsford, NY","","New York firm with a construction practice in an Article 8 certified-payroll state.","","construction practice leader","https://www.bonadio.com","company-site","verified","2026-09-03","page title on fetch: The Bonadio Group | New York State Accounting Firm"
"wagelens","partner","construction CPA / accounting firm","Citrin Cooperman","","New York, NY","","Firm with a construction and engineering practice in the northeast.","","construction practice leader","https://www.citrincooperman.com","company-site","unverified","2026-09-03","NOT independently opened: https://www.citrincooperman.com returned HTTP 403 to this environment (bot protection / Cloudflare challenge), so the organisation's own page was never read here; website left empty per BRIEF 2.4"
"wagelens","partner","construction CPA / accounting firm","EisnerAmper","https://www.eisneramper.com","New York, NY","","National firm with a real estate and construction practice.","","construction practice leader","https://www.eisneramper.com","company-site","verified","2026-09-03","page title on fetch: EisnerAmper | Assurance, Tax, Advisory, and Outsourcing"
"wagelens","partner","construction CPA / accounting firm","Rehmann","https://www.rehmann.com","Troy, MI","","Midwest firm with a construction practice and outsourced accounting.","","construction practice leader","https://www.rehmann.com","company-site","verified","2026-09-03","page title on fetch: Rehmann | Business Consulting & Professional Advisory Firm"
"wagelens","partner","construction CPA / accounting firm","Withum","https://www.withum.com","Princeton, NJ","","Firm with construction and government-contracting practices in a state prevailing-wage jurisdiction.","","construction practice leader","https://www.withum.com","company-site","verified","2026-09-03","page title on fetch: Advisory, Tax and Audit Services - Withum"
"wagelens","partner","construction CPA / accounting firm","PBMares","","Newport News, VA","","Virginia firm with construction and government-contracting practices next to major federal spend.","","construction practice leader","https://www.pbmares.com","company-site","unverified","2026-09-03","NOT independently opened: https://www.pbmares.com returned HTTP 403 to this environment (bot protection / Cloudflare challenge), so the organisation's own page was never read here; website left empty per BRIEF 2.4"
"wagelens","partner","construction CPA / accounting firm","Grassi","https://www.grassiadvisors.com","Jericho, NY","","New York firm with a large construction practice.","","construction practice leader","https://www.grassicpas.com","company-site","verified","2026-09-03","page title on fetch: National Advisory, Tax and Accounting Services Firm - Grassi"
"wagelens","partner","construction CPA / accounting firm","Armanino","","San Ramon, CA","","California firm with a construction practice in the largest prevailing-wage state.","","construction practice leader","https://www.armanino.com","company-site","unverified","2026-09-03","NOT independently opened: https://www.armanino.com returned HTTP 403 to this environment (bot protection / Cloudflare challenge), so the organisation's own page was never read here; website left empty per BRIEF 2.4"
"wagelens","partner","construction CPA / accounting firm","Eide Bailly","https://www.eidebailly.com","Fargo, ND","","National firm with a construction and real estate practice.","","construction practice leader","https://www.eidebailly.com","company-site","verified","2026-09-03","page title on fetch: Welcome to Eide Bailly | Accounting and Business Advisors"
"wagelens","partner","construction CPA / accounting firm","CliftonLarsonAllen","https://www.claconnect.com","Minneapolis, MN","","Very large middle-market firm with a construction practice and outsourced accounting.","","construction practice leader","https://www.claconnect.com","company-site","verified","2026-09-03","page title on fetch: CLA (CliftonLarsonAllen) | CPAs, Consultants, Wealth Advisors"
"wagelens","partner","construction CPA / accounting firm","Dannible & McKee","https://www.dmcpas.com","Syracuse, NY","","Firm with a construction niche in New York, an Article 8 certified-payroll state.","","construction practice leader","https://www.dmcpas.com","company-site","verified","2026-09-03","page title on fetch: Dannible and McKee LLP: Certified Public Accountants in Syracuse"
"wagelens","partner","construction payroll & back-office provider","Payroll Vault","https://www.payrollvault.com","Littleton, CO","","Franchised local payroll bureaus serving small trades businesses; they run payroll but do not own the wage determination, so WageLens complements them.","","head of partnerships","https://payrollvault.com","company-site","verified","2026-09-03","page title on fetch: Your Local Payroll Partner | Expert Service, Personal Touch | Payroll Vault"
"wagelens","partner","construction payroll & back-office provider","Complete Payroll","https://www.completepayroll.com","Perry, NY","","Regional payroll bureau in New York serving contractors that owe Article 8 and Davis-Bacon payrolls.","","head of partnerships","https://www.completepayroll.com","company-site","verified","2026-09-03","page title on fetch: Complete Payroll | Home"
"wagelens","partner","construction payroll & back-office provider","Paylocity","https://www.paylocity.com","Schaumburg, IL","","Mid-market payroll platform whose construction customers still have to source the county/craft rate themselves.","","head of partnerships","https://www.paylocity.com","company-site","verified","2026-09-03","page title on fetch: "
"wagelens","partner","construction payroll & back-office provider","Paycor","https://www.paycor.com","Cincinnati, OH","","Mid-market payroll platform with a construction vertical.","","head of partnerships","https://www.paycor.com","company-site","verified","2026-09-03","page title on fetch: HR and Payroll Solutions | Empowering Leaders"
"wagelens","partner","construction payroll & back-office provider","Paychex","https://www.paychex.com","Rochester, NY","","Small-business payroll bureau; the wage determination lookup sits outside its product.","","head of partnerships","https://www.paychex.com","company-site","verified","2026-09-03","overlaps at the reporting layer: check before treating as a pure referral partner; page title on fetch: Paychex: Payroll &amp; HR Solutions"
"wagelens","partner","construction payroll & back-office provider","ADP","","Roseland, NJ","","Largest payroll bureau; construction clients still buy separate certified-payroll tooling.","","head of partnerships","https://www.adp.com","company-site","unverified","2026-09-03","overlaps at the reporting layer: check before treating as a pure referral partner; NOT independently opened: https://www.adp.com returned HTTP 403 to this environment (bot protection / Cloudflare challenge), so the organisation's own page was never read here; website left empty per BRIEF 2.4"
"wagelens","partner","construction payroll & back-office provider","Gusto","","San Francisco, CA","","Small-business payroll used by many small subs, with no Davis-Bacon determination layer.","","head of partnerships","https://gusto.com","company-site","unverified","2026-09-03","NOT independently opened: https://gusto.com returned HTTP 403 to this environment (bot protection / Cloudflare challenge), so the organisation's own page was never read here; website left empty per BRIEF 2.4"
"wagelens","partner","construction payroll & back-office provider","Rippling","https://www.rippling.com","San Francisco, CA","","Payroll and HR platform used by small contractors, no wage-determination layer.","","head of partnerships","https://www.rippling.com","company-site","verified","2026-09-03","page title on fetch: Rippling: #1 Workforce Management System | HR, IT, Finance"
"wagelens","partner","construction payroll & back-office provider","TriNet","https://www.trinet.com","Dublin, CA","","PEO serving small contractors that would still need the county/craft determination.","","head of partnerships","https://www.trinet.com","company-site","verified","2026-09-03","page title on fetch: HR Solutions, Payroll, and HR Outsourcing | TriNet"
"wagelens","partner","construction payroll & back-office provider","Workyard","https://www.workyard.com","San Francisco, CA","","Construction time tracking and crew management; the hours it captures are the input to WH-347.","","head of partnerships","https://www.workyard.com","company-site","verified","2026-09-03","page title on fetch: Workyard | Construction Operations Platform for Contractors"
"wagelens","partner","construction payroll & back-office provider","busybusy","https://busybusy.com","St. George, UT","","Construction time tracking whose customers are exactly small specialty subs.","","head of partnerships","https://busybusy.com","company-site","verified","2026-09-03","page title on fetch: Time Card App for Field Employees: GPS Time Tracking | BusyBusy"
"wagelens","partner","construction payroll & back-office provider","ExakTime","https://arcoro.com","Calabasas, CA","","Construction time clock feeding payroll; natural upstream integration for WH-347 generation.","","head of partnerships","https://www.exaktime.com","company-site","verified","2026-09-03","page title on fetch: Time Tracking for Construction | Arcoro Time"
"wagelens","partner","construction payroll & back-office provider","Raken","https://www.rakenapp.com","Carlsbad, CA","","Daily reporting and field data for subs; complements a certified-payroll generator.","","head of partnerships","https://www.rakenapp.com","company-site","verified","2026-09-03","page title on fetch: Construction Management Software - Raken"
"wagelens","partner","construction payroll & back-office provider","Rhumbix","https://www.rhumbix.com","San Francisco, CA","","Field data capture for craft labour hours and cost codes.","","head of partnerships","https://www.rhumbix.com","company-site","verified","2026-09-03","check overlap: Rhumbix markets certified-payroll features to some customers; page title on fetch: Home - Rhumbix"
"wagelens","partner","construction payroll & back-office provider","Arcoro","https://arcoro.com","Scottsdale, AZ","","Construction HR suite; the ICP overlaps completely with WageLens.","","head of partnerships","https://arcoro.com","company-site","verified","2026-09-03","page title on fetch: Time Tracking and HR Software for Construction | Arcoro"
"wagelens","partner","construction payroll & back-office provider","Knowify","https://knowify.com","New York, NY","","Job costing and contractor back-office aimed at small specialty subs.","","head of partnerships","https://www.knowify.com","company-site","verified","2026-09-03","page title on fetch: Construction management software for trade contractors"
"wagelens","partner","construction payroll & back-office provider","Buildertrend","","Omaha, NE","","Contractor management platform for small builders and subs.","","head of partnerships","https://buildertrend.com","company-site","unverified","2026-09-03","NOT independently opened: https://buildertrend.com returned HTTP 403 to this environment (bot protection / Cloudflare challenge), so the organisation's own page was never read here; website left empty per BRIEF 2.4"
"wagelens","partner","construction payroll & back-office provider","Siteline","https://www.siteline.com","San Francisco, CA","","Billing and pay-application software built specifically for trade subcontractors, the same buyer as WageLens.","","head of partnerships","https://www.siteline.com","company-site","verified","2026-09-03","page title on fetch: Siteline | Pay App &amp; Construction Billing Software for Subcontractors"
"wagelens","partner","construction payroll & back-office provider","Kojo","https://www.usekojo.com","San Francisco, CA","","Materials and procurement platform for specialty trade contractors.","","head of partnerships","https://www.usekojo.com","company-site","verified","2026-09-03","page title on fetch: Kojo Construction Material Management Software"
"wagelens","partner","construction payroll & back-office provider","Adaptive","https://www.adaptive.build","San Francisco, CA","","Construction back-office automation for small contractors.","","head of partnerships","https://www.adaptive.build","company-site","verified","2026-09-03","page title on fetch: Construction Accounting Software, Run by AI | Adaptive"
"wagelens","partner","construction payroll & back-office provider","CrewCost","https://crewcost.com","","","Job-costing software for small contractors.","","head of partnerships","https://crewcost.com","company-site","verified","2026-09-03","page title on fetch: Construction Accounting Software for General Contractors"
"wagelens","partner","govcon training & advisory","Govology","https://govology.com","","","Training platform for small government contractors; Davis-Bacon and certified payroll are recurring course topics.","","head of partnerships","https://govology.com","company-site","verified","2026-09-03","page title on fetch: Govology - Find. Bid. Win. Perform."
"wagelens","partner","govcon training & advisory","National Contract Management Association","https://www.ncmahq.org","Reston, VA","","Professional body for contract managers, including construction contract administrators.","","education director","https://www.ncmahq.org","company-site","verified","2026-09-03","page title on fetch: Home"
"wagelens","partner","govcon training & advisory","Koprince McCall Pottroff (SmallGovCon)","https://smallgovcon.com","Lawrence, KS","","Law firm blog read daily by small federal contractors; its readers are the WageLens buyer.","","editor","https://smallgovcon.com","company-site","verified","2026-09-03","law firm; treat as a content partner, not a reseller; page title on fetch: SmallGovCon - Government Contracts Law Blog"
"wagelens","partner","govcon training & advisory","Federal Publications Seminars","https://www.fedpubseminars.com","","","Runs government-contract compliance training including labour standards.","","programme director","https://www.fedpubseminars.com","company-site","verified","2026-09-03","page title on fetch: Government Contracting Compliance Classes & Training | FPS"
"wagelens","partner","govcon training & advisory","Public Contracting Institute","","","","Government-contracts training provider covering labour-standards compliance.","","programme director","https://publiccontractinginstitute.com","company-site","unverified","2026-09-03","NOT independently opened: https://publiccontractinginstitute.com returned HTTP 403 to this environment (bot protection / Cloudflare challenge), so the organisation's own page was never read here; website left empty per BRIEF 2.4"
"wagelens","channel","industry media & newsletter","Construction Dive","","","","Daily construction trade newsletter read by contractor owners and executives.","","editor","https://www.constructiondive.com","company-site","unverified","2026-09-03","NOT independently opened: https://www.constructiondive.com returned HTTP 403 to this environment (bot protection / Cloudflare challenge), so the organisation's own page was never read here; website left empty per BRIEF 2.4"
"wagelens","channel","industry media & newsletter","Engineering News-Record","https://www.enr.com","New York, NY","","The construction industry's paper of record; covers Davis-Bacon rulemaking.","","editor","https://www.enr.com","company-site","verified","2026-09-03","page title on fetch: Engineering News-Record | ENR"
"wagelens","channel","industry media & newsletter","Construction Executive","https://constructionexec.com","Washington, DC","","ABC's magazine, read by merit-shop contractor owners, the core ICP.","","editor","https://www.constructionexec.com","company-site","verified","2026-09-03","page title on fetch: Construction Business &amp; Marketing News | Construction Executive"
"wagelens","channel","industry media & newsletter","Construction Business Owner","https://www.constructionbusinessowner.com","","","Magazine aimed squarely at small contractor owners and their back-office problems.","","editor","https://www.constructionbusinessowner.com","company-site","verified","2026-09-03","page title on fetch: Home | Construction Business Owner"
"wagelens","channel","industry media & newsletter","For Construction Pros","https://www.forconstructionpros.com","","","Trade site covering contractor operations and compliance.","","editor","https://www.forconstructionpros.com","company-site","verified","2026-09-03","page title on fetch: For Construction Pros"
"wagelens","channel","industry media & newsletter","Contractor Magazine","https://www.contractormag.com","","","Mechanical contracting trade publication.","","editor","https://www.contractormag.com","company-site","verified","2026-09-03","page title on fetch: Home | Contractor Magazine"
"wagelens","channel","industry media & newsletter","Electrical Contractor Magazine","","Bethesda, MD","","NECA's magazine, read by electrical contractor owners, the largest trade in the award pull.","","editor","https://www.ecmag.com","company-site","unverified","2026-09-03","NOT independently opened: https://www.ecmag.com returned HTTP 403 to this environment (bot protection / Cloudflare challenge), so the organisation's own page was never read here; website left empty per BRIEF 2.4"
"wagelens","channel","industry media & newsletter","EC&M","https://www.ecmweb.com","","","Electrical construction and maintenance trade publication.","","editor","https://www.ecmweb.com","company-site","verified","2026-09-03","page title on fetch: Home | EC&amp;M"
"wagelens","channel","industry media & newsletter","Roofing Contractor","https://www.roofingcontractor.com","","","Trade publication for roofing subs.","","editor","https://www.roofingcontractor.com","company-site","verified","2026-09-03","page title on fetch: Roofing Contractor | The roofing industry’s leading national publication"
"wagelens","channel","industry media & newsletter","Concrete Construction","","","","Trade publication for concrete contractors.","","editor","https://www.concreteconstruction.net","company-site","unverified","2026-09-03","NOT independently opened: https://www.concreteconstruction.net returned HTTP 403 to this environment (bot protection / Cloudflare challenge), so the organisation's own page was never read here; website left empty per BRIEF 2.4"
"wagelens","channel","industry media & newsletter","Plumbing & Mechanical","https://www.pmmag.com","","","Trade publication for plumbing and mechanical contractors.","","editor","https://www.pmmag.com","company-site","verified","2026-09-03","page title on fetch: Plumbing &amp; Mechanical | Your Resource for Contractors and Engineers"
"wagelens","channel","industry media & newsletter","The ACHR News","https://www.achrnews.com","","","HVACR contracting trade publication.","","editor","https://www.achrnews.com","company-site","verified","2026-09-03","page title on fetch: Air Conditioning, Heating &amp; Refrigeration News | Weekly newsmagazine of the HVACR contractor covering residential &a"
"wagelens","channel","industry media & newsletter","Walls & Ceilings","https://www.wconline.com","","","Trade publication for drywall and ceiling subs.","","editor","https://www.wconline.com","company-site","verified","2026-09-03","page title on fetch: Walls &amp; Ceilings | Drywall, plaster, stucco, steel framing &amp; more"
"wagelens","channel","industry media & newsletter","Construction Junkie","https://www.constructionjunkie.com","","","Independent construction news and tools blog with a contractor readership.","","editor","https://www.constructionjunkie.com","company-site","verified","2026-09-03","page title on fetch: Construction Junkie"
"wagelens","channel","industry media & newsletter","Federal News Network","https://federalnewsnetwork.com","Washington, DC","","Covers federal acquisition policy, including labour-standards rulemaking.","","editor","https://federalnewsnetwork.com","company-site","verified","2026-09-03","page title on fetch: Federal News Network | Breaking Federal News &#038; Information | Helping feds meet their mission."
"wagelens","channel","industry media & newsletter","Washington Technology","https://www.washingtontechnology.com","","","Federal contracting trade publication.","","editor","https://washingtontechnology.com","company-site","verified","2026-09-03","page title on fetch: Washington Technology - Latest News for Government Contractors"
"wagelens","channel","industry media & newsletter","GovConWire","https://www.govconwire.com","","","Federal contracting news site.","","editor","https://www.govconwire.com","company-site","verified","2026-09-03","page title on fetch: GovCon Wire | Your Direct Source for Government Contracting News"
"wagelens","channel","podcast","The Contractor Fight","","","","Large contractor-owner audience focused on running the business, where compliance pain lands.","","show producer","https://thecontractorfight.com","company-site","unverified","2026-09-03","NOT independently opened: https://thecontractorfight.com returned HTTP 202 to this environment (bot protection / Cloudflare challenge), so the organisation's own page was never read here; website left empty per BRIEF 2.4"
"wagelens","channel","podcast","Contractor Success Forum","https://contractorsuccessforum.com","","","Podcast for contractor owners and their CPAs on financial and back-office topics.","","show producer","https://www.contractorsuccessforum.com","company-site","verified","2026-09-03","page title on fetch: Contractor Success Forum &#8211; Helping contractors drive profit"
"wagelens","channel","podcast","The Construction Life","https://theconstructionlife.com","","","Long-running construction industry podcast.","","show producer","https://www.theconstructionlife.com","company-site","verified","2026-09-03","page title on fetch: Red &amp; True"
"wagelens","channel","podcast","GovCon Giants","https://govcongiants.com","","","Podcast and community for small and minority federal contractors, many in construction.","","show producer","https://govcongiants.com","company-site","verified","2026-09-03","page title on fetch: GovCon Giants — Win Federal Contracts Like a Giant"
"wagelens","channel","podcast","Govcon Chamber of Commerce","https://www.govconchamber.com","","","Daily live show for small federal contractors.","","show producer","https://www.govconchamber.com","company-site","verified","2026-09-03","page title on fetch: Federal Sales Training for Government Contractors"
"wagelens","channel","conference","World of Concrete","https://www.worldofconcrete.com","Las Vegas, NV","","Largest annual trade show for concrete and masonry contractors, a core ICP trade.","","exhibitor sales","https://www.worldofconcrete.com","company-site","verified","2026-09-03","page title on fetch: World of Concrete | International Event for Concrete and Masonry"
"wagelens","channel","conference","CONEXPO-CON/AGG","https://www.conexpoconagg.com","Las Vegas, NV","","Triennial construction equipment show drawing site-work and highway contractors.","","exhibitor sales","https://www.conexpoconagg.com","company-site","verified","2026-09-03","page title on fetch: CONEXPO-CON/AGG 2029: International Construction Trade Show | CONEXPO-CON/AGG"
"wagelens","channel","conference","AHR Expo","https://www.ahrexpo.com","","","HVACR trade show drawing mechanical contractors.","","exhibitor sales","https://www.ahrexpo.com","company-site","verified","2026-09-03","page title on fetch: AHR Expo - The Event for HVACR"
"wagelens","channel","conference","NECA Convention & Trade Show","https://www.necaconvention.org","","","Annual electrical contractor convention, the largest trade in the federal award pull.","","exhibitor sales","https://www.necaconvention.org","company-site","verified","2026-09-03","page title on fetch: NECA Convention - NECA 2026 Las Vegas"
"wagelens","channel","conference","NAPEX National Training Conference","https://www.napex.us","","","Where APEX Accelerator counsellors, the people who advise first-time federal contractors, gather.","","exhibitor sales","https://www.napex.us/national-conferences/","company-site","verified","2026-09-03","page title on fetch: National Conferences - National Apex Accelerator Alliance"
"wagelens","excluded","certified-payroll incumbent","LCPtracker","https://lcptracker.com","Orange, CA","","Direct competitor: the dominant certified-payroll and labour-compliance platform, usually bought by the awarding agency or prime.","","n/a","https://lcptracker.com","company-site","verified","2026-09-03","never contact as a prospect; page title on fetch: Home | LCPtracker"
"wagelens","excluded","certified-payroll incumbent","Points North","https://www.points-north.com","Grand Rapids, MI","","Direct competitor: Certified Payroll Reporting product plus Davis-Bacon content marketing.","","n/a","https://www.points-north.com","company-site","verified","2026-09-03","never contact as a prospect; page title on fetch: Certified Payroll &amp; Compliance Software"
"wagelens","excluded","certified-payroll incumbent","Certified Payroll Reporting","https://www.points-north.com","","","Direct competitor: Points North's certified-payroll product marketed under its own domain.","","n/a","https://www.certifiedpayrollreporting.com","company-site","verified","2026-09-03","never contact as a prospect; page title on fetch: Certified Payroll Reporting Software &amp; Managed Services | Points North"
"wagelens","excluded","certified-payroll incumbent","Elation Systems","https://www.elationsys.com","Fremont, CA","","Direct competitor: labour compliance and certified payroll, widely deployed by California public agencies.","","n/a","https://www.elationsys.com","company-site","verified","2026-09-03","never contact as a prospect; page title on fetch: Elation Systems | Davis-Bacon &amp; Contract Compliance Solution"
"wagelens","excluded","certified-payroll incumbent","B2Gnow","https://b2gnow.com","Phoenix, AZ","","Direct competitor: contract compliance and certified payroll for public agencies, and the operator of many state DBE directories.","","n/a","https://www.b2gnow.com","company-site","verified","2026-09-03","never contact as a prospect; page title on fetch: Supplier Diversity Software: Vendor Management, Labor Compliance &amp; Grant Management Software"
"wagelens","excluded","certified-payroll incumbent","Foundation Software","https://www.foundationsoft.com","Strongsville, OH","","Direct competitor: construction accounting with built-in certified payroll and WH-347.","","n/a","https://www.foundationsoft.com","company-site","verified","2026-09-03","never contact as a prospect; page title on fetch: Construction Accounting Software Built for Contractors | Foundation Software"
"wagelens","excluded","certified-payroll incumbent","Payroll4Construction","https://www.payroll4construction.com","Strongsville, OH","","Direct competitor: construction payroll service that produces certified payroll reports.","","n/a","https://www.payroll4construction.com","company-site","verified","2026-09-03","never contact as a prospect; page title on fetch: #1 Construction Payroll Service | Payroll4Construction"
"wagelens","excluded","certified-payroll incumbent","Deltek","https://www.deltek.com","Herndon, VA","","Direct competitor: owns ComputerEase construction accounting with certified payroll.","","n/a","https://www.deltek.com","company-site","verified","2026-09-03","never contact as a prospect; page title on fetch: The Intelligent Platform for Project-Driven Work | Deltek"
"wagelens","excluded","certified-payroll incumbent","Procore","https://www.procore.com","Carpinteria, CA","","Direct competitor at the platform layer: Procore Pay and its compliance partners cover certified payroll.","","n/a","https://www.procore.com","company-site","verified","2026-09-03","never contact as a prospect; page title on fetch: Construction Project Management Software | Procore"
"wagelens","excluded","certified-payroll incumbent","Sage","","","","Direct competitor: Sage 100 Contractor and Sage Intacct Construction generate certified payroll.","","n/a","https://www.sage.com","company-site","unverified","2026-09-03","never contact as a prospect; NOT independently opened: https://www.sage.com returned HTTP 403 to this environment (bot protection / Cloudflare challenge), so the organisation's own page was never read here; website left empty per BRIEF 2.4"
"wagelens","excluded","certified-payroll incumbent","Trimble Viewpoint","https://www.trimble.com","Portland, OR","","Direct competitor: Vista and Spectrum construction ERP with certified payroll modules.","","n/a","https://viewpoint.com","company-site","verified","2026-09-03","never contact as a prospect; page title on fetch: Viewpoint | Construction ERP &amp; Project Management Suite | Trimble | Trimble"
"wagelens","excluded","certified-payroll incumbent","Computer Guidance Corporation","https://computerguidance.com","Scottsdale, AZ","","Direct competitor: eCMS construction ERP with certified payroll.","","n/a","https://www.computerguidance.com","company-site","verified","2026-09-03","never contact as a prospect; page title on fetch: eCMS Cloud Construction Software | Computer Guidance Corporation"
"wagelens","excluded","certified-payroll incumbent","hh2 Cloud Services","https://www.hh2.com","Rexburg, ID","","Direct competitor: construction payroll and time entry including certified payroll.","","n/a","https://hh2.com","company-site","verified","2026-09-03","never contact as a prospect; page title on fetch: AI-Powered Construction HR, Payroll, Time Tracking &amp; AP Software | hh2"
"wagelens","excluded","certified-payroll incumbent","eBacon","https://ebacon.com","Phoenix, AZ","","Direct competitor: certified payroll and fringe-benefit management for prevailing-wage contractors.","","n/a","https://ebacon.com","company-site","verified","2026-09-03","never contact as a prospect; page title on fetch: Compliance Streamlined - Certified Payroll Software"
"wagelens","excluded","certified-payroll incumbent","Miter","https://www.miter.com","San Francisco, CA","","Direct competitor: construction payroll platform that advertises certified payroll and prevailing wage.","","n/a","https://www.miter.com","company-site","verified","2026-09-03","never contact as a prospect; page title on fetch: Miter | Payroll, HR, Expenses &amp; Field Ops Software"
"wagelens","excluded","certified-payroll incumbent","Sunburst Software Solutions","https://www.sunburstsoftwaresolutions.com","","","Direct competitor: Certified Payroll Solution for QuickBooks.","","n/a","https://www.sunburstsoftwaresolutions.com","company-site","verified","2026-09-03","never contact as a prospect; page title on fetch: Welcome to Sunburst Software Solutions, Inc. - Sunburst Software Solutions, Inc."
"wagelens","excluded","certified-payroll incumbent","DavisBaconRates.com","https://davisbaconrates.com","","","Direct competitor: sells Davis-Bacon rate lookup, the exact core of the WageLens product.","","n/a","https://davisbaconrates.com","company-site","verified","2026-09-03","never contact as a prospect; also the source of the pricing evidence in the shortlist; page title on fetch: Davis-Bacon Prevailing Wage Rates by County &amp; Trade"
"wagelens","excluded","certified-payroll incumbent","Certified Payroll Pro","https://www.certifiedpayrollpro.com","","","Direct competitor: certified payroll aimed at small contractors.","","n/a","https://www.certifiedpayrollpro.com","company-site","verified","2026-09-03","never contact as a prospect; page title on fetch: Certified Payroll Software — WH-347 Reports in Minutes, $0 Setup"
"wagelens","excluded","certified-payroll incumbent","MyConstructionPayroll","https://www.myconstructionpayroll.com","","","Direct competitor: construction payroll service marketing on subcontractor Davis-Bacon liability.","","n/a","https://www.myconstructionpayroll.com","company-site","verified","2026-09-03","never contact as a prospect; page title on fetch: Get Certified Payroll, Prevailing Wage | My Construction Payroll | NY"
"wagelens","excluded","certified-payroll incumbent","Aatrix Software","https://www.aatrix.com","Grand Forks, ND","","Direct competitor at the forms layer: produces WH-347 and state certified payroll forms.","","n/a","https://aatrix.com","company-site","verified","2026-09-03","never contact as a prospect; page title on fetch: Home - Aatrix"
"wagelens","excluded","certified-payroll incumbent","Points North Certified Payroll","https://certifiedpayroll.com","","","Direct competitor domain in the certified-payroll category.","","n/a","https://www.certifiedpayroll.com","company-site","verified","2026-09-03","never contact as a prospect; page title on fetch: Atlas Certified Payroll"
"wagelens","partner","trade association (national)","Society of American Military Engineers","https://www.same.org","Alexandria, VA","","SAME's small business programme connects small construction firms to USACE and NAVFAC work, every dollar of which is Davis-Bacon covered.","","small business programme director","https://www.same.org","association-directory","verified","2026-09-03","page title on fetch: Home - SAME"
"wagelens","partner","trade association (national)","National Veteran Small Business Coalition","https://nvsbc.org","","","SDVOSB construction firms win set-aside federal construction contracts and meet Davis-Bacon on day one.","","membership director","https://www.nvsbc.org","association-directory","verified","2026-09-03","page title on fetch: NVSBC - National Veteran Small Business Coalition"
"wagelens","partner","trade association (national)","Native American Contractors Association","https://nativecontractors.org","Washington, DC","","Represents ANC, tribal and NHO contractors, many of them 8(a) construction firms on federal jobs.","","membership director","https://www.nativecontractors.org","association-directory","verified","2026-09-03","page title on fetch: Native American Contractors Association"
"wagelens","partner","trade association (national)","Women's Business Enterprise National Council","https://www.wbenc.org","Washington, DC","","Certifies the WBE construction firms that primes must subcontract to on federally assisted work.","","supplier diversity director","https://www.wbenc.org","association-directory","verified","2026-09-03","page title on fetch: WBENC Women&#039;s Business Enterprise National Council - WBENC.org : WBENC"
"wagelens","partner","trade association (national)","National Minority Supplier Development Council","https://nmsdc.org","New York, NY","","Certifies MBE construction firms that win subcontracts on federally funded projects.","","supplier diversity director","https://nmsdc.org","association-directory","verified","2026-09-03","page title on fetch: NMSDC - National Minority Supplier Development Council"
"wagelens","partner","trade association (national)","U.S. Black Chambers","https://usblackchambers.org","Washington, DC","","Supports Black-owned contractors entering federal and municipal construction.","","programme director","https://usblackchambers.org","association-directory","verified","2026-09-03","page title on fetch: USBC | U.S. Black Chambers, Inc."
"wagelens","partner","trade association (national)","United States Hispanic Chamber of Commerce","https://www.ushcc.com","Washington, DC","","Supports Hispanic-owned contractors, heavily represented in the specialty trades in the ICP.","","programme director","https://www.ushcc.com","association-directory","verified","2026-09-03","page title on fetch: Homepage - USHCC"
"wagelens","partner","govcon training & advisory","America's SBDC","https://americassbdc.org","Burke, VA","","The SBDC network advises small businesses, including construction firms taking their first federally funded contract.","","network programme director","https://americassbdc.org","company-site","verified","2026-09-03","state lead-centre directory is JavaScript-rendered and could not be parsed here; page title on fetch: Home - America's SBDC"
"wagelens","partner","govcon training & advisory","SCORE","","Herndon, VA","","SBA resource partner mentoring small contractors, including on government contracting.","","chapter programme director","https://www.score.org","company-site","unverified","2026-09-03","NOT independently opened: https://www.score.org returned HTTP 403 to this environment (bot protection / Cloudflare challenge), so the organisation's own page was never read here; website left empty per BRIEF 2.4"
"wagelens","partner","govcon training & advisory","Minority Business Development Agency","","Washington, DC","","MBDA business centres coach minority contractors into federal construction contracts.","","business centre director","https://www.mbda.gov","company-site","unverified","2026-09-03","NOT independently opened: https://www.mbda.gov returned HTTP 403 to this environment (bot protection / Cloudflare challenge), so the organisation's own page was never read here; website left empty per BRIEF 2.4"
"wagelens","partner","govcon training & advisory","U.S. Small Business Administration","https://www.sba.gov","Washington, DC","","SBA district offices and the 8(a) programme funnel small construction firms into federal contracts where Davis-Bacon applies.","","district office director","https://www.sba.gov","company-site","verified","2026-09-03","district office directory is a dynamic page; individual offices not enumerated here; page title on fetch: Homepage - Small Business Administration"
"wagelens","partner","govcon training & advisory","HigherGov","https://www.highergov.com","","","Federal market intelligence used by small contractors; complementary data play with no wage-determination layer.","","head of partnerships","https://www.highergov.com","company-site","verified","2026-09-03","page title on fetch: HigherGov: Government Market Intel and Capture"
"wagelens","partner","govcon training & advisory","GovTribe","https://govtribe.com","","","Federal contracting data platform used by small contractors researching awards.","","head of partnerships","https://govtribe.com","company-site","verified","2026-09-03","page title on fetch: "
"wagelens","partner","construction payroll & back-office provider","ConstructConnect","https://www.constructconnect.com","Cincinnati, OH","","Preconstruction and bid data for subcontractors; the same buyer, a different part of the workflow.","","head of partnerships","https://www.constructconnect.com","company-site","verified","2026-09-03","page title on fetch: Finding and Winning Projects | ConstructConnect"
"wagelens","partner","construction payroll & back-office provider","Dodge Construction Network","https://www.construction.com","Bedford, MA","","Project lead data for contractors; reaches the same specialty subs.","","head of partnerships","https://www.construction.com","company-site","verified","2026-09-03","page title on fetch: Construction Intelligence Platform | Dodge Construction Network"
"wagelens","partner","construction payroll & back-office provider","The Blue Book Network","https://www.thebluebook.com","Jefferson Valley, NY","","Construction industry directory and network used by subcontractors to find work.","","head of partnerships","https://www.thebluebook.com","company-site","verified","2026-09-03","page title on fetch: The Blue Book Building & Construction Network - Home"
"wagelens","channel","industry media & newsletter","Constructor Magazine","https://news.agc.org","","","AGC's magazine, read by general and specialty contractor leadership.","","editor","https://www.constructormagazine.com","company-site","verified","2026-09-03","page title on fetch: Constructor Magazine Archives - AGC News"
"wagelens","channel","industry media & newsletter","Equipment World","","","","Reaches site-work and highway contractors, a large ICP trade.","","editor","https://www.equipmentworld.com","company-site","unverified","2026-09-03","NOT independently opened: https://www.equipmentworld.com returned HTTP 403 to this environment (bot protection / Cloudflare challenge), so the organisation's own page was never read here; website left empty per BRIEF 2.4"
"wagelens","channel","industry media & newsletter","Construction Equipment","https://www.constructionequipment.com","","","Trade publication for heavy and highway contractors.","","editor","https://www.constructionequipment.com","company-site","verified","2026-09-03","page title on fetch: Home | Construction Equipment"
"wagelens","channel","industry media & newsletter","Roads & Bridges","https://www.roadsbridges.com","","","Publication for federal-aid highway contractors, all Davis-Bacon covered.","","editor","https://www.roadsbridges.com","company-site","verified","2026-09-03","page title on fetch: Home | Roads &amp; Bridges"
"wagelens","channel","industry media & newsletter","Modern Contractor Solutions","https://mcsmag.com","","","Business-of-contracting magazine aimed at contractor owners.","","editor","https://mcsmag.com","company-site","verified","2026-09-03","page title on fetch: Modern Contractor Solutions | The Equipment &amp; Business Solutions for Commercial &amp; General Contractors"
"wagelens","channel","industry media & newsletter","Masonry Magazine","https://masonrymagazine.com","","","Publication of the Mason Contractors Association, reaching masonry subs.","","editor","https://www.masonrymagazine.com","company-site","verified","2026-09-03","page title on fetch: Masonry Magazine"
"wagelens","channel","industry media & newsletter","Underground Infrastructure","https://undergroundinfrastructure.com","","","Publication for utility contractors on federally funded water and broadband work.","","editor","https://undergroundinfrastructure.com","company-site","verified","2026-09-03","page title on fetch: Home | Underground Construction"
"wagelens","channel","industry media & newsletter","ContractorTalk","https://www.contractortalk.com","","","Long-running public contractor forum where small trades discuss back-office and compliance problems.","","community manager","https://www.contractortalk.com","company-site","verified","2026-09-03","public forum: use for listening and organic participation only, never scraped for individuals; page title on fetch: "
"wagelens","channel","conference","AGC Annual Convention","https://convention.agc.org","","","AGC's national convention, where general and specialty contractor leadership gathers.","","exhibitor sales","https://www.agc.org/annual-convention","company-site","verified","2026-09-03","page title on fetch: 2026 AGC Convention"
"wagelens","channel","conference","NAWIC Annual Conference","https://nawic.org","","","Annual conference of women in construction, reaching WBE subs on federally assisted work.","","exhibitor sales","https://www.nawic.org/annual-conference","company-site","verified","2026-09-03","page title on fetch: Annual Conferences for Professional Women in Construction &#8211; NAWIC.ORG"
"wagelens","channel","conference","World of Asphalt","https://www.worldofasphalt.com","","","Trade show for paving and highway contractors on federal-aid work.","","exhibitor sales","https://www.worldofasphalt.com","company-site","verified","2026-09-03","page title on fetch: World of Asphalt 2027: Trade Show for Aggregate, Asphalt Industries. | World of Asphalt"
"wagelens","channel","conference","The Utility Expo","https://www.theutilityexpo.com","Louisville, KY","","Trade show for utility contractors on federally funded infrastructure.","","exhibitor sales","https://www.theutilityexpo.com","company-site","verified","2026-09-03","page title on fetch: The Utility Expo 2027: Where The Utility Industry Goes To Grow | The Utility Expo"
"wagelens","channel","conference","International Roofing Expo","https://www.theroofingexpo.com","","","Annual roofing contractor trade show.","","exhibitor sales","https://www.theroofingexpo.com","company-site","verified","2026-09-03","page title on fetch: International Roofing Expo | North America&#x27;s Largest Roofing Trade Show"
"wagelens","channel","conference","CONSTRUCT Show","","","","Commercial construction and specification trade show.","","exhibitor sales","https://www.constructshow.com","company-site","unverified","2026-09-03","NOT independently opened: https://www.constructshow.com returned HTTP 403 to this environment (bot protection / Cloudflare challenge), so the organisation's own page was never read here; website left empty per BRIEF 2.4"
"wagelens","channel","podcast","DoD Contract Academy","https://www.dodcontract.com","","","Podcast and training for small firms winning defence contracts, including construction.","","show producer","https://www.dodcontract.com","company-site","verified","2026-09-03","page title on fetch: Winning Government Contracts: Your 1-v-1 Coaching Program"
