"app","prospect_type","segment","name","website","location","size_signal","fit_rationale","contact_route","decision_maker_role","source_url","source_type","confidence","collected_on","notes"
"scopeiq","end-customer","med spa platform / MSO","LaserAway","https://www.laseraway.com/","Los Angeles, CA","240 location pages across 37 states listed on its own locations page (2026-09-03)","Largest injectables-and-laser chain operating in 37 states; every new state opening is a fresh scope-of-practice, supervision and CPOM question.","https://www.laseraway.com/contact/","chief compliance officer","https://www.laseraway.com/locations/","company-site","verified","2026-09-03","States on own locations page: AK AL AZ CA CO CT DC FL GA HI ID IL IN KS KY MA MD MI MN MO NC NE NJ NM NV NY OH OK OR PA RI TN TX UT VA WA WI. PE-backed (Ares Management/Seidler per ctacquisitions.com 2026 report; Lightyear Capital per withorbital.com June 2026 snapshot - sources disagree, both recorded, neither verified with the company). Botox, fillers, laser hair removal, body contouring."
"scopeiq","end-customer","med spa platform / MSO","Milan Laser Hair Removal","https://milanlaser.com/","Omaha, NE","""over 400+ locations in 38 states"" stated on its own homepage (2026-09-03)","Corporate-run 38-state chain; laser delegation and medical-director supervision rules differ in every one of those states.","https://milanlaser.com/locations/contact","general counsel","https://milanlaser.com/","company-site","verified","2026-09-03","Laser hair removal only, NP-led under medical director supervision. Backed by Leonard Green & Partners (2019) plus Sixth Street and Wildcat (2023) per ctacquisitions.com 2026 report. Locations page is JS-rendered so per-state list could not be parsed."
"scopeiq","end-customer","med spa platform / MSO","SkinSpirit","https://www.skinspirit.com/","Palo Alto, CA","66 location pages across 22 states listed on its own locations page (2026-09-03)","Injectable-led premium platform in 22 states; highest revenue per clinic in the category, so a mis-structured MSO is a large exposure.","https://www.skinspirit.com/contact","general counsel","https://www.skinspirit.com/locations","company-site","verified","2026-09-03","States: AZ CA CO DC FL GA HI IL KS MD MN NC NJ NY OH OR TN TX UT VA WA WI. KKR Health Care Strategic Growth Fund II minority stake Oct 2022 (ctacquisitions.com); withorbital.com lists Imaginary Ventures + TPG. Botox and filler led."
"scopeiq","end-customer","med spa platform / MSO","Sono Bello","https://www.sonobello.com/","Kirkland, WA","""over 100 locations nationwide"" on its own locations page; 42 states named (2026-09-03)","Physician-supervised body-contouring chain in 40+ states; surgical-adjacent delegation and CPOM structure is the core of its legal model.","https://www.sonobello.com/locations/","general counsel","https://www.sonobello.com/locations/","company-site","verified","2026-09-03","States named on locations page: AL AR AZ CA CO CT DE FL GA IA ID IL IN KS KY LA MA MD ME MI MN MO MS NC NE NJ NM NV NY OH OK OR PA RI SC SD TN TX UT VA WA WI. Laser liposuction, body contouring."
"scopeiq","end-customer","med spa platform / MSO","VIO Med Spa","https://www.viomedspa.com/","Nashville, TN","84 location URLs across 21 states listed on its own locations page (2026-09-03)","Fastest-growing franchised med spa brand; each franchisee opens in a new state and needs the ownership/supervision answer before signing a lease.","https://www.viomedspa.com/contact-us/","VP of franchise operations","https://www.viomedspa.com/locations/","company-site","verified","2026-09-03","States: AZ CA CT FL GA IL IN MA MD MI MO NC NJ NY OH PA TN TX UT VA WA. Freeman Spogli majority stake Sept 2024. Injectables, laser, body contouring, GLP-1 weight management."
"scopeiq","end-customer","med spa platform / MSO","Ever/Body","https://everbody.com/","New York, NY","6 states named on its own locations page: CT DC MD NY TX WA (2026-09-03)","Cosmetic dermatology chain expanding out of New York into DC/MD/TX/WA - exactly the multi-state launch decision ScopeIQ is sold against.","https://everbody.com/locations","head of operations","https://everbody.com/locations","company-site","verified","2026-09-03","Careers link on its own site points to advanced-medaesthetic-partners ATS, confirming Ever/Body now sits inside Advanced MedAesthetic Partners (acquired 19 Dec 2025 per ctacquisitions.com 2026 report). Botox, lasers, facials."
"scopeiq","end-customer","med spa platform / MSO","Advanced MedAesthetic Partners (AMP)","https://www.weramp.com/","Dallas, TX","""20+ Exceptional Brands, 77 Locations Nationwide, 21 States"" stated on its own homepage (2026-09-03)","A 21-state MSO rolling up med spas under 20+ brands; every tuck-in needs a state-specific CPOM/friendly-PC opinion before close.","https://www.weramp.com/","head of corporate development","https://www.weramp.com/","company-site","verified","2026-09-03","Subsidiary of Leon Capital Group. Portfolio names surfaced in press/own site: Ever/Body, Blush Med, Curate MedAesthetics, The Skyn Bar, Back To 30, Avelure Med Spa, LivingYoung Center, Lift Aesthetics."
"scopeiq","end-customer","med spa platform / MSO","Alpha Aesthetics Partners","https://www.partnerwithalpha.com/","El Dorado Hills, CA","16 numbered partner practices listed on its own site (partner 001 to 016), 2026-09-03","Thurston Group-backed collective of independent med spas across multiple states; each new partner practice is a fresh state structure to validate.","https://www.partnerwithalpha.com/","head of partnerships","https://www.partnerwithalpha.com/","company-site","verified","2026-09-03","Named partners on own site: Preva, LexRx, Prive, Mint + Needle, Flawless Medspa + Wellness, Inbloom Health + Medispa, Esthetics Center. Press (prnewswire via WebSearch) reports 35-37 locations in 12 states and a $93M January 2026 financing - labelled estimate, not confirmed on the company site."
"scopeiq","end-customer","med spa platform / MSO","Princeton Medspa Partners","https://princetonmedspapartners.com/","Princeton, NJ","","PE-backed acquirer of med spas, cosmetic dermatology and plastic surgery clinics nationwide; buys practices across state lines and must re-paper each one.","https://princetonmedspapartners.com/","head of corporate development","https://princetonmedspapartners.com/","company-site","verified","2026-09-03","Own site describes acquisition/integration of 16 businesses across 60+ locations nationwide (stated in an executive bio, so treated as a labelled estimate not a company-level figure). Backed by Princeton Equity Group; BC Partners also named in trade press."
"scopeiq","end-customer","med spa platform / MSO","Empower Aesthetics","https://www.empower.spa/","Austin, TX","""12 Partners, 20 Locations, 25+ Sister Companies in Healthcare"" stated on its own site (2026-09-03)","Shore Capital-backed national aesthetics platform building in TX, TN, the Midwest and upstate New York - four different CPOM regimes at once.","https://www.empower.spa/partner-with-us","head of partnerships","https://www.empower.spa/","company-site","verified","2026-09-03","Generic business mailbox partners@empower.spa published on its own site."
"scopeiq","end-customer","med spa platform / MSO","MedSpa Partners","https://medspapartners.com/","Toronto, ON (US clinics)","","Persistence Capital-backed acquirer of med spas and cosmetic dermatology clinics with a US expansion programme; cross-border entry raises the CPOM question hardest.","info@medspapartners.com","head of corporate development","https://medspapartners.com/","company-site","verified","2026-09-03","Canadian-headquartered; US acquisitions reported in trade press (Faces of South Tampa 2024, Day Dermatology & Aesthetics 2026). Generic mailbox published on its own site."
"scopeiq","end-customer","med spa platform / MSO","United Aesthetics Alliance","https://unitedaestheticsalliance.com/","","","Plastic surgery and med spa coalition acquiring non-surgical aesthetics practices across states; a partnership inquiry funnel implies a steady flow of new-state diligence.","https://unitedaestheticsalliance.com/uaa-partnership-inquiry","head of partnerships","https://unitedaestheticsalliance.com/","company-site","verified","2026-09-03","Announced partnership with LivSkin MedSpa | Laser (Minneapolis) Feb 2026 per trade press."
"scopeiq","end-customer","med spa platform / MSO","OrangeTwist","https://orangetwist.com/","Newport Beach, CA","7 states named on its own locations page: CA CO NJ NV TX VA WA (2026-09-03)","Seven-state med spa ""treatment shop"" chain expanding through acquisition; CA and NJ are two of the strictest CPOM states it already operates in.","https://orangetwist.com/contact-us/","chief operating officer","https://orangetwist.com/locations/","company-site","verified","2026-09-03","Businesswire (Jan 2026) reports a strategic alliance with SBC Medical Group Holdings and expansion to 24 locations across 6 states - labelled press figure, own site listed 7 states on 2026-09-03."
"scopeiq","end-customer","med spa platform / MSO","SEV Laser","https://sevlaser.com/","Los Angeles, CA","16 states named on its own locations page (2026-09-03)","Founder-run 16-state laser and injectables chain growing fast across the Sun Belt without a PE compliance function of its own.","https://sevlaser.com/contact/","director of operations","https://sevlaser.com/locations/","company-site","verified","2026-09-03","States: AZ CA FL GA IL MA MD MN NV NY OH PA TX UT VA WA. ~70 US sites per withorbital.com June 2026 snapshot (secondary)."
"scopeiq","end-customer","med spa platform / MSO","Elase Med Spa","https://elase.com/","Salt Lake City, UT","8 states named on its own locations page: AZ FL ID IL NC SC TX UT (2026-09-03)","Eight-state med spa group with a partnership page, i.e. actively acquiring into new states.","https://elase.com/partnership/","chief operating officer","https://elase.com/locations/","company-site","verified","2026-09-03","Injectables, laser hair removal, skin. Partnership/acquisition page published on its own site."
"scopeiq","end-customer","med spa platform / MSO","Skin Laundry","https://skinlaundry.com/","Los Angeles, CA","","Laser facial chain operating in several US states plus international; a standardised laser protocol run by non-physicians is the classic delegation question.","https://skinlaundry.com/","head of operations","https://skinlaundry.com/","company-site","verified","2026-09-03","Locations page is JS-rendered (no states parsed). withorbital.com June 2026 snapshot lists ~71 locations (secondary, not confirmed on own site)."
"scopeiq","end-customer","med spa platform / MSO","Kalologie","https://www.kalologie.com/","Las Vegas, NV","16 states named on its own locations page (2026-09-03)","Multi-state med spa and skincare chain (franchised); the franchisor carries the compliance answer for every franchisee state.","https://www.kalologie.com/contact-kalologie","franchise operations lead","https://www.kalologie.com/locations/","company-site","verified","2026-09-03","States: AZ CA CO CT FL GA IL LA MD MI NV NY OH PA TX VA. ~34 locations per withorbital.com (secondary)."
"scopeiq","end-customer","med spa platform / MSO","AYA Medical Spa","https://ayamedicalspa.com/","Atlanta, GA","","Multi-location Atlanta med spa group named in trade press as an active platform sponsor; Georgia CPOM and injector delegation rules are unsettled.","https://ayamedicalspa.com/pages/contact-us","owner-operator","https://ayamedicalspa.com/","company-site","verified","2026-09-03","Named as an active platform in AmSpa/CT Acquisitions 2026 M&A commentary."
"scopeiq","end-customer","med spa platform / MSO","Sona MedSpa","https://www.sonamedspa.com/","","","Multi-location med spa brand offering laser and injectable services under a shared brand across states.","https://www.sonamedspa.com/contact/","owner-operator","https://www.sonamedspa.com/","company-site","verified","2026-09-03","Historic franchise brand; current footprint not stated on the homepage."
"scopeiq","end-customer","med spa platform / MSO","Alchemy 43","https://alchemy43.com/","Los Angeles, CA","","Injectable-only ""aesthetics bar"" chain in CA and TX; a menu built entirely on neurotoxin and filler makes injector scope the whole business model.","https://alchemy43.com/contact/","head of operations","https://alchemy43.com/","company-site","verified","2026-09-03",""
"scopeiq","end-customer","med spa platform / MSO","Skin Clique","https://www.skinclique.com/","Charleston, SC","""763 board-certified providers, 40 states with in-person providers, 50 states skincare & wellness"" on its own locations page (2026-09-03)","In-home/mobile aesthetics across 40 states - the single hardest multi-state supervision and delegation problem in the category.","https://www.skinclique.com/partners","chief compliance officer","https://www.skinclique.com/locations","company-site","verified","2026-09-03","Botox, fillers, skincare, GLP-1 weight loss quiz on site. Also runs a partners programme (could be a channel into its provider network)."
"scopeiq","end-customer","med spa platform / MSO","Radiance Holdings","https://radianceholdings.com/","Lakewood, CO","","Multi-brand franchisor holding company in the beauty/wellness space; adding medical aesthetic services to a franchised footprint triggers 50-state scope questions.","https://radianceholdings.com/contact","general counsel","https://radianceholdings.com/","company-site","verified","2026-09-03","Parent of Sola Salons and Woodhouse Spa; medical-aesthetic overlap is partial, so fit is indirect. info@radianceholdings.com published on its own site."
"scopeiq","end-customer","med spa platform / MSO","Sculpt MD","https://www.sculptmd.com/","","","Body-contouring and aesthetics brand operating multiple clinics under physician supervision.","https://www.sculptmd.com/","owner-operator","https://www.sculptmd.com/","company-site","secondary","2026-09-03","Homepage returned very little parseable content; footprint unconfirmed."
"scopeiq","end-customer","aesthetic franchise system","4Ever Young Anti-Aging Solutions","https://4everyoungantiaging.com/","Boca Raton, FL","18 states named on its own locations page (2026-09-03); 74+ locations per BeautyMatter, Mar 2026","Franchised anti-aging clinics selling aesthetics, hormone optimisation, IV nutrition and weight loss - four separately regulated service lines per state.","https://4everyoungantiaging.com/contact-us/","VP of franchise development","https://4everyoungantiaging.com/locations/","company-site","verified","2026-09-03","States: AZ CO FL GA IA IL IN KS NC NE NJ OH OR PA SC TX UT VA. Procedures: injectables, hormone therapy, IV nutrition, medical weight loss."
"scopeiq","end-customer","aesthetic franchise system","dermani MEDSPA","https://dermanimedspa.com/","Atlanta, GA","30+ locations per BeautyMatter franchise roundup, Mar 2026","Membership-model med spa franchise that explicitly helps franchisees establish physician partnerships - a medical-director requirement that differs by state.","https://dermanimedspa.com/","VP of franchise development","https://beautymatter.com/articles/top-medspa-franchises","list-article","secondary","2026-09-03","Own homepage returned only a redirect stub to curl; franchise data taken from the BeautyMatter article. Injectables, professional skin treatments, laser hair removal."
"scopeiq","end-customer","aesthetic franchise system","GLO30","https://glo30.com/","Philadelphia, PA","30+ locations, 100+ in development per BeautyMatter franchise roundup, Mar 2026","Subscription facial franchise crossing from day-spa into clinical services; the line between esthetician scope and medical treatment is drawn differently in every state.","https://glo30.com/contact-us/","VP of franchise development","https://glo30.com/","company-site","verified","2026-09-03","Franchised through Fransmart. Monthly membership facial model."
"scopeiq","end-customer","aesthetic franchise system","Serotonin Centers","https://serotonincenters.com/","Jupiter, FL","16+ locations per BeautyMatter franchise roundup, Mar 2026","Longevity franchise selling hormone replacement, medical weight loss, Botox and fillers, IV drips and body contouring - the widest regulated menu in franchising.","https://serotonincenters.com/franchising/","VP of franchise development","https://serotonincenters.com/","company-site","verified","2026-09-03","Procedures: HRT, medical weight loss, Botox, fillers, body contouring, IV drip therapy, red light, hyperbaric oxygen."
"scopeiq","end-customer","aesthetic franchise system","Face to Face Spa","https://facetofacespa.com/","Austin, TX","41+ locations per BeautyMatter franchise roundup, Mar 2026","Membership skin-health franchise that added Botox, fillers and semaglutide weight loss - a medical menu bolted onto an esthetician-staffed footprint.","https://facetofacespa.com/contact-us/","VP of franchise development","https://facetofacespa.com/","company-site","verified","2026-09-03","Procedures: medical-grade facials, chemical peels, HydraFacial, Botox, fillers, semaglutide (GLP-1) weight loss."
"scopeiq","end-customer","aesthetic franchise system","FACE FOUNDRIE","https://facefoundrie.com/","Minneapolis, MN","""80+ locations and over 1 million services performed"" stated on its own homepage (2026-09-03)","80+ unit facial-bar franchise expanding its clinical menu; every added medical service crosses an esthetician scope line that varies state by state.","https://facefoundrie.com/corporate-partnerships-and-events/","VP of franchise development","https://facefoundrie.com/","company-site","verified","2026-09-03",""
"scopeiq","end-customer","aesthetic franchise system","Radiance Medspa","https://www.radiancemedspa.com/","Belleair Bluffs, FL","30 franchise units per topfranchise.com med spa franchise ranking (updated Apr 2026)","Long-running med spa franchise brand whose franchisees are exactly the single-unit owners who buy a state launch report.","https://www.radiancemedspa.com/contact/","franchise owner","https://www.radiancemedspa.com/","company-site","verified","2026-09-03","URL opened resolves to the Belleair Bluffs, FL location site; franchise-unit count is from topfranchise.com (secondary) and is dated."
"scopeiq","end-customer","aesthetic franchise system","Facial Mania Med Spa","","Tampa, FL","11+ locations per BeautyMatter franchise roundup, Mar 2026","Tiered med spa franchise offering injectables and laser under medical oversight while franchisees run operations - the split ScopeIQ has to document.","","VP of franchise development","https://beautymatter.com/articles/top-medspa-franchises","list-article","secondary","2026-09-03","Website not confirmed: facialmania.com and facialmaniamedspa.com both failed to load from this environment, so website is left empty per the no-fabrication rule."
"scopeiq","end-customer","aesthetic franchise system","C3 Wellness Spa","","Florida","","Franchise blending cosmetic injectables, IV infusion and body contouring with acupuncture and massage; mixing licensed and unlicensed modalities under one roof is a per-state scope problem.","","VP of franchise development","https://beautymatter.com/articles/top-medspa-franchises","list-article","secondary","2026-09-03","c3wellnessspa.com did not resolve from this environment; website left empty. Accepts medical insurance and VA benefits for some services per the source article."
"scopeiq","end-customer","aesthetic franchise system","Alexis Lauren","","Miami, FL","2 corporate locations, average unit volume $1.89M per BeautyMatter franchise roundup, Mar 2026","Luxury med spa franchise actively recruiting operators in Texas (Austin, Dallas) - a named new-state entry decision.","","VP of franchise development","https://beautymatter.com/articles/top-medspa-franchises","list-article","secondary","2026-09-03","alexislauren.com returned 403 and alexislaurenmedspa.com did not resolve; website left empty. Procedures: injectables, facials, laser, microneedling, PRP."
"scopeiq","end-customer","aesthetic franchise system","Skinovatio Medical Spa","","","","Med spa franchise selling Botox, laser, facials, peels, hair restoration and weight-loss care - a full medical menu run by franchisees.","","VP of franchise development","https://1851franchise.com/top-beauty-spa-franchise-2730879","list-article","secondary","2026-09-03","Listed in the 1851 Franchise beauty/spa roundup; brand site not opened, so website and location left empty."
"scopeiq","end-customer","aesthetic franchise system","Bodenvy","https://bodenvy.com/","Orlando, FL","","Body contouring and medical weight-loss franchise; CoolSculpting-class devices and GLP-1 prescribing both need a supervising physician per state.","https://bodenvy.com/","franchise operations lead","https://bodenvy.com/","company-site","verified","2026-09-03","Procedures named on site: fat loss, skin tightening, body sculpting, weight loss."
"scopeiq","end-customer","aesthetic franchise system","Ideal Image","","Tampa, FL","~165 US sites per withorbital.com June 2026 aesthetic-chain snapshot","One of the largest multi-state aesthetic chains (laser hair removal, CoolSculpting, injectables); reorganised in 2024 and rebuilding its state footprint.","","general counsel","https://www.withorbital.com/data/largest-aesthetic-clinic-chains-in-the-us/","list-article","secondary","2026-09-03","idealimage.com did not resolve from this environment on two attempts, so website is left empty. PE-backed, formerly L Catterton-controlled; Chapter 11 filing and reorganisation in 2024 per the source."
"scopeiq","end-customer","IV therapy / wellness chain","Restore Hyper Wellness","https://www.restore.com/","Austin, TX","""210+ studios nationwide"" and ""Clinical Oversight at 220+ Studios"" on its own homepage (2026-09-03)","220+ franchised studios with a nurse practitioner in every studio delivering IV drips, IM shots and peptides - NP scope and supervision rules differ in all 50 states.","https://www.restore.com/contact-us","chief compliance officer","https://www.restore.com/","company-site","verified","2026-09-03","Procedures: IV drip therapy, IM shots, peptides, cryotherapy, red light, aesthetics at some studios."
"scopeiq","end-customer","IV therapy / wellness chain","Prime IV Hydration & Wellness","https://primeivhydration.com/","Draper, UT","39 states named on its own locations page (2026-09-03)","Largest IV therapy franchise; IV infusion is a delegated medical act with a different supervision rule in each of the 39 states it lists.","https://primeivhydration.com/locations/","VP of franchise operations","https://primeivhydration.com/locations/","company-site","verified","2026-09-03","States: AL AR AZ CA CO CT FL GA HI IA ID IL IN KS KY MA MD MI MN MO NC ND NE NH NJ NM NV OH OK OR PA RI SC SD TX UT VA WA WI. 215+ open locations reported in franchise press."
"scopeiq","end-customer","IV therapy / wellness chain","THE DRIPBaR","https://thedripbar.com/","Nashville, TN","600+ locations in development per franchise press (fransmart.com IV franchise roundup)","IV therapy franchise scaling fast into new states; each franchisee needs a medical director and a state-legal ownership structure before opening.","","VP of franchise development","https://fransmart.com/best-iv-therapy-franchise/","list-article","secondary","2026-09-03","thedripbar.com returned HTTP 202 (bot interstitial) on two attempts, so the site itself was not read. 2024 partnership with REVIV per the source."
"scopeiq","end-customer","IV therapy / wellness chain","Liquivida","https://liquivida.com/","Fort Lauderdale, FL","4 states named on its own locations page: AZ CT FL NJ (2026-09-03); 18+ locations per BeautyMatter","IV wellness franchise that added aesthetics, hormone optimisation and medical weight loss - a multi-licence menu across four states.","https://www.liquivida.com/franchise-business-opportunity/providers","VP of franchise development","https://liquivida.com/locations/","company-site","verified","2026-09-03","Procedures: IV therapy, aesthetics, hormone optimisation, medical weight loss."
"scopeiq","end-customer","IV therapy / wellness chain","iCRYO","https://icryo.com/","League City, TX","18 states named on its own locations page (2026-09-03); ~50 locations per withorbital.com","Franchised cryotherapy and IV drip studios in 18 states; IV and injection services sit on the medical side of the line in most of them.","https://icryo.com/","VP of franchise operations","https://icryo.com/locations/","company-site","verified","2026-09-03","States: AZ CO CT FL GA IL IN KS MD MI NC NV NY OH SC TX UT VA."
"scopeiq","end-customer","IV therapy / wellness chain","Hydralive Therapy","https://hydralivetherapy.com/","Birmingham, AL","","IV therapy, hormone and vitality clinic group franchising across the Southeast; hormone prescribing multiplies the per-state supervision questions.","https://hydralivetherapy.com/","franchise operations lead","https://hydralivetherapy.com/","company-site","verified","2026-09-03","Locations page 404d; state footprint not confirmed."
"scopeiq","end-customer","IV therapy / wellness chain","REVIV","https://www.revivme.com/","","","Global IV drip and injection franchise with US clinics; every US franchise unit needs a state-specific medical direction structure.","https://www.revivme.com/booking-process/location/","VP of franchise operations","https://www.revivme.com/","company-site","verified","2026-09-03","Procedures: IV drip therapy, IV vitamin infusions, injections."
"scopeiq","end-customer","IV therapy / wellness chain","IV Nutrition","https://www.ivnutrition.com/","","38 total US locations, 31 franchised, per franzy.com franchise profile (via WebSearch)","Franchised IV nutrition therapy clinics; the franchisor sets the clinical protocol that each state then judges.","https://www.ivnutrition.com/contact-iv-nutrition-now/","VP of franchise operations","https://www.ivnutrition.com/","company-site","verified","2026-09-03","Unit count is a secondary figure from a franchise-data site, not confirmed on the company site."
"scopeiq","end-customer","IV therapy / wellness chain","Onus IV Therapy","https://onusiv.com/","Denver, CO","","IV therapy plus bioidentical hormone replacement and NAD+, franchising nationwide from Colorado - hormone prescribing is the sharpest scope question in the category.","https://onusiv.com/contact-us","VP of franchise development","https://onusiv.com/","company-site","verified","2026-09-03","Procedures: IV therapy, BHRT, NAD+, in-clinic lab testing. Franchising through Fransmart."
"scopeiq","end-customer","IV therapy / wellness chain","LIVE Hydration Spa","https://livehydrationspa.com/","","","IV hydration franchise selling territories nationally; franchisees are first-time medical-service operators who need the state answer.","https://livehydrationspa.com/franchise-opportunities/","VP of franchise development","https://livehydrationspa.com/","company-site","verified","2026-09-03",""
"scopeiq","end-customer","IV therapy / wellness chain","Pause Studio","https://pausestudio.com/","","","Recovery and wellness studio chain offering IV drips and injections alongside non-medical recovery services.","https://pausestudio.com/contact","head of operations","https://pausestudio.com/","company-site","verified","2026-09-03",""
"scopeiq","end-customer","IV therapy / wellness chain","Hydreight","https://hydreight.com/","Las Vegas, NV","","Mobile IV and wellness platform operating a nurse network across states - the most exposed possible model to per-state delegation and telehealth rules.","http://hydreight.com/partnerportal","chief compliance officer","https://hydreight.com/","company-site","verified","2026-09-03","Generic mailbox service@hydreight.com published on its own site. Could equally be a partner (it supplies the compliance layer to independent nurses)."
"scopeiq","end-customer","IV therapy / wellness chain","Hydrate IV Bar","","Denver, CO","8 franchised and 4 company-owned units per franchise press (via WebSearch)","Emerging IV bar franchise expanding out of Colorado; new-state entry is the trigger event for a launch compliance report.","","VP of franchise development","https://1851franchise.com/the-15-hottest-health-and-wellness-franchises-of-2026-2732680","list-article","secondary","2026-09-03","hydrateivbar.com returned HTTP 202 on two attempts; website left empty."
"scopeiq","end-customer","IV therapy / wellness chain","Vida-Flo","","Atlanta, GA","","IV hydration franchise named among the leading US IV therapy systems; multi-state franchisee base.","","VP of franchise development","https://fransmart.com/best-iv-therapy-franchise/","list-article","secondary","2026-09-03","vida-flo.com did not return a readable page from this environment; website left empty."
"scopeiq","end-customer","GLP-1 / weight-loss clinic","Medi-Weightloss","https://mediweightloss.com/","Tampa, FL","33 states named on its own locations page (2026-09-03)","Physician-supervised weight-loss clinic franchise in 33 states; GLP-1 prescribing, compounding sourcing and NP supervision are all state-variable.","https://mediweightloss.com/locations/","VP of franchise operations","https://mediweightloss.com/locations/","company-site","verified","2026-09-03","States: AL AZ CA CT DE FL GA IA ID IL IN KY LA MA ME MI MO NC NH NJ NV NY OH OK OR PA RI SC TN TX VA WA WI."
"scopeiq","end-customer","GLP-1 / weight-loss clinic","Options Medical Weight Loss","https://optionsmedicalweightloss.com/","Chicago, IL","","Multi-state medical weight-loss clinic group prescribing GLP-1s; each new clinic state changes who may prescribe and under what supervision.","https://optionsmedicalweightloss.com/contact/","director of clinical operations","https://optionsmedicalweightloss.com/","company-site","verified","2026-09-03",""
"scopeiq","end-customer","GLP-1 / weight-loss clinic","Red Mountain Weight Loss","https://redmountainweightloss.com/","Phoenix, AZ","","Multi-clinic medical weight-loss group; Arizona-based operators expanding into CA/TX hit two of the strictest CPOM regimes.","https://redmountainweightloss.com/","director of clinical operations","https://redmountainweightloss.com/","company-site","verified","2026-09-03",""
"scopeiq","end-customer","GLP-1 / weight-loss clinic","Form Health","https://www.formhealth.co/","Boston, MA","","Multi-state virtual obesity-medicine clinic; telehealth prescribing of GLP-1s is licensed and supervised state by state.","https://www.formhealth.co/contact-us","head of regulatory affairs","https://www.formhealth.co/","company-site","verified","2026-09-03",""
"scopeiq","end-customer","GLP-1 / weight-loss clinic","Calibrate","https://www.joincalibrate.com/","New York, NY","","National virtual weight-loss programme built on GLP-1 prescribing across state lines.","https://www.joincalibrate.com/faqs/contact-us","head of regulatory affairs","https://www.joincalibrate.com/","company-site","verified","2026-09-03",""
"scopeiq","end-customer","GLP-1 / weight-loss clinic","Enara Health","https://www.enarahealth.com/","San Mateo, CA","","Weight-management platform that also licenses its programme to clinics (""for clinics"" partner page) - both a buyer and a route to other clinics.","https://www.enarahealth.com/for-clinics/become-a-partner","head of clinical operations","https://www.enarahealth.com/","company-site","verified","2026-09-03",""
"scopeiq","end-customer","GLP-1 / weight-loss clinic","Mochi Health","https://joinmochi.com/","San Francisco, CA","","Telehealth weight-loss clinic prescribing GLP-1s nationally; multi-state licensure and compounded-drug rules are its core compliance surface.","https://joinmochi.com/","head of regulatory affairs","https://joinmochi.com/","company-site","verified","2026-09-03","Also offers hair loss and skin services per its own homepage."
"scopeiq","end-customer","telehealth aesthetic / wellness provider","Ro","https://ro.co/","New York, NY","","National telehealth provider with weight-loss, skin and hair lines; operates through affiliated professional entities in all 50 states.","https://ro.co/contact-us/","head of regulatory affairs","https://ro.co/","company-site","verified","2026-09-03",""
"scopeiq","end-customer","telehealth aesthetic / wellness provider","Hers (Hims & Hers Health)","https://www.hers.com/","San Francisco, CA","","Multi-state telehealth brand selling skin, hair and weight products through affiliated medical groups - a textbook friendly-PC/MSO structure across 50 states.","info@hers.com","head of regulatory affairs","https://www.hers.com/","company-site","verified","2026-09-03","Generic mailbox published on its own site."
"scopeiq","end-customer","telehealth aesthetic / wellness provider","LifeMD","https://lifemd.com/","New York, NY","","Public multi-state telehealth company with weight-management and skin lines; MSO/professional-entity structure is disclosed as a risk factor.","https://lifemd.com/contact?force=1","general counsel","https://lifemd.com/","company-site","verified","2026-09-03",""
"scopeiq","end-customer","telehealth aesthetic / wellness provider","Eden","https://www.tryeden.com/","San Francisco, CA","","Telehealth prescription wellness brand covering weight loss and skin; runs a provider partner programme across states.","https://www.tryeden.com/partner-with-eden","head of regulatory affairs","https://www.tryeden.com/","company-site","verified","2026-09-03",""
"scopeiq","partner","med spa software / EMR","Zenoti","https://www.zenoti.com/","Bellevue, WA","","Practice software used by med spas; its onboarding flow is where a new location first has to state which services it will offer and under whose supervision, so a bundled state compliance report fits naturally.","https://www.zenoti.com/contact-us","head of partnerships","https://www.zenoti.com/","company-site","verified","2026-09-03","Enterprise salon/spa/med spa platform used by multi-location chains - the exact customer segment that expands across states."
"scopeiq","partner","med spa software / EMR","Boulevard","https://www.joinblvd.com/","Los Angeles, CA","","Practice software used by med spas; its onboarding flow is where a new location first has to state which services it will offer and under whose supervision, so a bundled state compliance report fits naturally.","https://www.joinblvd.com/partner-with-us","head of partnerships","https://www.joinblvd.com/","company-site","verified","2026-09-03","AmSpa silver vendor affiliate. Publishes med spa owner education content (conference roundups, ""who can open a medical spa"") - an existing content channel."
"scopeiq","partner","med spa software / EMR","AestheticsPro","https://www.aestheticspro.com/","Las Vegas, NV","","Practice software used by med spas; its onboarding flow is where a new location first has to state which services it will offer and under whose supervision, so a bundled state compliance report fits naturally.","https://www.aestheticspro.com/Partners/","head of partnerships","https://www.aestheticspro.com/","company-site","verified","2026-09-03","Med spa-specific practice management software with a published partner programme. sales@aestheticspro.com on own site."
"scopeiq","partner","med spa software / EMR","Aesthetic Record","https://www.aestheticrecord.com/","Miami, FL","","Practice software used by med spas; its onboarding flow is where a new location first has to state which services it will offer and under whose supervision, so a bundled state compliance report fits naturally.","info@aestheticrecord.com","head of partnerships","https://www.aestheticrecord.com/","company-site","verified","2026-09-03","Positions itself as the #1 EMR for med spas; generic mailbox published on its own site."
"scopeiq","partner","med spa software / EMR","PatientNow","https://www.patientnow.com/","Englewood, CO","","Practice software used by med spas; its onboarding flow is where a new location first has to state which services it will offer and under whose supervision, so a bundled state compliance report fits naturally.","https://www.patientnow.com/partners/","head of partnerships","https://www.patientnow.com/","company-site","verified","2026-09-03","EMR and practice management for aesthetic practices with an existing partner programme page."
"scopeiq","partner","med spa software / EMR","Nextech","https://www.nextech.com/","Tampa, FL","","Practice software used by med spas; its onboarding flow is where a new location first has to state which services it will offer and under whose supervision, so a bundled state compliance report fits naturally.","https://www.nextech.com/partnerships","head of partnerships","https://www.nextech.com/","company-site","verified","2026-09-03","AmSpa platinum vendor affiliate; specialty EHR covering aesthetics and dermatology."
"scopeiq","partner","med spa software / EMR","ModMed","https://www.modmed.com/","Boca Raton, FL","","Practice software used by med spas; its onboarding flow is where a new location first has to state which services it will offer and under whose supervision, so a bundled state compliance report fits naturally.","https://www.modmed.com/what-we-do/strategic-partners/","head of partnerships","https://www.modmed.com/","company-site","verified","2026-09-03","Specialty cloud EHR with a large dermatology base that overlaps the med spa market."
"scopeiq","partner","med spa software / EMR","Mangomint","https://www.mangomint.com/","Los Angeles, CA","","Practice software used by med spas; its onboarding flow is where a new location first has to state which services it will offer and under whose supervision, so a bundled state compliance report fits naturally.","https://www.mangomint.com/contact-us/","head of partnerships","https://www.mangomint.com/","company-site","verified","2026-09-03","Salon and med spa software growing fast in the aesthetics segment."
"scopeiq","partner","med spa software / EMR","Vagaro","https://www.vagaro.com/","Pleasanton, CA","","Practice software used by med spas; its onboarding flow is where a new location first has to state which services it will offer and under whose supervision, so a bundled state compliance report fits naturally.","https://www.vagaro.com/pro/partners","head of partnerships","https://www.vagaro.com/","company-site","verified","2026-09-03","Booking platform with a published partner programme and a large med spa customer base."
"scopeiq","partner","med spa software / EMR","Jane","https://www.jane.app/","Vancouver, BC","","Practice software used by med spas; its onboarding flow is where a new location first has to state which services it will offer and under whose supervision, so a bundled state compliance report fits naturally.","https://www.jane.app/contact","head of partnerships","https://www.jane.app/","company-site","verified","2026-09-03","Practice management for health and wellness clinics including aesthetic and IV practices."
"scopeiq","partner","med spa software / EMR","Symplast","https://www.symplast.com/","Fort Lauderdale, FL","","Practice software used by med spas; its onboarding flow is where a new location first has to state which services it will offer and under whose supervision, so a bundled state compliance report fits naturally.","https://www.symplast.com/","head of partnerships","https://www.symplast.com/","company-site","verified","2026-09-03","Plastic surgery and med spa EHR. Only mailbox found on the page was a staging-domain address, so it was not used as the contact route."
"scopeiq","partner","med spa software / EMR","Mindbody","https://www.mindbodyonline.com/","San Luis Obispo, CA","","Practice software used by med spas; its onboarding flow is where a new location first has to state which services it will offer and under whose supervision, so a bundled state compliance report fits naturally.","https://www.mindbodyonline.com/company/contact-us","head of partnerships","https://www.mindbodyonline.com/","company-site","verified","2026-09-03","Wellness booking platform with med spa and IV-clinic customers."
"scopeiq","partner","med spa software / EMR","RepeatMD","https://www.repeatmd.com/","Houston, TX","","Practice software used by med spas; its onboarding flow is where a new location first has to state which services it will offer and under whose supervision, so a bundled state compliance report fits naturally.","https://www.repeatmd.com/partners","head of partnerships","https://www.repeatmd.com/","company-site","verified","2026-09-03","Aesthetics-only e-commerce and loyalty platform; its whole customer base is med spas. info@repeatmd.com on own site."
"scopeiq","partner","med spa software / EMR","Pabau","https://pabau.com/","London, UK (US clinics)","","Practice software used by med spas; its onboarding flow is where a new location first has to state which services it will offer and under whose supervision, so a bundled state compliance report fits naturally.","https://pabau.com/partners/app/","head of partnerships","https://pabau.com/","company-site","verified","2026-09-03","Clinic practice management with a US med spa push and an app-partner programme."
"scopeiq","partner","med spa software / EMR","Phorest","https://www.phorest.com/us","Dublin, IE (US office)","","Practice software used by med spas; its onboarding flow is where a new location first has to state which services it will offer and under whose supervision, so a bundled state compliance report fits naturally.","https://www.phorest.com/us/partners/","head of partnerships","https://www.phorest.com/us","company-site","verified","2026-09-03","AmSpa platinum vendor affiliate; salon and med spa software with a US partner programme."
"scopeiq","partner","med spa software / EMR","GlossGenius","https://glossgenius.com/","New York, NY","","Practice software used by med spas; its onboarding flow is where a new location first has to state which services it will offer and under whose supervision, so a bundled state compliance report fits naturally.","https://glossgenius.com/contact-us","head of partnerships","https://glossgenius.com/","company-site","verified","2026-09-03","AmSpa platinum vendor affiliate with a dedicated medical-spa product page."
"scopeiq","partner","med spa software / EMR","DaySpark","https://dayspark.com/","","","Practice software used by med spas; its onboarding flow is where a new location first has to state which services it will offer and under whose supervision, so a bundled state compliance report fits naturally.","https://dayspark.com/contact","head of partnerships","https://dayspark.com/","company-site","verified","2026-09-03","AmSpa silver vendor affiliate; med spa, aesthetics and salon software."
"scopeiq","partner","med spa software / EMR","Weave","https://www.getweave.com/","Lehi, UT","","Practice software used by med spas; its onboarding flow is where a new location first has to state which services it will offer and under whose supervision, so a bundled state compliance report fits naturally.","https://www.getweave.com/partners/","head of partnerships","https://www.getweave.com/","company-site","verified","2026-09-03","AmSpa platinum vendor affiliate; publishes med spa conference and owner content."
"scopeiq","partner","med spa software / EMR","Podium","https://www.podium.com/","Lehi, UT","","Practice software used by med spas; its onboarding flow is where a new location first has to state which services it will offer and under whose supervision, so a bundled state compliance report fits naturally.","https://www.podium.com/contact-us","head of partnerships","https://www.podium.com/","company-site","verified","2026-09-03","AmSpa platinum vendor affiliate; AI lead management sold into med spas."
"scopeiq","partner","med spa software / EMR","D.A.W. Systems (ScriptSure)","https://www.dawsystems.com/","Wellington, FL","","Practice software used by med spas; its onboarding flow is where a new location first has to state which services it will offer and under whose supervision, so a bundled state compliance report fits naturally.","https://www.dawsystems.com/partners","head of partnerships","https://www.dawsystems.com/","company-site","verified","2026-09-03","AmSpa platinum vendor affiliate; e-prescribing used by med spas that prescribe GLP-1s and toxins. sales@dawsystems.com on own site."
"scopeiq","partner","medical director & good-faith-exam service","Qualiphy","https://qualiphy.me/","","","Supplies good-faith exams and medical oversight to med spas in many states; it needs an authoritative per-state scope answer for every client it onboards, and it reaches those clients first.","https://qualiphy.me/partner-with-us/","head of partnerships","https://qualiphy.me/","company-site","verified","2026-09-03","Partner rather than excluded: it sells the physician relationship and the exam workflow, not a cited state-by-state scope/CPOM report. Overlap exists on ""who can supervise"", so treat as partner-with-overlap."
"scopeiq","partner","medical director & good-faith-exam service","Medical Director Co","https://www.medicaldirectorco.com/","","","Matches med spas with medical directors and collaborating physicians state by state; its entire funnel is owners about to open in a new state.","https://www.medicaldirectorco.com/contact-medical-director-co/","head of partnerships","https://www.medicaldirectorco.com/","company-site","verified","2026-09-03","Publishes state-level guidance content (e.g. spa franchise opportunities guide), so there is content overlap; still a partner because the deliverable is a physician, not a compliance report. info@medicaldirectorco.com on own site."
"scopeiq","partner","medical director & good-faith-exam service","Guardian Medical Direction","https://guardianmedicaldirection.com/","","","Places collaborating physicians and medical directors for aesthetic practices; sees every new med spa before it opens.","https://guardianmedicaldirection.com/industry-partners/","head of partnerships","https://guardianmedicaldirection.com/","company-site","verified","2026-09-03","Has an explicit ""industry partners"" page."
"scopeiq","partner","medical director & good-faith-exam service","Spakinect","https://www.spakinect.com/","","","Telemedicine good-faith exams for aesthetic practices; an adjacent compliance workflow that pairs with a state scope report rather than replacing it.","https://www.spakinect.com/contact","head of partnerships","https://www.spakinect.com/","company-site","verified","2026-09-03","AmSpa silver-tier vendor affiliate. info@spakinect.com on own site."
"scopeiq","excluded","medical director & good-faith-exam service","Moxie","","San Francisco, CA","","Sells the whole med spa launch bundle - entity formation, medical director, compliance and software - so it competes directly for the state launch spend rather than referring it.","","","https://www.americanmedspa.org/vendor-directory/","association-directory","secondary","2026-09-03","EXCLUDED as a direct competitor on the launch-compliance step. Listed as an AmSpa platinum vendor affiliate under Business Consulting / Marketing / Practice Management. moxie.md and www.moxie.md did not resolve from this environment on two attempts, so website is left empty; AmSpa links it through a medspa.mba redirect."
"scopeiq","partner","aesthetic training company","Empire Medical Training","https://www.empiremedicaltraining.com/","Fort Lauderdale, FL","","Trains new injectors and new med spa owners, so it meets ScopeIQ buyers at the exact moment they ask ""am I allowed to do this in my state?"" - a natural bundle or referral.","https://www.empiremedicaltraining.com/contact-us/information/","head of partnerships","https://www.empiremedicaltraining.com/","company-site","verified","2026-09-03","Hands-on CME aesthetic courses for physicians, NPs, PAs and RNs nationwide."
"scopeiq","partner","aesthetic training company","IAPAM (International Association for Physicians in Aesthetic Medicine)","https://iapam.com/","Scottsdale, AZ","","Trains new injectors and new med spa owners, so it meets ScopeIQ buyers at the exact moment they ask ""am I allowed to do this in my state?"" - a natural bundle or referral.","https://iapam.com/contact-us","head of partnerships","https://iapam.com/","company-site","verified","2026-09-03","Aesthetic medicine training and certification; also publishes med spa business-startup material."
"scopeiq","partner","aesthetic training company","National Laser Institute","https://www.nationallaserinstitute.com/","Scottsdale, AZ","","Trains new injectors and new med spa owners, so it meets ScopeIQ buyers at the exact moment they ask ""am I allowed to do this in my state?"" - a natural bundle or referral.","https://www.nationallaserinstitute.com/","head of partnerships","https://www.nationallaserinstitute.com/","company-site","verified","2026-09-03","Cosmetic laser and Botox training school with campuses in several states and its own med spa locations."
"scopeiq","partner","aesthetic training company","American Academy of Aesthetic Medicine (AAAM)","https://www.aaamed.org/","","","Trains new injectors and new med spa owners, so it meets ScopeIQ buyers at the exact moment they ask ""am I allowed to do this in my state?"" - a natural bundle or referral.","https://www.aaamed.org/","head of partnerships","https://www.aaamed.org/","company-site","verified","2026-09-03","Certification body for aesthetic medicine practitioners."
"scopeiq","partner","aesthetic training company","AAOPM (American Academy of Procedural Medicine)","https://www.aaopm.com/","","","Trains new injectors and new med spa owners, so it meets ScopeIQ buyers at the exact moment they ask ""am I allowed to do this in my state?"" - a natural bundle or referral.","https://www.aaopm.com/contact/","head of partnerships","https://www.aaopm.com/","company-site","verified","2026-09-03","Botox, aesthetics and pain-management CME training. info@aaopm.com on own site."
"scopeiq","partner","aesthetic training company","Aesthetic Injector Academy","https://www.aestheticinjectoracademy.com/","","","Trains new injectors and new med spa owners, so it meets ScopeIQ buyers at the exact moment they ask ""am I allowed to do this in my state?"" - a natural bundle or referral.","info@injectorschool.com","head of partnerships","https://www.aestheticinjectoracademy.com/","company-site","verified","2026-09-03","AmSpa silver-tier vendor affiliate under Injectables; trains injectors entering the field."
"scopeiq","partner","device & injectable manufacturer","Allergan Aesthetics (AbbVie)","https://www.allerganaesthetics.com/","Irvine, CA","","Sells injectables or energy devices into med spas and runs a provider/partner programme; a co-branded state compliance report is a low-cost way for its reps to open new accounts and de-risk device placement.","https://www.allerganaesthetics.com/providers/contact","head of provider marketing","https://www.allerganaesthetics.com/","company-site","verified","2026-09-03","Botox Cosmetic, Juvederm, CoolSculpting. AmSpa platinum vendor affiliate. Runs the Allergan Medical Institute training programme referenced by AMP."
"scopeiq","partner","device & injectable manufacturer","Galderma","https://www.galderma.com/us","Fort Worth, TX","","Sells injectables or energy devices into med spas and runs a provider/partner programme; a co-branded state compliance report is a low-cost way for its reps to open new accounts and de-risk device placement.","https://www.galderma.com/us/contact-us","head of provider marketing","https://www.galderma.com/us","company-site","verified","2026-09-03","Dysport, Restylane, Sculptra. AmSpa platinum vendor affiliate; runs the ASPIRE loyalty programme."
"scopeiq","partner","device & injectable manufacturer","Merz Aesthetics","https://www.merzaesthetics.com/","Raleigh, NC","","Sells injectables or energy devices into med spas and runs a provider/partner programme; a co-branded state compliance report is a low-cost way for its reps to open new accounts and de-risk device placement.","https://merzaesthetics.com/partnerships/","head of provider marketing","https://www.merzaesthetics.com/","company-site","verified","2026-09-03","Xeomin, Radiesse, Ultherapy. AmSpa platinum vendor affiliate with a published partnerships page."
"scopeiq","partner","device & injectable manufacturer","Evolus","https://www.evolus.com/","Newport Beach, CA","","Sells injectables or energy devices into med spas and runs a provider/partner programme; a co-branded state compliance report is a low-cost way for its reps to open new accounts and de-risk device placement.","https://www.evolus.com/contact-us","head of provider marketing","https://www.evolus.com/","company-site","verified","2026-09-03","Jeuveau; sells performance-beauty injectables direct to aesthetic practices."
"scopeiq","partner","device & injectable manufacturer","Cynosure Lutronic","https://www.cynosure.com/","Westford, MA","","Sells injectables or energy devices into med spas and runs a provider/partner programme; a co-branded state compliance report is a low-cost way for its reps to open new accounts and de-risk device placement.","https://www.cynosure.com/for-providers/partnership-information/","head of provider marketing","https://www.cynosure.com/","company-site","verified","2026-09-03","AmSpa gold vendor affiliate; energy devices with an explicit provider partnership page."
"scopeiq","partner","device & injectable manufacturer","Candela","https://www.candelamedical.com/","Marlborough, MA","","Sells injectables or energy devices into med spas and runs a provider/partner programme; a co-branded state compliance report is a low-cost way for its reps to open new accounts and de-risk device placement.","https://www.candelamedical.com/contact/","head of provider marketing","https://www.candelamedical.com/","company-site","verified","2026-09-03","AmSpa platinum vendor affiliate; lasers and microneedling devices."
"scopeiq","partner","device & injectable manufacturer","InMode","https://inmodemd.com/","Irvine, CA","","Sells injectables or energy devices into med spas and runs a provider/partner programme; a co-branded state compliance report is a low-cost way for its reps to open new accounts and de-risk device placement.","https://inmodemd.com/contact-us/","head of provider marketing","https://inmodemd.com/","company-site","verified","2026-09-03","RF body contouring and Morpheus8; heavily placed in med spas."
"scopeiq","partner","device & injectable manufacturer","Cutera","https://www.cutera.com/","Brisbane, CA","","Sells injectables or energy devices into med spas and runs a provider/partner programme; a co-branded state compliance report is a low-cost way for its reps to open new accounts and de-risk device placement.","https://www.cutera.com/","head of provider marketing","https://www.cutera.com/","company-site","secondary","2026-09-03","Aesthetic energy devices. Homepage returned no title to the parser; contact route not confirmed."
"scopeiq","partner","device & injectable manufacturer","BTL Aesthetics","https://www.btlaesthetics.com/","Boston, MA","","Sells injectables or energy devices into med spas and runs a provider/partner programme; a co-branded state compliance report is a low-cost way for its reps to open new accounts and de-risk device placement.","info@btlnet.com","head of provider marketing","https://www.btlaesthetics.com/","company-site","verified","2026-09-03","Emsculpt and Emsella; generic mailbox published on its own site."
"scopeiq","partner","device & injectable manufacturer","Sciton","https://sciton.com/","Palo Alto, CA","","Sells injectables or energy devices into med spas and runs a provider/partner programme; a co-branded state compliance report is a low-cost way for its reps to open new accounts and de-risk device placement.","https://sciton.com/contact-sciton-concierge-marketing/","head of provider marketing","https://sciton.com/","company-site","verified","2026-09-03","Laser platforms sold into med spas and dermatology."
"scopeiq","partner","device & injectable manufacturer","Alma Lasers","https://www.almalasers.com/","Buffalo Grove, IL","","Sells injectables or energy devices into med spas and runs a provider/partner programme; a co-branded state compliance report is a low-cost way for its reps to open new accounts and de-risk device placement.","https://partners.almalasers.com/","head of provider marketing","https://www.almalasers.com/","company-site","verified","2026-09-03","Runs a dedicated partner portal for aesthetic providers."
"scopeiq","partner","device & injectable manufacturer","Lumenis","https://lumenis.com/","San Jose, CA","","Sells injectables or energy devices into med spas and runs a provider/partner programme; a co-branded state compliance report is a low-cost way for its reps to open new accounts and de-risk device placement.","https://lumenis.com/","head of provider marketing","https://lumenis.com/","company-site","verified","2026-09-03","Energy devices; aesthetic-physician partner zone requires a login, so a public contact route was not used."
"scopeiq","partner","device & injectable manufacturer","Venus Concept","https://venusconcept.com/","Toronto, ON (US ops)","","Sells injectables or energy devices into med spas and runs a provider/partner programme; a co-branded state compliance report is a low-cost way for its reps to open new accounts and de-risk device placement.","https://venusconcept.com/contact-us","head of provider marketing","https://venusconcept.com/","company-site","verified","2026-09-03","Aesthetic device manufacturer with a subscription placement model. info@venusconcept.com on own site."
"scopeiq","partner","device & injectable manufacturer","Solta Medical","https://www.soltamedical.com/","Bothell, WA","","Sells injectables or energy devices into med spas and runs a provider/partner programme; a co-branded state compliance report is a low-cost way for its reps to open new accounts and de-risk device placement.","https://www.soltamedical.com/","head of provider marketing","https://www.soltamedical.com/","company-site","verified","2026-09-03","Thermage and Fraxel; sold into med spas and dermatology."
"scopeiq","partner","device & injectable manufacturer","Aerolase","https://aerolase.com/","Tarrytown, NY","","Sells injectables or energy devices into med spas and runs a provider/partner programme; a co-branded state compliance report is a low-cost way for its reps to open new accounts and de-risk device placement.","https://aerolase.com/contact","head of provider marketing","https://aerolase.com/","company-site","verified","2026-09-03","Laser platform marketed to aesthetic practices."
"scopeiq","partner","device & injectable manufacturer","Clarius Mobile Health","https://clarius.com/aesthetics","Vancouver, BC (US sales)","","Sells injectables or energy devices into med spas and runs a provider/partner programme; a co-branded state compliance report is a low-cost way for its reps to open new accounts and de-risk device placement.","https://clarius.com/partner-with-us/","head of provider marketing","https://clarius.com/aesthetics","company-site","verified","2026-09-03","AmSpa silver vendor affiliate; handheld ultrasound for safer filler injection - sold on a safety/compliance argument."
"scopeiq","partner","med spa consultant / M&A advisor","Skytale Group","https://skytalegroup.com/","Dallas, TX","","Investment bank and management consultancy for aesthetic practices; its M&A diligence needs exactly the state CPOM answer ScopeIQ produces.","https://skytalegroup.com/contact-us","head of partnerships","https://skytalegroup.com/","company-site","verified","2026-09-03","AmSpa platinum vendor affiliate under Business Consulting. Cited as the source of med spa valuation ranges in the CT Acquisitions 2026 report."
"scopeiq","partner","med spa consultant / M&A advisor","Aesthetic Brokers","https://aestheticbrokers.com/","","","Sell-side M&A adviser for med spas; every deal it runs needs a clean state ownership structure to close.","https://aestheticbrokers.com/contact/","head of partnerships","https://aestheticbrokers.com/","company-site","verified","2026-09-03",""
"scopeiq","partner","med spa consultant / M&A advisor","Provident Healthcare Partners","https://www.providenthp.com/","Boston, MA","","Healthcare investment bank publishing wellness and aesthetic medicine sector notes; introduces sellers to PE platforms entering new states.","https://www.providenthp.com/","head of partnerships","https://www.providenthp.com/","company-site","verified","2026-09-03","Only external contact link found on the homepage was a LinkedIn company page, so contact_route is the homepage."
"scopeiq","partner","med spa consultant / M&A advisor","Pacific Reliance Medical M&A Advisors","https://www.pacificrb.com/","","","AmSpa platinum vendor affiliate advising med spa owners on sales and real estate - present at the moment a practice restructures.","https://www.pacificrb.com/contact-us","head of partnerships","https://www.pacificrb.com/","company-site","verified","2026-09-03",""
"scopeiq","partner","med spa consultant / M&A advisor","DermAesthetic Consulting (DAC)","https://dermaestheticconsulting.com/","","","Med spa consultancy that sets up practices operationally; a state compliance report is a natural attachment to its onboarding.","https://dermaestheticconsulting.com/contact-2/","head of partnerships","https://dermaestheticconsulting.com/","company-site","verified","2026-09-03","AmSpa platinum vendor affiliate."
"scopeiq","partner","med spa consultant / M&A advisor","Universal Healthcare Consulting","https://www.universalhc.com/","","","Healthcare compliance and accreditation support sold to med spas - adjacent, and its clients already buy compliance.","https://www.universalhc.com/contact/","head of partnerships","https://www.universalhc.com/","company-site","verified","2026-09-03","AmSpa platinum vendor affiliate. Overlaps ScopeIQ on general compliance but not on 50-state scope/CPOM content."
"scopeiq","partner","med spa consultant / M&A advisor","Obsidian Strategic Consulting","https://www.obsidian.inc/","","","AmSpa platinum vendor affiliate providing bookkeeping, consulting and HR to med spas.","https://www.obsidian.inc/contact","head of partnerships","https://www.obsidian.inc/","company-site","verified","2026-09-03","info@obsidian.inc on own site."
"scopeiq","partner","med spa consultant / M&A advisor","SafeLink Consulting","https://safelinkconsulting.com/","","","US regulatory compliance consulting sold to med spas; a referral partner for the state-scope question it does not answer itself.","https://safelinkconsulting.com/contact-us/","head of partnerships","https://safelinkconsulting.com/","company-site","verified","2026-09-03","AmSpa platinum vendor affiliate. info@safelinkconsulting.com on own site."
"scopeiq","partner","med spa consultant / M&A advisor","MedSafe","https://medsafe.com/","","","Healthcare compliance programmes (OSHA/HIPAA) for med spas, with an existing partners page.","https://medsafe.com/partners/","head of partnerships","https://medsafe.com/","company-site","verified","2026-09-03","AmSpa gold vendor affiliate."
"scopeiq","partner","med spa consultant / M&A advisor","Compliancy Group","https://compliancy-group.com/","Greenlawn, NY","","HIPAA compliance software sold into med spas; complementary compliance surface, same buyer.","https://compliancy-group.com/contact-us/","head of partnerships","https://compliancy-group.com/","company-site","verified","2026-09-03","AmSpa gold vendor affiliate."
"scopeiq","partner","med spa consultant / M&A advisor","CEDR HR Solutions","https://www.cedrsolutions.com/","Tucson, AZ","","HR and employee-handbook provider for healthcare employers including med spas; staffing rules and scope rules are bought together.","https://www.cedrsolutions.com/about/contact-cedr/","head of partnerships","https://www.cedrsolutions.com/","company-site","verified","2026-09-03","AmSpa platinum vendor affiliate. support@cedrsolutions.com on own site."
"scopeiq","partner","med spa consultant / M&A advisor","Xite Realty","https://www.xiteco.com/","Dallas, TX","","Healthcare real estate broker for practices - it is literally in the room when a med spa signs a new-state lease, the trigger event for a launch report.","https://www.xiteco.com/","head of partnerships","https://www.xiteco.com/","company-site","verified","2026-09-03","AmSpa platinum vendor affiliate under Real Estate."
"scopeiq","partner","med spa consultant / M&A advisor","Atteign","https://atteign.com/","Austin, TX","","Accounting and advisory for aesthetic practices; entity structure and CPOM structure are decided at the same table.","https://atteign.com/contact","head of partnerships","https://atteign.com/","company-site","verified","2026-09-03","AmSpa silver vendor affiliate. info@atteign.com on own site."
"scopeiq","partner","med spa consultant / M&A advisor","Cavin CPAs and Advisors","https://www.cavincpa.com/","Chesterfield, MO","","AmSpa platinum vendor affiliate doing med spa bookkeeping and accounting; sees new entity formations.","https://www.cavincpa.com/contact.php","head of partnerships","https://www.cavincpa.com/","company-site","verified","2026-09-03","info@cavincpa.com on own site."
"scopeiq","partner","med spa consultant / M&A advisor","BrightSkies Services","https://brightskiesservice.com/","","","AmSpa silver vendor affiliate; bookkeeping and payroll/HR for med spas.","https://brightskiesservice.com/contact-us-1","head of partnerships","https://brightskiesservice.com/","company-site","verified","2026-09-03",""
"scopeiq","partner","med spa consultant / M&A advisor","ValueCap","https://valuecapinc.com/","","","AmSpa silver vendor affiliate under Business Consulting for med spa owners.","","head of partnerships","https://www.americanmedspa.org/vendor-directory/","company-site","secondary","2026-09-03","Site returned HTTP 202 (bot interstitial) on two attempts; row kept from the AmSpa directory listing."
"scopeiq","partner","aesthetics marketing agency","Growth99","https://www.growth99.com/","Draper, UT","","Digital marketing agency specialising in med spas with an existing partner programme; its clients are opening new locations constantly.","https://growth99.com/partner/","head of partnerships","https://www.growth99.com/","company-site","verified","2026-09-03","AmSpa platinum vendor affiliate."
"scopeiq","partner","aesthetics marketing agency","Influx Marketing","https://influxmarketing.com/","Loomis, CA","","Medical marketing agency with a large aesthetic-practice client base.","https://influxmarketing.com/contact/","head of partnerships","https://influxmarketing.com/","company-site","verified","2026-09-03",""
"scopeiq","partner","aesthetics marketing agency","Salt Marketing","https://saltmarketing.co/","","","Med spa and wellness marketing agency with a published partners page.","https://saltmarketing.co/partners/","head of partnerships","https://saltmarketing.co/","company-site","verified","2026-09-03","AmSpa platinum vendor affiliate."
"scopeiq","partner","aesthetics marketing agency","Aesthera Marketing (JustDigital)","https://aestheramarketing.com/","","","Premier med spa marketing company; AmSpa platinum vendor affiliate offering members a strategy session.","https://aestheramarketing.com/contact","head of partnerships","https://aestheramarketing.com/","company-site","verified","2026-09-03",""
"scopeiq","partner","aesthetics marketing agency","Medical Marketing Whiz","https://www.medicalmarketingwhiz.com/","","","AmSpa platinum vendor affiliate doing marketing and practice growth for med spas.","support@medicalmarketingwhiz.com","head of partnerships","https://www.medicalmarketingwhiz.com/","company-site","verified","2026-09-03","Generic support mailbox published on its own site."
"scopeiq","partner","aesthetics marketing agency","Raging Agency","https://ragingagency.com/","","","Wellness and med spa marketing agency; AmSpa silver vendor affiliate.","https://ragingagency.com/contact-us/","head of partnerships","https://ragingagency.com/","company-site","verified","2026-09-03","info@ragingagency.com on own site."
"scopeiq","partner","aesthetics marketing agency","CallRail","https://www.callrail.com/","Atlanta, GA","","AmSpa platinum vendor affiliate; call tracking sold into med spa marketing stacks.","https://www.callrail.com/","head of partnerships","https://www.callrail.com/","company-site","secondary","2026-09-03","Homepage title did not parse; contact route not confirmed beyond the root URL."
"scopeiq","partner","aesthetics marketing agency","CorralData","https://corraldata.com/","","","AmSpa platinum vendor affiliate; analytics for healthcare and aesthetic brands with a partnerships page.","https://corraldata.com/partnerships/","head of partnerships","https://corraldata.com/","company-site","verified","2026-09-03",""
"scopeiq","partner","aesthetics marketing agency","Ad IntellX (A-Score)","https://getascore.io/","","","AmSpa platinum vendor affiliate selling verification and monitoring records to med spas - an adjacent ""prove you are legitimate"" product.","https://getascore.io/contact","head of partnerships","https://getascore.io/","company-site","verified","2026-09-03",""
"scopeiq","partner","aesthetics marketing agency","Mango Voice","https://mangovoice.com/","Salt Lake City, UT","","AmSpa platinum vendor affiliate; AI phone platform for healthcare practices with a partners page.","https://mangovoice.com/partners","head of partnerships","https://mangovoice.com/","company-site","verified","2026-09-03","support@mangovoice.com on own site."
"scopeiq","partner","compounding pharmacy","Empower Pharmacy","https://empowerpharmacy.com/","Houston, TX","","503A/503B compounding pharmacy supplying med spas with semaglutide, peptides and injectables; what it may ship depends on the prescriber's state scope.","https://empowerpharmacy.com/","head of partnerships","https://empowerpharmacy.com/","company-site","verified","2026-09-03",""
"scopeiq","partner","compounding pharmacy","Olympia Pharmaceuticals","https://www.olympiapharmacy.com/","Orlando, FL","","503A/503B outsourcing facility serving aesthetic and weight-loss clinics across states.","https://www.olympiapharmacy.com/contact/","head of partnerships","https://www.olympiapharmacy.com/","company-site","verified","2026-09-03",""
"scopeiq","partner","compounding pharmacy","Hallandale Pharmacy","https://hallandalepharmacy.com/","Hallandale Beach, FL","","Compounding pharmacy supplying aesthetic and wellness practices; onboarding a new clinic requires confirming who may prescribe in that state.","https://hallandalepharmacy.com/","head of partnerships","https://hallandalepharmacy.com/","company-site","verified","2026-09-03",""
"scopeiq","partner","compounding pharmacy","ReviveRx","https://reviverx.com/","Houston, TX","","Compounding pharmacy serving hormone, weight-loss and aesthetic clinics.","info@reviverxpharmacy.com","head of partnerships","https://reviverx.com/","company-site","verified","2026-09-03","Generic mailbox published on its own site."
"scopeiq","partner","compounding pharmacy","Belmar Pharma Solutions","https://belmarpharmasolutions.com/","Golden, CO","","National compounding pharmacy supplying hormone and weight-management clinics.","https://belmarpharmasolutions.com/","head of partnerships","https://belmarpharmasolutions.com/","company-site","verified","2026-09-03",""
"scopeiq","partner","compounding pharmacy","Strive Pharmacy","https://strivepharmacy.com/","Gilbert, AZ","","Compounding pharmacy with a published partnership programme aimed at clinics.","https://strivepharmacy.com/partnership","head of partnerships","https://strivepharmacy.com/","company-site","verified","2026-09-03",""
"scopeiq","partner","compounding pharmacy","ShineRX","https://www.shinerx.com/","","","AmSpa silver vendor affiliate under Pharmaceuticals; supplies med spas.","https://www.shinerx.com/","head of partnerships","https://www.shinerx.com/","company-site","verified","2026-09-03","Homepage content minimal; listing corroborated by the AmSpa vendor directory."
"scopeiq","partner","patient finance / lender","CareCredit","https://www.carecredit.com/","Costa Mesa, CA","","Patient financing used at the point of sale in med spas; AmSpa platinum vendor affiliate with a provider partnerships page.","https://www.carecredit.com/providers/partnerships/","head of partnerships","https://www.carecredit.com/","company-site","verified","2026-09-03",""
"scopeiq","partner","patient finance / lender","Cherry","https://withcherry.com/","Los Angeles, CA","","BNPL for aesthetic practices with a partner programme; merchant onboarding touches every new location.","https://withcherry.com/partners","head of partnerships","https://withcherry.com/","company-site","verified","2026-09-03",""
"scopeiq","partner","patient finance / lender","PatientFi","https://www.patientfi.com/","Newport Beach, CA","","Patient financing built for aesthetics with an existing partners page.","https://patientfi.com/partners/","head of partnerships","https://www.patientfi.com/","company-site","verified","2026-09-03",""
"scopeiq","partner","patient finance / lender","Alphaeon Credit","https://alphaeoncredit.com/","Irvine, CA","","Aesthetics-specific credit card used by med spas; sees new practices at merchant onboarding.","https://alphaeoncredit.com/","head of partnerships","https://alphaeoncredit.com/","company-site","verified","2026-09-03",""
"scopeiq","partner","patient finance / lender","Provide","https://www.getprovide.com/","San Francisco, CA","","Lender that finances healthcare practice acquisitions and de novo builds - it underwrites exactly the state launch decision ScopeIQ prices.","hello@getprovide.com","head of partnerships","https://www.getprovide.com/","company-site","verified","2026-09-03","Generic mailbox published on its own site."
"scopeiq","partner","patient finance / lender","USA Payments","https://usapayments.com/","","","AmSpa gold vendor affiliate; merchant processing for med spas with a partner programme.","https://usapayments.com/cpa-partners/","head of partnerships","https://usapayments.com/","company-site","verified","2026-09-03",""
"scopeiq","partner","insurance & risk","CM&F Group","https://www.cmfgroup.com/","New York, NY","","Malpractice and professional liability insurer for aesthetic practitioners; underwriting turns on what the practitioner is licensed to do in that state.","https://www.cmfgroup.com/about-cm-f/cmf-partners/","head of partnerships","https://www.cmfgroup.com/","company-site","verified","2026-09-03","AmSpa platinum vendor affiliate under Insurance."
"scopeiq","partner","med spa supplies & equipment","Medical Purchasing Resource","https://www.medpurchasing.com/","","","AmSpa platinum vendor affiliate supplying aesthetic equipment and consumables to med spas.","https://www.medpurchasing.com/","head of partnerships","https://www.medpurchasing.com/","company-site","verified","2026-09-03",""
"scopeiq","partner","med spa supplies & equipment","Earthlite","https://www.earthlite.com/","Vista, CA","","AmSpa platinum vendor affiliate; spa furniture and equipment sold to new med spa build-outs.","https://www.earthlite.com/contact","head of partnerships","https://www.earthlite.com/","company-site","verified","2026-09-03",""
"scopeiq","partner","med spa supplies & equipment","Lineage Biomedical","","","","AmSpa platinum-listed vendor affiliate under Med Spa Supplies & Equipment.","","head of partnerships","https://www.americanmedspa.org/vendor-directory/","company-site","secondary","2026-09-03","lineagebiomedical.com returned 403 from this environment; website left empty."
"scopeiq","partner","professional skincare","Alastin Skincare","","Carlsbad, CA","","AmSpa platinum vendor affiliate; professional skincare line placed on med spa retail shelves by account managers who visit every new location.","","head of partnerships","https://www.americanmedspa.org/vendor-directory/","company-site","secondary","2026-09-03","alastin.com returned 403 from this environment; website left empty."
"scopeiq","partner","professional skincare","Dermalogica PRO","https://pro.dermalogica.com/","Carson, CA","","AmSpa platinum vendor affiliate; professional skincare and microneedling sold into med spas and esthetics schools.","https://pro.dermalogica.com/become-a-partnership-school/","head of partnerships","https://pro.dermalogica.com/","company-site","verified","2026-09-03",""
"scopeiq","partner","professional skincare","CP Skin Health Pro","https://www.cpskinhealthpro.com/","","","AmSpa silver vendor affiliate; professional skincare distributed to med spas.","https://www.cpskinhealthpro.com/","head of partnerships","https://www.cpskinhealthpro.com/","company-site","verified","2026-09-03",""
"scopeiq","partner","professional skincare","Environ Dermaconcepts","","Marblehead, MA","","AmSpa silver vendor affiliate; professional skincare distributor for aesthetic practices.","","head of partnerships","https://www.americanmedspa.org/vendor-directory/","company-site","secondary","2026-09-03","dermaconcepts.com returned 403 from this environment; website left empty."
"scopeiq","partner","med spa hiring & HR","Job Snob","","","","AmSpa platinum vendor affiliate for hiring and recruiting in med spas; hiring an injector is the moment scope-of-practice becomes urgent.","","head of partnerships","https://www.americanmedspa.org/vendor-directory/","company-site","secondary","2026-09-03","AmSpa links it through an americanmedspa.org redirect rather than a direct company URL; website left empty."
"scopeiq","partner","med spa data & prospecting","Orbital","https://www.withorbital.com/","","","Sells operator-side med spa data (11,400 US aesthetic clinics with owner/medical-director records) to vendors selling into the category - a distribution partner and a data source.","https://www.withorbital.com/","head of partnerships","https://www.withorbital.com/","company-site","verified","2026-09-03","Its published chain table and clinic-universe methodology were used as a secondary source for several chain rows in this file."
"scopeiq","partner","med spa software / EMR","Peak Health","https://www.getpeakhealth.com/","","","AmSpa silver vendor affiliate; practice management software for longevity and preventive-care clinics.","https://www.getpeakhealth.com/","head of partnerships","https://www.getpeakhealth.com/","company-site","verified","2026-09-03",""
"scopeiq","partner","med spa design & buildout","Designed by Stax","","","","AmSpa platinum vendor affiliate under Marketing; works with med spas on brand and buildout.","","head of partnerships","https://www.americanmedspa.org/vendor-directory/","company-site","secondary","2026-09-03","designedbystax.com returned 403 from this environment; website left empty."
"scopeiq","partner","PE sponsor / investor","Shore Capital Partners","https://www.shorecp.com/","Chicago, IL","","Owns or backs a med spa platform, so it can push a state launch compliance report down to every portfolio company and every tuck-in diligence file: backs Empower Aesthetics.","https://www.shorecp.com/teams/operating-partners","healthcare operating partner","https://www.shorecp.com/","company-site","verified","2026-09-03","Formed Empower Aesthetics in 2023 (per its own newsroom and trade press)."
"scopeiq","partner","PE sponsor / investor","Thurston Group","https://www.thurstongroup.com/","Chicago, IL","","Owns or backs a med spa platform, so it can push a state launch compliance report down to every portfolio company and every tuck-in diligence file: backs Alpha Aesthetics Partners.","https://www.thurstongroup.com/contact","healthcare operating partner","https://www.thurstongroup.com/","company-site","verified","2026-09-03","Named as the sponsor behind Alpha Aesthetics Partners in trade press."
"scopeiq","partner","PE sponsor / investor","Princeton Equity Group","https://princetonequity.com/","Princeton, NJ","","Owns or backs a med spa platform, so it can push a state launch compliance report down to every portfolio company and every tuck-in diligence file: backs Princeton Medspa Partners.","https://princetonequity.com/contact/","healthcare operating partner","https://princetonequity.com/","company-site","verified","2026-09-03","Multi-location and franchisor-focused PE firm; founder also chairs Princeton Medspa Partners. info@princetonequity.com on own site."
"scopeiq","partner","PE sponsor / investor","Leon Capital Group","https://www.leoncapitalgroup.com/","Dallas, TX","","Owns or backs a med spa platform, so it can push a state launch compliance report down to every portfolio company and every tuck-in diligence file: owns Advanced MedAesthetic Partners.","https://www.leoncapitalgroup.com/advanced-medaesthetic-partners/","healthcare operating partner","https://www.leoncapitalgroup.com/","company-site","verified","2026-09-03","Its own site carries a dedicated Advanced MedAesthetic Partners page."
"scopeiq","partner","PE sponsor / investor","Freeman Spogli","https://www.freemanspogli.com/","Los Angeles, CA","","Owns or backs a med spa platform, so it can push a state launch compliance report down to every portfolio company and every tuck-in diligence file: backs VIO Med Spa.","https://www.freemanspogli.com/","healthcare operating partner","https://www.freemanspogli.com/","company-site","verified","2026-09-03","Took a majority position in VIO Med Spa in September 2024 and publishes VIO news on its own site."
"scopeiq","partner","PE sponsor / investor","KKR","https://www.kkr.com/","New York, NY","","Owns or backs a med spa platform, so it can push a state launch compliance report down to every portfolio company and every tuck-in diligence file: backs SkinSpirit.","https://www.kkr.com/invest/strategic-partnerships","healthcare operating partner","https://www.kkr.com/","company-site","verified","2026-09-03","Health Care Strategic Growth Fund II took a minority stake in SkinSpirit in October 2022 per trade press."
"scopeiq","partner","PE sponsor / investor","L Catterton","https://www.lcatterton.com/","Greenwich, CT","","Owns or backs a med spa platform, so it can push a state launch compliance report down to every portfolio company and every tuck-in diligence file: has owned Ideal Image.","https://www.lcatterton.com/","healthcare operating partner","https://www.lcatterton.com/","company-site","verified","2026-09-03","Long-time owner of Ideal Image via the 2015 Steiner Leisure acquisition per trade press."
"scopeiq","partner","PE sponsor / investor","Leonard Green & Partners","https://www.leonardgreen.com/","Los Angeles, CA","","Owns or backs a med spa platform, so it can push a state launch compliance report down to every portfolio company and every tuck-in diligence file: backs Milan Laser Hair Removal.","https://www.leonardgreen.com/contact/","healthcare operating partner","https://www.leonardgreen.com/","company-site","verified","2026-09-03","Backed Milan Laser from 2019 per trade press."
"scopeiq","partner","PE sponsor / investor","Lightyear Capital","https://www.lightyearcapital.com/","New York, NY","","Owns or backs a med spa platform, so it can push a state launch compliance report down to every portfolio company and every tuck-in diligence file: is named as a LaserAway backer.","https://www.lightyearcapital.com/contact-us/","healthcare operating partner","https://www.lightyearcapital.com/","company-site","verified","2026-09-03","Named as LaserAway's PE backer in the withorbital.com June 2026 chain table; other sources name Ares/Seidler, so ownership should be re-checked before outreach."
"scopeiq","partner","PE sponsor / investor","New Harbor Capital","https://www.newharborcap.com/","Chicago, IL","","Owns or backs a med spa platform, so it can push a state launch compliance report down to every portfolio company and every tuck-in diligence file: backs MD Esthetics.","https://www.newharborcap.com/contact-us/","healthcare operating partner","https://www.newharborcap.com/","company-site","verified","2026-09-03","Named in trade press as the sponsor of MD Esthetics. info@newharborcap.com published on its own site."
"scopeiq","partner","PE sponsor / investor","Persistence Capital Partners","https://www.persistencecapital.com/","Montreal, QC","","Owns or backs a med spa platform, so it can push a state launch compliance report down to every portfolio company and every tuck-in diligence file: backs MedSpa Partners.","https://www.persistencecapital.com/contact-1","healthcare operating partner","https://www.persistencecapital.com/","company-site","verified","2026-09-03","Sponsor of MedSpa Partners, which is acquiring in the US."
"scopeiq","partner","industry association","American Med Spa Association (AmSpa)","https://www.americanmedspa.org/","Chicago, IL","","The centre of gravity for this market: it already sells the 50-state legal answer as a $395-845/yr membership, runs the Medical Spa Show and the boot camps, and operates nine state chapters organised around scope-of-practice legislation. Partner and channel at once; also the closest thing to an incumbent.","https://www.americanmedspa.org/contact/","director of membership","https://www.americanmedspa.org/","association-directory","verified","2026-09-03","Both partner and competitor. Its vendor directory (55 affiliates) was the single highest-yield partner source in this file. Members: 3,000+ per the phase-1 evidence file."
"scopeiq","partner","industry association","The Aesthetic Society","https://www.theaestheticsociety.org/","Garden Grove, CA","","Aesthetic plastic surgery society with an industry-partners programme; its members supervise med spas.","https://www.theaestheticsociety.org/industry-partners","director of membership","https://www.theaestheticsociety.org/","association-directory","verified","2026-09-03",""
"scopeiq","partner","industry association","American Society for Dermatologic Surgery (ASDS)","https://www.asds.net/","Rolling Meadows, IL","","Dermatologic surgery society with an explicit partner-with-ASDS page; its members are the supervising physicians in many med spa structures.","https://www.asds.net/Medical-Professionals/Partner-with-ASDS","director of membership","https://www.asds.net/","association-directory","verified","2026-09-03",""
"scopeiq","partner","industry association","American Society for Laser Medicine and Surgery (ASLMS)","https://www.aslms.org/","Wausau, WI","","Laser medicine society with an industry-partners page; laser delegation to non-physicians is one of the most state-variable rules ScopeIQ answers.","https://www.aslms.org/membership/member-benefits/industry-partners/","director of membership","https://www.aslms.org/","association-directory","verified","2026-09-03",""
"scopeiq","partner","industry association","American Society of Plastic Surgeons (ASPS)","https://www.plasticsurgery.org/","Arlington Heights, IL","","Publishes the procedure-volume statistics that frame the market; members own or supervise med spas.","https://www.plasticsurgery.org/about-asps/contact-us","director of membership","https://www.plasticsurgery.org/","association-directory","verified","2026-09-03",""
"scopeiq","partner","industry association","AAFPRS (American Academy of Facial Plastic and Reconstructive Surgery)","https://www.aafprs.org/","Alexandria, VA","","Facial plastic surgery academy whose members run adjacent aesthetic practices.","info@aafprs.org","director of membership","https://www.aafprs.org/","association-directory","verified","2026-09-03","Generic mailbox published on its own site."
"scopeiq","partner","industry association","International Society of Plastic and Aesthetic Nurses (ISPAN)","https://www.ispan.org/","Chicago, IL","","The professional body for aesthetic nurses - the licence group whose scope ScopeIQ is mostly about. Runs an annual meeting.","https://www.ispan.org/","director of membership","https://www.ispan.org/","association-directory","verified","2026-09-03",""
"scopeiq","partner","industry association","Dermatology Nurses' Association","https://www.dnanurse.org/","Bordentown, NJ","","Nursing association whose members practise in dermatology and aesthetic settings.","https://www.dnanurse.org/contact-us/","director of membership","https://www.dnanurse.org/","association-directory","verified","2026-09-03",""
"scopeiq","channel","industry event / conference","The Medical Spa Show","https://www.medicalspashow.com/","Las Vegas, NV","2,000+ attendees, 500+ exhibitors; attendee mix 40% owners, 16% nurses, 16% NPs, 10% physicians","AmSpa's flagship show and the highest concentration of med spa owners and purchasing decision-makers at any single US event - the buyers of a state launch report.","https://www.medicalspashow.com/","exhibitor sales manager","https://www.withorbital.com/blog/top-10-us-medspa-conferences-2026","list-article","verified","2026-09-03","April 9-12 2026 at the Wynn Las Vegas; 2027 edition April 15-18. Own site confirmed (medicalspashow.com, title ""Medical Spa Show 2027"")."
"scopeiq","channel","industry event / conference","The Aesthetic Show","https://www.aestheticshow.com/","Las Vegas, NV","1,000-2,000 attendees, 175+ exhibitors, 90+ presenters","Multispecialty aesthetics show reaching med spa owners, injectors and practice managers in one room.","https://www.aestheticshow.com/","exhibitor sales manager","https://www.withorbital.com/blog/top-10-us-medspa-conferences-2026","list-article","verified","2026-09-03","June 25-28 2026; produced by Informa Connect with the Aesthetic Multispecialty Society. Own site opened."
"scopeiq","channel","industry event / conference","Aesthetic Next","https://aestheticnext.com/","Dallas, TX","1,000-2,000 attendees","Four days aimed squarely at med spa owners, injectors, medical directors and clinic managers.","https://aestheticnext.com/","exhibitor sales manager","https://www.withorbital.com/blog/top-10-us-medspa-conferences-2026","list-article","secondary","2026-09-03","September 10-13 2026. aestheticnext.com returned 403 to curl; details from the Orbital conference roundup."
"scopeiq","channel","industry event / conference","AMWC Americas","https://www.amwcamericas.com/","Miami, FL","2,000-5,000 attendees","Clinical aesthetics congress reaching the physicians who act as medical directors for med spas.","https://www.amwcamericas.com/","exhibitor sales manager","https://www.withorbital.com/blog/top-10-us-medspa-conferences-2026","list-article","verified","2026-09-03","February 14-16 2026, JW Marriott Miami Turnberry. Own site opened."
"scopeiq","channel","industry event / conference","Modern Beauty Con","https://modernbeautycon.com/","Boston, MA","350-400 attendees","Northeast med spa conference for injectors, estheticians and owners - MA/NJ/NY are strict-CPOM states.","https://modernbeautycon.com/","exhibitor sales manager","https://www.withorbital.com/blog/top-10-us-medspa-conferences-2026","list-article","verified","2026-09-03","May 1-3 2026, Boston Park Plaza. Own site opened."
"scopeiq","channel","industry event / conference","Aesthetic Success 4S Summit","https://4ssummit.com/","Tucson AZ / Kansas City MO / Ft. Lauderdale FL","<500 attendees per event, 3 events per year","Practice-management education for aesthetic owners and managers in three different states each year.","https://4ssummit.com/","exhibitor sales manager","https://www.withorbital.com/blog/top-10-us-medspa-conferences-2026","list-article","verified","2026-09-03","March 27-29, September 25-27 and December 4-6 2026. info@theaestheticsuccess.com published on its own site."
"scopeiq","channel","industry event / conference","Global Aesthetics Conference","https://globalaestheticsconference.com/","Miami Beach, FL","350+ presentations, 150+ faculty","Multispecialty aesthetic conference with a Wellness & Weight Loss track - the GLP-1 buyer.","https://globalaestheticsconference.com/","exhibitor sales manager","https://www.withorbital.com/blog/top-10-us-medspa-conferences-2026","list-article","verified","2026-09-03","November 5-8 2026, Loews Miami Beach. Own site opened."
"scopeiq","channel","industry event / conference","ODAC Dermatology, Aesthetic & Surgical Conference","https://orlandoderm.org/","Orlando, FL","500-1,000 attendees","Dermatology-focused aesthetic conference; dermatologists are the supervising physicians in many med spa structures.","https://orlandoderm.org/","exhibitor sales manager","https://www.withorbital.com/blog/top-10-us-medspa-conferences-2026","list-article","verified","2026-09-03","January 16-19 2026, Omni ChampionsGate. Own site opened; has a site-partners page."
"scopeiq","channel","industry event / conference","LA-MCA Cosmetic Academy Meeting","https://cosmeticacademymeeting.org/","Beverly Hills, CA","75+ speakers","West Coast multispecialty cosmetic meeting - California is the single most valuable state for ScopeIQ after SB 351.","https://cosmeticacademymeeting.org/","exhibitor sales manager","https://www.withorbital.com/blog/top-10-us-medspa-conferences-2026","list-article","verified","2026-09-03","March 19-22 2026, Four Seasons Beverly Hills. Own site opened."
"scopeiq","channel","industry event / conference","AAD Annual Meeting","https://www.aad.org/","Denver, CO","10,000+ attendees","Largest dermatology meeting in the world with a growing aesthetic track; broadest reach, least targeted.","https://www.aad.org/","exhibitor sales manager","https://www.withorbital.com/blog/top-10-us-medspa-conferences-2026","list-article","secondary","2026-09-03","March 27-31 2026. The /annual-meeting path 404d to curl; the aad.org root is recorded as the website."
"scopeiq","channel","industry event / conference","Music City SCALE (Symposium for Cosmetic Advances and Laser Education)","https://scalemusiccity.com/","Nashville, TN","100+ faculty","Long-running cosmetic and laser symposium; Tennessee is one of the nine AmSpa state chapters organising on legislation.","https://scalemusiccity.com/","exhibitor sales manager","https://www.withorbital.com/blog/top-10-us-medspa-conferences-2026","list-article","verified","2026-09-03","May 13-17 2026, 21st year. Own site opened."
"scopeiq","channel","industry event / conference","Aesthetic Extender Symposium","https://aestheticextendersymposium.com/","Boca Raton, FL","","Training event specifically for injectors, NPs and PAs - the licence categories whose scope varies most by state.","https://aestheticextendersymposium.com/","exhibitor sales manager","https://www.withorbital.com/blog/top-10-us-medspa-conferences-2026","list-article","verified","2026-09-03","August 6-9 2026 per the Boulevard 2026 show roundup. Own site opened."
"scopeiq","channel","industry event / conference","ISPAN Annual Meeting","https://www.ispan.org/","Ft. Lauderdale, FL","","The aesthetic nurses' own annual meeting; the audience most exposed to scope-of-practice risk.","https://www.ispan.org/","exhibitor sales manager","https://www.withorbital.com/blog/top-10-us-medspa-conferences-2026","list-article","secondary","2026-09-03","October 28 - November 1 2026 per the Boulevard 2026 show roundup. The /annual-meeting path 404d; ispan.org root recorded."
"scopeiq","channel","industry event / conference","AmSpa Medical Spa Boot Camps","https://www.americanmedspa.org/","Las Vegas NV / Dallas TX / Southern California / Chicago IL","4 events in 2026","AmSpa's bootcamps exist to walk brand-new med spa owners through their first five years, including the legal set-up - the single most on-message room for a state launch report.","https://www.americanmedspa.org/","exhibitor sales manager","https://www.withorbital.com/blog/top-10-us-medspa-conferences-2026","list-article","secondary","2026-09-03","2026 dates per the Boulevard roundup: April 9 Las Vegas, July 10-12 Dallas, August 28-29 Southern California, October 16-17 Chicago. Dedicated boot-camp URL 404d; americanmedspa.org recorded."
"scopeiq","channel","trade publication / media","BeautyMatter","https://beautymatter.com/","","","Beauty and wellness business publication that covers med spa franchising and PE deals in depth; reaches operators and investors.","https://beautymatter.com/","advertising / partnerships manager","https://beautymatter.com/","company-site","verified","2026-09-03","Its March 2026 franchise roundup was a source for several rows in this file."
"scopeiq","channel","trade publication / media","Modern Aesthetics","https://modernaesthetics.com/","","","Aesthetic medicine trade journal read by injectors and practice owners.","https://modernaesthetics.com/","advertising / partnerships manager","https://modernaesthetics.com/","company-site","verified","2026-09-03","Homepage opened; title parsed as ""- ModernAesthetics""."
"scopeiq","channel","trade publication / media","Practical Dermatology","https://www.practicaldermatology.com/","","","Dermatology practice publication reaching the physicians who supervise med spas.","https://www.practicaldermatology.com/","advertising / partnerships manager","https://www.practicaldermatology.com/","company-site","verified","2026-09-03","Homepage opened."
"scopeiq","channel","trade publication / media","The Aesthetic Guide (MIINEWS)","https://www.miinews.com/","","","Aesthetic device and practice trade publication with M&A coverage.","https://www.miinews.com/","advertising / partnerships manager","https://www.miinews.com/","company-site","verified","2026-09-03","Homepage opened."
"scopeiq","channel","trade publication / media","MedEsthetics","https://www.medesthetics.com/","","","Trade title for medical aesthetic practice owners and managers.","https://www.medesthetics.com/","advertising / partnerships manager","https://www.medesthetics.com/","company-site","verified","2026-09-03","Homepage opened."
"scopeiq","channel","trade publication / media","AmSpa ""QP"" / American Med Spa Association newsroom","https://www.americanmedspa.org/news/","","","AmSpa's own newsroom is where med spa owners read about state legislation - the exact trigger for a launch report or a monitoring subscription.","https://www.americanmedspa.org/news/","advertising / partnerships manager","https://www.americanmedspa.org/news/med-spa-ma-and-private-sales-a-look-back-at-2025-and-what-lies-ahead/","company-site","verified","2026-09-03","Multiple AmSpa news articles were opened during this collection (M&A look-back, PE and growth capital, OrangeTwist acquisition)."
"scopeiq","channel","trade publication / media","1851 Franchise","https://1851franchise.com/","","","Franchise trade publication that profiles med spa and wellness franchisors and reaches multi-unit franchisee buyers.","https://1851franchise.com/","advertising / partnerships manager","https://1851franchise.com/","company-site","verified","2026-09-03","Its 2026 beauty/spa and health/wellness franchise roundups were sources for rows in this file."
"scopeiq","channel","trade publication / media","Orbital med spa data blog","https://www.withorbital.com/blog/top-10-us-medspa-conferences-2026","","","Publishes the US aesthetic-clinic universe and conference calendar used by vendors selling into med spas.","https://www.withorbital.com/blog/top-10-us-medspa-conferences-2026","advertising / partnerships manager","https://www.withorbital.com/blog/top-10-us-medspa-conferences-2026","company-site","verified","2026-09-03","Also listed as a partner row (data vendor)."
"scopeiq","channel","AmSpa state chapter","AmSpa Arizona State Chapter","https://www.americanmedspa.org/state-chapters/","Arizona","","A state-level organising body for med spa professionals in Arizona, formed specifically around regulatory compliance and scope-of-practice legislation - the narrowest possible audience for a Arizona launch report.","https://www.americanmedspa.org/contact/","chapter chair (role only, no name recorded)","https://www.americanmedspa.org/state-chapters/","association-directory","verified","2026-09-03","Chapter focus stated as regulatory compliance across Phoenix/Scottsdale."
"scopeiq","channel","AmSpa state chapter","AmSpa California State Chapter","https://www.americanmedspa.org/state-chapters/","California","","A state-level organising body for med spa professionals in California, formed specifically around regulatory compliance and scope-of-practice legislation - the narrowest possible audience for a California launch report.","https://www.americanmedspa.org/contact/","chapter chair (role only, no name recorded)","https://www.americanmedspa.org/state-chapters/","association-directory","verified","2026-09-03","Described by AmSpa as one of its most active chapters, leading advocacy on scope-of-practice legislation statewide. CA SB 351 (MSO limits) took effect 1 Jan 2026."
"scopeiq","channel","AmSpa state chapter","AmSpa Colorado State Chapter","https://www.americanmedspa.org/state-chapters/","Colorado","","A state-level organising body for med spa professionals in Colorado, formed specifically around regulatory compliance and scope-of-practice legislation - the narrowest possible audience for a Colorado launch report.","https://www.americanmedspa.org/contact/","chapter chair (role only, no name recorded)","https://www.americanmedspa.org/state-chapters/","association-directory","verified","2026-09-03","Denver-area focus on practice standards."
"scopeiq","channel","AmSpa state chapter","AmSpa Florida State Chapter","https://www.americanmedspa.org/state-chapters/","Florida","","A state-level organising body for med spa professionals in Florida, formed specifically around regulatory compliance and scope-of-practice legislation - the narrowest possible audience for a Florida launch report.","https://www.americanmedspa.org/contact/","chapter chair (role only, no name recorded)","https://www.americanmedspa.org/state-chapters/","association-directory","verified","2026-09-03","Stated focus: new regulatory challenges across the state."
"scopeiq","channel","AmSpa state chapter","AmSpa Georgia State Chapter","https://www.americanmedspa.org/state-chapters/","Georgia","","A state-level organising body for med spa professionals in Georgia, formed specifically around regulatory compliance and scope-of-practice legislation - the narrowest possible audience for a Georgia launch report.","https://www.americanmedspa.org/contact/","chapter chair (role only, no name recorded)","https://www.americanmedspa.org/state-chapters/","association-directory","verified","2026-09-03","Stated focus: clear med spa regulations in the Atlanta market."
"scopeiq","channel","AmSpa state chapter","AmSpa New Jersey State Chapter","https://www.americanmedspa.org/state-chapters/","New Jersey","","A state-level organising body for med spa professionals in New Jersey, formed specifically around regulatory compliance and scope-of-practice legislation - the narrowest possible audience for a New Jersey launch report.","https://www.americanmedspa.org/contact/","chapter chair (role only, no name recorded)","https://www.americanmedspa.org/state-chapters/","association-directory","verified","2026-09-03","Stated focus: advocating for favourable practice regulations in the mid-Atlantic corridor."
"scopeiq","channel","AmSpa state chapter","AmSpa Tennessee State Chapter","https://www.americanmedspa.org/state-chapters/","Tennessee","","A state-level organising body for med spa professionals in Tennessee, formed specifically around regulatory compliance and scope-of-practice legislation - the narrowest possible audience for a Tennessee launch report.","https://www.americanmedspa.org/contact/","chapter chair (role only, no name recorded)","https://www.americanmedspa.org/state-chapters/","association-directory","verified","2026-09-03","Nashville and Memphis; legislative engagement."
"scopeiq","channel","AmSpa state chapter","AmSpa Texas State Chapter","https://www.americanmedspa.org/state-chapters/","Texas","","A state-level organising body for med spa professionals in Texas, formed specifically around regulatory compliance and scope-of-practice legislation - the narrowest possible audience for a Texas launch report.","https://www.americanmedspa.org/contact/","chapter chair (role only, no name recorded)","https://www.americanmedspa.org/state-chapters/","association-directory","verified","2026-09-03","Described as leading AmSpa legislative advocacy including efforts against proposed restrictive legislation."
"scopeiq","channel","AmSpa state chapter","AmSpa Utah State Chapter","https://www.americanmedspa.org/state-chapters/","Utah","","A state-level organising body for med spa professionals in Utah, formed specifically around regulatory compliance and scope-of-practice legislation - the narrowest possible audience for a Utah launch report.","https://www.americanmedspa.org/contact/","chapter chair (role only, no name recorded)","https://www.americanmedspa.org/state-chapters/","association-directory","verified","2026-09-03","Newest chapter, Wasatch Front."
"scopeiq","channel","podcast for med spa owners","Inside Aesthetics","","","","A podcast whose audience is med spa owners, operators and injectors - a low-cost route to the exact buyer of a state launch compliance report.","","show producer","https://podcast.feedspot.com/aesthetics_podcasts/","list-article","secondary","2026-09-03","Feedspot's #1 aesthetics podcast; audience is cosmetic injectors and aesthetic businesses. Show name only: hosts are private individuals and are deliberately not recorded, and no personal mailbox is used as a contact route."
"scopeiq","channel","podcast for med spa owners","Med Spa Confidential","","","","A podcast whose audience is med spa owners, operators and injectors - a low-cost route to the exact buyer of a state launch compliance report.","","show producer","https://podcast.feedspot.com/aesthetics_podcasts/","list-article","secondary","2026-09-03","Explicitly about the med spa industry as 'an unregulated mix of medicine and marketing' - directly on ScopeIQ's message. Show name only: hosts are private individuals and are deliberately not recorded, and no personal mailbox is used as a contact route."
"scopeiq","channel","podcast for med spa owners","Fill Me In: An Aesthetics Podcast","","","","A podcast whose audience is med spa owners, operators and injectors - a low-cost route to the exact buyer of a state launch compliance report.","","show producer","https://podcast.feedspot.com/aesthetics_podcasts/","list-article","secondary","2026-09-03","Aesthetic nurse practitioners who own their own practices. Show name only: hosts are private individuals and are deliberately not recorded, and no personal mailbox is used as a contact route."
"scopeiq","channel","podcast for med spa owners","Medical Spa Mastermind","","","","A podcast whose audience is med spa owners, operators and injectors - a low-cost route to the exact buyer of a state launch compliance report.","","show producer","https://podcast.feedspot.com/aesthetics_podcasts/","list-article","secondary","2026-09-03","Business-side show for med spa operators. Show name only: hosts are private individuals and are deliberately not recorded, and no personal mailbox is used as a contact route."
"scopeiq","channel","podcast for med spa owners","Aesthetics Unscripted","","","","A podcast whose audience is med spa owners, operators and injectors - a low-cost route to the exact buyer of a state launch compliance report.","","show producer","https://podcast.feedspot.com/aesthetics_podcasts/","list-article","secondary","2026-09-03","Show name only: hosts are private individuals and are deliberately not recorded, and no personal mailbox is used as a contact route."
"scopeiq","channel","podcast for med spa owners","Profiles In Aesthetics","","","","A podcast whose audience is med spa owners, operators and injectors - a low-cost route to the exact buyer of a state launch compliance report.","","show producer","https://podcast.feedspot.com/aesthetics_podcasts/","list-article","secondary","2026-09-03","Show name only: hosts are private individuals and are deliberately not recorded, and no personal mailbox is used as a contact route."
"scopeiq","channel","podcast for med spa owners","Medical Grade Aesthetics Podcast","","","","A podcast whose audience is med spa owners, operators and injectors - a low-cost route to the exact buyer of a state launch compliance report.","","show producer","https://podcast.feedspot.com/aesthetics_podcasts/","list-article","secondary","2026-09-03","Show name only: hosts are private individuals and are deliberately not recorded, and no personal mailbox is used as a contact route."
"scopeiq","channel","podcast for med spa owners","Mastering Aesthetics","","","","A podcast whose audience is med spa owners, operators and injectors - a low-cost route to the exact buyer of a state launch compliance report.","","show producer","https://podcast.feedspot.com/aesthetics_podcasts/","list-article","secondary","2026-09-03","Show name only: hosts are private individuals and are deliberately not recorded, and no personal mailbox is used as a contact route."
"scopeiq","channel","podcast for med spa owners","Treat Different","","","","A podcast whose audience is med spa owners, operators and injectors - a low-cost route to the exact buyer of a state launch compliance report.","","show producer","https://podcast.feedspot.com/aesthetics_podcasts/","list-article","secondary","2026-09-03","Show name only: hosts are private individuals and are deliberately not recorded, and no personal mailbox is used as a contact route."
"scopeiq","channel","podcast for med spa owners","JANcast (Journal of Aesthetic Nursing)","","","","A podcast whose audience is med spa owners, operators and injectors - a low-cost route to the exact buyer of a state launch compliance report.","","show producer","https://podcast.feedspot.com/aesthetics_podcasts/","list-article","secondary","2026-09-03","Podcast of the peer-reviewed journal for aesthetic nurses. Show name only: hosts are private individuals and are deliberately not recorded, and no personal mailbox is used as a contact route."
"scopeiq","channel","podcast for med spa owners","Aesthetics Today Podcast","","","","A podcast whose audience is med spa owners, operators and injectors - a low-cost route to the exact buyer of a state launch compliance report.","","show producer","https://podcast.feedspot.com/aesthetics_podcasts/","list-article","secondary","2026-09-03","Show name only: hosts are private individuals and are deliberately not recorded, and no personal mailbox is used as a contact route."
"scopeiq","channel","podcast for med spa owners","The Aesthetic Podcast","","","","A podcast whose audience is med spa owners, operators and injectors - a low-cost route to the exact buyer of a state launch compliance report.","","show producer","https://podcast.feedspot.com/aesthetics_podcasts/","list-article","secondary","2026-09-03","Show name only: hosts are private individuals and are deliberately not recorded, and no personal mailbox is used as a contact route."
"scopeiq","channel","podcast for med spa owners","Medical Spa Insider","","","","AmSpa's own podcast: the association that already sells the 50-state legal answer talks to its members here every week.","https://www.americanmedspa.org/contact/","show producer","https://podcasts.apple.com/us/podcast/medical-spa-insider/id1340962270","directory","secondary","2026-09-03","Produced by the American Med Spa Association. Show name only; host not recorded."
"scopeiq","channel","podcast for med spa owners","Med Spa Success Strategies","https://medspamagicmarketing.com/podcast/","","","Show for med spa and aesthetics practice owners about marketing, management and scaling.","https://medspamagicmarketing.com/podcast/","show producer","https://podcasts.apple.com/us/podcast/med-spa-success-strategies/id1690461495","directory","secondary","2026-09-03","Show name only; host not recorded. Website is the show page on the producing agency site."
"scopeiq","channel","podcast for med spa owners","Aesthetic Appeal (Aesthetic Brokers podcast)","https://www.aestheticappealpodcast.com/","","","Med spa M&A, private equity and operator fundamentals - the audience that buys before a multi-state acquisition, not after.","https://aestheticbrokers.com/contact/","show producer","https://aestheticbrokers.com/","company-site","secondary","2026-09-03","Produced by Aesthetic Brokers (also a partner row). Show name only; hosts not recorded."
"scopeiq","channel","podcast for med spa owners","Business of Aesthetics podcast","https://www.businessofaesthetics.org/podcast-show/","","","Business-of-practice show aimed at aesthetic practice owners.","https://www.businessofaesthetics.org/podcast-show/","show producer","https://www.businessofaesthetics.org/podcast-show/","company-site","verified","2026-09-03","Show name only; hosts not recorded."
"scopeiq","channel","online community","AmSpa Facebook page and private Member Lounge","","","","AmSpa describes its Facebook page and members-only lounge as the place med spa owners nationwide put compliance questions and get answers - the highest-intent audience for this product anywhere online.","https://www.americanmedspa.org/contact/","community manager","https://www.americanmedspa.org/news/community-over-competition/","press","secondary","2026-09-03","facebook.com is blocked from this environment (BRIEF 2.7), so the group URL and member count were not confirmed. Named in AmSpa's own article."
"scopeiq","channel","online community","MedSpa Social Media members-only community","https://socialmediamedspa.com/","","""Trusted by over 1,400+ Medspas and Aesthetic Professionals"" stated on its own site (2026-09-03)","Paid content club with a private group of 1,400+ med spa and injector businesses - a rentable audience of exactly the ICP.","https://socialmediamedspa.com/","community manager","https://socialmediamedspa.com/","company-site","verified","2026-09-03","Members-only Facebook group is behind a paid login; not entered (read-only rule)."
"scopeiq","channel","online community","The Aesthetic Vault","https://theaestheticvault.com/","","$64/month membership stated on its own site","Private content club for nurse injectors, estheticians, plastic surgeons and dermatologists; a paid community with the ICP inside it.","https://theaestheticvault.com/links","community manager","https://theaestheticvault.com/links","company-site","verified","2026-09-03","Membership area is behind a login; not entered."
"scopeiq","excluded","healthcare law firm (competitor)","ByrdAdatto","https://byrdadatto.com/","Dallas, TX","","The healthcare law firm AmSpa partners with for member legal questions; it sells the paid attorney hour that ScopeIQ is priced against.","https://byrdadatto.com/contact/","","https://byrdadatto.com/","company-site","verified","2026-09-03","EXCLUDED: direct competitor for the same spend and AmSpa's incumbent legal partner. Named in the ScopeIQ phase-1 evidence file."
"scopeiq","excluded","healthcare law firm (competitor)","Lengea Law","","New York, NY","","Med spa and healthcare law firm publishing CPOM/MSO analyses (cited in the CT Acquisitions 2026 report on California SB 351).","","","https://ctacquisitions.com/guides/med-spa-ma-multiples-2026/","company-site","secondary","2026-09-03","EXCLUDED: competitor. lengea.com and www.lengea.com did not resolve from this environment on two attempts, so website is left empty."
"scopeiq","excluded","healthcare law firm (competitor)","Jackson LLP Healthcare Lawyers","https://jacksonllp.com/","Chicago, IL","","Healthcare law firm marketing directly to private practices including med spas on entity structure and CPOM.","https://jacksonllp.com/contact-us/","","https://jacksonllp.com/","company-site","verified","2026-09-03","EXCLUDED: competitor. hello@jacksonllp.com published on its own site."
"scopeiq","excluded","healthcare law firm (competitor)","Cohen Healthcare Law Group","https://cohenhealthcarelaw.com/","Los Angeles, CA","","Healthcare and FDA regulatory firm publishing med spa and MSO structuring analyses (cited on Oregon SB 951 in the CT Acquisitions report).","https://cohenhealthcarelaw.com/healthcare-law/business-formation-partnership/","","https://cohenhealthcarelaw.com/","company-site","verified","2026-09-03","EXCLUDED: competitor."
"scopeiq","excluded","healthcare law firm (competitor)","Nelson Hardiman","","Los Angeles, CA","","California healthcare regulatory firm advising med spas and MSOs.","","","https://www.nelsonhardiman.com/","company-site","secondary","2026-09-03","EXCLUDED: competitor. nelsonhardiman.com returned HTTP 202 (bot interstitial) on two attempts; website left empty."
"scopeiq","excluded","healthcare law firm (competitor)","Frier Levitt","https://www.frierlevitt.com/","Pine Brook, NJ","","Healthcare and life sciences firm advising on CPOM, MSO structures and compounded-drug supply for aesthetic and weight-loss clinics.","https://www.frierlevitt.com/contact-us/","","https://www.frierlevitt.com/","company-site","verified","2026-09-03","EXCLUDED: competitor."
"scopeiq","excluded","healthcare law firm (competitor)","Chelle Law","","Scottsdale, AZ","","Firm marketing med spa and nurse-practitioner scope-of-practice legal services.","","","https://www.chellelaw.com/","company-site","secondary","2026-09-03","EXCLUDED: competitor. chellelaw.com returned HTTP 202 on two attempts; website left empty."
"scopeiq","excluded","healthcare law firm (competitor)","Holland & Knight (med spa compliance practice)","","","","National firm publishing med spa compliance analyses (e.g. ""Medical Spa Compliance Under the Microscope"", Aug 2026).","","","https://www.hklaw.com/en/insights/publications/2026/08/medical-spa-compliance-under-the-microscope","company-site","unverified","2026-09-03","EXCLUDED: competitor for the same advisory spend. Source is the phase-1 ScopeIQ evidence list; the firm site was not opened in this pass."
"scopeiq","excluded","healthcare law firm (competitor)","Brewster Law","","Texas","","Texas firm publishing med spa business-structure guides.","","","https://brewsterlawtx.com/medical-spa/texas-med-spa-business-structure/2517-2/","company-site","unverified","2026-09-03","EXCLUDED: competitor. Source is the phase-1 ScopeIQ evidence list; site not opened in this pass."
"scopeiq","excluded","compliance content competitor","MedSpa Standards","https://medspastandards.com/","","","Sells med spa compliance protocols, SOPs and a ""med spa regulations by state"" library - the closest direct substitute for ScopeIQ's report.","support@medspastandards.com","","https://medspastandards.com/","company-site","verified","2026-09-03","EXCLUDED: direct competitor. Named in the ScopeIQ phase-1 evidence file. Generic support mailbox published on its own site."
"scopeiq","end-customer","GLP-1 / weight-loss clinic","Lindora","https://www.lindora.com/","Orange County, CA","","Long-running clinic-based medical weight-loss chain now selling GLP-1 programmes; California is the state whose MSO rules changed on 1 Jan 2026.","https://www.lindora.com/contact","head of clinical operations","https://www.lindora.com/","company-site","verified","2026-09-03",""
"scopeiq","end-customer","GLP-1 / weight-loss clinic","Physicians Weight Loss Centers","https://www.pwlc.com/","Akron, OH","","Franchised medical weight-loss centres across multiple states; each franchisee needs a state-legal supervision structure to prescribe.","https://www.pwlc.com/contact-us/","head of clinical operations","https://www.pwlc.com/","company-site","verified","2026-09-03",""
"scopeiq","end-customer","GLP-1 / weight-loss clinic","CMWL - The Center for Medical Weight Loss","https://www.centerformedicalweightloss.com/","","","Network of physician-affiliated weight-loss practices across states; the network operator sets the clinical and supervision model.","https://www.centerformedicalweightloss.com/","head of clinical operations","https://www.centerformedicalweightloss.com/","company-site","verified","2026-09-03",""
"scopeiq","end-customer","GLP-1 / weight-loss clinic","Ivim Health","https://www.ivimhealth.com/","Fort Wayne, IN","","Multi-state telehealth GLP-1 and hormone provider; licensure and compounded-drug rules differ per state.","https://www.ivimhealth.com/","head of clinical operations","https://www.ivimhealth.com/","company-site","verified","2026-09-03",""
"scopeiq","end-customer","GLP-1 / weight-loss clinic","Henry Meds","https://www.henrymeds.com/","Scottsdale, AZ","","National telehealth weight-loss and hormone provider operating through affiliated professional entities.","https://www.henrymeds.com/","head of clinical operations","https://www.henrymeds.com/","company-site","verified","2026-09-03",""
"scopeiq","end-customer","GLP-1 / weight-loss clinic","Found","https://www.joinfound.com/","San Francisco, CA","","Telehealth weight-care company prescribing GLP-1s nationally.","https://www.joinfound.com/contact","head of clinical operations","https://www.joinfound.com/","company-site","verified","2026-09-03",""
"scopeiq","end-customer","GLP-1 / weight-loss clinic","Noom","https://www.noom.com/","New York, NY","","Consumer weight programme that added clinician-prescribed GLP-1s, so it now carries multi-state medical practice risk.","https://www.noom.com/","head of clinical operations","https://www.noom.com/","company-site","verified","2026-09-03",""
"scopeiq","end-customer","GLP-1 / weight-loss clinic","WeightWatchers Clinic","https://www.weightwatchers.com/us/clinic","New York, NY","","Prescription weight-loss arm of WeightWatchers operating a telehealth clinical service across states.","https://www.weightwatchers.com/us/clinic","head of clinical operations","https://www.weightwatchers.com/us/clinic","company-site","verified","2026-09-03",""
"scopeiq","end-customer","IV therapy / wellness chain","Mobile IV Medics","https://mobileivmedics.com/","","","Mobile IV therapy delivered at home, work or hotel across several states - the delivery model with the least settled supervision rules.","https://mobileivmedics.com/contact-us/","head of clinical operations","https://mobileivmedics.com/","company-site","verified","2026-09-03",""
"scopeiq","end-customer","IV therapy / wellness chain","The Hydration Room","https://thehydrationroom.com/","Newport Beach, CA","","IV therapy and vitamin injection clinic group operating multiple California locations under physician oversight.","https://thehydrationroom.com/","head of clinical operations","https://thehydrationroom.com/","company-site","verified","2026-09-03",""
"scopeiq","end-customer","IV therapy / wellness chain","ThrIVe Drip Spa","https://thrivedripspa.com/","Houston, TX","","IV therapy and beauty infusion franchise expanding across states; the franchisor answers the medical-direction question for franchisees.","https://thrivedripspa.com/franchise/","head of clinical operations","https://thrivedripspa.com/","company-site","verified","2026-09-03",""
"scopeiq","end-customer","multi-location med spa group","LivingYoung Center for Health & Anti-Aging","https://livingyoungcenter.com/","St. Petersburg, FL","","Four-location Florida med spa and anti-aging group inside the Advanced MedAesthetic Partners platform.","https://livingyoungcenter.com/contact-us/","owner-operator","https://livingyoungcenter.com/","company-site","verified","2026-09-03","Locations named on its own site: St. Petersburg, Seminole, Palm Harbor, Odessa. Acquired by Advanced MedAesthetic Partners (2024, per PR Newswire)."
"scopeiq","end-customer","multi-location med spa group","Esthetics Center","https://estheticscenter.com/","El Dorado Hills, CA","","Facial plastic surgery and med spa group in Sacramento/El Dorado Hills; partner 001 of Alpha Aesthetics Partners.","https://estheticscenter.com/","owner-operator","https://estheticscenter.com/","company-site","verified","2026-09-03","Named as Alpha Aesthetics Partners partner 001 on partnerwithalpha.com. California SB 351 applies from 1 Jan 2026."
"scopeiq","end-customer","multi-location med spa group","Skin Care Institute","https://www.skincareinstitute.net/","Tulsa, OK","","Advanced aesthetic practice in Tulsa named as a Princeton Medspa Partners practice.","https://www.skincareinstitute.net/contact-us/","owner-operator","https://www.skincareinstitute.net/","company-site","verified","2026-09-03","Named in Princeton Medspa Partners press coverage as a platform practice."
"scopeiq","end-customer","multi-location med spa group","Skinjectables","https://www.skinjectables.com/","Tucson, AZ","","Botox, filler and med spa practice in Tucson named as a Princeton Medspa Partners practice.","https://www.skinjectables.com/contact-us/","owner-operator","https://www.skinjectables.com/","company-site","verified","2026-09-03","Named in Princeton Medspa Partners press coverage as a platform practice."
"scopeiq","end-customer","multi-location med spa group","Genesis MedSpa","https://www.genesismedspa.com/","Colorado Springs, CO","","Physician-owned Colorado Springs aesthetic practice acquired by Princeton Medspa Partners in 2023.","https://www.genesismedspa.com/","owner-operator","https://www.genesismedspa.com/","company-site","verified","2026-09-03","Named in Princeton Medspa Partners press coverage."
"scopeiq","end-customer","multi-location med spa group","Mirabile M.D. Beauty, Health & Wellness","https://mirabilemd.com/","Overland Park, KS","","Combined med spa, weight-loss and women's health practice; joined Princeton Medspa Partners in 2024.","https://mirabilemd.com/","owner-operator","https://mirabilemd.com/","company-site","verified","2026-09-03","Named in the Princeton Medspa Partners PR Newswire release (2024). Practice name is the business name as published; no individual is recorded as a contact."
"scopeiq","end-customer","multi-location med spa group","Skin Body Soul Spa","https://www.skinbodysoul.com/","West Des Moines, IA","","Iowa med spa group; two of its locations were acquired by OrangeTwist, which is the pattern ScopeIQ sells into.","https://www.skinbodysoul.com/book-now","owner-operator","https://www.skinbodysoul.com/","company-site","verified","2026-09-03","AmSpa news (Jan 2026) reported OrangeTwist acquiring two Skin Body Soul locations."
"scopeiq","end-customer","multi-location med spa group","Total Med Solutions","https://www.totalmedsolutions.com/","Dallas, TX","","Multi-location Texas aesthetic and wellness group offering injectables, hormones and weight loss.","info@totalmedsolutions.com","owner-operator","https://www.totalmedsolutions.com/","company-site","verified","2026-09-03","Generic mailbox published on its own site. Also appears in the yellowpages Dallas medical-spa listings."
"scopeiq","end-customer","multi-location med spa group","Vitalyc Medspa","https://www.vitalycmedspa.com/","Dallas, TX","","Multi-location Texas med spa brand (Dallas/Oak Lawn and beyond).","https://www.vitalycmedspa.com/","owner-operator","https://www.vitalycmedspa.com/","company-site","verified","2026-09-03","Also appears in the yellowpages Dallas medical-spa listings."
"scopeiq","partner","patient finance / lender","AmSpa Business Mastercard","https://amspacard.com/?utm_campaign=amspa_web_redirect_2025&utm_medium=referral&utm_source=amspa","","","Vetted AmSpa vendor affiliate selling into medical spas (*AmSpa Member Discount, Credit Card); it already has a channel into the exact organisations that buy a state launch compliance report.","https://amspacard.com/?utm_campaign=amspa_web_redirect_2025&utm_medium=referral&utm_source=amspa","head of partnerships","https://www.americanmedspa.org/vendor-directory/","association-directory","secondary","2026-09-03","AmSpa platinum-tier vendor affiliate. 5% cash back on Med Spa supplies and equipment* +5 more"
"scopeiq","partner","med spa software / EMR","Phorest Software","https://www.phorest.com/us/industry/aesthetics/?utm_medium=Referral&utm_source=Referral-unknownsource&utm_campaign=AmSpa&utm_term=Web&channel_source=Referral-unknownsource&region=USA&origin=AmSpa","","","Vetted AmSpa vendor affiliate selling into medical spas (Practice Management Software); it already has a channel into the exact organisations that buy a state launch compliance report.","https://www.phorest.com/us/industry/aesthetics/?utm_medium=Referral&utm_source=Referral-unknownsource&utm_campaign=AmSpa&utm_term=Web&channel_source=Referral-unknownsource&region=USA&origin=AmSpa","head of partnerships","https://www.americanmedspa.org/vendor-directory/","association-directory","secondary","2026-09-03","AmSpa platinum-tier vendor affiliate."
"scopeiq","partner","med spa consultant / M&A advisor","Xite","https://www.xiteco.com/","","","Vetted AmSpa vendor affiliate selling into medical spas (*AmSpa Member Discount, Real Estate); it already has a channel into the exact organisations that buy a state launch compliance report.","https://www.xiteco.com/","head of partnerships","https://www.americanmedspa.org/vendor-directory/","association-directory","secondary","2026-09-03","AmSpa platinum-tier vendor affiliate. AmSpa Members receive a free, confidential practice valuation from Xite."
"scopeiq","partner","med spa consultant / M&A advisor","Brightskies Payroll & Bookkeeping Services","https://brightskiesservice.com/","","","Vetted AmSpa vendor affiliate selling into medical spas (*AmSpa Member Discount, Bookkeeping & Accounting); it already has a channel into the exact organisations that buy a state launch compliance report.","https://brightskiesservice.com/","head of partnerships","https://www.americanmedspa.org/vendor-directory/","association-directory","secondary","2026-09-03","AmSpa silver-tier vendor affiliate. AmSpa Members receive a 10% discount on monthly services."
"scopeiq","end-customer","single-location med spa","Skin Tightening, Botox and Lip Fillers by Skinsation LA","https://skinsationla.com","Los Angeles, CA","","An independent medical aesthetic practice in CA whose own site advertises Botox - it operates under one state's supervision, delegation and ownership rules and has no in-house counsel.","https://skinsationla.com/contact-us/","owner","https://www.yellowpages.com/los-angeles-ca/medical-spas","directory","verified","2026-09-03","Procedures found on its own site: Botox, Dysport, Jeuveau, dermal fillers, Sculptra, microneedling, Morpheus8, laser hair removal. Found in the yellowpages.com Medical Spas category for Los Angeles, CA, then confirmed by opening the practice's own homepage. Directory description: ""Skin Tightening, Botox and Lip Fillers by Skinsation LA offers Beauty Fitness based Cosmetic Procedures to clients across Los Angeles County California Services…"""
"scopeiq","end-customer","single-location med spa","Dermaster Medical Aesthetic Clinic","http://dermasterusa.com","Los Angeles, CA","","An independent medical aesthetic practice in CA whose own site advertises Botox - it operates under one state's supervision, delegation and ownership rules and has no in-house counsel.","","owner","https://www.yellowpages.com/los-angeles-ca/medical-spas","directory","verified","2026-09-03","Procedures found on its own site: Botox, Xeomin, dermal fillers, Sculptra, laser hair removal, PRP, semaglutide (GLP-1), IV therapy. Found in the yellowpages.com Medical Spas category for Los Angeles, CA, then confirmed by opening the practice's own homepage. Directory description: ""At Dermaster Medical Aesthetic Skincare Clinic in Los Angeles, we're committed to providing you with the most effective treatments and products available. With…"""
"scopeiq","end-customer","single-location med spa","Skin Specifics","https://linktr.ee/skin_specifics","Los Angeles, CA","","An independent medical aesthetic practice in CA whose own site advertises medical aesthetic treatments - it operates under one state's supervision, delegation and ownership rules and has no in-house counsel.","https://linktr.ee/blog/how-to-share-facebook-page-link","owner","https://www.yellowpages.com/los-angeles-ca/medical-spas","directory","verified","2026-09-03","Found in the yellowpages.com Medical Spas category for Los Angeles, CA, then confirmed by opening the practice's own homepage. Directory description: ""At Skin Specifics, we primarily focus on injectables, such as wrinkle relaxers BotoxDysport and dermal fillers Restylane, RHA, Juvederm Voluma, Radiesse,…"""
"scopeiq","end-customer","single-location med spa","The Aesthetics Studio","http://www.the-aesthetics-studio.com","Los Angeles, CA","","An independent medical aesthetic practice in CA whose own site advertises dermal fillers - it operates under one state's supervision, delegation and ownership rules and has no in-house counsel.","http://www.the-aesthetics-studio.com/contactus","owner","https://www.yellowpages.com/los-angeles-ca/medical-spas","directory","verified","2026-09-03","Procedures found on its own site: dermal fillers, microneedling, laser hair removal. Found in the yellowpages.com Medical Spas category for Los Angeles, CA, then confirmed by opening the practice's own homepage. Directory description: ""The Aesthetics Studio, located in the Hollywood neighborhood of Los Angeles, California is a medical spa offering a wide variety of surgery-free,…"""
"scopeiq","end-customer","single-location med spa","MedbeautyLA","https://medbeautyla.com","Los Angeles, CA","","An independent medical aesthetic practice in CA whose own site advertises Botox - it operates under one state's supervision, delegation and ownership rules and has no in-house counsel.","","owner","https://www.yellowpages.com/los-angeles-ca/medical-spas","directory","verified","2026-09-03","Procedures found on its own site: Botox, dermal fillers, microneedling, IPL, Ultherapy. Found in the yellowpages.com Medical Spas category for Los Angeles, CA, then confirmed by opening the practice's own homepage. Directory description: ""MedBeautyLA is a boutique med spa located in downtown Los Angeles. Services include Botox, Filler, Kybella, IPL, BBL, ResurFX and other laser resurfacing…"""
"scopeiq","end-customer","single-location med spa","Mirror Mirror Med Spa","http://www.mirrormedspa.com","Los Angeles, CA","","An independent medical aesthetic practice in CA whose own site advertises Botox - it operates under one state's supervision, delegation and ownership rules and has no in-house counsel.","https://www.mirrormedspa.com/contact/","owner","https://www.yellowpages.com/los-angeles-ca/medical-spas","directory","verified","2026-09-03","Procedures found on its own site: Botox, Xeomin, dermal fillers, Sculptra, Kybella, microneedling, Morpheus8, laser hair removal. Found in the yellowpages.com Medical Spas category for Los Angeles, CA, then confirmed by opening the practice's own homepage. Directory description: ""For the top skin care center in LA, come to Mirror Mirror Med Spa! We offer comprehensive skin-based services, allowing you to enjoy the latest advancements in…"""
"scopeiq","end-customer","single-location med spa","Laser Cliniqúe | San Diego's Premier Medical Spa","https://www.laser-clinique.com","San Diego, CA","","An independent medical aesthetic practice in CA whose own site advertises Botox - it operates under one state's supervision, delegation and ownership rules and has no in-house counsel.","https://www.laser-clinique.com/contact/","owner","https://www.yellowpages.com/san-diego-ca/medical-spas","directory","verified","2026-09-03","Procedures found on its own site: Botox, Dysport, Jeuveau, Xeomin, Daxxify, dermal fillers, Juvederm, Restylane. Found in the yellowpages.com Medical Spas category for San Diego, CA, then confirmed by opening the practice's own homepage. Directory description: ""I found Dr. Alex Ataii on an online search and saw that he had really good reviews. After having a few procedures by him I can see why he has those glowing reviews. He has…"""
"scopeiq","end-customer","single-location med spa","Siti Medical Spa","http://www.sitimedspa.com","San Diego, CA","","An independent medical aesthetic practice in CA whose own site advertises Botox - it operates under one state's supervision, delegation and ownership rules and has no in-house counsel.","http://www.sitimedspa.com/contact","owner","https://www.yellowpages.com/san-diego-ca/medical-spas","directory","verified","2026-09-03","Procedures found on its own site: Botox, dermal fillers, Juvederm, Kybella, microneedling, IPL, PRP, chemical peels. Found in the yellowpages.com Medical Spas category for San Diego, CA, then confirmed by opening the practice's own homepage. Directory description: ""Siti Med Spa in San Diego is devoted to working with every client to help them reach their goal of enhancing their personal appearance and self-esteem. Siti is a…"""
"scopeiq","end-customer","single-location med spa","Alcheme Health","https://www.alchemehealth.com","San Diego, CA","","An independent medical aesthetic practice in CA whose own site advertises Botox - it operates under one state's supervision, delegation and ownership rules and has no in-house counsel.","https://www.alchemehealth.com/contact","owner","https://www.yellowpages.com/san-diego-ca/medical-spas","directory","verified","2026-09-03","Procedures found on its own site: Botox, Dysport, Xeomin, Daxxify, dermal fillers, microneedling, laser hair removal, IPL. Found in the yellowpages.com Medical Spas category for San Diego, CA, then confirmed by opening the practice's own homepage. Directory description: ""Alcheme Medical Spa, we provide State of the Art medical skin care, body toning, acupuncture,Botox, Weight loss, IV therapy, vitamin shotsin San Diego Call 619-…"""
"scopeiq","end-customer","single-location med spa","Artem Med Spa","https://www.artem.health","San Diego, CA","","An independent medical aesthetic practice in CA whose own site advertises Botox - it operates under one state's supervision, delegation and ownership rules and has no in-house counsel.","https://artem.health/book-appointment/","owner","https://www.yellowpages.com/san-diego-ca/medical-spas?page=2","directory","verified","2026-09-03","Procedures found on its own site: Botox, dermal fillers, Kybella, microneedling, laser hair removal, PRP, IV therapy. Found in the yellowpages.com Medical Spas category for San Diego, CA, then confirmed by opening the practice's own homepage. Directory description: ""Artem Med Spa is an outstanding med spa in La Jolla, California, led by experienced med spa practitioner and registered nurse Madhis Pedram, BSN, RN, and her…"""
"scopeiq","end-customer","single-location med spa","ALCHEME Medical Spa Del Mar","https://www.medspa-delmar.alchemehealth.com","San Diego, CA","","An independent medical aesthetic practice in CA whose own site advertises dermal fillers - it operates under one state's supervision, delegation and ownership rules and has no in-house counsel.","info@alchemehealth.com","owner","https://www.yellowpages.com/san-diego-ca/medical-spas?page=2","directory","verified","2026-09-03","Procedures found on its own site: dermal fillers, Sculptra, microneedling, IPL, medical weight loss, IV therapy, hormone therapy. Found in the yellowpages.com Medical Spas category for San Diego, CA, then confirmed by opening the practice's own homepage. Directory description: ""At ALCHEME Medical Spa Del Mar, we elevate your wellness journey with the latest advancements in aesthetic and integrative medicine. As a leading option for…"""
"scopeiq","end-customer","single-location med spa","Botoxie","https://www.botoxie.co","San Diego, CA","","An independent medical aesthetic practice in CA whose own site advertises Botox - it operates under one state's supervision, delegation and ownership rules and has no in-house counsel.","https://botoxie.co/contact/","owner","https://www.yellowpages.com/san-diego-ca/medical-spas","directory","verified","2026-09-03","Procedures found on its own site: Botox, Dysport, Jeuveau, Daxxify, dermal fillers, Sculptra, Kybella, microneedling. Found in the yellowpages.com Medical Spas category for San Diego, CA, then confirmed by opening the practice's own homepage. Directory description: ""At Botoxie, we aim to provide our clients with world-class aesthetic services and treatments. We want to build a personal relationship founded on trust and care…"""
"scopeiq","end-customer","single-location med spa","SDBotox","https://sdbotox.com","San Diego, CA","","An independent medical aesthetic practice in CA whose own site advertises Botox - it operates under one state's supervision, delegation and ownership rules and has no in-house counsel.","https://sdbotox.com/contact-us/","owner","https://www.yellowpages.com/san-diego-ca/medical-spas","directory","verified","2026-09-03","Procedures found on its own site: Botox, Dysport, dermal fillers, Juvederm, Sculptra, Kybella, microneedling, Morpheus8. Found in the yellowpages.com Medical Spas category for San Diego, CA, then confirmed by opening the practice's own homepage. Directory description: ""SDBotox is a full service Medspa for cosmetic procedures and micro-treatments with eight convenient locations in San Diego. Some of our specialties are Botox,…"""
"scopeiq","end-customer","single-location med spa","Skin Medical Spa","http://www.skinmedicalspa.com","San Francisco, CA","","An independent medical aesthetic practice in CA whose own site advertises Botox - it operates under one state's supervision, delegation and ownership rules and has no in-house counsel.","http://www.skinmedicalspa.com/contact","owner","https://www.yellowpages.com/san-francisco-ca/medical-spas?page=2","directory","verified","2026-09-03","Procedures found on its own site: Botox, Dysport, dermal fillers, CoolSculpting. Found in the yellowpages.com Medical Spas category for San Francisco, CA, then confirmed by opening the practice's own homepage. Directory description: ""SKIN Medical Spa provides non-invasive cosmetic laser and skin rejuvenation treatments in a chic, modern spa setting. Owned and operated by a licensed physician,…"""
"scopeiq","end-customer","single-location med spa","IDYLLIC Aesthetics","https://www.idyllic-aesthetics.com","San Francisco, CA","","An independent medical aesthetic practice in CA whose own site advertises dermal fillers - it operates under one state's supervision, delegation and ownership rules and has no in-house counsel.","https://www.idyllic-aesthetics.com/#contact_us","owner","https://www.yellowpages.com/san-francisco-ca/medical-spas","directory","verified","2026-09-03","Procedures found on its own site: dermal fillers, microneedling, PRP, IV therapy, chemical peels. Found in the yellowpages.com Medical Spas category for San Francisco, CA, then confirmed by opening the practice's own homepage. Directory description: ""Idyllic Aesthetics is your exclusive boutique medical spa located in the south end of San Francisco at the Stonestown Medical Building. Our goal is to make you…"""
"scopeiq","end-customer","single-location med spa","Urban Allure Medical Spa","https://www.urbanalluresf.com","San Francisco, CA","","An independent medical aesthetic practice in CA whose own site advertises Botox - it operates under one state's supervision, delegation and ownership rules and has no in-house counsel.","https://www.urbanalluresf.com/book-appointment","owner","https://www.yellowpages.com/san-francisco-ca/medical-spas","directory","verified","2026-09-03","Procedures found on its own site: Botox, Daxxify, dermal fillers, microneedling, CoolSculpting, laser hair removal, IPL, chemical peels. Found in the yellowpages.com Medical Spas category for San Francisco, CA, then confirmed by opening the practice's own homepage. Directory description: ""Discover the epitome of skincare excellence at Urban Allure Medical Spa, located at 230 California Street Suite 603, San Francisco As a premier medical spa, we…"""
"scopeiq","end-customer","single-location med spa","Sev Laser","https://sevlaser.com/san-francisco","San Francisco, CA","","An independent medical aesthetic practice in CA whose own site advertises Botox - it operates under one state's supervision, delegation and ownership rules and has no in-house counsel.","https://sevlaser.com/wp-content/uploads/2023/10/facebook.avif","owner","https://www.yellowpages.com/san-francisco-ca/medical-spas?page=2","directory","verified","2026-09-03","Procedures found on its own site: Botox, microneedling, laser hair removal. Found in the yellowpages.com Medical Spas category for San Francisco, CA, then confirmed by opening the practice's own homepage. Directory description: ""Discover the best laser hair removal in San Francisco with SEV. Our boutique med spa makes medical-grade laser hair removal accessible to all with affordable…"""
"scopeiq","end-customer","single-location med spa","Bella Medspa","https://bellamedspaonline.com/testimonials","San Francisco, CA","","An independent medical aesthetic practice in CA whose own site advertises Botox - it operates under one state's supervision, delegation and ownership rules and has no in-house counsel.","","owner","https://www.yellowpages.com/san-francisco-ca/medical-spas","directory","verified","2026-09-03","Procedures found on its own site: Botox, Dysport, dermal fillers, Juvederm, Restylane, Sculptra, microneedling, CoolSculpting. Found in the yellowpages.com Medical Spas category for San Francisco, CA, then confirmed by opening the practice's own homepage."
"scopeiq","end-customer","single-location med spa","Union Street Medspa","http://www.unionstreetmedspa.com/contact/index.html","San Francisco, CA","","An independent medical aesthetic practice in CA whose own site advertises medical aesthetic treatments - it operates under one state's supervision, delegation and ownership rules and has no in-house counsel.","","owner","https://www.yellowpages.com/san-francisco-ca/medical-spas?page=2","directory","verified","2026-09-03","Found in the yellowpages.com Medical Spas category for San Francisco, CA, then confirmed by opening the practice's own homepage."
"scopeiq","end-customer","single-location med spa","Orange Medical Spa","https://www.orangemedicalspa.com","San Jose, CA","","An independent medical aesthetic practice in CA whose own site advertises Botox - it operates under one state's supervision, delegation and ownership rules and has no in-house counsel.","https://www.orangemedicalspa.com/contact","owner","https://www.yellowpages.com/san-jose-ca/medical-spas","directory","verified","2026-09-03","Procedures found on its own site: Botox, dermal fillers, microneedling. Found in the yellowpages.com Medical Spas category for San Jose, CA, then confirmed by opening the practice's own homepage. Directory description: ""Your destination for beauty and wellbeing Our expert team specializes in advanced injectable treatments like Botox and fillers, offering you the opportunity to…"""
"scopeiq","end-customer","single-location med spa","Gwen Aesthetics","https://gwenaesthetics.com","San Jose, CA","","An independent medical aesthetic practice in CA whose own site advertises Botox - it operates under one state's supervision, delegation and ownership rules and has no in-house counsel.","https://gwenaesthetics.com/contact","owner","https://www.yellowpages.com/san-jose-ca/medical-spas?page=2","directory","verified","2026-09-03","Procedures found on its own site: Botox, dermal fillers, microneedling, PRP, medical weight loss, IV therapy, IV hydration. Found in the yellowpages.com Medical Spas category for San Jose, CA, then confirmed by opening the practice's own homepage. Directory description: ""Gwen Aesthetics offers advanced skin rejuvenation and anti aging care built around your goals. Our injectable services include neuromodulators, dermal fillers,…"""
"scopeiq","end-customer","single-location med spa","Radiantilyk Aesthetic","http://www.radiantilykaesthetics.com","Santa Clara, CA","","An independent medical aesthetic practice in CA whose own site advertises Botox - it operates under one state's supervision, delegation and ownership rules and has no in-house counsel.","https://radiantilykaesthetics.com/contact/","owner","https://www.yellowpages.com/san-jose-ca/medical-spas?page=2","directory","verified","2026-09-03","Procedures found on its own site: Botox, dermal fillers, Sculptra. Found in the yellowpages.com Medical Spas category for San Jose, CA, then confirmed by opening the practice's own homepage. Directory description: ""RadiantilyK Aesthetic in Sunnyvale is your destination for expert Botox, dermal fillers, and weight loss solutions. Our skilled expert injectors provide…"""
"scopeiq","end-customer","single-location med spa","Silicon Valley Aesthetics","http://siliconvalleymedspa.com","San Jose, CA","","An independent medical aesthetic practice in CA whose own site advertises Botox - it operates under one state's supervision, delegation and ownership rules and has no in-house counsel.","https://siliconvalleymedspa.com/contact-us/","owner","https://www.yellowpages.com/san-jose-ca/medical-spas","directory","verified","2026-09-03","Procedures found on its own site: Botox, Xeomin, Daxxify, dermal fillers, Kybella, CoolSculpting, laser hair removal, IPL. Found in the yellowpages.com Medical Spas category for San Jose, CA, then confirmed by opening the practice's own homepage. Directory description: ""Absolutely amazing experience! I went in for a brow lift, made sure I stated exactly what results I wanted and now that the Botox is set I can see the exact results I wanted!…"""
"scopeiq","end-customer","single-location med spa","San Jose Medical Spa","http://www.sanjosemedspa.com","San Jose, CA","","An independent medical aesthetic practice in CA whose own site advertises microneedling - it operates under one state's supervision, delegation and ownership rules and has no in-house counsel.","http://www.sanjosemedspa.com/contactus","owner","https://www.yellowpages.com/san-jose-ca/medical-spas","directory","verified","2026-09-03","Procedures found on its own site: microneedling, laser hair removal, HydraFacial, Emsculpt, Ultherapy, Sofwave. Found in the yellowpages.com Medical Spas category for San Jose, CA, then confirmed by opening the practice's own homepage. Directory description: ""About San Jose Medical SpaSan Jose Medical Spa is a full-service medical spa facility that offers laser hair removal, scar removal, skin rejuvenation,…"""
"scopeiq","end-customer","single-location med spa","Beauty Redefined Medical Aesthetic Clinic","https://laviemd.us","San Jose, CA","","An independent medical aesthetic practice in CA whose own site advertises Botox - it operates under one state's supervision, delegation and ownership rules and has no in-house counsel.","https://laviemd.us/book-an-appointment/","owner","https://www.yellowpages.com/san-jose-ca/medical-spas","directory","verified","2026-09-03","Procedures found on its own site: Botox, Dysport, Daxxify, dermal fillers, Juvederm, Sculptra, Kybella, microneedling. Found in the yellowpages.com Medical Spas category for San Jose, CA, then confirmed by opening the practice's own homepage."
"scopeiq","end-customer","single-location med spa","Destination Aesthetics Medical Spa","https://www.destinationaesthetics.com/contact/da-sacramento","Sacramento, CA","","An independent medical aesthetic practice in CA whose own site advertises Botox - it operates under one state's supervision, delegation and ownership rules and has no in-house counsel.","https://www.destinationaesthetics.com/contact","owner","https://www.yellowpages.com/sacramento-ca/medical-spas","directory","verified","2026-09-03","Procedures found on its own site: Botox, Dysport, dermal fillers, Sculptra, Kybella, microneedling, CoolSculpting, HydraFacial. Found in the yellowpages.com Medical Spas category for Sacramento, CA, then confirmed by opening the practice's own homepage. Directory description: ""Destination Aesthetics™ is a premier med spa serving the Sacramento area with locations in El Dorado Hills, Elk Grove, Folsom, Roseville, and Sacramento. What…"""
"scopeiq","end-customer","single-location med spa","Suna Aesthetics & Wellness","https://www.suna-aesthetics.com","Sacramento, CA","","An independent medical aesthetic practice in CA whose own site advertises dermal fillers - it operates under one state's supervision, delegation and ownership rules and has no in-house counsel.","https://www.suna-aesthetics.com/contact","owner","https://www.yellowpages.com/sacramento-ca/medical-spas","directory","verified","2026-09-03","Procedures found on its own site: dermal fillers, Sculptra, microneedling, IV therapy, chemical peels. Found in the yellowpages.com Medical Spas category for Sacramento, CA, then confirmed by opening the practice's own homepage. Directory description: ""A holistic aesthetics and wellness practice offering bespoke aesthetic services such as Botox, filler, medical grade chemical peels, skincare, medical…"""
"scopeiq","end-customer","single-location med spa","Pretty Please Aesthetics","https://www.prettypleaseaesthetics.com","Sacramento, CA","","An independent medical aesthetic practice in CA whose own site advertises Botox - it operates under one state's supervision, delegation and ownership rules and has no in-house counsel.","https://www.prettypleaseaesthetics.com/contact/","owner","https://www.yellowpages.com/sacramento-ca/medical-spas","directory","verified","2026-09-03","Procedures found on its own site: Botox, Dysport, Xeomin, dermal fillers, Sculptra, Kybella, microneedling, HydraFacial. Found in the yellowpages.com Medical Spas category for Sacramento, CA, then confirmed by opening the practice's own homepage. Directory description: ""Our skilled aestheticians are experts in enhancing your natural beauty so you look and feel confident and rejuvenated. With wrinkle treatments, dermal fillers,…"""
"scopeiq","end-customer","single-location med spa","Perceptions Aesthetic Spa","https://www.perceptionsaestheticspa.com","Fair Oaks, CA","","An independent medical aesthetic practice in CA whose own site advertises Botox - it operates under one state's supervision, delegation and ownership rules and has no in-house counsel.","https://perceptionsaestheticspa.com/contact/","owner","https://www.yellowpages.com/sacramento-ca/medical-spas?page=2","directory","verified","2026-09-03","Procedures found on its own site: Botox, dermal fillers, Kybella, microneedling, laser hair removal, IPL, HydraFacial, PRP. Found in the yellowpages.com Medical Spas category for Sacramento, CA, then confirmed by opening the practice's own homepage. Directory description: ""I purchased a Groupon for laser hair removal for Perceptions. I've been happy with my results and the two nurses who performed the procedure were super nice. Today I had…"""
"scopeiq","end-customer","single-location med spa","Derma Med Spa","http://www.dermamedspainc.com","Sacramento, CA","","An independent medical aesthetic practice in CA whose own site advertises Botox - it operates under one state's supervision, delegation and ownership rules and has no in-house counsel.","info@dermamedspainc.com","owner","https://www.yellowpages.com/sacramento-ca/medical-spas","directory","verified","2026-09-03","Procedures found on its own site: Botox, dermal fillers, Kybella, microneedling. Found in the yellowpages.com Medical Spas category for Sacramento, CA, then confirmed by opening the practice's own homepage."
"scopeiq","end-customer","single-location med spa","Laser-Luxe MedSpa","https://www.laser-luxe.com","Sacramento, CA","","An independent medical aesthetic practice in CA whose own site advertises dermal fillers - it operates under one state's supervision, delegation and ownership rules and has no in-house counsel.","https://www.laser-luxe.com/contact-us","owner","https://www.yellowpages.com/sacramento-ca/medical-spas","directory","verified","2026-09-03","Procedures found on its own site: dermal fillers, laser hair removal, PRP. Found in the yellowpages.com Medical Spas category for Sacramento, CA, then confirmed by opening the practice's own homepage."
"scopeiq","end-customer","single-location med spa","Rejuvenation Medical Spa","http://www.elkgrovemedspa.com","Elk Grove, CA","","An independent medical aesthetic practice in CA whose own site advertises Botox - it operates under one state's supervision, delegation and ownership rules and has no in-house counsel.","","owner","https://www.yellowpages.com/sacramento-ca/medical-spas?page=2","directory","verified","2026-09-03","Procedures found on its own site: Botox, dermal fillers, Juvederm, semaglutide (GLP-1), tirzepatide (GLP-1), medical weight loss, hormone therapy. Found in the yellowpages.com Medical Spas category for Sacramento, CA, then confirmed by opening the practice's own homepage. Directory description: ""I LOVEEE this place! I have done the diet 2 times and had great success with it. I have also received numerous facial treatments and treatments from the doctor. Both the…"""
"scopeiq","end-customer","single-location med spa","Skin Canvas Aesthetics","https://www.skincanvasaesthetics.com","Irvine, CA","","An independent medical aesthetic practice in CA whose own site advertises Botox - it operates under one state's supervision, delegation and ownership rules and has no in-house counsel.","https://www.skincanvasaesthetics.com/contact/","owner","https://www.yellowpages.com/irvine-ca/medical-spas","directory","verified","2026-09-03","Procedures found on its own site: Botox, dermal fillers, Juvederm, Sculptra, Kybella, microneedling, Morpheus8, IPL. Found in the yellowpages.com Medical Spas category for Irvine, CA, then confirmed by opening the practice's own homepage. Directory description: ""Skin Canvas Aesthetics is a high-end medical spa in Irvine, California. When you choose Skin Canvas for your skincare requirements, our aesthetic professionals…"""
"scopeiq","end-customer","single-location med spa","Amoderm Cosmetic and Wellness Medical Center","http://amoderm.com","Irvine, CA","","An independent medical aesthetic practice in CA whose own site advertises Botox - it operates under one state's supervision, delegation and ownership rules and has no in-house counsel.","https://www.amoderm.com/contact/","owner","https://www.yellowpages.com/irvine-ca/medical-spas","directory","verified","2026-09-03","Procedures found on its own site: Botox, Dysport, Jeuveau, Xeomin, Daxxify, dermal fillers, Juvederm, Restylane. Found in the yellowpages.com Medical Spas category for Irvine, CA, then confirmed by opening the practice's own homepage. Directory description: ""I have been a long time patient of Dr. Jafari and have done many filler injections (voluma and volbella for cheeks and under eyes and dysport for crows fit and between…"""
"scopeiq","end-customer","single-location med spa","Beyond Beauty Medical Spa","https://bbspamed.com","Newport Beach, CA","","An independent medical aesthetic practice in CA whose own site advertises Botox - it operates under one state's supervision, delegation and ownership rules and has no in-house counsel.","https://bbspamed.com/#contact-us","owner","https://www.yellowpages.com/irvine-ca/medical-spas?page=2","directory","verified","2026-09-03","Procedures found on its own site: Botox, dermal fillers, microneedling, IPL, HydraFacial. Found in the yellowpages.com Medical Spas category for Irvine, CA, then confirmed by opening the practice's own homepage. Directory description: """"Are you not pleased with what you see in the mirror? Become the “you” you want to be at Beyond Beauty Medical Spa in Newport Beach, CA. Our board-certified…"""
"scopeiq","end-customer","single-location med spa","Newport Integrative Medicine & Aesthetics NIMA","https://nimawellness.com","Irvine, CA","","An independent medical aesthetic practice in CA whose own site advertises Botox - it operates under one state's supervision, delegation and ownership rules and has no in-house counsel.","https://nimawellness.com/images/nimawellness/social-facebook.svg","owner","https://www.yellowpages.com/irvine-ca/medical-spas","directory","verified","2026-09-03","Procedures found on its own site: Botox, Dysport, dermal fillers, microneedling, Morpheus8, IPL, PRP, semaglutide (GLP-1). Found in the yellowpages.com Medical Spas category for Irvine, CA, then confirmed by opening the practice's own homepage. Directory description: ""(NIMA) is a physician-led integrative, functional, and regenerative medical clinic serving Newport Beach, Irvine, and Orange County. We specialize in root-cause…"""
"scopeiq","end-customer","single-location med spa","Skin Verse Medical Spa","https://skinversemedspa.com","Beverly Hills, CA","","An independent medical aesthetic practice in CA whose own site advertises Botox - it operates under one state's supervision, delegation and ownership rules and has no in-house counsel.","https://skinversemedspa.com/book-now/","owner","https://www.yellowpages.com/beverly-hills-ca/medical-spas","directory","verified","2026-09-03","Procedures found on its own site: Botox, Dysport, dermal fillers, Juvederm, Restylane, Sculptra, Kybella, microneedling. Found in the yellowpages.com Medical Spas category for Beverly Hills, CA, then confirmed by opening the practice's own homepage. Directory description: ""Skin Verse Medical Spa Beverly Hills is a premier Medspa, Laser Hair Removal and cosmetic Injectables facility in Beverly Hills, California We use stateoftheart…"""
"scopeiq","end-customer","single-location med spa","Beverly Wilshire Aesthetics Beverly Hills Medical Spa","https://www.bwaesthetics.com/medical-spa-beverly-hills","Beverly Hills, CA","","An independent medical aesthetic practice in CA whose own site advertises Botox - it operates under one state's supervision, delegation and ownership rules and has no in-house counsel.","https://www.bwaesthetics.com/book-an-appointment/","owner","https://www.yellowpages.com/beverly-hills-ca/medical-spas?page=2","directory","verified","2026-09-03","Procedures found on its own site: Botox, dermal fillers, Juvederm, Restylane, Sculptra, microneedling, Morpheus8, IPL. Found in the yellowpages.com Medical Spas category for Beverly Hills, CA, then confirmed by opening the practice's own homepage. Directory description: ""Named #1 Best Beverly Hills Med Spa by Beverly Weekly and 2026 Best Med Spa in LA by Haute Living, Beverly Wilshire Aesthetics is directed by a dual…"""
"scopeiq","end-customer","single-location med spa","Cienega Med Spa","http://www.cienegaspa.com","Beverly Hills, CA","","An independent medical aesthetic practice in CA whose own site advertises Botox - it operates under one state's supervision, delegation and ownership rules and has no in-house counsel.","http://www.cienegaspa.com/book/?cta=header","owner","https://www.yellowpages.com/beverly-hills-ca/medical-spas","directory","verified","2026-09-03","Procedures found on its own site: Botox, Dysport, Xeomin, dermal fillers, Sculptra, Kybella, microneedling, CoolSculpting. Found in the yellowpages.com Medical Spas category for Beverly Hills, CA, then confirmed by opening the practice's own homepage. Directory description: ""Cienega Spa is a boutique medical spa in Beverly Hills offering Laser Hair Removal, CoolSculpting Fat Freeze, Botox, Acupuncture, Facials, Massage and more.…"""
"scopeiq","end-customer","single-location med spa","Aere Aesthetics","https://aereaesthetics.com/beverly-hills","Beverly Hills, CA","","An independent medical aesthetic practice in CA whose own site advertises Botox - it operates under one state's supervision, delegation and ownership rules and has no in-house counsel.","https://aereaesthetics.com/contact/","owner","https://www.yellowpages.com/beverly-hills-ca/medical-spas","directory","verified","2026-09-03","Procedures found on its own site: Botox, Dysport, dermal fillers, Sculptra, Kybella, microneedling, medical weight loss, chemical peels. Found in the yellowpages.com Medical Spas category for Beverly Hills, CA, then confirmed by opening the practice's own homepage. Directory description: ""Aere Aesthetics Beverly Hills is a luxury med spa located on N Roxbury Drive in Beverly Hills, CA, offering advanced injectables, skin treatments, and…"""
"scopeiq","end-customer","single-location med spa","Dr Refresh Med Spa","https://doctorrefresh.com","West Hollywood, CA","","An independent medical aesthetic practice in CA whose own site advertises Botox - it operates under one state's supervision, delegation and ownership rules and has no in-house counsel.","","owner","https://www.yellowpages.com/beverly-hills-ca/medical-spas","directory","verified","2026-09-03","Procedures found on its own site: Botox, Xeomin, dermal fillers, microneedling, Morpheus8, laser hair removal, IPL, HydraFacial. Found in the yellowpages.com Medical Spas category for Beverly Hills, CA, then confirmed by opening the practice's own homepage. Directory description: ""Dr Refresh Med Spa is the premier medical spa near West Hollywood, California, offering the best med spa services in the area. Our expert team provides top-notch…"""
"scopeiq","end-customer","single-location med spa","Me.Losangeles Aesthetics","https://www.melosangeles.com","West Hollywood, CA","","An independent medical aesthetic practice in CA whose own site advertises Botox - it operates under one state's supervision, delegation and ownership rules and has no in-house counsel.","https://www.melosangeles.com/contact-us","owner","https://www.yellowpages.com/beverly-hills-ca/medical-spas","directory","verified","2026-09-03","Procedures found on its own site: Botox, dermal fillers, Sculptra, microneedling, PRP, IV therapy, chemical peels. Found in the yellowpages.com Medical Spas category for Beverly Hills, CA, then confirmed by opening the practice's own homepage. Directory description: ""A boutique concierge medical spa located in West Hollywood, California, me.losangeles aesthetics specializes in wellness and beauty. Merdina Mustedanagic, DMSc,…"""
"scopeiq","end-customer","single-location med spa","La Riush Aesthetic","https://lariushaesthetic.com","Beverly Hills, CA","","An independent medical aesthetic practice in CA whose own site advertises Botox - it operates under one state's supervision, delegation and ownership rules and has no in-house counsel.","https://lariushaesthetic.com/booking/","owner","https://www.yellowpages.com/beverly-hills-ca/medical-spas?page=2","directory","verified","2026-09-03","Procedures found on its own site: Botox, dermal fillers, microneedling, laser hair removal, HydraFacial, PRP, Emsculpt. Found in the yellowpages.com Medical Spas category for Beverly Hills, CA, then confirmed by opening the practice's own homepage. Directory description: ""La Riush Aesthetic Beverly Hills AntiAging, Skincare Wellness ExpertsWelcome to La Riush Aesthetic, your destination for advanced skincare, antiaging, and…"""
"scopeiq","end-customer","single-location med spa","Beverly Hills Med Spa","https://www.beverlyhillsmedspa.com","Beverly Hills, CA","","An independent medical aesthetic practice in CA whose own site advertises Botox - it operates under one state's supervision, delegation and ownership rules and has no in-house counsel.","https://www.beverlyhillsmedspa.com/contact-us","owner","https://www.yellowpages.com/beverly-hills-ca/medical-spas","directory","verified","2026-09-03","Procedures found on its own site: Botox, Kybella, microneedling, Morpheus8, CoolSculpting, laser hair removal, HydraFacial, PRP. Found in the yellowpages.com Medical Spas category for Beverly Hills, CA, then confirmed by opening the practice's own homepage."
"scopeiq","end-customer","single-location med spa","Sea Glass Med Spa","https://www.seaglassmedspaoc.com","Newport Beach, CA","","An independent medical aesthetic practice in CA whose own site advertises Jeuveau - it operates under one state's supervision, delegation and ownership rules and has no in-house counsel.","https://www.seaglassmedspaoc.com/contact-page-seaglass","owner","https://www.yellowpages.com/newport-beach-ca/medical-spas","directory","verified","2026-09-03","Procedures found on its own site: Jeuveau, dermal fillers, microneedling, GLP-1, medical weight loss, IV therapy, chemical peels. Found in the yellowpages.com Medical Spas category for Newport Beach, CA, then confirmed by opening the practice's own homepage. Directory description: ""Welcome to Sea Glass Med Spa, Newport Beachs premier destination for rejuvenation and beauty. We specialize in advanced Botox treatments, dermal fillers, lip…"""
"scopeiq","end-customer","single-location med spa","QUIKTOXâ?¢ | Botox Same Day Appointments - SMS / Text To Book","https://local.seoaesthetic.com/usa/california/costa-mesa/botox-quiktox","Costa Mesa, CA","","An independent medical aesthetic practice in CA whose own site advertises Botox - it operates under one state's supervision, delegation and ownership rules and has no in-house counsel.","contact@quiktox.com","owner","https://www.yellowpages.com/newport-beach-ca/medical-spas","directory","verified","2026-09-03","Procedures found on its own site: Botox, dermal fillers. Found in the yellowpages.com Medical Spas category for Newport Beach, CA, then confirmed by opening the practice's own homepage. Directory description: ""QUIKTOXâ?¢ Aesthetic Med Spa in Costa Mesa is the premier destination for expert Botox injections and advanced med spa treatments. Specializing in Botox for…"""
"scopeiq","end-customer","single-location med spa","Image Perfect Laser","https://imageperfectlaser.com","Newport Beach, CA","","An independent medical aesthetic practice in CA whose own site advertises microneedling - it operates under one state's supervision, delegation and ownership rules and has no in-house counsel.","https://imageperfectlaser.com/contact-us/","owner","https://www.yellowpages.com/newport-beach-ca/medical-spas","directory","verified","2026-09-03","Procedures found on its own site: microneedling, IPL. Found in the yellowpages.com Medical Spas category for Newport Beach, CA, then confirmed by opening the practice's own homepage. Directory description: ""Image Perfect Laser is the leading med spa near Fashion Island in Newport Beach, CA We specialize in microneedling, laser hair removal, labiaplasty, laser hair…"""
"scopeiq","end-customer","single-location med spa","Horizon Dermatology and Laser Institute","http://www.horizonderm.com","Newport Beach, CA","","An independent medical aesthetic practice in CA whose own site advertises Botox - it operates under one state's supervision, delegation and ownership rules and has no in-house counsel.","https://www.horizonderm.com/contact-us/","owner","https://www.yellowpages.com/newport-beach-ca/medical-spas?page=2","directory","verified","2026-09-03","Procedures found on its own site: Botox, Juvederm, Sculptra, microneedling, CoolSculpting, laser hair removal, PRP, chemical peels. Found in the yellowpages.com Medical Spas category for Newport Beach, CA, then confirmed by opening the practice's own homepage. Directory description: ""Great experience with this doctor and this office. Came for Botox and Juvederm and was very happy with Dr. Cole and the office staff. My daughter also came to this office for…"""
"scopeiq","end-customer","single-location med spa","Gold Coast Aesthetics","https://www.goldcoastaesthetics.com","Costa Mesa, CA","","An independent medical aesthetic practice in CA whose own site advertises Botox - it operates under one state's supervision, delegation and ownership rules and has no in-house counsel.","info@goldcoastaesthetics.com","owner","https://www.yellowpages.com/newport-beach-ca/medical-spas?page=2","directory","verified","2026-09-03","Procedures found on its own site: Botox, Xeomin, Daxxify, dermal fillers, Kybella, microneedling, GLP-1, medical weight loss. Found in the yellowpages.com Medical Spas category for Newport Beach, CA, then confirmed by opening the practice's own homepage. Directory description: ""At our unique boutique medical spa nestled in the heart of Corona Del Mar, CA, we are committed to defying unhealthy beauty trends, steering clear of unnatural…"""
"scopeiq","end-customer","single-location med spa","Newport Med Spa","http://www.newportbeachmedspa.com","Newport Beach, CA","","An independent medical aesthetic practice in CA whose own site advertises Botox - it operates under one state's supervision, delegation and ownership rules and has no in-house counsel.","https://www.newportbeachmedspa.com/contact-us/","owner","https://www.yellowpages.com/newport-beach-ca/medical-spas","directory","verified","2026-09-03","Procedures found on its own site: Botox, Dysport, dermal fillers, Juvederm, Restylane, Sculptra, microneedling, CoolSculpting. Found in the yellowpages.com Medical Spas category for Newport Beach, CA, then confirmed by opening the practice's own homepage. Directory description: ""Fantastic place!Way better than the place in the Eastbluff shopping center in the corner!Nice people, good service. And a really good Botox deal!"""""
"scopeiq","end-customer","single-location med spa","Orchid Rejuvenating Med Spa & Laser","https://orchidrejuvenatingmedspa.com/medspa-services/just-for-men","Dallas, TX","","An independent medical aesthetic practice in TX whose own site advertises medical aesthetic treatments - it operates under one state's supervision, delegation and ownership rules and has no in-house counsel.","","owner","https://www.yellowpages.com/dallas-tx/medical-spas?page=2","directory","verified","2026-09-03","Found in the yellowpages.com Medical Spas category for Dallas, TX, then confirmed by opening the practice's own homepage. Directory description: ""When you come to Orchid Rejuvenating Med Spa & Laser, you're more than just a client. You're someone we desire to build a relationship with as we provide…"""
"scopeiq","end-customer","single-location med spa","Prive Salon & Medical Spa","https://www.privemedaesthetics.com/privacy-policy","Dallas, TX","","An independent medical aesthetic practice in TX whose own site advertises medical aesthetic treatments - it operates under one state's supervision, delegation and ownership rules and has no in-house counsel.","info@privemedical.com","owner","https://www.yellowpages.com/dallas-tx/medical-spas","directory","verified","2026-09-03","Found in the yellowpages.com Medical Spas category for Dallas, TX, then confirmed by opening the practice's own homepage. Directory description: ""Our highly trained professionals at Prive Salon & Med Spa are dedicated to providing you with the highest quality medical spa and salon services available in the…"""
"scopeiq","end-customer","single-location med spa","Sage and Skin Aesthetics","https://www.sageandskinaesthetics.com","Dallas, TX","","An independent medical aesthetic practice in TX whose own site advertises Botox - it operates under one state's supervision, delegation and ownership rules and has no in-house counsel.","https://www.sageandskinaesthetics.com/contact","owner","https://www.yellowpages.com/dallas-tx/medical-spas","directory","verified","2026-09-03","Procedures found on its own site: Botox, dermal fillers, microneedling, PRP, GLP-1, medical weight loss, IV hydration. Found in the yellowpages.com Medical Spas category for Dallas, TX, then confirmed by opening the practice's own homepage. Directory description: ""Sage and Skin Aesthetics is a Dallas?based aesthetic practice where personalized beauty meets empowered confidence. Located on Gaston Avenue, the studio offers…"""
"scopeiq","end-customer","single-location med spa","Lakewood Beauty Clinic","https://lakewoodbeautyclinic.com","Dallas, TX","","An independent medical aesthetic practice in TX whose own site advertises Botox - it operates under one state's supervision, delegation and ownership rules and has no in-house counsel.","","owner","https://www.yellowpages.com/dallas-tx/medical-spas","directory","verified","2026-09-03","Procedures found on its own site: Botox, dermal fillers, Morpheus8, laser hair removal, semaglutide (GLP-1), medical weight loss, chemical peels. Found in the yellowpages.com Medical Spas category for Dallas, TX, then confirmed by opening the practice's own homepage. Directory description: ""At Lakewood Beauty Clinic, we focus on enhancing your natural beauty through advanced, noninvasive treatments Injectable options such as Botox and dermal fillers…"""
"scopeiq","end-customer","single-location med spa","Well Labs+ Medspa Dallas","https://dallas.wellabsplus.com","Dallas, TX","","An independent medical aesthetic practice in TX whose own site advertises Botox - it operates under one state's supervision, delegation and ownership rules and has no in-house counsel.","https://dallas.wellabsplus.com/contact-the-favorite-medical-spa-in-dallas/","owner","https://www.yellowpages.com/dallas-tx/medical-spas?page=2","directory","verified","2026-09-03","Procedures found on its own site: Botox, Dysport, Jeuveau, Xeomin, Daxxify, dermal fillers, Restylane, Sculptra. Found in the yellowpages.com Medical Spas category for Dallas, TX, then confirmed by opening the practice's own homepage. Directory description: """"Well Lab+ Medspa Dallas (formerly Spa in the City Dallas) it your premier medspa for all things pro-youth. From Botox and Dysport to laser hair reduction,…"""
"scopeiq","end-customer","single-location med spa","Defiage Med Spa","https://defiagemedspa.com","Houston, TX","","An independent medical aesthetic practice in TX whose own site advertises Botox - it operates under one state's supervision, delegation and ownership rules and has no in-house counsel.","https://defiagemedspa.com/contact-us","owner","https://www.yellowpages.com/houston-tx/medical-spas?page=2","directory","verified","2026-09-03","Procedures found on its own site: Botox, dermal fillers, microneedling, Morpheus8, IPL, semaglutide (GLP-1), medical weight loss, hormone therapy. Found in the yellowpages.com Medical Spas category for Houston, TX, then confirmed by opening the practice's own homepage. Directory description: ""Defiage Med Spa in Houston, Texas offer the latest treatments aesthetic and wellness treatments including Botox, Xeomin, HD PDO Threads, BHRT, IV Therapy and…"""
"scopeiq","end-customer","single-location med spa","Rose Milk Aesthetics","http://rosemilkaesthetics.com","Houston, TX","","An independent medical aesthetic practice in TX whose own site advertises dermal fillers - it operates under one state's supervision, delegation and ownership rules and has no in-house counsel.","http://rosemilkaesthetics.com/contact-houston-tx-medspa","owner","https://www.yellowpages.com/houston-tx/medical-spas","directory","verified","2026-09-03","Procedures found on its own site: dermal fillers, Sculptra, microneedling, HydraFacial, PRP, medical weight loss, hormone therapy, PRF. Found in the yellowpages.com Medical Spas category for Houston, TX, then confirmed by opening the practice's own homepage. Directory description: ""Rose Milk Aesthetics is your trusted Houston Med Spa, located at 6815 N Main St., Suite A, Houston, TX 77009. We specialize in injectables, peptides,…"""
"scopeiq","end-customer","single-location med spa","Ovation Med Spa","https://www.ovationmedspa.com","Houston, TX","","An independent medical aesthetic practice in TX whose own site advertises Botox - it operates under one state's supervision, delegation and ownership rules and has no in-house counsel.","","owner","https://www.yellowpages.com/houston-tx/medical-spas","directory","verified","2026-09-03","Procedures found on its own site: Botox, Dysport, dermal fillers, Sculptra, Kybella, microneedling, CoolSculpting, laser hair removal. Found in the yellowpages.com Medical Spas category for Houston, TX, then confirmed by opening the practice's own homepage. Directory description: ""Experience rejuvenation at Ovation Med Spa in Houston, TX We specialize in advanced treatments like Laser Hair Removal, CoolSculpting, and Skin Rejuvenation to…"""
"scopeiq","end-customer","single-location med spa","Skin 101 Medical Spa","https://skin101houston.com/acne-and-acne-scars/69c4db_83c62444b1fc4cd2b40dac13a8402cc1-jpg_srz_p_536_250_75_22_0-50_1-20_0-00_jpg_srz","Houston, TX","","An independent medical aesthetic practice in TX whose own site advertises Botox - it operates under one state's supervision, delegation and ownership rules and has no in-house counsel.","https://skin101houston.com/contact-us/","owner","https://www.yellowpages.com/houston-tx/medical-spas?page=2","directory","verified","2026-09-03","Procedures found on its own site: Botox, dermal fillers, Sculptra, microneedling, laser hair removal, IPL, PRP, medical weight loss. Found in the yellowpages.com Medical Spas category for Houston, TX, then confirmed by opening the practice's own homepage. Directory description: ""At Skin 101 Medical Spa, our goal is to make you feel beautiful, inside and out. We offer a complete selection of cosmetic, body contouring, and wellness…"""
"scopeiq","end-customer","single-location med spa","Lily Lane Aesthetics","https://www.lilylaneaesthetics.com","Houston, TX","","An independent medical aesthetic practice in TX whose own site advertises Botox - it operates under one state's supervision, delegation and ownership rules and has no in-house counsel.","https://www.lilylaneaesthetics.com/contact/","owner","https://www.yellowpages.com/houston-tx/medical-spas?page=2","directory","verified","2026-09-03","Procedures found on its own site: Botox, Dysport, Xeomin, Daxxify, dermal fillers, Sculptra, microneedling, HydraFacial. Found in the yellowpages.com Medical Spas category for Houston, TX, then confirmed by opening the practice's own homepage. Directory description: ""Houston's newest boutique medical spa owned and operated by Sarah Young, a boardcertified PA with 6 years experience in the aesthetic industry Step into your…"""
"scopeiq","end-customer","single-location med spa","LifeSculpt Longevity & Aesthetics - Galleria","https://lifesculptmd.com/locations/longevity-aesthetics-galleria","Houston, TX","","An independent medical aesthetic practice in TX whose own site advertises Botox - it operates under one state's supervision, delegation and ownership rules and has no in-house counsel.","https://lifesculptmd.com/biovitality-book/","owner","https://www.yellowpages.com/houston-tx/medical-spas?page=2","directory","verified","2026-09-03","Procedures found on its own site: Botox, Xeomin, dermal fillers, microneedling, laser hair removal, IPL, GLP-1, medical weight loss. Found in the yellowpages.com Medical Spas category for Houston, TX, then confirmed by opening the practice's own homepage. Directory description: ""At LifeSculpt's Galleria location, we fuse precision longevity medicine with advanced aesthetic treatments to help you look, feel, and perform at your best.…"""
"scopeiq","end-customer","single-location med spa","Piel Aesthetics Med Spa","https://www.pielaesthetics.net","Austin, TX","","An independent medical aesthetic practice in TX whose own site advertises Botox - it operates under one state's supervision, delegation and ownership rules and has no in-house counsel.","https://www.pielaesthetics.net/contact","owner","https://www.yellowpages.com/austin-tx/medical-spas","directory","verified","2026-09-03","Procedures found on its own site: Botox, dermal fillers. Found in the yellowpages.com Medical Spas category for Austin, TX, then confirmed by opening the practice's own homepage. Directory description: ""Piel Aesthetics is a Medical Spa specializing in Cosmetics Injectables like botox, fillers and threads! We are located in Cedar Park, Texas. We can't wait to…"""
"scopeiq","end-customer","single-location med spa","Aesthetica Med Spa","https://www.amedspa.com","Austin, TX","","An independent medical aesthetic practice in TX whose own site advertises Botox - it operates under one state's supervision, delegation and ownership rules and has no in-house counsel.","https://www.amedspa.com/contact-us/","owner","https://www.yellowpages.com/austin-tx/medical-spas","directory","verified","2026-09-03","Procedures found on its own site: Botox, dermal fillers, Sculptra, Kybella, microneedling, IPL, HydraFacial, PRP. Found in the yellowpages.com Medical Spas category for Austin, TX, then confirmed by opening the practice's own homepage. Directory description: ""What distinguishes our Austin med spa services from others in Texas? Quite simply, it is our experience. Aesthetica was established in 1999 as one of Austin's…"""
"scopeiq","end-customer","single-location med spa","Alchemy Wellness Medspa","https://www.alchemywellnessatx.com/contact-us","Austin, TX","","An independent medical aesthetic practice in TX whose own site advertises Botox - it operates under one state's supervision, delegation and ownership rules and has no in-house counsel.","https://www.alchemywellnessatx.com/contact-us/","owner","https://www.yellowpages.com/austin-tx/medical-spas","directory","verified","2026-09-03","Procedures found on its own site: Botox, Dysport, dermal fillers, Sculptra, microneedling, laser hair removal, PRP, semaglutide (GLP-1). Found in the yellowpages.com Medical Spas category for Austin, TX, then confirmed by opening the practice's own homepage. Directory description: ""Alchemy Wellness Medspa is a professional, aesthetic med spa located in Austin, Texas, founded by Saima Jehangir, MD, MPH, FACOG. The practice uses cutting-edge,…"""
"scopeiq","end-customer","single-location med spa","HydraHive | IV and Med Spa | Wellness Begins Here","https://www.hydrahivesa.com","San Antonio, TX","","An independent medical aesthetic practice in TX whose own site advertises Botox - it operates under one state's supervision, delegation and ownership rules and has no in-house counsel.","https://www.hydrahivesa.com/contact","owner","https://www.yellowpages.com/san-antonio-tx/medical-spas","directory","verified","2026-09-03","Procedures found on its own site: Botox, Jeuveau, dermal fillers, microneedling, Morpheus8, laser hair removal, IPL, HydraFacial. Found in the yellowpages.com Medical Spas category for San Antonio, TX, then confirmed by opening the practice's own homepage. Directory description: ""HydraHive IV and Med Spa in San Antonio is your wellness sanctuary, offering a comprehensive range of services including IV therapy, vitamin drip, B12 injection,…"""
"scopeiq","end-customer","single-location med spa","Magnolia Medical & Aesthetics","https://www.magnoliamedskin.com","San Antonio, TX","","An independent medical aesthetic practice in TX whose own site advertises Botox - it operates under one state's supervision, delegation and ownership rules and has no in-house counsel.","https://www.magnoliamedskin.com/contact/","owner","https://www.yellowpages.com/san-antonio-tx/medical-spas?page=2","directory","verified","2026-09-03","Procedures found on its own site: Botox, dermal fillers, chemical peels. Found in the yellowpages.com Medical Spas category for San Antonio, TX, then confirmed by opening the practice's own homepage. Directory description: ""Magnolia Medical Aesthetics is a premier aesthetic med spa in San Antonio, Texas, specializing in injectables, dermal fillers, laser treatments, and skin care…"""
"scopeiq","end-customer","single-location med spa","Willow Aesthetics","https://www.willow-aesthetics.com","San Antonio, TX","","An independent medical aesthetic practice in TX whose own site advertises Botox - it operates under one state's supervision, delegation and ownership rules and has no in-house counsel.","https://www.willow-aesthetics.com/book-now","owner","https://www.yellowpages.com/san-antonio-tx/medical-spas","directory","verified","2026-09-03","Procedures found on its own site: Botox, dermal fillers, microneedling, CoolSculpting. Found in the yellowpages.com Medical Spas category for San Antonio, TX, then confirmed by opening the practice's own homepage. Directory description: ""Willow Aesthetics provides treatments such as chemical peels, CoolSculpting, microneedling, injectables, and hair restoration The owner, Megan Haworth, has been…"""
"scopeiq","end-customer","single-location med spa","Haus of Aesthetics Med Spa","http://www.hausofaesthetics.us","San Antonio, TX","","An independent medical aesthetic practice in TX whose own site advertises Botox - it operates under one state's supervision, delegation and ownership rules and has no in-house counsel.","http://www.hausofaesthetics.us/contact","owner","https://www.yellowpages.com/san-antonio-tx/medical-spas","directory","verified","2026-09-03","Procedures found on its own site: Botox, Dysport, dermal fillers, Restylane, Sculptra, microneedling, HydraFacial, medical weight loss. Found in the yellowpages.com Medical Spas category for San Antonio, TX, then confirmed by opening the practice's own homepage. Directory description: ""At Haus of Aesthetics, we offer a wide range of advanced, results-driven treatments designed to enhance your natural beauty and boost your confidence. From…"""
"scopeiq","end-customer","single-location med spa","Edan's Med Spa","http://www.edansmedspa.com","San Antonio, TX","","An independent medical aesthetic practice in TX whose own site advertises Botox - it operates under one state's supervision, delegation and ownership rules and has no in-house counsel.","https://edansmedspa.com/contact/","owner","https://www.yellowpages.com/san-antonio-tx/medical-spas","directory","verified","2026-09-03","Procedures found on its own site: Botox, dermal fillers, PRP, medical weight loss, hormone therapy, thread lifts. Found in the yellowpages.com Medical Spas category for San Antonio, TX, then confirmed by opening the practice's own homepage. Directory description: ""I came to Edan's Med Spa for consultation and treatment of my loose skin on my neck (turkey neck). I had seen a plastic surgeon to have it evaluated but Edans Spa was able to…"""
"scopeiq","end-customer","single-location med spa","The Heights Plastic Surgery Med Spa","http://theheightsplasticmedspa.com","San Antonio, TX","","An independent medical aesthetic practice in TX whose own site advertises Botox - it operates under one state's supervision, delegation and ownership rules and has no in-house counsel.","http://theheightsplasticmedspa.com/contact/","owner","https://www.yellowpages.com/san-antonio-tx/medical-spas","directory","verified","2026-09-03","Procedures found on its own site: Botox, Dysport, Daxxify, dermal fillers, Sculptra, microneedling, CoolSculpting, laser hair removal. Found in the yellowpages.com Medical Spas category for San Antonio, TX, then confirmed by opening the practice's own homepage. Directory description: ""The Heights Plastic Surgery Med Spa in San Antonio, Texas, is your destination for top-tier aesthetic treatments. Our medically-based team offers popular…"""
"scopeiq","end-customer","single-location med spa","Ideal Skin MedSpa","https://www.idealskinfw.com","Fort Worth, TX","","An independent medical aesthetic practice in TX whose own site advertises Botox - it operates under one state's supervision, delegation and ownership rules and has no in-house counsel.","https://www.idealskinfw.com/book","owner","https://www.yellowpages.com/fort-worth-tx/medical-spas?page=2","directory","verified","2026-09-03","Procedures found on its own site: Botox, Xeomin, dermal fillers, Juvederm, Kybella, microneedling, laser hair removal, IPL. Found in the yellowpages.com Medical Spas category for Fort Worth, TX, then confirmed by opening the practice's own homepage. Directory description: ""Ideal Skin MedSpa Fort Worth is the best choice for BotoxÂ®, dermal fillers such as JuvÃ©dermÂ® & VolumaÂ®, and the new RHA collection of fillers (the latest!).…"""
"scopeiq","end-customer","single-location med spa","Skin Balance & Rejuvenation MedSpa","https://www.skinbalancemedspa.com","Fort Worth, TX","","An independent medical aesthetic practice in TX whose own site advertises Botox - it operates under one state's supervision, delegation and ownership rules and has no in-house counsel.","https://www.skinbalancemedspa.com/contact/","owner","https://www.yellowpages.com/fort-worth-tx/medical-spas?page=2","directory","verified","2026-09-03","Procedures found on its own site: Botox, dermal fillers, Sculptra, Kybella, microneedling, PRP, hormone therapy, PRF. Found in the yellowpages.com Medical Spas category for Fort Worth, TX, then confirmed by opening the practice's own homepage. Directory description: ""Welcome to Skin Balance & Rejuvenation, where we create inner harmony and restore outer beauty. Our goal is to listen and guide others with natural solutions…"""
"scopeiq","end-customer","single-location med spa","R & R Aesthetics & Wellness","https://rrawellness.com/contact","Fort Worth, TX","","An independent medical aesthetic practice in TX whose own site advertises Botox - it operates under one state's supervision, delegation and ownership rules and has no in-house counsel.","https://rrawellness.com/contact/","owner","https://www.yellowpages.com/fort-worth-tx/medical-spas","directory","verified","2026-09-03","Procedures found on its own site: Botox, Dysport, Jeuveau, Xeomin, dermal fillers, microneedling, Morpheus8, IPL. Found in the yellowpages.com Medical Spas category for Fort Worth, TX, then confirmed by opening the practice's own homepage. Directory description: ""R&R is a full service MedSpa located in South Fort Worth, TX at the corners of Burleson and Mansfield. We are the only local practice to provide InMode's Evolve…"""
"scopeiq","end-customer","single-location med spa","Sona Dermatology & MedSpa of DFW - Fort Worth","http://sonaskin.com","Fort Worth, TX","","An independent medical aesthetic practice in TX whose own site advertises Botox - it operates under one state's supervision, delegation and ownership rules and has no in-house counsel.","http://sonaskin.com/contact/","owner","https://www.yellowpages.com/fort-worth-tx/medical-spas?page=2","directory","verified","2026-09-03","Procedures found on its own site: Botox, dermal fillers, Kybella, microneedling, CoolSculpting, laser hair removal, IPL, chemical peels. Found in the yellowpages.com Medical Spas category for Fort Worth, TX, then confirmed by opening the practice's own homepage. Directory description: ""At Sona Dermatology & MedSpa, you’ll find exceptional patient-centric care with a comprehensive offering of medical and cosmetic services."""
"scopeiq","end-customer","single-location med spa","European Skincare & Med Spa","https://www.euroskincare.com/?y_source=1_MjA0MDU4NjMtNTUzLWxvY2F0aW9uLndlYnNpdGU%3D","Fort Worth, TX","","An independent medical aesthetic practice in TX whose own site advertises HydraFacial - it operates under one state's supervision, delegation and ownership rules and has no in-house counsel.","https://www.euroskincare.com/wp-content/plugins/simple-social-icons/symbol-defs.svg#social-facebook","owner","https://www.yellowpages.com/fort-worth-tx/medical-spas","directory","verified","2026-09-03","Procedures found on its own site: HydraFacial. Found in the yellowpages.com Medical Spas category for Fort Worth, TX, then confirmed by opening the practice's own homepage. Directory description: ""Hands down, this is the best place for skin and body care treatments! The staff is very professional, the facility is clean and the prices are reasonable. My wife and I have…"""
"scopeiq","end-customer","single-location med spa","iCRYO Cryotherapy + iV Therapy + Body Sculpting","https://icryo.com/location/fort-worth-tx-west-7th","Fort Worth, TX","","An independent medical aesthetic practice in TX whose own site advertises IPL - it operates under one state's supervision, delegation and ownership rules and has no in-house counsel.","","owner","https://www.yellowpages.com/fort-worth-tx/medical-spas","directory","verified","2026-09-03","Procedures found on its own site: IPL, IV therapy, IV drip. Found in the yellowpages.com Medical Spas category for Fort Worth, TX, then confirmed by opening the practice's own homepage. Directory description: ""iCRYO offers affordable and convenient therapies including whole body cryotherapy, iv therapy, compression therapy, red light therapy, local cryotherapy, and…"""
"scopeiq","end-customer","single-location med spa","Raihanah Med Spa","https://www.raihanahmedspa.com","Richardson, TX","","An independent medical aesthetic practice in TX whose own site advertises microneedling - it operates under one state's supervision, delegation and ownership rules and has no in-house counsel.","https://www.raihanahmedspa.com/contact","owner","https://www.yellowpages.com/plano-tx/medical-spas","directory","verified","2026-09-03","Procedures found on its own site: microneedling, laser hair removal, HydraFacial, chemical peels. Found in the yellowpages.com Medical Spas category for Plano, TX, then confirmed by opening the practice's own homepage. Directory description: ""Experience a new level of rejuvenation at Raihanah Med Spa, a premier destination for advanced skincare and wellness Located conveniently at 1415 State St in…"""
"scopeiq","end-customer","single-location med spa","VIO Med Spa","https://www.viomedspa.com/locations/richardson","Richardson, TX","","An independent medical aesthetic practice in TX whose own site advertises Botox - it operates under one state's supervision, delegation and ownership rules and has no in-house counsel.","https://viomedspa.com/richardson/wp-content/mu-plugins/viomedspa/assets/dist/booking.css?ver=1788273355","owner","https://www.yellowpages.com/plano-tx/medical-spas","directory","verified","2026-09-03","Procedures found on its own site: Botox, Dysport, Jeuveau, Xeomin, Daxxify, dermal fillers, Juvederm, Restylane. Found in the yellowpages.com Medical Spas category for Plano, TX, then confirmed by opening the practice's own homepage. Directory description: ""VIO Med Spa in Richardson, Texas is an allinclusive, highest quality, stateofthe art body and skin brand that identifies our guests beauty goals, enables…"""
"scopeiq","end-customer","single-location med spa","Image Laser Medspa","http://www.demandforce.com/b/imagelasermedspaplano","Plano, TX","","An independent medical aesthetic practice in TX whose own site advertises Botox - it operates under one state's supervision, delegation and ownership rules and has no in-house counsel.","","owner","https://www.yellowpages.com/plano-tx/medical-spas","directory","verified","2026-09-03","Procedures found on its own site: Botox, dermal fillers, Juvederm, Restylane, Sculptra, laser hair removal, IPL, HydraFacial. Found in the yellowpages.com Medical Spas category for Plano, TX, then confirmed by opening the practice's own homepage."
"scopeiq","end-customer","single-location med spa","QuickDrip IV Hydration","https://quickdripivhydration.com","Plano, TX","","An independent medical aesthetic practice in TX whose own site advertises semaglutide (GLP-1) - it operates under one state's supervision, delegation and ownership rules and has no in-house counsel.","https://quickdripivhydration.com/contact/","owner","https://www.yellowpages.com/plano-tx/medical-spas?page=2","directory","verified","2026-09-03","Procedures found on its own site: semaglutide (GLP-1), tirzepatide (GLP-1), medical weight loss, IV therapy, IV hydration, IV drip. Found in the yellowpages.com Medical Spas category for Plano, TX, then confirmed by opening the practice's own homepage. Directory description: ""QuickDrip IV Hydration in Plano, TX is your local destination for premium IV therapy designed to support your energy, immunity, recovery, and overall wellness.…"""
"scopeiq","end-customer","single-location med spa","Uplifted Rx Med Spa","https://www.upliftedrx.com","New York, NY","","An independent medical aesthetic practice in NY whose own site advertises dermal fillers - it operates under one state's supervision, delegation and ownership rules and has no in-house counsel.","https://www.upliftedrx.com/contact","owner","https://www.yellowpages.com/new-york-ny/medical-spas?page=2","directory","verified","2026-09-03","Procedures found on its own site: dermal fillers, microneedling, PRP, medical weight loss. Found in the yellowpages.com Medical Spas category for New York, NY, then confirmed by opening the practice's own homepage. Directory description: ""Uplifted Rx Med Spa is a Medical Spa located in New York, NY We specialize in Botox, Filler Injections, Microneedling, Chemical Peels, and Hair Restoration Here…"""
"scopeiq","end-customer","single-location med spa","Trifecta Med Spa 57","https://trifectamedspanyc.com/location/57th-street","New York, NY","","An independent medical aesthetic practice in NY whose own site advertises Botox - it operates under one state's supervision, delegation and ownership rules and has no in-house counsel.","https://trifectamedspanyc.com/facebook.svg","owner","https://www.yellowpages.com/new-york-ny/medical-spas?page=2","directory","verified","2026-09-03","Procedures found on its own site: Botox, Xeomin, Daxxify, dermal fillers, Juvederm, Kybella, microneedling, CoolSculpting. Found in the yellowpages.com Medical Spas category for New York, NY, then confirmed by opening the practice's own homepage. Directory description: ""Trifecta Med Spa 57th Street Trifecta Med Spa 57 offers a wide selection of aesthetic treatments, including Botox and Juvederm dermal filler injections, Kybella,…"""
"scopeiq","end-customer","single-location med spa","Red Carpet Aesthetics","https://redcarpetaesthetics.com","New York, NY","","An independent medical aesthetic practice in NY whose own site advertises Botox - it operates under one state's supervision, delegation and ownership rules and has no in-house counsel.","https://redcarpetaesthetics.com/contact","owner","https://www.yellowpages.com/new-york-ny/medical-spas?page=2","directory","verified","2026-09-03","Procedures found on its own site: Botox, Xeomin, Daxxify, dermal fillers, Juvederm, microneedling, laser hair removal, IPL. Found in the yellowpages.com Medical Spas category for New York, NY, then confirmed by opening the practice's own homepage. Directory description: ""About Red Carpet Aesthetics At Red Carpet Med Spa medical spa is to enhance your natural beauty and to give you the confidence that you need and deserve We…"""
"scopeiq","end-customer","single-location med spa","Inglo Medical Spa","https://inglomedspa.com","New York, NY","","An independent medical aesthetic practice in NY whose own site advertises laser hair removal - it operates under one state's supervision, delegation and ownership rules and has no in-house counsel.","https://inglomedspa.com/book-appointment/","owner","https://www.yellowpages.com/new-york-ny/medical-spas","directory","verified","2026-09-03","Procedures found on its own site: laser hair removal, IPL, chemical peels. Found in the yellowpages.com Medical Spas category for New York, NY, then confirmed by opening the practice's own homepage. Directory description: ""IN-GLO Med Spa offers non-invasive cosmetic treatments ranging from facials and laser hair removal to body contouring and fat reduction treatments. We are…"""
"scopeiq","end-customer","single-location med spa","Laser and Me","https://laserandme.com","New York, NY","","An independent medical aesthetic practice in NY whose own site advertises laser hair removal - it operates under one state's supervision, delegation and ownership rules and has no in-house counsel.","","owner","https://www.yellowpages.com/new-york-ny/medical-spas?page=2","directory","verified","2026-09-03","Procedures found on its own site: laser hair removal. Found in the yellowpages.com Medical Spas category for New York, NY, then confirmed by opening the practice's own homepage. Directory description: ""A full-service medspa offering painless laser hair removal, skin rejuvenation, acne scar treatments, and Botox for every skin type, delivered with precision and…"""
"scopeiq","end-customer","single-location med spa","MDCS Dermatology: Medical Dermatology and Cosmetic Surgery","http://www.mdcsnyc.com","New York, NY","","An independent medical aesthetic practice in NY whose own site advertises medical aesthetic treatments - it operates under one state's supervision, delegation and ownership rules and has no in-house counsel.","http://www.mdcsnyc.com/contact-us","owner","https://www.yellowpages.com/new-york-ny/medical-spas?page=2","directory","verified","2026-09-03","Found in the yellowpages.com Medical Spas category for New York, NY, then confirmed by opening the practice's own homepage. Directory description: ""In 2002 renowned board-certified dermatologic surgeon Dr. Snehal Amin and leading board-certified dermatologist Dr. Noah Gratch teamed up to found MDCS…"""
"scopeiq","end-customer","single-location med spa","Skin Envy Cosmetic and Laser Center","https://skinenvyny.com","Brooklyn, NY","","An independent medical aesthetic practice in NY whose own site advertises dermal fillers - it operates under one state's supervision, delegation and ownership rules and has no in-house counsel.","https://skinenvyny.com/contact-us/","owner","https://www.yellowpages.com/brooklyn-ny/medical-spas","directory","verified","2026-09-03","Procedures found on its own site: dermal fillers, Sculptra, Kybella, microneedling, laser hair removal, HydraFacial, PRP, GLP-1. Found in the yellowpages.com Medical Spas category for Brooklyn, NY, then confirmed by opening the practice's own homepage. Directory description: ""Skin Envy Cosmetic and Laser Center is a physicianowned and supervised medical spa in Brooklyn, NY, offering personalized care and advanced cosmetic treatments…"""
"scopeiq","end-customer","single-location med spa","N4 Med Spa Plus Salon","http://n4medspa.com","Brooklyn, NY","","An independent medical aesthetic practice in NY whose own site advertises Botox - it operates under one state's supervision, delegation and ownership rules and has no in-house counsel.","","owner","https://www.yellowpages.com/brooklyn-ny/medical-spas","directory","verified","2026-09-03","Procedures found on its own site: Botox, dermal fillers, Sculptra, microneedling, CoolSculpting, laser hair removal, HydraFacial, GLP-1. Found in the yellowpages.com Medical Spas category for Brooklyn, NY, then confirmed by opening the practice's own homepage. Directory description: ""N4 Med Spa-Salon is a full-service Medical spa hotspot. Our spa is relaxed, pleasant, and bustling with the latest trends and trusted products.State of the Art…"""
"scopeiq","end-customer","single-location med spa","KHROM MEDSPA & WELLNESS","https://www.khrommedspa.com","Brooklyn, NY","","An independent medical aesthetic practice in NY whose own site advertises Botox - it operates under one state's supervision, delegation and ownership rules and has no in-house counsel.","https://khrommedspa.com/contact-us/","owner","https://www.yellowpages.com/brooklyn-ny/medical-spas?page=2","directory","verified","2026-09-03","Procedures found on its own site: Botox, dermal fillers, Kybella, microneedling, Morpheus8, CoolSculpting, laser hair removal, IPL. Found in the yellowpages.com Medical Spas category for Brooklyn, NY, then confirmed by opening the practice's own homepage. Directory description: ""big fan of their gentleman facial. really gives me that extra glow and the ladies seem to love it!"""""
"scopeiq","end-customer","single-location med spa","Milady Medical Spa","http://www.miladyspa.com","Brooklyn, NY","","An independent medical aesthetic practice in NY whose own site advertises HydraFacial - it operates under one state's supervision, delegation and ownership rules and has no in-house counsel.","https://www.miladyspa.com/information/contact_us.html","owner","https://www.yellowpages.com/brooklyn-ny/medical-spas","directory","verified","2026-09-03","Procedures found on its own site: HydraFacial, chemical peels. Found in the yellowpages.com Medical Spas category for Brooklyn, NY, then confirmed by opening the practice's own homepage. Directory description: ""Really nice spa with great facials and other treatments. I have been going here for years and I highly recommend it"""""
"scopeiq","end-customer","single-location med spa","PBK Medspa","https://pbkmedspa.com/contact","Brooklyn, NY","","An independent medical aesthetic practice in NY whose own site advertises Botox - it operates under one state's supervision, delegation and ownership rules and has no in-house counsel.","https://pbkmedspa.com/contact/","owner","https://www.yellowpages.com/brooklyn-ny/medical-spas?page=2","directory","verified","2026-09-03","Procedures found on its own site: Botox, Dysport, Xeomin, dermal fillers, Sculptra, Kybella, microneedling, Morpheus8. Found in the yellowpages.com Medical Spas category for Brooklyn, NY, then confirmed by opening the practice's own homepage."
"scopeiq","end-customer","single-location med spa","Smooth Solutions Medical Aesthetics","https://www.smoothsolutionsmed.com","Williamsville, NY","","An independent medical aesthetic practice in NY whose own site advertises Botox - it operates under one state's supervision, delegation and ownership rules and has no in-house counsel.","https://www.smoothsolutionsmed.com/contact/","owner","https://www.yellowpages.com/buffalo-ny/medical-spas?page=2","directory","verified","2026-09-03","Procedures found on its own site: Botox, Dysport, dermal fillers, Restylane, Sculptra, microneedling, IPL, PRP. Found in the yellowpages.com Medical Spas category for Buffalo, NY, then confirmed by opening the practice's own homepage. Directory description: ""I've been seeing Dr Bertolino for almost a year for HRT and some Botox ,juvederm .Since I've been seeing him I feel so wonderful alive and youngMy old self is back in the…"""
"scopeiq","end-customer","single-location med spa","Fresh Complexion","https://www.myfreshcomplexion.com","Buffalo, NY","","An independent medical aesthetic practice in NY whose own site advertises Botox - it operates under one state's supervision, delegation and ownership rules and has no in-house counsel.","https://www.myfreshcomplexion.com/pre-appointment-preparation","owner","https://www.yellowpages.com/buffalo-ny/medical-spas","directory","verified","2026-09-03","Procedures found on its own site: Botox, Dysport, Jeuveau, Xeomin, dermal fillers, Restylane, Sculptra, Kybella. Found in the yellowpages.com Medical Spas category for Buffalo, NY, then confirmed by opening the practice's own homepage. Directory description: ""Fresh Complexion in Buffalo, NY is a boutique medical spa specializing in PRP treatment, microneedling, neuromodulators like Botox, Xeomin, Dysport, and Jeuveau,…"""
"scopeiq","end-customer","single-location med spa","Luminescence Aesthetics-Buffalo","https://www.luminescence-aesthetics.com","Buffalo, NY","","An independent medical aesthetic practice in NY whose own site advertises Botox - it operates under one state's supervision, delegation and ownership rules and has no in-house counsel.","hello@luminescence-aesthetics.com","owner","https://www.yellowpages.com/buffalo-ny/medical-spas","directory","verified","2026-09-03","Procedures found on its own site: Botox, Dysport, Xeomin, Daxxify, dermal fillers, Restylane, Kybella, microneedling. Found in the yellowpages.com Medical Spas category for Buffalo, NY, then confirmed by opening the practice's own homepage. Directory description: ""From the heart of Buffalo, New York, Luminescence Aesthetics aims to help you achieve and maintain the beautiful, youthful and healthy look you've been searching…"""
"scopeiq","end-customer","single-location med spa","Chapter Aesthetic Studio","https://www.mychapter.com/locations/ny/tonawanda/2980-sheridan-dr","Tonawanda, NY","","An independent medical aesthetic practice in NY whose own site advertises Botox - it operates under one state's supervision, delegation and ownership rules and has no in-house counsel.","https://www.mychapter.com/about/contact-us/","owner","https://www.yellowpages.com/buffalo-ny/medical-spas","directory","verified","2026-09-03","Procedures found on its own site: Botox, Xeomin, dermal fillers, microneedling, CoolSculpting, laser hair removal, IPL, PRP. Found in the yellowpages.com Medical Spas category for Buffalo, NY, then confirmed by opening the practice's own homepage. Directory description: ""Chapter is a leading aesthetic studio in Rochester to help bring your personal beauty story to life Our team of caring experts are artfully skilled in the…"""
"scopeiq","end-customer","single-location med spa","Belle Vous Aesthetics","https://www.thebellevous.com","Williamsville, NY","","An independent medical aesthetic practice in NY whose own site advertises dermal fillers - it operates under one state's supervision, delegation and ownership rules and has no in-house counsel.","https://thebellevous.com/contact/","owner","https://www.yellowpages.com/buffalo-ny/medical-spas","directory","verified","2026-09-03","Procedures found on its own site: dermal fillers, microneedling, laser hair removal, IPL. Found in the yellowpages.com Medical Spas category for Buffalo, NY, then confirmed by opening the practice's own homepage. Directory description: ""At Belle Vous Aesthetics, we specialize in enhancing your natural beauty. Led by Rachel Showers, a board certified nurse practioner and certified aesthetic…"""
"scopeiq","end-customer","single-location med spa","ReJuvenere Medical Spa","https://www.rejuveneremedspa.com","Lockport, NY","","An independent medical aesthetic practice in NY whose own site advertises HydraFacial - it operates under one state's supervision, delegation and ownership rules and has no in-house counsel.","https://www.rejuveneremedspa.com/contact","owner","https://www.yellowpages.com/buffalo-ny/medical-spas?page=2","directory","verified","2026-09-03","Procedures found on its own site: HydraFacial, IV hydration. Found in the yellowpages.com Medical Spas category for Buffalo, NY, then confirmed by opening the practice's own homepage."
"scopeiq","end-customer","single-location med spa","Advanced Aesthetic Medi Spa","http://www.advanceyourbeauty.com","Buffalo, NY","","An independent medical aesthetic practice in NY whose own site advertises Botox - it operates under one state's supervision, delegation and ownership rules and has no in-house counsel.","http://www.advanceyourbeauty.com/appointment/","owner","https://www.yellowpages.com/buffalo-ny/medical-spas","directory","verified","2026-09-03","Procedures found on its own site: Botox, dermal fillers, chemical peels, Ultherapy, sclerotherapy. Found in the yellowpages.com Medical Spas category for Buffalo, NY, then confirmed by opening the practice's own homepage."
"scopeiq","end-customer","single-location med spa","Liv Aesthetics Medical Spa","https://www.livaestheticsmedspa.com","Thornwood, NY","","An independent medical aesthetic practice in NY whose own site advertises Botox - it operates under one state's supervision, delegation and ownership rules and has no in-house counsel.","https://www.livaestheticsmedspa.com/contact-us/","owner","https://www.yellowpages.com/white-plains-ny/medical-spas?page=2","directory","verified","2026-09-03","Procedures found on its own site: Botox, dermal fillers, microneedling, CoolSculpting. Found in the yellowpages.com Medical Spas category for White Plains, NY, then confirmed by opening the practice's own homepage. Directory description: ""At Liv Aesthetics, we are dedicated to making you feel restored, rejuvenated, and youthful in a comfortable, welcoming atmosphere! Some of our most popular…"""
"scopeiq","end-customer","single-location med spa","Skinjava Medical Spa","https://www.skinjavamedicalspa.com/contact","West Harrison, NY","","An independent medical aesthetic practice in NY whose own site advertises Botox - it operates under one state's supervision, delegation and ownership rules and has no in-house counsel.","https://www.skinjavamedicalspa.com/contact","owner","https://www.yellowpages.com/white-plains-ny/medical-spas","directory","verified","2026-09-03","Procedures found on its own site: Botox, dermal fillers, microneedling, laser hair removal, IPL, HydraFacial, PRP, chemical peels. Found in the yellowpages.com Medical Spas category for White Plains, NY, then confirmed by opening the practice's own homepage. Directory description: ""Skinjava Medical Spa provides the following services: Laser Hair Removal, Hydrafacial MD, IPL Skin Rejuvenation, Skin Tightening with Radio Frequency,…"""
"scopeiq","end-customer","single-location med spa","Top Aesthetics Laser","https://www.topskinlaser.com","West Harrison, NY","","An independent medical aesthetic practice in NY whose own site advertises laser hair removal - it operates under one state's supervision, delegation and ownership rules and has no in-house counsel.","https://www.topskinlaser.com/booknow","owner","https://www.yellowpages.com/white-plains-ny/medical-spas","directory","verified","2026-09-03","Procedures found on its own site: laser hair removal, IPL. Found in the yellowpages.com Medical Spas category for White Plains, NY, then confirmed by opening the practice's own homepage. Directory description: ""Top Aesthetics Laser is an aesthetic laser skin care spa studio in Westchester New York and Fairfield Connecticut Counties that specializes in many skin…"""
"scopeiq","end-customer","single-location med spa","Pretty Please Aesthetics Med Spa","http://www.prettyplease-aesthetics.com","Hoboken, NJ","","An independent medical aesthetic practice in NJ whose own site advertises medical aesthetic treatments - it operates under one state's supervision, delegation and ownership rules and has no in-house counsel.","","owner","https://www.yellowpages.com/newark-nj/medical-spas","directory","verified","2026-09-03","Found in the yellowpages.com Medical Spas category for Newark, NJ, then confirmed by opening the practice's own homepage. Directory description: ""Pretty Please Aesthetics Med Spa is your trusted medical spa in NJ, offering advanced, resultsdriven aesthetic treatments in a welcoming, professional…"""
"scopeiq","end-customer","single-location med spa","Evolve Med Spa","https://evolvemedspa.com/in/new-jersey/montclair-nj/?utm_source=directory&amp;utm_medium=organic&amp;utm_campaign=montclair","Montclair, NJ","","An independent medical aesthetic practice in NJ whose own site advertises Botox - it operates under one state's supervision, delegation and ownership rules and has no in-house counsel.","","owner","https://www.yellowpages.com/newark-nj/medical-spas?page=2","directory","verified","2026-09-03","Procedures found on its own site: Botox, Dysport, Xeomin, dermal fillers, Kybella, microneedling, Morpheus8, CoolSculpting. Found in the yellowpages.com Medical Spas category for Newark, NJ, then confirmed by opening the practice's own homepage. Directory description: ""Evolve Med Spa is the trusted destination for face, body, and injectable treatments. We customize treatment plans to help our clients meet all of their aesthetic…"""
"scopeiq","end-customer","single-location med spa","True Bliss Medical Aesthetics and Wellness","https://www.trueblissmedical.com","Verona, NJ","","An independent medical aesthetic practice in NJ whose own site advertises Botox - it operates under one state's supervision, delegation and ownership rules and has no in-house counsel.","https://www.trueblissmedical.com/contact/","owner","https://www.yellowpages.com/newark-nj/medical-spas","directory","verified","2026-09-03","Procedures found on its own site: Botox, dermal fillers, Sculptra, microneedling, PRP, semaglutide (GLP-1), tirzepatide (GLP-1), GLP-1. Found in the yellowpages.com Medical Spas category for Newark, NJ, then confirmed by opening the practice's own homepage. Directory description: ""Our facility provides an elegant, luxurious and professional facilities where our team will provide personalized aesthetic care to reach the most blissful…"""
"scopeiq","end-customer","single-location med spa","Rejuviskin Medical Spa","http://www.rejuviskin.com","Verona, NJ","","An independent medical aesthetic practice in NJ whose own site advertises Botox - it operates under one state's supervision, delegation and ownership rules and has no in-house counsel.","https://rejuviskin.com/contact-us/","owner","https://www.yellowpages.com/newark-nj/medical-spas","directory","verified","2026-09-03","Procedures found on its own site: Botox, dermal fillers, PRP, chemical peels, laser resurfacing. Found in the yellowpages.com Medical Spas category for Newark, NJ, then confirmed by opening the practice's own homepage. Directory description: ""Dr. Costello is the best. He's honest, knowledgeable, extremely good with all his treatments. He is not a ripoff like so many other cosmetic doctors. Also, his prices are very…"""
"scopeiq","end-customer","single-location med spa","Reflections Center for Cosmetic Medicine","https://www.reflectionscenter.com","Livingston, NJ","","An independent medical aesthetic practice in NJ whose own site advertises Botox - it operates under one state's supervision, delegation and ownership rules and has no in-house counsel.","","owner","https://www.yellowpages.com/newark-nj/medical-spas?page=2","directory","verified","2026-09-03","Procedures found on its own site: Botox, Dysport, Xeomin, dermal fillers, Juvederm, Restylane, Sculptra, Kybella. Found in the yellowpages.com Medical Spas category for Newark, NJ, then confirmed by opening the practice's own homepage. Directory description: ""This was my first experience with Botox/Dermal fillers and I was very nervous. It can be a little overwhelming trying to find the best place. Dr. Wix-Harris and her assistant…"""
"scopeiq","end-customer","single-location med spa","Rejuv Gynecology and Obstetrics","https://www.arisgyn.com","Jersey City, NJ","","An independent medical aesthetic practice in NJ whose own site advertises medical aesthetic treatments - it operates under one state's supervision, delegation and ownership rules and has no in-house counsel.","https://www.arisgyn.com/assets/tebra-appointment-widget-DgXo95_u.js","owner","https://www.yellowpages.com/jersey-city-nj/medical-spas","directory","verified","2026-09-03","Found in the yellowpages.com Medical Spas category for Jersey City, NJ, then confirmed by opening the practice's own homepage. Directory description: ""The doctors at Rejuv Gynecology and Obstetrics located in Jersey City and Cranford, New Jersey, provide aesthetic and reconstructive vaginal surgery, as well as…"""
"scopeiq","end-customer","single-location med spa","4Ever Young Med Spa & Wellness Center - Hoboken","https://4everyoungantiaging.com/hoboken/?utm_source=loclisting&amp;utm_medium=organic&amp;utm_campaign=gbp-hoboken&amp;y_source=1_MjA2MTUzMTA2Ni01NTMtbG9jYXRpb24ud2Vic2l0ZQ%3D%3D","Hoboken, NJ","","An independent medical aesthetic practice in NJ whose own site advertises Botox - it operates under one state's supervision, delegation and ownership rules and has no in-house counsel.","https://4everyoungantiaging.com/contact-us/","owner","https://www.yellowpages.com/hoboken-nj/medical-spas?page=2","directory","verified","2026-09-03","Procedures found on its own site: Botox, Dysport, Jeuveau, dermal fillers, Restylane, Sculptra, Kybella, microneedling. Found in the yellowpages.com Medical Spas category for Hoboken, NJ, then confirmed by opening the practice's own homepage. Directory description: ""4Ever Young Med Spa & Wellness Center - Hoboken in Hoboken, NJ combines advanced aesthetics with personalized wellness to help you look, feel, and perform at…"""
"scopeiq","end-customer","single-location med spa","Catalia Beauty & Wellness","https://catalianyc.com","New York, NY","","An independent medical aesthetic practice in NY whose own site advertises Botox - it operates under one state's supervision, delegation and ownership rules and has no in-house counsel.","https://catalianyc.com/contact-us/","owner","https://www.yellowpages.com/hoboken-nj/medical-spas?page=2","directory","verified","2026-09-03","Procedures found on its own site: Botox, dermal fillers, microneedling, laser hair removal, medical weight loss, IV drip. Found in the yellowpages.com Medical Spas category for Hoboken, NJ, then confirmed by opening the practice's own homepage. Directory description: ""Catalia Beauty & Wellness, NYC's premier luxury salon and med spa located on 8th Avenue between 35th & 36th Streets. We offer full-service hair styling, keratin…"""
"scopeiq","end-customer","single-location med spa","Hand & Stone Massage and Facial Spa","https://handandstone.com/locations/hoboken/?utm_source=yext&amp;utm_medium=organic&amp;utm_campaign=businesslisting","Hoboken, NJ","","An independent medical aesthetic practice in NJ whose own site advertises medical aesthetic treatments - it operates under one state's supervision, delegation and ownership rules and has no in-house counsel.","https://handandstone.com/locations/hoboken/booking/?center_id=2d2f91e8-37e9-4239-a15e-e24f3c0233f4","owner","https://www.yellowpages.com/hoboken-nj/medical-spas?page=2","directory","verified","2026-09-03","Found in the yellowpages.com Medical Spas category for Hoboken, NJ, then confirmed by opening the practice's own homepage. Directory description: ""Hand & Stone provides professional spa experiences to clients in Hoboken, NJ, and the surrounding areas. Let us provide you with pampering services that include…"""
"scopeiq","end-customer","single-location med spa","New York Group for Plastic Surgery","https://www.nygplasticsurgery.com","New York, NY","","An independent medical aesthetic practice in NY whose own site advertises Botox - it operates under one state's supervision, delegation and ownership rules and has no in-house counsel.","https://www.nygplasticsurgery.com/contact/","owner","https://www.yellowpages.com/hoboken-nj/medical-spas?page=2","directory","verified","2026-09-03","Procedures found on its own site: Botox, dermal fillers, Kybella, IPL, medical weight loss. Found in the yellowpages.com Medical Spas category for Hoboken, NJ, then confirmed by opening the practice's own homepage. Directory description: ""Rediscover your confidence with the skilled team at New York Group for Plastic Surgery. Under the leadership of Dr. Jordan M.S. Jacobs, a board-certified plastic…"""
"scopeiq","end-customer","single-location med spa","Anara Medspa & Cosmetic Laser Center","https://anaramedspa.com/?y_source=1_NTYzNTU0LTU1My1sb2NhdGlvbi53ZWJzaXRl","East Brunswick, NJ","","An independent medical aesthetic practice in NJ whose own site advertises Botox - it operates under one state's supervision, delegation and ownership rules and has no in-house counsel.","https://anaramedspa.com/contact-us/","owner","https://www.yellowpages.com/princeton-nj/medical-spas?page=2","directory","verified","2026-09-03","Procedures found on its own site: Botox, Dysport, dermal fillers, Sculptra, microneedling, laser hair removal, IPL, PRP. Found in the yellowpages.com Medical Spas category for Princeton, NJ, then confirmed by opening the practice's own homepage. Directory description: ""Upscale Medspa and laser center offering Botox, fillers, laser hair removal, chemical peels, microneedling, PRP and more."""
"scopeiq","end-customer","single-location med spa","GLO DERMA Aesthetics & Wellness","http://gloderma.com","Yardley, PA","","An independent medical aesthetic practice in PA whose own site advertises Botox - it operates under one state's supervision, delegation and ownership rules and has no in-house counsel.","https://gloderma.com/contact-us/","owner","https://www.yellowpages.com/princeton-nj/medical-spas?page=2","directory","verified","2026-09-03","Procedures found on its own site: Botox, Dysport, dermal fillers, Sculptra, Kybella, Morpheus8, IPL, PRP. Found in the yellowpages.com Medical Spas category for Princeton, NJ, then confirmed by opening the practice's own homepage. Directory description: ""Glo Derma is a full service aesthetics and wellness experience utilizing innovative services with highly skilled professionals to help you look and feel your…"""
"scopeiq","end-customer","single-location med spa","Advanced Medical Spa & Laser Center","https://www.advmedicalspa.com","Flemington, NJ","","An independent medical aesthetic practice in NJ whose own site advertises Botox - it operates under one state's supervision, delegation and ownership rules and has no in-house counsel.","https://www.advmedicalspa.com/contact-medical-spa-flemington/","owner","https://www.yellowpages.com/princeton-nj/medical-spas?page=2","directory","verified","2026-09-03","Procedures found on its own site: Botox, Jeuveau, dermal fillers, Kybella, microneedling, laser hair removal, IPL, PRP. Found in the yellowpages.com Medical Spas category for Princeton, NJ, then confirmed by opening the practice's own homepage. Directory description: ""Advanced Medical Spa & Laser Center is where the world of beauty meets advanced medical technologies. Our Staff is highly skilled and trained to perform the most…"""
"scopeiq","end-customer","single-location med spa","Ethos Aesthetics + Wellness","https://myethosspa.com","Somerville, NJ","","An independent medical aesthetic practice in NJ whose own site advertises Botox - it operates under one state's supervision, delegation and ownership rules and has no in-house counsel.","https://myethosspa.com/book-now/","owner","https://www.yellowpages.com/princeton-nj/medical-spas?page=2","directory","verified","2026-09-03","Procedures found on its own site: Botox, Dysport, dermal fillers, Juvederm, Restylane, Sculptra, microneedling, CoolSculpting. Found in the yellowpages.com Medical Spas category for Princeton, NJ, then confirmed by opening the practice's own homepage. Directory description: ""Welcome to Ethos Aesthetics + Wellness, a premier med spa located in the heart of Somerville, NJ. Our dedicated and experienced team is committed to helping you…"""
"scopeiq","end-customer","single-location med spa","Renatus aesthetics","http://www.renatusmedspa.com","Kendall Park, NJ","","An independent medical aesthetic practice in NJ whose own site advertises Botox - it operates under one state's supervision, delegation and ownership rules and has no in-house counsel.","https://www.renatusmedspa.com/book-online","owner","https://www.yellowpages.com/princeton-nj/medical-spas","directory","verified","2026-09-03","Procedures found on its own site: Botox, dermal fillers. Found in the yellowpages.com Medical Spas category for Princeton, NJ, then confirmed by opening the practice's own homepage. Directory description: ""Discover the pinnacle of aesthetic rejuvenation at Renatus Aesthetics, your premier medical spa conveniently located at 3084 NJ27 Suite 6 Specializing in toptier…"""
"scopeiq","end-customer","single-location med spa","Rejuvenation Medical Aesthetics","https://www.rejuvenationma.com","Newtown, PA","","An independent medical aesthetic practice in PA whose own site advertises Botox - it operates under one state's supervision, delegation and ownership rules and has no in-house counsel.","https://www.rejuvenationma.com/contact/book-online/","owner","https://www.yellowpages.com/princeton-nj/medical-spas?page=2","directory","verified","2026-09-03","Procedures found on its own site: Botox, Dysport, dermal fillers, Juvederm, Restylane, Kybella, microneedling, CoolSculpting. Found in the yellowpages.com Medical Spas category for Princeton, NJ, then confirmed by opening the practice's own homepage. Directory description: ""Rejuvenation Medical Aesthetics has a cosmetic team supervised by Dr. Harmon Stein, a highly trained physician and surgeon. We offer advanced treatments for…"""
"scopeiq","end-customer","single-location med spa","DermAlign Medical Aesthetics","https://dermalignmedspa.com","Langhorne, PA","","An independent medical aesthetic practice in PA whose own site advertises Botox - it operates under one state's supervision, delegation and ownership rules and has no in-house counsel.","https://dermalignmedspa.com/contact-us/","owner","https://www.yellowpages.com/princeton-nj/medical-spas?page=2","directory","verified","2026-09-03","Procedures found on its own site: Botox, Dysport, Jeuveau, Xeomin, dermal fillers, Sculptra, Kybella, microneedling. Found in the yellowpages.com Medical Spas category for Princeton, NJ, then confirmed by opening the practice's own homepage."
"scopeiq","end-customer","single-location med spa","Ledo Aesthetics","https://www.ledoaesthetics.com","Westwood, NJ","","An independent medical aesthetic practice in NJ whose own site advertises Botox - it operates under one state's supervision, delegation and ownership rules and has no in-house counsel.","https://www.ledoaesthetics.com/contact","owner","https://www.yellowpages.com/paramus-nj/medical-spas?page=2","directory","verified","2026-09-03","Procedures found on its own site: Botox, dermal fillers, Restylane, Sculptra, microneedling, laser hair removal, IPL, PRP. Found in the yellowpages.com Medical Spas category for Paramus, NJ, then confirmed by opening the practice's own homepage. Directory description: ""Ledo Aesthetics provides BOTOX, dermal fillers, microneedling, Sculptra, mesotherapy, weight loss programs, and other medical spa services to the Westwood, NJ…"""
"scopeiq","end-customer","single-location med spa","Rio Med Spa","https://www.myriomedspa.com/?y_source=1_MjAzNzY1ODk2MC01NTMtbG9jYXRpb24ud2Vic2l0ZQ%3D%3D","Hillsdale, NJ","","An independent medical aesthetic practice in NJ whose own site advertises medical weight loss - it operates under one state's supervision, delegation and ownership rules and has no in-house counsel.","https://www.myriomedspa.com/contact-us/","owner","https://www.yellowpages.com/paramus-nj/medical-spas?page=2","directory","verified","2026-09-03","Procedures found on its own site: medical weight loss, IV hydration, hormone therapy. Found in the yellowpages.com Medical Spas category for Paramus, NJ, then confirmed by opening the practice's own homepage. Directory description: ""Rio Med Spa in Woodcliff Lake, NJ offers advanced aesthetic and wellness solutions to help you look and feel your best. We specialize in neurotoxin and filler…"""
"scopeiq","end-customer","single-location med spa","JeLuJa Spa, Skin and Laser Center","http://jelujaspa.com","Clifton, NJ","","An independent medical aesthetic practice in NJ whose own site advertises Botox - it operates under one state's supervision, delegation and ownership rules and has no in-house counsel.","http://jelujaspa.com/contact-us","owner","https://www.yellowpages.com/paramus-nj/medical-spas?page=2","directory","verified","2026-09-03","Procedures found on its own site: Botox, dermal fillers, microneedling, Morpheus8, laser hair removal, IPL, PRP, medical weight loss. Found in the yellowpages.com Medical Spas category for Paramus, NJ, then confirmed by opening the practice's own homepage. Directory description: ""We are skilled in skin care and body contouring and focus on all aspects of the skin and body using both diagnostic and cosmetic approaches At JeluJa medical Spa…"""
"scopeiq","end-customer","single-location med spa","Renew You Medspa","https://myrenewmedspa.com","Clifton, NJ","","An independent medical aesthetic practice in NJ whose own site advertises medical weight loss - it operates under one state's supervision, delegation and ownership rules and has no in-house counsel.","","owner","https://www.yellowpages.com/paramus-nj/medical-spas?page=2","directory","verified","2026-09-03","Procedures found on its own site: medical weight loss. Found in the yellowpages.com Medical Spas category for Paramus, NJ, then confirmed by opening the practice's own homepage. Directory description: ""Renew You Medspa is a medical weight loss and body contouring clinic in Clifton, NJ. We offer personalized programs including Semaglutide and Tirzepatide GLP-1…"""
"scopeiq","end-customer","single-location med spa","Le Mar Aesthetics","https://lemaraesthetics.com","Miami, FL","","An independent medical aesthetic practice in FL whose own site advertises Botox - it operates under one state's supervision, delegation and ownership rules and has no in-house counsel.","https://lemaraesthetics.com/contact/","owner","https://www.yellowpages.com/miami-fl/medical-spas?page=2","directory","verified","2026-09-03","Procedures found on its own site: Botox, Dysport, dermal fillers, Sculptra, Kybella, microneedling, HydraFacial, PRP. Found in the yellowpages.com Medical Spas category for Miami, FL, then confirmed by opening the practice's own homepage. Directory description: ""Le Mar Aesthetics is a boutique medical spa in Miami specializing in natural, undetectable injectables, advanced skin treatments, and wellness services. Our…"""
"scopeiq","end-customer","single-location med spa","Elite Styles Salon & Med Spa","https://elitestyles.com","Miami, FL","","An independent medical aesthetic practice in FL whose own site advertises Botox - it operates under one state's supervision, delegation and ownership rules and has no in-house counsel.","","owner","https://www.yellowpages.com/miami-fl/medical-spas","directory","verified","2026-09-03","Procedures found on its own site: Botox, dermal fillers, Sculptra, microneedling, HydraFacial, IV therapy. Found in the yellowpages.com Medical Spas category for Miami, FL, then confirmed by opening the practice's own homepage. Directory description: ""About Elite Styles Salon Med Spa Miami Elite Styles Salon Med Spa, a toprated Miami salon, was founded in 2016 by partners Beto Pellegrino and Franco Hernandez…"""
"scopeiq","end-customer","single-location med spa","Nectar Aesthetics Med Spa-Orlando","https://www.nectaraesthetics.com/orlando-med-spa","Orlando, FL","","An independent medical aesthetic practice in FL whose own site advertises Botox - it operates under one state's supervision, delegation and ownership rules and has no in-house counsel.","","owner","https://www.yellowpages.com/orlando-fl/medical-spas","directory","verified","2026-09-03","Procedures found on its own site: Botox, Dysport, Daxxify, dermal fillers, Sculptra, Kybella, microneedling, Morpheus8. Found in the yellowpages.com Medical Spas category for Orlando, FL, then confirmed by opening the practice's own homepage. Directory description: ""Nectar Aesthetics is your destination for tailored aesthetic care. We specialize in botox, lip filler, and results-driven facials. Locations in Downtown Orlando…"""
"scopeiq","end-customer","single-location med spa","Soluma Aesthetics Med Spa - Orlando","https://solumaaesthetics.com","Orlando, FL","","An independent medical aesthetic practice in FL whose own site advertises Botox - it operates under one state's supervision, delegation and ownership rules and has no in-house counsel.","https://solumaaesthetics.com/contact-us/","owner","https://www.yellowpages.com/orlando-fl/medical-spas","directory","verified","2026-09-03","Procedures found on its own site: Botox, Dysport, Jeuveau, dermal fillers, Juvederm, Restylane, Sculptra, Kybella. Found in the yellowpages.com Medical Spas category for Orlando, FL, then confirmed by opening the practice's own homepage. Directory description: ""Soluma Aesthetics is an award-winning, appointment-only luxury medical spa in Orlando specializing in natural, full-face facial rejuvenation. Voted #1 Best Med…"""
"scopeiq","end-customer","single-location med spa","Luxe Medical Spa Aesthetics","https://www.luxemedspaaesthetics.com","Orlando, FL","","An independent medical aesthetic practice in FL whose own site advertises Botox - it operates under one state's supervision, delegation and ownership rules and has no in-house counsel.","https://www.luxemedspaaesthetics.com/contact/","owner","https://www.yellowpages.com/orlando-fl/medical-spas?page=2","directory","verified","2026-09-03","Procedures found on its own site: Botox, Dysport, Jeuveau, dermal fillers, Sculptra, microneedling, HydraFacial, PRP. Found in the yellowpages.com Medical Spas category for Orlando, FL, then confirmed by opening the practice's own homepage."
"scopeiq","end-customer","single-location med spa","Angel Aesthetics Med Spa","http://aamedspas.com","Orlando, FL","","An independent medical aesthetic practice in FL whose own site advertises dermal fillers - it operates under one state's supervision, delegation and ownership rules and has no in-house counsel.","https://aamedspas.com/contact-us/","owner","https://www.yellowpages.com/orlando-fl/medical-spas?page=2","directory","verified","2026-09-03","Procedures found on its own site: dermal fillers, Kybella, microneedling, laser hair removal, IV hydration, chemical peels. Found in the yellowpages.com Medical Spas category for Orlando, FL, then confirmed by opening the practice's own homepage."
"scopeiq","end-customer","single-location med spa","The Vanity Room Med Spa","https://www.thevanityroomorlando.com","Orlando, FL","","An independent medical aesthetic practice in FL whose own site advertises Botox - it operates under one state's supervision, delegation and ownership rules and has no in-house counsel.","https://www.thevanityroomorlando.com/contact/","owner","https://www.yellowpages.com/orlando-fl/medical-spas","directory","verified","2026-09-03","Procedures found on its own site: Botox, dermal fillers, microneedling, laser hair removal. Found in the yellowpages.com Medical Spas category for Orlando, FL, then confirmed by opening the practice's own homepage. Directory description: ""Aesthetic Injection of Dermal Fillers and Toxins . Areas treated with Fillers include Lips, Cheeks, Chin, Jawline. Laser Hair Removal, Laser Tattoo Removal, and…"""
"scopeiq","end-customer","single-location med spa","Healthy Glow Medical","https://www.healthyglowmedspa.com","Orlando, FL","","An independent medical aesthetic practice in FL whose own site advertises Botox - it operates under one state's supervision, delegation and ownership rules and has no in-house counsel.","https://www.healthyglowmedspa.com/appointment-policy","owner","https://www.yellowpages.com/orlando-fl/medical-spas","directory","verified","2026-09-03","Procedures found on its own site: Botox, Dysport, dermal fillers, Sculptra, microneedling, IPL, medical weight loss, IV therapy. Found in the yellowpages.com Medical Spas category for Orlando, FL, then confirmed by opening the practice's own homepage. Directory description: ""Healthy Glow Medical is a medical spa located in Orlando, Florida. We offer medical aesthetic services such as botox, fillers, microneedling, hair restoration,…"""
"scopeiq","end-customer","single-location med spa","The Aesthetics Lounge and Spa Orlando","https://orlando.theaestheticsloungeandspa.com","Orlando, FL","","An independent medical aesthetic practice in FL whose own site advertises Botox - it operates under one state's supervision, delegation and ownership rules and has no in-house counsel.","https://orlando.theaestheticsloungeandspa.com/contact-us/","owner","https://www.yellowpages.com/orlando-fl/medical-spas?page=2","directory","verified","2026-09-03","Procedures found on its own site: Botox, Xeomin, dermal fillers, microneedling, laser hair removal, HydraFacial, medical weight loss, chemical peels. Found in the yellowpages.com Medical Spas category for Orlando, FL, then confirmed by opening the practice's own homepage. Directory description: ""The newest med spa opening in Orlando, Florida will be the premier destination for top-of-the-line, cutting edge, anti-aging innovations, advanced aesthetic…"""
"scopeiq","end-customer","single-location med spa","Winter Park Laser & Anti-Aging Center","https://www.winterparklaser.com","Orlando, FL","","An independent medical aesthetic practice in FL whose own site advertises Botox - it operates under one state's supervision, delegation and ownership rules and has no in-house counsel.","https://www.winterparklaser.com/contact","owner","https://www.yellowpages.com/orlando-fl/medical-spas","directory","verified","2026-09-03","Procedures found on its own site: Botox, Dysport, dermal fillers, Restylane, Sculptra, microneedling, Morpheus8, laser hair removal. Found in the yellowpages.com Medical Spas category for Orlando, FL, then confirmed by opening the practice's own homepage. Directory description: ""A premier medical spa offering stateoftheart antiaging treatments designed to rejuvenate, restore, and reveal your most radiant self"""
"scopeiq","end-customer","single-location med spa","Apex Wellness and Aesthetics Tampa","http://apexwellnesstampa.com","Tampa, FL","","An independent medical aesthetic practice in FL whose own site advertises Botox - it operates under one state's supervision, delegation and ownership rules and has no in-house counsel.","http://apexwellnesstampa.com/#contact-us","owner","https://www.yellowpages.com/tampa-fl/medical-spas","directory","verified","2026-09-03","Procedures found on its own site: Botox, dermal fillers, laser hair removal, PRP, medical weight loss, hormone therapy, PRF. Found in the yellowpages.com Medical Spas category for Tampa, FL, then confirmed by opening the practice's own homepage. Directory description: ""Apex Wellness and Aesthetics in Tampa is a Comprehensive Medical Boutique founded by Katie Lauritano. We offer Medical Weight Loss, Anti-Aging, Botox, Fillers,…"""
"scopeiq","end-customer","single-location med spa","Hermann Aesthetics & Wellness","https://doctorhermann.com","Tampa, FL","","An independent medical aesthetic practice in FL whose own site advertises Botox - it operates under one state's supervision, delegation and ownership rules and has no in-house counsel.","https://doctorhermann.com/contact-us/","owner","https://www.yellowpages.com/tampa-fl/medical-spas","directory","verified","2026-09-03","Procedures found on its own site: Botox, Dysport, Daxxify, dermal fillers, Juvederm, Sculptra, Kybella, microneedling. Found in the yellowpages.com Medical Spas category for Tampa, FL, then confirmed by opening the practice's own homepage. Directory description: ""Hermann Wellness and Aesthetics new Tampa location offering the best in beauty and wellness including botox, coolsculpting, lasers, skin treatments and more.…"""
"scopeiq","end-customer","single-location med spa","Defining Beauty Wellness and Med Spa","https://definingbeautymedspa.com","Tampa, FL","","An independent medical aesthetic practice in FL whose own site advertises dermal fillers - it operates under one state's supervision, delegation and ownership rules and has no in-house counsel.","https://definingbeautymedspa.com/contact/","owner","https://www.yellowpages.com/tampa-fl/medical-spas","directory","verified","2026-09-03","Procedures found on its own site: dermal fillers, Kybella, microneedling, Morpheus8, laser hair removal, IPL, HydraFacial, PRP. Found in the yellowpages.com Medical Spas category for Tampa, FL, then confirmed by opening the practice's own homepage. Directory description: ""Welcome to Defining Beauty Wellness and Med Spa, where curated wellness meets personalized care. Discover a sanctuary in the heart of Tampa, offering a blend of…"""
"scopeiq","end-customer","single-location med spa","Elixir Aesthetics","http://www.elixiraestheticsmedspa.com","Tampa, FL","","An independent medical aesthetic practice in FL whose own site advertises Botox - it operates under one state's supervision, delegation and ownership rules and has no in-house counsel.","http://www.elixiraestheticsmedspa.com/contact/","owner","https://www.yellowpages.com/tampa-fl/medical-spas","directory","verified","2026-09-03","Procedures found on its own site: Botox, Dysport, dermal fillers, Sculptra, Kybella, microneedling, Morpheus8, laser hair removal. Found in the yellowpages.com Medical Spas category for Tampa, FL, then confirmed by opening the practice's own homepage. Directory description: ""Elixir Aesthetics, in Tampa Bay, FL, is a Med Spa that seamlessly combines the power of science and nature to provide customized beauty solutions that appear…"""
"scopeiq","end-customer","single-location med spa","Elite Medical Aesthetics","https://www.elitemedicaltampa.com","Tampa, FL","","An independent medical aesthetic practice in FL whose own site advertises medical aesthetic treatments - it operates under one state's supervision, delegation and ownership rules and has no in-house counsel.","https://www.elitemedicaltampa.com/contact-us","owner","https://www.yellowpages.com/tampa-fl/medical-spas","directory","verified","2026-09-03","Found in the yellowpages.com Medical Spas category for Tampa, FL, then confirmed by opening the practice's own homepage. Directory description: ""We are Tampas premier medical spa with a wide variety of aesthetic service, products and treatments. Master Injector/Owner Kristen Hanenian, APRN, AGNP-C, LE,…"""
"scopeiq","end-customer","single-location med spa","CMA - Center for Modern Aesthetic Medicine","https://cmamedicine.com","Jacksonville, FL","","An independent medical aesthetic practice in FL whose own site advertises Botox - it operates under one state's supervision, delegation and ownership rules and has no in-house counsel.","https://cmamedicine.com/contact-us/","owner","https://www.yellowpages.com/jacksonville-fl/medical-spas?page=2","directory","verified","2026-09-03","Procedures found on its own site: Botox, dermal fillers, microneedling, CoolSculpting, laser hair removal, HydraFacial, medical weight loss, hormone therapy. Found in the yellowpages.com Medical Spas category for Jacksonville, FL, then confirmed by opening the practice's own homepage. Directory description: ""CMA - Center for Modern Aesthetic Medicine is a premier medical spa & skin care clinic in Jacksonville, FL, specializing in laser hair removal, lip fillers,…"""
"scopeiq","end-customer","single-location med spa","Coastal Dermatology & Medspa","https://coastaldermatologyjax.com/locations/jacksonville-fl/?utm_source=Core70&amp;utm_medium=organic&amp;utm_campaign=WebsiteURL","Jacksonville, FL","","An independent medical aesthetic practice in FL whose own site advertises Botox - it operates under one state's supervision, delegation and ownership rules and has no in-house counsel.","https://coastaldermatologyjax.com/contact/","owner","https://www.yellowpages.com/jacksonville-fl/medical-spas?page=2","directory","verified","2026-09-03","Procedures found on its own site: Botox, Dysport, dermal fillers, microneedling, laser hair removal, IPL, HydraFacial, medical weight loss. Found in the yellowpages.com Medical Spas category for Jacksonville, FL, then confirmed by opening the practice's own homepage. Directory description: ""The worst experience They damge my body. Don't get close to them"""""
"scopeiq","end-customer","single-location med spa","Greene Emerald Med Spa","https://www.greeneemeraldmedspa.com","Jacksonville, FL","","An independent medical aesthetic practice in FL whose own site advertises Botox - it operates under one state's supervision, delegation and ownership rules and has no in-house counsel.","https://www.greeneemeraldmedspa.com/contact","owner","https://www.yellowpages.com/jacksonville-fl/medical-spas","directory","verified","2026-09-03","Procedures found on its own site: Botox, Dysport, dermal fillers, IPL, GLP-1, medical weight loss, hormone therapy, chemical peels. Found in the yellowpages.com Medical Spas category for Jacksonville, FL, then confirmed by opening the practice's own homepage. Directory description: ""Greene Emerald Med Spa is a premier med spa in Jacksonville, Florida, providing rejuvenating treatments for all adults who want to improve the look and health of…"""
"scopeiq","end-customer","single-location med spa","Angel Aesthetics & Wellness Medical Spa","https://www.angelaesthetics.com","Fort Lauderdale, FL","","An independent medical aesthetic practice in FL whose own site advertises Botox - it operates under one state's supervision, delegation and ownership rules and has no in-house counsel.","https://angelaesthetics.com/contact/","owner","https://www.yellowpages.com/fort-lauderdale-fl/medical-spas","directory","verified","2026-09-03","Procedures found on its own site: Botox, dermal fillers, Kybella, laser hair removal, HydraFacial, PRP, hormone therapy, thread lifts. Found in the yellowpages.com Medical Spas category for Fort Lauderdale, FL, then confirmed by opening the practice's own homepage. Directory description: ""Angel Aesthetics & Wellness is a premier medical spa in Fort Lauderdale offering advanced non-surgical aesthetic treatments designed to refresh and enhance your…"""
"scopeiq","end-customer","single-location med spa","Raina Simone Aesthetics","https://rainasimone.com","Fort Lauderdale, FL","","An independent medical aesthetic practice in FL whose own site advertises dermal fillers - it operates under one state's supervision, delegation and ownership rules and has no in-house counsel.","https://rainasimone.com/contact-us","owner","https://www.yellowpages.com/fort-lauderdale-fl/medical-spas","directory","verified","2026-09-03","Procedures found on its own site: dermal fillers. Found in the yellowpages.com Medical Spas category for Fort Lauderdale, FL, then confirmed by opening the practice's own homepage. Directory description: ""Raina Simone Aesthetics is a Medspa located in Fort Lauderdale, FL services all of Fort Lauderdale and the surrounding areas We specialize in Botox, Fillers,…"""
"scopeiq","end-customer","single-location med spa","Refresh - Aesthetics & Wellness","https://refreshmedical.com","Fort Lauderdale, FL","","An independent medical aesthetic practice in FL whose own site advertises Botox - it operates under one state's supervision, delegation and ownership rules and has no in-house counsel.","https://refreshmedical.com/contact/","owner","https://www.yellowpages.com/fort-lauderdale-fl/medical-spas?page=2","directory","verified","2026-09-03","Procedures found on its own site: Botox, Dysport, Xeomin, Daxxify, dermal fillers, microneedling, laser hair removal, HydraFacial. Found in the yellowpages.com Medical Spas category for Fort Lauderdale, FL, then confirmed by opening the practice's own homepage. Directory description: ""Refresh - Aesthetics & Wellness is one of Fort Lauderdale's only LegitScript Certified medical spa's - the gold standard in compliance and patient safety.…"""
"scopeiq","end-customer","single-location med spa","Sanctuary Medical Aesthetic Center","https://www.sanctuarymedical.com","Fort Lauderdale, FL","","An independent medical aesthetic practice in FL whose own site advertises Botox - it operates under one state's supervision, delegation and ownership rules and has no in-house counsel.","https://www.sanctuarymedical.com/contactus/","owner","https://www.yellowpages.com/fort-lauderdale-fl/medical-spas","directory","verified","2026-09-03","Procedures found on its own site: Botox, Dysport, Xeomin, Daxxify, dermal fillers, Restylane, Sculptra, Kybella. Found in the yellowpages.com Medical Spas category for Fort Lauderdale, FL, then confirmed by opening the practice's own homepage. Directory description: ""Top Medical Spa Center in Florida for 2025 Sanctuary Medical Center in Fort Lauderdale, Florida, is a Top Medical Spa Center and home to the nations largest…"""
"scopeiq","end-customer","single-location med spa","Shino Bay Cosmetic Dermatology & Laser Institute","http://www.shinobayderm.com","Fort Lauderdale, FL","","An independent medical aesthetic practice in FL whose own site advertises dermal fillers - it operates under one state's supervision, delegation and ownership rules and has no in-house counsel.","https://www.shinobayderm.com/contact","owner","https://www.yellowpages.com/fort-lauderdale-fl/medical-spas?page=2","directory","verified","2026-09-03","Procedures found on its own site: dermal fillers, microneedling, Ultherapy. Found in the yellowpages.com Medical Spas category for Fort Lauderdale, FL, then confirmed by opening the practice's own homepage. Directory description: ""Dr. Shino Bay Aguilera is a board certified dermatologist,dermatologic surgeon and renowned international clinical laser and aesthetics expert. As a clinical researcher,…"""
"scopeiq","end-customer","single-location med spa","VIP Aesthetics","http://www.vipaesthetics.com","Fort Lauderdale, FL","","An independent medical aesthetic practice in FL whose own site advertises Botox - it operates under one state's supervision, delegation and ownership rules and has no in-house counsel.","https://vipaesthetics.com/contact-us/","owner","https://www.yellowpages.com/fort-lauderdale-fl/medical-spas?page=2","directory","verified","2026-09-03","Procedures found on its own site: Botox, Dysport, Xeomin, dermal fillers, Juvederm, Restylane, microneedling, laser hair removal. Found in the yellowpages.com Medical Spas category for Fort Lauderdale, FL, then confirmed by opening the practice's own homepage. Directory description: ""Very clean a modern. Very competitive prices and outstanding service. I had done Hydrafacials, laser hair removal in several areas and peeling. I totally recommend this place,"""""
"scopeiq","end-customer","single-location med spa","Cosmetica Med Spa","https://cosmeticamedspa.com","Boca Raton, FL","","An independent medical aesthetic practice in FL whose own site advertises Botox - it operates under one state's supervision, delegation and ownership rules and has no in-house counsel.","https://cosmeticamedspa.com/contact/","owner","https://www.yellowpages.com/boca-raton-fl/medical-spas","directory","verified","2026-09-03","Procedures found on its own site: Botox, Xeomin, dermal fillers, Juvederm, Restylane, Kybella, microneedling, HydraFacial. Found in the yellowpages.com Medical Spas category for Boca Raton, FL, then confirmed by opening the practice's own homepage. Directory description: ""Cosmetica Med Spa is where luxury meets professional excellence-rated the #1 Medspa in South Florida. Services offered Lip Injections, Dermal Filler Injections,…"""
"scopeiq","end-customer","single-location med spa","Better Me Medical Spa","https://bettermemedspa.com","Boca Raton, FL","","An independent medical aesthetic practice in FL whose own site advertises Botox - it operates under one state's supervision, delegation and ownership rules and has no in-house counsel.","https://bettermemedspa.com/contact/","owner","https://www.yellowpages.com/boca-raton-fl/medical-spas","directory","verified","2026-09-03","Procedures found on its own site: Botox, dermal fillers, Sculptra, microneedling, laser hair removal, HydraFacial, medical weight loss, IV therapy. Found in the yellowpages.com Medical Spas category for Boca Raton, FL, then confirmed by opening the practice's own homepage. Directory description: ""Better Me Medical Spa & Wellness Center offers evidence-based skin and wellness treatments, including Botox, fillers, Hydrafacials, chemical peels, body…"""
"scopeiq","end-customer","single-location med spa","AlluraMD Aesthetics + Wellness | Boca Raton","https://alluraaesthetics.com/boca-raton","Boca Raton, FL","","An independent medical aesthetic practice in FL whose own site advertises Botox - it operates under one state's supervision, delegation and ownership rules and has no in-house counsel.","https://alluraaesthetics.com/contact-us/","owner","https://www.yellowpages.com/boca-raton-fl/medical-spas?page=2","directory","verified","2026-09-03","Procedures found on its own site: Botox, dermal fillers, Restylane, Sculptra, Kybella, microneedling, Morpheus8, CoolSculpting. Found in the yellowpages.com Medical Spas category for Boca Raton, FL, then confirmed by opening the practice's own homepage. Directory description: ""Premier medical spa in Boca Raton offering 37 FDA-approved aesthetic and wellness treatments. Our board-certified team of 15 physicians, nurse practitioners, and…"""
"scopeiq","end-customer","single-location med spa","Boca Laser & Medical Spa, LLC.","https://bocalasermedicalspa.com","Boca Raton, FL","","An independent medical aesthetic practice in FL whose own site advertises Botox - it operates under one state's supervision, delegation and ownership rules and has no in-house counsel.","https://bocalasermedicalspa.com/contact/","owner","https://www.yellowpages.com/boca-raton-fl/medical-spas","directory","verified","2026-09-03","Procedures found on its own site: Botox, Jeuveau, dermal fillers, Juvederm, laser hair removal, medical weight loss, IV hydration, hormone therapy. Found in the yellowpages.com Medical Spas category for Boca Raton, FL, then confirmed by opening the practice's own homepage. Directory description: ""Boca Laser and Medical Spa Medspa in Boca Raton was created for the purpose of providing competitive affordable prices and comprehensive, professional medspa…"""
"scopeiq","end-customer","single-location med spa","Peace Love Med Aesthetic Rejuvenation","http://peacelovemed.com","Boca Raton, FL","","An independent medical aesthetic practice in FL whose own site advertises Botox - it operates under one state's supervision, delegation and ownership rules and has no in-house counsel.","","owner","https://www.yellowpages.com/boca-raton-fl/medical-spas","directory","verified","2026-09-03","Procedures found on its own site: Botox, dermal fillers, Sculptra, microneedling, Morpheus8, HydraFacial, PRP, chemical peels. Found in the yellowpages.com Medical Spas category for Boca Raton, FL, then confirmed by opening the practice's own homepage. Directory description: ""Have you ever walked into a cosmetic office and felt like you were doing something wrong? We believe there is a social stigma against those who seek beauty…"""
"scopeiq","end-customer","single-location med spa","All About Aesthetics","https://allaboutaestheticsfl.com","Boca Raton, FL","","An independent medical aesthetic practice in FL whose own site advertises Botox - it operates under one state's supervision, delegation and ownership rules and has no in-house counsel.","https://allaboutaestheticsfl.com/contact/","owner","https://www.yellowpages.com/boca-raton-fl/medical-spas","directory","verified","2026-09-03","Procedures found on its own site: Botox, dermal fillers, Sculptra, microneedling, Morpheus8, IPL, HydraFacial, PRP. Found in the yellowpages.com Medical Spas category for Boca Raton, FL, then confirmed by opening the practice's own homepage. Directory description: ""All About Aesthetics, a Boca Raton medical spa, prioritizes natural-looking enhancements. Our team of experts utilizes advanced techniques to deliver subtle…"""
"scopeiq","end-customer","single-location med spa","Icon MD Medical Spa + Laser Center","https://www.iconmd.com/medical-spa-laser-services-boca-raton","Boca Raton, FL","","An independent medical aesthetic practice in FL whose own site advertises Botox - it operates under one state's supervision, delegation and ownership rules and has no in-house counsel.","https://www.iconmd.com/wp-content/themes/iconmd_com/images/icon-facebook.png","owner","https://www.yellowpages.com/boca-raton-fl/medical-spas?page=2","directory","verified","2026-09-03","Procedures found on its own site: Botox, Dysport, Daxxify, dermal fillers, Juvederm, Restylane, Sculptra, Kybella. Found in the yellowpages.com Medical Spas category for Boca Raton, FL, then confirmed by opening the practice's own homepage."
"scopeiq","end-customer","single-location med spa","Aesthetic Plastic Surgery & Med Spa of Naples","https://www.drhasen.com","Naples, FL","","An independent medical aesthetic practice in FL whose own site advertises Botox - it operates under one state's supervision, delegation and ownership rules and has no in-house counsel.","https://www.drhasen.com/contact/","owner","https://www.yellowpages.com/naples-fl/medical-spas?page=2","directory","verified","2026-09-03","Procedures found on its own site: Botox, Dysport, Jeuveau, dermal fillers, Restylane, Sculptra, Kybella, microneedling. Found in the yellowpages.com Medical Spas category for Naples, FL, then confirmed by opening the practice's own homepage. Directory description: ""Kent V Hasen, MD is a boardcertified plastic surgeon at Aesthetic Plastic Surgery Med Spa of Naples Patients from Naples, Fort Myers and the surrounding…"""
"scopeiq","end-customer","single-location med spa","Cosmetic Skin & Laser Center","https://cslcbeauty.com/medspa-locations/cslcnaples","Naples, FL","","An independent medical aesthetic practice in FL whose own site advertises Botox - it operates under one state's supervision, delegation and ownership rules and has no in-house counsel.","https://cslcbeauty.com/contact-us/","owner","https://www.yellowpages.com/naples-fl/medical-spas?page=2","directory","verified","2026-09-03","Procedures found on its own site: Botox, Dysport, Daxxify, dermal fillers, Sculptra, microneedling, Morpheus8, CoolSculpting. Found in the yellowpages.com Medical Spas category for Naples, FL, then confirmed by opening the practice's own homepage. Directory description: ""Cosmetic Skin & Laser Center in Downtown Naples, FL is a full-service medical spa and anti-aging clinic founded in 2001 by Dr. Gustav Lo and Courtney Lo. Our…"""
"scopeiq","end-customer","single-location med spa","Glowtique Salon & MedSpa","https://glowtiquesalonandmedspa.com","Naples, FL","","An independent medical aesthetic practice in FL whose own site advertises Botox - it operates under one state's supervision, delegation and ownership rules and has no in-house counsel.","contact@glowtiquesalonandmedspa.com","owner","https://www.yellowpages.com/naples-fl/medical-spas","directory","verified","2026-09-03","Procedures found on its own site: Botox, dermal fillers, laser hair removal, IPL, medical weight loss. Found in the yellowpages.com Medical Spas category for Naples, FL, then confirmed by opening the practice's own homepage. Directory description: ""Glowtique Salon and MedSpa in Naples, FL offers aesthetic treatments to rejuvenate your appearance We provide Botox, fillers, facials, chemical peels, and…"""
"scopeiq","end-customer","single-location med spa","The Aesthetics Lounge and Spa Downtown Naples","https://dtnaples.theaestheticsloungeandspa.com","Naples, FL","","An independent medical aesthetic practice in FL whose own site advertises Botox - it operates under one state's supervision, delegation and ownership rules and has no in-house counsel.","https://dtnaples.theaestheticsloungeandspa.com/contact/","owner","https://www.yellowpages.com/naples-fl/medical-spas?page=2","directory","verified","2026-09-03","Procedures found on its own site: Botox, Dysport, Xeomin, dermal fillers, Sculptra, microneedling, laser hair removal, HydraFacial. Found in the yellowpages.com Medical Spas category for Naples, FL, then confirmed by opening the practice's own homepage. Directory description: ""The Laser Lounge Spa Downtown Naples is a premier destination for all your skincare and wellness needs. Located in the heart of Naples, FL, our medical spa…"""
"scopeiq","end-customer","single-location med spa","Inside Out Med Spa","https://insideoutmedspa.com","Naples, FL","","An independent medical aesthetic practice in FL whose own site advertises Botox - it operates under one state's supervision, delegation and ownership rules and has no in-house counsel.","https://insideoutmedspa.com/contact/","owner","https://www.yellowpages.com/naples-fl/medical-spas","directory","verified","2026-09-03","Procedures found on its own site: Botox, Dysport, Xeomin, dermal fillers, Juvederm, Restylane, Kybella, microneedling. Found in the yellowpages.com Medical Spas category for Naples, FL, then confirmed by opening the practice's own homepage. Directory description: ""At Inside Out Med Spa, our mission is to empower individuals to prioritize their well-being by offering a comprehensive approach to health and beauty. Dr. Nancy…"""
"scopeiq","end-customer","single-location med spa","Time 4 U Med Spa","https://www.time4umedspa.com","Naples, FL","","An independent medical aesthetic practice in FL whose own site advertises Botox - it operates under one state's supervision, delegation and ownership rules and has no in-house counsel.","https://www.time4umedspa.com/contact-us","owner","https://www.yellowpages.com/naples-fl/medical-spas?page=2","directory","verified","2026-09-03","Procedures found on its own site: Botox, Dysport, dermal fillers, Sculptra, Kybella, microneedling, CoolSculpting, laser hair removal. Found in the yellowpages.com Medical Spas category for Naples, FL, then confirmed by opening the practice's own homepage. Directory description: ""Dr. Lisa Gulcher, founded Time 4 U Med Spa in Naples, Florida and has over 15 years of experience in the field of aesthetic medicine. We are located on the water…"""
"scopeiq","end-customer","single-location med spa","House22 Regenerative & Aesthetic Med Spa","https://house22.com","Chicago, IL","","An independent medical aesthetic practice in IL whose own site advertises Botox - it operates under one state's supervision, delegation and ownership rules and has no in-house counsel.","https://house22.com/contact-us/","owner","https://www.yellowpages.com/chicago-il/medical-spas","directory","verified","2026-09-03","Procedures found on its own site: Botox, Dysport, Xeomin, dermal fillers, Sculptra, Kybella, microneedling, laser hair removal. Found in the yellowpages.com Medical Spas category for Chicago, IL, then confirmed by opening the practice's own homepage. Directory description: ""Welcome to House22, Chicago's premier Med Spa in the heart of the Gold Coast. Experience cutting-edge aesthetic and regenerative treatments designed to…"""
"scopeiq","end-customer","single-location med spa","SOLUX Med Spa","http://www.soluxmedspa.com","Chicago, IL","","An independent medical aesthetic practice in IL whose own site advertises Botox - it operates under one state's supervision, delegation and ownership rules and has no in-house counsel.","info@soluxmedspa.com","owner","https://www.yellowpages.com/chicago-il/medical-spas","directory","verified","2026-09-03","Procedures found on its own site: Botox, dermal fillers, Juvederm, microneedling, CoolSculpting, medical weight loss, Emsculpt, Sofwave. Found in the yellowpages.com Medical Spas category for Chicago, IL, then confirmed by opening the practice's own homepage. Directory description: ""Were SOLUX Med Spa, and weve been serving the community here in Chicago since 2009. Our overall passion for helping people of all ages with overall health and…"""
"scopeiq","end-customer","single-location med spa","Olivo Med Spa","http://www.olivomedspa.com","Chicago, IL","","An independent medical aesthetic practice in IL whose own site advertises Botox - it operates under one state's supervision, delegation and ownership rules and has no in-house counsel.","https://www.olivomedspa.com/contact/","owner","https://www.yellowpages.com/chicago-il/medical-spas?page=2","directory","verified","2026-09-03","Procedures found on its own site: Botox, Xeomin, dermal fillers, Kybella, microneedling, laser hair removal, IPL, HydraFacial. Found in the yellowpages.com Medical Spas category for Chicago, IL, then confirmed by opening the practice's own homepage. Directory description: ""Located in the heart of Logan Square, Olivo Med Spa is a physicianled sanctuary where medical science meets artistry Led by BoardCertified Physician Dr…"""
"scopeiq","end-customer","single-location med spa","Thrive Wellness + Aesthetics","https://www.twachicago.com","Chicago, IL","","An independent medical aesthetic practice in IL whose own site advertises dermal fillers - it operates under one state's supervision, delegation and ownership rules and has no in-house counsel.","https://www.twachicago.com/contact-us","owner","https://www.yellowpages.com/chicago-il/medical-spas?page=2","directory","verified","2026-09-03","Procedures found on its own site: dermal fillers, microneedling, laser hair removal, HydraFacial, PRP, IV therapy, chemical peels. Found in the yellowpages.com Medical Spas category for Chicago, IL, then confirmed by opening the practice's own homepage."
"scopeiq","end-customer","single-location med spa","Hd Medspa & Clinic","http://www.hdmedspaclinic.com","Chicago, IL","","An independent medical aesthetic practice in IL whose own site advertises Botox - it operates under one state's supervision, delegation and ownership rules and has no in-house counsel.","https://www.hdmedspaclinic.com/contacto","owner","https://www.yellowpages.com/chicago-il/medical-spas","directory","verified","2026-09-03","Procedures found on its own site: Botox, dermal fillers, PRP, hormone therapy, chemical peels. Found in the yellowpages.com Medical Spas category for Chicago, IL, then confirmed by opening the practice's own homepage. Directory description: ""Dr. Diaz and his staff go above and beyond to make you feel very welcomed! I am very pleased with Dr. Diaz's results. His work is exceptional and he takes his time to do it…"""
"scopeiq","end-customer","single-location med spa","Skin Med Spa","http://www.theskinmedspa.com","Downers Grove, IL","","An independent medical aesthetic practice in IL whose own site advertises Botox - it operates under one state's supervision, delegation and ownership rules and has no in-house counsel.","","owner","https://www.yellowpages.com/naperville-il/medical-spas?page=2","directory","verified","2026-09-03","Procedures found on its own site: Botox, Jeuveau, dermal fillers, microneedling, IPL, medical weight loss, laser resurfacing. Found in the yellowpages.com Medical Spas category for Naperville, IL, then confirmed by opening the practice's own homepage. Directory description: ""About PracticeSkin Med Spa is a premier medical spa in Downers Grove, Illinois. The practice boasts licensed medical staff who are trained in aesthetics and have…"""
"scopeiq","end-customer","single-location med spa","Prosculpt Med Spa","https://www.prosculpt.net","Oswego, IL","","An independent medical aesthetic practice in IL whose own site advertises Botox - it operates under one state's supervision, delegation and ownership rules and has no in-house counsel.","https://www.prosculpt.net/booking-calendar/botulin-toxin","owner","https://www.yellowpages.com/naperville-il/medical-spas?page=2","directory","verified","2026-09-03","Procedures found on its own site: Botox, dermal fillers, Sculptra, Kybella, CoolSculpting, laser hair removal, IPL, semaglutide (GLP-1). Found in the yellowpages.com Medical Spas category for Naperville, IL, then confirmed by opening the practice's own homepage. Directory description: ""ProSculpt Med SpaExpert care in body contouring, skin tightening, injectables & weight-loss programs. Natural results with advanced technology in Oswego,…"""
"scopeiq","end-customer","single-location med spa","Radiance Skincare & Laser Medspa","https://www.radiancemedspa-wheaton.com","Wheaton, IL","","An independent medical aesthetic practice in IL whose own site advertises Botox - it operates under one state's supervision, delegation and ownership rules and has no in-house counsel.","https://www.radiancemedspa-wheaton.com/contact-us/","owner","https://www.yellowpages.com/naperville-il/medical-spas?page=2","directory","verified","2026-09-03","Procedures found on its own site: Botox, Dysport, dermal fillers, Juvederm, Restylane, Sculptra, Kybella, microneedling. Found in the yellowpages.com Medical Spas category for Naperville, IL, then confirmed by opening the practice's own homepage. Directory description: ""Established in 2006, Radiance Skincare & Laser Medspa offers a unique All in One practice for all of your individual needs, to help you feel and look your very…"""
"scopeiq","end-customer","single-location med spa","Dream Med Spa & Laser Center","http://dreammedspa.com","Plainfield, IL","","An independent medical aesthetic practice in IL whose own site advertises Botox - it operates under one state's supervision, delegation and ownership rules and has no in-house counsel.","https://dreammedspa.com/contact-us/","owner","https://www.yellowpages.com/naperville-il/medical-spas?page=2","directory","verified","2026-09-03","Procedures found on its own site: Botox, Daxxify, dermal fillers, Restylane, Sculptra, Kybella, microneedling, laser hair removal. Found in the yellowpages.com Medical Spas category for Naperville, IL, then confirmed by opening the practice's own homepage. Directory description: ""Warm, compassionate, and committed to her patients, Dr. Teresa Pecherek-Rogers is a board-certified physician, with 17+ years of experience. She is part of the…"""
"scopeiq","end-customer","single-location med spa","ElevateMuÃ - IV Drip Therapy, Aesthetic Services, Advanced Skincare & Laser Treatments in Schaumburg, IL","https://elevatemua.com","Schaumburg, IL","","An independent medical aesthetic practice in IL whose own site advertises laser hair removal - it operates under one state's supervision, delegation and ownership rules and has no in-house counsel.","info@elevatemua.com","owner","https://www.yellowpages.com/schaumburg-il/medical-spas","directory","verified","2026-09-03","Procedures found on its own site: laser hair removal, IPL, PRP, IV drip. Found in the yellowpages.com Medical Spas category for Schaumburg, IL, then confirmed by opening the practice's own homepage. Directory description: ""ElevateMua is Schaumburg's premier destination for IV drip therapy, advanced skincare, laser hair skin treatments, and more Their experienced team of medical…"""
"scopeiq","end-customer","single-location med spa","AW Medspa","https://www.awmedspa.com","Hoffman Estates, IL","","An independent medical aesthetic practice in IL whose own site advertises Botox - it operates under one state's supervision, delegation and ownership rules and has no in-house counsel.","https://www.awmedspa.com/contact","owner","https://www.yellowpages.com/schaumburg-il/medical-spas","directory","verified","2026-09-03","Procedures found on its own site: Botox, Dysport, dermal fillers, Sculptra, microneedling, laser hair removal, IPL, PRP. Found in the yellowpages.com Medical Spas category for Schaumburg, IL, then confirmed by opening the practice's own homepage. Directory description: ""A medical spa in the Hoffman Estates area providing facial services, laser treatments, injectables, Botox , medical weight loss Sculptra and more!"""
"scopeiq","end-customer","single-location med spa","Vivant Aesthetics & Wellness","https://www.vivantmedspa.com","Itasca, IL","","An independent medical aesthetic practice in IL whose own site advertises Botox - it operates under one state's supervision, delegation and ownership rules and has no in-house counsel.","","owner","https://www.yellowpages.com/schaumburg-il/medical-spas?page=2","directory","verified","2026-09-03","Procedures found on its own site: Botox, Dysport, dermal fillers, Sculptra, Kybella, microneedling, IPL, HydraFacial. Found in the yellowpages.com Medical Spas category for Schaumburg, IL, then confirmed by opening the practice's own homepage. Directory description: ""We believe that everyone is naturally beautiful and unique, but we also understand that most people have insecurities that can hold them back in their life. Our…"""
"scopeiq","end-customer","single-location med spa","Renaissance Med Spa","https://www.renaissance-medspa.com","Schaumburg, IL","","An independent medical aesthetic practice in IL whose own site advertises Botox - it operates under one state's supervision, delegation and ownership rules and has no in-house counsel.","https://www.renaissance-medspa.com/contact","owner","https://www.yellowpages.com/schaumburg-il/medical-spas","directory","verified","2026-09-03","Procedures found on its own site: Botox, Xeomin, dermal fillers, Kybella, laser hair removal. Found in the yellowpages.com Medical Spas category for Schaumburg, IL, then confirmed by opening the practice's own homepage. Directory description: ""At Renaissance Med Spa, we believe in the power of individualized, customized, natural beauty. Staffed with physician, skin care specialists, registered nurse…"""
"scopeiq","end-customer","single-location med spa","Skinlab Medspa","https://skinlab-medspa.com","Palatine, IL","","An independent medical aesthetic practice in IL whose own site advertises Botox - it operates under one state's supervision, delegation and ownership rules and has no in-house counsel.","https://skinlab-medspa.com/contact-us/","owner","https://www.yellowpages.com/schaumburg-il/medical-spas?page=2","directory","verified","2026-09-03","Procedures found on its own site: Botox, dermal fillers, Kybella, microneedling, Morpheus8, laser hair removal, IPL, HydraFacial. Found in the yellowpages.com Medical Spas category for Schaumburg, IL, then confirmed by opening the practice's own homepage."
"scopeiq","end-customer","single-location med spa","Rejuvenesse","https://www.rejuvenessespa.com","Schaumburg, IL","","An independent medical aesthetic practice in IL whose own site advertises Morpheus8 - it operates under one state's supervision, delegation and ownership rules and has no in-house counsel.","https://www.rejuvenessespa.com/contact","owner","https://www.yellowpages.com/schaumburg-il/medical-spas","directory","verified","2026-09-03","Procedures found on its own site: Morpheus8, semaglutide (GLP-1), tirzepatide (GLP-1), GLP-1, medical weight loss, hormone therapy. Found in the yellowpages.com Medical Spas category for Schaumburg, IL, then confirmed by opening the practice's own homepage. Directory description: """"Medspa providing injectables, laser and other cosmetic services"""""
"scopeiq","end-customer","single-location med spa","Skin Perfection Aesthetics, Lasers and Wellness","http://www.skinperfectionmedspa.com","Denver, CO","","An independent medical aesthetic practice in CO whose own site advertises Botox - it operates under one state's supervision, delegation and ownership rules and has no in-house counsel.","https://skinperfectionmedspa.com/contact/","owner","https://www.yellowpages.com/denver-co/medical-spas?page=2","directory","verified","2026-09-03","Procedures found on its own site: Botox, dermal fillers, microneedling, Morpheus8, laser hair removal, HydraFacial, PRP, semaglutide (GLP-1). Found in the yellowpages.com Medical Spas category for Denver, CO, then confirmed by opening the practice's own homepage. Directory description: ""Donlyn and her spa are first-class. I've had several treatments here now, including Juvederm, the Instant Eye Lift, and the HydraFacial, and they can't be beat. It's a…"""
"scopeiq","end-customer","single-location med spa","Kalon Laser Aesthetics","http://kalonlaser.com","Denver, CO","","An independent medical aesthetic practice in CO whose own site advertises Botox - it operates under one state's supervision, delegation and ownership rules and has no in-house counsel.","http://kalonlaser.com/contact/","owner","https://www.yellowpages.com/denver-co/medical-spas?page=2","directory","verified","2026-09-03","Procedures found on its own site: Botox, dermal fillers, Kybella, microneedling, laser hair removal, HydraFacial, chemical peels. Found in the yellowpages.com Medical Spas category for Denver, CO, then confirmed by opening the practice's own homepage. Directory description: ""WOW! My experience with Kalon Laser has been absolutely mind-blowing! I have gone here for all my laser hair removal needs and have never had a better experience! Ariel is a…"""
"scopeiq","end-customer","single-location med spa","Rejuvenate MedSpa Cherry Creek","https://www.rejuvenatecolorado.com","Denver, CO","","An independent medical aesthetic practice in CO whose own site advertises Botox - it operates under one state's supervision, delegation and ownership rules and has no in-house counsel.","https://www.rejuvenatecolorado.com/book-by-provider/","owner","https://www.yellowpages.com/denver-co/medical-spas","directory","verified","2026-09-03","Procedures found on its own site: Botox, Dysport, dermal fillers, Juvederm, Restylane, Sculptra, microneedling, laser hair removal. Found in the yellowpages.com Medical Spas category for Denver, CO, then confirmed by opening the practice's own homepage. Directory description: ""Rejuvenate MedSpa Cherry Creek is a premier medical spa located in Denver, CO, offering advanced aesthetic treatments and rejuvenation services Specializing in…"""
"scopeiq","end-customer","single-location med spa","Cheeky Denver","http://www.cheekydenver.com","Denver, CO","","An independent medical aesthetic practice in CO whose own site advertises Botox - it operates under one state's supervision, delegation and ownership rules and has no in-house counsel.","http://www.cheekydenver.com/contact","owner","https://www.yellowpages.com/denver-co/medical-spas","directory","verified","2026-09-03","Procedures found on its own site: Botox, Xeomin, dermal fillers. Found in the yellowpages.com Medical Spas category for Denver, CO, then confirmed by opening the practice's own homepage. Directory description: ""At Cheeky Denver Medical Spa, we specialize in advanced facial injectables Botox, dermal fillers, PRF, with a focus on facial balancing and natural results Our…"""
"scopeiq","end-customer","single-location med spa","Aesthetic Surgery & Dermatology of Cherry Creek","https://www.adriennestewartmd.com","Denver, CO","","An independent medical aesthetic practice in CO whose own site advertises Botox - it operates under one state's supervision, delegation and ownership rules and has no in-house counsel.","https://www.adriennestewartmd.com/appointment_request","owner","https://www.yellowpages.com/denver-co/medical-spas?page=2","directory","verified","2026-09-03","Procedures found on its own site: Botox, dermal fillers, Sculptra, Kybella, microneedling, CoolSculpting, laser hair removal, chemical peels. Found in the yellowpages.com Medical Spas category for Denver, CO, then confirmed by opening the practice's own homepage. Directory description: ""Probably one of the best visits I've had with a dermatologist. My wait time was just a few minutes. I came in to have her look at a minor skin issue that's been concerning…"""
"scopeiq","end-customer","single-location med spa","Glam Clinic","http://www.glamclinic303.com","Denver, CO","","An independent medical aesthetic practice in CO whose own site advertises Botox - it operates under one state's supervision, delegation and ownership rules and has no in-house counsel.","https://www.glamclinic303.com/contact","owner","https://www.yellowpages.com/denver-co/medical-spas","directory","verified","2026-09-03","Procedures found on its own site: Botox, dermal fillers, microneedling. Found in the yellowpages.com Medical Spas category for Denver, CO, then confirmed by opening the practice's own homepage. Directory description: ""Glam Clinic Med Spa is offering top aesthetic treatments in Denver, such as botox, dermal fillers, sculptural face lifting, facials, and peels. Our mission is to…"""
"scopeiq","end-customer","single-location med spa","Boulder Skin Bar","https://boulderskinbar.com","Boulder, CO","","An independent medical aesthetic practice in CO whose own site advertises Botox - it operates under one state's supervision, delegation and ownership rules and has no in-house counsel.","https://boulderskinbar.com/contact/","owner","https://www.yellowpages.com/boulder-co/medical-spas?page=2","directory","verified","2026-09-03","Procedures found on its own site: Botox, dermal fillers, Sculptra, microneedling, HydraFacial, PRP, GLP-1, medical weight loss. Found in the yellowpages.com Medical Spas category for Boulder, CO, then confirmed by opening the practice's own homepage. Directory description: ""Experience expert skincare at Boulder Skin Bar, the premier medspa in Boulder, CO. We specialize in Hydrafacial, microneedling, PRP, Botox, dermal fillers, VI…"""
"scopeiq","end-customer","single-location med spa","Highline Aesthetics","https://www.highlineaesthetics.com","Boulder, CO","","An independent medical aesthetic practice in CO whose own site advertises medical aesthetic treatments - it operates under one state's supervision, delegation and ownership rules and has no in-house counsel.","https://www.highlineaesthetics.com/contact-us","owner","https://www.yellowpages.com/boulder-co/medical-spas","directory","verified","2026-09-03","Found in the yellowpages.com Medical Spas category for Boulder, CO, then confirmed by opening the practice's own homepage. Directory description: ""Highline Aesthetics is a Skin Clinic specializing in advanced rejuvenation and biostimulation treatments that promote natural, long-lasting results. We blend…"""
"scopeiq","end-customer","single-location med spa","Mov Aesthetics","https://www.movaesthetics.com","Boulder, CO","","An independent medical aesthetic practice in CO whose own site advertises Botox - it operates under one state's supervision, delegation and ownership rules and has no in-house counsel.","https://www.movaesthetics.com/contact/","owner","https://www.yellowpages.com/boulder-co/medical-spas","directory","verified","2026-09-03","Procedures found on its own site: Botox, Jeuveau, dermal fillers, microneedling, HydraFacial, PRP, IV therapy, chemical peels. Found in the yellowpages.com Medical Spas category for Boulder, CO, then confirmed by opening the practice's own homepage. Directory description: ""At Mōv Aesthetics, we believe true beauty is confident, authentic & unique. Nature got it right the first time when it comes to your look and we're here to…"""
"scopeiq","end-customer","single-location med spa","Barris Laser & Skincare","http://www.barrislaser.com","Boulder, CO","","An independent medical aesthetic practice in CO whose own site advertises Botox - it operates under one state's supervision, delegation and ownership rules and has no in-house counsel.","https://barrislaser.com/book-appointment/","owner","https://www.yellowpages.com/boulder-co/medical-spas","directory","verified","2026-09-03","Procedures found on its own site: Botox, Dysport, dermal fillers, microneedling, laser hair removal, IPL, laser resurfacing. Found in the yellowpages.com Medical Spas category for Boulder, CO, then confirmed by opening the practice's own homepage. Directory description: ""Barris Laser and Skin Care is a premier day spa in Boulder, specializing in aesthetic procedures to improve the look and feel of your skin. At Barris Laser &…"""
"scopeiq","end-customer","single-location med spa","Enlighten Aesthetics","https://www.enlighten-aesthetics.com/bio","Lafayette, CO","","An independent medical aesthetic practice in CO whose own site advertises medical aesthetic treatments - it operates under one state's supervision, delegation and ownership rules and has no in-house counsel.","","owner","https://www.yellowpages.com/boulder-co/medical-spas?page=2","directory","verified","2026-09-03","Found in the yellowpages.com Medical Spas category for Boulder, CO, then confirmed by opening the practice's own homepage."
"scopeiq","end-customer","single-location med spa","Valar Aesthetics","https://www.valarmd.com","Erie, CO","","An independent medical aesthetic practice in CO whose own site advertises Botox - it operates under one state's supervision, delegation and ownership rules and has no in-house counsel.","https://www.valarmd.com/contact-us","owner","https://www.yellowpages.com/boulder-co/medical-spas?page=2","directory","verified","2026-09-03","Procedures found on its own site: Botox, dermal fillers, Kybella, microneedling, laser hair removal, IPL, PRP, chemical peels. Found in the yellowpages.com Medical Spas category for Boulder, CO, then confirmed by opening the practice's own homepage."
"scopeiq","end-customer","single-location med spa","Alluring Aesthetics Beauty & Wellness","https://www.alluringabw.com","Colorado Springs, CO","","An independent medical aesthetic practice in CO whose own site advertises Botox - it operates under one state's supervision, delegation and ownership rules and has no in-house counsel.","https://www.alluringabw.com/contact/","owner","https://www.yellowpages.com/colorado-springs-co/medical-spas","directory","verified","2026-09-03","Procedures found on its own site: Botox, Dysport, dermal fillers, Sculptra, microneedling, IPL, HydraFacial, medical weight loss. Found in the yellowpages.com Medical Spas category for Colorado Springs, CO, then confirmed by opening the practice's own homepage. Directory description: ""Alluring Aesthetics Beauty & Wellness is a results-driven med spa in Northern Colorado Springs specializing in customized facials, acne treatments, advanced…"""
"scopeiq","end-customer","single-location med spa","Skin Brava Aesthetics","https://skinbrava.com","Colorado Springs, CO","","An independent medical aesthetic practice in CO whose own site advertises dermal fillers - it operates under one state's supervision, delegation and ownership rules and has no in-house counsel.","https://skinbrava.com/contact/","owner","https://www.yellowpages.com/colorado-springs-co/medical-spas","directory","verified","2026-09-03","Procedures found on its own site: dermal fillers, microneedling, PRP, chemical peels, PRF. Found in the yellowpages.com Medical Spas category for Colorado Springs, CO, then confirmed by opening the practice's own homepage. Directory description: ""At Skin Brava Aesthetics, we specialize in advanced regenerative treatments designed to rejuvenate and restore your skin to its natural youthful glow Our expert…"""
"scopeiq","end-customer","single-location med spa","Glow Aesthetic Medicine","http://glowam.com","Colorado Springs, CO","","An independent medical aesthetic practice in CO whose own site advertises microneedling - it operates under one state's supervision, delegation and ownership rules and has no in-house counsel.","","owner","https://www.yellowpages.com/colorado-springs-co/medical-spas?page=2","directory","verified","2026-09-03","Procedures found on its own site: microneedling, Morpheus8, laser hair removal, semaglutide (GLP-1), tirzepatide (GLP-1), medical weight loss, hormone therapy, chemical peels. Found in the yellowpages.com Medical Spas category for Colorado Springs, CO, then confirmed by opening the practice's own homepage. Directory description: ""Glow Aesthetic Medicine is the leading Medical Spa in Colorado Springs. We're proud to be the first to offer miraDry No Sweat laser in Colorado. Dr. Patrick…"""
"scopeiq","end-customer","single-location med spa","Aspen Aesthetics + Wellness","https://www.aspen-elevated.com","Colorado Springs, CO","","An independent medical aesthetic practice in CO whose own site advertises Botox - it operates under one state's supervision, delegation and ownership rules and has no in-house counsel.","https://www.aspen-elevated.com/contact/","owner","https://www.yellowpages.com/colorado-springs-co/medical-spas","directory","verified","2026-09-03","Procedures found on its own site: Botox, Dysport, Xeomin, dermal fillers, Sculptra, Kybella, microneedling, laser hair removal. Found in the yellowpages.com Medical Spas category for Colorado Springs, CO, then confirmed by opening the practice's own homepage. Directory description: ""Aspen Aesthetics + Wellness is the leading provider of health, wellness and non-surgical anti-aging + skincare modalities in Colorado Springs. We are a…"""
"scopeiq","end-customer","single-location med spa","Gen Aesthetics and Whole Body Wellness","https://genaesthetics.net","Colorado Springs, CO","","An independent medical aesthetic practice in CO whose own site advertises Dysport - it operates under one state's supervision, delegation and ownership rules and has no in-house counsel.","https://genaesthetics.net/contact-us","owner","https://www.yellowpages.com/colorado-springs-co/medical-spas?page=2","directory","verified","2026-09-03","Procedures found on its own site: Dysport, Jeuveau, dermal fillers, Restylane, Sculptra, microneedling, medical weight loss, hormone therapy. Found in the yellowpages.com Medical Spas category for Colorado Springs, CO, then confirmed by opening the practice's own homepage. Directory description: ""Your one stop for anti-aging, volume restoration, skin care, BHRT, weight loss, functional medication, performance peptides, medical grade supplements, and skin…"""
"scopeiq","end-customer","single-location med spa","Axis Medical Aesthetics","http://axismedspas.com","Phoenix, AZ","","An independent medical aesthetic practice in AZ whose own site advertises Xeomin - it operates under one state's supervision, delegation and ownership rules and has no in-house counsel.","https://axismedspas.com/contact-us/","owner","https://www.yellowpages.com/phoenix-az/medical-spas","directory","verified","2026-09-03","Procedures found on its own site: Xeomin, microneedling. Found in the yellowpages.com Medical Spas category for Phoenix, AZ, then confirmed by opening the practice's own homepage. Directory description: ""Axis Medical Aesthetics in Phoenix, led by Dr. Aasim Kamal, offers exceptional laser treatments and cosmetic injectables to rejuvenate and refresh your skin.…"""
"scopeiq","end-customer","single-location med spa","BeautyBorn MedSpa","https://beautybornmedspa.com","Phoenix, AZ","","An independent medical aesthetic practice in AZ whose own site advertises dermal fillers - it operates under one state's supervision, delegation and ownership rules and has no in-house counsel.","https://beautybornmedspa.com/contact/","owner","https://www.yellowpages.com/phoenix-az/medical-spas?page=2","directory","verified","2026-09-03","Procedures found on its own site: dermal fillers, microneedling, laser hair removal, IPL, PRP, medical weight loss, chemical peels, laser resurfacing. Found in the yellowpages.com Medical Spas category for Phoenix, AZ, then confirmed by opening the practice's own homepage. Directory description: ""I love BeautyBorn Med Spa! Makes me feel comfortable all the time & is very knowledgeable. I trust her! I’m so happy to be at this new office because of all the many other…"""
"scopeiq","end-customer","single-location med spa","Resa Medical Aesthetics","https://resamedicalaesthetics.com","Scottsdale, AZ","","An independent medical aesthetic practice in AZ whose own site advertises Botox - it operates under one state's supervision, delegation and ownership rules and has no in-house counsel.","https://resamedicalaesthetics.com/contact","owner","https://www.yellowpages.com/scottsdale-az/medical-spas","directory","verified","2026-09-03","Procedures found on its own site: Botox, Dysport, dermal fillers, PRP. Found in the yellowpages.com Medical Spas category for Scottsdale, AZ, then confirmed by opening the practice's own homepage. Directory description: ""RESA Medical Aesthetics provides high-quality aesthetic, anti-aging treatments, including Botox/Dysport, Filler, PRP, micro-needing, hair restoration, and womens…"""
"scopeiq","end-customer","single-location med spa","DHH Med Spa","http://dhhmedspa.com","Scottsdale, AZ","","An independent medical aesthetic practice in AZ whose own site advertises Botox - it operates under one state's supervision, delegation and ownership rules and has no in-house counsel.","https://dhhmedspa.com/contact/","owner","https://www.yellowpages.com/scottsdale-az/medical-spas","directory","verified","2026-09-03","Procedures found on its own site: Botox, Dysport, Jeuveau, Xeomin, Daxxify, dermal fillers, Juvederm, Restylane. Found in the yellowpages.com Medical Spas category for Scottsdale, AZ, then confirmed by opening the practice's own homepage. Directory description: ""We are a med spa that offers injectables, facials, laser treatments, skin tightening treatments, weight loss programs and much more!We are a med spa that offers…"""
"scopeiq","end-customer","single-location med spa","DermaPrecision","https://dermaprecision.com","Scottsdale, AZ","","An independent medical aesthetic practice in AZ whose own site advertises Botox - it operates under one state's supervision, delegation and ownership rules and has no in-house counsel.","","owner","https://www.yellowpages.com/scottsdale-az/medical-spas?page=2","directory","verified","2026-09-03","Procedures found on its own site: Botox, Dysport, dermal fillers, Sculptra, Kybella, microneedling, medical weight loss, IV therapy. Found in the yellowpages.com Medical Spas category for Scottsdale, AZ, then confirmed by opening the practice's own homepage. Directory description: ""A boutique, medical aesthetic practice located in North Scottsdale that specializes in botox, filler, sculptra, bioregenerative skin treatments, microneedling,…"""
"scopeiq","end-customer","single-location med spa","Aesthetic Assets Face and Body Rejuvenation","http://www.aestheticassets.com","Scottsdale, AZ","","An independent medical aesthetic practice in AZ whose own site advertises Botox - it operates under one state's supervision, delegation and ownership rules and has no in-house counsel.","http://www.aestheticassets.com/contact/","owner","https://www.yellowpages.com/scottsdale-az/medical-spas?page=2","directory","verified","2026-09-03","Procedures found on its own site: Botox, Dysport, dermal fillers, Juvederm, Restylane, Sculptra, microneedling, CoolSculpting. Found in the yellowpages.com Medical Spas category for Scottsdale, AZ, then confirmed by opening the practice's own homepage."
"scopeiq","end-customer","single-location med spa","Scottsdale Med Spa","https://scottsdalemedspa.beauty","Scottsdale, AZ","","An independent medical aesthetic practice in AZ whose own site advertises Botox - it operates under one state's supervision, delegation and ownership rules and has no in-house counsel.","https://scottsdalemedspa.beauty/contact/","owner","https://www.yellowpages.com/scottsdale-az/medical-spas","directory","verified","2026-09-03","Procedures found on its own site: Botox, microneedling, laser hair removal, HydraFacial, chemical peels. Found in the yellowpages.com Medical Spas category for Scottsdale, AZ, then confirmed by opening the practice's own homepage. Directory description: ""Welcome to Scottsdale Med Spa, a sanctuary where elegance meets tranquility Nestled in the charming Old Town Scottsdale, we are dedicated to empowering you to…"""
"scopeiq","end-customer","single-location med spa","Elite Medspa","https://elitemedspaaz.com","Scottsdale, AZ","","An independent medical aesthetic practice in AZ whose own site advertises Botox - it operates under one state's supervision, delegation and ownership rules and has no in-house counsel.","https://elitemedspaaz.com/contact-us/","owner","https://www.yellowpages.com/scottsdale-az/medical-spas","directory","verified","2026-09-03","Procedures found on its own site: Botox, dermal fillers, microneedling, IPL, HydraFacial, chemical peels, Emsculpt, Ultherapy. Found in the yellowpages.com Medical Spas category for Scottsdale, AZ, then confirmed by opening the practice's own homepage. Directory description: ""Our range of stateoftheart, age defying medical spa services can transofrm your quality of life Give your skin, your body, and your health a boost with services…"""
"scopeiq","end-customer","single-location med spa","Mountain View Dermatology and Aesthetics","https://epsteinderm.com","Tucson, AZ","","An independent medical aesthetic practice in AZ whose own site advertises microneedling - it operates under one state's supervision, delegation and ownership rules and has no in-house counsel.","https://epsteinderm.com/new-patients/appointments/","owner","https://www.yellowpages.com/tucson-az/medical-spas","directory","verified","2026-09-03","Procedures found on its own site: microneedling, laser hair removal, HydraFacial, Emsculpt. Found in the yellowpages.com Medical Spas category for Tucson, AZ, then confirmed by opening the practice's own homepage. Directory description: ""With a location across the street from Tucson Medical Center in Tucson, AZ and serving individuals in Greater Tucson and as far away as Las Cruces, NM, Mountain…"""
"scopeiq","end-customer","single-location med spa","Lusso Medspa and Wellness","https://www.lussomedspa.com","Tucson, AZ","","An independent medical aesthetic practice in AZ whose own site advertises Botox - it operates under one state's supervision, delegation and ownership rules and has no in-house counsel.","https://www.lussomedspa.com/contact","owner","https://www.yellowpages.com/tucson-az/medical-spas","directory","verified","2026-09-03","Procedures found on its own site: Botox, dermal fillers, medical weight loss, hormone therapy. Found in the yellowpages.com Medical Spas category for Tucson, AZ, then confirmed by opening the practice's own homepage. Directory description: ""Lusso Medspa And Wellness invites you to discover the benefits of advanced aesthetics As a dedicated medical spa, we offer a range of revitalizing treatments for…"""
"scopeiq","end-customer","single-location med spa","ReKindle Beauty & Aesthetics","https://rekindlebeauty.com/tucson-med-spa-oracle","Tucson, AZ","","An independent medical aesthetic practice in AZ whose own site advertises dermal fillers - it operates under one state's supervision, delegation and ownership rules and has no in-house counsel.","https://rekindlebeauty.com/contact/","owner","https://www.yellowpages.com/tucson-az/medical-spas?page=2","directory","verified","2026-09-03","Procedures found on its own site: dermal fillers, microneedling, PRP, medical weight loss, IV therapy, hormone therapy. Found in the yellowpages.com Medical Spas category for Tucson, AZ, then confirmed by opening the practice's own homepage. Directory description: ""Formerly named Lashes del Sol, ReKindle Beauty & Aesthetics in Tucson is your premier destination for lash, brow and medical spa services that enhance your…"""
"scopeiq","end-customer","single-location med spa","Mirror Mirror Aesthetics & Wellness","http://www.mmspatucson.com?y_source=1_mju4oti1mzctntuzlwxvy2f0aw9ulndlynnpdgu%3d","Tucson, AZ","","An independent medical aesthetic practice in AZ whose own site advertises Botox - it operates under one state's supervision, delegation and ownership rules and has no in-house counsel.","admin@mmspatucson.net","owner","https://www.yellowpages.com/tucson-az/medical-spas?page=2","directory","verified","2026-09-03","Procedures found on its own site: Botox, Jeuveau, Daxxify, dermal fillers, Sculptra, microneedling, laser hair removal, medical weight loss. Found in the yellowpages.com Medical Spas category for Tucson, AZ, then confirmed by opening the practice's own homepage. Directory description: ""Welcome to Mirror Mirror Medical Aesthetics & Wellness, where faces and bodies are rejuvenated, restored, and sculpted with the latest technology and most…"""
"scopeiq","end-customer","single-location med spa","ML Med Spa","https://mlmedspas.com","Tucson, AZ","","An independent medical aesthetic practice in AZ whose own site advertises medical weight loss - it operates under one state's supervision, delegation and ownership rules and has no in-house counsel.","https://mlmedspas.com/book-a-free-consultation/","owner","https://www.yellowpages.com/tucson-az/medical-spas?page=2","directory","verified","2026-09-03","Procedures found on its own site: medical weight loss. Found in the yellowpages.com Medical Spas category for Tucson, AZ, then confirmed by opening the practice's own homepage. Directory description: ""At ML Med Spa, we specialize in helping you look and feel your best. From medical weight loss to our med spa aesthetic services, there's something for…"""
"scopeiq","end-customer","single-location med spa","Blush & Bloom Medspa","https://blushandbloommedspa.com","Tucson, AZ","","An independent medical aesthetic practice in AZ whose own site advertises Botox - it operates under one state's supervision, delegation and ownership rules and has no in-house counsel.","https://blushandbloommedspa.com/contact/","owner","https://www.yellowpages.com/tucson-az/medical-spas?page=2","directory","verified","2026-09-03","Procedures found on its own site: Botox, Dysport, Jeuveau, dermal fillers, Sculptra, microneedling, laser hair removal, PRP. Found in the yellowpages.com Medical Spas category for Tucson, AZ, then confirmed by opening the practice's own homepage. Directory description: ""Blush and Bloom MedSpa is a luxury aesthetic medical spa in Tucson, Arizona, owned by Betsy Erickson, RN, CLT. With a passion for helping men and women achieve…"""
"scopeiq","end-customer","single-location med spa","Vein and Aesthetics of Tucson","https://www.veinandaestheticsoftucson.com","Tucson, AZ","","An independent medical aesthetic practice in AZ whose own site advertises Botox - it operates under one state's supervision, delegation and ownership rules and has no in-house counsel.","https://veinandaestheticsoftucson.com/contact-vein-and-aesthetics-of-tucson/","owner","https://www.yellowpages.com/tucson-az/medical-spas","directory","verified","2026-09-03","Procedures found on its own site: Botox, dermal fillers, microneedling, Morpheus8, laser hair removal, IPL. Found in the yellowpages.com Medical Spas category for Tucson, AZ, then confirmed by opening the practice's own homepage. Directory description: ""At Vein and Aesthetics of Tucson, we are committed to providing the most comprehensive treatment available for vein and skin disorders, in addition to the latest…"""
"scopeiq","end-customer","single-location med spa","Solara Aesthetics","https://www.solaraaestheticsaz.com","Tucson, AZ","","An independent medical aesthetic practice in AZ whose own site advertises Botox - it operates under one state's supervision, delegation and ownership rules and has no in-house counsel.","https://www.solaraaestheticsaz.com/contact/","owner","https://www.yellowpages.com/tucson-az/medical-spas?page=2","directory","verified","2026-09-03","Procedures found on its own site: Botox, Jeuveau, microneedling, medical weight loss, chemical peels. Found in the yellowpages.com Medical Spas category for Tucson, AZ, then confirmed by opening the practice's own homepage. Directory description: ""Solara Aesthetics is a bilingual, physician-led medical aesthetics practice in Tucson, Arizona, founded by Dr. Jennifer Aranas, a board-certified physician. Dr.…"""
"scopeiq","end-customer","single-location med spa","Greenspring Aesthetics","https://greenspringaesthetics.com","Tucson, AZ","","An independent medical aesthetic practice in AZ whose own site advertises Botox - it operates under one state's supervision, delegation and ownership rules and has no in-house counsel.","https://greenspringaesthetics.com/contact-us/","owner","https://www.yellowpages.com/tucson-az/medical-spas?page=2","directory","verified","2026-09-03","Procedures found on its own site: Botox, dermal fillers, IPL, medical weight loss. Found in the yellowpages.com Medical Spas category for Tucson, AZ, then confirmed by opening the practice's own homepage. Directory description: ""Greenspring Medical Aesthetics prides itself on being able to customize a nonsurgical treatment for almost any body area, all facial and body types Customization…"""
"scopeiq","end-customer","single-location med spa","Vianka Aesthetic Med Spa & Body Sculpting","http://viankamedspa.com","Atlanta, GA","","An independent medical aesthetic practice in GA whose own site advertises Botox - it operates under one state's supervision, delegation and ownership rules and has no in-house counsel.","https://viankamedspa.com/contact-us/","owner","https://www.yellowpages.com/atlanta-ga/medical-spas","directory","verified","2026-09-03","Procedures found on its own site: Botox, microneedling, laser hair removal, HydraFacial, medical weight loss, IV drip. Found in the yellowpages.com Medical Spas category for Atlanta, GA, then confirmed by opening the practice's own homepage. Directory description: ""Our specialists with many years of experience will work with you to meet your needs whether you are new to massage and skincare treatments or are a longtime…"""
"scopeiq","end-customer","single-location med spa","Aya Medical Spa the Works-West Midtown","http://www.ayaskin.com","Atlanta, GA","","An independent medical aesthetic practice in GA whose own site advertises Botox - it operates under one state's supervision, delegation and ownership rules and has no in-house counsel.","http://www.ayaskin.com/pages/contact-us","owner","https://www.yellowpages.com/atlanta-ga/medical-spas","directory","verified","2026-09-03","Procedures found on its own site: Botox, Sculptra, microneedling, laser hair removal, PRP, chemical peels. Found in the yellowpages.com Medical Spas category for Atlanta, GA, then confirmed by opening the practice's own homepage. Directory description: ""AYA Medical Spa in Alpharetta, GA specializes in Botox, injectables, lasers and regenerative treatments. Conveniently located in the Avalon shopping center, AYA…"""
"scopeiq","end-customer","single-location med spa","Institut' DERMed Spa - Buckhead","http://www.idermed.com","Atlanta, GA","","An independent medical aesthetic practice in GA whose own site advertises medical aesthetic treatments - it operates under one state's supervision, delegation and ownership rules and has no in-house counsel.","https://www.idermed.com/contact-us/","owner","https://www.yellowpages.com/atlanta-ga/medical-spas","directory","verified","2026-09-03","Found in the yellowpages.com Medical Spas category for Atlanta, GA, then confirmed by opening the practice's own homepage. Directory description: ""Institut' DERMed Med Spa celebrates 30 years of providing clinical facial and body care treatments in our Buckhead, Atlanta location. All of our licensed…"""
"scopeiq","end-customer","single-location med spa","LUX Med Spa","https://www.buckheadplasticsurgery.com/lux-med-spa","Atlanta, GA","","An independent medical aesthetic practice in GA whose own site advertises Botox - it operates under one state's supervision, delegation and ownership rules and has no in-house counsel.","https://buckheadplasticsurgery.com/contact-us-3/","owner","https://www.yellowpages.com/atlanta-ga/medical-spas","directory","verified","2026-09-03","Procedures found on its own site: Botox, Dysport, Jeuveau, dermal fillers, Restylane, Sculptra, Kybella, microneedling. Found in the yellowpages.com Medical Spas category for Atlanta, GA, then confirmed by opening the practice's own homepage. Directory description: ""LUX Med Spa at Buckhead Plastic Surgery opened its doors to Georgia clients in 2015. We are a full-service medical spa and offer non-surgical services to the…"""
"scopeiq","end-customer","single-location med spa","Ellemes Medical Spa","http://www.ellemesmedspa.com","Atlanta, GA","","An independent medical aesthetic practice in GA whose own site advertises Botox - it operates under one state's supervision, delegation and ownership rules and has no in-house counsel.","https://ellemesmedspa.com/contact-us/","owner","https://www.yellowpages.com/atlanta-ga/medical-spas","directory","verified","2026-09-03","Procedures found on its own site: Botox, Dysport, dermal fillers, Sculptra, Kybella, microneedling, laser hair removal, IPL. Found in the yellowpages.com Medical Spas category for Atlanta, GA, then confirmed by opening the practice's own homepage. Directory description: ""Ellemes Medical Spa provides the best Med Spa corrective and noninvasive skin care products and services in Atlanta, GA. Services include Hydrafacials, chemical…"""
"scopeiq","end-customer","single-location med spa","Balanced Aesthetics + Wellness","https://balancedaestheticsmedspa.com","Atlanta, GA","","An independent medical aesthetic practice in GA whose own site advertises Botox - it operates under one state's supervision, delegation and ownership rules and has no in-house counsel.","https://balancedaestheticsmedspa.com/contact-us","owner","https://www.yellowpages.com/atlanta-ga/medical-spas","directory","verified","2026-09-03","Procedures found on its own site: Botox, dermal fillers, microneedling, laser hair removal, IPL, HydraFacial, medical weight loss, hormone therapy. Found in the yellowpages.com Medical Spas category for Atlanta, GA, then confirmed by opening the practice's own homepage. Directory description: ""Balanced Aesthetics + Wellness is Atlanta's premier concierge medspa and wellness clinic in Brookhaven. Advanced aesthetics and medically guided wellness under…"""
"scopeiq","end-customer","single-location med spa","Flawless Imperfections Med Spa","https://www.flawlessimperfectionsmedspa.com/contact","Atlanta, GA","","An independent medical aesthetic practice in GA whose own site advertises medical weight loss - it operates under one state's supervision, delegation and ownership rules and has no in-house counsel.","https://www.flawlessimperfectionsmedspa.com/contact-us/","owner","https://www.yellowpages.com/atlanta-ga/medical-spas","directory","verified","2026-09-03","Procedures found on its own site: medical weight loss, hormone therapy. Found in the yellowpages.com Medical Spas category for Atlanta, GA, then confirmed by opening the practice's own homepage. Directory description: ""All professionals at Flawless Imperfections Med Spa, LLC maintain the highest levels of accreditation and pursue ongoing education to stay abreast of the latest…"""
"scopeiq","end-customer","single-location med spa","dermani MEDSPA® Alpharetta","https://dermanimedspa.com/alpharetta-ga","Alpharetta, GA","","An independent medical aesthetic practice in GA whose own site advertises medical aesthetic treatments - it operates under one state's supervision, delegation and ownership rules and has no in-house counsel.","","owner","https://www.yellowpages.com/alpharetta-ga/medical-spas","directory","verified","2026-09-03","Found in the yellowpages.com Medical Spas category for Alpharetta, GA, then confirmed by opening the practice's own homepage. Directory description: ""dermani MEDSPA® Alpharetta is your trusted destination for advanced aesthetic treatments and natural-looking results. As one of the top 25 Botox® providers in…"""
"scopeiq","end-customer","single-location med spa","Sculpted Contours Luxury Medical Aesthetics","https://www.sculptedcontours.com","Alpharetta, GA","","An independent medical aesthetic practice in GA whose own site advertises Botox - it operates under one state's supervision, delegation and ownership rules and has no in-house counsel.","https://sculptedcontours.com/contact/schedule-consultation/","owner","https://www.yellowpages.com/alpharetta-ga/medical-spas","directory","verified","2026-09-03","Procedures found on its own site: Botox, Dysport, dermal fillers, Juvederm, Restylane, Sculptra, microneedling, Morpheus8. Found in the yellowpages.com Medical Spas category for Alpharetta, GA, then confirmed by opening the practice's own homepage. Directory description: ""Luxury Medical Aesthetic Center offering Advanced Body Sculpting and Advanced Facial Tightening Protocols utilizing the most advanced medical aesthetic…"""
"scopeiq","end-customer","single-location med spa","Timeless Aesthetics & Wellness (Alpharetta)","https://www.timelessmedspaatl.com","Alpharetta, GA","","An independent medical aesthetic practice in GA whose own site advertises laser hair removal - it operates under one state's supervision, delegation and ownership rules and has no in-house counsel.","https://www.timelessmedspaatl.com/contact/","owner","https://www.yellowpages.com/alpharetta-ga/medical-spas?page=2","directory","verified","2026-09-03","Procedures found on its own site: laser hair removal, medical weight loss, hormone therapy, chemical peels. Found in the yellowpages.com Medical Spas category for Alpharetta, GA, then confirmed by opening the practice's own homepage. Directory description: ""Timeless Aesthetics & Wellness exists to help you look and feel your best — with results-driven treatments, personalized care, and an elevated experience at…"""
"scopeiq","end-customer","single-location med spa","Alpha Lan Medical Spa","https://www.alphalanmedspaga.com","Alpharetta, GA","","An independent medical aesthetic practice in GA whose own site advertises IPL - it operates under one state's supervision, delegation and ownership rules and has no in-house counsel.","","owner","https://www.yellowpages.com/alpharetta-ga/medical-spas","directory","verified","2026-09-03","Procedures found on its own site: IPL. Found in the yellowpages.com Medical Spas category for Alpharetta, GA, then confirmed by opening the practice's own homepage. Directory description: ""At Alpha Lan Med Spa, we believe in prioritizing personal wellness, and an excellent way to do that is with optimal aesthetic and facial treatments at our…"""
"scopeiq","end-customer","single-location med spa","Natural Body Spa + Med Spa | Alpharetta","https://www.naturalbody.com/spa-locations/georgia-alpharetta","Alpharetta, GA","","An independent medical aesthetic practice in GA whose own site advertises Botox - it operates under one state's supervision, delegation and ownership rules and has no in-house counsel.","https://www.naturalbody.com/group-bookings-spa-parties","owner","https://www.yellowpages.com/alpharetta-ga/medical-spas","directory","verified","2026-09-03","Procedures found on its own site: Botox, Dysport, dermal fillers, Juvederm, Restylane, Sculptra, microneedling, laser hair removal. Found in the yellowpages.com Medical Spas category for Alpharetta, GA, then confirmed by opening the practice's own homepage. Directory description: ""Award-winning, Natural Body Spa + Med Spa in Alpharetta offers a full range of spa and med spa treatments to help you look and feel your best. Relax with your…"""
"scopeiq","end-customer","single-location med spa","Aqua Medical Spa - Alpharetta","https://aquamedicalspa.com/contact-us","Alpharetta, GA","","An independent medical aesthetic practice in GA whose own site advertises microneedling - it operates under one state's supervision, delegation and ownership rules and has no in-house counsel.","https://aquamedicalspa.com/contact-us/","owner","https://www.yellowpages.com/alpharetta-ga/medical-spas?page=2","directory","verified","2026-09-03","Procedures found on its own site: microneedling, CoolSculpting, laser hair removal, HydraFacial, chemical peels, Emsculpt, thread lifts. Found in the yellowpages.com Medical Spas category for Alpharetta, GA, then confirmed by opening the practice's own homepage. Directory description: ""At Aqua Medical Spa in Alpharetta our physician-supervised team of aestheticians and laser technicians are committed to providing you with highly personalized…"""
"scopeiq","end-customer","single-location med spa","Richland Aesthetics Luxury Med Spa Las Vegas","https://www.richlandaesthetics.com","Las Vegas, NV","","An independent medical aesthetic practice in NV whose own site advertises Botox - it operates under one state's supervision, delegation and ownership rules and has no in-house counsel.","https://richlandaesthetics.com/contact-us/","owner","https://www.yellowpages.com/las-vegas-nv/medical-spas?page=2","directory","verified","2026-09-03","Procedures found on its own site: Botox, Jeuveau, Daxxify, dermal fillers, Juvederm, Restylane, Sculptra, microneedling. Found in the yellowpages.com Medical Spas category for Las Vegas, NV, then confirmed by opening the practice's own homepage. Directory description: ""Richland Aesthetics Luxury Med Spa Las Vegas delivers a premier pampering experience with advanced medspa services: Medical Weight Loss with Semaglutide and…"""
"scopeiq","end-customer","single-location med spa","Divine Aesthetics Med Spa","http://divinemedspa.com","Las Vegas, NV","","An independent medical aesthetic practice in NV whose own site advertises Botox - it operates under one state's supervision, delegation and ownership rules and has no in-house counsel.","https://divinemedspa.com/contact-us/","owner","https://www.yellowpages.com/las-vegas-nv/medical-spas?page=2","directory","verified","2026-09-03","Procedures found on its own site: Botox, dermal fillers, Morpheus8, laser hair removal, IPL, HydraFacial, medical weight loss. Found in the yellowpages.com Medical Spas category for Las Vegas, NV, then confirmed by opening the practice's own homepage. Directory description: ""Divine Aesthetics Med Spa, located in Las Vegas NV, is a premier destination for all your medical spa, facial spa, and skin care clinic needs. Our expert team of…"""
"scopeiq","end-customer","single-location med spa","Eye Candy Med Spa","https://www.eyecandymedspa.com/contact","Las Vegas, NV","","An independent medical aesthetic practice in NV whose own site advertises microneedling - it operates under one state's supervision, delegation and ownership rules and has no in-house counsel.","https://www.eyecandymedspa.com/contact","owner","https://www.yellowpages.com/las-vegas-nv/medical-spas?page=2","directory","verified","2026-09-03","Procedures found on its own site: microneedling, CoolSculpting, laser hair removal, IPL, semaglutide (GLP-1), tirzepatide (GLP-1), medical weight loss, chemical peels. Found in the yellowpages.com Medical Spas category for Las Vegas, NV, then confirmed by opening the practice's own homepage. Directory description: ""We are a full service med spa offering facials, dermaplaning ,chemical peels hydroafacials microneedling, Botox, PDO threads and filler!We are a full service med…"""
"scopeiq","end-customer","single-location med spa","Advanced Aesthetics - Centennial","https://advancedaestheticslv.com","Las Vegas, NV","","An independent medical aesthetic practice in NV whose own site advertises Botox - it operates under one state's supervision, delegation and ownership rules and has no in-house counsel.","https://advancedaestheticslv.com/contact/","owner","https://www.yellowpages.com/las-vegas-nv/medical-spas?page=2","directory","verified","2026-09-03","Procedures found on its own site: Botox, Dysport, Xeomin, dermal fillers, Juvederm, Restylane, Sculptra, microneedling. Found in the yellowpages.com Medical Spas category for Las Vegas, NV, then confirmed by opening the practice's own homepage. Directory description: ""Advanced Aesthetics Centennial is a top medical spa specializing in Botox Injections, Dermal Fillers, Laser Skin Treatments, and the DiamondGlow Facial Our…"""
"scopeiq","end-customer","single-location med spa","Dermabella Medical Spa & Coolsculpting Clinic","http://www.dermabellamedicalspa.com","Las Vegas, NV","","An independent medical aesthetic practice in NV whose own site advertises Botox - it operates under one state's supervision, delegation and ownership rules and has no in-house counsel.","","owner","https://www.yellowpages.com/las-vegas-nv/medical-spas","directory","verified","2026-09-03","Procedures found on its own site: Botox, Xeomin, dermal fillers, Sculptra, microneedling, CoolSculpting, laser hair removal, IPL. Found in the yellowpages.com Medical Spas category for Las Vegas, NV, then confirmed by opening the practice's own homepage."
"scopeiq","end-customer","single-location med spa","Chic La Vie Medical Spa","https://chiclavie.com/restylane","Las Vegas, NV","","An independent medical aesthetic practice in NV whose own site advertises Botox - it operates under one state's supervision, delegation and ownership rules and has no in-house counsel.","https://chiclavie.com/contact-us/","owner","https://www.yellowpages.com/las-vegas-nv/medical-spas","directory","verified","2026-09-03","Procedures found on its own site: Botox, Dysport, dermal fillers, Juvederm, Restylane, Sculptra, microneedling, Morpheus8. Found in the yellowpages.com Medical Spas category for Las Vegas, NV, then confirmed by opening the practice's own homepage. Directory description: ""At Chic la Vie Medical Spa in Las Vegas, Nevada, our team works passionately to improve the beauty in each individual patient that comes to our med spa, helping…"""
"scopeiq","end-customer","single-location med spa","Green Valley Aesthetics Laser and Skin Care Center","http://www.gvaesthetics.com","Henderson, NV","","An independent medical aesthetic practice in NV whose own site advertises dermal fillers - it operates under one state's supervision, delegation and ownership rules and has no in-house counsel.","https://gvaesthetics.com/#contact-form","owner","https://www.yellowpages.com/henderson-nv/medical-spas","directory","verified","2026-09-03","Procedures found on its own site: dermal fillers, Kybella, laser hair removal. Found in the yellowpages.com Medical Spas category for Henderson, NV, then confirmed by opening the practice's own homepage. Directory description: ""Located on Stephanie Street, off the 215 in Henderson, Green Valley Aesthetics Laser and Skin Care Center has been helping clients with their skin care and…"""
"scopeiq","end-customer","single-location med spa","Kutis Medical Aesthetics","https://kutismedicalaesthetics.com","Henderson, NV","","An independent medical aesthetic practice in NV whose own site advertises dermal fillers - it operates under one state's supervision, delegation and ownership rules and has no in-house counsel.","https://kutismedicalaesthetics.com/contact-us/","owner","https://www.yellowpages.com/henderson-nv/medical-spas","directory","verified","2026-09-03","Procedures found on its own site: dermal fillers, microneedling, Morpheus8, IPL, PRP, medical weight loss, chemical peels. Found in the yellowpages.com Medical Spas category for Henderson, NV, then confirmed by opening the practice's own homepage. Directory description: ""Kutis Medical Aesthetics is a med spa serving men and women of all skin types in Henderson, NV and the Greater Las Vegas area Located a short drive away from the…"""
"scopeiq","end-customer","single-location med spa","Henderson Med Spa","https://www.hendersonmedspa.com","Henderson, NV","","An independent medical aesthetic practice in NV whose own site advertises Xeomin - it operates under one state's supervision, delegation and ownership rules and has no in-house counsel.","https://www.hendersonmedspa.com/contact-us","owner","https://www.yellowpages.com/henderson-nv/medical-spas","directory","verified","2026-09-03","Procedures found on its own site: Xeomin, Daxxify, dermal fillers, microneedling, IPL, medical weight loss, chemical peels, Emsculpt. Found in the yellowpages.com Medical Spas category for Henderson, NV, then confirmed by opening the practice's own homepage. Directory description: ""Henderson Med Spa provides personalized aesthetic treatments. Our background in primary care uniquely positions us to look at your entire health history and…"""
"scopeiq","end-customer","single-location med spa","Oasis Beauty Medical Aesthetics","https://oasisbeauty.life","Henderson, NV","","An independent medical aesthetic practice in NV whose own site advertises Botox - it operates under one state's supervision, delegation and ownership rules and has no in-house counsel.","https://oasisbeauty.life/contact-us/","owner","https://www.yellowpages.com/henderson-nv/medical-spas","directory","verified","2026-09-03","Procedures found on its own site: Botox, dermal fillers, microneedling, laser hair removal, IPL, chemical peels. Found in the yellowpages.com Medical Spas category for Henderson, NV, then confirmed by opening the practice's own homepage. Directory description: """"Inspiring Beauty from the Outside In and from the Inside Out Offering Non-Surgical Facelifts Body Contouring Body Muscle Toning Facials Regenerative Medicine…"""
"scopeiq","end-customer","single-location med spa","Veristic Aesthetics","https://veristicaesthetics.com","Henderson, NV","","An independent medical aesthetic practice in NV whose own site advertises Botox - it operates under one state's supervision, delegation and ownership rules and has no in-house counsel.","https://www.veristicaesthetics.com/book-appointment","owner","https://www.yellowpages.com/henderson-nv/medical-spas","directory","verified","2026-09-03","Procedures found on its own site: Botox, dermal fillers, microneedling, chemical peels. Found in the yellowpages.com Medical Spas category for Henderson, NV, then confirmed by opening the practice's own homepage. Directory description: ""Veristic Aesthetics offers personalized beauty and wellness solutions, specializing in advanced skin treatments, cosmetic enhancements, and holistic care…"""
"scopeiq","end-customer","single-location med spa","Swedish MedSPA","https://www.swedishspa.org/med-spa?Is=location&amp;y_source=1_MjAyNzE0NDM3MS01NTMtbG9jYXRpb24ud2Vic2l0ZQ%3D%3D","Seattle, WA","","An independent medical aesthetic practice in WA whose own site advertises Botox - it operates under one state's supervision, delegation and ownership rules and has no in-house counsel.","https://www.swedishspa.org/contact","owner","https://www.yellowpages.com/seattle-wa/medical-spas?page=2","directory","verified","2026-09-03","Procedures found on its own site: Botox, dermal fillers, microneedling, medical weight loss, chemical peels. Found in the yellowpages.com Medical Spas category for Seattle, WA, then confirmed by opening the practice's own homepage. Directory description: ""Our clinic offers a wide range of rejuvenating MedSPA services to help you elevate your natural beauty. From Botox to advanced skin treatments and body…"""
"scopeiq","end-customer","single-location med spa","Lux Aesthetics","https://www.luxaestheticsseattle.com","Seattle, WA","","An independent medical aesthetic practice in WA whose own site advertises Botox - it operates under one state's supervision, delegation and ownership rules and has no in-house counsel.","https://luxaestheticsseattle.com/contact/","owner","https://www.yellowpages.com/seattle-wa/medical-spas","directory","verified","2026-09-03","Procedures found on its own site: Botox, dermal fillers, Sculptra, Kybella, microneedling, Morpheus8, laser hair removal, IPL. Found in the yellowpages.com Medical Spas category for Seattle, WA, then confirmed by opening the practice's own homepage. Directory description: ""A boutique luxury experience in the heart of Magnolia, Seattle that provides customized and comprehensive solutions to your unique aesthetic concerns that…"""
"scopeiq","end-customer","single-location med spa","La Clinique Aesthetics","https://lacliniqueaesthetics.com","Seattle, WA","","An independent medical aesthetic practice in WA whose own site advertises Botox - it operates under one state's supervision, delegation and ownership rules and has no in-house counsel.","https://www.lacliniqueaesthetics.com/contact/","owner","https://www.yellowpages.com/seattle-wa/medical-spas?page=2","directory","verified","2026-09-03","Procedures found on its own site: Botox, Dysport, Xeomin, Daxxify, dermal fillers, Sculptra, microneedling, PRP. Found in the yellowpages.com Medical Spas category for Seattle, WA, then confirmed by opening the practice's own homepage. Directory description: ""At La Clinique Aesthetics, we believe beauty is personal and results should feel natural. We serve the greater Seattle area with a consult-driven approach to…"""
"scopeiq","end-customer","single-location med spa","Larrabee Center For Plastic Surgery","http://larrabeecenter.com","Seattle, WA","","An independent medical aesthetic practice in WA whose own site advertises Botox - it operates under one state's supervision, delegation and ownership rules and has no in-house counsel.","https://www.larrabeecenter.com/contact/","owner","https://www.yellowpages.com/seattle-wa/medical-spas","directory","verified","2026-09-03","Procedures found on its own site: Botox, Dysport, Daxxify, dermal fillers, Restylane, Sculptra, microneedling, CoolSculpting. Found in the yellowpages.com Medical Spas category for Seattle, WA, then confirmed by opening the practice's own homepage. Directory description: ""I highly recommend Lisa Machak at the Larrabee Center for any fillers/botox you might need. She takes her time to study your face, listens to your concerns and comes up with a…"""
"scopeiq","end-customer","single-location med spa","Blue Haven Medical Spa","http://bluehavenmedicalspa.com","Seattle, WA","","An independent medical aesthetic practice in WA whose own site advertises Botox - it operates under one state's supervision, delegation and ownership rules and has no in-house counsel.","http://bluehavenmedicalspa.com/contact/#form","owner","https://www.yellowpages.com/seattle-wa/medical-spas","directory","verified","2026-09-03","Procedures found on its own site: Botox, Dysport, dermal fillers, Kybella, microneedling, laser hair removal, IPL, chemical peels. Found in the yellowpages.com Medical Spas category for Seattle, WA, then confirmed by opening the practice's own homepage."
"scopeiq","end-customer","single-location med spa","Purity Medical Spa","http://puritymedicalspa.com","Seattle, WA","","An independent medical aesthetic practice in WA whose own site advertises Botox - it operates under one state's supervision, delegation and ownership rules and has no in-house counsel.","http://puritymedicalspa.com/contact/","owner","https://www.yellowpages.com/seattle-wa/medical-spas","directory","verified","2026-09-03","Procedures found on its own site: Botox, Dysport, dermal fillers, Kybella, microneedling, CoolSculpting, laser hair removal, IPL. Found in the yellowpages.com Medical Spas category for Seattle, WA, then confirmed by opening the practice's own homepage."
"scopeiq","end-customer","single-location med spa","Maven Aesthetics & Wellness","https://www.mavenaw.com/contact","Bellevue, WA","","An independent medical aesthetic practice in WA whose own site advertises Botox - it operates under one state's supervision, delegation and ownership rules and has no in-house counsel.","https://www.mavenaw.com/contact/","owner","https://www.yellowpages.com/bellevue-wa/medical-spas","directory","verified","2026-09-03","Procedures found on its own site: Botox, Xeomin, dermal fillers, Restylane, Sculptra, Kybella, microneedling, IPL. Found in the yellowpages.com Medical Spas category for Bellevue, WA, then confirmed by opening the practice's own homepage. Directory description: ""We are conveniently located in Downtown Bellevue, Our team offers a variety of treatments ranging from Botox, dermal fillers, Kybella, Mesotherapy, RF…"""
"scopeiq","end-customer","single-location med spa","Amara Medical Aesthetics","https://amaraaestheticsbellevue.com","Bellevue, WA","","An independent medical aesthetic practice in WA whose own site advertises Botox - it operates under one state's supervision, delegation and ownership rules and has no in-house counsel.","https://www.amaraaestheticsbellevue.com/contact/","owner","https://www.yellowpages.com/bellevue-wa/medical-spas","directory","verified","2026-09-03","Procedures found on its own site: Botox, dermal fillers, Sculptra, microneedling, Morpheus8, IPL, chemical peels, Ultherapy. Found in the yellowpages.com Medical Spas category for Bellevue, WA, then confirmed by opening the practice's own homepage. Directory description: ""As an Ophthalmic Facial Plastic, Cosmetic, and Reconstructive Surgeon, Dr. Kristin Tarbets area of expertise focuses on the eyelids and face. Double…"""
"scopeiq","end-customer","single-location med spa","Athenix | Advanced Plastic Surgery & Aesthetic Centers | Bellevue","https://www.athenixbody.com/bellevue","Bellevue, WA","","An independent medical aesthetic practice in WA whose own site advertises Botox - it operates under one state's supervision, delegation and ownership rules and has no in-house counsel.","https://www.athenixbody.com/patient-lookbook/","owner","https://www.yellowpages.com/bellevue-wa/medical-spas","directory","verified","2026-09-03","Procedures found on its own site: Botox, Dysport, Jeuveau, Xeomin, Daxxify, dermal fillers, Restylane, Sculptra. Found in the yellowpages.com Medical Spas category for Bellevue, WA, then confirmed by opening the practice's own homepage. Directory description: ""I met with Dr. Bullis and was immediately comfortable with him. He has a very warm manner, understanding and non-judgmental. Dr. Bullis was careful and considerate, and I had…"""
"scopeiq","end-customer","single-location med spa","The Stern Center for Aesthetic Surgery","https://sternctr.com","Bellevue, WA","","An independent medical aesthetic practice in WA whose own site advertises Botox - it operates under one state's supervision, delegation and ownership rules and has no in-house counsel.","https://sternctr.com/contact/","owner","https://www.yellowpages.com/bellevue-wa/medical-spas","directory","verified","2026-09-03","Procedures found on its own site: Botox, dermal fillers, Juvederm, Kybella, microneedling, HydraFacial, PRP, chemical peels. Found in the yellowpages.com Medical Spas category for Bellevue, WA, then confirmed by opening the practice's own homepage. Directory description: ""Whether you are looking to enhance the appearance of your face, your eyes, your skin, your hair, or your body, our warm and caring staff will make your…"""
"scopeiq","end-customer","single-location med spa","Skin Deep Medical Spa","http://www.skindeepmedspa.com","Boston, MA","","An independent medical aesthetic practice in MA whose own site advertises Botox - it operates under one state's supervision, delegation and ownership rules and has no in-house counsel.","http://www.skindeepmedspa.com//connect.facebook.net","owner","https://www.yellowpages.com/boston-ma/medical-spas","directory","verified","2026-09-03","Procedures found on its own site: Botox, dermal fillers, Sculptra, Kybella, microneedling, CoolSculpting, laser hair removal, IPL. Found in the yellowpages.com Medical Spas category for Boston, MA, then confirmed by opening the practice's own homepage. Directory description: ""Skin Deep Med Spa is located on Newbury Street in the prestigious Back Bay neighborhood in Boston, MA. The medical spa specializes in non-invasive cosmetic…"""
"scopeiq","end-customer","single-location med spa","Elisiano Dermatology & Aesthetics-South Boston","https://elisianodermatology.com","South Boston, MA","","An independent medical aesthetic practice in MA whose own site advertises dermal fillers - it operates under one state's supervision, delegation and ownership rules and has no in-house counsel.","https://elisianodermatology.com/contact-us/","owner","https://www.yellowpages.com/boston-ma/medical-spas","directory","verified","2026-09-03","Procedures found on its own site: dermal fillers, medical weight loss, IV therapy. Found in the yellowpages.com Medical Spas category for Boston, MA, then confirmed by opening the practice's own homepage. Directory description: ""Elisiano Dermatology & Aesthetics in South Boston offers expert dermatological care, advanced laser, aesthetic and cosmetic treatments, IV therapy and…"""
"scopeiq","end-customer","single-location med spa","Coconut Aesthetics Med Spa","https://www.coconutaesthetics.com","East Boston, MA","","An independent medical aesthetic practice in MA whose own site advertises medical aesthetic treatments - it operates under one state's supervision, delegation and ownership rules and has no in-house counsel.","","owner","https://www.yellowpages.com/boston-ma/medical-spas","directory","verified","2026-09-03","Found in the yellowpages.com Medical Spas category for Boston, MA, then confirmed by opening the practice's own homepage. Directory description: ""At Coconut Aesthetics, we use the most advanced methods, technologies and treatments to help you discover your beauty."""
"scopeiq","end-customer","single-location med spa","Demma Aesthetics Medical Spa and Face Bar","https://demma-medspa.com/boston","Boston, MA","","An independent medical aesthetic practice in MA whose own site advertises Botox - it operates under one state's supervision, delegation and ownership rules and has no in-house counsel.","https://demma-medspa.com/contact/","owner","https://www.yellowpages.com/boston-ma/medical-spas?page=2","directory","verified","2026-09-03","Procedures found on its own site: Botox, Dysport, Xeomin, Daxxify, dermal fillers, Restylane, Sculptra, Kybella. Found in the yellowpages.com Medical Spas category for Boston, MA, then confirmed by opening the practice's own homepage. Directory description: ""Proudly serving the Boston area, our expert clinical team offers personalized treatments designed to help you feel confident, refreshed, and truly at home. We…"""
"scopeiq","end-customer","single-location med spa","Cosmetic Laser Solutions MedSpa - MA & RI","https://www.cosmeticlasersolutions.net","Boston, MA","","An independent medical aesthetic practice in MA whose own site advertises Botox - it operates under one state's supervision, delegation and ownership rules and has no in-house counsel.","https://www.cosmeticlasersolutions.net/contact-us-medspa-services/","owner","https://www.yellowpages.com/boston-ma/medical-spas","directory","verified","2026-09-03","Procedures found on its own site: Botox, Dysport, Xeomin, dermal fillers, microneedling, Morpheus8, laser hair removal, laser resurfacing. Found in the yellowpages.com Medical Spas category for Boston, MA, then confirmed by opening the practice's own homepage. Directory description: ""We offer a variety of cosmetic and surgical procedures with Laser. Favorites include: Nonsurgical Facelift, Hair removal, laser resurfacing for wrinkles, tattoo…"""
"scopeiq","end-customer","single-location med spa","Dam Medspa","https://www.dammedspa.com","Boston, MA","","An independent medical aesthetic practice in MA whose own site advertises Botox - it operates under one state's supervision, delegation and ownership rules and has no in-house counsel.","https://www.dammedspa.com/contact","owner","https://www.yellowpages.com/boston-ma/medical-spas?page=2","directory","verified","2026-09-03","Procedures found on its own site: Botox, dermal fillers, Sculptra. Found in the yellowpages.com Medical Spas category for Boston, MA, then confirmed by opening the practice's own homepage. Directory description: ""Dam Medspa (Formerly Timeless Beauty), under the direction of our experienced surgeon and board-certified nurse practitioner trained in botox and dermal filler…"""
"scopeiq","end-customer","single-location med spa","Laser MD Medspa","http://www.lasermdmedspa.com","Boston, MA","","An independent medical aesthetic practice in MA whose own site advertises Botox - it operates under one state's supervision, delegation and ownership rules and has no in-house counsel.","https://www.lasermdmedspa.com/contact/","owner","https://www.yellowpages.com/boston-ma/medical-spas","directory","verified","2026-09-03","Procedures found on its own site: Botox, Dysport, dermal fillers, Kybella, microneedling, CoolSculpting, laser hair removal, IPL. Found in the yellowpages.com Medical Spas category for Boston, MA, then confirmed by opening the practice's own homepage. Directory description: ""Former LaserMD Boston Patients Welcome to MD Esthetics.Were excited to welcome you to MD Esthetics and ensure a seamless transition as you continue your…"""
"scopeiq","end-customer","single-location med spa","Taylored 2U Aesthetics","https://taylored2uaesthetics.com","Boston, MA","","An independent medical aesthetic practice in MA whose own site advertises Botox - it operates under one state's supervision, delegation and ownership rules and has no in-house counsel.","https://taylored2uaesthetics.com/contact/","owner","https://www.yellowpages.com/boston-ma/medical-spas?page=2","directory","verified","2026-09-03","Procedures found on its own site: Botox, Dysport, Jeuveau, Xeomin, dermal fillers, Juvederm, Restylane, Sculptra. Found in the yellowpages.com Medical Spas category for Boston, MA, then confirmed by opening the practice's own homepage. Directory description: ""Taylored 2U Aesthetics provides injectable and skincare services in luxurious boutique spaces in the heart of Boston and the suburb of Sudbury, Massachusetts. We…"""
"scopeiq","end-customer","single-location med spa","UniQ Laser Center Needham","https://www.uniqlaser.com","Needham, MA","","An independent medical aesthetic practice in MA whose own site advertises Botox - it operates under one state's supervision, delegation and ownership rules and has no in-house counsel.","https://uniqlaser.com/contact-us/","owner","https://www.yellowpages.com/newton-ma/medical-spas","directory","verified","2026-09-03","Procedures found on its own site: Botox, Dysport, Jeuveau, Xeomin, dermal fillers, Juvederm, Restylane, microneedling. Found in the yellowpages.com Medical Spas category for Newton, MA, then confirmed by opening the practice's own homepage. Directory description: ""At UniQLaser Center in Watertown, we specialize in CoolSculpting, Cooltone, laser hair removal, BOTOX®, dermal fillers, Sculptra, and body contouring. When you…"""
"scopeiq","end-customer","single-location med spa","Aesthetic + Mind MD","https://aestheticmindmd.com","Wellesley, MA","","An independent medical aesthetic practice in MA whose own site advertises Botox - it operates under one state's supervision, delegation and ownership rules and has no in-house counsel.","https://aestheticmindmd.com/appointment-guidelines/","owner","https://www.yellowpages.com/newton-ma/medical-spas","directory","verified","2026-09-03","Procedures found on its own site: Botox, Dysport, Xeomin, dermal fillers, Sculptra, Kybella, microneedling, laser hair removal. Found in the yellowpages.com Medical Spas category for Newton, MA, then confirmed by opening the practice's own homepage. Directory description: ""Experience the future of beauty at Aesthetic + Mind MD, a premier Med Spa in Wellesley, MA. Led by Dr. Tola T'Sarumi, a double board-certified and…"""
"scopeiq","end-customer","single-location med spa","KDR Medspa + Wellness","https://kathrynrussoaesthetics.com","Auburndale, MA","","An independent medical aesthetic practice in MA whose own site advertises Botox - it operates under one state's supervision, delegation and ownership rules and has no in-house counsel.","https://kathrynrussoaesthetics.com/contact/","owner","https://www.yellowpages.com/newton-ma/medical-spas","directory","verified","2026-09-03","Procedures found on its own site: Botox, Dysport, Xeomin, Daxxify, dermal fillers, Juvederm, Restylane, Sculptra. Found in the yellowpages.com Medical Spas category for Newton, MA, then confirmed by opening the practice's own homepage. Directory description: ""KDR MedSpa & Wellness is your full-service med spa located in Newton, Massachusetts. We offer a variety of noninvasive treatment options in the Greater Boston…"""
"scopeiq","end-customer","single-location med spa","FANOUS MEDSPA - Charlotte","https://www.fanousmedspa.com","Charlotte, NC","","An independent medical aesthetic practice in NC whose own site advertises Botox - it operates under one state's supervision, delegation and ownership rules and has no in-house counsel.","https://www.fanousmedspa.com/contact-us-charlotte-nc","owner","https://www.yellowpages.com/charlotte-nc/medical-spas?page=2","directory","verified","2026-09-03","Procedures found on its own site: Botox, Dysport, dermal fillers, microneedling, laser hair removal, HydraFacial, PRP, IV drip. Found in the yellowpages.com Medical Spas category for Charlotte, NC, then confirmed by opening the practice's own homepage. Directory description: ""FANOUS MEDSPA is a physician-led medical spa in the Charlotte area specializing in advanced aesthetic, regenerative, and wellness treatments. We offer Botox and…"""
"scopeiq","end-customer","single-location med spa","Infinity MedSpa + Wellness","https://www.infinitymedspaandwellness.com","Charlotte, NC","","An independent medical aesthetic practice in NC whose own site advertises Botox - it operates under one state's supervision, delegation and ownership rules and has no in-house counsel.","https://infinitymedspaandwellness.com/contact-us/","owner","https://www.yellowpages.com/charlotte-nc/medical-spas?page=2","directory","verified","2026-09-03","Procedures found on its own site: Botox, Dysport, dermal fillers, Juvederm, Sculptra, Kybella, microneedling, CoolSculpting. Found in the yellowpages.com Medical Spas category for Charlotte, NC, then confirmed by opening the practice's own homepage. Directory description: ""Charlotte's Premier Medical Spa Infinity MedSpa + Wellness, located in the heart of the South Park area in Charlotte, North Carolina, envisions a cosmetic…"""
"scopeiq","end-customer","single-location med spa","Sona Dermatology & MedSpa of Charlotte - Ballantyne","http://sonamedspa.com/locations/laser-hair-removal/north-carolina/laser-hair-removal-charlotte/ballantyne","Charlotte, NC","","An independent medical aesthetic practice in NC whose own site advertises Botox - it operates under one state's supervision, delegation and ownership rules and has no in-house counsel.","https://www.sonamedspa.com/contact/","owner","https://www.yellowpages.com/charlotte-nc/medical-spas?page=2","directory","verified","2026-09-03","Procedures found on its own site: Botox, dermal fillers, Kybella, microneedling, CoolSculpting, laser hair removal, chemical peels. Found in the yellowpages.com Medical Spas category for Charlotte, NC, then confirmed by opening the practice's own homepage. Directory description: ""At Sona Dermatology & MedSpa, you’ll find exceptional patient-centric care with a comprehensive offering of medical and cosmetic services."""
"scopeiq","end-customer","single-location med spa","Advanced Skin & Laser Center","http://www.ballantyneskincare.com","Charlotte, NC","","An independent medical aesthetic practice in NC whose own site advertises microneedling - it operates under one state's supervision, delegation and ownership rules and has no in-house counsel.","","owner","https://www.yellowpages.com/charlotte-nc/medical-spas?page=2","directory","verified","2026-09-03","Procedures found on its own site: microneedling, laser hair removal, IPL, HydraFacial, chemical peels, laser resurfacing. Found in the yellowpages.com Medical Spas category for Charlotte, NC, then confirmed by opening the practice's own homepage. Directory description: ""I have gone to Nina at Advanced Skin Care for years. I go there for my dermaplaning facial and did bikini laser hair removal there. It is always fun to see her and get pampered."""""
"scopeiq","end-customer","single-location med spa","Prime MD Aesthetics + Wellness","http://www.primemdcenter.com","Raleigh, NC","","An independent medical aesthetic practice in NC whose own site advertises Daxxify - it operates under one state's supervision, delegation and ownership rules and has no in-house counsel.","https://primemdcenter.com/book-an-appointment/","owner","https://www.yellowpages.com/raleigh-nc/medical-spas?page=2","directory","verified","2026-09-03","Procedures found on its own site: Daxxify, dermal fillers, Sculptra, microneedling, HydraFacial, IV therapy, hormone therapy. Found in the yellowpages.com Medical Spas category for Raleigh, NC, then confirmed by opening the practice's own homepage. Directory description: ""Prime MD Aesthetics + Wellness is a physician-supervised medical spa in Raleigh's Oberlin Village, serving the Triangle region since 2009. Our flagship location…"""
"scopeiq","end-customer","single-location med spa","Oak City MedAesthetics","https://www.oakcitymedaesthetics.com","Raleigh, NC","","An independent medical aesthetic practice in NC whose own site advertises dermal fillers - it operates under one state's supervision, delegation and ownership rules and has no in-house counsel.","https://www.oakcitymedaesthetics.com/contact/","owner","https://www.yellowpages.com/raleigh-nc/medical-spas","directory","verified","2026-09-03","Procedures found on its own site: dermal fillers, microneedling, laser hair removal, IPL, HydraFacial, chemical peels. Found in the yellowpages.com Medical Spas category for Raleigh, NC, then confirmed by opening the practice's own homepage. Directory description: ""Oak City MedAesthetics offers a variety of medical aesthetics and skincare treatments including injectables, chemical peels, microneedling, PDO threads, Candela…"""
"scopeiq","end-customer","single-location med spa","New Life Aesthetics","https://www.newlifeaesthetics.com?utm_source=listings&amp;utm_medium=organic&amp;utm_campaign=webtomed&amp;utm_content=newlifeaesthetics","Raleigh, NC","","An independent medical aesthetic practice in NC whose own site advertises Botox - it operates under one state's supervision, delegation and ownership rules and has no in-house counsel.","","owner","https://www.yellowpages.com/raleigh-nc/medical-spas?page=2","directory","verified","2026-09-03","Procedures found on its own site: Botox, dermal fillers, Sculptra, sclerotherapy. Found in the yellowpages.com Medical Spas category for Raleigh, NC, then confirmed by opening the practice's own homepage. Directory description: ""New Life Aesthetics medical spa is committed to educating, empowering, and enhancing the most beautiful version of You. New Life Aesthetics is owned and operated…"""
"scopeiq","end-customer","single-location med spa","Skin & Cosmetic Solutions (Raleigh Dermatology)","https://www.raleighdermatology.com/cosmetic-services/?utm_source=loclistings&amp;utm_medium=organic&amp;utm_campaign=location-listing-RDSKCRAL&amp;y_source=1_MjAxMTczOTc5My01NTMtbG9jYXRpb24ud2Vic2l0ZQ%3D%3D","Raleigh, NC","","An independent medical aesthetic practice in NC whose own site advertises Botox - it operates under one state's supervision, delegation and ownership rules and has no in-house counsel.","https://www.raleighdermatology.com/contact/","owner","https://www.yellowpages.com/raleigh-nc/medical-spas","directory","verified","2026-09-03","Procedures found on its own site: Botox, microneedling, laser hair removal, IPL, PRP, chemical peels. Found in the yellowpages.com Medical Spas category for Raleigh, NC, then confirmed by opening the practice's own homepage. Directory description: ""At Raleigh Dermatology’s Skin & Cosmetic Solutions, we offer a variety of cosmetic and aesthetic services designed to improve the appearance of the skin. Our…"""
"scopeiq","end-customer","single-location med spa","The Aesthetics Lounge and Spa Raleigh","https://raleigh.theaestheticsloungeandspa.com","Raleigh, NC","","An independent medical aesthetic practice in NC whose own site advertises Botox - it operates under one state's supervision, delegation and ownership rules and has no in-house counsel.","https://raleigh.theaestheticsloungeandspa.com/contact/","owner","https://www.yellowpages.com/raleigh-nc/medical-spas","directory","verified","2026-09-03","Procedures found on its own site: Botox, Dysport, Xeomin, dermal fillers, microneedling, laser hair removal, IPL, medical weight loss. Found in the yellowpages.com Medical Spas category for Raleigh, NC, then confirmed by opening the practice's own homepage. Directory description: ""At The Aesthetics Lounge and Spa Raleigh, we understand that feeling beautiful is an instant confidence booster. We provide luxurious services from cutting-edge…"""
"scopeiq","end-customer","single-location med spa","Believe Health and Wellness Medspa","https://believemedspa.net","Raleigh, NC","","An independent medical aesthetic practice in NC whose own site advertises medical aesthetic treatments - it operates under one state's supervision, delegation and ownership rules and has no in-house counsel.","info@believemedspa.net","owner","https://www.yellowpages.com/raleigh-nc/medical-spas","directory","verified","2026-09-03","Found in the yellowpages.com Medical Spas category for Raleigh, NC, then confirmed by opening the practice's own homepage. Directory description: ""Believe Health and Wellness Medspa is a leading hair restoration clinic serving the Raleigh, NC area Specializing in advanced solutions for scalp, beard, and…"""
"scopeiq","end-customer","single-location med spa","NSI Aesthetics and Wellness","http://www.tolmanmedical.com","Nashville, TN","","An independent medical aesthetic practice in TN whose own site advertises medical aesthetic treatments - it operates under one state's supervision, delegation and ownership rules and has no in-house counsel.","info@tolmanmedical.com","owner","https://www.yellowpages.com/nashville-tn/medical-spas","directory","verified","2026-09-03","Found in the yellowpages.com Medical Spas category for Nashville, TN, then confirmed by opening the practice's own homepage. Directory description: ""I recently visited NSI in Nashville, and I can confidently say it's the best med spa in the city. From the moment I walked in, I was greeted with a warm and welcoming…"""
"scopeiq","end-customer","single-location med spa","Skin MB MedSpa","http://www.skinmb.com","Nashville, TN","","An independent medical aesthetic practice in TN whose own site advertises Botox - it operates under one state's supervision, delegation and ownership rules and has no in-house counsel.","https://skinmb.com/appointment/","owner","https://www.yellowpages.com/nashville-tn/medical-spas","directory","verified","2026-09-03","Procedures found on its own site: Botox, Dysport, dermal fillers, Sculptra, microneedling, laser hair removal, IPL, HydraFacial. Found in the yellowpages.com Medical Spas category for Nashville, TN, then confirmed by opening the practice's own homepage. Directory description: ""I received the most amazing care at Skin MB!I was warmly welcomed when I arrived. The staff is caring and friendly. I quickly learned this is the place for serious skincare!…"""
"scopeiq","end-customer","single-location med spa","Image Surgical Arts","https://www.imagesurgicalarts.com","Nashville, TN","","An independent medical aesthetic practice in TN whose own site advertises Botox - it operates under one state's supervision, delegation and ownership rules and has no in-house counsel.","https://www.imagesurgicalarts.com/ebook-library/","owner","https://www.yellowpages.com/nashville-tn/medical-spas?page=2","directory","verified","2026-09-03","Procedures found on its own site: Botox, Dysport, Jeuveau, Xeomin, Daxxify, dermal fillers, Restylane, Sculptra. Found in the yellowpages.com Medical Spas category for Nashville, TN, then confirmed by opening the practice's own homepage. Directory description: ""Looking for premier aesthetic care? Welcome to Image Surgical Arts, Clarksville’s trusted med spa specializing in advanced treatments like Botox, dermal fillers,…"""
"scopeiq","end-customer","single-location med spa","Piqure Aesthetics","https://piqurenashville.com/?utm_source=core70&amp;utm_medium=organic&amp;utm_campaign=websiteurl","Nashville, TN","","An independent medical aesthetic practice in TN whose own site advertises Botox - it operates under one state's supervision, delegation and ownership rules and has no in-house counsel.","https://piqurenashville.com/contact/","owner","https://www.yellowpages.com/nashville-tn/medical-spas?page=2","directory","verified","2026-09-03","Procedures found on its own site: Botox, Dysport, Xeomin, Daxxify, dermal fillers, microneedling, PRP, semaglutide (GLP-1). Found in the yellowpages.com Medical Spas category for Nashville, TN, then confirmed by opening the practice's own homepage. Directory description: ""At Piqûre Aesthetics, we deliver personalized, science-backed beauty and wellness treatments in the heart of Nashville’s Wedgewood-Houston district. Our boutique…"""
"scopeiq","end-customer","single-location med spa","SLK Aesthetic Medicine","http://www.slkclinic.com","Nashville, TN","","An independent medical aesthetic practice in TN whose own site advertises Botox - it operates under one state's supervision, delegation and ownership rules and has no in-house counsel.","https://slkclinic.com/contact-us/","owner","https://www.yellowpages.com/nashville-tn/medical-spas?page=2","directory","verified","2026-09-03","Procedures found on its own site: Botox, dermal fillers, microneedling, laser hair removal, PRP, Ultherapy. Found in the yellowpages.com Medical Spas category for Nashville, TN, then confirmed by opening the practice's own homepage. Directory description: ""SLK, (pronounced 'silk') was born of the belief that aesthetic dermatology should compliment nature. Our service and product offerings are rooted in the…"""
"scopeiq","end-customer","single-location med spa","Sherman Aesthetic Center","https://www.nashvillelidsurgery.com","Nashville, TN","","An independent medical aesthetic practice in TN whose own site advertises Botox - it operates under one state's supervision, delegation and ownership rules and has no in-house counsel.","https://www.nashvillelidsurgery.com/contact/","owner","https://www.yellowpages.com/nashville-tn/medical-spas?page=2","directory","verified","2026-09-03","Procedures found on its own site: Botox, Dysport, Xeomin, Daxxify, dermal fillers, Juvederm, Restylane, Kybella. Found in the yellowpages.com Medical Spas category for Nashville, TN, then confirmed by opening the practice's own homepage. Directory description: ""Led by Dr. Deborah Sherman, a fellowship-trained ophthalmic plastic surgeon, Sherman Aesthetic Center offers expertise in eyelid surgery and rejuvenation…"""
"scopeiq","end-customer","single-location med spa","Nirvana Wellness Med Spa","https://www.nirvanawellnessmedspa.com","Philadelphia, PA","","An independent medical aesthetic practice in PA whose own site advertises microneedling - it operates under one state's supervision, delegation and ownership rules and has no in-house counsel.","https://www.nirvanawellnessmedspa.com/book","owner","https://www.yellowpages.com/philadelphia-pa/medical-spas","directory","verified","2026-09-03","Procedures found on its own site: microneedling, Morpheus8, laser hair removal, IPL. Found in the yellowpages.com Medical Spas category for Philadelphia, PA, then confirmed by opening the practice's own homepage. Directory description: ""Welcome to NIRVANA Nirvana is a health and wellness med spa specializing in helping you feel your most radiant, inside and out Located in Northern Liberties, we…"""
"scopeiq","end-customer","single-location med spa","Ari Blanc Medical Spa","https://ariblancmedicalspa.com","Philadelphia, PA","","An independent medical aesthetic practice in PA whose own site advertises dermal fillers - it operates under one state's supervision, delegation and ownership rules and has no in-house counsel.","https://ariblancmedicalspa.com/book-now/","owner","https://www.yellowpages.com/philadelphia-pa/medical-spas","directory","verified","2026-09-03","Procedures found on its own site: dermal fillers, microneedling, laser hair removal, IPL, HydraFacial, PRP, chemical peels, PRF. Found in the yellowpages.com Medical Spas category for Philadelphia, PA, then confirmed by opening the practice's own homepage. Directory description: ""Ari Blanc Medical Spa of Philadelphia is the perfect medical spa to Relax, Revive, Rejuvenate! Ari Blanc Medical Spa exists to empower our clients to feel…"""
"scopeiq","end-customer","single-location med spa","Yofi MedSpa","https://www.yofimedspaphilly.com","Philadelphia, PA","","An independent medical aesthetic practice in PA whose own site advertises dermal fillers - it operates under one state's supervision, delegation and ownership rules and has no in-house counsel.","https://www.yofimedspaphilly.com/contact","owner","https://www.yellowpages.com/philadelphia-pa/medical-spas?page=2","directory","verified","2026-09-03","Procedures found on its own site: dermal fillers, microneedling, laser hair removal, PRP, medical weight loss. Found in the yellowpages.com Medical Spas category for Philadelphia, PA, then confirmed by opening the practice's own homepage. Directory description: ""Indulge in a world of rejuvenation and artistry at Yofi Med Spa, where beauty transcends time. Nestled in the heart of Old City Philadelphia, our non-surgical…"""
"scopeiq","end-customer","single-location med spa","The Garden Medical Spa-Collingswood","https://www.thegardenmedspanj.com","Collingswood, NJ","","An independent medical aesthetic practice in NJ whose own site advertises Botox - it operates under one state's supervision, delegation and ownership rules and has no in-house counsel.","https://thegardenmedspanj.com/contact/","owner","https://www.yellowpages.com/philadelphia-pa/medical-spas?page=2","directory","verified","2026-09-03","Procedures found on its own site: Botox, dermal fillers, microneedling, laser hair removal, IPL, HydraFacial, hormone therapy, chemical peels. Found in the yellowpages.com Medical Spas category for Philadelphia, PA, then confirmed by opening the practice's own homepage. Directory description: ""Established in 2014, the East Coasts luxury, boutique medical spa provides our clients with the finest results in the most comfortable environment."""
"scopeiq","end-customer","single-location med spa","Max Aesthetics","http://www.maxaesthetics.com","Philadelphia, PA","","An independent medical aesthetic practice in PA whose own site advertises Botox - it operates under one state's supervision, delegation and ownership rules and has no in-house counsel.","http://www.maxaesthetics.com/contact-us","owner","https://www.yellowpages.com/philadelphia-pa/medical-spas","directory","verified","2026-09-03","Procedures found on its own site: Botox, microneedling, laser hair removal, IPL, medical weight loss, chemical peels. Found in the yellowpages.com Medical Spas category for Philadelphia, PA, then confirmed by opening the practice's own homepage. Directory description: ""MaxAesthetics is a boutique MedSpa located in the art museum district specializing in personalized skin treatments including; acne skin care, laser body and…"""
"scopeiq","end-customer","single-location med spa","AnatomicL Medical Aesthetics","https://www.anatomicl.com","Cherry Hill, NJ","","An independent medical aesthetic practice in NJ whose own site advertises Botox - it operates under one state's supervision, delegation and ownership rules and has no in-house counsel.","https://www.anatomicl.com/contact","owner","https://www.yellowpages.com/philadelphia-pa/medical-spas?page=2","directory","verified","2026-09-03","Procedures found on its own site: Botox, dermal fillers, PRP, medical weight loss, IV therapy, PRF. Found in the yellowpages.com Medical Spas category for Philadelphia, PA, then confirmed by opening the practice's own homepage."
"scopeiq","end-customer","single-location med spa","The Luxe Medspa Aesthetics & Bodycare","https://theluxemedicalspa.com","Upper Arlington, OH","","An independent medical aesthetic practice in OH whose own site advertises Botox - it operates under one state's supervision, delegation and ownership rules and has no in-house counsel.","https://theluxemedicalspa.com/contact/","owner","https://www.yellowpages.com/columbus-oh/medical-spas?page=2","directory","verified","2026-09-03","Procedures found on its own site: Botox, Dysport, Daxxify, dermal fillers, Sculptra, microneedling, Morpheus8, laser hair removal. Found in the yellowpages.com Medical Spas category for Columbus, OH, then confirmed by opening the practice's own homepage. Directory description: ""Experience an unparalleled escape at The Luxe Med spa Aesthetics & Body care, a premier wellness center in Upper Arlington since 2023. We offer an exquisite…"""
"scopeiq","end-customer","single-location med spa","Handcrafted Aesthetics and Medical Spa","https://www.handcraftedaesthetics.com","Gahanna, OH","","An independent medical aesthetic practice in OH whose own site advertises dermal fillers - it operates under one state's supervision, delegation and ownership rules and has no in-house counsel.","https://www.handcraftedaesthetics.com/book-now","owner","https://www.yellowpages.com/columbus-oh/medical-spas?page=2","directory","verified","2026-09-03","Procedures found on its own site: dermal fillers, Kybella, microneedling, GLP-1, medical weight loss. Found in the yellowpages.com Medical Spas category for Columbus, OH, then confirmed by opening the practice's own homepage. Directory description: ""Aesthetics is an artistry Handcrafted Aesthetics Medical Spa is a premier medical spa that provides a range of cosmetic treatments and procedures to help you…"""
"scopeiq","end-customer","single-location med spa","Blue Sky Med Spa","https://www.blueskymedspa.net","Columbus, OH","","An independent medical aesthetic practice in OH whose own site advertises dermal fillers - it operates under one state's supervision, delegation and ownership rules and has no in-house counsel.","https://www.blueskymedspa.net/contact","owner","https://www.yellowpages.com/columbus-oh/medical-spas","directory","verified","2026-09-03","Procedures found on its own site: dermal fillers, Sculptra, microneedling, medical weight loss, IV therapy, hormone therapy, chemical peels, thread lifts. Found in the yellowpages.com Medical Spas category for Columbus, OH, then confirmed by opening the practice's own homepage. Directory description: ""Blue Sky Med Spa provides high-end facials, micro needling, neurotoxins, fillers, Sculptra, chemical peels, PDO (polydioxanone thread lifts), weight loss…"""
"scopeiq","end-customer","single-location med spa","Jiva Med Spa Columbus","https://jivamedspa.com/location-services-columbus","Columbus, OH","","An independent medical aesthetic practice in OH whose own site advertises Botox - it operates under one state's supervision, delegation and ownership rules and has no in-house counsel.","https://jivamedspa.com/contact-us/","owner","https://www.yellowpages.com/columbus-oh/medical-spas","directory","verified","2026-09-03","Procedures found on its own site: Botox, Dysport, Jeuveau, Xeomin, Daxxify, dermal fillers, Juvederm, Restylane. Found in the yellowpages.com Medical Spas category for Columbus, OH, then confirmed by opening the practice's own homepage. Directory description: ""Jiva Med Spa is a full-service medical spa in Columbus Ohio that offers traditional cosmetic treatments, in addition to client care rooted in holistic health and…"""
"scopeiq","end-customer","single-location med spa","Luxaderm Medical Spa","https://www.eastsidedermatology.com","Columbus, OH","","An independent medical aesthetic practice in OH whose own site advertises Botox - it operates under one state's supervision, delegation and ownership rules and has no in-house counsel.","https://www.eastsidedermatology.com/contact-us/","owner","https://www.yellowpages.com/columbus-oh/medical-spas","directory","verified","2026-09-03","Procedures found on its own site: Botox, Kybella, chemical peels, sclerotherapy. Found in the yellowpages.com Medical Spas category for Columbus, OH, then confirmed by opening the practice's own homepage."
"scopeiq","end-customer","single-location med spa","The Skin Center Medical Spa","http://theskincentermd.com","Columbus, OH","","An independent medical aesthetic practice in OH whose own site advertises Botox - it operates under one state's supervision, delegation and ownership rules and has no in-house counsel.","https://www.theskincentermd.com/online-booking/","owner","https://www.yellowpages.com/columbus-oh/medical-spas","directory","verified","2026-09-03","Procedures found on its own site: Botox, Dysport, Daxxify, dermal fillers, Sculptra, Kybella, microneedling, CoolSculpting. Found in the yellowpages.com Medical Spas category for Columbus, OH, then confirmed by opening the practice's own homepage. Directory description: ""Heather is wonderful and it was the best experience that I have had here! I look forward to seeing her again."""""
"scopeiq","end-customer","single-location med spa","ALFA Med Spa","https://alfamedspa.com","Columbus, OH","","An independent medical aesthetic practice in OH whose own site advertises Botox - it operates under one state's supervision, delegation and ownership rules and has no in-house counsel.","https://www.alfamedspa.com/contact/","owner","https://www.yellowpages.com/columbus-oh/medical-spas?page=2","directory","verified","2026-09-03","Procedures found on its own site: Botox, Dysport, Jeuveau, Xeomin, dermal fillers, Restylane, Sculptra, Kybella. Found in the yellowpages.com Medical Spas category for Columbus, OH, then confirmed by opening the practice's own homepage. Directory description: ""ALFA Med Spa – Where Science Meets Beauty in Columbus, Ohio At ALFA Med Spa, we blend advanced medical aesthetics with personalized care to help you look and…"""
"scopeiq","end-customer","single-location med spa","BodyTonic Med Spa","https://bodytonicmedspas.com","Fairview Park, OH","","An independent medical aesthetic practice in OH whose own site advertises Botox - it operates under one state's supervision, delegation and ownership rules and has no in-house counsel.","https://bodytonicmedspas.com/contact/","owner","https://www.yellowpages.com/cleveland-oh/medical-spas?page=2","directory","verified","2026-09-03","Procedures found on its own site: Botox, Dysport, Xeomin, dermal fillers, Sculptra, microneedling, laser hair removal, HydraFacial. Found in the yellowpages.com Medical Spas category for Cleveland, OH, then confirmed by opening the practice's own homepage. Directory description: ""About us Body Tonic Med Spa BodyTonic is a worldclass medical spa that provides expert care, incredible results, and an exceptional experience with the primary…"""
"scopeiq","end-customer","single-location med spa","Kur Modern Medical Aesthetics","https://chooseyourkur.com","Cleveland, OH","","An independent medical aesthetic practice in OH whose own site advertises Botox - it operates under one state's supervision, delegation and ownership rules and has no in-house counsel.","https://chooseyourkur.com/patient-resources/appointment-instructions/","owner","https://www.yellowpages.com/cleveland-oh/medical-spas","directory","verified","2026-09-03","Procedures found on its own site: Botox, dermal fillers, microneedling, HydraFacial, PRP, medical weight loss, chemical peels, Emsculpt. Found in the yellowpages.com Medical Spas category for Cleveland, OH, then confirmed by opening the practice's own homepage. Directory description: ""KUR Modern Medical Aesthetics is a premier Cleveland med-spa dedicated to providing personalized non-surgical anti-aging treatments, wellness options &…"""
"scopeiq","end-customer","single-location med spa","Juvly Aesthetics","https://www.juvly.com/?y_source=1_MTAwNDg3OTYzMS01NTMtbG9jYXRpb24ud2Vic2l0ZQ%3D%3D","Cleveland, OH","","An independent medical aesthetic practice in OH whose own site advertises Botox - it operates under one state's supervision, delegation and ownership rules and has no in-house counsel.","https://www.juvly.com/contact-us/","owner","https://www.yellowpages.com/cleveland-oh/medical-spas","directory","verified","2026-09-03","Procedures found on its own site: Botox, dermal fillers, microneedling, semaglutide (GLP-1), hormone therapy, chemical peels. Found in the yellowpages.com Medical Spas category for Cleveland, OH, then confirmed by opening the practice's own homepage. Directory description: ""Juvly Aesthetics is a leader in the aesthetic and beauty industry, offering an exceptional range of services including facial rejuvenation, body contouring, and…"""
"scopeiq","end-customer","single-location med spa","Advanced Aesthetics","https://www.aaestheticscle.com/contact","Rocky River, OH","","An independent medical aesthetic practice in OH whose own site advertises IV therapy - it operates under one state's supervision, delegation and ownership rules and has no in-house counsel.","https://www.aaestheticscle.com/universal/svg/social-accounts.svg#facebook-unauth-icon","owner","https://www.yellowpages.com/cleveland-oh/medical-spas","directory","verified","2026-09-03","Procedures found on its own site: IV therapy. Found in the yellowpages.com Medical Spas category for Cleveland, OH, then confirmed by opening the practice's own homepage."
"scopeiq","end-customer","single-location med spa","The Clinic For Medical Aesthetics","https://www.theclinicmn.com","Minneapolis, MN","","An independent medical aesthetic practice in MN whose own site advertises Botox - it operates under one state's supervision, delegation and ownership rules and has no in-house counsel.","https://www.theclinicmn.com/contact","owner","https://www.yellowpages.com/minneapolis-mn/medical-spas","directory","verified","2026-09-03","Procedures found on its own site: Botox, Dysport, dermal fillers, Sculptra, Kybella, microneedling, laser hair removal, IPL. Found in the yellowpages.com Medical Spas category for Minneapolis, MN, then confirmed by opening the practice's own homepage. Directory description: ""Services include: Microneedling (SkinPen), Botox/Dysport injections, Profractional & BBL Laser Treatments, Chemical Peels, Lip & Facial Fillers (Sculptra,…"""
"scopeiq","end-customer","single-location med spa","Advanced Practice Aesthetics","https://advancedpracticeaesthetics.com","Hopkins, MN","","An independent medical aesthetic practice in MN whose own site advertises Botox - it operates under one state's supervision, delegation and ownership rules and has no in-house counsel.","https://advancedpracticeaesthetics.com/about-us/contact-us","owner","https://www.yellowpages.com/minneapolis-mn/medical-spas?page=2","directory","verified","2026-09-03","Procedures found on its own site: Botox, Dysport, Xeomin, dermal fillers, Sculptra, microneedling, laser hair removal, IPL. Found in the yellowpages.com Medical Spas category for Minneapolis, MN, then confirmed by opening the practice's own homepage. Directory description: ""Nestled in the heart of Hopkins, Minnesota, Advanced Practice Aesthetics offers a personalized approach to medical spa treatments. Their team of experienced…"""
"scopeiq","end-customer","single-location med spa","Dermadolce Medical Spa Inc","https://dermadolcemedspa.com/about-us/our-staff","Minneapolis, MN","","An independent medical aesthetic practice in MN whose own site advertises Botox - it operates under one state's supervision, delegation and ownership rules and has no in-house counsel.","https://dermadolcemedspa.com/about-us/contact-us","owner","https://www.yellowpages.com/minneapolis-mn/medical-spas","directory","verified","2026-09-03","Procedures found on its own site: Botox, Dysport, dermal fillers, chemical peels. Found in the yellowpages.com Medical Spas category for Minneapolis, MN, then confirmed by opening the practice's own homepage."
"scopeiq","end-customer","single-location med spa","Skinovation Medspa","https://skinovationmedspa.com","Minneapolis, MN","","An independent medical aesthetic practice in MN whose own site advertises Botox - it operates under one state's supervision, delegation and ownership rules and has no in-house counsel.","https://skinovationmedspa.com/m/bookings","owner","https://www.yellowpages.com/minneapolis-mn/medical-spas","directory","verified","2026-09-03","Procedures found on its own site: Botox, dermal fillers, laser hair removal, IPL, medical weight loss, chemical peels. Found in the yellowpages.com Medical Spas category for Minneapolis, MN, then confirmed by opening the practice's own homepage."
"scopeiq","end-customer","single-location med spa","Okojie Wellness - Aesthetics Anti-Aging Center in Portland, Oregon","https://www.okojiewellness.com","Portland, OR","","An independent medical aesthetic practice in OR whose own site advertises GLP-1 - it operates under one state's supervision, delegation and ownership rules and has no in-house counsel.","info@okojiewellness.com","owner","https://www.yellowpages.com/portland-or/medical-spas","directory","verified","2026-09-03","Procedures found on its own site: GLP-1, medical weight loss, IV therapy, IV drip, hormone therapy. Found in the yellowpages.com Medical Spas category for Portland, OR, then confirmed by opening the practice's own homepage. Directory description: ""Okojie Wellness - Aesthetics Anti-Aging Center in Portland, Oregon offers a range of aesthetic services including Botox injections and dermal fillers to help…"""
"scopeiq","end-customer","single-location med spa","Bridgetown Aesthetics","https://www.bridgetownaesthetics.com","Portland, OR","","An independent medical aesthetic practice in OR whose own site advertises Botox - it operates under one state's supervision, delegation and ownership rules and has no in-house counsel.","https://www.bridgetownaesthetics.com/contact/","owner","https://www.yellowpages.com/portland-or/medical-spas?page=2","directory","verified","2026-09-03","Procedures found on its own site: Botox, Xeomin, dermal fillers, Juvederm, microneedling, CoolSculpting, Ultherapy. Found in the yellowpages.com Medical Spas category for Portland, OR, then confirmed by opening the practice's own homepage. Directory description: ""We are a Portland cosmetic surgery practice that offers minimally invasive solutions for anti-aging and body contouring - services like coolsculpting, botox,…"""
"scopeiq","end-customer","single-location med spa","West Hills Medical Aesthetics","https://westhillsma.com","Portland, OR","","An independent medical aesthetic practice in OR whose own site advertises IPL - it operates under one state's supervision, delegation and ownership rules and has no in-house counsel.","https://westhillsma.com/schedule-an-appointment/","owner","https://www.yellowpages.com/portland-or/medical-spas","directory","verified","2026-09-03","Procedures found on its own site: IPL, HydraFacial. Found in the yellowpages.com Medical Spas category for Portland, OR, then confirmed by opening the practice's own homepage. Directory description: ""Nestled in the heart of Portland, West Hills Medical Aesthetics is a premier medical spa dedicated to enhancing your natural beauty. Founded by Dr. Laurel Rene…"""
"scopeiq","end-customer","single-location med spa","Limelight Medical Aesthetics","https://www.limelightmedicalaesthetics.com","Portland, OR","","An independent medical aesthetic practice in OR whose own site advertises dermal fillers - it operates under one state's supervision, delegation and ownership rules and has no in-house counsel.","https://www.limelightmedicalaesthetics.com/contact","owner","https://www.yellowpages.com/portland-or/medical-spas?page=2","directory","verified","2026-09-03","Procedures found on its own site: dermal fillers, Sculptra, microneedling, chemical peels, Ultherapy. Found in the yellowpages.com Medical Spas category for Portland, OR, then confirmed by opening the practice's own homepage. Directory description: ""Limelight Medical Aesthetics is a doctor led medical spa serving Portland, OR, providing accessible, evidence based aesthetic care. Founded in 2024 by Dr. Tyler…"""
"scopeiq","end-customer","single-location med spa","Laser Skin Solutions","https://laserskinsolutionsportland.com/?utm_medium=Yellowpages","Portland, OR","","An independent medical aesthetic practice in OR whose own site advertises microneedling - it operates under one state's supervision, delegation and ownership rules and has no in-house counsel.","https://laserskinsolutionsportland.com/contact-us/","owner","https://www.yellowpages.com/portland-or/medical-spas","directory","verified","2026-09-03","Procedures found on its own site: microneedling, laser hair removal, IPL, chemical peels. Found in the yellowpages.com Medical Spas category for Portland, OR, then confirmed by opening the practice's own homepage. Directory description: ""Laser Skin Solutions - Portland is a premier medical spa specializing in advanced aesthetic treatments and non-invasive body contouring. Located in the heart of…"""
"scopeiq","end-customer","single-location med spa","Thrive Aesthetic & Wellness","https://www.thriveportland.com","Portland, OR","","An independent medical aesthetic practice in OR whose own site advertises Botox - it operates under one state's supervision, delegation and ownership rules and has no in-house counsel.","https://www.thriveportland.com/contact-us/","owner","https://www.yellowpages.com/portland-or/medical-spas","directory","verified","2026-09-03","Procedures found on its own site: Botox, Dysport, Jeuveau, dermal fillers, Restylane, Sculptra, Kybella, laser hair removal. Found in the yellowpages.com Medical Spas category for Portland, OR, then confirmed by opening the practice's own homepage. Directory description: ""Dr. Adam Maddox is a highly experienced, skilled, and qualifiedphysician in Portland, Oregon who is dedicated to providing the best care to his patients. He…"""
"scopeiq","end-customer","single-location med spa","SANTÉ Aesthetics & Wellness","https://www.twaamc.com","Portland, OR","","An independent medical aesthetic practice in OR whose own site advertises IPL - it operates under one state's supervision, delegation and ownership rules and has no in-house counsel.","https://www.twaamc.com/contact-us.html","owner","https://www.yellowpages.com/portland-or/medical-spas","directory","verified","2026-09-03","Procedures found on its own site: IPL, hormone therapy. Found in the yellowpages.com Medical Spas category for Portland, OR, then confirmed by opening the practice's own homepage. Directory description: ""Specialties We are a holistic medspa and wellness center offering a wide range of complimentary modalities to make us Portland's premier oasis for rejuvenation…"""
"scopeiq","end-customer","single-location med spa","Sante Aesthetics & Wellness","http://santepdx.com","Portland, OR","","An independent medical aesthetic practice in OR whose own site advertises Botox - it operates under one state's supervision, delegation and ownership rules and has no in-house counsel.","https://santepdx.com/contact-us/","owner","https://www.yellowpages.com/portland-or/medical-spas","directory","verified","2026-09-03","Procedures found on its own site: Botox, Dysport, dermal fillers, Restylane, Sculptra, Kybella, microneedling, laser hair removal. Found in the yellowpages.com Medical Spas category for Portland, OR, then confirmed by opening the practice's own homepage. Directory description: ""SANT Aesthetics & Regenerative Medicine provides Medical Aesthetics, Body Contouring, PRP - Therapies, General Aesthetics, and Wellness to the Portland, OR area."""
"scopeiq","end-customer","single-location med spa","Nuance Aesthetics","https://nuanceaesthetics.com","Salt Lake City, UT","","An independent medical aesthetic practice in UT whose own site advertises Botox - it operates under one state's supervision, delegation and ownership rules and has no in-house counsel.","https://nuanceaesthetics.com/contact/","owner","https://www.yellowpages.com/salt-lake-city-ut/medical-spas","directory","verified","2026-09-03","Procedures found on its own site: Botox, Dysport, dermal fillers, Sculptra, Kybella, microneedling, CoolSculpting, laser hair removal. Found in the yellowpages.com Medical Spas category for Salt Lake City, UT, then confirmed by opening the practice's own homepage. Directory description: ""Nuance Aesthetics in Salt Lake City, Utah, is a premier destination for those seeking expert Botox, injectables, fillers, and laser treatment services Our team,…"""
"scopeiq","end-customer","single-location med spa","Beauty Lab + Laser Med Spa | Murray","https://beautylablaser.com/locations/murray-beauty-lab-laser","Murray, UT","","An independent medical aesthetic practice in UT whose own site advertises Botox - it operates under one state's supervision, delegation and ownership rules and has no in-house counsel.","info@beautylablaser.com","owner","https://www.yellowpages.com/salt-lake-city-ut/medical-spas?page=2","directory","verified","2026-09-03","Procedures found on its own site: Botox, Dysport, Xeomin, Daxxify, dermal fillers, Sculptra, microneedling, laser hair removal. Found in the yellowpages.com Medical Spas category for Salt Lake City, UT, then confirmed by opening the practice's own homepage. Directory description: ""Beauty Lab + Laser provides Botox, Dysport, Xeomin & Daxxify treatments, biostimulators, laser hair removal, microneedling, and IPL laser facials to the Murray,…"""
"scopeiq","end-customer","single-location med spa","Arlani Integrative Medicine and Medspa","https://arlani.com","Murray, UT","","An independent medical aesthetic practice in UT whose own site advertises Botox - it operates under one state's supervision, delegation and ownership rules and has no in-house counsel.","https://arlani.com/contact/","owner","https://www.yellowpages.com/salt-lake-city-ut/medical-spas?page=2","directory","verified","2026-09-03","Procedures found on its own site: Botox, Dysport, Juvederm, Restylane, Sculptra, microneedling, Morpheus8, laser hair removal. Found in the yellowpages.com Medical Spas category for Salt Lake City, UT, then confirmed by opening the practice's own homepage. Directory description: ""Arlani Integrative Medicine and Medspa (AIM) is Salt Lake City’s leading medical spa. We offer Botox, Dysport, morpheus8, dermal fillers, laser hair removal,…"""
"scopeiq","end-customer","single-location med spa","Body Rock Sculpting Med Spa","https://www.bodyrockmedspa.com","Murray, UT","","An independent medical aesthetic practice in UT whose own site advertises medical aesthetic treatments - it operates under one state's supervision, delegation and ownership rules and has no in-house counsel.","https://www.bodyrockmedspa.com/contact","owner","https://www.yellowpages.com/salt-lake-city-ut/medical-spas?page=2","directory","verified","2026-09-03","Found in the yellowpages.com Medical Spas category for Salt Lake City, UT, then confirmed by opening the practice's own homepage. Directory description: ""You have treatment options for those wrinkles, loose skin, sun spots, cellulite, and stress, it's called Body Rock Sculpting Med Spa offers an array of…"""
"scopeiq","end-customer","single-location med spa","Ward Institute - Plastic Surgery, Aesthetics, & Wellness","https://wardinstitute.com","Salt Lake City, UT","","An independent medical aesthetic practice in UT whose own site advertises medical aesthetic treatments - it operates under one state's supervision, delegation and ownership rules and has no in-house counsel.","","owner","https://www.yellowpages.com/salt-lake-city-ut/medical-spas","directory","verified","2026-09-03","Found in the yellowpages.com Medical Spas category for Salt Lake City, UT, then confirmed by opening the practice's own homepage. Directory description: ""Ward Institute is a full-service plastic surgery and aesthetics practice in Utah offering a comprehensive range of cosmetic surgical and non-surgical procedures…"""
"scopeiq","end-customer","single-location med spa","Imago Medical Spa","https://imagomedicalspa.com","Salt Lake City, UT","","An independent medical aesthetic practice in UT whose own site advertises Botox - it operates under one state's supervision, delegation and ownership rules and has no in-house counsel.","https://imagomedicalspa.com/contact/","owner","https://www.yellowpages.com/salt-lake-city-ut/medical-spas","directory","verified","2026-09-03","Procedures found on its own site: Botox, dermal fillers, microneedling, Morpheus8, HydraFacial, PRP, medical weight loss, IV therapy. Found in the yellowpages.com Medical Spas category for Salt Lake City, UT, then confirmed by opening the practice's own homepage. Directory description: ""At Imago Medical Spa, we help you look and feel your best with advanced treatments that support total wellness As a toprated Salt Lake City medical spa, we offer…"""
"scopeiq","end-customer","single-location med spa","Skin MD Medspa","https://www.skinmdmichigan.com","Dearborn, MI","","An independent medical aesthetic practice in MI whose own site advertises Botox - it operates under one state's supervision, delegation and ownership rules and has no in-house counsel.","https://www.skinmdmichigan.com/contact","owner","https://www.yellowpages.com/detroit-mi/medical-spas?page=2","directory","verified","2026-09-03","Procedures found on its own site: Botox, Dysport, Xeomin, Daxxify, dermal fillers, Juvederm, Restylane, Sculptra. Found in the yellowpages.com Medical Spas category for Detroit, MI, then confirmed by opening the practice's own homepage. Directory description: ""SKIN MD MedSpa is a Medical Spa with services including cosmetic injectables and aesthetic services performed by a Board Certified medical team. Our team's goal…"""
"scopeiq","end-customer","single-location med spa","ZI Bloom Aesthetics","https://zibloom.com/?utm_source=Core70&amp;utm_medium=organic&amp;utm_campaign=WebsiteURL","Wyandotte, MI","","An independent medical aesthetic practice in MI whose own site advertises Botox - it operates under one state's supervision, delegation and ownership rules and has no in-house counsel.","https://zibloom.com/contact/","owner","https://www.yellowpages.com/detroit-mi/medical-spas?page=2","directory","verified","2026-09-03","Procedures found on its own site: Botox, dermal fillers, microneedling, laser hair removal, PRP, semaglutide (GLP-1), medical weight loss, chemical peels. Found in the yellowpages.com Medical Spas category for Detroit, MI, then confirmed by opening the practice's own homepage. Directory description: ""Offering clients the best aesthetic education, guidance, and services to reach their skincare goals. Specializing In Botox, Dermal filler, PRP micro needling,…"""
"scopeiq","end-customer","single-location med spa","Forever Young Aesthetics","http://www.foreveryoungmi.com","Birmingham, MI","","An independent medical aesthetic practice in MI whose own site advertises Jeuveau - it operates under one state's supervision, delegation and ownership rules and has no in-house counsel.","https://foreveryoungmi.com/contact/","owner","https://www.yellowpages.com/detroit-mi/medical-spas?page=2","directory","verified","2026-09-03","Procedures found on its own site: Jeuveau, dermal fillers, microneedling, IPL, GLP-1, medical weight loss, chemical peels, laser resurfacing. Found in the yellowpages.com Medical Spas category for Detroit, MI, then confirmed by opening the practice's own homepage. Directory description: ""Forever Young Aesthetics is a med spa offering skin rejuvenation treatments and aesthetic injectables by a trained and licensed nurse practitioner Our goal is to…"""
"scopeiq","end-customer","single-location med spa","GOTOX Aesthetics & Wellness St. Clair Shores","https://gotoxaesthetics.com/?utm_source=Core70&amp;utm_medium=organic&amp;utm_campaign=WebsiteURL","Saint Clair Shores, MI","","An independent medical aesthetic practice in MI whose own site advertises Botox - it operates under one state's supervision, delegation and ownership rules and has no in-house counsel.","https://gotoxaesthetics.com/contact-us/","owner","https://www.yellowpages.com/detroit-mi/medical-spas?page=2","directory","verified","2026-09-03","Procedures found on its own site: Botox, dermal fillers, microneedling, PRP, medical weight loss, hormone therapy. Found in the yellowpages.com Medical Spas category for Detroit, MI, then confirmed by opening the practice's own homepage. Directory description: ""We are a full-service, medical spa that offers natural aesthetic services while focusing on health, inner beauty, outer beauty and holistic approaches. Ending…"""
"scopeiq","end-customer","single-location med spa","Adorn Medical Spa","https://adornmedspa.com","Dearborn, MI","","An independent medical aesthetic practice in MI whose own site advertises Botox - it operates under one state's supervision, delegation and ownership rules and has no in-house counsel.","https://adornmedspa.com/contact-us/","owner","https://www.yellowpages.com/detroit-mi/medical-spas","directory","verified","2026-09-03","Procedures found on its own site: Botox, dermal fillers, Sculptra, Kybella, microneedling, Morpheus8, laser hair removal, HydraFacial. Found in the yellowpages.com Medical Spas category for Detroit, MI, then confirmed by opening the practice's own homepage. Directory description: ""Adorn Medical Spa is a premier destination for anyone seeking topnotch skincare treatments, weight loss solutions, and antiaging services Our highly skilled…"""
"scopeiq","end-customer","single-location med spa","816 Aesthetic Med Spa","https://816medspa.com","Kansas City, MO","","An independent medical aesthetic practice in MO whose own site advertises Botox - it operates under one state's supervision, delegation and ownership rules and has no in-house counsel.","https://816medspa.com/contact-us","owner","https://www.yellowpages.com/kansas-city-mo/medical-spas","directory","verified","2026-09-03","Procedures found on its own site: Botox, dermal fillers, microneedling, Morpheus8, laser hair removal, IPL, medical weight loss, hormone therapy. Found in the yellowpages.com Medical Spas category for Kansas City, MO, then confirmed by opening the practice's own homepage. Directory description: ""816 Aesthetic Med Spa 816 Aesthetic Med Spa is providing the medical spa services this is situated in Kansas City, MO For more details please contact us at…"""
"scopeiq","end-customer","single-location med spa","Plaza Aesthetics & Wellness","https://www.plazamedicalspa.com","Kansas City, MO","","An independent medical aesthetic practice in MO whose own site advertises Botox - it operates under one state's supervision, delegation and ownership rules and has no in-house counsel.","https://www.plazamedicalspa.com/book-online/","owner","https://www.yellowpages.com/kansas-city-mo/medical-spas","directory","verified","2026-09-03","Procedures found on its own site: Botox, Dysport, Jeuveau, Xeomin, dermal fillers, Juvederm, Restylane, Sculptra. Found in the yellowpages.com Medical Spas category for Kansas City, MO, then confirmed by opening the practice's own homepage. Directory description: ""Plaza Aesthetics & Wellness is a physician owned and operated Premier Medical Spa in the Kansas City and the KC Metro Area. We specialize in laser hair removal,…"""
"scopeiq","end-customer","single-location med spa","AesthetiCare Medspa + Wellness","https://greatskinkc.com/?utm_source=gbp&amp;utm_medium=organic","Kansas City, MO","","An independent medical aesthetic practice in MO whose own site advertises Botox - it operates under one state's supervision, delegation and ownership rules and has no in-house counsel.","https://greatskinkc.com/contact/","owner","https://www.yellowpages.com/kansas-city-mo/medical-spas?page=2","directory","verified","2026-09-03","Procedures found on its own site: Botox, Dysport, Daxxify, dermal fillers, Sculptra, Kybella, microneedling, CoolSculpting. Found in the yellowpages.com Medical Spas category for Kansas City, MO, then confirmed by opening the practice's own homepage."
"scopeiq","end-customer","single-location med spa","KC Med Spa Group","https://kcmedspagroup.com","Gladstone, MO","","An independent medical aesthetic practice in MO whose own site advertises Botox - it operates under one state's supervision, delegation and ownership rules and has no in-house counsel.","https://kcmedspagroup.com/contact","owner","https://www.yellowpages.com/kansas-city-mo/medical-spas?page=2","directory","verified","2026-09-03","Procedures found on its own site: Botox, Dysport, Daxxify, dermal fillers, Juvederm, Restylane, Kybella, microneedling. Found in the yellowpages.com Medical Spas category for Kansas City, MO, then confirmed by opening the practice's own homepage. Directory description: ""KC Med Spa Group provides Botox and med spa treatments for clients throughout the Kansas City area. Our services include Botox, Dysport, Daxxify, lip fillers,…"""
"scopeiq","end-customer","single-location med spa","Horizon Med Spa and Wellness","https://www.horizonmedspaandwellness.com","Kansas City, MO","","An independent medical aesthetic practice in MO whose own site advertises Botox - it operates under one state's supervision, delegation and ownership rules and has no in-house counsel.","https://www.horizonmedspaandwellness.com/contact","owner","https://www.yellowpages.com/kansas-city-mo/medical-spas","directory","verified","2026-09-03","Procedures found on its own site: Botox, Dysport, dermal fillers, microneedling, Morpheus8, laser hair removal, IPL, medical weight loss. Found in the yellowpages.com Medical Spas category for Kansas City, MO, then confirmed by opening the practice's own homepage. Directory description: ""We provide the best Med Spa Experience in Kansas City At Horizon Med Spa we aim to provide the best combination med spa services in both our quality and luxury…"""
"scopeiq","end-customer","single-location med spa","Avelure Med Spa - Zona Rosa","https://aveluremedspa.com/locations/zona-rosa/?utm_source=google&amp;utm_medium=organic&amp;utm_campaign=gbp_avelure_zona_rosa","Kansas City, MO","","An independent medical aesthetic practice in MO whose own site advertises Botox - it operates under one state's supervision, delegation and ownership rules and has no in-house counsel.","https://aveluremedspa.com/contact-us/","owner","https://www.yellowpages.com/kansas-city-mo/medical-spas","directory","verified","2026-09-03","Procedures found on its own site: Botox, dermal fillers, Juvederm, microneedling, CoolSculpting, laser hair removal, IPL, chemical peels. Found in the yellowpages.com Medical Spas category for Kansas City, MO, then confirmed by opening the practice's own homepage. Directory description: ""Avelure Med Spa Zona Rosa delivers a premier, science-backed approach to advanced clinical aesthetics and state-of-the-art medical skin health. Conveniently…"""
"scopeiq","end-customer","single-location med spa","Aurora Medical Spa","https://www.auroramedicalspa.com","Saint Louis, MO","","An independent medical aesthetic practice in MO whose own site advertises Botox - it operates under one state's supervision, delegation and ownership rules and has no in-house counsel.","info@auroramedicalspa.com","owner","https://www.yellowpages.com/saint-louis-mo/medical-spas?page=2","directory","verified","2026-09-03","Procedures found on its own site: Botox, Dysport, Daxxify, dermal fillers, Juvederm, Restylane, Sculptra, Kybella. Found in the yellowpages.com Medical Spas category for Saint Louis, MO, then confirmed by opening the practice's own homepage. Directory description: ""All For You MedSpa is a medical spa that specializes in non-surgical, anti-aging treatments including Botox, dermal fillers, microneedling, chemical peels,…"""
"scopeiq","end-customer","single-location med spa","Face Forward Regenerative Aesthetics","https://faceforwardstl.com","Saint Louis, MO","","An independent medical aesthetic practice in MO whose own site advertises Botox - it operates under one state's supervision, delegation and ownership rules and has no in-house counsel.","https://faceforwardstl.com/contact/","owner","https://www.yellowpages.com/saint-louis-mo/medical-spas","directory","verified","2026-09-03","Procedures found on its own site: Botox, Dysport, Jeuveau, Daxxify, dermal fillers, Sculptra, microneedling, IPL. Found in the yellowpages.com Medical Spas category for Saint Louis, MO, then confirmed by opening the practice's own homepage. Directory description: ""Welcome to Face Forward Regenerative Aesthetics, the premier medical spa in St. Louis and Ladue, MO, dedicated to ""Normalizing Natural."" Led by Molly Bailey,…"""
"scopeiq","end-customer","single-location med spa","Body Aesthetic Plastic Surgery & Skincare Center","https://www.bodyaesthetic.com","Saint Louis, MO","","An independent medical aesthetic practice in MO whose own site advertises Botox - it operates under one state's supervision, delegation and ownership rules and has no in-house counsel.","https://www.bodyaesthetic.com/contact/","owner","https://www.yellowpages.com/saint-louis-mo/medical-spas?page=2","directory","verified","2026-09-03","Procedures found on its own site: Botox, Dysport, dermal fillers, Juvederm, Restylane, medical weight loss. Found in the yellowpages.com Medical Spas category for Saint Louis, MO, then confirmed by opening the practice's own homepage. Directory description: ""The physicians of BodyAesthetic Plastic Surgery & Skin Care Center are St. Louis plastic surgery specialists who perform an array of cosmetic surgery procedures…"""
"scopeiq","end-customer","single-location med spa","Reclaim Med Spa and Wellness","https://reclaimmensclinic.com","Saint Louis, MO","","An independent medical aesthetic practice in MO whose own site advertises Botox - it operates under one state's supervision, delegation and ownership rules and has no in-house counsel.","info@reclaimmedspastl.com","owner","https://www.yellowpages.com/saint-louis-mo/medical-spas","directory","verified","2026-09-03","Procedures found on its own site: Botox, Jeuveau, microneedling, PRP, medical weight loss, hormone therapy. Found in the yellowpages.com Medical Spas category for Saint Louis, MO, then confirmed by opening the practice's own homepage."
"scopeiq","end-customer","single-location med spa","Georgetown Allure Medical Spa","https://georgetownallure.com","Washington, DC","","An independent medical aesthetic practice in DC whose own site advertises Botox - it operates under one state's supervision, delegation and ownership rules and has no in-house counsel.","https://georgetownallure.com/contact-us/","owner","https://www.yellowpages.com/washington-dc/medical-spas?page=2","directory","verified","2026-09-03","Procedures found on its own site: Botox, Dysport, Jeuveau, Xeomin, dermal fillers, Juvederm, Restylane, Sculptra. Found in the yellowpages.com Medical Spas category for Washington, DC, then confirmed by opening the practice's own homepage. Directory description: ""We warmly welcome you to Georgetown Allure Medical Spa. From a local startup to being awarded as one of the best medical spas in Washington, D.C., we pride…"""
"scopeiq","end-customer","single-location med spa","Cosmetic Skin Institute","http://www.cosmeticskininstitute.com","Washington, DC","","An independent medical aesthetic practice in DC whose own site advertises Botox - it operates under one state's supervision, delegation and ownership rules and has no in-house counsel.","info@cosmeticskininstitute.com","owner","https://www.yellowpages.com/washington-dc/medical-spas?page=2","directory","verified","2026-09-03","Procedures found on its own site: Botox, Dysport, Xeomin, Daxxify, Juvederm, Restylane, Sculptra, Kybella. Found in the yellowpages.com Medical Spas category for Washington, DC, then confirmed by opening the practice's own homepage. Directory description: ""In todays hectic world, paying attention to your skin care needs can be a challenge. Everyone has different skin types that require different skincare regimens.…"""
"scopeiq","end-customer","single-location med spa","Javan Anti-Aging and Wellness Institute","http://www.javanwellness.com","Washington, DC","","An independent medical aesthetic practice in DC whose own site advertises Botox - it operates under one state's supervision, delegation and ownership rules and has no in-house counsel.","","owner","https://www.yellowpages.com/washington-dc/medical-spas?page=2","directory","verified","2026-09-03","Procedures found on its own site: Botox, Dysport, Xeomin, dermal fillers, microneedling, Morpheus8, laser hair removal, IPL. Found in the yellowpages.com Medical Spas category for Washington, DC, then confirmed by opening the practice's own homepage. Directory description: ""Javan Anti Aging and Wellness Institute is a state of the art facility offering cuttingedge medical treatments and topgrade products to restore youth and…"""
"scopeiq","end-customer","single-location med spa","Elegance Aesthetics Med Spa","https://eleganceaestheticsspa.com","Baltimore, MD","","An independent medical aesthetic practice in MD whose own site advertises Botox - it operates under one state's supervision, delegation and ownership rules and has no in-house counsel.","https://eleganceaestheticsspa.com/contact/","owner","https://www.yellowpages.com/baltimore-md/medical-spas","directory","verified","2026-09-03","Procedures found on its own site: Botox, Dysport, Xeomin, dermal fillers, Juvederm, Restylane, Sculptra, Kybella. Found in the yellowpages.com Medical Spas category for Baltimore, MD, then confirmed by opening the practice's own homepage. Directory description: ""Elegance Aesthetics Spa in Pikesville & Baltimore, Maryland, offers luxurious skincare and beauty treatments to enhance your natural beauty. Services include…"""
"scopeiq","end-customer","single-location med spa","HourGlass Body Contouring Spa | Timonium Tox, Weight Loss, Laser Facials, IV Therapy","http://hourglassbodyspa.com","Timonium, MD","","An independent medical aesthetic practice in MD whose own site advertises Botox - it operates under one state's supervision, delegation and ownership rules and has no in-house counsel.","https://hourglassbodyspa.com/book-your-appointment/","owner","https://www.yellowpages.com/baltimore-md/medical-spas?page=2","directory","verified","2026-09-03","Procedures found on its own site: Botox, Jeuveau, dermal fillers, microneedling, medical weight loss, IV therapy, sclerotherapy. Found in the yellowpages.com Medical Spas category for Baltimore, MD, then confirmed by opening the practice's own homepage. Directory description: ""Located in the heart of Timonium at 22 West Padonia Road, Suite B-217, HourGlass Body Contouring Spa is your premier destination for top-tier med spa services.…"""
"scopeiq","end-customer","single-location med spa","Body Scientific Aesthetics","http://mybodyscientific.com","Timonium, MD","","An independent medical aesthetic practice in MD whose own site advertises Botox - it operates under one state's supervision, delegation and ownership rules and has no in-house counsel.","https://mybodyscientific.com/contact/","owner","https://www.yellowpages.com/baltimore-md/medical-spas?page=2","directory","verified","2026-09-03","Procedures found on its own site: Botox, Xeomin, Daxxify, dermal fillers, microneedling, medical weight loss, IV therapy, IV hydration. Found in the yellowpages.com Medical Spas category for Baltimore, MD, then confirmed by opening the practice's own homepage. Directory description: ""Body Scientific Aesthetics, a Black woman-owned medical spa in Timonium, MD, expertly blends medical science and aesthetic artistry under the leadership of a…"""
"scopeiq","end-customer","single-location med spa","Primary Medicine & Cosmetic Laser Center","http://www.primarymedlaser.com","Glen Burnie, MD","","An independent medical aesthetic practice in MD whose own site advertises Botox - it operates under one state's supervision, delegation and ownership rules and has no in-house counsel.","https://www.primarymedlaser.com/contact-us/","owner","https://www.yellowpages.com/baltimore-md/medical-spas?page=2","directory","verified","2026-09-03","Procedures found on its own site: Botox, dermal fillers, Juvederm, microneedling, laser hair removal, IPL, semaglutide (GLP-1), medical weight loss. Found in the yellowpages.com Medical Spas category for Baltimore, MD, then confirmed by opening the practice's own homepage. Directory description: ""Primary Medicine & Cosmetic Laser Center in Glen Burnie, MD, offers comprehensive patient care focused on enhancing health and beauty. Led by Dr. Modesta…"""
"scopeiq","end-customer","single-location med spa","Pure Image Laser and Spa","https://pureimagelaserandspa.com","Indianapolis, IN","","An independent medical aesthetic practice in IN whose own site advertises Botox - it operates under one state's supervision, delegation and ownership rules and has no in-house counsel.","https://pureimagelaserandspa.com/contact/","owner","https://www.yellowpages.com/indianapolis-in/medical-spas","directory","verified","2026-09-03","Procedures found on its own site: Botox, Dysport, Xeomin, dermal fillers, Sculptra, microneedling, laser hair removal, HydraFacial. Found in the yellowpages.com Medical Spas category for Indianapolis, IN, then confirmed by opening the practice's own homepage. Directory description: ""Indy medspa offering Laser Hair Removal, Botox or Dysport Injections, Facials, Massage, RF Microneedling, Fillers, Chemical Peels, Skin Rejuvenation and Body…"""
"scopeiq","end-customer","single-location med spa","Mint Aesthetics & Skin","https://www.mintaestheticsandskin.com","Indianapolis, IN","","An independent medical aesthetic practice in IN whose own site advertises Dysport - it operates under one state's supervision, delegation and ownership rules and has no in-house counsel.","https://www.mintaestheticsandskin.com/indianapolis-in/contact","owner","https://www.yellowpages.com/indianapolis-in/medical-spas?page=2","directory","verified","2026-09-03","Procedures found on its own site: Dysport, Xeomin, dermal fillers, microneedling, semaglutide (GLP-1), tirzepatide (GLP-1), GLP-1, medical weight loss. Found in the yellowpages.com Medical Spas category for Indianapolis, IN, then confirmed by opening the practice's own homepage."
"scopeiq","end-customer","single-location med spa","Nexa Med Spa","https://www.nexamedspa.com","Greenwood, IN","","An independent medical aesthetic practice in IN whose own site advertises Botox - it operates under one state's supervision, delegation and ownership rules and has no in-house counsel.","https://www.nexamedspa.com/book-now","owner","https://www.yellowpages.com/indianapolis-in/medical-spas?page=2","directory","verified","2026-09-03","Procedures found on its own site: Botox, dermal fillers, microneedling, Morpheus8, laser hair removal, IPL, HydraFacial, PRP. Found in the yellowpages.com Medical Spas category for Indianapolis, IN, then confirmed by opening the practice's own homepage. Directory description: ""Nexa Med Spa Greenwood offers a refined, results-driven experience tailored to modern aesthetics and wellness. Located in the heart of Greenwood, IN, our…"""
"scopeiq","end-customer","single-location med spa","Starsiak Aesthetics","https://www.starsiakaesthetics.com","Indianapolis, IN","","An independent medical aesthetic practice in IN whose own site advertises Botox - it operates under one state's supervision, delegation and ownership rules and has no in-house counsel.","https://www.starsiakaesthetics.com/contact","owner","https://www.yellowpages.com/indianapolis-in/medical-spas","directory","verified","2026-09-03","Procedures found on its own site: Botox, dermal fillers, Kybella, microneedling, CoolSculpting, IPL, PRP, medical weight loss. Found in the yellowpages.com Medical Spas category for Indianapolis, IN, then confirmed by opening the practice's own homepage. Directory description: ""About Starsiak Aesthetics Starsiak Aesthetics provides stateoftheart aesthetic treatments in a clean and comfortable environment Our welltrained team is friendly…"""
"scopeiq","end-customer","single-location med spa","Ageless Aesthetics and Salt Lounge","http://www.agelessindy.com","Indianapolis, IN","","An independent medical aesthetic practice in IN whose own site advertises Botox - it operates under one state's supervision, delegation and ownership rules and has no in-house counsel.","","owner","https://www.yellowpages.com/indianapolis-in/medical-spas","directory","verified","2026-09-03","Procedures found on its own site: Botox, dermal fillers, Sculptra, Kybella, microneedling, laser hair removal, IPL, medical weight loss. Found in the yellowpages.com Medical Spas category for Indianapolis, IN, then confirmed by opening the practice's own homepage. Directory description: ""Ageless Aesthetics and Salt Lounge is a haven of peace and tranquility, where innovation and expertise meet to create age-defying vitality and timeless beauty.…"""
"scopeiq","end-customer","single-location med spa","Beauty and Balanced Aesthetics","https://beautyandbalancedaesthetics.com","Greenwood, IN","","An independent medical aesthetic practice in IN whose own site advertises Botox - it operates under one state's supervision, delegation and ownership rules and has no in-house counsel.","https://beautyandbalancedaesthetics.com/contact-us","owner","https://www.yellowpages.com/indianapolis-in/medical-spas?page=2","directory","verified","2026-09-03","Procedures found on its own site: Botox, Xeomin, dermal fillers, microneedling, hormone therapy. Found in the yellowpages.com Medical Spas category for Indianapolis, IN, then confirmed by opening the practice's own homepage. Directory description: ""We offer personalized treatments that enhance your natural features without overdoing it. Every service is guided by clinical expertise and real care. Whether…"""
"scopeiq","end-customer","single-location med spa","Balanced Beauty Medical Aesthetics","https://www.balancedbeautymedicalaesthetics.com","Greenwood, IN","","An independent medical aesthetic practice in IN whose own site advertises Botox - it operates under one state's supervision, delegation and ownership rules and has no in-house counsel.","https://www.balancedbeautymedicalaesthetics.com/#book-now","owner","https://www.yellowpages.com/indianapolis-in/medical-spas?page=2","directory","verified","2026-09-03","Procedures found on its own site: Botox, microneedling, IPL. Found in the yellowpages.com Medical Spas category for Indianapolis, IN, then confirmed by opening the practice's own homepage. Directory description: ""Discover Balanced Beauty Aesthetics, your Greenwood destination for intentional luxury and personalized care. Since opening in August 2022, we've focused on…"""
"scopeiq","end-customer","single-location med spa","The Aesthetics Lounge & Spa Indianapolis","https://theaestheticsloungeandspa.com","Indianapolis, IN","","An independent medical aesthetic practice in IN whose own site advertises dermal fillers - it operates under one state's supervision, delegation and ownership rules and has no in-house counsel.","https://theaestheticsloungeandspa.com/contact/","owner","https://www.yellowpages.com/indianapolis-in/medical-spas","directory","verified","2026-09-03","Procedures found on its own site: dermal fillers, microneedling, medical weight loss. Found in the yellowpages.com Medical Spas category for Indianapolis, IN, then confirmed by opening the practice's own homepage."
"scopeiq","end-customer","single-location med spa","M Aesthetics","https://www.maestheticsbeauty.com/contact","Whitefish Bay, WI","","An independent medical aesthetic practice in WI whose own site advertises Botox - it operates under one state's supervision, delegation and ownership rules and has no in-house counsel.","https://www.maestheticsbeauty.com/contact","owner","https://www.yellowpages.com/milwaukee-wi/medical-spas?page=2","directory","verified","2026-09-03","Procedures found on its own site: Botox, Xeomin, dermal fillers, Sculptra, microneedling, PRP, semaglutide (GLP-1), medical weight loss. Found in the yellowpages.com Medical Spas category for Milwaukee, WI, then confirmed by opening the practice's own homepage. Directory description: ""A boutique medical aesthetic clinic located inside Enliven offering botox, fillers such as versa, Radiesse, Voluma, Belotero, ViPeel chemical peels,…"""
"scopeiq","end-customer","single-location med spa","Aesthetics 360Degrees Face & Body Center","https://a360mke.com","Milwaukee, WI","","An independent medical aesthetic practice in WI whose own site advertises Botox - it operates under one state's supervision, delegation and ownership rules and has no in-house counsel.","https://a360mke.com/contact-us/","owner","https://www.yellowpages.com/milwaukee-wi/medical-spas","directory","verified","2026-09-03","Procedures found on its own site: Botox, Daxxify, dermal fillers, Sculptra, microneedling, laser hair removal, chemical peels. Found in the yellowpages.com Medical Spas category for Milwaukee, WI, then confirmed by opening the practice's own homepage. Directory description: ""Milwaukees 5-star Medical SpaAESTHETICS 360 Face & Body Center is Milwaukees destination Medical Spa, located in the Historic Third Ward, offering a complete…"""
"scopeiq","end-customer","single-location med spa","MKE Aesthetics & Wellness","https://mkeaesthetics.com","Wauwatosa, WI","","An independent medical aesthetic practice in WI whose own site advertises medical aesthetic treatments - it operates under one state's supervision, delegation and ownership rules and has no in-house counsel.","","owner","https://www.yellowpages.com/milwaukee-wi/medical-spas?page=2","directory","verified","2026-09-03","Found in the yellowpages.com Medical Spas category for Milwaukee, WI, then confirmed by opening the practice's own homepage. Directory description: ""MKE Aesthetics Wellness in Wauwatosa, WI offers approachable, personalized care in aesthetics and wellness Serving the communities of Brookfield and Elm Grove,…"""
"scopeiq","end-customer","single-location med spa","Refresh Aesthetic Center","http://refreshaestheticcenter.com","Milwaukee, WI","","An independent medical aesthetic practice in WI whose own site advertises Botox - it operates under one state's supervision, delegation and ownership rules and has no in-house counsel.","https://refreshaestheticcenter.com/wp-content/themes/digitaltulip/fonts/Avenir-Book.woff","owner","https://www.yellowpages.com/milwaukee-wi/medical-spas","directory","verified","2026-09-03","Procedures found on its own site: Botox, Dysport, Daxxify, dermal fillers, Juvederm, Restylane, Sculptra, Kybella. Found in the yellowpages.com Medical Spas category for Milwaukee, WI, then confirmed by opening the practice's own homepage. Directory description: ""Our goal for each client at ReFresh Aesthetic Center is to provide safe and superior nonsurgical aesthetic services that restore and enhance each person's…"""
"scopeiq","end-customer","single-location med spa","Froedtert FORME Aesthetic and Vein Center","https://www.froedtert.com/locations/clinic/forme-aesthetic-and-vein-center","Wauwatosa, WI","","An independent medical aesthetic practice in WI whose own site advertises medical aesthetic treatments - it operates under one state's supervision, delegation and ownership rules and has no in-house counsel.","https://www.froedtert.com/contact","owner","https://www.yellowpages.com/milwaukee-wi/medical-spas","directory","verified","2026-09-03","Found in the yellowpages.com Medical Spas category for Milwaukee, WI, then confirmed by opening the practice's own homepage. Directory description: ""The FORME Aesthetic and Vein Center is located on the first floor of the Tosa Health Center. Enter through the south entrance."""
"scopeiq","end-customer","single-location med spa","ZELKO Aesthetics","https://zelkoaesthetics.com","Greenfield, WI","","An independent medical aesthetic practice in WI whose own site advertises Botox - it operates under one state's supervision, delegation and ownership rules and has no in-house counsel.","https://zelkoaesthetics.com/contact/","owner","https://www.yellowpages.com/milwaukee-wi/medical-spas?page=2","directory","verified","2026-09-03","Procedures found on its own site: Botox, Jeuveau, dermal fillers, microneedling, Emsculpt. Found in the yellowpages.com Medical Spas category for Milwaukee, WI, then confirmed by opening the practice's own homepage. Directory description: ""About ZELKO Aesthetics and ZSpa Dr Zelko, aka Dr Z, is a graduate of the the University of Notre Dame and the Philadelphia College of Osteopathic Medicine He…"""
"scopeiq","end-customer","single-location med spa","RemedyNow Aesthetics","http://www.remedynowaesthetics.com","Oak Creek, WI","","An independent medical aesthetic practice in WI whose own site advertises Botox - it operates under one state's supervision, delegation and ownership rules and has no in-house counsel.","https://www.remedynowaesthetics.com/contact-us/","owner","https://www.yellowpages.com/milwaukee-wi/medical-spas?page=2","directory","verified","2026-09-03","Procedures found on its own site: Botox, dermal fillers, Kybella, microneedling, CoolSculpting, laser hair removal, IPL, HydraFacial. Found in the yellowpages.com Medical Spas category for Milwaukee, WI, then confirmed by opening the practice's own homepage. Directory description: ""Danish Siddiqui is the Co-Founder and CEO of RemedyNow Aesthetics, as well as an accomplished board-certified Obstetrician Gynecologist with more than 25 years…"""
"scopeiq","end-customer","single-location med spa","AES Tonic Med Spa & Wellness Center","https://www.aestonicmedspa.com","Oklahoma City, OK","","An independent medical aesthetic practice in OK whose own site advertises Botox - it operates under one state's supervision, delegation and ownership rules and has no in-house counsel.","https://www.aestonicmedspa.com/contact-us","owner","https://www.yellowpages.com/oklahoma-city-ok/medical-spas","directory","verified","2026-09-03","Procedures found on its own site: Botox, Dysport, dermal fillers, Sculptra, Kybella, microneedling, PRP, medical weight loss. Found in the yellowpages.com Medical Spas category for Oklahoma City, OK, then confirmed by opening the practice's own homepage. Directory description: ""AesTonic Med Spa is a luxury medical spa in Oklahoma City offering personalized aesthetic and wellness treatments designed to help clients look refreshed, feel…"""
"scopeiq","end-customer","single-location med spa","Restorative Injectables","https://restorativeinjectables.com","Oklahoma City, OK","","An independent medical aesthetic practice in OK whose own site advertises Botox - it operates under one state's supervision, delegation and ownership rules and has no in-house counsel.","https://restorativeinjectables.com/#contact","owner","https://www.yellowpages.com/oklahoma-city-ok/medical-spas","directory","verified","2026-09-03","Procedures found on its own site: Botox, Dysport, Xeomin, dermal fillers, Sculptra, microneedling, CoolSculpting, IPL. Found in the yellowpages.com Medical Spas category for Oklahoma City, OK, then confirmed by opening the practice's own homepage. Directory description: ""Discover unparalleled rejuvenation at Restorative Injectables, your premier medical spa in Oklahoma City, conveniently located at 1001 NW 71st Place Building 3…"""
"scopeiq","end-customer","single-location med spa","Belle AME Medical Spa & Coolsculpting Center","https://belleamemedspa.com","Oklahoma City, OK","","An independent medical aesthetic practice in OK whose own site advertises dermal fillers - it operates under one state's supervision, delegation and ownership rules and has no in-house counsel.","https://belleamemedspa.com/contact/","owner","https://www.yellowpages.com/oklahoma-city-ok/medical-spas","directory","verified","2026-09-03","Procedures found on its own site: dermal fillers, CoolSculpting, HydraFacial, PRP, medical weight loss, IV therapy, hormone therapy, chemical peels. Found in the yellowpages.com Medical Spas category for Oklahoma City, OK, then confirmed by opening the practice's own homepage. Directory description: ""OKC and Moore's complete medical spa offering tailored treatments for overall wellness and aesthetics."""
"scopeiq","end-customer","single-location med spa","Premier Plastic Surgery & Aesthetics","https://www.premierokc.com","Oklahoma City, OK","","An independent medical aesthetic practice in OK whose own site advertises Botox - it operates under one state's supervision, delegation and ownership rules and has no in-house counsel.","https://www.premierokc.com/booking-fee-policy/","owner","https://www.yellowpages.com/oklahoma-city-ok/medical-spas","directory","verified","2026-09-03","Procedures found on its own site: Botox, Dysport, Daxxify, dermal fillers, Sculptra, microneedling, CoolSculpting, PRP. Found in the yellowpages.com Medical Spas category for Oklahoma City, OK, then confirmed by opening the practice's own homepage. Directory description: ""Premier Plastic Surgery & Aesthetics is an award-winning facility with a Board Certified Plastic Surgeon and full-service Medical Spa in Oklahoma."""
"scopeiq","end-customer","single-location med spa","LOU LOU Med Spa","https://louloumedspa.com","Oklahoma City, OK","","An independent medical aesthetic practice in OK whose own site advertises Botox - it operates under one state's supervision, delegation and ownership rules and has no in-house counsel.","https://louloumedspa.com/contact-us/","owner","https://www.yellowpages.com/oklahoma-city-ok/medical-spas","directory","verified","2026-09-03","Procedures found on its own site: Botox, Dysport, Daxxify, dermal fillers, Restylane, Sculptra, microneedling, laser hair removal. Found in the yellowpages.com Medical Spas category for Oklahoma City, OK, then confirmed by opening the practice's own homepage. Directory description: ""LOU LOU Med Spa in North Oklahoma City is the premier destination for advanced aesthetics and wellness. Led by National Allergan Trainer Amanda Lindenberg, our…"""
"scopeiq","end-customer","single-location med spa","Hickham Dermatology and Med Spa","http://hickhamderm.com","New Orleans, LA","","An independent medical aesthetic practice in LA whose own site advertises Botox - it operates under one state's supervision, delegation and ownership rules and has no in-house counsel.","https://www.hickhamderm.com/contact.html","owner","https://www.yellowpages.com/new-orleans-la/medical-spas","directory","verified","2026-09-03","Procedures found on its own site: Botox, Juvederm, Restylane, Kybella, microneedling, CoolSculpting, Emsculpt. Found in the yellowpages.com Medical Spas category for New Orleans, LA, then confirmed by opening the practice's own homepage. Directory description: ""Hickham Dermatology and Med Spa specializes in cosmetic and medical dermatology with a medical spa to assess and care for all of your skin needs Dr Patricia…"""
"scopeiq","end-customer","single-location med spa","Regenesis Medical Spa Skin Laser Clinic","http://regenesisspa.com","New Orleans, LA","","An independent medical aesthetic practice in LA whose own site advertises Botox - it operates under one state's supervision, delegation and ownership rules and has no in-house counsel.","https://regenesisspa.com/contact/","owner","https://www.yellowpages.com/new-orleans-la/medical-spas","directory","verified","2026-09-03","Procedures found on its own site: Botox, dermal fillers, Juvederm, Restylane, microneedling, laser hair removal, IPL, PRP. Found in the yellowpages.com Medical Spas category for New Orleans, LA, then confirmed by opening the practice's own homepage."
"scopeiq","end-customer","single-location med spa","Rejuven Medspa & Wellness Center","https://rejuvenemedspa.com/contact","New Orleans, LA","","An independent medical aesthetic practice in LA whose own site advertises microneedling - it operates under one state's supervision, delegation and ownership rules and has no in-house counsel.","https://rejuvenemedspa.com/contact","owner","https://www.yellowpages.com/new-orleans-la/medical-spas?page=2","directory","verified","2026-09-03","Procedures found on its own site: microneedling, semaglutide (GLP-1), tirzepatide (GLP-1), medical weight loss, hormone therapy, chemical peels. Found in the yellowpages.com Medical Spas category for New Orleans, LA, then confirmed by opening the practice's own homepage."
"scopeiq","end-customer","single-location med spa","Ozoned Studio Med Spa","https://www.theozonedstudio.com","New Orleans, LA","","An independent medical aesthetic practice in LA whose own site advertises Botox - it operates under one state's supervision, delegation and ownership rules and has no in-house counsel.","info@theozonedstudio.com","owner","https://www.yellowpages.com/new-orleans-la/medical-spas","directory","verified","2026-09-03","Procedures found on its own site: Botox, medical weight loss. Found in the yellowpages.com Medical Spas category for New Orleans, LA, then confirmed by opening the practice's own homepage. Directory description: ""Welcome to the Ozoned Studio Medical Spa, located in Mandeville and Lakeview, Louisiana. If youre looking for a professional and private medical spa with an…"""
"scopeiq","end-customer","single-location med spa","Magnolia Plastic Surgery and MedSpa","https://drheathcharvet.com","New Orleans, LA","","An independent medical aesthetic practice in LA whose own site advertises dermal fillers - it operates under one state's supervision, delegation and ownership rules and has no in-house counsel.","https://drheathcharvet.com/contact-us/","owner","https://www.yellowpages.com/new-orleans-la/medical-spas","directory","verified","2026-09-03","Procedures found on its own site: dermal fillers, microneedling, IPL, HydraFacial, medical weight loss, hormone therapy, chemical peels. Found in the yellowpages.com Medical Spas category for New Orleans, LA, then confirmed by opening the practice's own homepage. Directory description: ""Magnolia Plastic Surgery and MedSpa is an upscale plastic surgery and med spa facility located in New Orleans, LA Led by plastic surgeon Dr Heath Charvet,…"""
"scopeiq","end-customer","single-location med spa","Belle Aesthetics","https://belleaestheticsnola.com","New Orleans, LA","","An independent medical aesthetic practice in LA whose own site advertises Botox - it operates under one state's supervision, delegation and ownership rules and has no in-house counsel.","https://belleaestheticsnola.com/contact/","owner","https://www.yellowpages.com/new-orleans-la/medical-spas","directory","verified","2026-09-03","Procedures found on its own site: Botox, dermal fillers, Sculptra, microneedling, Morpheus8, laser hair removal, IPL, medical weight loss. Found in the yellowpages.com Medical Spas category for New Orleans, LA, then confirmed by opening the practice's own homepage. Directory description: ""My name is Katherine Johnson and I am the owner and founder of Belle Aesthetics. I am a board-certified nurse practitioner born and raised in New Orleans,…"""
"scopeiq","end-customer","single-location med spa","Bonus Image Aesthetics","https://bonusimagenola.com","New Orleans, LA","","An independent medical aesthetic practice in LA whose own site advertises medical aesthetic treatments - it operates under one state's supervision, delegation and ownership rules and has no in-house counsel.","https://bonusimagenola.com/contact-us/","owner","https://www.yellowpages.com/new-orleans-la/medical-spas","directory","verified","2026-09-03","Found in the yellowpages.com Medical Spas category for New Orleans, LA, then confirmed by opening the practice's own homepage. Directory description: ""At Bonus Image Aesthetics, your concerns will be addressed during an initial free consultation with Dr. Susan Glaudi. Treatment options will be discussed in a…"""
"scopeiq","end-customer","single-location med spa","Sage & Vine Aesthetics","https://www.sagevineaesthetics.com","North Chesterfield, VA","","An independent medical aesthetic practice in VA whose own site advertises Botox - it operates under one state's supervision, delegation and ownership rules and has no in-house counsel.","https://www.sagevineaesthetics.com/contact/","owner","https://www.yellowpages.com/richmond-va/medical-spas?page=2","directory","verified","2026-09-03","Procedures found on its own site: Botox, Dysport, dermal fillers, Sculptra, microneedling, Morpheus8, laser hair removal, IPL. Found in the yellowpages.com Medical Spas category for Richmond, VA, then confirmed by opening the practice's own homepage. Directory description: ""Sage & Vine Aesthetics is a med spa and lash studio Richmond VA serving the Midlothian area with injectables, laser hair removal, Morpheus8 RF microneedling,…"""
"scopeiq","end-customer","single-location med spa","Maple + Magnolia Aesthetics Co","https://maplemagnoliaaesthetics.com","Midlothian, VA","","An independent medical aesthetic practice in VA whose own site advertises dermal fillers - it operates under one state's supervision, delegation and ownership rules and has no in-house counsel.","https://maplemagnoliaaesthetics.com/book-appointment/","owner","https://www.yellowpages.com/richmond-va/medical-spas?page=2","directory","verified","2026-09-03","Procedures found on its own site: dermal fillers, microneedling, laser hair removal, IPL, medical weight loss, IV therapy, hormone therapy, chemical peels. Found in the yellowpages.com Medical Spas category for Richmond, VA, then confirmed by opening the practice's own homepage. Directory description: """"Boutique medical spa offering tox, filler, fat dissolving, Kybella, vitamin injections like B12, and skin treatments! We carry a medical grade skincare line,…"""
"scopeiq","end-customer","single-location med spa","Paired Precision Health & Aesthetics","https://www.pairedprecisionhealth.com","Midlothian, VA","","An independent medical aesthetic practice in VA whose own site advertises Botox - it operates under one state's supervision, delegation and ownership rules and has no in-house counsel.","https://www.pairedprecisionhealth.com/contact","owner","https://www.yellowpages.com/richmond-va/medical-spas?page=2","directory","verified","2026-09-03","Procedures found on its own site: Botox, dermal fillers, microneedling, hormone therapy. Found in the yellowpages.com Medical Spas category for Richmond, VA, then confirmed by opening the practice's own homepage. Directory description: ""Paired Precision Health Aesthetics is a Midlothian med spa where we focus on integrated wellness and aesthetic care We provide personalized treatments, including…"""
"scopeiq","end-customer","single-location med spa","Waterfalls Salon & Massage Med Spa","https://www.waterfallssalonandmassagemedspa.com","North Chesterfield, VA","","An independent medical aesthetic practice in VA whose own site advertises medical aesthetic treatments - it operates under one state's supervision, delegation and ownership rules and has no in-house counsel.","","owner","https://www.yellowpages.com/richmond-va/medical-spas","directory","verified","2026-09-03","Found in the yellowpages.com Medical Spas category for Richmond, VA, then confirmed by opening the practice's own homepage. Directory description: ""Waterfalls Salon & Massage is Rated on Yelp and Google as a #1 Med Spa in Richmond, VA. We believe that genuine care & comfort of our customers is our ultimate…"""
"scopeiq","end-customer","single-location med spa","Club West Med Spa","https://clubwestmedspa.com","Midlothian, VA","","An independent medical aesthetic practice in VA whose own site advertises Botox - it operates under one state's supervision, delegation and ownership rules and has no in-house counsel.","https://clubwestmedspa.com/contact-us/","owner","https://www.yellowpages.com/richmond-va/medical-spas?page=2","directory","verified","2026-09-03","Procedures found on its own site: Botox, Dysport, dermal fillers, microneedling, CoolSculpting, laser hair removal, HydraFacial, Emsculpt. Found in the yellowpages.com Medical Spas category for Richmond, VA, then confirmed by opening the practice's own homepage. Directory description: ""Club West Med Spa really is the perfect spa - a resort feel without actually leaving Richmond. The place is absolutely gorgeous, the staff are so friendly, sweet and…"""
"scopeiq","end-customer","single-location med spa","Richmond Aesthetic Surgery","https://www.richmondplasticsurgery.com","Richmond, VA","","An independent medical aesthetic practice in VA whose own site advertises Botox - it operates under one state's supervision, delegation and ownership rules and has no in-house counsel.","https://www.richmondplasticsurgery.com/book-consultation/#book","owner","https://www.yellowpages.com/richmond-va/medical-spas","directory","verified","2026-09-03","Procedures found on its own site: Botox, dermal fillers, Sculptra, Kybella, Morpheus8, CoolSculpting, laser hair removal, HydraFacial. Found in the yellowpages.com Medical Spas category for Richmond, VA, then confirmed by opening the practice's own homepage. Directory description: ""My confidence level was really low before my surgery. My problem was the little skin developing under my neck that made me feel older and I have to say..ugly. I have looked in…"""
"scopeiq","end-customer","single-location med spa","Revee","https://www.myrevee.com/?y_source=1_MTA4OTM3MDg0NS01NTMtbG9jYXRpb24ud2Vic2l0ZQ%3D%3D","Richmond, VA","","An independent medical aesthetic practice in VA whose own site advertises Botox - it operates under one state's supervision, delegation and ownership rules and has no in-house counsel.","https://www.myrevee.com/contact","owner","https://www.yellowpages.com/richmond-va/medical-spas","directory","verified","2026-09-03","Procedures found on its own site: Botox, dermal fillers, Sculptra, microneedling, laser hair removal, HydraFacial, medical weight loss. Found in the yellowpages.com Medical Spas category for Richmond, VA, then confirmed by opening the practice's own homepage. Directory description: ""Highly rated medspa offering Botox, Filler, Laser and skin services and CoolSculpting."""
"scopeiq","end-customer","single-location med spa","Blush Med Spa","http://blushmedspact.com","Avon, CT","","An independent medical aesthetic practice in CT whose own site advertises Botox - it operates under one state's supervision, delegation and ownership rules and has no in-house counsel.","https://blushmedspact.com/book-online/","owner","https://www.yellowpages.com/hartford-ct/medical-spas?page=2","directory","verified","2026-09-03","Procedures found on its own site: Botox, Dysport, Xeomin, dermal fillers, Restylane, Sculptra, Kybella, microneedling. Found in the yellowpages.com Medical Spas category for Hartford, CT, then confirmed by opening the practice's own homepage. Directory description: ""State of the art Med Spa. Modern and sophisticated staff. Empowering people through Med Spa Services! Botox, Dermal Fillers, Laser Hair Removal, Sun/Age Spot…"""
"scopeiq","end-customer","single-location med spa","SKIN Medical + Wellness","https://www.skinmedct.com/about","South Windsor, CT","","An independent medical aesthetic practice in CT whose own site advertises Botox - it operates under one state's supervision, delegation and ownership rules and has no in-house counsel.","https://www.skinmedct.com/contact","owner","https://www.yellowpages.com/hartford-ct/medical-spas","directory","verified","2026-09-03","Procedures found on its own site: Botox, dermal fillers, laser hair removal, IPL, IV therapy. Found in the yellowpages.com Medical Spas category for Hartford, CT, then confirmed by opening the practice's own homepage. Directory description: ""-Botox-Fillers-Weight loss programs-Morpheus 8-laser hair removal-vaginal rejuvenation-PRPand more!"""
"scopeiq","end-customer","single-location med spa","Ethos Medical Aesthetics & Wellness","https://www.ethosmedicalaesthetics.com/contact","Avon, CT","","An independent medical aesthetic practice in CT whose own site advertises dermal fillers - it operates under one state's supervision, delegation and ownership rules and has no in-house counsel.","","owner","https://www.yellowpages.com/hartford-ct/medical-spas","directory","verified","2026-09-03","Procedures found on its own site: dermal fillers, Kybella, microneedling, laser hair removal, IPL, medical weight loss, hormone therapy, chemical peels. Found in the yellowpages.com Medical Spas category for Hartford, CT, then confirmed by opening the practice's own homepage. Directory description: ""We are a holistic medical aesthetics practice specializing in injectables, lasers & energy devices, skin care, hormone balancing, peptide therapy, medical…"""
"scopeiq","end-customer","single-location med spa","Magnolia Med Spa","https://magnoliamedspact.com","Wethersfield, CT","","An independent medical aesthetic practice in CT whose own site advertises Botox - it operates under one state's supervision, delegation and ownership rules and has no in-house counsel.","https://magnoliamedspact.com/contact/","owner","https://www.yellowpages.com/hartford-ct/medical-spas","directory","verified","2026-09-03","Procedures found on its own site: Botox, Dysport, Xeomin, Daxxify, dermal fillers, Restylane, Sculptra, Kybella. Found in the yellowpages.com Medical Spas category for Hartford, CT, then confirmed by opening the practice's own homepage. Directory description: ""Magnolia Med Spa is focused on natural results that can promote confidence and the best version of you! As a boutique medical spa, we customize each patients…"""
"scopeiq","end-customer","single-location med spa","Miller Dermatology Surgical & Laser Center","http://www.anchoragederm.com","Anchorage, AK","","An independent medical aesthetic practice in AK whose own site advertises Botox - it operates under one state's supervision, delegation and ownership rules and has no in-house counsel.","http://www.anchoragederm.com/contact","owner","https://www.yellowpages.com/anchorage-ak/medical-spas","directory","verified","2026-09-03","Procedures found on its own site: Botox, CoolSculpting, PRP. Found in the yellowpages.com Medical Spas category for Anchorage, AK, then confirmed by opening the practice's own homepage. Directory description: ""This is a great practice."""""
"scopeiq","end-customer","single-location med spa","Aspire Med Spa","https://aspirealaska.com","Anchorage, AK","","An independent medical aesthetic practice in AK whose own site advertises dermal fillers - it operates under one state's supervision, delegation and ownership rules and has no in-house counsel.","https://aspirealaska.com/contact/","owner","https://www.yellowpages.com/anchorage-ak/medical-spas","directory","verified","2026-09-03","Procedures found on its own site: dermal fillers, microneedling, laser hair removal, HydraFacial, medical weight loss, IV therapy, hormone therapy, Emsculpt. Found in the yellowpages.com Medical Spas category for Anchorage, AK, then confirmed by opening the practice's own homepage."
"scopeiq","end-customer","single-location med spa","Glacier Medical Spa","https://glaciermedgroup.com","Palmer, AK","","An independent medical aesthetic practice in AK whose own site advertises medical aesthetic treatments - it operates under one state's supervision, delegation and ownership rules and has no in-house counsel.","https://glaciermedgroup.com/contact/","owner","https://www.yellowpages.com/anchorage-ak/medical-spas","directory","verified","2026-09-03","Found in the yellowpages.com Medical Spas category for Anchorage, AK, then confirmed by opening the practice's own homepage."
"scopeiq","end-customer","single-location med spa","Escape Drip Spa","https://www.escapedripspa.com/contact","Anchorage, AK","","An independent medical aesthetic practice in AK whose own site advertises IV therapy - it operates under one state's supervision, delegation and ownership rules and has no in-house counsel.","https://www.escapedripspa.com/contact","owner","https://www.yellowpages.com/anchorage-ak/medical-spas","directory","verified","2026-09-03","Procedures found on its own site: IV therapy. Found in the yellowpages.com Medical Spas category for Anchorage, AK, then confirmed by opening the practice's own homepage. Directory description: ""IV vitamin therapy and injections to boost and strengthen immunity, energy, brain/focus, anti-aging, beauty, gut healing, and more!"""
"scopeiq","end-customer","single-location med spa","Summit Wellness & Spa","http://thesummitwellness.com","Anchorage, AK","","An independent medical aesthetic practice in AK whose own site advertises Botox - it operates under one state's supervision, delegation and ownership rules and has no in-house counsel.","https://thesummitwellness.com/contact-us/","owner","https://www.yellowpages.com/anchorage-ak/medical-spas","directory","verified","2026-09-03","Procedures found on its own site: Botox, dermal fillers, medical weight loss, IV therapy, hormone therapy. Found in the yellowpages.com Medical Spas category for Anchorage, AK, then confirmed by opening the practice's own homepage."
"scopeiq","end-customer","single-location med spa","Skinstar Laser Med Spa","http://www.skinstarlaser.com","Little Rock, AR","","An independent medical aesthetic practice in AR whose own site advertises Botox - it operates under one state's supervision, delegation and ownership rules and has no in-house counsel.","","owner","https://www.yellowpages.com/little-rock-ar/medical-spas","directory","verified","2026-09-03","Procedures found on its own site: Botox, dermal fillers. Found in the yellowpages.com Medical Spas category for Little Rock, AR, then confirmed by opening the practice's own homepage. Directory description: ""I missed work for my appointment, upon arrival to clinic and waiting in room for 15 minutes, I was told they did not have the product for my procedure. The nurse was also rude.…"""
"scopeiq","end-customer","single-location med spa","Nirvana Med Spa â?? Little Rock, AR","https://nirvana-medspa.com","Little Rock, AR","","An independent medical aesthetic practice in AR whose own site advertises medical aesthetic treatments - it operates under one state's supervision, delegation and ownership rules and has no in-house counsel.","","owner","https://www.yellowpages.com/little-rock-ar/medical-spas","directory","verified","2026-09-03","Found in the yellowpages.com Medical Spas category for Little Rock, AR, then confirmed by opening the practice's own homepage. Directory description: ""At Nirvana Med Spa, we have a beautiful facility with skilled and expert staff to help meet the needs of our Little Rock, AR patients Led by boardcertified…"""
"scopeiq","end-customer","single-location med spa","Flawless Med Spa","https://www.flawlessmedspa.info","Bryant, AR","","An independent medical aesthetic practice in AR whose own site advertises dermal fillers - it operates under one state's supervision, delegation and ownership rules and has no in-house counsel.","https://www.flawlessmedspa.info/contact","owner","https://www.yellowpages.com/little-rock-ar/medical-spas?page=2","directory","verified","2026-09-03","Procedures found on its own site: dermal fillers, Kybella, microneedling, HydraFacial, PRP, chemical peels, Ultherapy, thread lifts. Found in the yellowpages.com Medical Spas category for Little Rock, AR, then confirmed by opening the practice's own homepage. Directory description: ""Thank you for taking the time to learn more about Flawless Med Spa, every guest is important to us. It is your relaxation and rejuvenation that encouraged us to…"""
"scopeiq","end-customer","single-location med spa","Solace Med Spa","https://www.solacemedspa.net","Searcy, AR","","An independent medical aesthetic practice in AR whose own site advertises Botox - it operates under one state's supervision, delegation and ownership rules and has no in-house counsel.","https://www.solacemedspa.net/contact/","owner","https://www.yellowpages.com/little-rock-ar/medical-spas?page=2","directory","verified","2026-09-03","Procedures found on its own site: Botox, Dysport, Jeuveau, Restylane, microneedling, laser hair removal, IPL, PRP. Found in the yellowpages.com Medical Spas category for Little Rock, AR, then confirmed by opening the practice's own homepage. Directory description: ""Solace Med Spa's purpose is rooted in providing a sanctuary of comfort and renewal, where aesthetic care intertwines with overall well-being. The brand name…"""
"scopeiq","end-customer","single-location med spa","Lasercare Skin Clinic","http://www.lasercareskinclinic.com","Little Rock, AR","","An independent medical aesthetic practice in AR whose own site advertises Botox - it operates under one state's supervision, delegation and ownership rules and has no in-house counsel.","https://lasercareskinclinic.com/contact/","owner","https://www.yellowpages.com/little-rock-ar/medical-spas","directory","verified","2026-09-03","Procedures found on its own site: Botox, dermal fillers, microneedling, hormone therapy, Sofwave, laser resurfacing. Found in the yellowpages.com Medical Spas category for Little Rock, AR, then confirmed by opening the practice's own homepage."
"scopeiq","end-customer","single-location med spa","Pine And River Aesthetics - Little Rock","https://www.pineandriverar.com/location/?y_source=1_MTA2MzgyOTk3Ni01NTMtbG9jYXRpb24ud2Vic2l0ZQ%3D%3D","Little Rock, AR","","An independent medical aesthetic practice in AR whose own site advertises Botox - it operates under one state's supervision, delegation and ownership rules and has no in-house counsel.","https://www.pineandriverar.com//connect.facebook.net","owner","https://www.yellowpages.com/little-rock-ar/medical-spas","directory","verified","2026-09-03","Procedures found on its own site: Botox, Dysport, Restylane, Sculptra, microneedling, laser hair removal, IPL, HydraFacial. Found in the yellowpages.com Medical Spas category for Little Rock, AR, then confirmed by opening the practice's own homepage. Directory description: ""Pine and River Aesthetics in Little Rock, is your go-to destination for premium aesthetic services. Specializing in BOTOX, Microneedling, and Hydrafacial…"""
"scopeiq","end-customer","single-location med spa","The Skin Bar & Med Spa","https://theskinbarandmedspa.com","Bryant, AR","","An independent medical aesthetic practice in AR whose own site advertises medical aesthetic treatments - it operates under one state's supervision, delegation and ownership rules and has no in-house counsel.","","owner","https://www.yellowpages.com/little-rock-ar/medical-spas?page=2","directory","verified","2026-09-03","Found in the yellowpages.com Medical Spas category for Little Rock, AR, then confirmed by opening the practice's own homepage."
"scopeiq","end-customer","single-location med spa","Doctors MedSpa","https://drsmedspa.com","Little Rock, AR","","An independent medical aesthetic practice in AR whose own site advertises Botox - it operates under one state's supervision, delegation and ownership rules and has no in-house counsel.","https://drsmedspa.com/contact/career-opportunities/","owner","https://www.yellowpages.com/little-rock-ar/medical-spas","directory","verified","2026-09-03","Procedures found on its own site: Botox, Dysport, dermal fillers, Restylane, microneedling, CoolSculpting, laser hair removal, IPL. Found in the yellowpages.com Medical Spas category for Little Rock, AR, then confirmed by opening the practice's own homepage. Directory description: ""At Doctors MedSpa, we're proud to be the premier center for non-surgical cosmetic procedures, age-defying skin treatments, and the highest quality skin care…"""
"scopeiq","end-customer","single-location med spa","Noydeen Beauty","http://www.noydeenbeauty.com","Conway, AR","","An independent medical aesthetic practice in AR whose own site advertises Dysport - it operates under one state's supervision, delegation and ownership rules and has no in-house counsel.","https://noydeenbeauty.com/contact/","owner","https://www.yellowpages.com/little-rock-ar/medical-spas?page=2","directory","verified","2026-09-03","Procedures found on its own site: Dysport, dermal fillers, Restylane, Kybella, laser hair removal, IPL, chemical peels. Found in the yellowpages.com Medical Spas category for Little Rock, AR, then confirmed by opening the practice's own homepage. Directory description: ""Conway's medical aesthetics clinic offering minimally invasive cosmetic procedures: botox, fillers, laser hair removal, laser vein removal, laser facial…"""
"scopeiq","end-customer","single-location med spa","Sei Bella Med Spa","http://www.seibellamedspa.net","Little Rock, AR","","An independent medical aesthetic practice in AR whose own site advertises Botox - it operates under one state's supervision, delegation and ownership rules and has no in-house counsel.","http://www.seibellamedspa.net/schedule-appointment","owner","https://www.yellowpages.com/little-rock-ar/medical-spas","directory","verified","2026-09-03","Procedures found on its own site: Botox, Dysport, dermal fillers, Juvederm, Restylane, Sculptra, Kybella, microneedling. Found in the yellowpages.com Medical Spas category for Little Rock, AR, then confirmed by opening the practice's own homepage."
"scopeiq","end-customer","single-location med spa","Drip HAUSE Weight Loss & Aesthetics Med Spa","https://www.driphausemedspa.com","Newark, DE","","An independent medical aesthetic practice in DE whose own site advertises Botox - it operates under one state's supervision, delegation and ownership rules and has no in-house counsel.","https://www.driphausemedspa.com/contact","owner","https://www.yellowpages.com/wilmington-de/medical-spas?page=2","directory","verified","2026-09-03","Procedures found on its own site: Botox, dermal fillers, microneedling, PRP, semaglutide (GLP-1), tirzepatide (GLP-1), medical weight loss, IV therapy. Found in the yellowpages.com Medical Spas category for Wilmington, DE, then confirmed by opening the practice's own homepage. Directory description: ""Drip HAUSE Weight Loss & Aesthetics is a luxury medical spa in Newark, DE providing IV hydration, medically supervised weight-loss programs including tirzepatide…"""
"scopeiq","end-customer","single-location med spa","Beautiful One Aesthetics","https://beautifuloneaestheticsde.hibuwebsites.com","Bear, DE","","An independent medical aesthetic practice in DE whose own site advertises Botox - it operates under one state's supervision, delegation and ownership rules and has no in-house counsel.","https://beautifuloneaestheticsde.hibuwebsites.com/contact","owner","https://www.yellowpages.com/wilmington-de/medical-spas?page=2","directory","verified","2026-09-03","Procedures found on its own site: Botox, dermal fillers, microneedling, Morpheus8, laser hair removal, IPL, chemical peels. Found in the yellowpages.com Medical Spas category for Wilmington, DE, then confirmed by opening the practice's own homepage. Directory description: ""Beautiful One Aesthetics provides facials & skin treatments, injectables & lip fillers, laser treatments/ hair removal, lashes and brows permanent makeup & tiny…"""
"scopeiq","end-customer","single-location med spa","Unveil Medical Aesthetics & Wellness","https://www.unveilaesthetics.com","Wilmington, DE","","An independent medical aesthetic practice in DE whose own site advertises Botox - it operates under one state's supervision, delegation and ownership rules and has no in-house counsel.","https://www.unveilaesthetics.com/contact/","owner","https://www.yellowpages.com/wilmington-de/medical-spas","directory","verified","2026-09-03","Procedures found on its own site: Botox, dermal fillers, Kybella, microneedling, IPL, PRP, medical weight loss, IV therapy. Found in the yellowpages.com Medical Spas category for Wilmington, DE, then confirmed by opening the practice's own homepage. Directory description: ""Unveil Aesthetics specializes in cosmetic injectables, medical weight loss programs, and advanced skincare solutions using evidence-based research. Our goal is…"""
"scopeiq","end-customer","single-location med spa","Vitality Health & Med Spa","https://www.vitalityhealthde.com?utm_source=directory&amp;utm_medium=organic&amp;utm_campaign=webtomed","Newark, DE","","An independent medical aesthetic practice in DE whose own site advertises CoolSculpting - it operates under one state's supervision, delegation and ownership rules and has no in-house counsel.","","owner","https://www.yellowpages.com/wilmington-de/medical-spas?page=2","directory","verified","2026-09-03","Procedures found on its own site: CoolSculpting, laser hair removal, PRP, medical weight loss, IV therapy, hormone therapy, Emsculpt. Found in the yellowpages.com Medical Spas category for Wilmington, DE, then confirmed by opening the practice's own homepage. Directory description: ""Welcome to Vitality Health & Med Spa in Newark, DE. We offer our patients health, gynecology, wellness and aesthetics treatments . Dr. Knapp has successfully…"""
"scopeiq","end-customer","single-location med spa","Magnifaskin Medspa","http://magnifaskinmedspa.com","Wilmington, DE","","An independent medical aesthetic practice in DE whose own site advertises Botox - it operates under one state's supervision, delegation and ownership rules and has no in-house counsel.","http://magnifaskinmedspa.com/contact","owner","https://www.yellowpages.com/wilmington-de/medical-spas","directory","verified","2026-09-03","Procedures found on its own site: Botox, Juvederm, Restylane, microneedling, IPL, HydraFacial, PRP. Found in the yellowpages.com Medical Spas category for Wilmington, DE, then confirmed by opening the practice's own homepage."
"scopeiq","end-customer","single-location med spa","Renew Laser-Aesthetic Medicine","https://www.renewlasermed.com/contact-us","West Chester, PA","","An independent medical aesthetic practice in PA whose own site advertises laser hair removal - it operates under one state's supervision, delegation and ownership rules and has no in-house counsel.","https://www.renewlasermed.com/contact-us/","owner","https://www.yellowpages.com/wilmington-de/medical-spas?page=2","directory","verified","2026-09-03","Procedures found on its own site: laser hair removal. Found in the yellowpages.com Medical Spas category for Wilmington, DE, then confirmed by opening the practice's own homepage."
"scopeiq","end-customer","single-location med spa","Lavish Wellness & Aesthetics","https://www.livelavishde.com","Wilmington, DE","","An independent medical aesthetic practice in DE whose own site advertises Botox - it operates under one state's supervision, delegation and ownership rules and has no in-house counsel.","https://livelavishde.com/contact/","owner","https://www.yellowpages.com/wilmington-de/medical-spas","directory","verified","2026-09-03","Procedures found on its own site: Botox, dermal fillers, microneedling, Morpheus8, laser hair removal, PRP, medical weight loss, IV hydration. Found in the yellowpages.com Medical Spas category for Wilmington, DE, then confirmed by opening the practice's own homepage. Directory description: ""Lavish Wellness Aesthetics is a premier Medspa in Wilmington, Delaware, offering personalized beauty and wellness solutions We specialize in nonsurgical…"""
"scopeiq","end-customer","single-location med spa","Bijin â€¢ Laser + Skin Care Center","http://www.bijindelaware.com","Wilmington, DE","","An independent medical aesthetic practice in DE whose own site advertises dermal fillers - it operates under one state's supervision, delegation and ownership rules and has no in-house counsel.","https://bijindelaware.com/contact/","owner","https://www.yellowpages.com/wilmington-de/medical-spas","directory","verified","2026-09-03","Procedures found on its own site: dermal fillers, laser hair removal, Ultherapy. Found in the yellowpages.com Medical Spas category for Wilmington, DE, then confirmed by opening the practice's own homepage."
"scopeiq","end-customer","single-location med spa","Esthetica Med Spa","https://estheticamedspa.com","Newark, DE","","An independent medical aesthetic practice in DE whose own site advertises Botox - it operates under one state's supervision, delegation and ownership rules and has no in-house counsel.","https://estheticamedspa.com/contact-us/","owner","https://www.yellowpages.com/wilmington-de/medical-spas","directory","verified","2026-09-03","Procedures found on its own site: Botox, Dysport, dermal fillers, microneedling, CoolSculpting, laser hair removal, IPL, chemical peels. Found in the yellowpages.com Medical Spas category for Wilmington, DE, then confirmed by opening the practice's own homepage. Directory description: ""Ideal Image is North Americas #1 aesthetics brand, making personal aesthetics and wellness more affordable, accessible, and effective than ever before. Our…"""
"scopeiq","end-customer","single-location med spa","Aloha Laser Aesthetics","https://www.alohalaseraesthetics.com","Honolulu, HI","","An independent medical aesthetic practice in HI whose own site advertises Botox - it operates under one state's supervision, delegation and ownership rules and has no in-house counsel.","https://www.alohalaseraesthetics.com/contact-us/","owner","https://www.yellowpages.com/honolulu-hi/medical-spas","directory","verified","2026-09-03","Procedures found on its own site: Botox, Dysport, Jeuveau, dermal fillers, Restylane, microneedling, laser hair removal, IPL. Found in the yellowpages.com Medical Spas category for Honolulu, HI, then confirmed by opening the practice's own homepage. Directory description: ""Aloha Laser Aesthetics provides a full array of non-surgical cosmetic treatment options aimed at helping you address specific aesthetic concerns for a healthier,…"""
"scopeiq","end-customer","single-location med spa","Impeccable Aesthetics","https://impeccableaesthetics.net","Honolulu, HI","","An independent medical aesthetic practice in HI whose own site advertises Botox - it operates under one state's supervision, delegation and ownership rules and has no in-house counsel.","https://impeccableaesthetics.net/contact","owner","https://www.yellowpages.com/honolulu-hi/medical-spas","directory","verified","2026-09-03","Procedures found on its own site: Botox, dermal fillers, Kybella, microneedling, medical weight loss, IV therapy, chemical peels, PRF. Found in the yellowpages.com Medical Spas category for Honolulu, HI, then confirmed by opening the practice's own homepage. Directory description: ""Impeccable Aesthetics is a Honolulu medical spa serving Oahu and Maui with advanced injectable, laser, and regenerative treatments Led by founder Joey Seson,…"""
"scopeiq","end-customer","single-location med spa","FINA MedSpa and Wellness","http://www.finamedspa.com","Honolulu, HI","","An independent medical aesthetic practice in HI whose own site advertises Botox - it operates under one state's supervision, delegation and ownership rules and has no in-house counsel.","https://www.finamedspa.com/contact-us","owner","https://www.yellowpages.com/honolulu-hi/medical-spas","directory","verified","2026-09-03","Procedures found on its own site: Botox, Jeuveau, Xeomin, dermal fillers, Juvederm, Sculptra, Kybella, microneedling. Found in the yellowpages.com Medical Spas category for Honolulu, HI, then confirmed by opening the practice's own homepage. Directory description: ""We offer 100% PHYSICIAN PROVIDED rejuvenation and wellness services. At FINA MedSpa, we specialize in PRP SkinPen microneedling, PRP hair regeneration therapy,…"""
"scopeiq","end-customer","single-location med spa","Akala Med Spa","https://www.akalamedspa.com","Honolulu, HI","","An independent medical aesthetic practice in HI whose own site advertises Botox - it operates under one state's supervision, delegation and ownership rules and has no in-house counsel.","https://www.akalamedspa.com/copy-of-contact","owner","https://www.yellowpages.com/honolulu-hi/medical-spas","directory","verified","2026-09-03","Procedures found on its own site: Botox, chemical peels. Found in the yellowpages.com Medical Spas category for Honolulu, HI, then confirmed by opening the practice's own homepage. Directory description: ""Akala is dedicated to help you look and feel your absolute best. Explore our non-invasive body contouring treatments, specialty facials, lip treatments, bb glow…"""
"scopeiq","end-customer","single-location med spa","Ohana Medspas","https://www.ohanamedspas.com","Honolulu, HI","","An independent medical aesthetic practice in HI whose own site advertises Botox - it operates under one state's supervision, delegation and ownership rules and has no in-house counsel.","","owner","https://www.yellowpages.com/honolulu-hi/medical-spas?page=2","directory","verified","2026-09-03","Procedures found on its own site: Botox, dermal fillers, microneedling, PRP, semaglutide (GLP-1), tirzepatide (GLP-1), medical weight loss, hormone therapy. Found in the yellowpages.com Medical Spas category for Honolulu, HI, then confirmed by opening the practice's own homepage. Directory description: ""A HOLISTIC SPACE FOR BEAUTY AND WELLNESS SERVICES. We help women feel and look beautiful from the inside out. Dr. Carolyn Candido is a physician injector that…"""
"scopeiq","end-customer","single-location med spa","Jen Medical Aesthetics","https://jenmedicalaesthetics.com","Honolulu, HI","","An independent medical aesthetic practice in HI whose own site advertises Botox - it operates under one state's supervision, delegation and ownership rules and has no in-house counsel.","","owner","https://www.yellowpages.com/honolulu-hi/medical-spas","directory","verified","2026-09-03","Procedures found on its own site: Botox, Dysport, Jeuveau, Xeomin, microneedling, Morpheus8, PRP, Emsculpt. Found in the yellowpages.com Medical Spas category for Honolulu, HI, then confirmed by opening the practice's own homepage."
"scopeiq","end-customer","single-location med spa","Honolulu Spa and Wellness","http://www.honoluluspaandwellness.com","Honolulu, HI","","An independent medical aesthetic practice in HI whose own site advertises microneedling - it operates under one state's supervision, delegation and ownership rules and has no in-house counsel.","https://honoluluspaandwellness.com/contact-location/","owner","https://www.yellowpages.com/honolulu-hi/medical-spas","directory","verified","2026-09-03","Procedures found on its own site: microneedling, IPL, HydraFacial, chemical peels. Found in the yellowpages.com Medical Spas category for Honolulu, HI, then confirmed by opening the practice's own homepage. Directory description: ""Honolulu Spa & Wellness is Hawaii's favorite, located Ala Moana Center, Honolulu, HI. Specializing in advanced skin care, HydraFacial MD, micro needling, peels,…"""
"scopeiq","end-customer","single-location med spa","360 MedSpas","https://www.360medspas.com","Ankeny, IA","","An independent medical aesthetic practice in IA whose own site advertises Botox - it operates under one state's supervision, delegation and ownership rules and has no in-house counsel.","https://www.360medspas.com/contact","owner","https://www.yellowpages.com/des-moines-ia/medical-spas","directory","verified","2026-09-03","Procedures found on its own site: Botox, Xeomin, dermal fillers, Juvederm, microneedling, medical weight loss, chemical peels. Found in the yellowpages.com Medical Spas category for Des Moines, IA, then confirmed by opening the practice's own homepage. Directory description: ""360 MedSpas provides body contouring, chemical peels, dermal fillers, DiamondGlow facials, injectable hydration, medical laser treatments, medical weight loss,…"""
"scopeiq","end-customer","single-location med spa","Renuyou Aesthetics & Med Spa","https://www.renuyouaestheticsandbotox.com","Ames, IA","","An independent medical aesthetic practice in IA whose own site advertises Botox - it operates under one state's supervision, delegation and ownership rules and has no in-house counsel.","https://www.renuyouaestheticsandbotox.com/contact-us/","owner","https://www.yellowpages.com/des-moines-ia/medical-spas?page=2","directory","verified","2026-09-03","Procedures found on its own site: Botox, dermal fillers, Kybella, microneedling, Morpheus8, laser hair removal, IPL, HydraFacial. Found in the yellowpages.com Medical Spas category for Des Moines, IA, then confirmed by opening the practice's own homepage."
"scopeiq","end-customer","single-location med spa","Skin Body Soul","https://skinbodysoul.com","West Des Moines, IA","","An independent medical aesthetic practice in IA whose own site advertises medical aesthetic treatments - it operates under one state's supervision, delegation and ownership rules and has no in-house counsel.","https://skinbodysoul.com/book-now","owner","https://www.yellowpages.com/des-moines-ia/medical-spas","directory","verified","2026-09-03","Found in the yellowpages.com Medical Spas category for Des Moines, IA, then confirmed by opening the practice's own homepage. Directory description: ""DISCOVER LASTING RESULTS AT SKIN BODY SOUL MED SPA IN ANKENY & WEST DES MOINES, IOWA Welcome to Skin Body Soul MedSpa, where professional, medically-based MedSpa…"""
"scopeiq","end-customer","single-location med spa","Skin Iowa PC","https://skiniowa.com","West Des Moines, IA","","An independent medical aesthetic practice in IA whose own site advertises Botox - it operates under one state's supervision, delegation and ownership rules and has no in-house counsel.","https://skiniowa.com/contact/","owner","https://www.yellowpages.com/des-moines-ia/medical-spas?page=2","directory","verified","2026-09-03","Procedures found on its own site: Botox, Dysport, Jeuveau, Xeomin, dermal fillers, Restylane, Sculptra, Kybella. Found in the yellowpages.com Medical Spas category for Des Moines, IA, then confirmed by opening the practice's own homepage. Directory description: ""Dermatologic services, as well as a full range of cosmetic Botox, Juvederm, laser treatments, and other cosmetic services. ""Minor Procedures, Major Results."""""
"scopeiq","end-customer","single-location med spa","Urban Effects Medspa Inc","https://www.urbaneffectsmedspa.com/contact","Urbandale, IA","","An independent medical aesthetic practice in IA whose own site advertises Botox - it operates under one state's supervision, delegation and ownership rules and has no in-house counsel.","https://www.urbaneffectsmedspa.com/styles/homepage-appointment-style-5.css","owner","https://www.yellowpages.com/des-moines-ia/medical-spas","directory","verified","2026-09-03","Procedures found on its own site: Botox, dermal fillers, laser hair removal, IPL, medical weight loss, IV hydration. Found in the yellowpages.com Medical Spas category for Des Moines, IA, then confirmed by opening the practice's own homepage."
"scopeiq","end-customer","single-location med spa","Midwest Aesthetics Nurse Cindy","http://midwestaestheticsnursecindy.com","Johnston, IA","","An independent medical aesthetic practice in IA whose own site advertises Botox - it operates under one state's supervision, delegation and ownership rules and has no in-house counsel.","https://midwestaestheticsnursecindy.com/book/","owner","https://www.yellowpages.com/des-moines-ia/medical-spas","directory","verified","2026-09-03","Procedures found on its own site: Botox, Dysport, Xeomin, dermal fillers, Juvederm, Restylane, Sculptra, microneedling. Found in the yellowpages.com Medical Spas category for Des Moines, IA, then confirmed by opening the practice's own homepage. Directory description: """"Hi! This is Nurse Cindy! Cosmetic aesthetics is my passion and I would love to help you get started on your own personal journey! I am trained and certified in…"""
"scopeiq","end-customer","single-location med spa","Aesthetic Collective","https://aestheticcollectives.com","West Des Moines, IA","","An independent medical aesthetic practice in IA whose own site advertises Botox - it operates under one state's supervision, delegation and ownership rules and has no in-house counsel.","https://aestheticcollectives.com/book","owner","https://www.yellowpages.com/des-moines-ia/medical-spas?page=2","directory","verified","2026-09-03","Procedures found on its own site: Botox, Dysport, Xeomin, dermal fillers, laser hair removal, medical weight loss, hormone therapy, PRF. Found in the yellowpages.com Medical Spas category for Des Moines, IA, then confirmed by opening the practice's own homepage. Directory description: ""Who’s holding the needle? At The Aesthetic Collective, you’re in the hands of highly skilled professionals. Our team consists of experienced ICU-trained nurse…"""
"scopeiq","end-customer","single-location med spa","Coachlight Clinic & Spa","https://www.dsmcoachlight.com/?utm_source=gbp&amp;utm_medium=organic","West Des Moines, IA","","An independent medical aesthetic practice in IA whose own site advertises Botox - it operates under one state's supervision, delegation and ownership rules and has no in-house counsel.","https://www.dsmcoachlight.com/contact-des-moines-skin-specialist/","owner","https://www.yellowpages.com/des-moines-ia/medical-spas?page=2","directory","verified","2026-09-03","Procedures found on its own site: Botox, Dysport, dermal fillers, Juvederm, Restylane, Sculptra, Kybella, microneedling. Found in the yellowpages.com Medical Spas category for Des Moines, IA, then confirmed by opening the practice's own homepage. Directory description: ""Coachlight Clinic is a leading medical spa in West Des Moines, Iowa, offering a full range of advanced aesthetic treatments. Our expert team provides Botox,…"""
"scopeiq","end-customer","single-location med spa","Beauty Fusion","https://beautyfusionmedspa.com","Urbandale, IA","","An independent medical aesthetic practice in IA whose own site advertises microneedling - it operates under one state's supervision, delegation and ownership rules and has no in-house counsel.","https://beautyfusionmedspa.com/contact-us-4162","owner","https://www.yellowpages.com/des-moines-ia/medical-spas","directory","verified","2026-09-03","Procedures found on its own site: microneedling, laser hair removal, IPL, HydraFacial, PRP, medical weight loss, hormone therapy. Found in the yellowpages.com Medical Spas category for Des Moines, IA, then confirmed by opening the practice's own homepage. Directory description: ""Beauty Fusion Med Spa is a premier medical spa specializing in body sculpting, advanced skincare, and aesthetic treatments for women and men. We offer customized…"""
"scopeiq","end-customer","single-location med spa","Silk Touch Med Spa","http://www.silktouchmedspa.com","Boise, ID","","An independent medical aesthetic practice in ID whose own site advertises Botox - it operates under one state's supervision, delegation and ownership rules and has no in-house counsel.","https://silktouchmedspa.com/contact/","owner","https://www.yellowpages.com/boise-id/medical-spas","directory","verified","2026-09-03","Procedures found on its own site: Botox, dermal fillers, Kybella, microneedling, CoolSculpting, laser hair removal, IPL, HydraFacial. Found in the yellowpages.com Medical Spas category for Boise, ID, then confirmed by opening the practice's own homepage. Directory description: ""If you've been looking for a way to turn back the clock without plastic surgery, Silk Touch Med Spa Laser & Lipo Center has the answers for you. Most of our…"""
"scopeiq","end-customer","single-location med spa","Ultimate You Med Spa Boise","https://ultimateyoumedspa.com","Meridian, ID","","An independent medical aesthetic practice in ID whose own site advertises Botox - it operates under one state's supervision, delegation and ownership rules and has no in-house counsel.","https://ultimateyoumedspa.com/cancellation-and-missed-appointment-policy/","owner","https://www.yellowpages.com/boise-id/medical-spas?page=2","directory","verified","2026-09-03","Procedures found on its own site: Botox, dermal fillers, microneedling, CoolSculpting, laser hair removal, IPL, hormone therapy, chemical peels. Found in the yellowpages.com Medical Spas category for Boise, ID, then confirmed by opening the practice's own homepage. Directory description: ""At Ultimate You Med Spa in Meridian near Boise, we believe everyone deserves to feel confident in their own skin. Our luxury medical spa offers advanced…"""
"scopeiq","end-customer","single-location med spa","Ã?lan Vital Medical Aesthetics","https://www.ev-idaho.com","Meridian, ID","","An independent medical aesthetic practice in ID whose own site advertises Botox - it operates under one state's supervision, delegation and ownership rules and has no in-house counsel.","https://www.ev-idaho.com/book-online","owner","https://www.yellowpages.com/boise-id/medical-spas?page=2","directory","verified","2026-09-03","Procedures found on its own site: Botox. Found in the yellowpages.com Medical Spas category for Boise, ID, then confirmed by opening the practice's own homepage. Directory description: ""Discover the epitome of beauty and rejuvenation at lan Vital Medical Aesthetics, your premier med spa near you in Meridian, Idaho, located at 1576 West Deer…"""
"scopeiq","end-customer","single-location med spa","Treasure Valley Aesthetics & Wellness","https://treasurevalleyaw.com","Boise, ID","","An independent medical aesthetic practice in ID whose own site advertises Botox - it operates under one state's supervision, delegation and ownership rules and has no in-house counsel.","https://treasurevalleyaw.com/contact/","owner","https://www.yellowpages.com/boise-id/medical-spas","directory","verified","2026-09-03","Procedures found on its own site: Botox, dermal fillers, microneedling, laser hair removal, IPL, HydraFacial, GLP-1, medical weight loss. Found in the yellowpages.com Medical Spas category for Boise, ID, then confirmed by opening the practice's own homepage. Directory description: ""Treasure Valley Aesthetics & Wellness delivers personalized health optimization through advanced treatments. Led by Dr. Brenna Butler, our expert team…"""
"scopeiq","end-customer","single-location med spa","Precision Laser & Esthetics","https://precisionlasertreatments.com","Meridian, ID","","An independent medical aesthetic practice in ID whose own site advertises Botox - it operates under one state's supervision, delegation and ownership rules and has no in-house counsel.","https://precisionlasertreatments.com/contact-us","owner","https://www.yellowpages.com/boise-id/medical-spas?page=2","directory","verified","2026-09-03","Procedures found on its own site: Botox, Dysport, dermal fillers, Sculptra, microneedling, laser hair removal, IPL. Found in the yellowpages.com Medical Spas category for Boise, ID, then confirmed by opening the practice's own homepage. Directory description: ""Precision Laser & Esthetics is a locally owned and operated laser studio and med spa. Under the medical supervision of Dr. Ronald Higginbotham, Precision also operates…"""
"scopeiq","end-customer","single-location med spa","Rejuv Medspa","http://www.rejuv-medspa.com","Meridian, ID","","An independent medical aesthetic practice in ID whose own site advertises CoolSculpting - it operates under one state's supervision, delegation and ownership rules and has no in-house counsel.","https://rejuv-medspa.com/contact-us/","owner","https://www.yellowpages.com/boise-id/medical-spas?page=2","directory","verified","2026-09-03","Procedures found on its own site: CoolSculpting, Ultherapy. Found in the yellowpages.com Medical Spas category for Boise, ID, then confirmed by opening the practice's own homepage. Directory description: ""visit Ashley for great hair. visit Kristi for a great pedicure."""""
"scopeiq","end-customer","single-location med spa","Alora Boise Med Spa & Salon","https://aloraboise.com","Garden City, ID","","An independent medical aesthetic practice in ID whose own site advertises Botox - it operates under one state's supervision, delegation and ownership rules and has no in-house counsel.","","owner","https://www.yellowpages.com/boise-id/medical-spas?page=2","directory","verified","2026-09-03","Procedures found on its own site: Botox, dermal fillers, Sculptra, laser hair removal, IPL, IV therapy. Found in the yellowpages.com Medical Spas category for Boise, ID, then confirmed by opening the practice's own homepage. Directory description: ""Alora Boise redefines beauty and wellness with a perfect blend of luxe salon services and advanced med-spa treatments. Whether you’re craving a precision…"""
"scopeiq","end-customer","single-location med spa","PURE Medical Spa","https://puremedicalspaidaho.com/?y_source=1_ODgyODQyODUtNTUzLWxvY2F0aW9uLndlYnNpdGU%3D","Meridian, ID","","An independent medical aesthetic practice in ID whose own site advertises Botox - it operates under one state's supervision, delegation and ownership rules and has no in-house counsel.","https://puremedicalspaidaho.com/ebooks/preview-pricing/","owner","https://www.yellowpages.com/boise-id/medical-spas?page=2","directory","verified","2026-09-03","Procedures found on its own site: Botox, Dysport, dermal fillers, Juvederm, Restylane, Sculptra, Kybella, microneedling. Found in the yellowpages.com Medical Spas category for Boise, ID, then confirmed by opening the practice's own homepage. Directory description: ""Our practice takes you beyond the norm by combining our exclusive environment with cutting-edge treatments to help clients through their custom aesthetic…"""
"scopeiq","end-customer","single-location med spa","Allante Life Medical Spa","http://allantelife.com","Boise, ID","","An independent medical aesthetic practice in ID whose own site advertises Botox - it operates under one state's supervision, delegation and ownership rules and has no in-house counsel.","https://allantelife.com/contact-us/","owner","https://www.yellowpages.com/boise-id/medical-spas","directory","verified","2026-09-03","Procedures found on its own site: Botox, Dysport, Jeuveau, Sculptra, Kybella, microneedling, CoolSculpting, laser hair removal. Found in the yellowpages.com Medical Spas category for Boise, ID, then confirmed by opening the practice's own homepage."
"scopeiq","end-customer","single-location med spa","ICT Wellness and Aesthetics","https://www.ictwellness.com","Wichita, KS","","An independent medical aesthetic practice in KS whose own site advertises Botox - it operates under one state's supervision, delegation and ownership rules and has no in-house counsel.","","owner","https://www.yellowpages.com/wichita-ks/medical-spas","directory","verified","2026-09-03","Procedures found on its own site: Botox, Dysport, dermal fillers, Juvederm, Restylane, Kybella, microneedling, IPL. Found in the yellowpages.com Medical Spas category for Wichita, KS, then confirmed by opening the practice's own homepage. Directory description: ""ICT Wellness and Aesthetics, located in the vibrant city of Wichita, Kansas, is a premier medical spa that provides an array of beauty and wellness treatments to…"""
"scopeiq","end-customer","single-location med spa","Poise Aesthetics","https://www.poiseaesthetics.com","Wichita, KS","","An independent medical aesthetic practice in KS whose own site advertises microneedling - it operates under one state's supervision, delegation and ownership rules and has no in-house counsel.","","owner","https://www.yellowpages.com/wichita-ks/medical-spas","directory","verified","2026-09-03","Procedures found on its own site: microneedling, chemical peels. Found in the yellowpages.com Medical Spas category for Wichita, KS, then confirmed by opening the practice's own homepage. Directory description: ""Discover tranquility at Poise Aesthetics—your haven to unwind from daily pressures and prioritize your well-being. Immerse yourself in the convergence of beauty…"""
"scopeiq","end-customer","single-location med spa","Glo-Up Med Spa","https://www.glo-upmedspawichita.com","Wichita, KS","","An independent medical aesthetic practice in KS whose own site advertises Botox - it operates under one state's supervision, delegation and ownership rules and has no in-house counsel.","https://www.glo-upmedspawichita.com/contact-us","owner","https://www.yellowpages.com/wichita-ks/medical-spas","directory","verified","2026-09-03","Procedures found on its own site: Botox, Dysport, Xeomin, dermal fillers, Juvederm, Restylane, microneedling, PRP. Found in the yellowpages.com Medical Spas category for Wichita, KS, then confirmed by opening the practice's own homepage."
"scopeiq","end-customer","single-location med spa","Prime IV Hydration & Wellness - East Wichita","https://primeivhydration.com/locations/kansas/wichita-ks","Wichita, KS","","An independent medical aesthetic practice in KS whose own site advertises IPL - it operates under one state's supervision, delegation and ownership rules and has no in-house counsel.","","owner","https://www.yellowpages.com/wichita-ks/medical-spas","directory","verified","2026-09-03","Procedures found on its own site: IPL, medical weight loss, IV therapy, IV hydration, IV drip, hormone therapy. Found in the yellowpages.com Medical Spas category for Wichita, KS, then confirmed by opening the practice's own homepage."
"scopeiq","end-customer","single-location med spa","ICT IV Hydration","https://www.ictivhydration.com/contact","Wichita, KS","","An independent medical aesthetic practice in KS whose own site advertises medical weight loss - it operates under one state's supervision, delegation and ownership rules and has no in-house counsel.","https://www.ictivhydration.com/contact","owner","https://www.yellowpages.com/wichita-ks/medical-spas","directory","verified","2026-09-03","Procedures found on its own site: medical weight loss, IV hydration. Found in the yellowpages.com Medical Spas category for Wichita, KS, then confirmed by opening the practice's own homepage. Directory description: ""Knowledgeable and friendly. I highly recommend ICT IV!!"""""
"scopeiq","end-customer","single-location med spa","Healing Waters","http://www.healingwaterslife.com","Wichita, KS","","An independent medical aesthetic practice in KS whose own site advertises Botox - it operates under one state's supervision, delegation and ownership rules and has no in-house counsel.","http://healingwaterslife.com/contact-us/","owner","https://www.yellowpages.com/wichita-ks/medical-spas","directory","verified","2026-09-03","Procedures found on its own site: Botox, dermal fillers, Kybella, microneedling, Morpheus8, CoolSculpting, laser hair removal, IV therapy. Found in the yellowpages.com Medical Spas category for Wichita, KS, then confirmed by opening the practice's own homepage. Directory description: ""Through a combination of lifestyle choices, therapeutic touch and advanced aesthetics we hope to inspire your personal transformation and help you rediscover…"""
"scopeiq","end-customer","single-location med spa","Simply You Aesthetics & Wellness","https://www.simplyyouaestheticsin.com","Jeffersonville, IN","","An independent medical aesthetic practice in IN whose own site advertises Botox - it operates under one state's supervision, delegation and ownership rules and has no in-house counsel.","https://www.simplyyouaestheticsin.com/contact","owner","https://www.yellowpages.com/louisville-ky/medical-spas?page=2","directory","verified","2026-09-03","Procedures found on its own site: Botox, Dysport, dermal fillers, Sculptra, microneedling, medical weight loss, IV hydration, hormone therapy. Found in the yellowpages.com Medical Spas category for Louisville, KY, then confirmed by opening the practice's own homepage. Directory description: ""Simply You Aesthetics & Wellness provides high-end injectable, esthetician, medical weight loss, IV hydration, infrared sauna, functional medicine and head spa…"""
"scopeiq","end-customer","single-location med spa","Blue Halo Med Spa - Middletown","http://www.bluehalomedspa.com","Louisville, KY","","An independent medical aesthetic practice in KY whose own site advertises Botox - it operates under one state's supervision, delegation and ownership rules and has no in-house counsel.","http://www.bluehalomedspa.com/our-team/caitlin-booker/","owner","https://www.yellowpages.com/louisville-ky/medical-spas?page=2","directory","verified","2026-09-03","Procedures found on its own site: Botox, Dysport, Xeomin, dermal fillers, Juvederm, Restylane, Sculptra, microneedling. Found in the yellowpages.com Medical Spas category for Louisville, KY, then confirmed by opening the practice's own homepage. Directory description: ""About Blue Halo Med Spa From the moment you step inside Blue Halo Med Spa, you embark on a journey of pampering and internal wellness The Blue Halo Med Spa team…"""
"scopeiq","end-customer","single-location med spa","GLŌ Aesthetics","https://www.gloaestheticsin.com","Jeffersonville, IN","","An independent medical aesthetic practice in IN whose own site advertises Botox - it operates under one state's supervision, delegation and ownership rules and has no in-house counsel.","https://www.gloaestheticsin.com/contact","owner","https://www.yellowpages.com/louisville-ky/medical-spas?page=2","directory","verified","2026-09-03","Procedures found on its own site: Botox, dermal fillers, microneedling, PRP. Found in the yellowpages.com Medical Spas category for Louisville, KY, then confirmed by opening the practice's own homepage. Directory description: ""GLŌ Aesthetics, founded in 2022, is your premier med spa in Jeffersonville, IN. Led by Marla, a highly skilled and board-certified nurse practitioner, our clinic…"""
"scopeiq","end-customer","single-location med spa","Hue Aesthetics","https://huemedspa.com","Louisville, KY","","An independent medical aesthetic practice in KY whose own site advertises dermal fillers - it operates under one state's supervision, delegation and ownership rules and has no in-house counsel.","info@huemedspa.com","owner","https://www.yellowpages.com/louisville-ky/medical-spas?page=2","directory","verified","2026-09-03","Procedures found on its own site: dermal fillers, microneedling, Morpheus8, laser hair removal, IPL, HydraFacial, PRP, chemical peels. Found in the yellowpages.com Medical Spas category for Louisville, KY, then confirmed by opening the practice's own homepage. Directory description: ""At He Aesthetics Louisville, we specialize in helping our patients age gracefully! We do so by providing the highest quality cosmetic aesthetic injectables such…"""
"scopeiq","end-customer","single-location med spa","Cosmetic Laser","http://www.cosmeticlaserandbeautyspa.com","Louisville, KY","","An independent medical aesthetic practice in KY whose own site advertises Botox - it operates under one state's supervision, delegation and ownership rules and has no in-house counsel.","https://www.cosmeticlaserandbeautyspa.com/contact-us","owner","https://www.yellowpages.com/louisville-ky/medical-spas","directory","verified","2026-09-03","Procedures found on its own site: Botox, dermal fillers, microneedling, laser hair removal, PRP, chemical peels. Found in the yellowpages.com Medical Spas category for Louisville, KY, then confirmed by opening the practice's own homepage. Directory description: ""I've been going here for a few years for laser hair removal and micro's and chem peels etc. I have to give a shout out to the microneedling sessions I started doing a few…"""
"scopeiq","end-customer","single-location med spa","Louisville Aesthetics","https://www.thelouisvilleaesthetics.com","Louisville, KY","","An independent medical aesthetic practice in KY whose own site advertises Dysport - it operates under one state's supervision, delegation and ownership rules and has no in-house counsel.","https://www.thelouisvilleaesthetics.com/contact","owner","https://www.yellowpages.com/louisville-ky/medical-spas","directory","verified","2026-09-03","Procedures found on its own site: Dysport, Jeuveau, Xeomin, dermal fillers, Restylane, Sculptra, microneedling, laser hair removal. Found in the yellowpages.com Medical Spas category for Louisville, KY, then confirmed by opening the practice's own homepage. Directory description: ""Some may think that there's little need for skin care treatments in your 20s; however, people in this age category can benefit from a preventive skin care…"""
"scopeiq","end-customer","single-location med spa","Scout Aesthetics","https://www.scoutaesthetics.com","Louisville, KY","","An independent medical aesthetic practice in KY whose own site advertises Botox - it operates under one state's supervision, delegation and ownership rules and has no in-house counsel.","https://www.scoutaesthetics.com/contact/","owner","https://www.yellowpages.com/louisville-ky/medical-spas?page=2","directory","verified","2026-09-03","Procedures found on its own site: Botox, Dysport, Daxxify, dermal fillers, Restylane, Sculptra, microneedling, laser hair removal. Found in the yellowpages.com Medical Spas category for Louisville, KY, then confirmed by opening the practice's own homepage. Directory description: ""At Scout Aesthetics, we prioritize top-quality care and personalized treatment plans for your unique aesthetic goals. We conduct thorough consultations to fully…"""
"scopeiq","end-customer","single-location med spa","Louisville Laser","https://www.lasermenow.com","Louisville, KY","","An independent medical aesthetic practice in KY whose own site advertises laser hair removal - it operates under one state's supervision, delegation and ownership rules and has no in-house counsel.","https://www.lasermenow.com/contact","owner","https://www.yellowpages.com/louisville-ky/medical-spas?page=2","directory","verified","2026-09-03","Procedures found on its own site: laser hair removal, HydraFacial, medical weight loss. Found in the yellowpages.com Medical Spas category for Louisville, KY, then confirmed by opening the practice's own homepage. Directory description: ""Louisville Laser is the most trusted local solution for hair removal and aesthetic skincare treatments.Our sessions are quick, comfortable, and the results are…"""
"scopeiq","end-customer","single-location med spa","Meg & Co Medical Aesthetics & Laser","https://megandcoaesthetics.com/contact","Falmouth, ME","","An independent medical aesthetic practice in ME whose own site advertises Botox - it operates under one state's supervision, delegation and ownership rules and has no in-house counsel.","https://megandcoaesthetics.com/contact","owner","https://www.yellowpages.com/portland-me/medical-spas","directory","verified","2026-09-03","Procedures found on its own site: Botox, Dysport, dermal fillers, Sculptra, microneedling, laser hair removal, HydraFacial, PRP. Found in the yellowpages.com Medical Spas category for Portland, ME, then confirmed by opening the practice's own homepage. Directory description: ""Meg & Co is a medical aesthetics spa based in Falmouth, Maine specializing in laser skin care, botox/dysport, facials, lashes, and brows. We use the newest…"""
"scopeiq","end-customer","single-location med spa","Baskin Aesthetics","https://baskinaesthetics.com","Portland, ME","","An independent medical aesthetic practice in ME whose own site advertises medical aesthetic treatments - it operates under one state's supervision, delegation and ownership rules and has no in-house counsel.","","owner","https://www.yellowpages.com/portland-me/medical-spas","directory","verified","2026-09-03","Found in the yellowpages.com Medical Spas category for Portland, ME, then confirmed by opening the practice's own homepage. Directory description: ""Discover Baskin Aesthetics, Portland's elite med spa, at 222 Auburn St, Ste 102 Proudly serving the community for over 20 years, our renowned treatments,…"""
"scopeiq","end-customer","single-location med spa","Ballentyne Medical Aesthetics","https://ballentynemedicalaesthetics.com/contact-us","Portsmouth, NH","","An independent medical aesthetic practice in NH whose own site advertises Botox - it operates under one state's supervision, delegation and ownership rules and has no in-house counsel.","https://ballentynemedicalaesthetics.com/contact-us/","owner","https://www.yellowpages.com/portland-me/medical-spas?page=2","directory","verified","2026-09-03","Procedures found on its own site: Botox, dermal fillers, CoolSculpting. Found in the yellowpages.com Medical Spas category for Portland, ME, then confirmed by opening the practice's own homepage. Directory description: ""Ballentyne Medical Aesthetics offers a wide range of aesthetic services, from Botox Injections and Dermal Fillers to Diamond Glow Medical Grade Facials and Laser…"""
"scopeiq","end-customer","single-location med spa","Coastal Aesthetics","https://coastalaesthetic.com/contact","Cape Neddick, ME","","An independent medical aesthetic practice in ME whose own site advertises dermal fillers - it operates under one state's supervision, delegation and ownership rules and has no in-house counsel.","https://coastalaesthetic.com/contact/","owner","https://www.yellowpages.com/portland-me/medical-spas?page=2","directory","verified","2026-09-03","Procedures found on its own site: dermal fillers, microneedling, laser hair removal, PRP, medical weight loss, hormone therapy, chemical peels. Found in the yellowpages.com Medical Spas category for Portland, ME, then confirmed by opening the practice's own homepage. Directory description: ""Coastal Aesthetics is a seacoast medical spa specializing in non-surgical cosmetic treatments featuring injectables, laser hair removal, body contouring, skin…"""
"scopeiq","end-customer","single-location med spa","Esthetic Medspa Portland","https://www.portlandesthetic.com","Portland, ME","","An independent medical aesthetic practice in ME whose own site advertises Botox - it operates under one state's supervision, delegation and ownership rules and has no in-house counsel.","https://www.portlandesthetic.com/contact-us","owner","https://www.yellowpages.com/portland-me/medical-spas","directory","verified","2026-09-03","Procedures found on its own site: Botox, Dysport, Jeuveau, dermal fillers, Juvederm, Sculptra, microneedling, PRP. Found in the yellowpages.com Medical Spas category for Portland, ME, then confirmed by opening the practice's own homepage. Directory description: ""Esthetic Medspa Portland is Greater Portlands most innovative, luxurious, and results-driven medspa. Our concierge-style client service is tailored to each…"""
"scopeiq","end-customer","single-location med spa","MOTOX skin science","https://www.motoxskinscience.com","South Portland, ME","","An independent medical aesthetic practice in ME whose own site advertises Botox - it operates under one state's supervision, delegation and ownership rules and has no in-house counsel.","https://www.motoxskinscience.com/contact","owner","https://www.yellowpages.com/portland-me/medical-spas","directory","verified","2026-09-03","Procedures found on its own site: Botox, dermal fillers, microneedling, PRP, medical weight loss, PRF. Found in the yellowpages.com Medical Spas category for Portland, ME, then confirmed by opening the practice's own homepage. Directory description: ""Expert Botox, skincare, hair loss, & laser service at MOTOX skin science in South Portland, ME. Personalized, non surgical aesthetic treatments."""
"scopeiq","end-customer","single-location med spa","CosMEDIX & Cryo MedSpa","https://cosmedixandcryomedspa.com","Topsham, ME","","An independent medical aesthetic practice in ME whose own site advertises medical aesthetic treatments - it operates under one state's supervision, delegation and ownership rules and has no in-house counsel.","","owner","https://www.yellowpages.com/portland-me/medical-spas?page=2","directory","verified","2026-09-03","Found in the yellowpages.com Medical Spas category for Portland, ME, then confirmed by opening the practice's own homepage. Directory description: ""Welcome to Maines Premier Medical Aesthetic Center where we offer the most advanced medicine and cutting-edge technology in the State! We are a physician led…"""
"scopeiq","end-customer","single-location med spa","Confident Med Spa","https://confidentmedspa.com","Rochester, NH","","An independent medical aesthetic practice in NH whose own site advertises Botox - it operates under one state's supervision, delegation and ownership rules and has no in-house counsel.","https://confidentmedspa.com/contact-us/","owner","https://www.yellowpages.com/portland-me/medical-spas?page=2","directory","verified","2026-09-03","Procedures found on its own site: Botox, microneedling, laser hair removal, HydraFacial, medical weight loss, IV therapy, IV hydration, hormone therapy. Found in the yellowpages.com Medical Spas category for Portland, ME, then confirmed by opening the practice's own homepage. Directory description: ""Life is better when you feel good about yourself. Defy the aging process and shine with your natural beauty. We want you bursting with confidence to take on any…"""
"scopeiq","end-customer","single-location med spa","Maine Coast Medical Aesthetics","https://www.mainecoastmedicalaesthetics.com","Yarmouth, ME","","An independent medical aesthetic practice in ME whose own site advertises Botox - it operates under one state's supervision, delegation and ownership rules and has no in-house counsel.","","owner","https://www.yellowpages.com/portland-me/medical-spas","directory","verified","2026-09-03","Procedures found on its own site: Botox, laser hair removal. Found in the yellowpages.com Medical Spas category for Portland, ME, then confirmed by opening the practice's own homepage. Directory description: ""Maine Coast Medical Aesthetics, a petite spa owned by a Nurse Practitioner with a focus on sophisticated aging grace nestled in the coastal heart of Yarmouth,…"""
"scopeiq","end-customer","single-location med spa","Sculpt Aesthetics & Wellness","https://sculptflowood.com/?utm_source=Core70&amp;utm_medium=organic&amp;utm_campaign=WebsiteURL","Flowood, MS","","An independent medical aesthetic practice in MS whose own site advertises Botox - it operates under one state's supervision, delegation and ownership rules and has no in-house counsel.","https://sculptflowood.com/pricing-booking/","owner","https://www.yellowpages.com/jackson-ms/medical-spas","directory","verified","2026-09-03","Procedures found on its own site: Botox, Dysport, dermal fillers, Sculptra, microneedling, laser hair removal, IPL, HydraFacial. Found in the yellowpages.com Medical Spas category for Jackson, MS, then confirmed by opening the practice's own homepage. Directory description: ""From cosmetic injectables to the latest, leading-edge laser services, we have what you need to kickstart your personal renaissance. To complete your…"""
"scopeiq","end-customer","single-location med spa","Cole Facial Clinic and Skin Care","http://www.colefacialclinic.com","Flowood, MS","","An independent medical aesthetic practice in MS whose own site advertises dermal fillers - it operates under one state's supervision, delegation and ownership rules and has no in-house counsel.","http://www.colefacialclinic.com/book-now","owner","https://www.yellowpages.com/jackson-ms/medical-spas","directory","verified","2026-09-03","Procedures found on its own site: dermal fillers. Found in the yellowpages.com Medical Spas category for Jackson, MS, then confirmed by opening the practice's own homepage. Directory description: ""Founded in 2002 Fullservice facial clinic led by double boardcertified Facial Plastic Surgeon Dr Jep Cole Scheduled appointments for services Walkin injectable…"""
"scopeiq","end-customer","single-location med spa","Mon Ami Spa & Laser Center","http://www.monamispa.com","Jackson, MS","","An independent medical aesthetic practice in MS whose own site advertises Botox - it operates under one state's supervision, delegation and ownership rules and has no in-house counsel.","https://monamispa.com/contact-us/","owner","https://www.yellowpages.com/jackson-ms/medical-spas","directory","verified","2026-09-03","Procedures found on its own site: Botox, dermal fillers, microneedling, CoolSculpting, laser hair removal, IPL, HydraFacial, chemical peels. Found in the yellowpages.com Medical Spas category for Jackson, MS, then confirmed by opening the practice's own homepage. Directory description: ""My Botox looks amazing! I've been to a few ""other"" doctors around the area but, Dr. Blake made me look ten years younger! Now I know why he's called the ""Botox…"""
"scopeiq","end-customer","single-location med spa","Glo Medical Aesthetic and Wellness","https://www.glo-medaesthetics.com","Flowood, MS","","An independent medical aesthetic practice in MS whose own site advertises Botox - it operates under one state's supervision, delegation and ownership rules and has no in-house counsel.","https://glo-medaesthetics.com/contact-glo/","owner","https://www.yellowpages.com/jackson-ms/medical-spas","directory","verified","2026-09-03","Procedures found on its own site: Botox, dermal fillers, Sculptra, microneedling, IPL, HydraFacial, PRP, semaglutide (GLP-1). Found in the yellowpages.com Medical Spas category for Jackson, MS, then confirmed by opening the practice's own homepage. Directory description: ""Glo is a Medical Spa in Flowood Mississippi offering personalized treatments that blend advanced aesthetics with holistic wellness. Our services include…"""
"scopeiq","end-customer","single-location med spa","Mississippi Center for Plastic Surgery","http://msplasticsurgeon.com","Ridgeland, MS","","An independent medical aesthetic practice in MS whose own site advertises Botox - it operates under one state's supervision, delegation and ownership rules and has no in-house counsel.","http://msplasticsurgeon.com/contact-us","owner","https://www.yellowpages.com/jackson-ms/medical-spas","directory","verified","2026-09-03","Procedures found on its own site: Botox, dermal fillers, Restylane, Sculptra, microneedling, laser hair removal, IPL, HydraFacial. Found in the yellowpages.com Medical Spas category for Jackson, MS, then confirmed by opening the practice's own homepage. Directory description: ""Dr. Steckler and his staff are fantastic. I've been going to him for Botox for about a year now and love my results. I also had a facial by Ryan, the esthetician. She is…"""
"scopeiq","end-customer","single-location med spa","Performance Health & Wellness","https://www.performancehealthandwellness.org","Brandon, MS","","An independent medical aesthetic practice in MS whose own site advertises dermal fillers - it operates under one state's supervision, delegation and ownership rules and has no in-house counsel.","https://www.performancehealthandwellness.org/contact","owner","https://www.yellowpages.com/jackson-ms/medical-spas","directory","verified","2026-09-03","Procedures found on its own site: dermal fillers, medical weight loss, hormone therapy. Found in the yellowpages.com Medical Spas category for Jackson, MS, then confirmed by opening the practice's own homepage."
"scopeiq","end-customer","single-location med spa","The Face and Body Spa","http://www.faceandbodycenter.com","Flowood, MS","","An independent medical aesthetic practice in MS whose own site advertises medical aesthetic treatments - it operates under one state's supervision, delegation and ownership rules and has no in-house counsel.","","owner","https://www.yellowpages.com/jackson-ms/medical-spas","directory","verified","2026-09-03","Found in the yellowpages.com Medical Spas category for Jackson, MS, then confirmed by opening the practice's own homepage. Directory description: ""I had surgery here before and loved it. The people were so nice and helpful. I felt very comfortable and overjoyed at the amount of care I was receiving. I would most…"""
"scopeiq","end-customer","single-location med spa","LIVE Hydration Spa Madison","https://locations.livehydrationspa.com/ms/madison/madison.html","Madison, MS","","An independent medical aesthetic practice in MS whose own site advertises IPL - it operates under one state's supervision, delegation and ownership rules and has no in-house counsel.","","owner","https://www.yellowpages.com/jackson-ms/medical-spas","directory","verified","2026-09-03","Procedures found on its own site: IPL, medical weight loss, IV therapy, IV hydration, IV drip. Found in the yellowpages.com Medical Spas category for Jackson, MS, then confirmed by opening the practice's own homepage. Directory description: ""LIVE Hydration Spa is your premier destination for IV hydration and nutrition therapy, designed to elevate your wellbeing Experience the benefits of enhanced…"""
"scopeiq","end-customer","single-location med spa","Body Anew","https://www.bodyanewaesthetics.com/about","Madison, MS","","An independent medical aesthetic practice in MS whose own site advertises microneedling - it operates under one state's supervision, delegation and ownership rules and has no in-house counsel.","","owner","https://www.yellowpages.com/jackson-ms/medical-spas","directory","verified","2026-09-03","Procedures found on its own site: microneedling, laser hair removal, IPL, chemical peels. Found in the yellowpages.com Medical Spas category for Jackson, MS, then confirmed by opening the practice's own homepage."
"scopeiq","end-customer","single-location med spa","BEAU Aesthetics & Wellness","https://www.beaumontana.com","Billings, MT","","An independent medical aesthetic practice in MT whose own site advertises dermal fillers - it operates under one state's supervision, delegation and ownership rules and has no in-house counsel.","https://www.beaumontana.com/contact","owner","https://www.yellowpages.com/billings-mt/medical-spas","directory","verified","2026-09-03","Procedures found on its own site: dermal fillers, microneedling, medical weight loss, hormone therapy, PRF. Found in the yellowpages.com Medical Spas category for Billings, MT, then confirmed by opening the practice's own homepage. Directory description: ""BEAU Aesthetics & Wellness in Billings, MT is your trusted destination for customized facials, acne treatment, neurotoxin treatments like Dysport, and…"""
"scopeiq","end-customer","single-location med spa","Wanderluxe Lifestyle Aesthetics","https://wanderluxemt.net","Billings, MT","","An independent medical aesthetic practice in MT whose own site advertises microneedling - it operates under one state's supervision, delegation and ownership rules and has no in-house counsel.","https://wanderluxemt.net/contact-us","owner","https://www.yellowpages.com/billings-mt/medical-spas","directory","verified","2026-09-03","Procedures found on its own site: microneedling, IPL, medical weight loss, IV drip, Emsculpt. Found in the yellowpages.com Medical Spas category for Billings, MT, then confirmed by opening the practice's own homepage. Directory description: ""We are excited to announce our new location! Tired of spending all your money on aesthetics and not seeing the results you hoped for? Or of being herded in and…"""
"scopeiq","end-customer","single-location med spa","Rock Creek Aesthetics","http://www.rockcreekaesthetics.com","Red Lodge, MT","","An independent medical aesthetic practice in MT whose own site advertises Botox - it operates under one state's supervision, delegation and ownership rules and has no in-house counsel.","https://www.rockcreekaesthetics.com/book-online","owner","https://www.yellowpages.com/billings-mt/medical-spas","directory","verified","2026-09-03","Procedures found on its own site: Botox, dermal fillers, Kybella, IPL, sclerotherapy. Found in the yellowpages.com Medical Spas category for Billings, MT, then confirmed by opening the practice's own homepage. Directory description: ""Red Lodge's Five-Star Destination For All Aesthetics. Home of the Glo Facial (out of Bozeman), Lash Extensions, Chem Peels, Acne Treatments, Lash Lift & Tints,…"""
"scopeiq","end-customer","single-location med spa","Crafted Aesthetics","https://craftedaestheticsmt.com","Billings, MT","","An independent medical aesthetic practice in MT whose own site advertises Botox - it operates under one state's supervision, delegation and ownership rules and has no in-house counsel.","","owner","https://www.yellowpages.com/billings-mt/medical-spas","directory","verified","2026-09-03","Procedures found on its own site: Botox, Dysport, dermal fillers, Kybella, microneedling, medical weight loss, IV therapy, hormone therapy. Found in the yellowpages.com Medical Spas category for Billings, MT, then confirmed by opening the practice's own homepage."
"scopeiq","end-customer","single-location med spa","Central Wellness","http://www.mtmedspa.com","Billings, MT","","An independent medical aesthetic practice in MT whose own site advertises Botox - it operates under one state's supervision, delegation and ownership rules and has no in-house counsel.","http://www.mtmedspa.com/schedule#contact-form","owner","https://www.yellowpages.com/billings-mt/medical-spas","directory","verified","2026-09-03","Procedures found on its own site: Botox, dermal fillers, medical weight loss, IV therapy. Found in the yellowpages.com Medical Spas category for Billings, MT, then confirmed by opening the practice's own homepage. Directory description: ""You have to check this place out! If you are into aesthetics, skincare, aging gracefully, massage, or facials this place has it all. It is beautiful. The staff is knowledgeable…"""
"scopeiq","end-customer","single-location med spa","Restore Hyper Wellness","http://www.restore.com/locations/mt-billings-mt002?utm_source=extnet&amp;utm_medium=Yext&amp;y_source=1_NTAxMzEyMDktNTUzLWxvY2F0aW9uLndlYnNpdGU%3D","Billings, MT","","An independent medical aesthetic practice in MT whose own site advertises HydraFacial - it operates under one state's supervision, delegation and ownership rules and has no in-house counsel.","http://www.restore.com/restore-book","owner","https://www.yellowpages.com/billings-mt/medical-spas","directory","verified","2026-09-03","Procedures found on its own site: HydraFacial, IV therapy, IV drip. Found in the yellowpages.com Medical Spas category for Billings, MT, then confirmed by opening the practice's own homepage. Directory description: ""Experience cutting-edge wellness solutions at Restore Hyper Wellness - Billings, MT. Our state-of-the-art facility combines science-backed therapies with expert…"""
"scopeiq","end-customer","single-location med spa","Total Skin Dermatology & Aesthetics - Fargo","https://www.totalskinnd.com/medical-spa-in-fargo","Fargo, ND","","An independent medical aesthetic practice in ND whose own site advertises Botox - it operates under one state's supervision, delegation and ownership rules and has no in-house counsel.","https://www.totalskinnd.com/contact/","owner","https://www.yellowpages.com/fargo-nd/medical-spas","directory","verified","2026-09-03","Procedures found on its own site: Botox, Dysport, Xeomin, dermal fillers, Sculptra, Kybella, microneedling, CoolSculpting. Found in the yellowpages.com Medical Spas category for Fargo, ND, then confirmed by opening the practice's own homepage. Directory description: ""Total Skin Dermatology & Aesthetics is Fargo's premier destination for medical-grade aesthetics and dermatology care. Our skilled providers offer Botox and…"""
"scopeiq","end-customer","single-location med spa","Rejuv Medical Aesthetic Clinic","http://www.rejuvclinic.com","Fargo, ND","","An independent medical aesthetic practice in ND whose own site advertises Botox - it operates under one state's supervision, delegation and ownership rules and has no in-house counsel.","http://www.rejuvclinic.com/about/contact-us/","owner","https://www.yellowpages.com/fargo-nd/medical-spas","directory","verified","2026-09-03","Procedures found on its own site: Botox, Xeomin, dermal fillers, microneedling, CoolSculpting, laser hair removal, IPL, chemical peels. Found in the yellowpages.com Medical Spas category for Fargo, ND, then confirmed by opening the practice's own homepage. Directory description: ""Rejuv Medical Aesthetic Clinic is a full-service medical spa and aesthetic clinic that offers a complete menu of body, skin, and laser treatments. At their…"""
"scopeiq","end-customer","single-location med spa","Altaire Clinic","https://altaireclinic.com/?utm_source=gmb&amp;utm_medium=referral","Fargo, ND","","An independent medical aesthetic practice in ND whose own site advertises Botox - it operates under one state's supervision, delegation and ownership rules and has no in-house counsel.","https://altaireclinic.com/contact-us-dermatology/","owner","https://www.yellowpages.com/fargo-nd/medical-spas","directory","verified","2026-09-03","Procedures found on its own site: Botox, Dysport, Jeuveau, Xeomin, Daxxify, dermal fillers, Sculptra, Kybella. Found in the yellowpages.com Medical Spas category for Fargo, ND, then confirmed by opening the practice's own homepage. Directory description: ""Altaire Clinic, a renowned med spa in Fargo, ND specializes in providing nonsurgical aesthetic solutions to help clients look and feel their best. Combining the…"""
"scopeiq","end-customer","single-location med spa","Infinite Skin","http://www.infiniteskinfargo.com","Fargo, ND","","An independent medical aesthetic practice in ND whose own site advertises medical aesthetic treatments - it operates under one state's supervision, delegation and ownership rules and has no in-house counsel.","https://www.infiniteskinfargo.com/contact","owner","https://www.yellowpages.com/fargo-nd/medical-spas","directory","verified","2026-09-03","Found in the yellowpages.com Medical Spas category for Fargo, ND, then confirmed by opening the practice's own homepage."
"scopeiq","end-customer","single-location med spa","Wellness District","https://fargowellnessdistrict.com","West Fargo, ND","","An independent medical aesthetic practice in ND whose own site advertises Botox - it operates under one state's supervision, delegation and ownership rules and has no in-house counsel.","https://fargowellnessdistrict.com/book-now/","owner","https://www.yellowpages.com/fargo-nd/medical-spas","directory","verified","2026-09-03","Procedures found on its own site: Botox, dermal fillers, Sculptra, CoolSculpting, laser hair removal, GLP-1, medical weight loss, hormone therapy. Found in the yellowpages.com Medical Spas category for Fargo, ND, then confirmed by opening the practice's own homepage. Directory description: ""Medical Weight Loss and AestheticsMedical Weight Loss and Aesthetics"""
"scopeiq","end-customer","single-location med spa","Hair Success Salon & Spa","http://www.hairsuccesssalons.com","Fargo, ND","","An independent medical aesthetic practice in ND whose own site advertises dermal fillers - it operates under one state's supervision, delegation and ownership rules and has no in-house counsel.","http://www.hairsuccesssalons.com/contact","owner","https://www.yellowpages.com/fargo-nd/medical-spas","directory","verified","2026-09-03","Procedures found on its own site: dermal fillers, Sculptra. Found in the yellowpages.com Medical Spas category for Fargo, ND, then confirmed by opening the practice's own homepage. Directory description: ""Hair Success Salon, Spa & MediSpa celebrates beauty, health, and wellness in an inviting and relaxing atmosphere with a total commitment to guest experience.…"""
"scopeiq","end-customer","single-location med spa","Couture Med Spa","http://www.couturemedspa.com","Nashua, NH","","An independent medical aesthetic practice in NH whose own site advertises Botox - it operates under one state's supervision, delegation and ownership rules and has no in-house counsel.","http://www.couturemedspa.com/contact","owner","https://www.yellowpages.com/manchester-nh/medical-spas","directory","verified","2026-09-03","Procedures found on its own site: Botox, Dysport, dermal fillers, Sculptra, Kybella, microneedling, laser hair removal, IPL. Found in the yellowpages.com Medical Spas category for Manchester, NH, then confirmed by opening the practice's own homepage. Directory description: ""Couture Med Spa is a luxury medical spa. Our highly trained staff uses the most advanced techniques in skin care, injectables, laser treatments and anti-aging…"""
"scopeiq","end-customer","single-location med spa","NuMi Aesthetics","https://www.numi-aesthetics.com","Windham, NH","","An independent medical aesthetic practice in NH whose own site advertises Botox - it operates under one state's supervision, delegation and ownership rules and has no in-house counsel.","https://www.numi-aesthetics.com/contacts/","owner","https://www.yellowpages.com/manchester-nh/medical-spas","directory","verified","2026-09-03","Procedures found on its own site: Botox, Jeuveau, dermal fillers, microneedling, CoolSculpting, laser hair removal, IPL, HydraFacial. Found in the yellowpages.com Medical Spas category for Manchester, NH, then confirmed by opening the practice's own homepage. Directory description: ""Medical Aesthetics specializing in Neurotoxins (Botox, Jeuveau), Collagen Induction Therapy (Skin Pen), Dermal Fillers, RHA collection, Revanesse, and PRP…"""
"scopeiq","end-customer","single-location med spa","Inject and Perfect Aesthetics","https://injectandperfect.com/plaistow-med-spa","Plaistow, NH","","An independent medical aesthetic practice in NH whose own site advertises Botox - it operates under one state's supervision, delegation and ownership rules and has no in-house counsel.","https://injectandperfect.com/contact","owner","https://www.yellowpages.com/manchester-nh/medical-spas?page=2","directory","verified","2026-09-03","Procedures found on its own site: Botox, dermal fillers, microneedling, PRP, medical weight loss, IV therapy, hormone therapy, PRF. Found in the yellowpages.com Medical Spas category for Manchester, NH, then confirmed by opening the practice's own homepage. Directory description: ""Welcome to our second location in Plaistow, NH We specialize in advanced skincare treatments designed to rejuvenate and restore your skin Our expert services…"""
"scopeiq","end-customer","single-location med spa","PellÃ© Medical Spa","https://pellemedicalspa.com","Manchester, NH","","An independent medical aesthetic practice in NH whose own site advertises Botox - it operates under one state's supervision, delegation and ownership rules and has no in-house counsel.","https://pellemedicalspa.com/contact/","owner","https://www.yellowpages.com/manchester-nh/medical-spas","directory","verified","2026-09-03","Procedures found on its own site: Botox, Dysport, Daxxify, dermal fillers, Juvederm, Restylane, Sculptra, microneedling. Found in the yellowpages.com Medical Spas category for Manchester, NH, then confirmed by opening the practice's own homepage. Directory description: ""About Pell Medical Spa Pelle is a medical spa, specializing in non invasive fat reduction, injectables, hydrafacials, photofacials, and laser hair reduction Pell…"""
"scopeiq","end-customer","single-location med spa","Modern Medspa","https://www.modernmedspanh.com","Hooksett, NH","","An independent medical aesthetic practice in NH whose own site advertises Botox - it operates under one state's supervision, delegation and ownership rules and has no in-house counsel.","https://www.modernmedspanh.com/contact","owner","https://www.yellowpages.com/manchester-nh/medical-spas","directory","verified","2026-09-03","Procedures found on its own site: Botox, Dysport, Xeomin, dermal fillers, Sculptra, microneedling, laser hair removal, HydraFacial. Found in the yellowpages.com Medical Spas category for Manchester, NH, then confirmed by opening the practice's own homepage. Directory description: ""It is our mission to enhance your natural beauty with injectables and other medical aesthetic treatments. We aim to provide our patients with the highest quality…"""
"scopeiq","end-customer","single-location med spa","Synergy IV Med Spa","http://synergyivmedspa.com","Hooksett, NH","","An independent medical aesthetic practice in NH whose own site advertises medical aesthetic treatments - it operates under one state's supervision, delegation and ownership rules and has no in-house counsel.","","owner","https://www.yellowpages.com/manchester-nh/medical-spas","directory","verified","2026-09-03","Found in the yellowpages.com Medical Spas category for Manchester, NH, then confirmed by opening the practice's own homepage."
"scopeiq","end-customer","single-location med spa","Elite Medical Spa and Educational Institute","https://elitemedspanh.com","Bedford, NH","","An independent medical aesthetic practice in NH whose own site advertises Botox - it operates under one state's supervision, delegation and ownership rules and has no in-house counsel.","https://elitemedspanh.com/contact","owner","https://www.yellowpages.com/manchester-nh/medical-spas","directory","verified","2026-09-03","Procedures found on its own site: Botox, dermal fillers, Kybella, microneedling, CoolSculpting, PRP, semaglutide (GLP-1), medical weight loss. Found in the yellowpages.com Medical Spas category for Manchester, NH, then confirmed by opening the practice's own homepage. Directory description: ""Discover one of the top award‑winning medical spas offering advanced aesthetics, wellness, and body contouring in a luxurious, inviting environment. Owned and…"""
"scopeiq","end-customer","single-location med spa","Concord Medspa","https://www.concordmedspa.com","Concord, NH","","An independent medical aesthetic practice in NH whose own site advertises Botox - it operates under one state's supervision, delegation and ownership rules and has no in-house counsel.","https://www.concordmedspa.com/contactus","owner","https://www.yellowpages.com/manchester-nh/medical-spas","directory","verified","2026-09-03","Procedures found on its own site: Botox, dermal fillers, Kybella, CoolSculpting. Found in the yellowpages.com Medical Spas category for Manchester, NH, then confirmed by opening the practice's own homepage. Directory description: ""The Concord MedSpa is one of New Hampshire's most experienced MedSpas, offering non-invasive cosmetic procedures and medical aesthetic treatments from a team of…"""
"scopeiq","end-customer","single-location med spa","A Smoother You","https://www.asmootheryou.com","Dracut, MA","","An independent medical aesthetic practice in MA whose own site advertises Botox - it operates under one state's supervision, delegation and ownership rules and has no in-house counsel.","https://www.asmootheryou.com/contact-us/","owner","https://www.yellowpages.com/manchester-nh/medical-spas?page=2","directory","verified","2026-09-03","Procedures found on its own site: Botox, Dysport, dermal fillers, IPL, HydraFacial, chemical peels. Found in the yellowpages.com Medical Spas category for Manchester, NH, then confirmed by opening the practice's own homepage. Directory description: ""Our expert nurses & Estheticians provide a variety of treatment such as Botox, Dysport, Juvederm, Revanesse Versa, Fillers & PRP (platelet rich plasma). These…"""
"scopeiq","end-customer","single-location med spa","Ariya Aesthetics","https://ariyamedspa.com","Bedford, NH","","An independent medical aesthetic practice in NH whose own site advertises Botox - it operates under one state's supervision, delegation and ownership rules and has no in-house counsel.","https://ariyamedspa.com/book-online%2Fcontact","owner","https://www.yellowpages.com/manchester-nh/medical-spas","directory","verified","2026-09-03","Procedures found on its own site: Botox, Dysport, dermal fillers, Sculptra, Kybella, Morpheus8, CoolSculpting, laser hair removal. Found in the yellowpages.com Medical Spas category for Manchester, NH, then confirmed by opening the practice's own homepage. Directory description: ""Ariya Aesthetics in New Hampshire provides Comprehensive Non-invasive Laser Aesthetic & Anti-Aging treatments including CoolSculpting, Cooltone, Body Contouring,…"""
"scopeiq","end-customer","single-location med spa","PM Aesthetics","https://www.pmaesthetics.com/locations/pm-aesthetics-bedford","Bedford, NH","","An independent medical aesthetic practice in NH whose own site advertises Botox - it operates under one state's supervision, delegation and ownership rules and has no in-house counsel.","support@pmaesthetics.com","owner","https://www.yellowpages.com/manchester-nh/medical-spas","directory","verified","2026-09-03","Procedures found on its own site: Botox, Xeomin, dermal fillers, microneedling, laser hair removal, IPL, medical weight loss, Ultherapy. Found in the yellowpages.com Medical Spas category for Manchester, NH, then confirmed by opening the practice's own homepage. Directory description: ""PM Aesthetics in Bedford is New Hampshire’s most sought-after and highest-rated medspa, known for delivering luxury medical aesthetics with unmatched expertise…"""
"scopeiq","end-customer","single-location med spa","Aesthetic Boutique Medspa","http://www.aestheticboutiquemedspa.com","Albuquerque, NM","","An independent medical aesthetic practice in NM whose own site advertises Botox - it operates under one state's supervision, delegation and ownership rules and has no in-house counsel.","","owner","https://www.yellowpages.com/albuquerque-nm/medical-spas","directory","verified","2026-09-03","Procedures found on its own site: Botox, Dysport, dermal fillers, Juvederm, Restylane, Sculptra, Kybella, microneedling. Found in the yellowpages.com Medical Spas category for Albuquerque, NM, then confirmed by opening the practice's own homepage. Directory description: ""An Albuquerque Med Spa Aesthetic Boutique Medspa was started to provide the most advanced injectable procedures and skin care in the Southwest All clients go…"""
"scopeiq","end-customer","single-location med spa","Freya's Lair Medical Spa","https://www.freyaslair.com","Albuquerque, NM","","An independent medical aesthetic practice in NM whose own site advertises Botox - it operates under one state's supervision, delegation and ownership rules and has no in-house counsel.","https://www.freyaslair.com/pre-appointment-guidelines/","owner","https://www.yellowpages.com/albuquerque-nm/medical-spas?page=2","directory","verified","2026-09-03","Procedures found on its own site: Botox, Jeuveau, Daxxify, dermal fillers, Kybella, microneedling, Morpheus8, laser hair removal. Found in the yellowpages.com Medical Spas category for Albuquerque, NM, then confirmed by opening the practice's own homepage. Directory description: ""Medical spa services including Botox, Fillers, Lasers, Thread Lift, , facials, chemical peels, microfat Grafting, collagen induction injections, scar therapy,…"""
"scopeiq","end-customer","single-location med spa","Flawless Med Spa","http://www.stayflawless.com","Albuquerque, NM","","An independent medical aesthetic practice in NM whose own site advertises Botox - it operates under one state's supervision, delegation and ownership rules and has no in-house counsel.","http://www.stayflawless.com/contact/","owner","https://www.yellowpages.com/albuquerque-nm/medical-spas","directory","verified","2026-09-03","Procedures found on its own site: Botox, Dysport, dermal fillers, Restylane, Sculptra, Kybella, microneedling, CoolSculpting. Found in the yellowpages.com Medical Spas category for Albuquerque, NM, then confirmed by opening the practice's own homepage. Directory description: """"Flawless is a locally woman-owned medical spa that exclusively hires nurses and nurse practitioners. We specialize in cosmetic injections like Botox and…"""
"scopeiq","end-customer","single-location med spa","Skin Science Aesthetics","https://skinscienceabq.com","Albuquerque, NM","","An independent medical aesthetic practice in NM whose own site advertises dermal fillers - it operates under one state's supervision, delegation and ownership rules and has no in-house counsel.","https://www.skinscienceabq.com/contact","owner","https://www.yellowpages.com/albuquerque-nm/medical-spas","directory","verified","2026-09-03","Procedures found on its own site: dermal fillers, PRP, medical weight loss, IV therapy, hormone therapy. Found in the yellowpages.com Medical Spas category for Albuquerque, NM, then confirmed by opening the practice's own homepage."
"scopeiq","end-customer","single-location med spa","DiVersions Medical Spa","http://www.diversionsmedspa.com","Albuquerque, NM","","An independent medical aesthetic practice in NM whose own site advertises Botox - it operates under one state's supervision, delegation and ownership rules and has no in-house counsel.","","owner","https://www.yellowpages.com/albuquerque-nm/medical-spas","directory","verified","2026-09-03","Procedures found on its own site: Botox, Dysport, Daxxify, dermal fillers, Restylane, Sculptra, PRP, GLP-1. Found in the yellowpages.com Medical Spas category for Albuquerque, NM, then confirmed by opening the practice's own homepage. Directory description: ""I highly recommend DiVersions! I have used them for years and have been extremely happy with the results obtained from, Diane Sanchez, the Owner/Clinical Director LPN.Linda H-L"""""
"scopeiq","end-customer","single-location med spa","Bair Medical Spa","https://www.bairmedicalspa.com/contact-us","Albuquerque, NM","","An independent medical aesthetic practice in NM whose own site advertises medical aesthetic treatments - it operates under one state's supervision, delegation and ownership rules and has no in-house counsel.","https://www.bairmedicalspa.com/contact-us/","owner","https://www.yellowpages.com/albuquerque-nm/medical-spas","directory","verified","2026-09-03","Found in the yellowpages.com Medical Spas category for Albuquerque, NM, then confirmed by opening the practice's own homepage. Directory description: ""Bair Medical Spa is reducing prices on all laser skin rejuvenation treatments by at least 10%. Following...Welcome to Bair Medical SpaConfidence is beautiful. At…"""
"scopeiq","end-customer","single-location med spa","Sandia Skin and Face","https://www.sandiaskinface.com","Albuquerque, NM","","An independent medical aesthetic practice in NM whose own site advertises Botox - it operates under one state's supervision, delegation and ownership rules and has no in-house counsel.","https://www.sandiaskinface.com/appointment_request","owner","https://www.yellowpages.com/albuquerque-nm/medical-spas?page=2","directory","verified","2026-09-03","Procedures found on its own site: Botox, Dysport, Xeomin, dermal fillers, Juvederm, Restylane, Sculptra, microneedling. Found in the yellowpages.com Medical Spas category for Albuquerque, NM, then confirmed by opening the practice's own homepage. Directory description: ""Sandia Skin + Face is a medical spa in northeast Albuquerque, NM, offering injectables, lasers, and advanced skin care. Founded in 2018 by Tonya Tuggle, FNP-C, a…"""
"scopeiq","end-customer","single-location med spa","Royal Medical Health","https://royalmedicalhealth.com","Albuquerque, NM","","An independent medical aesthetic practice in NM whose own site advertises Botox - it operates under one state's supervision, delegation and ownership rules and has no in-house counsel.","https://royalmedicalhealth.com/contact/","owner","https://www.yellowpages.com/albuquerque-nm/medical-spas?page=2","directory","verified","2026-09-03","Procedures found on its own site: Botox, Dysport, Jeuveau, dermal fillers, Kybella, microneedling, laser hair removal, IPL. Found in the yellowpages.com Medical Spas category for Albuquerque, NM, then confirmed by opening the practice's own homepage. Directory description: ""Royal Medical Health is your trusted destination for advanced medical spa treatments in Albuquerque. Specializing in Botox, dermal fillers, microneedling, PDO…"""
"scopeiq","end-customer","single-location med spa","Bel Viso Medical Spa","https://www.belvisomedicalspa.com","East Greenwich, RI","","An independent medical aesthetic practice in RI whose own site advertises Botox - it operates under one state's supervision, delegation and ownership rules and has no in-house counsel.","https://www.belvisomedicalspa.com/contact","owner","https://www.yellowpages.com/providence-ri/medical-spas?page=2","directory","verified","2026-09-03","Procedures found on its own site: Botox, Dysport, dermal fillers, medical weight loss. Found in the yellowpages.com Medical Spas category for Providence, RI, then confirmed by opening the practice's own homepage. Directory description: ""At Bel Viso Medical Spa, we pride ourselves in offering a wide range of skincare treatments that are non-surgical and comfortable. From general wellness to acne…"""
"scopeiq","end-customer","single-location med spa","Comfort Facial Aesthetics","https://www.comfortfacial.com","Providence, RI","","An independent medical aesthetic practice in RI whose own site advertises Botox - it operates under one state's supervision, delegation and ownership rules and has no in-house counsel.","https://comfortfacial.com/contact-us/","owner","https://www.yellowpages.com/providence-ri/medical-spas","directory","verified","2026-09-03","Procedures found on its own site: Botox, dermal fillers, microneedling, laser hair removal, PRP. Found in the yellowpages.com Medical Spas category for Providence, RI, then confirmed by opening the practice's own homepage. Directory description: ""At Comfort Facial Aesthetics, we blend science and serenity to unveil your natural radiance. Elevate your beauty with our personalized care and indulge in the…"""
"scopeiq","end-customer","single-location med spa","Bellissima Aesthetic Boutique","https://www.bellissimaaesthetic.com/?utm_source=core70&amp;utm_medium=organic&amp;utm_campaign=websiteurl","Seekonk, MA","","An independent medical aesthetic practice in MA whose own site advertises dermal fillers - it operates under one state's supervision, delegation and ownership rules and has no in-house counsel.","https://www.bellissimaaesthetic.com/contact/","owner","https://www.yellowpages.com/providence-ri/medical-spas?page=2","directory","verified","2026-09-03","Procedures found on its own site: dermal fillers, microneedling, laser hair removal, PRP, IV therapy, chemical peels, PRF, laser resurfacing. Found in the yellowpages.com Medical Spas category for Providence, RI, then confirmed by opening the practice's own homepage. Directory description: ""Revive Restoration, LLC provides 24/7 disaster control services throughout Michigan, specializing in fire/smoke, water/flood, mold, biohazard, wind/storm damage,…"""
"scopeiq","end-customer","single-location med spa","Pura Vitality Wellness Center","https://www.puravitalityma.com","Attleboro, MA","","An independent medical aesthetic practice in MA whose own site advertises Botox - it operates under one state's supervision, delegation and ownership rules and has no in-house counsel.","","owner","https://www.yellowpages.com/providence-ri/medical-spas?page=2","directory","verified","2026-09-03","Procedures found on its own site: Botox, dermal fillers, medical weight loss, hormone therapy. Found in the yellowpages.com Medical Spas category for Providence, RI, then confirmed by opening the practice's own homepage. Directory description: ""Pura Vitality Wellness Center is a leading weight loss clinic and Botox treatment clinic in Attleboro, MA, specializing in health-focused programs designed and…"""
"scopeiq","end-customer","single-location med spa","Center For Medical Aesthetics","http://www.centerformedicalaestheticsri.com","Providence, RI","","An independent medical aesthetic practice in RI whose own site advertises Botox - it operates under one state's supervision, delegation and ownership rules and has no in-house counsel.","https://centerformedicalaestheticsri.com/contact/","owner","https://www.yellowpages.com/providence-ri/medical-spas","directory","verified","2026-09-03","Procedures found on its own site: Botox, dermal fillers, microneedling, Morpheus8, CoolSculpting, laser hair removal, IPL, chemical peels. Found in the yellowpages.com Medical Spas category for Providence, RI, then confirmed by opening the practice's own homepage."
"scopeiq","end-customer","single-location med spa","Rejuvaderm Medi Spa","http://www.rejuvadermmedispa.com","Cranston, RI","","An independent medical aesthetic practice in RI whose own site advertises medical aesthetic treatments - it operates under one state's supervision, delegation and ownership rules and has no in-house counsel.","","owner","https://www.yellowpages.com/providence-ri/medical-spas","directory","verified","2026-09-03","Found in the yellowpages.com Medical Spas category for Providence, RI, then confirmed by opening the practice's own homepage. Directory description: ""poor service, unprofessional receptionist. take my advice and do not waste your time or money."""""
"scopeiq","end-customer","single-location med spa","SkinCeuticals SkinLab Providence","https://www.skinlabri.com","Providence, RI","","An independent medical aesthetic practice in RI whose own site advertises Botox - it operates under one state's supervision, delegation and ownership rules and has no in-house counsel.","https://www.skinlabri.com/contact-us/","owner","https://www.yellowpages.com/providence-ri/medical-spas","directory","verified","2026-09-03","Procedures found on its own site: Botox, dermal fillers, Sculptra, microneedling. Found in the yellowpages.com Medical Spas category for Providence, RI, then confirmed by opening the practice's own homepage. Directory description: ""At SkinCeuticals SkinLab Providence by Facial Aesthetics Center, our mission is to provide the best skincare solutions for the expert results you want. Our team…"""
"scopeiq","end-customer","single-location med spa","Glow Aesthetics Med Spa 6864","https://theglowsd.com","Yankton, SD","","An independent medical aesthetic practice in SD whose own site advertises Botox - it operates under one state's supervision, delegation and ownership rules and has no in-house counsel.","https://www.theglowsd.com/contact","owner","https://www.yellowpages.com/sioux-falls-sd/medical-spas","directory","verified","2026-09-03","Procedures found on its own site: Botox, Jeuveau, dermal fillers, Sculptra, microneedling, semaglutide (GLP-1), medical weight loss, IV therapy. Found in the yellowpages.com Medical Spas category for Sioux Falls, SD, then confirmed by opening the practice's own homepage."
"scopeiq","end-customer","single-location med spa","Liv Med Spa","http://livmedspasd.com","Sioux Falls, SD","","An independent medical aesthetic practice in SD whose own site advertises Botox - it operates under one state's supervision, delegation and ownership rules and has no in-house counsel.","http://livmedspasd.com/contact","owner","https://www.yellowpages.com/sioux-falls-sd/medical-spas","directory","verified","2026-09-03","Procedures found on its own site: Botox, dermal fillers, Sculptra, microneedling, laser hair removal, medical weight loss, chemical peels. Found in the yellowpages.com Medical Spas category for Sioux Falls, SD, then confirmed by opening the practice's own homepage."
"scopeiq","end-customer","single-location med spa","Novo Aesthetics","https://www.novo-spa.com","Sioux Falls, SD","","An independent medical aesthetic practice in SD whose own site advertises Dysport - it operates under one state's supervision, delegation and ownership rules and has no in-house counsel.","https://www.novo-spa.com/contact-us","owner","https://www.yellowpages.com/sioux-falls-sd/medical-spas","directory","verified","2026-09-03","Procedures found on its own site: Dysport, Xeomin, dermal fillers, PRP, semaglutide (GLP-1), tirzepatide (GLP-1), GLP-1, medical weight loss. Found in the yellowpages.com Medical Spas category for Sioux Falls, SD, then confirmed by opening the practice's own homepage. Directory description: ""NOVO Aesthetics is a medical spa in Sioux Falls, South Dakota specializing in anti-wrinkle injections, dermal fillers, microneedling with PRP, VI chemical peels,…"""
"scopeiq","end-customer","single-location med spa","Rejuvenation Medical Spa","http://rmsbydrz.com","Brookings, SD","","An independent medical aesthetic practice in SD whose own site advertises medical aesthetic treatments - it operates under one state's supervision, delegation and ownership rules and has no in-house counsel.","https://www.rmsbydrz.com/contact-1","owner","https://www.yellowpages.com/sioux-falls-sd/medical-spas","directory","verified","2026-09-03","Found in the yellowpages.com Medical Spas category for Sioux Falls, SD, then confirmed by opening the practice's own homepage."
"scopeiq","end-customer","single-location med spa","Revitalize Wellness & Med Spa","https://revitalizemedspasd.com","Madison, SD","","An independent medical aesthetic practice in SD whose own site advertises Botox - it operates under one state's supervision, delegation and ownership rules and has no in-house counsel.","https://revitalizemedspasd.com/contact","owner","https://www.yellowpages.com/sioux-falls-sd/medical-spas","directory","verified","2026-09-03","Procedures found on its own site: Botox, dermal fillers, microneedling, PRP, medical weight loss, IV therapy, IV hydration, hormone therapy. Found in the yellowpages.com Medical Spas category for Sioux Falls, SD, then confirmed by opening the practice's own homepage."
"scopeiq","end-customer","single-location med spa","Body Garage Medical Spa","http://www.bodygaragemd.com","Sioux Falls, SD","","An independent medical aesthetic practice in SD whose own site advertises IPL - it operates under one state's supervision, delegation and ownership rules and has no in-house counsel.","","owner","https://www.yellowpages.com/sioux-falls-sd/medical-spas","directory","verified","2026-09-03","Procedures found on its own site: IPL. Found in the yellowpages.com Medical Spas category for Sioux Falls, SD, then confirmed by opening the practice's own homepage. Directory description: ""The Body Garage is a medical spa, under the supervision of Richard J. Howard, M.D. Our team of doctors and staff at Body Garage aim to make you comfortable…"""
"scopeiq","end-customer","single-location med spa","KJ Relaxin Medical Spa","https://www.kjrelaxinmedicalspa.com","Sioux Falls, SD","","An independent medical aesthetic practice in SD whose own site advertises Botox - it operates under one state's supervision, delegation and ownership rules and has no in-house counsel.","https://www.kjrelaxinmedicalspa.com/contact","owner","https://www.yellowpages.com/sioux-falls-sd/medical-spas","directory","verified","2026-09-03","Procedures found on its own site: Botox, dermal fillers, chemical peels. Found in the yellowpages.com Medical Spas category for Sioux Falls, SD, then confirmed by opening the practice's own homepage. Directory description: ""Our Eyelash Enhancing Serum is a non-prostaglandin containing a Tri-peptide formula, combined with organic botanical extracts and plant stem cells to enhance the…"""
"scopeiq","end-customer","single-location med spa","Vivaz Medical Spa","https://vivazmedicalspa.com/locations/sioux-falls/?yxt_info=healthcare-facility-97c84d02-cd94-434e-927a-c3e5e4e79e36&amp;y_source=1_MTA2MTkyMDItNTUzLWxvY2F0aW9uLndlYnNpdGU%3D","Sioux Falls, SD","","An independent medical aesthetic practice in SD whose own site advertises medical aesthetic treatments - it operates under one state's supervision, delegation and ownership rules and has no in-house counsel.","","owner","https://www.yellowpages.com/sioux-falls-sd/medical-spas","directory","verified","2026-09-03","Found in the yellowpages.com Medical Spas category for Sioux Falls, SD, then confirmed by opening the practice's own homepage. Directory description: ""Enjoy a spa experience with proven medical results at Vivaz Medical Spa. Our treatments and therapies are directed by medical experts."""
"scopeiq","end-customer","single-location med spa","Infinity Medical Aesthetics","https://infinitymedicalaesthetics.com","Sioux Falls, SD","","An independent medical aesthetic practice in SD whose own site advertises Botox - it operates under one state's supervision, delegation and ownership rules and has no in-house counsel.","https://infinitymedicalaesthetics.com/universal/svg/social-accounts.svg#facebook-unauth-icon","owner","https://www.yellowpages.com/sioux-falls-sd/medical-spas","directory","verified","2026-09-03","Procedures found on its own site: Botox, Dysport, dermal fillers, Juvederm, Restylane, Sculptra, CoolSculpting, laser hair removal. Found in the yellowpages.com Medical Spas category for Sioux Falls, SD, then confirmed by opening the practice's own homepage. Directory description: ""Infinity Medical Aesthetics is a one-of-a-kind luxurious spa experience located in Sioux Falls, SD. At Infinity we offer a full range of services, including…"""
"scopeiq","end-customer","single-location med spa","Lazaderm","https://lazaderm.com","Sioux Falls, SD","","An independent medical aesthetic practice in SD whose own site advertises Botox - it operates under one state's supervision, delegation and ownership rules and has no in-house counsel.","https://lazaderm.com/contact/","owner","https://www.yellowpages.com/sioux-falls-sd/medical-spas","directory","verified","2026-09-03","Procedures found on its own site: Botox, Dysport, dermal fillers, Restylane, Sculptra, microneedling, CoolSculpting, laser hair removal. Found in the yellowpages.com Medical Spas category for Sioux Falls, SD, then confirmed by opening the practice's own homepage. Directory description: ""The medical staff at Lazaderm is dedicated to continuing ongoing education in the newest and most innovative laser and cosmetic procedures and medical-grade…"""
"scopeiq","end-customer","single-location med spa","JMISKO surgical design md","https://www.jmisko.com","Sioux Falls, SD","","An independent medical aesthetic practice in SD whose own site advertises Sculptra - it operates under one state's supervision, delegation and ownership rules and has no in-house counsel.","https://www.jmisko.com/contact","owner","https://www.yellowpages.com/sioux-falls-sd/medical-spas","directory","verified","2026-09-03","Procedures found on its own site: Sculptra, PRP, GLP-1, medical weight loss. Found in the yellowpages.com Medical Spas category for Sioux Falls, SD, then confirmed by opening the practice's own homepage. Directory description: ""JMISKO surgical design md is a premier med spa with locations in Lincoln, Omaha, and Sioux Falls, offering advanced aesthetic treatments in a warm, welcoming…"""
"scopeiq","end-customer","single-location med spa","More than Lip Service","https://www.morethanlipservice.com","Pipestone, MN","","An independent medical aesthetic practice in MN whose own site advertises Botox - it operates under one state's supervision, delegation and ownership rules and has no in-house counsel.","https://www.morethanlipservice.com/contact","owner","https://www.yellowpages.com/sioux-falls-sd/medical-spas","directory","verified","2026-09-03","Procedures found on its own site: Botox, Xeomin, dermal fillers, microneedling, laser hair removal, IV hydration, Ultherapy. Found in the yellowpages.com Medical Spas category for Sioux Falls, SD, then confirmed by opening the practice's own homepage. Directory description: ""Welcome to More than Lip Service, where beauty meets innovation. Our comprehensive range of services includes advanced body contouring, precise botox…"""
"scopeiq","end-customer","single-location med spa","Glow Aesthetics Medical Spa","http://www.glowmedspavt.com","South Burlington, VT","","An independent medical aesthetic practice in VT whose own site advertises Botox - it operates under one state's supervision, delegation and ownership rules and has no in-house counsel.","https://glowmedspavt.com/contact/","owner","https://www.yellowpages.com/burlington-vt/medical-spas","directory","verified","2026-09-03","Procedures found on its own site: Botox, Dysport, dermal fillers, Kybella, microneedling, laser hair removal, HydraFacial, PRP. Found in the yellowpages.com Medical Spas category for Burlington, VT, then confirmed by opening the practice's own homepage. Directory description: ""Glow Aesthetics is now part of the MD Esthetics family! Blending the pinnacle of natural beauty with bespoke luxury, our concierge-driven medical spa brand…"""
"scopeiq","end-customer","single-location med spa","Skin Deep Medical Aesthetics","http://www.skindeepvt.com","Essex Junction, VT","","An independent medical aesthetic practice in VT whose own site advertises Botox - it operates under one state's supervision, delegation and ownership rules and has no in-house counsel.","","owner","https://www.yellowpages.com/burlington-vt/medical-spas","directory","verified","2026-09-03","Procedures found on its own site: Botox, dermal fillers, Juvederm, laser hair removal. Found in the yellowpages.com Medical Spas category for Burlington, VT, then confirmed by opening the practice's own homepage. Directory description: ""Welcome to Skin Deep Medical Aesthetics, where we believe beauty is its own reward. We are all beautiful in different ways, but there is always something we just…"""
"scopeiq","end-customer","single-location med spa","Pure Restorative Wellness Aesthetics","https://www.purerestorativewellnessaesthetics.com/?utm_source=core70&amp;utm_medium=organic&amp;utm_campaign=websiteurl","Rutland, VT","","An independent medical aesthetic practice in VT whose own site advertises Botox - it operates under one state's supervision, delegation and ownership rules and has no in-house counsel.","https://www.purerestorativewellnessaesthetics.com/contact/","owner","https://www.yellowpages.com/burlington-vt/medical-spas?page=2","directory","verified","2026-09-03","Procedures found on its own site: Botox, dermal fillers, microneedling, laser hair removal, IPL, medical weight loss, chemical peels. Found in the yellowpages.com Medical Spas category for Burlington, VT, then confirmed by opening the practice's own homepage. Directory description: ""Pure Restorative Wellness Aesthetics is a premier medical spa dedicated to helping you achieve your aesthetic goals and feel your absolute best. Our expert team…"""
"scopeiq","end-customer","single-location med spa","Be Skin Clinic","http://www.vtskinclinic.com","Shelburne, VT","","An independent medical aesthetic practice in VT whose own site advertises HydraFacial - it operates under one state's supervision, delegation and ownership rules and has no in-house counsel.","https://www.vtskinclinic.com/contact","owner","https://www.yellowpages.com/burlington-vt/medical-spas","directory","verified","2026-09-03","Procedures found on its own site: HydraFacial. Found in the yellowpages.com Medical Spas category for Burlington, VT, then confirmed by opening the practice's own homepage. Directory description: ""be. Skin Clinic is Vermont’s premier destination for luxury skin care services and products. Offering clinical and organic facials and effective options for hair…"""
"scopeiq","end-customer","single-location med spa","Brilliant Massage & Skin","http://www.jolitabrilliant.com","Burlington, VT","","An independent medical aesthetic practice in VT whose own site advertises IPL - it operates under one state's supervision, delegation and ownership rules and has no in-house counsel.","http://www.jolitabrilliant.com/contacts/","owner","https://www.yellowpages.com/burlington-vt/medical-spas","directory","verified","2026-09-03","Procedures found on its own site: IPL, HydraFacial, chemical peels. Found in the yellowpages.com Medical Spas category for Burlington, VT, then confirmed by opening the practice's own homepage. Directory description: ""We offer advanced Massage Therapy and Highest Efficacy Clinical Skin Care. Each treatment is tailored and adapted to your goals from multiple modalities, tools…"""
"scopeiq","end-customer","single-location med spa","Vida Wellness P","https://vidavt.com","Barre, VT","","An independent medical aesthetic practice in VT whose own site advertises Botox - it operates under one state's supervision, delegation and ownership rules and has no in-house counsel.","https://vidavt.com/contact","owner","https://www.yellowpages.com/burlington-vt/medical-spas?page=2","directory","verified","2026-09-03","Procedures found on its own site: Botox, Xeomin, microneedling, chemical peels. Found in the yellowpages.com Medical Spas category for Burlington, VT, then confirmed by opening the practice's own homepage."
"scopeiq","end-customer","single-location med spa","Empire Wellness & Aesthetics","https://empirewellnesswv.com","Charleston, WV","","An independent medical aesthetic practice in WV whose own site advertises Botox - it operates under one state's supervision, delegation and ownership rules and has no in-house counsel.","https://empirewellnesswv.com/contact/","owner","https://www.yellowpages.com/charleston-wv/medical-spas","directory","verified","2026-09-03","Procedures found on its own site: Botox, Dysport, dermal fillers. Found in the yellowpages.com Medical Spas category for Charleston, WV, then confirmed by opening the practice's own homepage. Directory description: ""Get youthful, smooth skin with safe and effective Dysport and filler injections. Our skilled team will create a customized plan with high-quality injections to…"""
"scopeiq","end-customer","single-location med spa","The Retreat Aesthetics & Vitality Center","https://retreattristate.com","Huntington, WV","","An independent medical aesthetic practice in WV whose own site advertises dermal fillers - it operates under one state's supervision, delegation and ownership rules and has no in-house counsel.","https://retreattristate.com/contact-us","owner","https://www.yellowpages.com/charleston-wv/medical-spas","directory","verified","2026-09-03","Procedures found on its own site: dermal fillers, microneedling. Found in the yellowpages.com Medical Spas category for Charleston, WV, then confirmed by opening the practice's own homepage. Directory description: ""Physician-led med spa co-owned by board-certified physicians Dr. Ben Moosavi, MD and Dr. Amy Vaughan, MD (dermatologist, Certified Master Injector), offering…"""
"scopeiq","end-customer","single-location med spa","Aim Wellness Medical Spa","https://www.aimwellnessmedicalspa.com","Flatwoods, KY","","An independent medical aesthetic practice in KY whose own site advertises Botox - it operates under one state's supervision, delegation and ownership rules and has no in-house counsel.","https://www.aimwellnessmedicalspa.com/contact-us","owner","https://www.yellowpages.com/charleston-wv/medical-spas","directory","verified","2026-09-03","Procedures found on its own site: Botox, microneedling, laser hair removal, IPL, GLP-1, medical weight loss, hormone therapy, Emsculpt. Found in the yellowpages.com Medical Spas category for Charleston, WV, then confirmed by opening the practice's own homepage."
"scopeiq","end-customer","single-location med spa","Huntington Elite Aesthetic Treatments","https://heatwv.com","Huntington, WV","","An independent medical aesthetic practice in WV whose own site advertises Botox - it operates under one state's supervision, delegation and ownership rules and has no in-house counsel.","info@heatwv.com","owner","https://www.yellowpages.com/charleston-wv/medical-spas","directory","verified","2026-09-03","Procedures found on its own site: Botox, Dysport, Xeomin, dermal fillers, Sculptra, microneedling, Morpheus8, laser hair removal. Found in the yellowpages.com Medical Spas category for Charleston, WV, then confirmed by opening the practice's own homepage. Directory description: ""Huntington Elite Aesthetic Treatments offers the latest in aesthetic treatments. We want you to leave looking and feeling your best. We aim for natural-looking…"""
"scopeiq","end-customer","single-location med spa","Ageless Aesthetics MediSpa","https://www.aamedispa.com?utm_source=listings&amp;utm_medium=organic&amp;utm_campaign=webtomed","Ashland, KY","","An independent medical aesthetic practice in KY whose own site advertises Botox - it operates under one state's supervision, delegation and ownership rules and has no in-house counsel.","","owner","https://www.yellowpages.com/charleston-wv/medical-spas","directory","verified","2026-09-03","Procedures found on its own site: Botox, Restylane, laser hair removal. Found in the yellowpages.com Medical Spas category for Charleston, WV, then confirmed by opening the practice's own homepage. Directory description: ""Ageless Aesthetics MediSpa in Ashland, KY, offers personalized, results-focused aesthetic treatments. Using advanced technology and clinically researched…"""
"scopeiq","end-customer","single-location med spa","The Facial Center - Charleston","https://thefacialcenter.com/p/cosmetic-services-Charleston-WV-Charleston-Office-p49047.asp","Charleston, WV","","An independent medical aesthetic practice in WV whose own site advertises Botox - it operates under one state's supervision, delegation and ownership rules and has no in-house counsel.","https://thefacialcenter.com/p/cosmetic-services-Charleston-WV-Contact-p48784.asp","owner","https://www.yellowpages.com/charleston-wv/medical-spas","directory","verified","2026-09-03","Procedures found on its own site: Botox, microneedling, laser hair removal, HydraFacial, medical weight loss, hormone therapy. Found in the yellowpages.com Medical Spas category for Charleston, WV, then confirmed by opening the practice's own homepage. Directory description: ""The Facial Center is a fullservice cosmetics practice offering surgical and nonsurgical solutions that will make you look and feel your very best We understand…"""
"scopeiq","end-customer","single-location med spa","Thaxton Plastic Surgery","https://thaxtonplasticsurgery.com","Charleston, WV","","An independent medical aesthetic practice in WV whose own site advertises Botox - it operates under one state's supervision, delegation and ownership rules and has no in-house counsel.","https://thaxtonplasticsurgery.com/contact/","owner","https://www.yellowpages.com/charleston-wv/medical-spas","directory","verified","2026-09-03","Procedures found on its own site: Botox, dermal fillers, Juvederm, microneedling, Morpheus8, CoolSculpting, laser hair removal, IPL. Found in the yellowpages.com Medical Spas category for Charleston, WV, then confirmed by opening the practice's own homepage. Directory description: ""I think DR,STEWART is woderful i have been to him several times for different things and would never consider going to any one else ,In fact i took my 20yr old there and got…"""
"scopeiq","end-customer","single-location med spa","June Aesthetics and Medspa","https://www.junemedspaco.com","Fort Collins, CO","","An independent medical aesthetic practice in CO whose own site advertises Botox - it operates under one state's supervision, delegation and ownership rules and has no in-house counsel.","https://www.junemedspaco.com/contact","owner","https://www.yellowpages.com/cheyenne-wy/medical-spas?page=2","directory","verified","2026-09-03","Procedures found on its own site: Botox, Dysport, dermal fillers, microneedling, medical weight loss. Found in the yellowpages.com Medical Spas category for Cheyenne, WY, then confirmed by opening the practice's own homepage. Directory description: ""Botulinum Toxin, Neurotoxin, Botox, Jeuveau, Dysport, Xeomin, lip filler, facial filler, forehead filler, facial balancing, cheek filler, jaw filler, kybella,…"""
"scopeiq","end-customer","single-location med spa","Xanadu Med Spa","http://xanadumedspa.com","Fort Collins, CO","","An independent medical aesthetic practice in CO whose own site advertises Botox - it operates under one state's supervision, delegation and ownership rules and has no in-house counsel.","https://xanadumedspa.com/contact-xanadu/","owner","https://www.yellowpages.com/cheyenne-wy/medical-spas","directory","verified","2026-09-03","Procedures found on its own site: Botox, dermal fillers, microneedling, Morpheus8, CoolSculpting, laser hair removal, IPL, HydraFacial. Found in the yellowpages.com Medical Spas category for Cheyenne, WY, then confirmed by opening the practice's own homepage. Directory description: ""Luxury med spa in Fort Collins offering advanced body contouring, laser injectables, spa treatments, wellness HRT, weight loss, and noninvasive aesthetics in a…"""
"scopeiq","end-customer","single-location med spa","Allura Skin, Laser & Wellness Clinic","https://alluraclinic.com","Fort Collins, CO","","An independent medical aesthetic practice in CO whose own site advertises Botox - it operates under one state's supervision, delegation and ownership rules and has no in-house counsel.","https://alluraclinic.com/contact/","owner","https://www.yellowpages.com/cheyenne-wy/medical-spas","directory","verified","2026-09-03","Procedures found on its own site: Botox, Dysport, Jeuveau, Restylane, Sculptra, Kybella, microneedling, CoolSculpting. Found in the yellowpages.com Medical Spas category for Cheyenne, WY, then confirmed by opening the practice's own homepage. Directory description: ""It is our privilege and pleasure to provide a broad range of skin, laser, and wellness treatments to address the concerns and conditions of men and women alike"""
"scopeiq","end-customer","single-location med spa","Revitalize Wellness & Med Spa","http://www.revitalizewellnesswyo.com","Laramie, WY","","An independent medical aesthetic practice in WY whose own site advertises Botox - it operates under one state's supervision, delegation and ownership rules and has no in-house counsel.","http://www.revitalizewellnesswyo.com/contact","owner","https://www.yellowpages.com/cheyenne-wy/medical-spas","directory","verified","2026-09-03","Procedures found on its own site: Botox, Xeomin, IPL, hormone therapy, chemical peels. Found in the yellowpages.com Medical Spas category for Cheyenne, WY, then confirmed by opening the practice's own homepage. Directory description: ""At Revitalize Med Spa, rather than augmenting and altering your appearance, we specialize in restoring volume loss and creating a natural, refined, and refreshed…"""
"scopeiq","end-customer","single-location med spa","Radiant Rose Aesthetics Facials","https://radiantroseaesthetics.com/contact.html","Greeley, CO","","An independent medical aesthetic practice in CO whose own site advertises Botox - it operates under one state's supervision, delegation and ownership rules and has no in-house counsel.","https://radiantroseaesthetics.com/contact.html","owner","https://www.yellowpages.com/cheyenne-wy/medical-spas?page=2","directory","verified","2026-09-03","Procedures found on its own site: Botox, Dysport, Restylane, Sculptra, PRP, chemical peels. Found in the yellowpages.com Medical Spas category for Cheyenne, WY, then confirmed by opening the practice's own homepage. Directory description: ""As a nurse injector I specialize in Botox, dermal fillers, microneedling facials (vampire), Chemical peels, and dermaplaning. My goal is to help each individual…"""
"scopeiq","end-customer","single-location med spa","Che Bella Injectables & Aesthetics","https://www.chebellaia.com","Windsor, CO","","An independent medical aesthetic practice in CO whose own site advertises Botox - it operates under one state's supervision, delegation and ownership rules and has no in-house counsel.","https://www.chebellaia.com/contact","owner","https://www.yellowpages.com/cheyenne-wy/medical-spas?page=2","directory","verified","2026-09-03","Procedures found on its own site: Botox, Daxxify, dermal fillers, Kybella, microneedling, laser hair removal, PRP. Found in the yellowpages.com Medical Spas category for Cheyenne, WY, then confirmed by opening the practice's own homepage. Directory description: ""Welcome to our cozy oasis, nestled in downtown Windsor, Colorado. At Che Bella we value self-care, self-love, and natural looking facial aesthetics and skin…"""
"scopeiq","end-customer","single-location med spa","A | L Med Spa","https://www.almedspallc.com","Greeley, CO","","An independent medical aesthetic practice in CO whose own site advertises microneedling - it operates under one state's supervision, delegation and ownership rules and has no in-house counsel.","https://www.almedspallc.com/contact","owner","https://www.yellowpages.com/cheyenne-wy/medical-spas?page=2","directory","verified","2026-09-03","Procedures found on its own site: microneedling, laser hair removal, chemical peels. Found in the yellowpages.com Medical Spas category for Cheyenne, WY, then confirmed by opening the practice's own homepage. Directory description: ""A|L Med Spa is a trusted, professional facial and skin care center in Greeley, Colorado. We offer various services such as Facials, HydraFacial, GENEO Facials,…"""
"scopeiq","end-customer","single-location med spa","Premier Skin Clinic","https://premierskinclinic.com","Fort Collins, CO","","An independent medical aesthetic practice in CO whose own site advertises Botox - it operates under one state's supervision, delegation and ownership rules and has no in-house counsel.","https://premierskinclinic.com/contact/","owner","https://www.yellowpages.com/cheyenne-wy/medical-spas?page=2","directory","verified","2026-09-03","Procedures found on its own site: Botox, Dysport, Jeuveau, Xeomin, dermal fillers, Juvederm, Sculptra, Kybella. Found in the yellowpages.com Medical Spas category for Cheyenne, WY, then confirmed by opening the practice's own homepage. Directory description: ""Discover Your Best Self at Premiere Skin Clinic - Your Fort Collins hub for aesthetics, from injectables, facial treatments, lasers, body contouring, and more."""
"scopeiq","end-customer","single-location med spa","Harmony Skin & Wellness Clinic","http://harmonyskin.com","Fort Collins, CO","","An independent medical aesthetic practice in CO whose own site advertises Botox - it operates under one state's supervision, delegation and ownership rules and has no in-house counsel.","http://harmonyskin.com/contact/","owner","https://www.yellowpages.com/cheyenne-wy/medical-spas?page=2","directory","verified","2026-09-03","Procedures found on its own site: Botox, Jeuveau, dermal fillers, Sculptra, Kybella, microneedling, laser hair removal, IPL. Found in the yellowpages.com Medical Spas category for Cheyenne, WY, then confirmed by opening the practice's own homepage. Directory description: ""Since 1999, Harmony Skin and Wellness Clinic has established itself as the leading aesthetic hub in Northern Colorado. Our primary aim is to deliver unparalleled…"""
"scopeiq","end-customer","single-location med spa","Ageless Medical Aesthetics","https://agelessmedical307.com/contact-us","Cheyenne, WY","","An independent medical aesthetic practice in WY whose own site advertises Botox - it operates under one state's supervision, delegation and ownership rules and has no in-house counsel.","https://agelessmedical307.com/contact-us/","owner","https://www.yellowpages.com/cheyenne-wy/medical-spas","directory","verified","2026-09-03","Procedures found on its own site: Botox, Dysport, Xeomin, dermal fillers, Sculptra, Kybella, microneedling, laser hair removal. Found in the yellowpages.com Medical Spas category for Cheyenne, WY, then confirmed by opening the practice's own homepage. Directory description: ""Medical Laser and Aesthetic Clinic"""
"scopeiq","end-customer","single-location med spa","Seiler Skin Cosmetic Laser & Aesthetics Center","http://www.seilerskinandcosmeticlaser.com","Birmingham, AL","","An independent medical aesthetic practice in AL whose own site advertises Botox - it operates under one state's supervision, delegation and ownership rules and has no in-house counsel.","https://seilerskinandcosmeticlaser.com/contact/","owner","https://www.yellowpages.com/birmingham-al/medical-spas","directory","verified","2026-09-03","Procedures found on its own site: Botox, Daxxify, dermal fillers, Juvederm, microneedling, CoolSculpting, laser hair removal, IPL. Found in the yellowpages.com Medical Spas category for Birmingham, AL, then confirmed by opening the practice's own homepage."
"scopeiq","end-customer","single-location med spa","Tuscaloosa MedSpa","https://www.tuscaloosamedspa.com/?utm_source=Core70&amp;utm_medium=organic&amp;utm_campaign=WebsiteURL","Tuscaloosa, AL","","An independent medical aesthetic practice in AL whose own site advertises Botox - it operates under one state's supervision, delegation and ownership rules and has no in-house counsel.","https://www.tuscaloosamedspa.com/contact/","owner","https://www.yellowpages.com/birmingham-al/medical-spas?page=2","directory","verified","2026-09-03","Procedures found on its own site: Botox, dermal fillers, microneedling, laser hair removal, HydraFacial, GLP-1, medical weight loss, hormone therapy. Found in the yellowpages.com Medical Spas category for Birmingham, AL, then confirmed by opening the practice's own homepage. Directory description: ""At Tuscaloosa MedSpa, we provide medical procedures to make you look and feel radiant. We provide Botox, filler, lip flips, lasers for hair removal (GentleMax…"""
"scopeiq","end-customer","single-location med spa","Skin Wellness Dermatology","https://skinwellness.com?utm_source=core70&amp;utm_medium=organic&amp;utm_campaign=websiteurl","Hoover, AL","","An independent medical aesthetic practice in AL whose own site advertises Botox - it operates under one state's supervision, delegation and ownership rules and has no in-house counsel.","","owner","https://www.yellowpages.com/birmingham-al/medical-spas?page=2","directory","verified","2026-09-03","Procedures found on its own site: Botox, Dysport, Jeuveau, Xeomin. Found in the yellowpages.com Medical Spas category for Birmingham, AL, then confirmed by opening the practice's own homepage. Directory description: ""Discover our innovative and comprehensive dermatology in a warm and modern environment. We treat a wide variety of medical dermatology conditions with decades of…"""
"scopeiq","end-customer","single-location med spa","Smart Skin Med Spa","http://smartskinmedspa.com","Birmingham, AL","","An independent medical aesthetic practice in AL whose own site advertises Botox - it operates under one state's supervision, delegation and ownership rules and has no in-house counsel.","https://smartskinmedspa.com/contact-smart-skin-med-spa-in-birmingham-al/","owner","https://www.yellowpages.com/birmingham-al/medical-spas","directory","verified","2026-09-03","Procedures found on its own site: Botox, dermal fillers, microneedling, laser hair removal, IPL, HydraFacial, PRP, semaglutide (GLP-1). Found in the yellowpages.com Medical Spas category for Birmingham, AL, then confirmed by opening the practice's own homepage."
"scopeiq","end-customer","single-location med spa","Dermatology & Laser of Alabama","http://www.birminghamskin.com","Mountain Brk, AL","","An independent medical aesthetic practice in AL whose own site advertises Botox - it operates under one state's supervision, delegation and ownership rules and has no in-house counsel.","https://birminghamskin.com/contact-us/","owner","https://www.yellowpages.com/birmingham-al/medical-spas","directory","verified","2026-09-03","Procedures found on its own site: Botox, dermal fillers, microneedling, IV hydration, chemical peels, sclerotherapy. Found in the yellowpages.com Medical Spas category for Birmingham, AL, then confirmed by opening the practice's own homepage. Directory description: ""Dermatology Laser of Alabama is a practice that incorporates solid medical principles with cosmetic procedures that are safe, effective and minimally invasive…"""
"scopeiq","end-customer","single-location med spa","The Weights Over","https://www.weights-over.com","Birmingham, AL","","An independent medical aesthetic practice in AL whose own site advertises medical weight loss - it operates under one state's supervision, delegation and ownership rules and has no in-house counsel.","https://www.weights-over.com/bookweightloss","owner","https://www.yellowpages.com/birmingham-al/medical-spas","directory","verified","2026-09-03","Procedures found on its own site: medical weight loss, IV hydration, hormone therapy. Found in the yellowpages.com Medical Spas category for Birmingham, AL, then confirmed by opening the practice's own homepage. Directory description: ""At The Weights Over we pride ourselves in providing affordable weight loss solutions to busy adults. We are open after typical busy hours to accommodate many in…"""
"scopeiq","end-customer","single-location med spa","Rousso Adams Facial Plastic Surgery Clinic","https://www.drrousso.com","Mountain Brk, AL","","An independent medical aesthetic practice in AL whose own site advertises Botox - it operates under one state's supervision, delegation and ownership rules and has no in-house counsel.","https://www.drrousso.com/contact/","owner","https://www.yellowpages.com/birmingham-al/medical-spas","directory","verified","2026-09-03","Procedures found on its own site: Botox, Dysport, Xeomin, Daxxify, dermal fillers, Juvederm, Restylane, Sculptra. Found in the yellowpages.com Medical Spas category for Birmingham, AL, then confirmed by opening the practice's own homepage. Directory description: ""Welcome to Rousso Facial Plastic Surgery. Founded by a board-certified plastic surgeon, Dr. Daniel Rousso, our team is dedicated to helping our patients achieve…"""
"scopeiq","end-customer","single-location med spa","Spa Greystone","http://www.spagreystone.com","Birmingham, AL","","An independent medical aesthetic practice in AL whose own site advertises Botox - it operates under one state's supervision, delegation and ownership rules and has no in-house counsel.","http://www.spagreystone.com//connect.facebook.net","owner","https://www.yellowpages.com/birmingham-al/medical-spas","directory","verified","2026-09-03","Procedures found on its own site: Botox, dermal fillers, microneedling, CoolSculpting, laser hair removal, IPL, medical weight loss, chemical peels. Found in the yellowpages.com Medical Spas category for Birmingham, AL, then confirmed by opening the practice's own homepage. Directory description: ""I've been using Spa Greystone since May 2010 for laser hair removal. I really love it there. My original aestitician is no longer with the company, but she was still great. I…"""
"scopeiq","end-customer","single-location med spa","A-Dore Aesthetics and Medspa","https://www.adoremedspaomaha.com/contact-1","Elkhorn, NE","","An independent medical aesthetic practice in NE whose own site advertises medical aesthetic treatments - it operates under one state's supervision, delegation and ownership rules and has no in-house counsel.","https://www.adoremedspaomaha.com/adore-medspa-consultation-contact","owner","https://www.yellowpages.com/omaha-ne/medical-spas?page=2","directory","verified","2026-09-03","Found in the yellowpages.com Medical Spas category for Omaha, NE, then confirmed by opening the practice's own homepage. Directory description: ""The team at a?dore offers a variety of Aesthetics and Medspa services in Omaha. Each aesthetic nurse is passionate about helping our patients look and feel their…"""
"scopeiq","end-customer","single-location med spa","Sutton Dermatology + Aesthetics - L Street Clinic","https://suttonderm.com","Lincoln, NE","","An independent medical aesthetic practice in NE whose own site advertises Botox - it operates under one state's supervision, delegation and ownership rules and has no in-house counsel.","https://suttonderm.com/contact-us/","owner","https://www.yellowpages.com/omaha-ne/medical-spas?page=2","directory","verified","2026-09-03","Procedures found on its own site: Botox, Dysport, dermal fillers, Sculptra, Kybella, microneedling, CoolSculpting, IPL. Found in the yellowpages.com Medical Spas category for Omaha, NE, then confirmed by opening the practice's own homepage. Directory description: ""At Sutton Dermatology Aesthetics, located in Lincoln, NE our mission is to enhance the lives, health and wellbeing of our patients providing excellent,…"""
"scopeiq","end-customer","single-location med spa","Simply Bliss Medical Spa-Wellness","https://simplyblissmedspa.com/contact","Omaha, NE","","An independent medical aesthetic practice in NE whose own site advertises Botox - it operates under one state's supervision, delegation and ownership rules and has no in-house counsel.","contact@simplyblissmedspa.com","owner","https://www.yellowpages.com/omaha-ne/medical-spas","directory","verified","2026-09-03","Procedures found on its own site: Botox, dermal fillers, microneedling, laser hair removal, medical weight loss, chemical peels. Found in the yellowpages.com Medical Spas category for Omaha, NE, then confirmed by opening the practice's own homepage."
"scopeiq","end-customer","single-location med spa","Aislinn Medical Spa","https://aislinnmedicalspa.com","Gretna, NE","","An independent medical aesthetic practice in NE whose own site advertises medical aesthetic treatments - it operates under one state's supervision, delegation and ownership rules and has no in-house counsel.","","owner","https://www.yellowpages.com/omaha-ne/medical-spas?page=2","directory","verified","2026-09-03","Found in the yellowpages.com Medical Spas category for Omaha, NE, then confirmed by opening the practice's own homepage. Directory description: ""Aislinn Medical Spa, in Gretna, NE, is the areas premier Medical Spa serving Gretna and surrounding areas since 1999. Our name Aislinn is an Irish word that…"""
"scopeiq","end-customer","single-location med spa","The Look Aesthetics","https://www.thelookaestheticsomaha.com","Omaha, NE","","An independent medical aesthetic practice in NE whose own site advertises Botox - it operates under one state's supervision, delegation and ownership rules and has no in-house counsel.","https://www.thelookaestheticsomaha.com/contact","owner","https://www.yellowpages.com/omaha-ne/medical-spas","directory","verified","2026-09-03","Procedures found on its own site: Botox, dermal fillers, microneedling. Found in the yellowpages.com Medical Spas category for Omaha, NE, then confirmed by opening the practice's own homepage. Directory description: """"Experience a new level of confidence at The Look Aesthetics, Omaha's premier medical spa. We specialize in a range of advanced cosmetic services designed to…"""
"scopeiq","end-customer","single-location med spa","Tres J Medspa","http://tresjmedspa.com","Omaha, NE","","An independent medical aesthetic practice in NE whose own site advertises laser hair removal - it operates under one state's supervision, delegation and ownership rules and has no in-house counsel.","http://tresjmedspa.com/contact-us","owner","https://www.yellowpages.com/omaha-ne/medical-spas","directory","verified","2026-09-03","Procedures found on its own site: laser hair removal, HydraFacial, PRF. Found in the yellowpages.com Medical Spas category for Omaha, NE, then confirmed by opening the practice's own homepage."
"scopeiq","end-customer","single-location med spa","Allure Health & Med Spa","https://www.allurehealthmed.com","Omaha, NE","","An independent medical aesthetic practice in NE whose own site advertises Botox - it operates under one state's supervision, delegation and ownership rules and has no in-house counsel.","https://www.allurehealthmed.com/contact-us/","owner","https://www.yellowpages.com/omaha-ne/medical-spas","directory","verified","2026-09-03","Procedures found on its own site: Botox, Dysport, dermal fillers, Sculptra, Kybella, microneedling, laser hair removal, HydraFacial. Found in the yellowpages.com Medical Spas category for Omaha, NE, then confirmed by opening the practice's own homepage."
"scopeiq","end-customer","single-location med spa","Omaha Medical Spa","https://harmonymedspa.net","Omaha, NE","","An independent medical aesthetic practice in NE whose own site advertises Botox - it operates under one state's supervision, delegation and ownership rules and has no in-house counsel.","https://harmonymedspa.net/contact/","owner","https://www.yellowpages.com/omaha-ne/medical-spas","directory","verified","2026-09-03","Procedures found on its own site: Botox, Dysport, dermal fillers, Juvederm, Kybella, microneedling, hormone therapy, chemical peels. Found in the yellowpages.com Medical Spas category for Omaha, NE, then confirmed by opening the practice's own homepage."
"scopeiq","end-customer","single-location med spa","Revitalift Aesthetic Center","https://www.revitaliftmedspa.com","Lincoln, NE","","An independent medical aesthetic practice in NE whose own site advertises Botox - it operates under one state's supervision, delegation and ownership rules and has no in-house counsel.","","owner","https://www.yellowpages.com/omaha-ne/medical-spas?page=2","directory","verified","2026-09-03","Procedures found on its own site: Botox, Dysport, dermal fillers, Juvederm, Restylane, microneedling, CoolSculpting, laser hair removal. Found in the yellowpages.com Medical Spas category for Omaha, NE, then confirmed by opening the practice's own homepage."
"scopeiq","end-customer","single-location med spa","NAVA Medical","https://www.navaomaha.com","Elkhorn, NE","","An independent medical aesthetic practice in NE whose own site advertises Botox - it operates under one state's supervision, delegation and ownership rules and has no in-house counsel.","https://www.navaomaha.com/contact","owner","https://www.yellowpages.com/omaha-ne/medical-spas?page=2","directory","verified","2026-09-03","Procedures found on its own site: Botox, dermal fillers, microneedling, laser hair removal, IPL, HydraFacial, medical weight loss, IV hydration. Found in the yellowpages.com Medical Spas category for Omaha, NE, then confirmed by opening the practice's own homepage. Directory description: ""NAVA Medical provides injectables, facials, laser services, microneedling, wax removal, and IV hydration services in Elkhorn, NE."""
"scopeiq","end-customer","single-location med spa","Fletcher Aesthetics - Med Spa and Laser Treatment Center","https://www.fletcheraestheticschs.com","Mount Pleasant, SC","","An independent medical aesthetic practice in SC whose own site advertises Botox - it operates under one state's supervision, delegation and ownership rules and has no in-house counsel.","https://www.fletcheraestheticschs.com/contact/","owner","https://www.yellowpages.com/charleston-sc/medical-spas?page=2","directory","verified","2026-09-03","Procedures found on its own site: Botox, Dysport, Jeuveau, Xeomin, Daxxify, dermal fillers, Sculptra, microneedling. Found in the yellowpages.com Medical Spas category for Charleston, SC, then confirmed by opening the practice's own homepage."
"scopeiq","end-customer","single-location med spa","AesthetiSpa Cosmetic Skin & Laser Center","http://www.aesthetispa.com","Mount Pleasant, SC","","An independent medical aesthetic practice in SC whose own site advertises Botox - it operates under one state's supervision, delegation and ownership rules and has no in-house counsel.","http://www.aesthetispa.com/about-us/contact-us/#location_hours","owner","https://www.yellowpages.com/charleston-sc/medical-spas?page=2","directory","verified","2026-09-03","Procedures found on its own site: Botox, Dysport, Xeomin, dermal fillers, Restylane, Sculptra, Kybella, microneedling. Found in the yellowpages.com Medical Spas category for Charleston, SC, then confirmed by opening the practice's own homepage. Directory description: ""At AesthetiSpa Cosmetic Skin & Laser Center, science and aesthetics complement each other to promote complete health and wellness. In the hands of experienced…"""
"scopeiq","end-customer","single-location med spa","Teal Elite Med Spa","https://www.tealelitemedspa.com","Mount Pleasant, SC","","An independent medical aesthetic practice in SC whose own site advertises Botox - it operates under one state's supervision, delegation and ownership rules and has no in-house counsel.","https://www.tealelitemedspa.com/contact/","owner","https://www.yellowpages.com/charleston-sc/medical-spas?page=2","directory","verified","2026-09-03","Procedures found on its own site: Botox, Xeomin, Daxxify, dermal fillers, microneedling, chemical peels. Found in the yellowpages.com Medical Spas category for Charleston, SC, then confirmed by opening the practice's own homepage. Directory description: ""Welcome to Teal Elite Med Spa where our goal is to help you take your skincare journey to the next level. We believe in simple, effective treatments that give…"""
"scopeiq","end-customer","single-location med spa","Mink Total Medical Spa & Wellness","https://minktotal.com","Charleston, SC","","An independent medical aesthetic practice in SC whose own site advertises IPL - it operates under one state's supervision, delegation and ownership rules and has no in-house counsel.","https://minktotal.com/spa-services/free-monthly-wellness-membership-appointment/","owner","https://www.yellowpages.com/charleston-sc/medical-spas","directory","verified","2026-09-03","Procedures found on its own site: IPL, chemical peels. Found in the yellowpages.com Medical Spas category for Charleston, SC, then confirmed by opening the practice's own homepage. Directory description: ""You and I are a lot more alike than you know.Running multiple businesses, traveling the world, managing my personal life and neglecting to take proper care of my…"""
"scopeiq","end-customer","single-location med spa","Charleston Medical Spa","http://www.charlestonmedicalspa.com","Charleston, SC","","An independent medical aesthetic practice in SC whose own site advertises Botox - it operates under one state's supervision, delegation and ownership rules and has no in-house counsel.","https://charlestonmedicalspa.com/contact/","owner","https://www.yellowpages.com/charleston-sc/medical-spas","directory","verified","2026-09-03","Procedures found on its own site: Botox, dermal fillers, Sculptra, microneedling, Morpheus8, laser hair removal, IPL, HydraFacial. Found in the yellowpages.com Medical Spas category for Charleston, SC, then confirmed by opening the practice's own homepage. Directory description: ""Established in 2005, Charleston Medical Spa is an award-winning medical spa offering the most advanced treatments in aesthetics for the face and body."""
"scopeiq","end-customer","single-location med spa","Shine Medical Spa by Plastic Surgery of the Carolinas","https://www.shinemedspasc.com","Charleston, SC","","An independent medical aesthetic practice in SC whose own site advertises Botox - it operates under one state's supervision, delegation and ownership rules and has no in-house counsel.","https://www.shinemedspasc.com/contact/","owner","https://www.yellowpages.com/charleston-sc/medical-spas","directory","verified","2026-09-03","Procedures found on its own site: Botox, Dysport, dermal fillers, Restylane, Sculptra, microneedling, Morpheus8, laser hair removal. Found in the yellowpages.com Medical Spas category for Charleston, SC, then confirmed by opening the practice's own homepage. Directory description: ""Shine Medical Spa by Plastic Surgery of the Carolinas is a premier medical aesthetics destination offering advanced, non-surgical treatments in a safe,…"""
"scopeiq","end-customer","single-location med spa","Shoreline Aesthetics","https://www.shorelineaestheticschs.com","Charleston, SC","","An independent medical aesthetic practice in SC whose own site advertises Botox - it operates under one state's supervision, delegation and ownership rules and has no in-house counsel.","https://www.shorelineaestheticschs.com/contact","owner","https://www.yellowpages.com/charleston-sc/medical-spas","directory","verified","2026-09-03","Procedures found on its own site: Botox, Dysport, Xeomin, dermal fillers, microneedling, Morpheus8, laser hair removal, IPL. Found in the yellowpages.com Medical Spas category for Charleston, SC, then confirmed by opening the practice's own homepage. Directory description: ""Shoreline Aesthetics is a local woman owned Medical spa in Charleston, SC that is committed to excellence in every aspect of our business. We uphold a standard…"""
"scopeiq","end-customer","single-location med spa","Rewind Aesthetics, Dermatology, and Trichology","https://rewind-medical.com","Lexington, KY","","An independent medical aesthetic practice in KY whose own site advertises dermal fillers - it operates under one state's supervision, delegation and ownership rules and has no in-house counsel.","","owner","https://www.yellowpages.com/lexington-ky/medical-spas","directory","verified","2026-09-03","Procedures found on its own site: dermal fillers, microneedling, IPL, PRP, GLP-1, medical weight loss, hormone therapy, Ultherapy. Found in the yellowpages.com Medical Spas category for Lexington, KY, then confirmed by opening the practice's own homepage. Directory description: ""Step into Rewind Aesthetics, Dermatology, and Trichology, where innovative medical expertise meets holistic wellness in a modern medical spa and wellness center.…"""
"scopeiq","end-customer","single-location med spa","The Lift Bar Medspa","https://liftbotoxbar.com","Nicholasville, KY","","An independent medical aesthetic practice in KY whose own site advertises Botox - it operates under one state's supervision, delegation and ownership rules and has no in-house counsel.","https://liftbotoxbar.com/contact-us/","owner","https://www.yellowpages.com/lexington-ky/medical-spas?page=2","directory","verified","2026-09-03","Procedures found on its own site: Botox, Dysport, dermal fillers, Restylane, Sculptra, Kybella, microneedling, laser hair removal. Found in the yellowpages.com Medical Spas category for Lexington, KY, then confirmed by opening the practice's own homepage. Directory description: ""The Lift Bar Med Spa in Brannon Crossing, Nicholasville, KY offers a comprehensive range of services to help you feel confident and rejuvenated. Our expert team…"""
"scopeiq","end-customer","single-location med spa","Luxe Med Spa","https://luxemedspaky.com","Winchester, KY","","An independent medical aesthetic practice in KY whose own site advertises microneedling - it operates under one state's supervision, delegation and ownership rules and has no in-house counsel.","https://luxemedspaky.com/#contact-luxe","owner","https://www.yellowpages.com/lexington-ky/medical-spas?page=2","directory","verified","2026-09-03","Procedures found on its own site: microneedling, HydraFacial, chemical peels. Found in the yellowpages.com Medical Spas category for Lexington, KY, then confirmed by opening the practice's own homepage. Directory description: ""We are a premiere medical spa that provides a customized, unique and personal patient experience. Our team will develop a customized injectable or facial…"""
"scopeiq","end-customer","single-location med spa","Reflections Medspa & Wellness","http://reflectionsmedspalex.com","Lexington, KY","","An independent medical aesthetic practice in KY whose own site advertises Botox - it operates under one state's supervision, delegation and ownership rules and has no in-house counsel.","https://reflectionsmedspalex.com/contact/","owner","https://www.yellowpages.com/lexington-ky/medical-spas","directory","verified","2026-09-03","Procedures found on its own site: Botox, Dysport, dermal fillers, Juvederm, Sculptra, Kybella, microneedling, CoolSculpting. Found in the yellowpages.com Medical Spas category for Lexington, KY, then confirmed by opening the practice's own homepage. Directory description: ""Reflections Medspa & Wellness Center is a revolutionary approach to skin health combining the latest advances in medicine, aesthetics and beauty technology to…"""
"scopeiq","end-customer","single-location med spa","Solace Aesthetics","https://solacemedicalspa.com","Georgetown, KY","","An independent medical aesthetic practice in KY whose own site advertises Botox - it operates under one state's supervision, delegation and ownership rules and has no in-house counsel.","https://solacemedicalspa.com/contact-us/","owner","https://www.yellowpages.com/lexington-ky/medical-spas?page=2","directory","verified","2026-09-03","Procedures found on its own site: Botox, Dysport, dermal fillers, Sculptra, Kybella, microneedling, IPL, medical weight loss. Found in the yellowpages.com Medical Spas category for Lexington, KY, then confirmed by opening the practice's own homepage. Directory description: ""Solace Aesthetics and Wellness in Georgetown, KY offers expert skincare and wellness services including wrinkle relaxers, dermal fillers, medical-grade facials,…"""
"scopeiq","end-customer","single-location med spa","Modern Dermatology of Kentucky and Cosmetic Specialists","https://www.moderndermky.com","Lexington, KY","","An independent medical aesthetic practice in KY whose own site advertises Botox - it operates under one state's supervision, delegation and ownership rules and has no in-house counsel.","https://www.moderndermky.com/contact","owner","https://www.yellowpages.com/lexington-ky/medical-spas","directory","verified","2026-09-03","Procedures found on its own site: Botox, dermal fillers, microneedling. Found in the yellowpages.com Medical Spas category for Lexington, KY, then confirmed by opening the practice's own homepage. Directory description: ""Modern Dermatology of KY & Cosmetic Specialists provides medical and cosmetic dermatology services across Kentucky, including general dermatology, Mohs surgery,…"""
"scopeiq","end-customer","single-location med spa","Belle Vie Medspa","https://belleviemedspa.net","Lexington, KY","","An independent medical aesthetic practice in KY whose own site advertises microneedling - it operates under one state's supervision, delegation and ownership rules and has no in-house counsel.","https://belleviemedspa.net/contact/","owner","https://www.yellowpages.com/lexington-ky/medical-spas","directory","verified","2026-09-03","Procedures found on its own site: microneedling, CoolSculpting, PRP, semaglutide (GLP-1), tirzepatide (GLP-1), GLP-1, medical weight loss, IV therapy. Found in the yellowpages.com Medical Spas category for Lexington, KY, then confirmed by opening the practice's own homepage. Directory description: ""I have followed Carrie everywhere from facility to facility simply because I do not want any one else to touch my face. This is the only place Carrie has been at that I am…"""
"scopeiq","end-customer","single-location med spa","Advanced Skin & Vein Care Centers","http://www.kentuckymedspa.com","Lexington, KY","","An independent medical aesthetic practice in KY whose own site advertises Botox - it operates under one state's supervision, delegation and ownership rules and has no in-house counsel.","","owner","https://www.yellowpages.com/lexington-ky/medical-spas","directory","verified","2026-09-03","Procedures found on its own site: Botox, Dysport, dermal fillers, Restylane, Sculptra, Kybella, microneedling, Morpheus8. Found in the yellowpages.com Medical Spas category for Lexington, KY, then confirmed by opening the practice's own homepage. Directory description: ""Welcome to Advanced Skin & Vein Care Centers a premier Med Spa, Anti Aging Center, Regenerative Medicine and Vein care Center in Lexington and Georgetown…"""
"scopeiq","end-customer","single-location med spa","Luxe Lounge Medspa","https://www.luxeloungemedspa.com","Lexington, KY","","An independent medical aesthetic practice in KY whose own site advertises Botox - it operates under one state's supervision, delegation and ownership rules and has no in-house counsel.","https://www.luxeloungemedspa.com/contact/","owner","https://www.yellowpages.com/lexington-ky/medical-spas?page=2","directory","verified","2026-09-03","Procedures found on its own site: Botox, Dysport, dermal fillers, Sculptra, Kybella, microneedling, laser hair removal, IPL. Found in the yellowpages.com Medical Spas category for Lexington, KY, then confirmed by opening the practice's own homepage. Directory description: ""Luxe Lounge Medspa in Lexington, KY is the epitome of luxury and rejuvenation. Immerse yourself in a world of indulgence, where our expert team of professionals…"""
"scopeiq","end-customer","single-location med spa","Prive Med Spa","http://www.privemedicalspa.com","Lexington, KY","","An independent medical aesthetic practice in KY whose own site advertises Botox - it operates under one state's supervision, delegation and ownership rules and has no in-house counsel.","https://privemedicalspa.com/contact-prive-med-spa/","owner","https://www.yellowpages.com/lexington-ky/medical-spas","directory","verified","2026-09-03","Procedures found on its own site: Botox, Dysport, dermal fillers, microneedling, CoolSculpting, medical weight loss, IV therapy, Emsculpt. Found in the yellowpages.com Medical Spas category for Lexington, KY, then confirmed by opening the practice's own homepage."
"scopeiq","end-customer","single-location med spa","Belle Vie Aesthetic Medicine","https://bellevietoday.com","Lexington, KY","","An independent medical aesthetic practice in KY whose own site advertises Botox - it operates under one state's supervision, delegation and ownership rules and has no in-house counsel.","https://bellevietoday.com/contact/","owner","https://www.yellowpages.com/lexington-ky/medical-spas","directory","verified","2026-09-03","Procedures found on its own site: Botox, Dysport, dermal fillers, Juvederm, Restylane, Sculptra, microneedling, laser hair removal. Found in the yellowpages.com Medical Spas category for Lexington, KY, then confirmed by opening the practice's own homepage. Directory description: ""At Belle Vie Aesthetic Medicine, we believe confidence in your skin should come naturally. Our experienced medical providers, nurses, and estheticians blend…"""
