"app","prospect_type","segment","name","website","location","size_signal","fit_rationale","contact_route","decision_maker_role","source_url","source_type","confidence","collected_on","notes"
"stateready","end-customer","PE-backed home-services platform","Apex Service Partners","https://apexservicepartners.com","Tampa, FL","~107 brands, ~300 businesses, 8,000+ tradespeople, ~$1.3B revenue (Mar 2026)","Multi-state trade-contracting platform that acquires local licence holders in new states, so every add-on creates a new set of state licence, CE, bond and insurance obligations to track.","","VP of compliance / head of integration","https://ctacquisitions.com/guides/private-equity-hvac-2026/","list-article","secondary","2026-09-03","Sponsor: Alpine Investors (control), Partners Group continuation vehicle, Apollo minority announced May 2026. Operates in 46 states per DealSeam. Own site returned HTTP 403 to this environment, so not independently opened."
"stateready","end-customer","PE-backed home-services platform","Wrench Group","https://www.wrenchgroup.com","Sarasota, FL","~25 brands across ~15 states; 26 metros listed on its own locations page","Multi-state trade-contracting platform that acquires local licence holders in new states, so every add-on creates a new set of state licence, CE, bond and insurance obligations to track.","info@wrenchgroup.com","VP of compliance / head of integration","https://www.wrenchgroup.com/wrench-group-brands/","company-site","verified","2026-09-03","Sponsor: Leonard Green & Partners with TSG Consumer and Oak Hill minority. States operated incl. AZ, CA, CO, FL, GA, IN, KY, MD, NC, OH, OK, SC, TX, UT."
"stateready","end-customer","PE-backed home-services platform","Sila Services","https://silaservices.com","King of Prussia, PA","50 brands listed on its own Our Brands page","Multi-state trade-contracting platform that acquires local licence holders in new states, so every add-on creates a new set of state licence, CE, bond and insurance obligations to track.","https://silaservices.com/partners/","VP of compliance / head of integration","https://silaservices.com/brands/","company-site","verified","2026-09-03","Sponsor: Goldman Sachs Alternatives (Nov 2024, from Morgan Stanley Capital Partners). States appearing in the brand locations on its own Brands page: CT DE IL MA MD ME MI NH NJ NY OH PA VA VT WI."
"stateready","end-customer","PE-backed home-services platform","American Residential Services (ARS / Rescue Rooter)","https://www.ars.com","Memphis, TN","70+ service centers across ~23-28 states; ~6,500 employees","Multi-state trade-contracting platform that acquires local licence holders in new states, so every add-on creates a new set of state licence, CE, bond and insurance obligations to track.","https://www.ars.com/about-us","VP of compliance / head of integration","https://www.ars.com/locations","company-site","verified","2026-09-03","Sponsors: GI Partners + Charlesbank Capital Partners. GI launched a sale process in 2026 per DealSeam."
"stateready","end-customer","PE-backed home-services platform","TurnPoint Services","https://www.turnpointservices.com","Louisville, KY","54 operating brands listed on its own Brands page, spanning 28 states","Multi-state trade-contracting platform that acquires local licence holders in new states, so every add-on creates a new set of state licence, CE, bond and insurance obligations to track.","https://www.turnpointservices.com/join-our-family/","VP of compliance / head of integration","https://www.turnpointservices.com/turnpoint-brands/","company-site","verified","2026-09-03","Sponsor: OMERS Private Equity. Its own Brands page lists 54 brands whose HQ cities span 28 states: AL AZ CA FL GA IA IL IN KS KY LA MD MN MO NC NE NJ NV NY OH OK OR SC TN TX UT WA WI."
"stateready","end-customer","PE-backed home-services platform","Service Experts Heating & Air Conditioning","https://www.serviceexperts.com","Richardson, TX","75+ service centers across 31 states","Multi-state trade-contracting platform that acquires local licence holders in new states, so every add-on creates a new set of state licence, CE, bond and insurance obligations to track.","","VP of compliance / head of integration","https://dealseam.com/hvac-pe-rollup-tracker-2026","list-article","secondary","2026-09-03","Owned by Brookfield via Enercare. Acquired 19 HomeServe USA HVAC & plumbing centers Apr 2024. Own site returned HTTP 403 to this environment."
"stateready","end-customer","PE-backed home-services platform","Redwood Services","https://redwoodservices.com","Memphis, TN","23 partner companies listed on its own Partners page; ~$500M+ revenue","Multi-state trade-contracting platform that acquires local licence holders in new states, so every add-on creates a new set of state licence, CE, bond and insurance obligations to track.","https://redwoodservices.com/","VP of compliance / head of integration","https://redwoodservices.com/partners/","company-site","verified","2026-09-03","Sponsor: Altas Partners majority (May 2025, ~$1.1B). Partner brands in AZ VA CA OH MS TN LA NM NY NC MN IN WI NJ NV CO ID OK."
"stateready","end-customer","PE-backed home-services platform","Southern Home Services","https://southernhomeservices.com","Maitland, FL","15+ brands across the Southeast","Multi-state trade-contracting platform that acquires local licence holders in new states, so every add-on creates a new set of state licence, CE, bond and insurance obligations to track.","","VP of compliance / head of integration","https://dealseam.com/hvac-pe-rollup-tracker-2026","list-article","secondary","2026-09-03","Sponsor: Gryphon Investors via NAEHS. Own site returned HTTP 403 to this environment."
"stateready","end-customer","PE-backed home-services platform","Goettl Air Conditioning & Plumbing","https://www.goettl.com","Las Vegas, NV","Operates in AZ, NV and TX","Multi-state trade-contracting platform that acquires local licence holders in new states, so every add-on creates a new set of state licence, CE, bond and insurance obligations to track.","","VP of compliance / head of integration","https://dealseam.com/hvac-pe-rollup-tracker-2026","list-article","secondary","2026-09-03","Sponsor: Cortec Group. Divested California operations Sept 2024. Own site returned HTTP 403."
"stateready","end-customer","PE-backed home-services platform","Air Pros USA","https://airprosusa.com","Hollywood, FL","Florida markets incl. Fort Lauderdale, Miami, Tampa, Orlando","Multi-state trade-contracting platform that acquires local licence holders in new states, so every add-on creates a new set of state licence, CE, bond and insurance obligations to track.","https://airprosusa.com/mergers-and-acquisitions/","VP of compliance / head of integration","https://airprosusa.com/","company-site","verified","2026-09-03","Founder reacquired Florida operations with Exuma Capital Partners June 2025. Runs an active M&A page - a buyer entering new states."
"stateready","end-customer","PE-backed home-services platform","Strikepoint Group (Horizon Services)","https://strikepointgroup.com","Newark, DE","Seven metros: Philadelphia, NYC, Atlanta, Baltimore, DC, Hartford, Jacksonville","Multi-state trade-contracting platform that acquires local licence holders in new states, so every add-on creates a new set of state licence, CE, bond and insurance obligations to track.","","VP of compliance / head of integration","https://dealseam.com/hvac-pe-rollup-tracker-2026","list-article","secondary","2026-09-03","Sponsor: New Mountain Capital. Own site returned an empty 114-byte body to curl."
"stateready","end-customer","PE-backed home-services platform","Legacy Service Partners","https://legacyservicepartners.com","Tampa, FL","22+ partner brands across 19 states; 33+ add-on acquisitions since 2021","Multi-state trade-contracting platform that acquires local licence holders in new states, so every add-on creates a new set of state licence, CE, bond and insurance obligations to track.","https://legacyservicepartners.com/contact-us/","VP of compliance / head of integration","https://legacyservicepartners.com/","company-site","verified","2026-09-03","Sponsor: Gridiron Capital (Jan 2023). Raised $531M+ total capital per CT Acquisitions."
"stateready","end-customer","PE-backed home-services platform","NearU Services","https://nearu-services.com","Charlotte, NC","22+ brands across nine states","Multi-state trade-contracting platform that acquires local licence holders in new states, so every add-on creates a new set of state licence, CE, bond and insurance obligations to track.","","VP of compliance / head of integration","https://ctacquisitions.com/guides/private-equity-hvac-2026/","list-article","secondary","2026-09-03","Sponsors: Freeman Spogli & Co. + SkyKnight Capital. Own site returned HTTP 202 with an empty body to curl (JS-gated)."
"stateready","end-customer","PE-backed home-services platform","Any Hour Services / Any Hour Group","https://anyhourgroup.com","Orem, UT","25+ locations across 10 states; 2,000+ employees","Multi-state trade-contracting platform that acquires local licence holders in new states, so every add-on creates a new set of state licence, CE, bond and insurance obligations to track.","https://anyhourgroup.com/contact/","VP of compliance / head of integration","https://anyhourgroup.com/","company-site","verified","2026-09-03","Sponsor: Knox Lane. Add-ons: Lee's Plumbing (UT/ID) Nov 2025; McQuillan Home Services (MN) + Divine Electric (CA) Jun 2024."
"stateready","end-customer","PE-backed home-services platform","Heartland Home Services","https://www.heartlandhomeservices.com","Grand Rapids, MI","~37 brands across the Midwest and East; 1,800+ employees","Multi-state trade-contracting platform that acquires local licence holders in new states, so every add-on creates a new set of state licence, CE, bond and insurance obligations to track.","https://www.heartlandhomeservices.com/contact","VP of compliance / head of integration","https://www.heartlandhomeservices.com/","company-site","verified","2026-09-03","Sponsors: The Jordan Company (TJC) + Cobepa."
"stateready","end-customer","PE-backed home-services platform","Champions Group Holdings","https://www.championsgrp.com","Irvine, CA","1,800+ field technicians; ~150,000 membership customers","Multi-state trade-contracting platform that acquires local licence holders in new states, so every add-on creates a new set of state licence, CE, bond and insurance obligations to track.","https://www.championsgrp.com/contact","VP of compliance / head of integration","https://www.championsgrp.com/","company-site","verified","2026-09-03","Blackstone agreed to acquire from Odyssey Investment Partners Feb 2026 (~$2.5B, ~18.5x EBITDA) into BXPE perpetual vehicle."
"stateready","end-customer","PE-backed home-services platform","Leap Partners","https://leappartners.com","Nashville, TN","28 companies across eight Southeastern states","Multi-state trade-contracting platform that acquires local licence holders in new states, so every add-on creates a new set of state licence, CE, bond and insurance obligations to track.","","VP of compliance / head of integration","https://dealseam.com/hvac-pe-rollup-tracker-2026","list-article","secondary","2026-09-03","Sponsor: Concentric Equity Partners. Own site returned an empty 114-byte body to curl."
"stateready","end-customer","PE-backed home-services platform","Blue Cardinal Home Services Group","https://www.bluecardinalhomeservices.com","Lufkin, TX","Multi-regional residential HVAC/plumbing/electrical (TX, AL, MO and more)","Multi-state trade-contracting platform that acquires local licence holders in new states, so every add-on creates a new set of state licence, CE, bond and insurance obligations to track.","https://www.bluecardinalhomeservices.com/","VP of compliance / head of integration","https://www.bluecardinalhomeservices.com/","company-site","verified","2026-09-03","Launched by Percheron Capital July 2023."
"stateready","end-customer","PE-backed home-services platform","Northwinds Services Group","https://northwindsservices.com","Rochester, NY","~26 brands across the Northeast, Mid-Atlantic and Midwest","Multi-state trade-contracting platform that acquires local licence holders in new states, so every add-on creates a new set of state licence, CE, bond and insurance obligations to track.","https://northwindsservices.com/contact/","VP of compliance / head of integration","https://northwindsservices.com/","company-site","verified","2026-09-03","Sponsors: TruArc Partners (+ Ares Management)."
"stateready","end-customer","PE-backed home-services platform","Ally Services","https://allyservicesgroup.com","Rockville, MD","Residential HVAC & plumbing across VA, MD, PA, NJ, DE and DC","Multi-state trade-contracting platform that acquires local licence holders in new states, so every add-on creates a new set of state licence, CE, bond and insurance obligations to track.","https://allyservicesgroup.com/","VP of compliance / head of integration","https://allyservicesgroup.com/","company-site","verified","2026-09-03","Sponsor: Watchtower Capital. 2025 add-ons: J Hood Services (VA), Tri-County Aire (MD), Above & Beyond (DE)."
"stateready","end-customer","commercial mechanical / electrical platform","Astra Service Partners","https://astraservicepartners.com","Oklahoma City, OK","Network of commercial & industrial mechanical brands across HVAC, refrigeration, plumbing, building automation, electrical and fire","Multi-state trade-contracting platform that acquires local licence holders in new states, so every add-on creates a new set of state licence, CE, bond and insurance obligations to track.","info@astraservicepartners.com","VP of compliance / head of integration","https://astraservicepartners.com/","company-site","verified","2026-09-03","Sponsor: Alpine Investors via Orion Group. Add-ons incl. Knott Mechanical (MD), Diamondback Plumbing (AZ), Josko Services (FL), APCCO."
"stateready","end-customer","commercial mechanical / electrical platform","FirstCall Mechanical Group","https://firstcallmechanical.com","Austin, TX","15+ acquisitions since 2022; Southeast and Mid-Atlantic commercial mechanical","Multi-state trade-contracting platform that acquires local licence holders in new states, so every add-on creates a new set of state licence, CE, bond and insurance obligations to track.","info@firstcallgroup.com","VP of compliance / head of integration","https://firstcallmechanical.com/","company-site","verified","2026-09-03","Sponsor: SkyKnight Capital. Add-ons: Starnes Heating and Cooling (VA), Statewide Conditioning, LC Anderson (MA), CLS Facility Services."
"stateready","end-customer","commercial mechanical / electrical platform","Pueblo Mechanical & Controls","https://pueblo-mechanical.com","Phoenix, AZ","Commercial HVAC/plumbing/controls across Arizona, Texas and the Southwest","Multi-state trade-contracting platform that acquires local licence holders in new states, so every add-on creates a new set of state licence, CE, bond and insurance obligations to track.","https://pueblo-mechanical.com/","VP of compliance / head of integration","https://pueblo-mechanical.com/","company-site","verified","2026-09-03","Sponsor: OMERS Private Equity (Aug 2022, from Huron Capital). Add-ons: Climate Solutions (Austin), Evolution Mechanical (Dallas), Uni-tech Mechanical, Commercial Air."
"stateready","end-customer","commercial mechanical / electrical platform","PremiStar (Reedy Industries)","https://premistar.com","Schaumburg, IL","43 operating companies across 17 states on its own Our Companies page; 1,500+ employees serving 9,000 customers; 40th acquisition closed Jun 2026","Multi-state trade-contracting platform that acquires local licence holders in new states, so every add-on creates a new set of state licence, CE, bond and insurance obligations to track.","https://premistar.com/acquisitions-program/","VP of compliance / head of integration","https://premistar.com/","company-site","verified","2026-09-03","Sponsor: Partners Group (Aug 2021, from Audax). Commercial HVAC, chilled water, plumbing, building automation and controls."
"stateready","end-customer","commercial mechanical / electrical platform","Service Logic","https://www.servicelogic.com","Charlotte, NC","140+ locations across North America; 5,000+ technicians; 110+ acquisitions","Multi-state trade-contracting platform that acquires local licence holders in new states, so every add-on creates a new set of state licence, CE, bond and insurance obligations to track.","https://www.servicelogic.com/acquisition-program","VP of compliance / head of integration","https://www.servicelogic.com/","company-site","verified","2026-09-03","Sponsors: Bain Capital + Mubadala (Dec 2025, from Leonard Green). Largest dedicated commercial mechanical/HVAC services platform in North America."
"stateready","end-customer","commercial mechanical / electrical platform","Crete United","https://creteunited.com","Charlotte, NC","40 partner businesses; ~$680M annual revenue","Multi-state trade-contracting platform that acquires local licence holders in new states, so every add-on creates a new set of state licence, CE, bond and insurance obligations to track.","info@creteunited.com","VP of compliance / head of integration","https://creteunited.com/","company-site","verified","2026-09-03","Sponsor: Ridgemont Equity Partners (June 2022). National commercial facility/mechanical services across HVAC, electrical, plumbing, building automation."
"stateready","end-customer","commercial mechanical / electrical platform","Comfort Systems USA","https://www.comfortsystemsusa.com","Houston, TX","184 locations in 139 cities; $2.45B Q3 2025 revenue","Multi-state trade-contracting platform that acquires local licence holders in new states, so every add-on creates a new set of state licence, CE, bond and insurance obligations to track.","","VP of compliance / head of integration","https://dealseam.com/hvac-pe-rollup-tracker-2026","list-article","secondary","2026-09-03","NYSE: FIX. Largest publicly traded US mechanical/electrical contractor; continuous acquisition cadence (Feyen Zylstra + Meisner Electric Oct 2025). Own site returned HTTP 202 empty body to curl."
"stateready","end-customer","PE-backed home-services platform","Roto-Rooter (Chemed Corporation)","https://www.rotorooter.com","Cincinnati, OH","Acquired San Francisco and Fort Worth franchise territories for ~$20.6M (Mar 2026)","Multi-state trade-contracting platform that acquires local licence holders in new states, so every add-on creates a new set of state licence, CE, bond and insurance obligations to track.","","VP of compliance / head of integration","https://ctacquisitions.com/guides/private-equity-hvac-2026/","list-article","secondary","2026-09-03","NYSE: CHE. Largest publicly traded pure-play plumbing operator; ongoing franchise-territory acquisition program - each territory is a separate state licence footprint."
"stateready","end-customer","commercial mechanical / electrical platform","Best in Class Technology Services","","","","Multi-state trade-contracting platform that acquires local licence holders in new states, so every add-on creates a new set of state licence, CE, bond and insurance obligations to track.","","VP of compliance / head of integration","https://homesteadsp.com/hvac-mergers-and-acquisitions/","list-article","unverified","2026-09-03","Investcorp-backed commercial mechanical platform named in the Homestead deal map; website not confirmed, so left empty."
"stateready","end-customer","commercial mechanical / electrical platform","AIR (AIR Control Concepts)","","","38+ operating companies across 35 states and Canada","Multi-state trade-contracting platform that acquires local licence holders in new states, so every add-on creates a new set of state licence, CE, bond and insurance obligations to track.","","VP of compliance / head of integration","https://homesteadsp.com/hvac-mergers-and-acquisitions/","list-article","secondary","2026-09-03","Blackstone bought out Madison Dearborn's remaining stake Jan 2026; described as the largest commercial HVAC, electrical and controls platform in North America. Website not confirmed."
"stateready","end-customer","commercial mechanical / electrical platform","Legence","https://www.wearelegence.com","San Jose, CA","Blackstone-backed; IPO Sept 2025; acquired Bowers Group ~$475M Jan 2026","Multi-state trade-contracting platform that acquires local licence holders in new states, so every add-on creates a new set of state licence, CE, bond and insurance obligations to track.","https://www.wearelegence.com/","VP of compliance / head of integration","https://www.wearelegence.com/","company-site","verified","2026-09-03","Commercial energy-services and mechanical platform operating through many acquired subsidiary contractors across multiple states."
"stateready","end-customer","commercial mechanical / electrical platform","EMCOR Group","https://emcorgroup.com","Norwalk, CT","Fortune 500 mechanical/electrical construction and facilities services (NYSE: EME)","Multi-state trade-contracting platform that acquires local licence holders in new states, so every add-on creates a new set of state licence, CE, bond and insurance obligations to track.","https://emcorgroup.com/","VP of compliance / head of integration","https://emcorgroup.com/","company-site","verified","2026-09-03","Operates through dozens of subsidiary mechanical and electrical contractors, each licensed separately by state - a multi-state licence-tracking buyer."
"stateready","end-customer","commercial mechanical / electrical platform","Limbach Holdings","https://www.limbachinc.com","Pittsburgh, PA","Nasdaq: LMB; commercial mechanical/building systems across multiple states","Multi-state trade-contracting platform that acquires local licence holders in new states, so every add-on creates a new set of state licence, CE, bond and insurance obligations to track.","https://www.limbachinc.com/","VP of compliance / head of integration","https://www.limbachinc.com/","company-site","verified","2026-09-03","Publicly traded building-systems contractor operating regional branches in multiple states; active acquirer of mechanical service firms."
"stateready","end-customer","commercial mechanical / electrical platform","Helios Service Partners","https://www.helioshvacr.com","Southfield, MI","National commercial HVAC/refrigeration self-perform network","Multi-state trade-contracting platform that acquires local licence holders in new states, so every add-on creates a new set of state licence, CE, bond and insurance obligations to track.","https://www.helioshvacr.com/","VP of compliance / head of integration","https://www.helioshvacr.com/","company-site","verified","2026-09-03","Commercial HVAC-R multi-site services platform built by acquisition across many states."
"stateready","end-customer","roofing / exterior platform","Vertex Service Partners","https://vertexservicepartners.com","Charlotte, NC","Partner brands in 22 states listed on its own site","Multi-state roofing/exterior roll-up whose local brands each need separate state (and often county) contractor registrations, bonds and insurance; expansion into a new state is exactly the playbook StateReady sells.","partnerships@vertexservicepartners.com","head of partnerships","https://vertexservicepartners.com/","company-site","verified","2026-09-03","Sponsor: Alpine Investors. States listed: CA AZ FL IL IN ME NY NC OH OR SC VA WA WI ID MI GA TN MA CT PA NJ."
"stateready","end-customer","roofing / exterior platform","Infinity Home Services","https://www.infinityhomeservices.com","Waukesha, WI","24 partner brands listed on its own Brands page","Multi-state roofing/exterior roll-up whose local brands each need separate state (and often county) contractor registrations, bonds and insurance; expansion into a new state is exactly the playbook StateReady sells.","https://www.infinityhomeservices.com/contact","compliance manager","https://www.infinityhomeservices.com/","company-site","verified","2026-09-03","Sponsors: LightBay Capital + Freeman Spogli."
"stateready","end-customer","roofing / exterior platform","Tecta America","https://www.tectaamerica.com","Rosemont, IL","Locations page lists offices in 37 states","Multi-state roofing/exterior roll-up whose local brands each need separate state (and often county) contractor registrations, bonds and insurance; expansion into a new state is exactly the playbook StateReady sells.","Info@Tectaamerica.com","compliance manager","https://www.tectaamerica.com/locations/","company-site","verified","2026-09-03","Largest US commercial roofing contractor; grows by acquisition (see its own /acquisitions/ page)."
"stateready","end-customer","roofing / exterior platform","Skyline Roofing Partners","https://skylineroofingpartners.com","","","Multi-state roofing/exterior roll-up whose local brands each need separate state (and often county) contractor registrations, bonds and insurance; expansion into a new state is exactly the playbook StateReady sells.","info@skylineroofingpartners.com","compliance manager","https://skylineroofingpartners.com/","company-site","verified","2026-09-03","Sponsor: Imperial Capital, per the Profitability Partners acquirer list."
"stateready","end-customer","roofing / exterior platform","Alloy Roofing","https://alloyroofing.com","","","Multi-state roofing/exterior roll-up whose local brands each need separate state (and often county) contractor registrations, bonds and insurance; expansion into a new state is exactly the playbook StateReady sells.","marketing@alloyroofing.com","compliance manager","https://alloyroofing.com/","company-site","verified","2026-09-03","Sponsor: Percheron Capital, per the Profitability Partners acquirer list."
"stateready","end-customer","roofing / exterior platform","Valor Exterior Partners","https://valorexteriorpartners.com","Ohio","","Multi-state roofing/exterior roll-up whose local brands each need separate state (and often county) contractor registrations, bonds and insurance; expansion into a new state is exactly the playbook StateReady sells.","https://valorexteriorpartners.com/","compliance manager","https://valorexteriorpartners.com/","company-site","verified","2026-09-03","Sponsor: Osceola Capital Management."
"stateready","end-customer","roofing / exterior platform","Legacy Restoration","https://www.legacyusa.com","Plymouth, MN","","Multi-state roofing/exterior roll-up whose local brands each need separate state (and often county) contractor registrations, bonds and insurance; expansion into a new state is exactly the playbook StateReady sells.","Info@LegacyUSA.com","compliance manager","https://www.legacyusa.com/","company-site","verified","2026-09-03","Sponsor: Bessemer Investors. Residential roofing/exterior restoration roll-up."
"stateready","end-customer","roofing / exterior platform","Omnia Exterior Solutions","","","","Multi-state roofing/exterior roll-up whose local brands each need separate state (and often county) contractor registrations, bonds and insurance; expansion into a new state is exactly the playbook StateReady sells.","","compliance manager","https://profitabilitypartners.io/home-services-private-equity-acquirers/","list-article","secondary","2026-09-03","PE-backed roofing/exterior platform; sponsor CCMP Growth Advisors. Website not independently confirmed from this environment, so left empty per no-fabrication rule."
"stateready","end-customer","roofing / exterior platform","Apple Roofing","","","","Multi-state roofing/exterior roll-up whose local brands each need separate state (and often county) contractor registrations, bonds and insurance; expansion into a new state is exactly the playbook StateReady sells.","","compliance manager","https://profitabilitypartners.io/home-services-private-equity-acquirers/","list-article","secondary","2026-09-03","PE-backed roofing/exterior platform; sponsor Gauge Capital. Website not independently confirmed from this environment, so left empty per no-fabrication rule."
"stateready","end-customer","roofing / exterior platform","Stronghouse Solutions","","","","Multi-state roofing/exterior roll-up whose local brands each need separate state (and often county) contractor registrations, bonds and insurance; expansion into a new state is exactly the playbook StateReady sells.","","compliance manager","https://profitabilitypartners.io/home-services-private-equity-acquirers/","list-article","secondary","2026-09-03","PE-backed roofing/exterior platform; sponsor O2 Investment Partners. Website not independently confirmed from this environment, so left empty per no-fabrication rule."
"stateready","end-customer","roofing / exterior platform","Allstar Services","","","","Multi-state roofing/exterior roll-up whose local brands each need separate state (and often county) contractor registrations, bonds and insurance; expansion into a new state is exactly the playbook StateReady sells.","","compliance manager","https://profitabilitypartners.io/home-services-private-equity-acquirers/","list-article","secondary","2026-09-03","PE-backed roofing/exterior platform; sponsor Morgan Stanley Capital Partners. Website not independently confirmed from this environment, so left empty per no-fabrication rule."
"stateready","end-customer","roofing / exterior platform","TrussPoint","","","","Multi-state roofing/exterior roll-up whose local brands each need separate state (and often county) contractor registrations, bonds and insurance; expansion into a new state is exactly the playbook StateReady sells.","","compliance manager","https://profitabilitypartners.io/home-services-private-equity-acquirers/","list-article","secondary","2026-09-03","PE-backed roofing/exterior platform; sponsor Soundcore Capital Partners. Website not independently confirmed from this environment, so left empty per no-fabrication rule."
"stateready","end-customer","roofing / exterior platform","Pinnacle Home Improvement Group","","","","Multi-state roofing/exterior roll-up whose local brands each need separate state (and often county) contractor registrations, bonds and insurance; expansion into a new state is exactly the playbook StateReady sells.","","compliance manager","https://profitabilitypartners.io/home-services-private-equity-acquirers/","list-article","secondary","2026-09-03","PE-backed roofing/exterior platform; sponsor Boyne Capital. Website not independently confirmed from this environment, so left empty per no-fabrication rule."
"stateready","end-customer","roofing / exterior platform","Northpoint Roofing Systems","","","","Multi-state roofing/exterior roll-up whose local brands each need separate state (and often county) contractor registrations, bonds and insurance; expansion into a new state is exactly the playbook StateReady sells.","","compliance manager","https://profitabilitypartners.io/home-services-private-equity-acquirers/","list-article","secondary","2026-09-03","PE-backed roofing/exterior platform; sponsor Halmos Capital + NewSpring. Website not independently confirmed from this environment, so left empty per no-fabrication rule."
"stateready","end-customer","roofing / exterior platform","Stonegrove Roofing Partners","","","","Multi-state roofing/exterior roll-up whose local brands each need separate state (and often county) contractor registrations, bonds and insurance; expansion into a new state is exactly the playbook StateReady sells.","","compliance manager","https://profitabilitypartners.io/home-services-private-equity-acquirers/","list-article","secondary","2026-09-03","PE-backed roofing/exterior platform; sponsor Strand Equity. Website not independently confirmed from this environment, so left empty per no-fabrication rule."
"stateready","end-customer","roofing / exterior platform","Skycrest Roof","","","","Multi-state roofing/exterior roll-up whose local brands each need separate state (and often county) contractor registrations, bonds and insurance; expansion into a new state is exactly the playbook StateReady sells.","","compliance manager","https://profitabilitypartners.io/home-services-private-equity-acquirers/","list-article","secondary","2026-09-03","PE-backed roofing/exterior platform; sponsor Shore Capital Partners. Website not independently confirmed from this environment, so left empty per no-fabrication rule."
"stateready","end-customer","roofing / exterior platform","Aligned Exteriors Group","","","","Multi-state roofing/exterior roll-up whose local brands each need separate state (and often county) contractor registrations, bonds and insurance; expansion into a new state is exactly the playbook StateReady sells.","","compliance manager","https://profitabilitypartners.io/home-services-private-equity-acquirers/","list-article","secondary","2026-09-03","PE-backed roofing/exterior platform; sponsor River Sea Network + Pearl Street Capital. Website not independently confirmed from this environment, so left empty per no-fabrication rule."
"stateready","end-customer","roofing / exterior platform","FirstRidge Service Partners","","","","Multi-state roofing/exterior roll-up whose local brands each need separate state (and often county) contractor registrations, bonds and insurance; expansion into a new state is exactly the playbook StateReady sells.","","compliance manager","https://profitabilitypartners.io/home-services-private-equity-acquirers/","list-article","secondary","2026-09-03","PE-backed roofing/exterior platform; sponsor Garnett Station Partners. Website not independently confirmed from this environment, so left empty per no-fabrication rule."
"stateready","end-customer","roofing / exterior platform","RAFTRx Roofing + Exteriors","","","","Multi-state roofing/exterior roll-up whose local brands each need separate state (and often county) contractor registrations, bonds and insurance; expansion into a new state is exactly the playbook StateReady sells.","","compliance manager","https://profitabilitypartners.io/home-services-private-equity-acquirers/","list-article","secondary","2026-09-03","PE-backed roofing/exterior platform; sponsor Saw Mill Capital. Website not independently confirmed from this environment, so left empty per no-fabrication rule."
"stateready","end-customer","roofing / exterior platform","Canopy Services","","","","Multi-state roofing/exterior roll-up whose local brands each need separate state (and often county) contractor registrations, bonds and insurance; expansion into a new state is exactly the playbook StateReady sells.","","compliance manager","https://profitabilitypartners.io/home-services-private-equity-acquirers/","list-article","secondary","2026-09-03","PE-backed roofing/exterior platform; sponsor Trivest Partners. Website not independently confirmed from this environment, so left empty per no-fabrication rule."
"stateready","end-customer","roofing / exterior platform","Roofing Services Solutions","","","","Multi-state roofing/exterior roll-up whose local brands each need separate state (and often county) contractor registrations, bonds and insurance; expansion into a new state is exactly the playbook StateReady sells.","","compliance manager","https://profitabilitypartners.io/home-services-private-equity-acquirers/","list-article","secondary","2026-09-03","PE-backed roofing/exterior platform; sponsor Dunes Point Capital. Website not independently confirmed from this environment, so left empty per no-fabrication rule."
"stateready","end-customer","restoration platform","BluSky Restoration Contractors","https://www.goblusky.com","Centennial, CO","States on own site: ""typically working in 40+ states at any given time and in 20+ states on large projects""","Restoration/disaster-response operator that mobilises crews across state lines after storms, so it must confirm licence, registration, bond and insurance status per state before it can bill work.","https://www.goblusky.com/","compliance manager","https://www.goblusky.com/","company-site","verified","2026-09-03","National commercial/residential restoration; crews cross state lines for CAT events."
"stateready","end-customer","restoration platform","ATI Restoration","https://atirestoration.com","Anaheim, CA","Locations page lists offices in 25 states","Restoration/disaster-response operator that mobilises crews across state lines after storms, so it must confirm licence, registration, bond and insurance status per state before it can bill work.","info@atirestoration.com","compliance manager","https://atirestoration.com/locations/","company-site","verified","2026-09-03","One of the largest US family-owned restoration contractors; multi-state licence footprint."
"stateready","end-customer","restoration platform","First Onsite Property Restoration","https://firstonsite.com","Toronto / US HQ","","Restoration/disaster-response operator that mobilises crews across state lines after storms, so it must confirm licence, registration, bond and insurance status per state before it can bill work.","https://firstonsite.com/contact-us/","compliance manager","https://firstonsite.com/","company-site","verified","2026-09-03","North American restoration platform operating across the US and Canada."
"stateready","end-customer","restoration platform","Paul Davis Restoration","https://pauldavis.com","Jacksonville, FL","","Restoration/disaster-response operator that mobilises crews across state lines after storms, so it must confirm licence, registration, bond and insurance status per state before it can bill work.","https://pauldavis.com/contact/","franchise operations director","https://pauldavis.com/","company-site","verified","2026-09-03","Franchisor with independently owned multi-territory operators; each franchisee needs its own state contractor/mould/asbestos credentials."
"stateready","end-customer","restoration platform","1-800 WATER DAMAGE","https://www.1800waterdamage.com","Waco, TX","","Restoration/disaster-response operator that mobilises crews across state lines after storms, so it must confirm licence, registration, bond and insurance status per state before it can bill work.","info@1800waterdamage.com","franchise operations director","https://www.1800waterdamage.com/","company-site","verified","2026-09-03","Restoration franchise brand within Neighborly; multi-territory franchisees cross state lines."
"stateready","end-customer","restoration platform","Servpro","https://www.servpro.com","Gallatin, TN","","Restoration/disaster-response operator that mobilises crews across state lines after storms, so it must confirm licence, registration, bond and insurance status per state before it can bill work.","https://www.servpro.com/about/contact","franchise operations director","https://www.servpro.com/","company-site","verified","2026-09-03","Largest US restoration franchise system (Blackstone-backed); franchisees frequently operate multi-state storm response."
"stateready","end-customer","fire protection / life safety platform","Pye-Barker Fire & Safety","https://pyebarkerfs.com","Alpharetta, GA","About page lists coverage across 47 states","Fire-protection/life-safety contractor operating in many states, each with its own contractor licence, sprinkler/alarm certification and CE renewal cycles per technician.","https://pyebarkerfs.com/contact/","compliance manager","https://pyebarkerfs.com/about-us/overview/","company-site","verified","2026-09-03","One of the most acquisitive US fire/life-safety roll-ups; NICET and state sprinkler/alarm licences per technician per state."
"stateready","end-customer","fire protection / life safety platform","Sciens Building Solutions","https://www.sciensusa.com","New York, NY","","Fire-protection/life-safety contractor operating in many states, each with its own contractor licence, sprinkler/alarm certification and CE renewal cycles per technician.","https://www.sciensusa.com/contact-us/","compliance manager","https://www.sciensusa.com/","company-site","verified","2026-09-03","Fire protection and security integrator built by acquisition across many states."
"stateready","end-customer","fire protection / life safety platform","Impact Fire Services","https://impactfireservices.com","Sugar Land, TX","50+ locations per its own locations page","Fire-protection/life-safety contractor operating in many states, each with its own contractor licence, sprinkler/alarm certification and CE renewal cycles per technician.","https://impactfireservices.com/contact-us/","compliance manager","https://impactfireservices.com/locations/","company-site","verified","2026-09-03","Multi-state fire protection services roll-up."
"stateready","end-customer","fire protection / life safety platform","Everon (formerly ADT Commercial)","https://www.everonsolutions.com","Boca Raton, FL","","Fire-protection/life-safety contractor operating in many states, each with its own contractor licence, sprinkler/alarm certification and CE renewal cycles per technician.","https://www.everonsolutions.com/contact-us","compliance manager","https://www.everonsolutions.com/","company-site","verified","2026-09-03","National commercial fire, security and life-safety integrator - low-voltage/alarm licensing is state-by-state."
"stateready","end-customer","fire protection / life safety platform","Guardian Fire Protection Services","https://www.guardianfire.com","Rockville, MD","","Fire-protection/life-safety contractor operating in many states, each with its own contractor licence, sprinkler/alarm certification and CE renewal cycles per technician.","https://www.guardianfire.com/contact/","compliance manager","https://www.guardianfire.com/","company-site","verified","2026-09-03","Mid-Atlantic fire protection contractor; sprinkler/alarm licences differ MD/VA/DC/PA."
"stateready","end-customer","specialty multi-state contractor","Performance Services","https://www.performanceservices.com","Indianapolis, IN","","Design-build energy and mechanical contractor operating across several states, each requiring separate contractor and engineering licensure.","https://www.performanceservices.com/contact/","compliance manager","https://www.performanceservices.com/","company-site","verified","2026-09-03","Named in the app brief as a commercial platform to check; operates in IN, OH, KY, TN, MO, KS, NE, VA and more per its own site."
"stateready","end-customer","specialty multi-state contractor","Freedom Forever","https://freedomforever.com","Temecula, CA","Own site states operations in over 30 states","Residential solar installer operating in 30+ states through a dealer network; solar/electrical licensing, bonds and CE differ in every state.","https://freedomforever.com/about/contact-us/","compliance manager","https://freedomforever.com/","company-site","verified","2026-09-03","Large national residential solar installer/dealer platform."
"stateready","end-customer","specialty multi-state contractor","Lee Company","https://www.leecompany.com","Franklin, TN","Own site states ""Across 15 locations""","Large facilities/HVAC/plumbing/electrical contractor expanding beyond Tennessee into AL and KY, so it carries multi-state licence and CE obligations.","https://www.leecompany.com/","compliance manager","https://www.leecompany.com/","company-site","verified","2026-09-03","Named in the app brief. Operates in TN, AL and KY per its own site."
"stateready","end-customer","specialty multi-state contractor","Bone Dry Roofing","https://bonedry.com","Indianapolis, IN","Own site states customers ""in nine states""","Multi-state roofing/exterior roll-up whose local brands each need separate state (and often county) contractor registrations, bonds and insurance; expansion into a new state is exactly the playbook StateReady sells.","https://bonedry.com/contact/","compliance manager","https://bonedry.com/locations/","company-site","verified","2026-09-03","Multi-state residential/commercial roofing group."
"stateready","end-customer","specialty multi-state contractor","Erie Home","https://eriehome.com","Toledo, OH","Own site states ""Over 100 convenient locations""","Multi-state roofing/exterior roll-up whose local brands each need separate state (and often county) contractor registrations, bonds and insurance; expansion into a new state is exactly the playbook StateReady sells.","https://eriehome.com/contact-us/","compliance manager","https://eriehome.com/locations/","company-site","verified","2026-09-03","National residential roofing and exterior remodeler with 100+ locations."
"stateready","end-customer","platform operating brand","4 Seasons Heating & Air","https://4hvac.com","Alpharetta, GA","","Local licence-holding operating company inside TurnPoint Services; its licence, CE, bond and insurance renewals are what a platform-wide StateReady rollout would track, and it is the day-to-day user.","","general manager / office manager","https://www.turnpointservices.com/turnpoint-brands/","company-site","secondary","2026-09-03","Parsed from TurnPoint Services's own brands/partners page; brand site not independently opened. Platform sponsor: OMERS Private Equity. Platform contact route: https://www.turnpointservices.com/join-our-family/."
"stateready","end-customer","platform operating brand","AccuTemp Services","https://www.accutempbr.com","Baton Rouge, LA","","Local licence-holding operating company inside TurnPoint Services; its licence, CE, bond and insurance renewals are what a platform-wide StateReady rollout would track, and it is the day-to-day user.","","general manager / office manager","https://www.turnpointservices.com/turnpoint-brands/","company-site","secondary","2026-09-03","Parsed from TurnPoint Services's own brands/partners page; brand site not independently opened. Platform sponsor: OMERS Private Equity. Platform contact route: https://www.turnpointservices.com/join-our-family/."
"stateready","end-customer","platform operating brand","Anderson Plumbing, Heating & Air","https://www.andersonplumbingheatingandair.com","El Cajon, CA","","Local licence-holding operating company inside TurnPoint Services; its licence, CE, bond and insurance renewals are what a platform-wide StateReady rollout would track, and it is the day-to-day user.","","general manager / office manager","https://www.turnpointservices.com/turnpoint-brands/","company-site","secondary","2026-09-03","Parsed from TurnPoint Services's own brands/partners page; brand site not independently opened. Platform sponsor: OMERS Private Equity. Platform contact route: https://www.turnpointservices.com/join-our-family/."
"stateready","end-customer","platform operating brand","Anthony Plumbing, Heating, Cooling & Electric","https://www.anthonyphc.com","Lenexa, KS","","Local licence-holding operating company inside TurnPoint Services; its licence, CE, bond and insurance renewals are what a platform-wide StateReady rollout would track, and it is the day-to-day user.","","general manager / office manager","https://www.turnpointservices.com/turnpoint-brands/","company-site","secondary","2026-09-03","Parsed from TurnPoint Services's own brands/partners page; brand site not independently opened. Platform sponsor: OMERS Private Equity. Platform contact route: https://www.turnpointservices.com/join-our-family/."
"stateready","end-customer","platform operating brand","Anytime Plumbing, LLC","https://anytimeplumbingvegas.com","Las Vegas, NV","","Local licence-holding operating company inside TurnPoint Services; its licence, CE, bond and insurance renewals are what a platform-wide StateReady rollout would track, and it is the day-to-day user.","","general manager / office manager","https://www.turnpointservices.com/turnpoint-brands/","company-site","secondary","2026-09-03","Parsed from TurnPoint Services's own brands/partners page; brand site not independently opened. Platform sponsor: OMERS Private Equity. Platform contact route: https://www.turnpointservices.com/join-our-family/."
"stateready","end-customer","platform operating brand","Apollo Home","https://apollohome.com","Cincinnati, OH","","Local licence-holding operating company inside TurnPoint Services; its licence, CE, bond and insurance renewals are what a platform-wide StateReady rollout would track, and it is the day-to-day user.","","general manager / office manager","https://www.turnpointservices.com/turnpoint-brands/","company-site","secondary","2026-09-03","Parsed from TurnPoint Services's own brands/partners page; brand site not independently opened. Platform sponsor: OMERS Private Equity. Platform contact route: https://www.turnpointservices.com/join-our-family/."
"stateready","end-customer","platform operating brand","Arctic Air Conditioning","http://www.arcticac.com","Old Bridge, NJ","","Local licence-holding operating company inside TurnPoint Services; its licence, CE, bond and insurance renewals are what a platform-wide StateReady rollout would track, and it is the day-to-day user.","","general manager / office manager","https://www.turnpointservices.com/turnpoint-brands/","company-site","secondary","2026-09-03","Parsed from TurnPoint Services's own brands/partners page; brand site not independently opened. Platform sponsor: OMERS Private Equity. Platform contact route: https://www.turnpointservices.com/join-our-family/."
"stateready","end-customer","platform operating brand","Aztec Plumbing & Drains","https://www.aztecplumbing.net","Fort Myers, FL","","Local licence-holding operating company inside TurnPoint Services; its licence, CE, bond and insurance renewals are what a platform-wide StateReady rollout would track, and it is the day-to-day user.","","general manager / office manager","https://www.turnpointservices.com/turnpoint-brands/","company-site","secondary","2026-09-03","Parsed from TurnPoint Services's own brands/partners page; brand site not independently opened. Platform sponsor: OMERS Private Equity. Platform contact route: https://www.turnpointservices.com/join-our-family/."
"stateready","end-customer","platform operating brand","Bell Brothers Heating and Air Conditioning","https://bellbrothers.com","Des Moines, IA","","Local licence-holding operating company inside TurnPoint Services; its licence, CE, bond and insurance renewals are what a platform-wide StateReady rollout would track, and it is the day-to-day user.","","general manager / office manager","https://www.turnpointservices.com/turnpoint-brands/","company-site","secondary","2026-09-03","Parsed from TurnPoint Services's own brands/partners page; brand site not independently opened. Platform sponsor: OMERS Private Equity. Platform contact route: https://www.turnpointservices.com/join-our-family/."
"stateready","end-customer","platform operating brand","BEST Air Conditioning Plumbing Repair","https://bestairconditioningplumbingrepair.com","Las Vegas, NV","","Local licence-holding operating company inside TurnPoint Services; its licence, CE, bond and insurance renewals are what a platform-wide StateReady rollout would track, and it is the day-to-day user.","","general manager / office manager","https://www.turnpointservices.com/turnpoint-brands/","company-site","secondary","2026-09-03","Parsed from TurnPoint Services's own brands/partners page; brand site not independently opened. Platform sponsor: OMERS Private Equity. Platform contact route: https://www.turnpointservices.com/join-our-family/."
"stateready","end-customer","platform operating brand","Black Hills","https://www.blackhillsinc.com","Olympia, WA","","Local licence-holding operating company inside TurnPoint Services; its licence, CE, bond and insurance renewals are what a platform-wide StateReady rollout would track, and it is the day-to-day user.","","general manager / office manager","https://www.turnpointservices.com/turnpoint-brands/","company-site","secondary","2026-09-03","Parsed from TurnPoint Services's own brands/partners page; brand site not independently opened. Platform sponsor: OMERS Private Equity. Platform contact route: https://www.turnpointservices.com/join-our-family/."
"stateready","end-customer","platform operating brand","Blake Brothers","https://blakebrothers.com","Huntsville, AL","","Local licence-holding operating company inside TurnPoint Services; its licence, CE, bond and insurance renewals are what a platform-wide StateReady rollout would track, and it is the day-to-day user.","","general manager / office manager","https://www.turnpointservices.com/turnpoint-brands/","company-site","secondary","2026-09-03","Parsed from TurnPoint Services's own brands/partners page; brand site not independently opened. Platform sponsor: OMERS Private Equity. Platform contact route: https://www.turnpointservices.com/join-our-family/."
"stateready","end-customer","platform operating brand","Campbell & Company","https://trustcampbell.com","Pasco, WA","","Local licence-holding operating company inside TurnPoint Services; its licence, CE, bond and insurance renewals are what a platform-wide StateReady rollout would track, and it is the day-to-day user.","","general manager / office manager","https://www.turnpointservices.com/turnpoint-brands/","company-site","secondary","2026-09-03","Parsed from TurnPoint Services's own brands/partners page; brand site not independently opened. Platform sponsor: OMERS Private Equity. Platform contact route: https://www.turnpointservices.com/join-our-family/."
"stateready","end-customer","platform operating brand","Cassell Brothers Heating & Cooling","https://cassellbros.com","Irmo, SC","","Local licence-holding operating company inside TurnPoint Services; its licence, CE, bond and insurance renewals are what a platform-wide StateReady rollout would track, and it is the day-to-day user.","","general manager / office manager","https://www.turnpointservices.com/turnpoint-brands/","company-site","secondary","2026-09-03","Parsed from TurnPoint Services's own brands/partners page; brand site not independently opened. Platform sponsor: OMERS Private Equity. Platform contact route: https://www.turnpointservices.com/join-our-family/."
"stateready","end-customer","platform operating brand","Chapman Heating, Air Conditioning & Plumbing","https://chapmanheating.com","Indianapolis, IN","","Local licence-holding operating company inside TurnPoint Services; its licence, CE, bond and insurance renewals are what a platform-wide StateReady rollout would track, and it is the day-to-day user.","","general manager / office manager","https://www.turnpointservices.com/turnpoint-brands/","company-site","secondary","2026-09-03","Parsed from TurnPoint Services's own brands/partners page; brand site not independently opened. Platform sponsor: OMERS Private Equity. Platform contact route: https://www.turnpointservices.com/join-our-family/."
"stateready","end-customer","platform operating brand","Charles Stone Mechanical","https://www.charlesstonemechanical.com","Cookeville, TN","","Local licence-holding operating company inside TurnPoint Services; its licence, CE, bond and insurance renewals are what a platform-wide StateReady rollout would track, and it is the day-to-day user.","","general manager / office manager","https://www.turnpointservices.com/turnpoint-brands/","company-site","secondary","2026-09-03","Parsed from TurnPoint Services's own brands/partners page; brand site not independently opened. Platform sponsor: OMERS Private Equity. Platform contact route: https://www.turnpointservices.com/join-our-family/."
"stateready","end-customer","platform operating brand","Comfort By Design, Inc.","https://comfortbydesign.com","Ellsworth, WI","","Local licence-holding operating company inside TurnPoint Services; its licence, CE, bond and insurance renewals are what a platform-wide StateReady rollout would track, and it is the day-to-day user.","","general manager / office manager","https://www.turnpointservices.com/turnpoint-brands/","company-site","secondary","2026-09-03","Parsed from TurnPoint Services's own brands/partners page; brand site not independently opened. Platform sponsor: OMERS Private Equity. Platform contact route: https://www.turnpointservices.com/join-our-family/."
"stateready","end-customer","platform operating brand","Cool Air Mechanical","https://www.770coolair.com","Marietta, GA","","Local licence-holding operating company inside TurnPoint Services; its licence, CE, bond and insurance renewals are what a platform-wide StateReady rollout would track, and it is the day-to-day user.","","general manager / office manager","https://www.turnpointservices.com/turnpoint-brands/","company-site","secondary","2026-09-03","Parsed from TurnPoint Services's own brands/partners page; brand site not independently opened. Platform sponsor: OMERS Private Equity. Platform contact route: https://www.turnpointservices.com/join-our-family/."
"stateready","end-customer","platform operating brand","Cooney Air Conditioning & Heating","https://www.cooneyair.com","Syracuse, NY","","Local licence-holding operating company inside TurnPoint Services; its licence, CE, bond and insurance renewals are what a platform-wide StateReady rollout would track, and it is the day-to-day user.","","general manager / office manager","https://www.turnpointservices.com/turnpoint-brands/","company-site","secondary","2026-09-03","Parsed from TurnPoint Services's own brands/partners page; brand site not independently opened. Platform sponsor: OMERS Private Equity. Platform contact route: https://www.turnpointservices.com/join-our-family/."
"stateready","end-customer","platform operating brand","Corley Plumbing, Air, Electric","https://corleypro.com","Greenville, SC","","Local licence-holding operating company inside TurnPoint Services; its licence, CE, bond and insurance renewals are what a platform-wide StateReady rollout would track, and it is the day-to-day user.","","general manager / office manager","https://www.turnpointservices.com/turnpoint-brands/","company-site","secondary","2026-09-03","Parsed from TurnPoint Services's own brands/partners page; brand site not independently opened. Platform sponsor: OMERS Private Equity. Platform contact route: https://www.turnpointservices.com/join-our-family/."
"stateready","end-customer","platform operating brand","Dauenhauer Plumbing | Heating & Air","https://dauenhauerplumbing.com","Louisville, KY","","Local licence-holding operating company inside TurnPoint Services; its licence, CE, bond and insurance renewals are what a platform-wide StateReady rollout would track, and it is the day-to-day user.","","general manager / office manager","https://www.turnpointservices.com/turnpoint-brands/","company-site","secondary","2026-09-03","Parsed from TurnPoint Services's own brands/partners page; brand site not independently opened. Platform sponsor: OMERS Private Equity. Platform contact route: https://www.turnpointservices.com/join-our-family/."
"stateready","end-customer","platform operating brand","Dunco Heating, Cooling & Plumbing","https://duncohc.com","Lawrence, KS","","Local licence-holding operating company inside TurnPoint Services; its licence, CE, bond and insurance renewals are what a platform-wide StateReady rollout would track, and it is the day-to-day user.","","general manager / office manager","https://www.turnpointservices.com/turnpoint-brands/","company-site","secondary","2026-09-03","Parsed from TurnPoint Services's own brands/partners page; brand site not independently opened. Platform sponsor: OMERS Private Equity. Platform contact route: https://www.turnpointservices.com/join-our-family/."
"stateready","end-customer","platform operating brand","Dutch Enterprises","https://www.dutchenterprises.com","Jackson, MO","","Local licence-holding operating company inside TurnPoint Services; its licence, CE, bond and insurance renewals are what a platform-wide StateReady rollout would track, and it is the day-to-day user.","","general manager / office manager","https://www.turnpointservices.com/turnpoint-brands/","company-site","secondary","2026-09-03","Parsed from TurnPoint Services's own brands/partners page; brand site not independently opened. Platform sponsor: OMERS Private Equity. Platform contact route: https://www.turnpointservices.com/join-our-family/."
"stateready","end-customer","platform operating brand","Eck Services","http://www.eckelectric.com","Wichita, KS","","Local licence-holding operating company inside TurnPoint Services; its licence, CE, bond and insurance renewals are what a platform-wide StateReady rollout would track, and it is the day-to-day user.","","general manager / office manager","https://www.turnpointservices.com/turnpoint-brands/","company-site","secondary","2026-09-03","Parsed from TurnPoint Services's own brands/partners page; brand site not independently opened. Platform sponsor: OMERS Private Equity. Platform contact route: https://www.turnpointservices.com/join-our-family/."
"stateready","end-customer","platform operating brand","Ellington AC & Electric","https://ellingtonac.com","Rockledge, FL","","Local licence-holding operating company inside TurnPoint Services; its licence, CE, bond and insurance renewals are what a platform-wide StateReady rollout would track, and it is the day-to-day user.","","general manager / office manager","https://www.turnpointservices.com/turnpoint-brands/","company-site","secondary","2026-09-03","Parsed from TurnPoint Services's own brands/partners page; brand site not independently opened. Platform sponsor: OMERS Private Equity. Platform contact route: https://www.turnpointservices.com/join-our-family/."
"stateready","end-customer","platform operating brand","Fayette Heating & Air","https://fayetteheating.com","Lexington, KY","","Local licence-holding operating company inside TurnPoint Services; its licence, CE, bond and insurance renewals are what a platform-wide StateReady rollout would track, and it is the day-to-day user.","","general manager / office manager","https://www.turnpointservices.com/turnpoint-brands/","company-site","secondary","2026-09-03","Parsed from TurnPoint Services's own brands/partners page; brand site not independently opened. Platform sponsor: OMERS Private Equity. Platform contact route: https://www.turnpointservices.com/join-our-family/."
"stateready","end-customer","platform operating brand","G&G Heating & Air Conditioning","https://gandgheatingolympia.com","Olympia, WA","","Local licence-holding operating company inside TurnPoint Services; its licence, CE, bond and insurance renewals are what a platform-wide StateReady rollout would track, and it is the day-to-day user.","","general manager / office manager","https://www.turnpointservices.com/turnpoint-brands/","company-site","secondary","2026-09-03","Parsed from TurnPoint Services's own brands/partners page; brand site not independently opened. Platform sponsor: OMERS Private Equity. Platform contact route: https://www.turnpointservices.com/join-our-family/."
"stateready","end-customer","platform operating brand","GAC Services","https://www.gacservices.com","Gaithersburg, MD","","Local licence-holding operating company inside TurnPoint Services; its licence, CE, bond and insurance renewals are what a platform-wide StateReady rollout would track, and it is the day-to-day user.","","general manager / office manager","https://www.turnpointservices.com/turnpoint-brands/","company-site","secondary","2026-09-03","Parsed from TurnPoint Services's own brands/partners page; brand site not independently opened. Platform sponsor: OMERS Private Equity. Platform contact route: https://www.turnpointservices.com/join-our-family/."
"stateready","end-customer","platform operating brand","Getzschman Heating & Air Conditioning","https://www.getzschman.com","Omaha, NE","","Local licence-holding operating company inside TurnPoint Services; its licence, CE, bond and insurance renewals are what a platform-wide StateReady rollout would track, and it is the day-to-day user.","","general manager / office manager","https://www.turnpointservices.com/turnpoint-brands/","company-site","secondary","2026-09-03","Parsed from TurnPoint Services's own brands/partners page; brand site not independently opened. Platform sponsor: OMERS Private Equity. Platform contact route: https://www.turnpointservices.com/join-our-family/."
"stateready","end-customer","platform operating brand","Gilmore Heating, Air, Plumbing","https://gilmoreair.com","Antelope, CA","","Local licence-holding operating company inside TurnPoint Services; its licence, CE, bond and insurance renewals are what a platform-wide StateReady rollout would track, and it is the day-to-day user.","","general manager / office manager","https://www.turnpointservices.com/turnpoint-brands/","company-site","secondary","2026-09-03","Parsed from TurnPoint Services's own brands/partners page; brand site not independently opened. Platform sponsor: OMERS Private Equity. Platform contact route: https://www.turnpointservices.com/join-our-family/."
"stateready","end-customer","platform operating brand","Green's Appliance, Cooling & Heating","https://www.greensahc.com","Des Moines, IA","","Local licence-holding operating company inside TurnPoint Services; its licence, CE, bond and insurance renewals are what a platform-wide StateReady rollout would track, and it is the day-to-day user.","","general manager / office manager","https://www.turnpointservices.com/turnpoint-brands/","company-site","secondary","2026-09-03","Parsed from TurnPoint Services's own brands/partners page; brand site not independently opened. Platform sponsor: OMERS Private Equity. Platform contact route: https://www.turnpointservices.com/join-our-family/."
"stateready","end-customer","platform operating brand","Greenwell Plumbing","https://www.greenwellservice.com","New Albany, IN","","Local licence-holding operating company inside TurnPoint Services; its licence, CE, bond and insurance renewals are what a platform-wide StateReady rollout would track, and it is the day-to-day user.","","general manager / office manager","https://www.turnpointservices.com/turnpoint-brands/","company-site","secondary","2026-09-03","Parsed from TurnPoint Services's own brands/partners page; brand site not independently opened. Platform sponsor: OMERS Private Equity. Platform contact route: https://www.turnpointservices.com/join-our-family/."
"stateready","end-customer","platform operating brand","Gulf Shore Cooling","https://gulfshorecooling.com","Fort Myers, FL","","Local licence-holding operating company inside TurnPoint Services; its licence, CE, bond and insurance renewals are what a platform-wide StateReady rollout would track, and it is the day-to-day user.","","general manager / office manager","https://www.turnpointservices.com/turnpoint-brands/","company-site","secondary","2026-09-03","Parsed from TurnPoint Services's own brands/partners page; brand site not independently opened. Platform sponsor: OMERS Private Equity. Platform contact route: https://www.turnpointservices.com/join-our-family/."
"stateready","end-customer","platform operating brand","Home Comfort Experts","https://homecomfortexpertsinc.com","Mishawaka, IN","","Local licence-holding operating company inside TurnPoint Services; its licence, CE, bond and insurance renewals are what a platform-wide StateReady rollout would track, and it is the day-to-day user.","","general manager / office manager","https://www.turnpointservices.com/turnpoint-brands/","company-site","secondary","2026-09-03","Parsed from TurnPoint Services's own brands/partners page; brand site not independently opened. Platform sponsor: OMERS Private Equity. Platform contact route: https://www.turnpointservices.com/join-our-family/."
"stateready","end-customer","platform operating brand","Home Power Systems","https://www.homepowersystems.net","Farmington, NY","","Local licence-holding operating company inside TurnPoint Services; its licence, CE, bond and insurance renewals are what a platform-wide StateReady rollout would track, and it is the day-to-day user.","","general manager / office manager","https://www.turnpointservices.com/turnpoint-brands/","company-site","secondary","2026-09-03","Parsed from TurnPoint Services's own brands/partners page; brand site not independently opened. Platform sponsor: OMERS Private Equity. Platform contact route: https://www.turnpointservices.com/join-our-family/."
"stateready","end-customer","platform operating brand","Hunter Super Techs","https://huntersupertechs.com","Ardmore, OK","","Local licence-holding operating company inside TurnPoint Services; its licence, CE, bond and insurance renewals are what a platform-wide StateReady rollout would track, and it is the day-to-day user.","","general manager / office manager","https://www.turnpointservices.com/turnpoint-brands/","company-site","secondary","2026-09-03","Parsed from TurnPoint Services's own brands/partners page; brand site not independently opened. Platform sponsor: OMERS Private Equity. Platform contact route: https://www.turnpointservices.com/join-our-family/."
"stateready","end-customer","platform operating brand","Jafco Plumbing And Sewer","https://jafcocompany.com","Seattle, WA","","Local licence-holding operating company inside TurnPoint Services; its licence, CE, bond and insurance renewals are what a platform-wide StateReady rollout would track, and it is the day-to-day user.","","general manager / office manager","https://www.turnpointservices.com/turnpoint-brands/","company-site","secondary","2026-09-03","Parsed from TurnPoint Services's own brands/partners page; brand site not independently opened. Platform sponsor: OMERS Private Equity. Platform contact route: https://www.turnpointservices.com/join-our-family/."
"stateready","end-customer","platform operating brand","John Betlem Heating & Cooling, Inc","https://www.johnbetlem.com","Rochester, NY","","Local licence-holding operating company inside TurnPoint Services; its licence, CE, bond and insurance renewals are what a platform-wide StateReady rollout would track, and it is the day-to-day user.","","general manager / office manager","https://www.turnpointservices.com/turnpoint-brands/","company-site","secondary","2026-09-03","Parsed from TurnPoint Services's own brands/partners page; brand site not independently opened. Platform sponsor: OMERS Private Equity. Platform contact route: https://www.turnpointservices.com/join-our-family/."
"stateready","end-customer","platform operating brand","LimRic Plumbing, Electrical, Heating & Air","https://limric.com","North Charleston, SC","","Local licence-holding operating company inside TurnPoint Services; its licence, CE, bond and insurance renewals are what a platform-wide StateReady rollout would track, and it is the day-to-day user.","","general manager / office manager","https://www.turnpointservices.com/turnpoint-brands/","company-site","secondary","2026-09-03","Parsed from TurnPoint Services's own brands/partners page; brand site not independently opened. Platform sponsor: OMERS Private Equity. Platform contact route: https://www.turnpointservices.com/join-our-family/."
"stateready","end-customer","platform operating brand","Maeser Master Services","https://www.maeser.com","Louisville, KY","","Local licence-holding operating company inside TurnPoint Services; its licence, CE, bond and insurance renewals are what a platform-wide StateReady rollout would track, and it is the day-to-day user.","","general manager / office manager","https://www.turnpointservices.com/turnpoint-brands/","company-site","secondary","2026-09-03","Parsed from TurnPoint Services's own brands/partners page; brand site not independently opened. Platform sponsor: OMERS Private Equity. Platform contact route: https://www.turnpointservices.com/join-our-family/."
"stateready","end-customer","platform operating brand","Meetze Plumbing","https://www.meetzeplumbing.com","Irmo, SC","","Local licence-holding operating company inside TurnPoint Services; its licence, CE, bond and insurance renewals are what a platform-wide StateReady rollout would track, and it is the day-to-day user.","","general manager / office manager","https://www.turnpointservices.com/turnpoint-brands/","company-site","secondary","2026-09-03","Parsed from TurnPoint Services's own brands/partners page; brand site not independently opened. Platform sponsor: OMERS Private Equity. Platform contact route: https://www.turnpointservices.com/join-our-family/."
"stateready","end-customer","platform operating brand","Mercurio's Heating & Air Conditioning","https://www.mercurios.com","Tacoma, WA","","Local licence-holding operating company inside TurnPoint Services; its licence, CE, bond and insurance renewals are what a platform-wide StateReady rollout would track, and it is the day-to-day user.","","general manager / office manager","https://www.turnpointservices.com/turnpoint-brands/","company-site","secondary","2026-09-03","Parsed from TurnPoint Services's own brands/partners page; brand site not independently opened. Platform sponsor: OMERS Private Equity. Platform contact route: https://www.turnpointservices.com/join-our-family/."
"stateready","end-customer","platform operating brand","Reliable","https://myreliablepower.com","Deerfield Beach, FL","","Local licence-holding operating company inside TurnPoint Services; its licence, CE, bond and insurance renewals are what a platform-wide StateReady rollout would track, and it is the day-to-day user.","","general manager / office manager","https://www.turnpointservices.com/turnpoint-brands/","company-site","secondary","2026-09-03","Parsed from TurnPoint Services's own brands/partners page; brand site not independently opened. Platform sponsor: OMERS Private Equity. Platform contact route: https://www.turnpointservices.com/join-our-family/."
"stateready","end-customer","platform operating brand","Roth Home","https://www.roth-heat.com","Aurora, OR","","Local licence-holding operating company inside TurnPoint Services; its licence, CE, bond and insurance renewals are what a platform-wide StateReady rollout would track, and it is the day-to-day user.","","general manager / office manager","https://www.turnpointservices.com/turnpoint-brands/","company-site","secondary","2026-09-03","Parsed from TurnPoint Services's own brands/partners page; brand site not independently opened. Platform sponsor: OMERS Private Equity. Platform contact route: https://www.turnpointservices.com/join-our-family/."
"stateready","end-customer","platform operating brand","Schaal Plumbing, Heating, and Cooling","https://www.callschaalyaall.com","Johnston, IA","","Local licence-holding operating company inside TurnPoint Services; its licence, CE, bond and insurance renewals are what a platform-wide StateReady rollout would track, and it is the day-to-day user.","","general manager / office manager","https://www.turnpointservices.com/turnpoint-brands/","company-site","secondary","2026-09-03","Parsed from TurnPoint Services's own brands/partners page; brand site not independently opened. Platform sponsor: OMERS Private Equity. Platform contact route: https://www.turnpointservices.com/join-our-family/."
"stateready","end-customer","platform operating brand","Scott Hale Plumbing, Heating & Air","https://www.scotthale.com","Salt Lake City, UT","","Local licence-holding operating company inside TurnPoint Services; its licence, CE, bond and insurance renewals are what a platform-wide StateReady rollout would track, and it is the day-to-day user.","","general manager / office manager","https://www.turnpointservices.com/turnpoint-brands/","company-site","secondary","2026-09-03","Parsed from TurnPoint Services's own brands/partners page; brand site not independently opened. Platform sponsor: OMERS Private Equity. Platform contact route: https://www.turnpointservices.com/join-our-family/."
"stateready","end-customer","platform operating brand","Stutzman Services","https://www.stutzmanservices.com","Albany, OR","","Local licence-holding operating company inside TurnPoint Services; its licence, CE, bond and insurance renewals are what a platform-wide StateReady rollout would track, and it is the day-to-day user.","","general manager / office manager","https://www.turnpointservices.com/turnpoint-brands/","company-site","secondary","2026-09-03","Parsed from TurnPoint Services's own brands/partners page; brand site not independently opened. Platform sponsor: OMERS Private Equity. Platform contact route: https://www.turnpointservices.com/join-our-family/."
"stateready","end-customer","platform operating brand","Sunny Service","https://www.sunnyservice.com","Hurst, TX","","Local licence-holding operating company inside TurnPoint Services; its licence, CE, bond and insurance renewals are what a platform-wide StateReady rollout would track, and it is the day-to-day user.","","general manager / office manager","https://www.turnpointservices.com/turnpoint-brands/","company-site","secondary","2026-09-03","Parsed from TurnPoint Services's own brands/partners page; brand site not independently opened. Platform sponsor: OMERS Private Equity. Platform contact route: https://www.turnpointservices.com/join-our-family/."
"stateready","end-customer","platform operating brand","Suntech Heat, Air and Plumbing","https://suntechokc.com","Edmond, OK","","Local licence-holding operating company inside TurnPoint Services; its licence, CE, bond and insurance renewals are what a platform-wide StateReady rollout would track, and it is the day-to-day user.","","general manager / office manager","https://www.turnpointservices.com/turnpoint-brands/","company-site","secondary","2026-09-03","Parsed from TurnPoint Services's own brands/partners page; brand site not independently opened. Platform sponsor: OMERS Private Equity. Platform contact route: https://www.turnpointservices.com/join-our-family/."
"stateready","end-customer","platform operating brand","T. Webber Plumbing, Heating, Air & Electric","https://twebber.com","Cold Spring, NY","","Local licence-holding operating company inside TurnPoint Services; its licence, CE, bond and insurance renewals are what a platform-wide StateReady rollout would track, and it is the day-to-day user.","","general manager / office manager","https://www.turnpointservices.com/turnpoint-brands/","company-site","secondary","2026-09-03","Parsed from TurnPoint Services's own brands/partners page; brand site not independently opened. Platform sponsor: OMERS Private Equity. Platform contact route: https://www.turnpointservices.com/join-our-family/."
"stateready","end-customer","platform operating brand","Tiger Plumbing, Heating, Air Conditioning & Electrical","https://www.trusttiger.com","Bloomington, IL","","Local licence-holding operating company inside TurnPoint Services; its licence, CE, bond and insurance renewals are what a platform-wide StateReady rollout would track, and it is the day-to-day user.","","general manager / office manager","https://www.turnpointservices.com/turnpoint-brands/","company-site","secondary","2026-09-03","Parsed from TurnPoint Services's own brands/partners page; brand site not independently opened. Platform sponsor: OMERS Private Equity. Platform contact route: https://www.turnpointservices.com/join-our-family/."
"stateready","end-customer","platform operating brand","Total Comfort","https://tcomfort.com","Golden Valley, MN","","Local licence-holding operating company inside TurnPoint Services; its licence, CE, bond and insurance renewals are what a platform-wide StateReady rollout would track, and it is the day-to-day user.","","general manager / office manager","https://www.turnpointservices.com/turnpoint-brands/","company-site","secondary","2026-09-03","Parsed from TurnPoint Services's own brands/partners page; brand site not independently opened. Platform sponsor: OMERS Private Equity. Platform contact route: https://www.turnpointservices.com/join-our-family/."
"stateready","end-customer","platform operating brand","Webb Heating & Air Conditioning","https://webbhvac.com","Advance, NC","","Local licence-holding operating company inside TurnPoint Services; its licence, CE, bond and insurance renewals are what a platform-wide StateReady rollout would track, and it is the day-to-day user.","","general manager / office manager","https://www.turnpointservices.com/turnpoint-brands/","company-site","secondary","2026-09-03","Parsed from TurnPoint Services's own brands/partners page; brand site not independently opened. Platform sponsor: OMERS Private Equity. Platform contact route: https://www.turnpointservices.com/join-our-family/."
"stateready","end-customer","platform operating brand","Wolfgangs Cooling, Heating & Plumbing","https://wolfgangscooling.com","Tempe, AZ","","Local licence-holding operating company inside TurnPoint Services; its licence, CE, bond and insurance renewals are what a platform-wide StateReady rollout would track, and it is the day-to-day user.","","general manager / office manager","https://www.turnpointservices.com/turnpoint-brands/","company-site","secondary","2026-09-03","Parsed from TurnPoint Services's own brands/partners page; brand site not independently opened. Platform sponsor: OMERS Private Equity. Platform contact route: https://www.turnpointservices.com/join-our-family/."
"stateready","end-customer","platform operating brand","A to Z Dependable Services","","Niles, OH","","Local licence-holding operating company inside Sila Services; its licence, CE, bond and insurance renewals are what a platform-wide StateReady rollout would track, and it is the day-to-day user.","","general manager / office manager","https://silaservices.com/brands/","company-site","secondary","2026-09-03","Parsed from Sila Services's own brands/partners page; brand site not independently opened. Platform sponsor: Goldman Sachs Alternatives. Platform contact route: https://silaservices.com/partners/."
"stateready","end-customer","platform operating brand","A-Comfort","","Pittsburgh, PA","","Local licence-holding operating company inside Sila Services; its licence, CE, bond and insurance renewals are what a platform-wide StateReady rollout would track, and it is the day-to-day user.","","general manager / office manager","https://silaservices.com/brands/","company-site","secondary","2026-09-03","Parsed from Sila Services's own brands/partners page; brand site not independently opened. Platform sponsor: Goldman Sachs Alternatives. Platform contact route: https://silaservices.com/partners/."
"stateready","end-customer","platform operating brand","AA Service Co.","","Northbrook, IL","","Local licence-holding operating company inside Sila Services; its licence, CE, bond and insurance renewals are what a platform-wide StateReady rollout would track, and it is the day-to-day user.","","general manager / office manager","https://silaservices.com/brands/","company-site","secondary","2026-09-03","Parsed from Sila Services's own brands/partners page; brand site not independently opened. Platform sponsor: Goldman Sachs Alternatives. Platform contact route: https://silaservices.com/partners/."
"stateready","end-customer","platform operating brand","Absolute Air Services","","Portland, CT | Essex, CT","","Local licence-holding operating company inside Sila Services; its licence, CE, bond and insurance renewals are what a platform-wide StateReady rollout would track, and it is the day-to-day user.","","general manager / office manager","https://silaservices.com/brands/","company-site","secondary","2026-09-03","Parsed from Sila Services's own brands/partners page; brand site not independently opened. Platform sponsor: Goldman Sachs Alternatives. Platform contact route: https://silaservices.com/partners/."
"stateready","end-customer","platform operating brand","Adam Home Services","","Havertown, PA","","Local licence-holding operating company inside Sila Services; its licence, CE, bond and insurance renewals are what a platform-wide StateReady rollout would track, and it is the day-to-day user.","","general manager / office manager","https://silaservices.com/brands/","company-site","secondary","2026-09-03","Parsed from Sila Services's own brands/partners page; brand site not independently opened. Platform sponsor: Goldman Sachs Alternatives. Platform contact route: https://silaservices.com/partners/."
"stateready","end-customer","platform operating brand","Ainsley Heating & Cooling","","Cortland, OH","","Local licence-holding operating company inside Sila Services; its licence, CE, bond and insurance renewals are what a platform-wide StateReady rollout would track, and it is the day-to-day user.","","general manager / office manager","https://silaservices.com/brands/","company-site","secondary","2026-09-03","Parsed from Sila Services's own brands/partners page; brand site not independently opened. Platform sponsor: Goldman Sachs Alternatives. Platform contact route: https://silaservices.com/partners/."
"stateready","end-customer","platform operating brand","Allied Experts","","Cherry Hill, NJ","","Local licence-holding operating company inside Sila Services; its licence, CE, bond and insurance renewals are what a platform-wide StateReady rollout would track, and it is the day-to-day user.","","general manager / office manager","https://silaservices.com/brands/","company-site","secondary","2026-09-03","Parsed from Sila Services's own brands/partners page; brand site not independently opened. Platform sponsor: Goldman Sachs Alternatives. Platform contact route: https://silaservices.com/partners/."
"stateready","end-customer","platform operating brand","Astacio Plumbing & HVAC","","Norwalk, CT","","Local licence-holding operating company inside Sila Services; its licence, CE, bond and insurance renewals are what a platform-wide StateReady rollout would track, and it is the day-to-day user.","","general manager / office manager","https://silaservices.com/brands/","company-site","secondary","2026-09-03","Parsed from Sila Services's own brands/partners page; brand site not independently opened. Platform sponsor: Goldman Sachs Alternatives. Platform contact route: https://silaservices.com/partners/."
"stateready","end-customer","platform operating brand","Astar Heating & Air","","Middletown, NY","","Local licence-holding operating company inside Sila Services; its licence, CE, bond and insurance renewals are what a platform-wide StateReady rollout would track, and it is the day-to-day user.","","general manager / office manager","https://silaservices.com/brands/","company-site","secondary","2026-09-03","Parsed from Sila Services's own brands/partners page; brand site not independently opened. Platform sponsor: Goldman Sachs Alternatives. Platform contact route: https://silaservices.com/partners/."
"stateready","end-customer","platform operating brand","Auchinachie Services","","Binghamton, NY","","Local licence-holding operating company inside Sila Services; its licence, CE, bond and insurance renewals are what a platform-wide StateReady rollout would track, and it is the day-to-day user.","","general manager / office manager","https://silaservices.com/brands/","company-site","secondary","2026-09-03","Parsed from Sila Services's own brands/partners page; brand site not independently opened. Platform sponsor: Goldman Sachs Alternatives. Platform contact route: https://silaservices.com/partners/."
"stateready","end-customer","platform operating brand","BEST Heating & Air Conditioning Service","","West Lafayette, OH","","Local licence-holding operating company inside Sila Services; its licence, CE, bond and insurance renewals are what a platform-wide StateReady rollout would track, and it is the day-to-day user.","","general manager / office manager","https://silaservices.com/brands/","company-site","secondary","2026-09-03","Parsed from Sila Services's own brands/partners page; brand site not independently opened. Platform sponsor: Goldman Sachs Alternatives. Platform contact route: https://silaservices.com/partners/."
"stateready","end-customer","platform operating brand","Bonsky Heating and Cooling","","Uniontown, OH","","Local licence-holding operating company inside Sila Services; its licence, CE, bond and insurance renewals are what a platform-wide StateReady rollout would track, and it is the day-to-day user.","","general manager / office manager","https://silaservices.com/brands/","company-site","secondary","2026-09-03","Parsed from Sila Services's own brands/partners page; brand site not independently opened. Platform sponsor: Goldman Sachs Alternatives. Platform contact route: https://silaservices.com/partners/."
"stateready","end-customer","platform operating brand","Boston Standard","","Mattapan, MA","","Local licence-holding operating company inside Sila Services; its licence, CE, bond and insurance renewals are what a platform-wide StateReady rollout would track, and it is the day-to-day user.","","general manager / office manager","https://silaservices.com/brands/","company-site","secondary","2026-09-03","Parsed from Sila Services's own brands/partners page; brand site not independently opened. Platform sponsor: Goldman Sachs Alternatives. Platform contact route: https://silaservices.com/partners/."
"stateready","end-customer","platform operating brand","Burns & McBride Home Comfort","","New Castle County, Delaware","","Local licence-holding operating company inside Sila Services; its licence, CE, bond and insurance renewals are what a platform-wide StateReady rollout would track, and it is the day-to-day user.","","general manager / office manager","https://silaservices.com/brands/","company-site","secondary","2026-09-03","Parsed from Sila Services's own brands/partners page; brand site not independently opened. Platform sponsor: Goldman Sachs Alternatives. Platform contact route: https://silaservices.com/partners/."
"stateready","end-customer","platform operating brand","Carter’s Plumbing","","Southeast Michigan","","Local licence-holding operating company inside Sila Services; its licence, CE, bond and insurance renewals are what a platform-wide StateReady rollout would track, and it is the day-to-day user.","","general manager / office manager","https://silaservices.com/brands/","company-site","secondary","2026-09-03","Parsed from Sila Services's own brands/partners page; brand site not independently opened. Platform sponsor: Goldman Sachs Alternatives. Platform contact route: https://silaservices.com/partners/."
"stateready","end-customer","platform operating brand","Central Cooling & Heating","","Woburn, MA","","Local licence-holding operating company inside Sila Services; its licence, CE, bond and insurance renewals are what a platform-wide StateReady rollout would track, and it is the day-to-day user.","","general manager / office manager","https://silaservices.com/brands/","company-site","secondary","2026-09-03","Parsed from Sila Services's own brands/partners page; brand site not independently opened. Platform sponsor: Goldman Sachs Alternatives. Platform contact route: https://silaservices.com/partners/."
"stateready","end-customer","platform operating brand","Coblentz Plumbing Solutions","","Uniontown, OH","","Local licence-holding operating company inside Sila Services; its licence, CE, bond and insurance renewals are what a platform-wide StateReady rollout would track, and it is the day-to-day user.","","general manager / office manager","https://silaservices.com/brands/","company-site","secondary","2026-09-03","Parsed from Sila Services's own brands/partners page; brand site not independently opened. Platform sponsor: Goldman Sachs Alternatives. Platform contact route: https://silaservices.com/partners/."
"stateready","end-customer","platform operating brand","Dave’s World","","7 Locations in Maine","","Local licence-holding operating company inside Sila Services; its licence, CE, bond and insurance renewals are what a platform-wide StateReady rollout would track, and it is the day-to-day user.","","general manager / office manager","https://silaservices.com/brands/","company-site","secondary","2026-09-03","Parsed from Sila Services's own brands/partners page; brand site not independently opened. Platform sponsor: Goldman Sachs Alternatives. Platform contact route: https://silaservices.com/partners/."
"stateready","end-customer","platform operating brand","Davis Heating and Cooling","","Rocky Mount, VA","","Local licence-holding operating company inside Sila Services; its licence, CE, bond and insurance renewals are what a platform-wide StateReady rollout would track, and it is the day-to-day user.","","general manager / office manager","https://silaservices.com/brands/","company-site","secondary","2026-09-03","Parsed from Sila Services's own brands/partners page; brand site not independently opened. Platform sponsor: Goldman Sachs Alternatives. Platform contact route: https://silaservices.com/partners/."
"stateready","end-customer","platform operating brand","Delco","","Delaware County, PA","","Local licence-holding operating company inside Sila Services; its licence, CE, bond and insurance renewals are what a platform-wide StateReady rollout would track, and it is the day-to-day user.","","general manager / office manager","https://silaservices.com/brands/","company-site","secondary","2026-09-03","Parsed from Sila Services's own brands/partners page; brand site not independently opened. Platform sponsor: Goldman Sachs Alternatives. Platform contact route: https://silaservices.com/partners/."
"stateready","end-customer","platform operating brand","ECS Comfort Heating & Cooling","","Palmyra, PA","","Local licence-holding operating company inside Sila Services; its licence, CE, bond and insurance renewals are what a platform-wide StateReady rollout would track, and it is the day-to-day user.","","general manager / office manager","https://silaservices.com/brands/","company-site","secondary","2026-09-03","Parsed from Sila Services's own brands/partners page; brand site not independently opened. Platform sponsor: Goldman Sachs Alternatives. Platform contact route: https://silaservices.com/partners/."
"stateready","end-customer","platform operating brand","Essential Power Systems","","Lagrangeville, NY","","Local licence-holding operating company inside Sila Services; its licence, CE, bond and insurance renewals are what a platform-wide StateReady rollout would track, and it is the day-to-day user.","","general manager / office manager","https://silaservices.com/brands/","company-site","secondary","2026-09-03","Parsed from Sila Services's own brands/partners page; brand site not independently opened. Platform sponsor: Goldman Sachs Alternatives. Platform contact route: https://silaservices.com/partners/."
"stateready","end-customer","platform operating brand","Gary & Sons, Inc.","","Falls Creek, Pennsylvania","","Local licence-holding operating company inside Sila Services; its licence, CE, bond and insurance renewals are what a platform-wide StateReady rollout would track, and it is the day-to-day user.","","general manager / office manager","https://silaservices.com/brands/","company-site","secondary","2026-09-03","Parsed from Sila Services's own brands/partners page; brand site not independently opened. Platform sponsor: Goldman Sachs Alternatives. Platform contact route: https://silaservices.com/partners/."
"stateready","end-customer","platform operating brand","Glasco","","South Windsor, CT","","Local licence-holding operating company inside Sila Services; its licence, CE, bond and insurance renewals are what a platform-wide StateReady rollout would track, and it is the day-to-day user.","","general manager / office manager","https://silaservices.com/brands/","company-site","secondary","2026-09-03","Parsed from Sila Services's own brands/partners page; brand site not independently opened. Platform sponsor: Goldman Sachs Alternatives. Platform contact route: https://silaservices.com/partners/."
"stateready","end-customer","platform operating brand","Green Mountain Plumbing & Heating","","Woodstock, VT","","Local licence-holding operating company inside Sila Services; its licence, CE, bond and insurance renewals are what a platform-wide StateReady rollout would track, and it is the day-to-day user.","","general manager / office manager","https://silaservices.com/brands/","company-site","secondary","2026-09-03","Parsed from Sila Services's own brands/partners page; brand site not independently opened. Platform sponsor: Goldman Sachs Alternatives. Platform contact route: https://silaservices.com/partners/."
"stateready","end-customer","platform operating brand","Guy Smith Heating, Cooling & Plumbing","","Virginia Beach, VA","","Local licence-holding operating company inside Sila Services; its licence, CE, bond and insurance renewals are what a platform-wide StateReady rollout would track, and it is the day-to-day user.","","general manager / office manager","https://silaservices.com/brands/","company-site","secondary","2026-09-03","Parsed from Sila Services's own brands/partners page; brand site not independently opened. Platform sponsor: Goldman Sachs Alternatives. Platform contact route: https://silaservices.com/partners/."
"stateready","end-customer","platform operating brand","Jackson Comfort Services","","Northfield, OH","","Local licence-holding operating company inside Sila Services; its licence, CE, bond and insurance renewals are what a platform-wide StateReady rollout would track, and it is the day-to-day user.","","general manager / office manager","https://silaservices.com/brands/","company-site","secondary","2026-09-03","Parsed from Sila Services's own brands/partners page; brand site not independently opened. Platform sponsor: Goldman Sachs Alternatives. Platform contact route: https://silaservices.com/partners/."
"stateready","end-customer","platform operating brand","John Nugent & Sons","","Northern Virginia, VA","","Local licence-holding operating company inside Sila Services; its licence, CE, bond and insurance renewals are what a platform-wide StateReady rollout would track, and it is the day-to-day user.","","general manager / office manager","https://silaservices.com/brands/","company-site","secondary","2026-09-03","Parsed from Sila Services's own brands/partners page; brand site not independently opened. Platform sponsor: Goldman Sachs Alternatives. Platform contact route: https://silaservices.com/partners/."
"stateready","end-customer","platform operating brand","Jones Services","","Goshen, NY","","Local licence-holding operating company inside Sila Services; its licence, CE, bond and insurance renewals are what a platform-wide StateReady rollout would track, and it is the day-to-day user.","","general manager / office manager","https://silaservices.com/brands/","company-site","secondary","2026-09-03","Parsed from Sila Services's own brands/partners page; brand site not independently opened. Platform sponsor: Goldman Sachs Alternatives. Platform contact route: https://silaservices.com/partners/."
"stateready","end-customer","platform operating brand","JSP Home Services","","Kingston, NY","","Local licence-holding operating company inside Sila Services; its licence, CE, bond and insurance renewals are what a platform-wide StateReady rollout would track, and it is the day-to-day user.","","general manager / office manager","https://silaservices.com/brands/","company-site","secondary","2026-09-03","Parsed from Sila Services's own brands/partners page; brand site not independently opened. Platform sponsor: Goldman Sachs Alternatives. Platform contact route: https://silaservices.com/partners/."
"stateready","end-customer","platform operating brand","Levine & Sons","","Southfield, MI","","Local licence-holding operating company inside Sila Services; its licence, CE, bond and insurance renewals are what a platform-wide StateReady rollout would track, and it is the day-to-day user.","","general manager / office manager","https://silaservices.com/brands/","company-site","secondary","2026-09-03","Parsed from Sila Services's own brands/partners page; brand site not independently opened. Platform sponsor: Goldman Sachs Alternatives. Platform contact route: https://silaservices.com/partners/."
"stateready","end-customer","platform operating brand","Live Free Heating, Cooling & Electric","","Concord, NH","","Local licence-holding operating company inside Sila Services; its licence, CE, bond and insurance renewals are what a platform-wide StateReady rollout would track, and it is the day-to-day user.","","general manager / office manager","https://silaservices.com/brands/","company-site","secondary","2026-09-03","Parsed from Sila Services's own brands/partners page; brand site not independently opened. Platform sponsor: Goldman Sachs Alternatives. Platform contact route: https://silaservices.com/partners/."
"stateready","end-customer","platform operating brand","My Plumber Plus","","Manassas, VA","","Local licence-holding operating company inside Sila Services; its licence, CE, bond and insurance renewals are what a platform-wide StateReady rollout would track, and it is the day-to-day user.","","general manager / office manager","https://silaservices.com/brands/","company-site","secondary","2026-09-03","Parsed from Sila Services's own brands/partners page; brand site not independently opened. Platform sponsor: Goldman Sachs Alternatives. Platform contact route: https://silaservices.com/partners/."
"stateready","end-customer","platform operating brand","N.E.T.R.","","North Andover, MA","","Local licence-holding operating company inside Sila Services; its licence, CE, bond and insurance renewals are what a platform-wide StateReady rollout would track, and it is the day-to-day user.","","general manager / office manager","https://silaservices.com/brands/","company-site","secondary","2026-09-03","Parsed from Sila Services's own brands/partners page; brand site not independently opened. Platform sponsor: Goldman Sachs Alternatives. Platform contact route: https://silaservices.com/partners/."
"stateready","end-customer","platform operating brand","Nashoba Air & BoilerWorks","","Littleton, MA","","Local licence-holding operating company inside Sila Services; its licence, CE, bond and insurance renewals are what a platform-wide StateReady rollout would track, and it is the day-to-day user.","","general manager / office manager","https://silaservices.com/brands/","company-site","secondary","2026-09-03","Parsed from Sila Services's own brands/partners page; brand site not independently opened. Platform sponsor: Goldman Sachs Alternatives. Platform contact route: https://silaservices.com/partners/."
"stateready","end-customer","platform operating brand","New Berlin Heating & Air Conditioning","","New Berlin, WI","","Local licence-holding operating company inside Sila Services; its licence, CE, bond and insurance renewals are what a platform-wide StateReady rollout would track, and it is the day-to-day user.","","general manager / office manager","https://silaservices.com/brands/","company-site","secondary","2026-09-03","Parsed from Sila Services's own brands/partners page; brand site not independently opened. Platform sponsor: Goldman Sachs Alternatives. Platform contact route: https://silaservices.com/partners/."
"stateready","end-customer","platform operating brand","New England Ductless","","Mattapan, MA","","Local licence-holding operating company inside Sila Services; its licence, CE, bond and insurance renewals are what a platform-wide StateReady rollout would track, and it is the day-to-day user.","","general manager / office manager","https://silaservices.com/brands/","company-site","secondary","2026-09-03","Parsed from Sila Services's own brands/partners page; brand site not independently opened. Platform sponsor: Goldman Sachs Alternatives. Platform contact route: https://silaservices.com/partners/."
"stateready","end-customer","platform operating brand","Norfolk Air Heating, Cooling, Plumbing and Electrical","","Norfolk, VA","","Local licence-holding operating company inside Sila Services; its licence, CE, bond and insurance renewals are what a platform-wide StateReady rollout would track, and it is the day-to-day user.","","general manager / office manager","https://silaservices.com/brands/","company-site","secondary","2026-09-03","Parsed from Sila Services's own brands/partners page; brand site not independently opened. Platform sponsor: Goldman Sachs Alternatives. Platform contact route: https://silaservices.com/partners/."
"stateready","end-customer","platform operating brand","Oxford","","Oxford, PA","","Local licence-holding operating company inside Sila Services; its licence, CE, bond and insurance renewals are what a platform-wide StateReady rollout would track, and it is the day-to-day user.","","general manager / office manager","https://silaservices.com/brands/","company-site","secondary","2026-09-03","Parsed from Sila Services's own brands/partners page; brand site not independently opened. Platform sponsor: Goldman Sachs Alternatives. Platform contact route: https://silaservices.com/partners/."
"stateready","end-customer","platform operating brand","Sila MA","","Boston, MA","","Local licence-holding operating company inside Sila Services; its licence, CE, bond and insurance renewals are what a platform-wide StateReady rollout would track, and it is the day-to-day user.","","general manager / office manager","https://silaservices.com/brands/","company-site","secondary","2026-09-03","Parsed from Sila Services's own brands/partners page; brand site not independently opened. Platform sponsor: Goldman Sachs Alternatives. Platform contact route: https://silaservices.com/partners/."
"stateready","end-customer","platform operating brand","Sila MD","","Beltsville, MD","","Local licence-holding operating company inside Sila Services; its licence, CE, bond and insurance renewals are what a platform-wide StateReady rollout would track, and it is the day-to-day user.","","general manager / office manager","https://silaservices.com/brands/","company-site","secondary","2026-09-03","Parsed from Sila Services's own brands/partners page; brand site not independently opened. Platform sponsor: Goldman Sachs Alternatives. Platform contact route: https://silaservices.com/partners/."
"stateready","end-customer","platform operating brand","Sila NY","","White Plains, NY","","Local licence-holding operating company inside Sila Services; its licence, CE, bond and insurance renewals are what a platform-wide StateReady rollout would track, and it is the day-to-day user.","","general manager / office manager","https://silaservices.com/brands/","company-site","secondary","2026-09-03","Parsed from Sila Services's own brands/partners page; brand site not independently opened. Platform sponsor: Goldman Sachs Alternatives. Platform contact route: https://silaservices.com/partners/."
"stateready","end-customer","platform operating brand","Sila PA","","Philadelphia, PA","","Local licence-holding operating company inside Sila Services; its licence, CE, bond and insurance renewals are what a platform-wide StateReady rollout would track, and it is the day-to-day user.","","general manager / office manager","https://silaservices.com/brands/","company-site","secondary","2026-09-03","Parsed from Sila Services's own brands/partners page; brand site not independently opened. Platform sponsor: Goldman Sachs Alternatives. Platform contact route: https://silaservices.com/partners/."
"stateready","end-customer","platform operating brand","Simpson Salute Heating and Air","","New Philadelphia, OH","","Local licence-holding operating company inside Sila Services; its licence, CE, bond and insurance renewals are what a platform-wide StateReady rollout would track, and it is the day-to-day user.","","general manager / office manager","https://silaservices.com/brands/","company-site","secondary","2026-09-03","Parsed from Sila Services's own brands/partners page; brand site not independently opened. Platform sponsor: Goldman Sachs Alternatives. Platform contact route: https://silaservices.com/partners/."
"stateready","end-customer","platform operating brand","Sullivans","","Pittsburgh, PA","","Local licence-holding operating company inside Sila Services; its licence, CE, bond and insurance renewals are what a platform-wide StateReady rollout would track, and it is the day-to-day user.","","general manager / office manager","https://silaservices.com/brands/","company-site","secondary","2026-09-03","Parsed from Sila Services's own brands/partners page; brand site not independently opened. Platform sponsor: Goldman Sachs Alternatives. Platform contact route: https://silaservices.com/partners/."
"stateready","end-customer","platform operating brand","T-Mark","","Buffalo, NY","","Local licence-holding operating company inside Sila Services; its licence, CE, bond and insurance renewals are what a platform-wide StateReady rollout would track, and it is the day-to-day user.","","general manager / office manager","https://silaservices.com/brands/","company-site","secondary","2026-09-03","Parsed from Sila Services's own brands/partners page; brand site not independently opened. Platform sponsor: Goldman Sachs Alternatives. Platform contact route: https://silaservices.com/partners/."
"stateready","end-customer","platform operating brand","Total Climate Control","","Boscawen, NH","","Local licence-holding operating company inside Sila Services; its licence, CE, bond and insurance renewals are what a platform-wide StateReady rollout would track, and it is the day-to-day user.","","general manager / office manager","https://silaservices.com/brands/","company-site","secondary","2026-09-03","Parsed from Sila Services's own brands/partners page; brand site not independently opened. Platform sponsor: Goldman Sachs Alternatives. Platform contact route: https://silaservices.com/partners/."
"stateready","end-customer","platform operating brand","Triangle Heating, Cooling, Plumbing & Electrical","","Bellefonte, PA","","Local licence-holding operating company inside Sila Services; its licence, CE, bond and insurance renewals are what a platform-wide StateReady rollout would track, and it is the day-to-day user.","","general manager / office manager","https://silaservices.com/brands/","company-site","secondary","2026-09-03","Parsed from Sila Services's own brands/partners page; brand site not independently opened. Platform sponsor: Goldman Sachs Alternatives. Platform contact route: https://silaservices.com/partners/."
"stateready","end-customer","platform operating brand","TriState Home Services","","Frederick, MD","","Local licence-holding operating company inside Sila Services; its licence, CE, bond and insurance renewals are what a platform-wide StateReady rollout would track, and it is the day-to-day user.","","general manager / office manager","https://silaservices.com/brands/","company-site","secondary","2026-09-03","Parsed from Sila Services's own brands/partners page; brand site not independently opened. Platform sponsor: Goldman Sachs Alternatives. Platform contact route: https://silaservices.com/partners/."
"stateready","end-customer","platform operating brand","Ultra Clean","","Uniontown, OH","","Local licence-holding operating company inside Sila Services; its licence, CE, bond and insurance renewals are what a platform-wide StateReady rollout would track, and it is the day-to-day user.","","general manager / office manager","https://silaservices.com/brands/","company-site","secondary","2026-09-03","Parsed from Sila Services's own brands/partners page; brand site not independently opened. Platform sponsor: Goldman Sachs Alternatives. Platform contact route: https://silaservices.com/partners/."
"stateready","end-customer","platform operating brand","Rite Way Heating, Cooling & Plumbing","https://ritewayac.com","Tucson, AZ","","Local licence-holding operating company inside Redwood Services; its licence, CE, bond and insurance renewals are what a platform-wide StateReady rollout would track, and it is the day-to-day user.","","general manager / office manager","https://redwoodservices.com/partners/","company-site","secondary","2026-09-03","Parsed from Redwood Services's own brands/partners page; brand site not independently opened. Platform sponsor: Altas Partners. Platform contact route: https://redwoodservices.com/."
"stateready","end-customer","platform operating brand","John C. Flood","https://johncflood.com","Alexandria, VA","","Local licence-holding operating company inside Redwood Services; its licence, CE, bond and insurance renewals are what a platform-wide StateReady rollout would track, and it is the day-to-day user.","","general manager / office manager","https://redwoodservices.com/partners/","company-site","secondary","2026-09-03","Parsed from Redwood Services's own brands/partners page; brand site not independently opened. Platform sponsor: Altas Partners. Platform contact route: https://redwoodservices.com/."
"stateready","end-customer","platform operating brand","Allbritten Plumbing, Heating and Air Conditioning Services","https://allbritten.com","Fresno, CA","","Local licence-holding operating company inside Redwood Services; its licence, CE, bond and insurance renewals are what a platform-wide StateReady rollout would track, and it is the day-to-day user.","","general manager / office manager","https://redwoodservices.com/partners/","company-site","secondary","2026-09-03","Parsed from Redwood Services's own brands/partners page; brand site not independently opened. Platform sponsor: Altas Partners. Platform contact route: https://redwoodservices.com/."
"stateready","end-customer","platform operating brand","Arlinghaus Plumbing, Heating and Air Conditioning","https://arlinghausair.com","Greater Cincinnati Area","","Local licence-holding operating company inside Redwood Services; its licence, CE, bond and insurance renewals are what a platform-wide StateReady rollout would track, and it is the day-to-day user.","","general manager / office manager","https://redwoodservices.com/partners/","company-site","secondary","2026-09-03","Parsed from Redwood Services's own brands/partners page; brand site not independently opened. Platform sponsor: Altas Partners. Platform contact route: https://redwoodservices.com/."
"stateready","end-customer","platform operating brand","Environment Masters","https://environmentmasters.com","Metro Jackson, MS","","Local licence-holding operating company inside Redwood Services; its licence, CE, bond and insurance renewals are what a platform-wide StateReady rollout would track, and it is the day-to-day user.","","general manager / office manager","https://redwoodservices.com/partners/","company-site","secondary","2026-09-03","Parsed from Redwood Services's own brands/partners page; brand site not independently opened. Platform sponsor: Altas Partners. Platform contact route: https://redwoodservices.com/."
"stateready","end-customer","platform operating brand","Apollo Heating, Cooling & Plumbing","https://gotoapollo.com","Kent, OH","","Local licence-holding operating company inside Redwood Services; its licence, CE, bond and insurance renewals are what a platform-wide StateReady rollout would track, and it is the day-to-day user.","","general manager / office manager","https://redwoodservices.com/partners/","company-site","secondary","2026-09-03","Parsed from Redwood Services's own brands/partners page; brand site not independently opened. Platform sponsor: Altas Partners. Platform contact route: https://redwoodservices.com/."
"stateready","end-customer","platform operating brand","Best Care Home Services","https://bestcarehomeservices.com","Memphis, TN","","Local licence-holding operating company inside Redwood Services; its licence, CE, bond and insurance renewals are what a platform-wide StateReady rollout would track, and it is the day-to-day user.","","general manager / office manager","https://redwoodservices.com/partners/","company-site","secondary","2026-09-03","Parsed from Redwood Services's own brands/partners page; brand site not independently opened. Platform sponsor: Altas Partners. Platform contact route: https://redwoodservices.com/."
"stateready","end-customer","platform operating brand","Keefe’s A/C, Heating, Electrical, Generator & Plumbing","https://keefes.com","New Orleans, LA","","Local licence-holding operating company inside Redwood Services; its licence, CE, bond and insurance renewals are what a platform-wide StateReady rollout would track, and it is the day-to-day user.","","general manager / office manager","https://redwoodservices.com/partners/","company-site","secondary","2026-09-03","Parsed from Redwood Services's own brands/partners page; brand site not independently opened. Platform sponsor: Altas Partners. Platform contact route: https://redwoodservices.com/."
"stateready","end-customer","platform operating brand","Signature Heating, Cooling & Plumbing","https://signaturecomfort.com","Albuquerque, NM","","Local licence-holding operating company inside Redwood Services; its licence, CE, bond and insurance renewals are what a platform-wide StateReady rollout would track, and it is the day-to-day user.","","general manager / office manager","https://redwoodservices.com/partners/","company-site","secondary","2026-09-03","Parsed from Redwood Services's own brands/partners page; brand site not independently opened. Platform sponsor: Altas Partners. Platform contact route: https://redwoodservices.com/."
"stateready","end-customer","platform operating brand","B&J Plumbing, Heating, and Air Conditioning","https://bjplumbing.com","","","Local licence-holding operating company inside Redwood Services; its licence, CE, bond and insurance renewals are what a platform-wide StateReady rollout would track, and it is the day-to-day user.","","general manager / office manager","https://redwoodservices.com/partners/","company-site","secondary","2026-09-03","Parsed from Redwood Services's own brands/partners page; brand site not independently opened. Platform sponsor: Altas Partners. Platform contact route: https://redwoodservices.com/."
"stateready","end-customer","platform operating brand","Crisafulli Bros.","https://crisbro.com","Albany, NY","","Local licence-holding operating company inside Redwood Services; its licence, CE, bond and insurance renewals are what a platform-wide StateReady rollout would track, and it is the day-to-day user.","","general manager / office manager","https://redwoodservices.com/partners/","company-site","secondary","2026-09-03","Parsed from Redwood Services's own brands/partners page; brand site not independently opened. Platform sponsor: Altas Partners. Platform contact route: https://redwoodservices.com/."
"stateready","end-customer","platform operating brand","Parks Heating Cooling Plumbing & Electrical","https://parkshvac.com","","","Local licence-holding operating company inside Redwood Services; its licence, CE, bond and insurance renewals are what a platform-wide StateReady rollout would track, and it is the day-to-day user.","","general manager / office manager","https://redwoodservices.com/partners/","company-site","secondary","2026-09-03","Parsed from Redwood Services's own brands/partners page; brand site not independently opened. Platform sponsor: Altas Partners. Platform contact route: https://redwoodservices.com/. Headquarters truncated in the source page markup, so location left empty."
"stateready","end-customer","platform operating brand","DEAN’S HOME SERVICES","https://calldeans.com","Minneapolis, MN","","Local licence-holding operating company inside Redwood Services; its licence, CE, bond and insurance renewals are what a platform-wide StateReady rollout would track, and it is the day-to-day user.","","general manager / office manager","https://redwoodservices.com/partners/","company-site","secondary","2026-09-03","Parsed from Redwood Services's own brands/partners page; brand site not independently opened. Platform sponsor: Altas Partners. Platform contact route: https://redwoodservices.com/."
"stateready","end-customer","platform operating brand","Tony’s Plumbing, Heating & Air","https://tonysplumbing.com","Modesto, CA","","Local licence-holding operating company inside Redwood Services; its licence, CE, bond and insurance renewals are what a platform-wide StateReady rollout would track, and it is the day-to-day user.","","general manager / office manager","https://redwoodservices.com/partners/","company-site","secondary","2026-09-03","Parsed from Redwood Services's own brands/partners page; brand site not independently opened. Platform sponsor: Altas Partners. Platform contact route: https://redwoodservices.com/."
"stateready","end-customer","platform operating brand","Hope Plumbing, Heating and Cooling","https://hopeplumbing.com","Indianapolis, IN","","Local licence-holding operating company inside Redwood Services; its licence, CE, bond and insurance renewals are what a platform-wide StateReady rollout would track, and it is the day-to-day user.","","general manager / office manager","https://redwoodservices.com/partners/","company-site","secondary","2026-09-03","Parsed from Redwood Services's own brands/partners page; brand site not independently opened. Platform sponsor: Altas Partners. Platform contact route: https://redwoodservices.com/."
"stateready","end-customer","platform operating brand","Cardinal Heating, Cooling, Plumbing, & Electric","https://cardinalhvac.com","Madison, WI","","Local licence-holding operating company inside Redwood Services; its licence, CE, bond and insurance renewals are what a platform-wide StateReady rollout would track, and it is the day-to-day user.","","general manager / office manager","https://redwoodservices.com/partners/","company-site","secondary","2026-09-03","Parsed from Redwood Services's own brands/partners page; brand site not independently opened. Platform sponsor: Altas Partners. Platform contact route: https://redwoodservices.com/."
"stateready","end-customer","platform operating brand","Guaranteed Service","https://guaranteedservice.com","Manasquan, NJ","","Local licence-holding operating company inside Redwood Services; its licence, CE, bond and insurance renewals are what a platform-wide StateReady rollout would track, and it is the day-to-day user.","","general manager / office manager","https://redwoodservices.com/partners/","company-site","secondary","2026-09-03","Parsed from Redwood Services's own brands/partners page; brand site not independently opened. Platform sponsor: Altas Partners. Platform contact route: https://redwoodservices.com/."
"stateready","end-customer","platform operating brand","Sierra Air Conditioning & Plumbing","https://sierracoolslv.com","Las Vegas, NV","","Local licence-holding operating company inside Redwood Services; its licence, CE, bond and insurance renewals are what a platform-wide StateReady rollout would track, and it is the day-to-day user.","","general manager / office manager","https://redwoodservices.com/partners/","company-site","secondary","2026-09-03","Parsed from Redwood Services's own brands/partners page; brand site not independently opened. Platform sponsor: Altas Partners. Platform contact route: https://redwoodservices.com/."
"stateready","end-customer","platform operating brand","Brothers Plumbing, Heating & Electric","https://brothersplumbing.com","Denver, CO","","Local licence-holding operating company inside Redwood Services; its licence, CE, bond and insurance renewals are what a platform-wide StateReady rollout would track, and it is the day-to-day user.","","general manager / office manager","https://redwoodservices.com/partners/","company-site","secondary","2026-09-03","Parsed from Redwood Services's own brands/partners page; brand site not independently opened. Platform sponsor: Altas Partners. Platform contact route: https://redwoodservices.com/."
"stateready","end-customer","platform operating brand","Ultimate Heating, Air & Plumbing","https://ultimateheatingandair.com","Meridian, ID","","Local licence-holding operating company inside Redwood Services; its licence, CE, bond and insurance renewals are what a platform-wide StateReady rollout would track, and it is the day-to-day user.","","general manager / office manager","https://redwoodservices.com/partners/","company-site","secondary","2026-09-03","Parsed from Redwood Services's own brands/partners page; brand site not independently opened. Platform sponsor: Altas Partners. Platform contact route: https://redwoodservices.com/."
"stateready","end-customer","platform operating brand","Russett Southwest","https://russettsouthwest.com","Tucson, AZ","","Local licence-holding operating company inside Redwood Services; its licence, CE, bond and insurance renewals are what a platform-wide StateReady rollout would track, and it is the day-to-day user.","","general manager / office manager","https://redwoodservices.com/partners/","company-site","secondary","2026-09-03","Parsed from Redwood Services's own brands/partners page; brand site not independently opened. Platform sponsor: Altas Partners. Platform contact route: https://redwoodservices.com/."
"stateready","end-customer","platform operating brand","Pioneer Plumbing","https://pioneerplumbing.net","Tucson, AZ","","Local licence-holding operating company inside Redwood Services; its licence, CE, bond and insurance renewals are what a platform-wide StateReady rollout would track, and it is the day-to-day user.","","general manager / office manager","https://redwoodservices.com/partners/","company-site","secondary","2026-09-03","Parsed from Redwood Services's own brands/partners page; brand site not independently opened. Platform sponsor: Altas Partners. Platform contact route: https://redwoodservices.com/."
"stateready","end-customer","platform operating brand","Hendrick Heat, Air & Plumbing","https://hendrickheatandair.com","Tulsa, OK","","Local licence-holding operating company inside Redwood Services; its licence, CE, bond and insurance renewals are what a platform-wide StateReady rollout would track, and it is the day-to-day user.","","general manager / office manager","https://redwoodservices.com/partners/","company-site","secondary","2026-09-03","Parsed from Redwood Services's own brands/partners page; brand site not independently opened. Platform sponsor: Altas Partners. Platform contact route: https://redwoodservices.com/."
"stateready","end-customer","platform operating brand","Collins Comfort Masters","","Gilbert, AZ","","Local licence-holding operating company inside Wrench Group; its licence, CE, bond and insurance renewals are what a platform-wide StateReady rollout would track, and it is the day-to-day user.","","general manager / office manager","https://www.wrenchgroup.com/wrench-group-brands/","company-site","secondary","2026-09-03","Parsed from Wrench Group's own brands/partners page; brand site not independently opened. Platform sponsor: Leonard Green & Partners. Platform contact route: info@wrenchgroup.com."
"stateready","end-customer","platform operating brand","Parker & Sons","","Phoenix, AZ","","Local licence-holding operating company inside Wrench Group; its licence, CE, bond and insurance renewals are what a platform-wide StateReady rollout would track, and it is the day-to-day user.","","general manager / office manager","https://www.wrenchgroup.com/wrench-group-brands/","company-site","secondary","2026-09-03","Parsed from Wrench Group's own brands/partners page; brand site not independently opened. Platform sponsor: Leonard Green & Partners. Platform contact route: info@wrenchgroup.com."
"stateready","end-customer","platform operating brand","Service Champions","","Northern California","","Local licence-holding operating company inside Wrench Group; its licence, CE, bond and insurance renewals are what a platform-wide StateReady rollout would track, and it is the day-to-day user.","","general manager / office manager","https://www.wrenchgroup.com/wrench-group-brands/","company-site","secondary","2026-09-03","Parsed from Wrench Group's own brands/partners page; brand site not independently opened. Platform sponsor: Leonard Green & Partners. Platform contact route: info@wrenchgroup.com."
"stateready","end-customer","platform operating brand","Plumbline Services","","Denver, CO","","Local licence-holding operating company inside Wrench Group; its licence, CE, bond and insurance renewals are what a platform-wide StateReady rollout would track, and it is the day-to-day user.","","general manager / office manager","https://www.wrenchgroup.com/wrench-group-brands/","company-site","secondary","2026-09-03","Parsed from Wrench Group's own brands/partners page; brand site not independently opened. Platform sponsor: Leonard Green & Partners. Platform contact route: info@wrenchgroup.com."
"stateready","end-customer","platform operating brand","CoolToday / PlumbingToday / EnergyToday","","Sarasota, FL","","Local licence-holding operating company inside Wrench Group; its licence, CE, bond and insurance renewals are what a platform-wide StateReady rollout would track, and it is the day-to-day user.","","general manager / office manager","https://www.wrenchgroup.com/wrench-group-brands/","company-site","secondary","2026-09-03","Parsed from Wrench Group's own brands/partners page; brand site not independently opened. Platform sponsor: Leonard Green & Partners. Platform contact route: info@wrenchgroup.com."
"stateready","end-customer","platform operating brand","Donovan Heat & Air","","Jacksonville, FL","","Local licence-holding operating company inside Wrench Group; its licence, CE, bond and insurance renewals are what a platform-wide StateReady rollout would track, and it is the day-to-day user.","","general manager / office manager","https://www.wrenchgroup.com/wrench-group-brands/","company-site","secondary","2026-09-03","Parsed from Wrench Group's own brands/partners page; brand site not independently opened. Platform sponsor: Leonard Green & Partners. Platform contact route: info@wrenchgroup.com."
"stateready","end-customer","platform operating brand","Lindstrom Air Conditioning & Plumbing","","Pompano Beach, FL","","Local licence-holding operating company inside Wrench Group; its licence, CE, bond and insurance renewals are what a platform-wide StateReady rollout would track, and it is the day-to-day user.","","general manager / office manager","https://www.wrenchgroup.com/wrench-group-brands/","company-site","secondary","2026-09-03","Parsed from Wrench Group's own brands/partners page; brand site not independently opened. Platform sponsor: Leonard Green & Partners. Platform contact route: info@wrenchgroup.com."
"stateready","end-customer","platform operating brand","Red Cap Plumbing & Air","","Tampa, FL","","Local licence-holding operating company inside Wrench Group; its licence, CE, bond and insurance renewals are what a platform-wide StateReady rollout would track, and it is the day-to-day user.","","general manager / office manager","https://www.wrenchgroup.com/wrench-group-brands/","company-site","secondary","2026-09-03","Parsed from Wrench Group's own brands/partners page; brand site not independently opened. Platform sponsor: Leonard Green & Partners. Platform contact route: info@wrenchgroup.com."
"stateready","end-customer","platform operating brand","BriteBox Electrical Services","","Metro Atlanta, GA","","Local licence-holding operating company inside Wrench Group; its licence, CE, bond and insurance renewals are what a platform-wide StateReady rollout would track, and it is the day-to-day user.","","general manager / office manager","https://www.wrenchgroup.com/wrench-group-brands/","company-site","secondary","2026-09-03","Parsed from Wrench Group's own brands/partners page; brand site not independently opened. Platform sponsor: Leonard Green & Partners. Platform contact route: info@wrenchgroup.com."
"stateready","end-customer","platform operating brand","Coolray Heating & Air Conditioning","","Metro Atlanta, GA","","Local licence-holding operating company inside Wrench Group; its licence, CE, bond and insurance renewals are what a platform-wide StateReady rollout would track, and it is the day-to-day user.","","general manager / office manager","https://www.wrenchgroup.com/wrench-group-brands/","company-site","secondary","2026-09-03","Parsed from Wrench Group's own brands/partners page; brand site not independently opened. Platform sponsor: Leonard Green & Partners. Platform contact route: info@wrenchgroup.com."
"stateready","end-customer","platform operating brand","Mr. Plumber (Atlanta)","","Metro Atlanta, GA","","Local licence-holding operating company inside Wrench Group; its licence, CE, bond and insurance renewals are what a platform-wide StateReady rollout would track, and it is the day-to-day user.","","general manager / office manager","https://www.wrenchgroup.com/wrench-group-brands/","company-site","secondary","2026-09-03","Parsed from Wrench Group's own brands/partners page; brand site not independently opened. Platform sponsor: Leonard Green & Partners. Platform contact route: info@wrenchgroup.com."
"stateready","end-customer","platform operating brand","Ragsdale Heating, Air & Plumbing","","Metro Atlanta, GA","","Local licence-holding operating company inside Wrench Group; its licence, CE, bond and insurance renewals are what a platform-wide StateReady rollout would track, and it is the day-to-day user.","","general manager / office manager","https://www.wrenchgroup.com/wrench-group-brands/","company-site","secondary","2026-09-03","Parsed from Wrench Group's own brands/partners page; brand site not independently opened. Platform sponsor: Leonard Green & Partners. Platform contact route: info@wrenchgroup.com."
"stateready","end-customer","platform operating brand","Mr. Plumber (Indianapolis)","","Indianapolis, IN","","Local licence-holding operating company inside Wrench Group; its licence, CE, bond and insurance renewals are what a platform-wide StateReady rollout would track, and it is the day-to-day user.","","general manager / office manager","https://www.wrenchgroup.com/wrench-group-brands/","company-site","secondary","2026-09-03","Parsed from Wrench Group's own brands/partners page; brand site not independently opened. Platform sponsor: Leonard Green & Partners. Platform contact route: info@wrenchgroup.com."
"stateready","end-customer","platform operating brand","Williams Comfort Air","","Indianapolis, IN","","Local licence-holding operating company inside Wrench Group; its licence, CE, bond and insurance renewals are what a platform-wide StateReady rollout would track, and it is the day-to-day user.","","general manager / office manager","https://www.wrenchgroup.com/wrench-group-brands/","company-site","secondary","2026-09-03","Parsed from Wrench Group's own brands/partners page; brand site not independently opened. Platform sponsor: Leonard Green & Partners. Platform contact route: info@wrenchgroup.com."
"stateready","end-customer","platform operating brand","Jarboe's Plumbing, Heating & Cooling","","Louisville, KY","","Local licence-holding operating company inside Wrench Group; its licence, CE, bond and insurance renewals are what a platform-wide StateReady rollout would track, and it is the day-to-day user.","","general manager / office manager","https://www.wrenchgroup.com/wrench-group-brands/","company-site","secondary","2026-09-03","Parsed from Wrench Group's own brands/partners page; brand site not independently opened. Platform sponsor: Leonard Green & Partners. Platform contact route: info@wrenchgroup.com."
"stateready","end-customer","platform operating brand","Boothe's Heating, Air and Plumbing","","Southern Maryland","","Local licence-holding operating company inside Wrench Group; its licence, CE, bond and insurance renewals are what a platform-wide StateReady rollout would track, and it is the day-to-day user.","","general manager / office manager","https://www.wrenchgroup.com/wrench-group-brands/","company-site","secondary","2026-09-03","Parsed from Wrench Group's own brands/partners page; brand site not independently opened. Platform sponsor: Leonard Green & Partners. Platform contact route: info@wrenchgroup.com."
"stateready","end-customer","platform operating brand","Morris-Jenkins","","Charlotte, NC","","Local licence-holding operating company inside Wrench Group; its licence, CE, bond and insurance renewals are what a platform-wide StateReady rollout would track, and it is the day-to-day user.","","general manager / office manager","https://www.wrenchgroup.com/wrench-group-brands/","company-site","secondary","2026-09-03","Parsed from Wrench Group's own brands/partners page; brand site not independently opened. Platform sponsor: Leonard Green & Partners. Platform contact route: info@wrenchgroup.com."
"stateready","end-customer","platform operating brand","Buckeye Heating, Cooling & Plumbing","","Columbus, OH","","Local licence-holding operating company inside Wrench Group; its licence, CE, bond and insurance renewals are what a platform-wide StateReady rollout would track, and it is the day-to-day user.","","general manager / office manager","https://www.wrenchgroup.com/wrench-group-brands/","company-site","secondary","2026-09-03","Parsed from Wrench Group's own brands/partners page; brand site not independently opened. Platform sponsor: Leonard Green & Partners. Platform contact route: info@wrenchgroup.com."
"stateready","end-customer","platform operating brand","Thomas & Galbraith Heating, Cooling & Plumbing","","Cincinnati, OH","","Local licence-holding operating company inside Wrench Group; its licence, CE, bond and insurance renewals are what a platform-wide StateReady rollout would track, and it is the day-to-day user.","","general manager / office manager","https://www.wrenchgroup.com/wrench-group-brands/","company-site","secondary","2026-09-03","Parsed from Wrench Group's own brands/partners page; brand site not independently opened. Platform sponsor: Leonard Green & Partners. Platform contact route: info@wrenchgroup.com."
"stateready","end-customer","platform operating brand","Comfort Wave","","Oklahoma City, OK","","Local licence-holding operating company inside Wrench Group; its licence, CE, bond and insurance renewals are what a platform-wide StateReady rollout would track, and it is the day-to-day user.","","general manager / office manager","https://www.wrenchgroup.com/wrench-group-brands/","company-site","secondary","2026-09-03","Parsed from Wrench Group's own brands/partners page; brand site not independently opened. Platform sponsor: Leonard Green & Partners. Platform contact route: info@wrenchgroup.com."
"stateready","end-customer","platform operating brand","Abacus Plumbing, Air Conditioning and Electrical","","Houston, TX","","Local licence-holding operating company inside Wrench Group; its licence, CE, bond and insurance renewals are what a platform-wide StateReady rollout would track, and it is the day-to-day user.","","general manager / office manager","https://www.wrenchgroup.com/wrench-group-brands/","company-site","secondary","2026-09-03","Parsed from Wrench Group's own brands/partners page; brand site not independently opened. Platform sponsor: Leonard Green & Partners. Platform contact route: info@wrenchgroup.com."
"stateready","end-customer","platform operating brand","Baker Brothers Plumbing, Air & Electric","","Dallas, TX","","Local licence-holding operating company inside Wrench Group; its licence, CE, bond and insurance renewals are what a platform-wide StateReady rollout would track, and it is the day-to-day user.","","general manager / office manager","https://www.wrenchgroup.com/wrench-group-brands/","company-site","secondary","2026-09-03","Parsed from Wrench Group's own brands/partners page; brand site not independently opened. Platform sponsor: Leonard Green & Partners. Platform contact route: info@wrenchgroup.com."
"stateready","end-customer","platform operating brand","Berkeys Air Conditioning, Plumbing & Electrical","","Dallas/Fort Worth, TX","","Local licence-holding operating company inside Wrench Group; its licence, CE, bond and insurance renewals are what a platform-wide StateReady rollout would track, and it is the day-to-day user.","","general manager / office manager","https://www.wrenchgroup.com/wrench-group-brands/","company-site","secondary","2026-09-03","Parsed from Wrench Group's own brands/partners page; brand site not independently opened. Platform sponsor: Leonard Green & Partners. Platform contact route: info@wrenchgroup.com."
"stateready","end-customer","platform operating brand","Mountain Home Services","","Salt Lake City, UT","","Local licence-holding operating company inside Wrench Group; its licence, CE, bond and insurance renewals are what a platform-wide StateReady rollout would track, and it is the day-to-day user.","","general manager / office manager","https://www.wrenchgroup.com/wrench-group-brands/","company-site","secondary","2026-09-03","Parsed from Wrench Group's own brands/partners page; brand site not independently opened. Platform sponsor: Leonard Green & Partners. Platform contact route: info@wrenchgroup.com."
"stateready","end-customer","platform operating brand","Infinity Exteriors","","","","Local licence-holding operating company inside Infinity Home Services; its licence, CE, bond and insurance renewals are what a platform-wide StateReady rollout would track, and it is the day-to-day user.","","general manager / office manager","https://www.infinityhomeservices.com/","company-site","secondary","2026-09-03","Parsed from Infinity Home Services's own brands/partners page; brand site not independently opened. Platform sponsor: LightBay Capital + Freeman Spogli. Platform contact route: https://www.infinityhomeservices.com/contact."
"stateready","end-customer","platform operating brand","Premier Roofing","","","","Local licence-holding operating company inside Infinity Home Services; its licence, CE, bond and insurance renewals are what a platform-wide StateReady rollout would track, and it is the day-to-day user.","","general manager / office manager","https://www.infinityhomeservices.com/","company-site","secondary","2026-09-03","Parsed from Infinity Home Services's own brands/partners page; brand site not independently opened. Platform sponsor: LightBay Capital + Freeman Spogli. Platform contact route: https://www.infinityhomeservices.com/contact."
"stateready","end-customer","platform operating brand","Overhead Solutions","","","","Local licence-holding operating company inside Infinity Home Services; its licence, CE, bond and insurance renewals are what a platform-wide StateReady rollout would track, and it is the day-to-day user.","","general manager / office manager","https://www.infinityhomeservices.com/","company-site","secondary","2026-09-03","Parsed from Infinity Home Services's own brands/partners page; brand site not independently opened. Platform sponsor: LightBay Capital + Freeman Spogli. Platform contact route: https://www.infinityhomeservices.com/contact."
"stateready","end-customer","platform operating brand","High Point Roofing","","","","Local licence-holding operating company inside Infinity Home Services; its licence, CE, bond and insurance renewals are what a platform-wide StateReady rollout would track, and it is the day-to-day user.","","general manager / office manager","https://www.infinityhomeservices.com/","company-site","secondary","2026-09-03","Parsed from Infinity Home Services's own brands/partners page; brand site not independently opened. Platform sponsor: LightBay Capital + Freeman Spogli. Platform contact route: https://www.infinityhomeservices.com/contact."
"stateready","end-customer","platform operating brand","American Home Contractors","","","","Local licence-holding operating company inside Infinity Home Services; its licence, CE, bond and insurance renewals are what a platform-wide StateReady rollout would track, and it is the day-to-day user.","","general manager / office manager","https://www.infinityhomeservices.com/","company-site","secondary","2026-09-03","Parsed from Infinity Home Services's own brands/partners page; brand site not independently opened. Platform sponsor: LightBay Capital + Freeman Spogli. Platform contact route: https://www.infinityhomeservices.com/contact."
"stateready","end-customer","platform operating brand","Cochran Exteriors","","","","Local licence-holding operating company inside Infinity Home Services; its licence, CE, bond and insurance renewals are what a platform-wide StateReady rollout would track, and it is the day-to-day user.","","general manager / office manager","https://www.infinityhomeservices.com/","company-site","secondary","2026-09-03","Parsed from Infinity Home Services's own brands/partners page; brand site not independently opened. Platform sponsor: LightBay Capital + Freeman Spogli. Platform contact route: https://www.infinityhomeservices.com/contact."
"stateready","end-customer","platform operating brand","Couto Construction","","","","Local licence-holding operating company inside Infinity Home Services; its licence, CE, bond and insurance renewals are what a platform-wide StateReady rollout would track, and it is the day-to-day user.","","general manager / office manager","https://www.infinityhomeservices.com/","company-site","secondary","2026-09-03","Parsed from Infinity Home Services's own brands/partners page; brand site not independently opened. Platform sponsor: LightBay Capital + Freeman Spogli. Platform contact route: https://www.infinityhomeservices.com/contact."
"stateready","end-customer","platform operating brand","Valentine Roofing","","","","Local licence-holding operating company inside Infinity Home Services; its licence, CE, bond and insurance renewals are what a platform-wide StateReady rollout would track, and it is the day-to-day user.","","general manager / office manager","https://www.infinityhomeservices.com/","company-site","secondary","2026-09-03","Parsed from Infinity Home Services's own brands/partners page; brand site not independently opened. Platform sponsor: LightBay Capital + Freeman Spogli. Platform contact route: https://www.infinityhomeservices.com/contact."
"stateready","end-customer","platform operating brand","Interstate Roofing","","","","Local licence-holding operating company inside Infinity Home Services; its licence, CE, bond and insurance renewals are what a platform-wide StateReady rollout would track, and it is the day-to-day user.","","general manager / office manager","https://www.infinityhomeservices.com/","company-site","secondary","2026-09-03","Parsed from Infinity Home Services's own brands/partners page; brand site not independently opened. Platform sponsor: LightBay Capital + Freeman Spogli. Platform contact route: https://www.infinityhomeservices.com/contact."
"stateready","end-customer","platform operating brand","Skywalker Roofing","","","","Local licence-holding operating company inside Infinity Home Services; its licence, CE, bond and insurance renewals are what a platform-wide StateReady rollout would track, and it is the day-to-day user.","","general manager / office manager","https://www.infinityhomeservices.com/","company-site","secondary","2026-09-03","Parsed from Infinity Home Services's own brands/partners page; brand site not independently opened. Platform sponsor: LightBay Capital + Freeman Spogli. Platform contact route: https://www.infinityhomeservices.com/contact."
"stateready","end-customer","platform operating brand","Henderson Roofing","","","","Local licence-holding operating company inside Infinity Home Services; its licence, CE, bond and insurance renewals are what a platform-wide StateReady rollout would track, and it is the day-to-day user.","","general manager / office manager","https://www.infinityhomeservices.com/","company-site","secondary","2026-09-03","Parsed from Infinity Home Services's own brands/partners page; brand site not independently opened. Platform sponsor: LightBay Capital + Freeman Spogli. Platform contact route: https://www.infinityhomeservices.com/contact."
"stateready","end-customer","platform operating brand","Gf Sprague","","","","Local licence-holding operating company inside Infinity Home Services; its licence, CE, bond and insurance renewals are what a platform-wide StateReady rollout would track, and it is the day-to-day user.","","general manager / office manager","https://www.infinityhomeservices.com/","company-site","secondary","2026-09-03","Parsed from Infinity Home Services's own brands/partners page; brand site not independently opened. Platform sponsor: LightBay Capital + Freeman Spogli. Platform contact route: https://www.infinityhomeservices.com/contact."
"stateready","end-customer","platform operating brand","Resnick Roofing","","","","Local licence-holding operating company inside Infinity Home Services; its licence, CE, bond and insurance renewals are what a platform-wide StateReady rollout would track, and it is the day-to-day user.","","general manager / office manager","https://www.infinityhomeservices.com/","company-site","secondary","2026-09-03","Parsed from Infinity Home Services's own brands/partners page; brand site not independently opened. Platform sponsor: LightBay Capital + Freeman Spogli. Platform contact route: https://www.infinityhomeservices.com/contact."
"stateready","end-customer","platform operating brand","D Angelo And Sons","","","","Local licence-holding operating company inside Infinity Home Services; its licence, CE, bond and insurance renewals are what a platform-wide StateReady rollout would track, and it is the day-to-day user.","","general manager / office manager","https://www.infinityhomeservices.com/","company-site","secondary","2026-09-03","Parsed from Infinity Home Services's own brands/partners page; brand site not independently opened. Platform sponsor: LightBay Capital + Freeman Spogli. Platform contact route: https://www.infinityhomeservices.com/contact."
"stateready","end-customer","platform operating brand","Altec Roofing","","","","Local licence-holding operating company inside Infinity Home Services; its licence, CE, bond and insurance renewals are what a platform-wide StateReady rollout would track, and it is the day-to-day user.","","general manager / office manager","https://www.infinityhomeservices.com/","company-site","secondary","2026-09-03","Parsed from Infinity Home Services's own brands/partners page; brand site not independently opened. Platform sponsor: LightBay Capital + Freeman Spogli. Platform contact route: https://www.infinityhomeservices.com/contact."
"stateready","end-customer","platform operating brand","Carpenters Roofing","","","","Local licence-holding operating company inside Infinity Home Services; its licence, CE, bond and insurance renewals are what a platform-wide StateReady rollout would track, and it is the day-to-day user.","","general manager / office manager","https://www.infinityhomeservices.com/","company-site","secondary","2026-09-03","Parsed from Infinity Home Services's own brands/partners page; brand site not independently opened. Platform sponsor: LightBay Capital + Freeman Spogli. Platform contact route: https://www.infinityhomeservices.com/contact."
"stateready","end-customer","platform operating brand","Parkhill Roofing","","","","Local licence-holding operating company inside Infinity Home Services; its licence, CE, bond and insurance renewals are what a platform-wide StateReady rollout would track, and it is the day-to-day user.","","general manager / office manager","https://www.infinityhomeservices.com/","company-site","secondary","2026-09-03","Parsed from Infinity Home Services's own brands/partners page; brand site not independently opened. Platform sponsor: LightBay Capital + Freeman Spogli. Platform contact route: https://www.infinityhomeservices.com/contact."
"stateready","end-customer","platform operating brand","Wheatland Roofing","","","","Local licence-holding operating company inside Infinity Home Services; its licence, CE, bond and insurance renewals are what a platform-wide StateReady rollout would track, and it is the day-to-day user.","","general manager / office manager","https://www.infinityhomeservices.com/","company-site","secondary","2026-09-03","Parsed from Infinity Home Services's own brands/partners page; brand site not independently opened. Platform sponsor: LightBay Capital + Freeman Spogli. Platform contact route: https://www.infinityhomeservices.com/contact."
"stateready","end-customer","platform operating brand","Specialty Exteriors","","","","Local licence-holding operating company inside Infinity Home Services; its licence, CE, bond and insurance renewals are what a platform-wide StateReady rollout would track, and it is the day-to-day user.","","general manager / office manager","https://www.infinityhomeservices.com/","company-site","secondary","2026-09-03","Parsed from Infinity Home Services's own brands/partners page; brand site not independently opened. Platform sponsor: LightBay Capital + Freeman Spogli. Platform contact route: https://www.infinityhomeservices.com/contact."
"stateready","end-customer","platform operating brand","Werner Roofing","","","","Local licence-holding operating company inside Infinity Home Services; its licence, CE, bond and insurance renewals are what a platform-wide StateReady rollout would track, and it is the day-to-day user.","","general manager / office manager","https://www.infinityhomeservices.com/","company-site","secondary","2026-09-03","Parsed from Infinity Home Services's own brands/partners page; brand site not independently opened. Platform sponsor: LightBay Capital + Freeman Spogli. Platform contact route: https://www.infinityhomeservices.com/contact."
"stateready","end-customer","platform operating brand","Exterior Medics","","","","Local licence-holding operating company inside Infinity Home Services; its licence, CE, bond and insurance renewals are what a platform-wide StateReady rollout would track, and it is the day-to-day user.","","general manager / office manager","https://www.infinityhomeservices.com/","company-site","secondary","2026-09-03","Parsed from Infinity Home Services's own brands/partners page; brand site not independently opened. Platform sponsor: LightBay Capital + Freeman Spogli. Platform contact route: https://www.infinityhomeservices.com/contact."
"stateready","end-customer","platform operating brand","Watkins Roofing","","","","Local licence-holding operating company inside Infinity Home Services; its licence, CE, bond and insurance renewals are what a platform-wide StateReady rollout would track, and it is the day-to-day user.","","general manager / office manager","https://www.infinityhomeservices.com/","company-site","secondary","2026-09-03","Parsed from Infinity Home Services's own brands/partners page; brand site not independently opened. Platform sponsor: LightBay Capital + Freeman Spogli. Platform contact route: https://www.infinityhomeservices.com/contact."
"stateready","end-customer","platform operating brand","G Fedale","","","","Local licence-holding operating company inside Infinity Home Services; its licence, CE, bond and insurance renewals are what a platform-wide StateReady rollout would track, and it is the day-to-day user.","","general manager / office manager","https://www.infinityhomeservices.com/","company-site","secondary","2026-09-03","Parsed from Infinity Home Services's own brands/partners page; brand site not independently opened. Platform sponsor: LightBay Capital + Freeman Spogli. Platform contact route: https://www.infinityhomeservices.com/contact."
"stateready","end-customer","platform operating brand","Franzoso Contracting","","","","Local licence-holding operating company inside Infinity Home Services; its licence, CE, bond and insurance renewals are what a platform-wide StateReady rollout would track, and it is the day-to-day user.","","general manager / office manager","https://www.infinityhomeservices.com/","company-site","secondary","2026-09-03","Parsed from Infinity Home Services's own brands/partners page; brand site not independently opened. Platform sponsor: LightBay Capital + Freeman Spogli. Platform contact route: https://www.infinityhomeservices.com/contact."
"stateready","end-customer","platform operating brand","Randazzo Heating & Cooling","","Macomb, Michigan","","Local licence-holding operating company inside Heartland Home Services; its technicians' state licences, CE, bonds and insurance are exactly what StateReady tracks, and it is the day-to-day user of the product.","","general manager / office manager","https://www.heartlandhomeservices.com/brands","company-site","secondary","2026-09-03","Parsed from Heartland Home Services's own brands/partners/locations page; brand's own site not independently opened. Platform sponsor: The Jordan Company + Cobepa. Platform contact route: https://www.heartlandhomeservices.com/contact."
"stateready","end-customer","platform operating brand","Hager Fox Heating & Cooling","","Lansing, Michigan","","Local licence-holding operating company inside Heartland Home Services; its technicians' state licences, CE, bonds and insurance are exactly what StateReady tracks, and it is the day-to-day user of the product.","","general manager / office manager","https://www.heartlandhomeservices.com/brands","company-site","secondary","2026-09-03","Parsed from Heartland Home Services's own brands/partners/locations page; brand's own site not independently opened. Platform sponsor: The Jordan Company + Cobepa. Platform contact route: https://www.heartlandhomeservices.com/contact."
"stateready","end-customer","platform operating brand","Superior Drainage & Plumbing","","Akron, Ohio","","Local licence-holding operating company inside Heartland Home Services; its technicians' state licences, CE, bonds and insurance are exactly what StateReady tracks, and it is the day-to-day user of the product.","","general manager / office manager","https://www.heartlandhomeservices.com/brands","company-site","secondary","2026-09-03","Parsed from Heartland Home Services's own brands/partners/locations page; brand's own site not independently opened. Platform sponsor: The Jordan Company + Cobepa. Platform contact route: https://www.heartlandhomeservices.com/contact."
"stateready","end-customer","platform operating brand","R-Mech Heating, Cooling & Plumbing","","Kansas City, Missouri","","Local licence-holding operating company inside Heartland Home Services; its technicians' state licences, CE, bonds and insurance are exactly what StateReady tracks, and it is the day-to-day user of the product.","","general manager / office manager","https://www.heartlandhomeservices.com/brands","company-site","secondary","2026-09-03","Parsed from Heartland Home Services's own brands/partners/locations page; brand's own site not independently opened. Platform sponsor: The Jordan Company + Cobepa. Platform contact route: https://www.heartlandhomeservices.com/contact."
"stateready","end-customer","platform operating brand","Reliable Comfort Heating & Air","","Seymour, Indiana","","Local licence-holding operating company inside Heartland Home Services; its technicians' state licences, CE, bonds and insurance are exactly what StateReady tracks, and it is the day-to-day user of the product.","","general manager / office manager","https://www.heartlandhomeservices.com/brands","company-site","secondary","2026-09-03","Parsed from Heartland Home Services's own brands/partners/locations page; brand's own site not independently opened. Platform sponsor: The Jordan Company + Cobepa. Platform contact route: https://www.heartlandhomeservices.com/contact."
"stateready","end-customer","platform operating brand","Church Plumbing & Heating","","Elkhart, Indiana","","Local licence-holding operating company inside Heartland Home Services; its technicians' state licences, CE, bonds and insurance are exactly what StateReady tracks, and it is the day-to-day user of the product.","","general manager / office manager","https://www.heartlandhomeservices.com/brands","company-site","secondary","2026-09-03","Parsed from Heartland Home Services's own brands/partners/locations page; brand's own site not independently opened. Platform sponsor: The Jordan Company + Cobepa. Platform contact route: https://www.heartlandhomeservices.com/contact."
"stateready","end-customer","platform operating brand","Flame Heating, Cooling, Plumbing & Electrical","","Warren, Michigan","","Local licence-holding operating company inside Heartland Home Services; its technicians' state licences, CE, bonds and insurance are exactly what StateReady tracks, and it is the day-to-day user of the product.","","general manager / office manager","https://www.heartlandhomeservices.com/brands","company-site","secondary","2026-09-03","Parsed from Heartland Home Services's own brands/partners/locations page; brand's own site not independently opened. Platform sponsor: The Jordan Company + Cobepa. Platform contact route: https://www.heartlandhomeservices.com/contact."
"stateready","end-customer","platform operating brand","Weis Heating & Cooling","","St. Louis, Missouri","","Local licence-holding operating company inside Heartland Home Services; its technicians' state licences, CE, bonds and insurance are exactly what StateReady tracks, and it is the day-to-day user of the product.","","general manager / office manager","https://www.heartlandhomeservices.com/brands","company-site","secondary","2026-09-03","Parsed from Heartland Home Services's own brands/partners/locations page; brand's own site not independently opened. Platform sponsor: The Jordan Company + Cobepa. Platform contact route: https://www.heartlandhomeservices.com/contact."
"stateready","end-customer","platform operating brand","Buckner’s Heating & Cooling","","Kansas City, Missouri","","Local licence-holding operating company inside Heartland Home Services; its technicians' state licences, CE, bonds and insurance are exactly what StateReady tracks, and it is the day-to-day user of the product.","","general manager / office manager","https://www.heartlandhomeservices.com/brands","company-site","secondary","2026-09-03","Parsed from Heartland Home Services's own brands/partners/locations page; brand's own site not independently opened. Platform sponsor: The Jordan Company + Cobepa. Platform contact route: https://www.heartlandhomeservices.com/contact."
"stateready","end-customer","platform operating brand","Home Comfort","","Niles, Illinois","","Local licence-holding operating company inside Heartland Home Services; its technicians' state licences, CE, bonds and insurance are exactly what StateReady tracks, and it is the day-to-day user of the product.","","general manager / office manager","https://www.heartlandhomeservices.com/brands","company-site","secondary","2026-09-03","Parsed from Heartland Home Services's own brands/partners/locations page; brand's own site not independently opened. Platform sponsor: The Jordan Company + Cobepa. Platform contact route: https://www.heartlandhomeservices.com/contact."
"stateready","end-customer","platform operating brand","Pat’s Heating & Air Conditioning","","Oconomowoc, WI","","Local licence-holding operating company inside Heartland Home Services; its technicians' state licences, CE, bonds and insurance are exactly what StateReady tracks, and it is the day-to-day user of the product.","","general manager / office manager","https://www.heartlandhomeservices.com/brands","company-site","secondary","2026-09-03","Parsed from Heartland Home Services's own brands/partners/locations page; brand's own site not independently opened. Platform sponsor: The Jordan Company + Cobepa. Platform contact route: https://www.heartlandhomeservices.com/contact."
"stateready","end-customer","platform operating brand","Kobella, Plumbing, Heating, & Cooling","","Chesterland, Ohio","","Local licence-holding operating company inside Heartland Home Services; its technicians' state licences, CE, bonds and insurance are exactly what StateReady tracks, and it is the day-to-day user of the product.","","general manager / office manager","https://www.heartlandhomeservices.com/brands","company-site","secondary","2026-09-03","Parsed from Heartland Home Services's own brands/partners/locations page; brand's own site not independently opened. Platform sponsor: The Jordan Company + Cobepa. Platform contact route: https://www.heartlandhomeservices.com/contact."
"stateready","end-customer","platform operating brand","Climate Control Heating & Air Conditioning","","Lexington, Kentucky","","Local licence-holding operating company inside Heartland Home Services; its technicians' state licences, CE, bonds and insurance are exactly what StateReady tracks, and it is the day-to-day user of the product.","","general manager / office manager","https://www.heartlandhomeservices.com/brands","company-site","secondary","2026-09-03","Parsed from Heartland Home Services's own brands/partners/locations page; brand's own site not independently opened. Platform sponsor: The Jordan Company + Cobepa. Platform contact route: https://www.heartlandhomeservices.com/contact."
"stateready","end-customer","platform operating brand","Masters Heating and Cooling","","Fort Wayne, Indiana","","Local licence-holding operating company inside Heartland Home Services; its technicians' state licences, CE, bonds and insurance are exactly what StateReady tracks, and it is the day-to-day user of the product.","","general manager / office manager","https://www.heartlandhomeservices.com/brands","company-site","secondary","2026-09-03","Parsed from Heartland Home Services's own brands/partners/locations page; brand's own site not independently opened. Platform sponsor: The Jordan Company + Cobepa. Platform contact route: https://www.heartlandhomeservices.com/contact."
"stateready","end-customer","platform operating brand","Vredevoogd Heating & Cooling","","Grand Rapids, Michigan","","Local licence-holding operating company inside Heartland Home Services; its technicians' state licences, CE, bonds and insurance are exactly what StateReady tracks, and it is the day-to-day user of the product.","","general manager / office manager","https://www.heartlandhomeservices.com/brands","company-site","secondary","2026-09-03","Parsed from Heartland Home Services's own brands/partners/locations page; brand's own site not independently opened. Platform sponsor: The Jordan Company + Cobepa. Platform contact route: https://www.heartlandhomeservices.com/contact."
"stateready","end-customer","platform operating brand","Action Plumbing, Heating & Cooling","","Sun Prairie, Wisconsin","","Local licence-holding operating company inside Heartland Home Services; its technicians' state licences, CE, bonds and insurance are exactly what StateReady tracks, and it is the day-to-day user of the product.","","general manager / office manager","https://www.heartlandhomeservices.com/brands","company-site","secondary","2026-09-03","Parsed from Heartland Home Services's own brands/partners/locations page; brand's own site not independently opened. Platform sponsor: The Jordan Company + Cobepa. Platform contact route: https://www.heartlandhomeservices.com/contact."
"stateready","end-customer","platform operating brand","Schaafsma Heating & Cooling","","Grand Rapids, Michigan","","Local licence-holding operating company inside Heartland Home Services; its technicians' state licences, CE, bonds and insurance are exactly what StateReady tracks, and it is the day-to-day user of the product.","","general manager / office manager","https://www.heartlandhomeservices.com/brands","company-site","secondary","2026-09-03","Parsed from Heartland Home Services's own brands/partners/locations page; brand's own site not independently opened. Platform sponsor: The Jordan Company + Cobepa. Platform contact route: https://www.heartlandhomeservices.com/contact."
"stateready","end-customer","platform operating brand","Classic Aire Care","","St. Louis, Missouri","","Local licence-holding operating company inside Heartland Home Services; its technicians' state licences, CE, bonds and insurance are exactly what StateReady tracks, and it is the day-to-day user of the product.","","general manager / office manager","https://www.heartlandhomeservices.com/brands","company-site","secondary","2026-09-03","Parsed from Heartland Home Services's own brands/partners/locations page; brand's own site not independently opened. Platform sponsor: The Jordan Company + Cobepa. Platform contact route: https://www.heartlandhomeservices.com/contact."
"stateready","end-customer","platform operating brand","Nelson Comfort","","Cincinnati, Ohio","","Local licence-holding operating company inside Heartland Home Services; its technicians' state licences, CE, bonds and insurance are exactly what StateReady tracks, and it is the day-to-day user of the product.","","general manager / office manager","https://www.heartlandhomeservices.com/brands","company-site","secondary","2026-09-03","Parsed from Heartland Home Services's own brands/partners/locations page; brand's own site not independently opened. Platform sponsor: The Jordan Company + Cobepa. Platform contact route: https://www.heartlandhomeservices.com/contact."
"stateready","end-customer","platform operating brand","Frasier’s Plumbing, Heating, & Cooling","","Rhinelander, Wisconsin","","Local licence-holding operating company inside Heartland Home Services; its technicians' state licences, CE, bonds and insurance are exactly what StateReady tracks, and it is the day-to-day user of the product.","","general manager / office manager","https://www.heartlandhomeservices.com/brands","company-site","secondary","2026-09-03","Parsed from Heartland Home Services's own brands/partners/locations page; brand's own site not independently opened. Platform sponsor: The Jordan Company + Cobepa. Platform contact route: https://www.heartlandhomeservices.com/contact."
"stateready","end-customer","platform operating brand","Iceberg Heating & Cooling","","Monroe, Michigan","","Local licence-holding operating company inside Heartland Home Services; its technicians' state licences, CE, bonds and insurance are exactly what StateReady tracks, and it is the day-to-day user of the product.","","general manager / office manager","https://www.heartlandhomeservices.com/brands","company-site","secondary","2026-09-03","Parsed from Heartland Home Services's own brands/partners/locations page; brand's own site not independently opened. Platform sponsor: The Jordan Company + Cobepa. Platform contact route: https://www.heartlandhomeservices.com/contact."
"stateready","end-customer","platform operating brand","Faszold Comfort Systems","","St. Louis, Missouri","","Local licence-holding operating company inside Heartland Home Services; its technicians' state licences, CE, bonds and insurance are exactly what StateReady tracks, and it is the day-to-day user of the product.","","general manager / office manager","https://www.heartlandhomeservices.com/brands","company-site","secondary","2026-09-03","Parsed from Heartland Home Services's own brands/partners/locations page; brand's own site not independently opened. Platform sponsor: The Jordan Company + Cobepa. Platform contact route: https://www.heartlandhomeservices.com/contact."
"stateready","end-customer","platform operating brand","P.K. Wadsworth","","Solon, Ohio","","Local licence-holding operating company inside Heartland Home Services; its technicians' state licences, CE, bonds and insurance are exactly what StateReady tracks, and it is the day-to-day user of the product.","","general manager / office manager","https://www.heartlandhomeservices.com/brands","company-site","secondary","2026-09-03","Parsed from Heartland Home Services's own brands/partners/locations page; brand's own site not independently opened. Platform sponsor: The Jordan Company + Cobepa. Platform contact route: https://www.heartlandhomeservices.com/contact."
"stateready","end-customer","platform operating brand","4Front Energy","","St. Louis Park, Minnesota","","Local licence-holding operating company inside Heartland Home Services; its technicians' state licences, CE, bonds and insurance are exactly what StateReady tracks, and it is the day-to-day user of the product.","","general manager / office manager","https://www.heartlandhomeservices.com/brands","company-site","secondary","2026-09-03","Parsed from Heartland Home Services's own brands/partners/locations page; brand's own site not independently opened. Platform sponsor: The Jordan Company + Cobepa. Platform contact route: https://www.heartlandhomeservices.com/contact."
"stateready","end-customer","platform operating brand","Lakes Heating and Air Conditioning","","Akron, OH","","Local licence-holding operating company inside Heartland Home Services; its technicians' state licences, CE, bonds and insurance are exactly what StateReady tracks, and it is the day-to-day user of the product.","","general manager / office manager","https://www.heartlandhomeservices.com/brands","company-site","secondary","2026-09-03","Parsed from Heartland Home Services's own brands/partners/locations page; brand's own site not independently opened. Platform sponsor: The Jordan Company + Cobepa. Platform contact route: https://www.heartlandhomeservices.com/contact."
"stateready","end-customer","platform operating brand","Greenbox Heating & Air","","Lexington, Kentucky","","Local licence-holding operating company inside Heartland Home Services; its technicians' state licences, CE, bonds and insurance are exactly what StateReady tracks, and it is the day-to-day user of the product.","","general manager / office manager","https://www.heartlandhomeservices.com/brands","company-site","secondary","2026-09-03","Parsed from Heartland Home Services's own brands/partners/locations page; brand's own site not independently opened. Platform sponsor: The Jordan Company + Cobepa. Platform contact route: https://www.heartlandhomeservices.com/contact."
"stateready","end-customer","platform operating brand","Custom Mechanical","","Frankfort, Delaware","","Local licence-holding operating company inside Heartland Home Services; its technicians' state licences, CE, bonds and insurance are exactly what StateReady tracks, and it is the day-to-day user of the product.","","general manager / office manager","https://www.heartlandhomeservices.com/brands","company-site","secondary","2026-09-03","Parsed from Heartland Home Services's own brands/partners/locations page; brand's own site not independently opened. Platform sponsor: The Jordan Company + Cobepa. Platform contact route: https://www.heartlandhomeservices.com/contact."
"stateready","end-customer","platform operating brand","Goode Plumbing","","Chicago, Illinois","","Local licence-holding operating company inside Heartland Home Services; its technicians' state licences, CE, bonds and insurance are exactly what StateReady tracks, and it is the day-to-day user of the product.","","general manager / office manager","https://www.heartlandhomeservices.com/brands","company-site","secondary","2026-09-03","Parsed from Heartland Home Services's own brands/partners/locations page; brand's own site not independently opened. Platform sponsor: The Jordan Company + Cobepa. Platform contact route: https://www.heartlandhomeservices.com/contact."
"stateready","end-customer","platform operating brand","A+Derr Heating & Cooling","","Evansville, Indiana","","Local licence-holding operating company inside Heartland Home Services; its technicians' state licences, CE, bonds and insurance are exactly what StateReady tracks, and it is the day-to-day user of the product.","","general manager / office manager","https://www.heartlandhomeservices.com/brands","company-site","secondary","2026-09-03","Parsed from Heartland Home Services's own brands/partners/locations page; brand's own site not independently opened. Platform sponsor: The Jordan Company + Cobepa. Platform contact route: https://www.heartlandhomeservices.com/contact."
"stateready","end-customer","platform operating brand","Indoor Comfort Heating & Cooling","","Ann Arbor, Michigan","","Local licence-holding operating company inside Heartland Home Services; its technicians' state licences, CE, bonds and insurance are exactly what StateReady tracks, and it is the day-to-day user of the product.","","general manager / office manager","https://www.heartlandhomeservices.com/brands","company-site","secondary","2026-09-03","Parsed from Heartland Home Services's own brands/partners/locations page; brand's own site not independently opened. Platform sponsor: The Jordan Company + Cobepa. Platform contact route: https://www.heartlandhomeservices.com/contact."
"stateready","end-customer","platform operating brand","American Vintage Home","","Chicago, Illinois","","Local licence-holding operating company inside Heartland Home Services; its technicians' state licences, CE, bonds and insurance are exactly what StateReady tracks, and it is the day-to-day user of the product.","","general manager / office manager","https://www.heartlandhomeservices.com/brands","company-site","secondary","2026-09-03","Parsed from Heartland Home Services's own brands/partners/locations page; brand's own site not independently opened. Platform sponsor: The Jordan Company + Cobepa. Platform contact route: https://www.heartlandhomeservices.com/contact."
"stateready","end-customer","platform operating brand","Robin Aire Service Company","","Wixom, Michigan","","Local licence-holding operating company inside Heartland Home Services; its technicians' state licences, CE, bonds and insurance are exactly what StateReady tracks, and it is the day-to-day user of the product.","","general manager / office manager","https://www.heartlandhomeservices.com/brands","company-site","secondary","2026-09-03","Parsed from Heartland Home Services's own brands/partners/locations page; brand's own site not independently opened. Platform sponsor: The Jordan Company + Cobepa. Platform contact route: https://www.heartlandhomeservices.com/contact."
"stateready","end-customer","platform operating brand","National Heating and Air Conditioning","","Cincinnati, Ohio","","Local licence-holding operating company inside Heartland Home Services; its technicians' state licences, CE, bonds and insurance are exactly what StateReady tracks, and it is the day-to-day user of the product.","","general manager / office manager","https://www.heartlandhomeservices.com/brands","company-site","secondary","2026-09-03","Parsed from Heartland Home Services's own brands/partners/locations page; brand's own site not independently opened. Platform sponsor: The Jordan Company + Cobepa. Platform contact route: https://www.heartlandhomeservices.com/contact."
"stateready","end-customer","platform operating brand","Deljo Heating & Cooling","","Chicago, Illinois","","Local licence-holding operating company inside Heartland Home Services; its technicians' state licences, CE, bonds and insurance are exactly what StateReady tracks, and it is the day-to-day user of the product.","","general manager / office manager","https://www.heartlandhomeservices.com/brands","company-site","secondary","2026-09-03","Parsed from Heartland Home Services's own brands/partners/locations page; brand's own site not independently opened. Platform sponsor: The Jordan Company + Cobepa. Platform contact route: https://www.heartlandhomeservices.com/contact."
"stateready","end-customer","platform operating brand","Blue Frost Heating & Cooling","","Geneva, Illinois","","Local licence-holding operating company inside Heartland Home Services; its technicians' state licences, CE, bonds and insurance are exactly what StateReady tracks, and it is the day-to-day user of the product.","","general manager / office manager","https://www.heartlandhomeservices.com/brands","company-site","secondary","2026-09-03","Parsed from Heartland Home Services's own brands/partners/locations page; brand's own site not independently opened. Platform sponsor: The Jordan Company + Cobepa. Platform contact route: https://www.heartlandhomeservices.com/contact."
"stateready","end-customer","platform operating brand","The Thielmann Group","","New Berlin, Wisconsin","","Local licence-holding operating company inside Heartland Home Services; its technicians' state licences, CE, bonds and insurance are exactly what StateReady tracks, and it is the day-to-day user of the product.","","general manager / office manager","https://www.heartlandhomeservices.com/brands","company-site","secondary","2026-09-03","Parsed from Heartland Home Services's own brands/partners/locations page; brand's own site not independently opened. Platform sponsor: The Jordan Company + Cobepa. Platform contact route: https://www.heartlandhomeservices.com/contact."
"stateready","end-customer","platform operating brand","Hurlburt Heating, AC, & Plumbing","","Eau Claire, Wisconsin","","Local licence-holding operating company inside Heartland Home Services; its technicians' state licences, CE, bonds and insurance are exactly what StateReady tracks, and it is the day-to-day user of the product.","","general manager / office manager","https://www.heartlandhomeservices.com/brands","company-site","secondary","2026-09-03","Parsed from Heartland Home Services's own brands/partners/locations page; brand's own site not independently opened. Platform sponsor: The Jordan Company + Cobepa. Platform contact route: https://www.heartlandhomeservices.com/contact."
"stateready","end-customer","platform operating brand","Verne & Ellsworth Hann","","Cleveland Heights, Ohio","","Local licence-holding operating company inside Heartland Home Services; its technicians' state licences, CE, bonds and insurance are exactly what StateReady tracks, and it is the day-to-day user of the product.","","general manager / office manager","https://www.heartlandhomeservices.com/brands","company-site","secondary","2026-09-03","Parsed from Heartland Home Services's own brands/partners/locations page; brand's own site not independently opened. Platform sponsor: The Jordan Company + Cobepa. Platform contact route: https://www.heartlandhomeservices.com/contact."
"stateready","end-customer","platform operating brand","Turbo Plumbing Pros","","Lexington, Kentucky","","Local licence-holding operating company inside Heartland Home Services; its technicians' state licences, CE, bonds and insurance are exactly what StateReady tracks, and it is the day-to-day user of the product.","","general manager / office manager","https://www.heartlandhomeservices.com/brands","company-site","secondary","2026-09-03","Parsed from Heartland Home Services's own brands/partners/locations page; brand's own site not independently opened. Platform sponsor: The Jordan Company + Cobepa. Platform contact route: https://www.heartlandhomeservices.com/contact."
"stateready","end-customer","platform operating brand","Mountaineer Plumbing","","Grand Rapids, Michigan","","Local licence-holding operating company inside Heartland Home Services; its technicians' state licences, CE, bonds and insurance are exactly what StateReady tracks, and it is the day-to-day user of the product.","","general manager / office manager","https://www.heartlandhomeservices.com/brands","company-site","secondary","2026-09-03","Parsed from Heartland Home Services's own brands/partners/locations page; brand's own site not independently opened. Platform sponsor: The Jordan Company + Cobepa. Platform contact route: https://www.heartlandhomeservices.com/contact."
"stateready","end-customer","platform operating brand","BluFlame Service Co.","","Toledo, Ohio","","Local licence-holding operating company inside Heartland Home Services; its technicians' state licences, CE, bonds and insurance are exactly what StateReady tracks, and it is the day-to-day user of the product.","","general manager / office manager","https://www.heartlandhomeservices.com/brands","company-site","secondary","2026-09-03","Parsed from Heartland Home Services's own brands/partners/locations page; brand's own site not independently opened. Platform sponsor: The Jordan Company + Cobepa. Platform contact route: https://www.heartlandhomeservices.com/contact."
"stateready","end-customer","platform operating brand","Air Dynamics","","","","Local licence-holding operating company inside Northwinds Services Group; its technicians' state licences, CE, bonds and insurance are exactly what StateReady tracks, and it is the day-to-day user of the product.","","general manager / office manager","https://northwindsservices.com/our-brands/","company-site","secondary","2026-09-03","Parsed from Northwinds Services Group's own brands/partners/locations page; brand's own site not independently opened. Platform sponsor: TruArc Partners + Ares. Platform contact route: https://northwindsservices.com/contact/."
"stateready","end-customer","platform operating brand","All-Temp Systems Mechanical","","","","Local licence-holding operating company inside Northwinds Services Group; its technicians' state licences, CE, bonds and insurance are exactly what StateReady tracks, and it is the day-to-day user of the product.","","general manager / office manager","https://northwindsservices.com/our-brands/","company-site","secondary","2026-09-03","Parsed from Northwinds Services Group's own brands/partners/locations page; brand's own site not independently opened. Platform sponsor: TruArc Partners + Ares. Platform contact route: https://northwindsservices.com/contact/."
"stateready","end-customer","platform operating brand","AP Plumbing","","","","Local licence-holding operating company inside Northwinds Services Group; its technicians' state licences, CE, bonds and insurance are exactly what StateReady tracks, and it is the day-to-day user of the product.","","general manager / office manager","https://northwindsservices.com/our-brands/","company-site","secondary","2026-09-03","Parsed from Northwinds Services Group's own brands/partners/locations page; brand's own site not independently opened. Platform sponsor: TruArc Partners + Ares. Platform contact route: https://northwindsservices.com/contact/."
"stateready","end-customer","platform operating brand","Arctic Bear Plumbing, Heating & Air","","","","Local licence-holding operating company inside Northwinds Services Group; its technicians' state licences, CE, bonds and insurance are exactly what StateReady tracks, and it is the day-to-day user of the product.","","general manager / office manager","https://northwindsservices.com/our-brands/","company-site","secondary","2026-09-03","Parsed from Northwinds Services Group's own brands/partners/locations page; brand's own site not independently opened. Platform sponsor: TruArc Partners + Ares. Platform contact route: https://northwindsservices.com/contact/."
"stateready","end-customer","platform operating brand","B&L Ott Heating & Air Conditioning","","","","Local licence-holding operating company inside Northwinds Services Group; its technicians' state licences, CE, bonds and insurance are exactly what StateReady tracks, and it is the day-to-day user of the product.","","general manager / office manager","https://northwindsservices.com/our-brands/","company-site","secondary","2026-09-03","Parsed from Northwinds Services Group's own brands/partners/locations page; brand's own site not independently opened. Platform sponsor: TruArc Partners + Ares. Platform contact route: https://northwindsservices.com/contact/."
"stateready","end-customer","platform operating brand","Bailey Plumbing & Heating","","","","Local licence-holding operating company inside Northwinds Services Group; its technicians' state licences, CE, bonds and insurance are exactly what StateReady tracks, and it is the day-to-day user of the product.","","general manager / office manager","https://northwindsservices.com/our-brands/","company-site","secondary","2026-09-03","Parsed from Northwinds Services Group's own brands/partners/locations page; brand's own site not independently opened. Platform sponsor: TruArc Partners + Ares. Platform contact route: https://northwindsservices.com/contact/."
"stateready","end-customer","platform operating brand","Cornetta Bros","","","","Local licence-holding operating company inside Northwinds Services Group; its technicians' state licences, CE, bonds and insurance are exactly what StateReady tracks, and it is the day-to-day user of the product.","","general manager / office manager","https://northwindsservices.com/our-brands/","company-site","secondary","2026-09-03","Parsed from Northwinds Services Group's own brands/partners/locations page; brand's own site not independently opened. Platform sponsor: TruArc Partners + Ares. Platform contact route: https://northwindsservices.com/contact/."
"stateready","end-customer","platform operating brand","Frederick Air","","","","Local licence-holding operating company inside Northwinds Services Group; its technicians' state licences, CE, bonds and insurance are exactly what StateReady tracks, and it is the day-to-day user of the product.","","general manager / office manager","https://northwindsservices.com/our-brands/","company-site","secondary","2026-09-03","Parsed from Northwinds Services Group's own brands/partners/locations page; brand's own site not independently opened. Platform sponsor: TruArc Partners + Ares. Platform contact route: https://northwindsservices.com/contact/."
"stateready","end-customer","platform operating brand","Horn Plumbing & Heating","","","","Local licence-holding operating company inside Northwinds Services Group; its technicians' state licences, CE, bonds and insurance are exactly what StateReady tracks, and it is the day-to-day user of the product.","","general manager / office manager","https://northwindsservices.com/our-brands/","company-site","secondary","2026-09-03","Parsed from Northwinds Services Group's own brands/partners/locations page; brand's own site not independently opened. Platform sponsor: TruArc Partners + Ares. Platform contact route: https://northwindsservices.com/contact/."
"stateready","end-customer","platform operating brand","Isaac Heating & Air Conditioning","","","","Local licence-holding operating company inside Northwinds Services Group; its technicians' state licences, CE, bonds and insurance are exactly what StateReady tracks, and it is the day-to-day user of the product.","","general manager / office manager","https://northwindsservices.com/our-brands/","company-site","secondary","2026-09-03","Parsed from Northwinds Services Group's own brands/partners/locations page; brand's own site not independently opened. Platform sponsor: TruArc Partners + Ares. Platform contact route: https://northwindsservices.com/contact/."
"stateready","end-customer","platform operating brand","ITEC Training & Education Center","","","","Local licence-holding operating company inside Northwinds Services Group; its technicians' state licences, CE, bonds and insurance are exactly what StateReady tracks, and it is the day-to-day user of the product.","","general manager / office manager","https://northwindsservices.com/our-brands/","company-site","secondary","2026-09-03","Parsed from Northwinds Services Group's own brands/partners/locations page; brand's own site not independently opened. Platform sponsor: TruArc Partners + Ares. Platform contact route: https://northwindsservices.com/contact/."
"stateready","end-customer","platform operating brand","LePrevost Plumbing Heating & Cooling","","","","Local licence-holding operating company inside Northwinds Services Group; its technicians' state licences, CE, bonds and insurance are exactly what StateReady tracks, and it is the day-to-day user of the product.","","general manager / office manager","https://northwindsservices.com/our-brands/","company-site","secondary","2026-09-03","Parsed from Northwinds Services Group's own brands/partners/locations page; brand's own site not independently opened. Platform sponsor: TruArc Partners + Ares. Platform contact route: https://northwindsservices.com/contact/."
"stateready","end-customer","platform operating brand","Lifeline Plumbing, Heating & Cooling","","","","Local licence-holding operating company inside Northwinds Services Group; its technicians' state licences, CE, bonds and insurance are exactly what StateReady tracks, and it is the day-to-day user of the product.","","general manager / office manager","https://northwindsservices.com/our-brands/","company-site","secondary","2026-09-03","Parsed from Northwinds Services Group's own brands/partners/locations page; brand's own site not independently opened. Platform sponsor: TruArc Partners + Ares. Platform contact route: https://northwindsservices.com/contact/."
"stateready","end-customer","platform operating brand","McAllister Plumbing & Heating","","","","Local licence-holding operating company inside Northwinds Services Group; its technicians' state licences, CE, bonds and insurance are exactly what StateReady tracks, and it is the day-to-day user of the product.","","general manager / office manager","https://northwindsservices.com/our-brands/","company-site","secondary","2026-09-03","Parsed from Northwinds Services Group's own brands/partners/locations page; brand's own site not independently opened. Platform sponsor: TruArc Partners + Ares. Platform contact route: https://northwindsservices.com/contact/."
"stateready","end-customer","platform operating brand","Meade","","","","Local licence-holding operating company inside Northwinds Services Group; its technicians' state licences, CE, bonds and insurance are exactly what StateReady tracks, and it is the day-to-day user of the product.","","general manager / office manager","https://northwindsservices.com/our-brands/","company-site","secondary","2026-09-03","Parsed from Northwinds Services Group's own brands/partners/locations page; brand's own site not independently opened. Platform sponsor: TruArc Partners + Ares. Platform contact route: https://northwindsservices.com/contact/."
"stateready","end-customer","platform operating brand","Nerthling's Heating & Air Conditioning","","","","Local licence-holding operating company inside Northwinds Services Group; its technicians' state licences, CE, bonds and insurance are exactly what StateReady tracks, and it is the day-to-day user of the product.","","general manager / office manager","https://northwindsservices.com/our-brands/","company-site","secondary","2026-09-03","Parsed from Northwinds Services Group's own brands/partners/locations page; brand's own site not independently opened. Platform sponsor: TruArc Partners + Ares. Platform contact route: https://northwindsservices.com/contact/."
"stateready","end-customer","platform operating brand","Performance HVAC","","","","Local licence-holding operating company inside Northwinds Services Group; its technicians' state licences, CE, bonds and insurance are exactly what StateReady tracks, and it is the day-to-day user of the product.","","general manager / office manager","https://northwindsservices.com/our-brands/","company-site","secondary","2026-09-03","Parsed from Northwinds Services Group's own brands/partners/locations page; brand's own site not independently opened. Platform sponsor: TruArc Partners + Ares. Platform contact route: https://northwindsservices.com/contact/."
"stateready","end-customer","platform operating brand","Phoenix Mechanical","","","","Local licence-holding operating company inside Northwinds Services Group; its technicians' state licences, CE, bonds and insurance are exactly what StateReady tracks, and it is the day-to-day user of the product.","","general manager / office manager","https://northwindsservices.com/our-brands/","company-site","secondary","2026-09-03","Parsed from Northwinds Services Group's own brands/partners/locations page; brand's own site not independently opened. Platform sponsor: TruArc Partners + Ares. Platform contact route: https://northwindsservices.com/contact/."
"stateready","end-customer","platform operating brand","Rebmann Plumbing, Heating & Air Conditioning","","","","Local licence-holding operating company inside Northwinds Services Group; its technicians' state licences, CE, bonds and insurance are exactly what StateReady tracks, and it is the day-to-day user of the product.","","general manager / office manager","https://northwindsservices.com/our-brands/","company-site","secondary","2026-09-03","Parsed from Northwinds Services Group's own brands/partners/locations page; brand's own site not independently opened. Platform sponsor: TruArc Partners + Ares. Platform contact route: https://northwindsservices.com/contact/."
"stateready","end-customer","platform operating brand","Richard’s Heating & Air Conditioning","","","","Local licence-holding operating company inside Northwinds Services Group; its technicians' state licences, CE, bonds and insurance are exactly what StateReady tracks, and it is the day-to-day user of the product.","","general manager / office manager","https://northwindsservices.com/our-brands/","company-site","secondary","2026-09-03","Parsed from Northwinds Services Group's own brands/partners/locations page; brand's own site not independently opened. Platform sponsor: TruArc Partners + Ares. Platform contact route: https://northwindsservices.com/contact/."
"stateready","end-customer","platform operating brand","Santa Fe Heating & Air","","","","Local licence-holding operating company inside Northwinds Services Group; its technicians' state licences, CE, bonds and insurance are exactly what StateReady tracks, and it is the day-to-day user of the product.","","general manager / office manager","https://northwindsservices.com/our-brands/","company-site","secondary","2026-09-03","Parsed from Northwinds Services Group's own brands/partners/locations page; brand's own site not independently opened. Platform sponsor: TruArc Partners + Ares. Platform contact route: https://northwindsservices.com/contact/."
"stateready","end-customer","platform operating brand","Suburban Services Group","","","","Local licence-holding operating company inside Northwinds Services Group; its technicians' state licences, CE, bonds and insurance are exactly what StateReady tracks, and it is the day-to-day user of the product.","","general manager / office manager","https://northwindsservices.com/our-brands/","company-site","secondary","2026-09-03","Parsed from Northwinds Services Group's own brands/partners/locations page; brand's own site not independently opened. Platform sponsor: TruArc Partners + Ares. Platform contact route: https://northwindsservices.com/contact/."
"stateready","end-customer","platform operating brand","Thermal Heating, Air, Plumbing","","","","Local licence-holding operating company inside Northwinds Services Group; its technicians' state licences, CE, bonds and insurance are exactly what StateReady tracks, and it is the day-to-day user of the product.","","general manager / office manager","https://northwindsservices.com/our-brands/","company-site","secondary","2026-09-03","Parsed from Northwinds Services Group's own brands/partners/locations page; brand's own site not independently opened. Platform sponsor: TruArc Partners + Ares. Platform contact route: https://northwindsservices.com/contact/."
"stateready","end-customer","platform operating brand","Tyler Heating, Air Conditioning & Refrigeration","","","","Local licence-holding operating company inside Northwinds Services Group; its technicians' state licences, CE, bonds and insurance are exactly what StateReady tracks, and it is the day-to-day user of the product.","","general manager / office manager","https://northwindsservices.com/our-brands/","company-site","secondary","2026-09-03","Parsed from Northwinds Services Group's own brands/partners/locations page; brand's own site not independently opened. Platform sponsor: TruArc Partners + Ares. Platform contact route: https://northwindsservices.com/contact/."
"stateready","end-customer","platform operating brand","W.F. Hann & Sons","","","","Local licence-holding operating company inside Northwinds Services Group; its technicians' state licences, CE, bonds and insurance are exactly what StateReady tracks, and it is the day-to-day user of the product.","","general manager / office manager","https://northwindsservices.com/our-brands/","company-site","secondary","2026-09-03","Parsed from Northwinds Services Group's own brands/partners/locations page; brand's own site not independently opened. Platform sponsor: TruArc Partners + Ares. Platform contact route: https://northwindsservices.com/contact/."
"stateready","end-customer","platform operating brand","Wade Heating & Cooling","","","","Local licence-holding operating company inside Northwinds Services Group; its technicians' state licences, CE, bonds and insurance are exactly what StateReady tracks, and it is the day-to-day user of the product.","","general manager / office manager","https://northwindsservices.com/our-brands/","company-site","secondary","2026-09-03","Parsed from Northwinds Services Group's own brands/partners/locations page; brand's own site not independently opened. Platform sponsor: TruArc Partners + Ares. Platform contact route: https://northwindsservices.com/contact/."
"stateready","end-customer","platform operating brand","White Heating","","","","Local licence-holding operating company inside Northwinds Services Group; its technicians' state licences, CE, bonds and insurance are exactly what StateReady tracks, and it is the day-to-day user of the product.","","general manager / office manager","https://northwindsservices.com/our-brands/","company-site","secondary","2026-09-03","Parsed from Northwinds Services Group's own brands/partners/locations page; brand's own site not independently opened. Platform sponsor: TruArc Partners + Ares. Platform contact route: https://northwindsservices.com/contact/."
"stateready","end-customer","platform operating brand","3 Mountains Plumbing","","Milwaukie, OR","","Local licence-holding operating company inside Any Hour Group; its technicians' state licences, CE, bonds and insurance are exactly what StateReady tracks, and it is the day-to-day user of the product.","","general manager / office manager","https://anyhourgroup.com/partners/","company-site","secondary","2026-09-03","Parsed from Any Hour Group's own brands/partners/locations page; brand's own site not independently opened. Platform sponsor: Knox Lane. Platform contact route: https://anyhourgroup.com/contact/."
"stateready","end-customer","platform operating brand","AAA Service Network","","Brighton, MI 48116","","Local licence-holding operating company inside Any Hour Group; its technicians' state licences, CE, bonds and insurance are exactly what StateReady tracks, and it is the day-to-day user of the product.","","general manager / office manager","https://anyhourgroup.com/partners/","company-site","secondary","2026-09-03","Parsed from Any Hour Group's own brands/partners/locations page; brand's own site not independently opened. Platform sponsor: Knox Lane. Platform contact route: https://anyhourgroup.com/contact/."
"stateready","end-customer","platform operating brand","Advanced Home Services","","Rigby, ID","","Local licence-holding operating company inside Any Hour Group; its technicians' state licences, CE, bonds and insurance are exactly what StateReady tracks, and it is the day-to-day user of the product.","","general manager / office manager","https://anyhourgroup.com/partners/","company-site","secondary","2026-09-03","Parsed from Any Hour Group's own brands/partners/locations page; brand's own site not independently opened. Platform sponsor: Knox Lane. Platform contact route: https://anyhourgroup.com/contact/."
"stateready","end-customer","platform operating brand","All Hours Air","","Reno, NV","","Local licence-holding operating company inside Any Hour Group; its technicians' state licences, CE, bonds and insurance are exactly what StateReady tracks, and it is the day-to-day user of the product.","","general manager / office manager","https://anyhourgroup.com/partners/","company-site","secondary","2026-09-03","Parsed from Any Hour Group's own brands/partners/locations page; brand's own site not independently opened. Platform sponsor: Knox Lane. Platform contact route: https://anyhourgroup.com/contact/."
"stateready","end-customer","platform operating brand","Any Hour Services","","Orem, UT","","Local licence-holding operating company inside Any Hour Group; its technicians' state licences, CE, bonds and insurance are exactly what StateReady tracks, and it is the day-to-day user of the product.","","general manager / office manager","https://anyhourgroup.com/partners/","company-site","secondary","2026-09-03","Parsed from Any Hour Group's own brands/partners/locations page; brand's own site not independently opened. Platform sponsor: Knox Lane. Platform contact route: https://anyhourgroup.com/contact/."
"stateready","end-customer","platform operating brand","Black Diamond","","Salt Lake City, UT","","Local licence-holding operating company inside Any Hour Group; its technicians' state licences, CE, bonds and insurance are exactly what StateReady tracks, and it is the day-to-day user of the product.","","general manager / office manager","https://anyhourgroup.com/partners/","company-site","secondary","2026-09-03","Parsed from Any Hour Group's own brands/partners/locations page; brand's own site not independently opened. Platform sponsor: Knox Lane. Platform contact route: https://anyhourgroup.com/contact/."
"stateready","end-customer","platform operating brand","Bumble Breeze","","Las Vegas, NV","","Local licence-holding operating company inside Any Hour Group; its technicians' state licences, CE, bonds and insurance are exactly what StateReady tracks, and it is the day-to-day user of the product.","","general manager / office manager","https://anyhourgroup.com/partners/","company-site","secondary","2026-09-03","Parsed from Any Hour Group's own brands/partners/locations page; brand's own site not independently opened. Platform sponsor: Knox Lane. Platform contact route: https://anyhourgroup.com/contact/."
"stateready","end-customer","platform operating brand","Chandler Air","","Phoenix, AZ","","Local licence-holding operating company inside Any Hour Group; its technicians' state licences, CE, bonds and insurance are exactly what StateReady tracks, and it is the day-to-day user of the product.","","general manager / office manager","https://anyhourgroup.com/partners/","company-site","secondary","2026-09-03","Parsed from Any Hour Group's own brands/partners/locations page; brand's own site not independently opened. Platform sponsor: Knox Lane. Platform contact route: https://anyhourgroup.com/contact/."
"stateready","end-customer","platform operating brand","Connors Plumbing, Heating, Air & Drain","","South Central Minnesota","","Local licence-holding operating company inside Any Hour Group; its technicians' state licences, CE, bonds and insurance are exactly what StateReady tracks, and it is the day-to-day user of the product.","","general manager / office manager","https://anyhourgroup.com/partners/","company-site","secondary","2026-09-03","Parsed from Any Hour Group's own brands/partners/locations page; brand's own site not independently opened. Platform sponsor: Knox Lane. Platform contact route: https://anyhourgroup.com/contact/."
"stateready","end-customer","platform operating brand","Divine Electric","","San Rafael, CA","","Local licence-holding operating company inside Any Hour Group; its technicians' state licences, CE, bonds and insurance are exactly what StateReady tracks, and it is the day-to-day user of the product.","","general manager / office manager","https://anyhourgroup.com/partners/","company-site","secondary","2026-09-03","Parsed from Any Hour Group's own brands/partners/locations page; brand's own site not independently opened. Platform sponsor: Knox Lane. Platform contact route: https://anyhourgroup.com/contact/."
"stateready","end-customer","platform operating brand","EJ Plumbing","","Santa Clara, CA","","Local licence-holding operating company inside Any Hour Group; its technicians' state licences, CE, bonds and insurance are exactly what StateReady tracks, and it is the day-to-day user of the product.","","general manager / office manager","https://anyhourgroup.com/partners/","company-site","secondary","2026-09-03","Parsed from Any Hour Group's own brands/partners/locations page; brand's own site not independently opened. Platform sponsor: Knox Lane. Platform contact route: https://anyhourgroup.com/contact/."
"stateready","end-customer","platform operating brand","Grapids Heating & Cooling, Inc","","Grand Rapids, MI","","Local licence-holding operating company inside Any Hour Group; its technicians' state licences, CE, bonds and insurance are exactly what StateReady tracks, and it is the day-to-day user of the product.","","general manager / office manager","https://anyhourgroup.com/partners/","company-site","secondary","2026-09-03","Parsed from Any Hour Group's own brands/partners/locations page; brand's own site not independently opened. Platform sponsor: Knox Lane. Platform contact route: https://anyhourgroup.com/contact/."
"stateready","end-customer","platform operating brand","Lifestyle Electronics","","Park City, UT","","Local licence-holding operating company inside Any Hour Group; its technicians' state licences, CE, bonds and insurance are exactly what StateReady tracks, and it is the day-to-day user of the product.","","general manager / office manager","https://anyhourgroup.com/partners/","company-site","secondary","2026-09-03","Parsed from Any Hour Group's own brands/partners/locations page; brand's own site not independently opened. Platform sponsor: Knox Lane. Platform contact route: https://anyhourgroup.com/contact/."
"stateready","end-customer","platform operating brand","Magic Electric, Plumbing, Heating + Air","","Boise, ID","","Local licence-holding operating company inside Any Hour Group; its technicians' state licences, CE, bonds and insurance are exactly what StateReady tracks, and it is the day-to-day user of the product.","","general manager / office manager","https://anyhourgroup.com/partners/","company-site","secondary","2026-09-03","Parsed from Any Hour Group's own brands/partners/locations page; brand's own site not independently opened. Platform sponsor: Knox Lane. Platform contact route: https://anyhourgroup.com/contact/."
"stateready","end-customer","platform operating brand","McQuillan Home Services","","St Paul, MN","","Local licence-holding operating company inside Any Hour Group; its technicians' state licences, CE, bonds and insurance are exactly what StateReady tracks, and it is the day-to-day user of the product.","","general manager / office manager","https://anyhourgroup.com/partners/","company-site","secondary","2026-09-03","Parsed from Any Hour Group's own brands/partners/locations page; brand's own site not independently opened. Platform sponsor: Knox Lane. Platform contact route: https://anyhourgroup.com/contact/."
"stateready","end-customer","platform operating brand","Pacific Aire Home Services","","Oxnard, CA","","Local licence-holding operating company inside Any Hour Group; its technicians' state licences, CE, bonds and insurance are exactly what StateReady tracks, and it is the day-to-day user of the product.","","general manager / office manager","https://anyhourgroup.com/partners/","company-site","secondary","2026-09-03","Parsed from Any Hour Group's own brands/partners/locations page; brand's own site not independently opened. Platform sponsor: Knox Lane. Platform contact route: https://anyhourgroup.com/contact/."
"stateready","end-customer","platform operating brand","Penguin Air, Plumbing & Electrical","","Phoenix, AZ","","Local licence-holding operating company inside Any Hour Group; its technicians' state licences, CE, bonds and insurance are exactly what StateReady tracks, and it is the day-to-day user of the product.","","general manager / office manager","https://anyhourgroup.com/partners/","company-site","secondary","2026-09-03","Parsed from Any Hour Group's own brands/partners/locations page; brand's own site not independently opened. Platform sponsor: Knox Lane. Platform contact route: https://anyhourgroup.com/contact/."
"stateready","end-customer","platform operating brand","Perfect Plumbing Heating & Air","","Garden City, ID","","Local licence-holding operating company inside Any Hour Group; its technicians' state licences, CE, bonds and insurance are exactly what StateReady tracks, and it is the day-to-day user of the product.","","general manager / office manager","https://anyhourgroup.com/partners/","company-site","secondary","2026-09-03","Parsed from Any Hour Group's own brands/partners/locations page; brand's own site not independently opened. Platform sponsor: Knox Lane. Platform contact route: https://anyhourgroup.com/contact/."
"stateready","end-customer","platform operating brand","Precision Plumbing & Heating Inc.","","Denver, CO","","Local licence-holding operating company inside Any Hour Group; its technicians' state licences, CE, bonds and insurance are exactly what StateReady tracks, and it is the day-to-day user of the product.","","general manager / office manager","https://anyhourgroup.com/partners/","company-site","secondary","2026-09-03","Parsed from Any Hour Group's own brands/partners/locations page; brand's own site not independently opened. Platform sponsor: Knox Lane. Platform contact route: https://anyhourgroup.com/contact/."
"stateready","end-customer","platform operating brand","StrongBuilt Plumbing, Air, & Solar","","Tucson, AZ","","Local licence-holding operating company inside Any Hour Group; its technicians' state licences, CE, bonds and insurance are exactly what StateReady tracks, and it is the day-to-day user of the product.","","general manager / office manager","https://anyhourgroup.com/partners/","company-site","secondary","2026-09-03","Parsed from Any Hour Group's own brands/partners/locations page; brand's own site not independently opened. Platform sponsor: Knox Lane. Platform contact route: https://anyhourgroup.com/contact/."
"stateready","end-customer","platform operating brand","We Care Plumbing, Heating, & Air","","Murrieta, CA","","Local licence-holding operating company inside Any Hour Group; its technicians' state licences, CE, bonds and insurance are exactly what StateReady tracks, and it is the day-to-day user of the product.","","general manager / office manager","https://anyhourgroup.com/partners/","company-site","secondary","2026-09-03","Parsed from Any Hour Group's own brands/partners/locations page; brand's own site not independently opened. Platform sponsor: Knox Lane. Platform contact route: https://anyhourgroup.com/contact/."
"stateready","end-customer","platform operating brand","Action Plumbing","","Marlton, NJ","","Local licence-holding operating company inside Astra Service Partners; its technicians' state licences, CE, bonds and insurance are exactly what StateReady tracks, and it is the day-to-day user of the product.","","general manager / office manager","https://astraservicepartners.com/our-companies/","company-site","secondary","2026-09-03","Parsed from Astra Service Partners's own brands/partners/locations page; brand's own site not independently opened. Platform sponsor: Alpine Investors (Orion Group). Platform contact route: info@astraservicepartners.com."
"stateready","end-customer","platform operating brand","Air Comfort","","Broadview, IL","","Local licence-holding operating company inside Astra Service Partners; its technicians' state licences, CE, bonds and insurance are exactly what StateReady tracks, and it is the day-to-day user of the product.","","general manager / office manager","https://astraservicepartners.com/our-companies/","company-site","secondary","2026-09-03","Parsed from Astra Service Partners's own brands/partners/locations page; brand's own site not independently opened. Platform sponsor: Alpine Investors (Orion Group). Platform contact route: info@astraservicepartners.com."
"stateready","end-customer","platform operating brand","Berg Industrial Service","","6355 Shawson Dr, Mississauga, ON L5T 1L8, Canada","","Local licence-holding operating company inside Astra Service Partners; its technicians' state licences, CE, bonds and insurance are exactly what StateReady tracks, and it is the day-to-day user of the product.","","general manager / office manager","https://astraservicepartners.com/our-companies/","company-site","secondary","2026-09-03","Parsed from Astra Service Partners's own brands/partners/locations page; brand's own site not independently opened. Platform sponsor: Alpine Investors (Orion Group). Platform contact route: info@astraservicepartners.com."
"stateready","end-customer","platform operating brand","Aireko","","11 C. Claudia, Guaynabo, 00969, Puerto Rico","","Local licence-holding operating company inside Astra Service Partners; its technicians' state licences, CE, bonds and insurance are exactly what StateReady tracks, and it is the day-to-day user of the product.","","general manager / office manager","https://astraservicepartners.com/our-companies/","company-site","secondary","2026-09-03","Parsed from Astra Service Partners's own brands/partners/locations page; brand's own site not independently opened. Platform sponsor: Alpine Investors (Orion Group). Platform contact route: info@astraservicepartners.com."
"stateready","end-customer","platform operating brand","APCCO","","Modesto, CA","","Local licence-holding operating company inside Astra Service Partners; its technicians' state licences, CE, bonds and insurance are exactly what StateReady tracks, and it is the day-to-day user of the product.","","general manager / office manager","https://astraservicepartners.com/our-companies/","company-site","secondary","2026-09-03","Parsed from Astra Service Partners's own brands/partners/locations page; brand's own site not independently opened. Platform sponsor: Alpine Investors (Orion Group). Platform contact route: info@astraservicepartners.com."
"stateready","end-customer","platform operating brand","Dael Thermal","","665 Millway Ave unit 21, Concord, ON L4K 3T8, Canada","","Local licence-holding operating company inside Astra Service Partners; its technicians' state licences, CE, bonds and insurance are exactly what StateReady tracks, and it is the day-to-day user of the product.","","general manager / office manager","https://astraservicepartners.com/our-companies/","company-site","secondary","2026-09-03","Parsed from Astra Service Partners's own brands/partners/locations page; brand's own site not independently opened. Platform sponsor: Alpine Investors (Orion Group). Platform contact route: info@astraservicepartners.com."
"stateready","end-customer","platform operating brand","Diamondback Plumbing","","","","Local licence-holding operating company inside Astra Service Partners; its technicians' state licences, CE, bonds and insurance are exactly what StateReady tracks, and it is the day-to-day user of the product.","","general manager / office manager","https://astraservicepartners.com/our-companies/","company-site","secondary","2026-09-03","Parsed from Astra Service Partners's own brands/partners/locations page; brand's own site not independently opened. Platform sponsor: Alpine Investors (Orion Group). Platform contact route: info@astraservicepartners.com."
"stateready","end-customer","platform operating brand","BERCO","","Cape Coral, FL","","Local licence-holding operating company inside Astra Service Partners; its technicians' state licences, CE, bonds and insurance are exactly what StateReady tracks, and it is the day-to-day user of the product.","","general manager / office manager","https://astraservicepartners.com/our-companies/","company-site","secondary","2026-09-03","Parsed from Astra Service Partners's own brands/partners/locations page; brand's own site not independently opened. Platform sponsor: Alpine Investors (Orion Group). Platform contact route: info@astraservicepartners.com."
"stateready","end-customer","platform operating brand","Helios HVACR","","Maitland, FL","","Local licence-holding operating company inside Astra Service Partners; its technicians' state licences, CE, bonds and insurance are exactly what StateReady tracks, and it is the day-to-day user of the product.","","general manager / office manager","https://astraservicepartners.com/our-companies/","company-site","secondary","2026-09-03","Parsed from Astra Service Partners's own brands/partners/locations page; brand's own site not independently opened. Platform sponsor: Alpine Investors (Orion Group). Platform contact route: info@astraservicepartners.com."
"stateready","end-customer","platform operating brand","Knott Mechanical","","Timonium, MD","","Local licence-holding operating company inside Astra Service Partners; its technicians' state licences, CE, bonds and insurance are exactly what StateReady tracks, and it is the day-to-day user of the product.","","general manager / office manager","https://astraservicepartners.com/our-companies/","company-site","secondary","2026-09-03","Parsed from Astra Service Partners's own brands/partners/locations page; brand's own site not independently opened. Platform sponsor: Alpine Investors (Orion Group). Platform contact route: info@astraservicepartners.com."
"stateready","end-customer","platform operating brand","LA Hydro-Jet","","Sun Valley, CA","","Local licence-holding operating company inside Astra Service Partners; its technicians' state licences, CE, bonds and insurance are exactly what StateReady tracks, and it is the day-to-day user of the product.","","general manager / office manager","https://astraservicepartners.com/our-companies/","company-site","secondary","2026-09-03","Parsed from Astra Service Partners's own brands/partners/locations page; brand's own site not independently opened. Platform sponsor: Alpine Investors (Orion Group). Platform contact route: info@astraservicepartners.com."
"stateready","end-customer","platform operating brand","Lowe Mechanical Services","","","","Local licence-holding operating company inside Astra Service Partners; its technicians' state licences, CE, bonds and insurance are exactly what StateReady tracks, and it is the day-to-day user of the product.","","general manager / office manager","https://astraservicepartners.com/our-companies/","company-site","secondary","2026-09-03","Parsed from Astra Service Partners's own brands/partners/locations page; brand's own site not independently opened. Platform sponsor: Alpine Investors (Orion Group). Platform contact route: info@astraservicepartners.com."
"stateready","end-customer","platform operating brand","Texas Chiller Systems","","","","Local licence-holding operating company inside Astra Service Partners; its technicians' state licences, CE, bonds and insurance are exactly what StateReady tracks, and it is the day-to-day user of the product.","","general manager / office manager","https://astraservicepartners.com/our-companies/","company-site","secondary","2026-09-03","Parsed from Astra Service Partners's own brands/partners/locations page; brand's own site not independently opened. Platform sponsor: Alpine Investors (Orion Group). Platform contact route: info@astraservicepartners.com."
"stateready","end-customer","platform operating brand","Bertke","","Cincinnati, OH","","Local licence-holding operating company inside Astra Service Partners; its technicians' state licences, CE, bonds and insurance are exactly what StateReady tracks, and it is the day-to-day user of the product.","","general manager / office manager","https://astraservicepartners.com/our-companies/","company-site","secondary","2026-09-03","Parsed from Astra Service Partners's own brands/partners/locations page; brand's own site not independently opened. Platform sponsor: Alpine Investors (Orion Group). Platform contact route: info@astraservicepartners.com."
"stateready","end-customer","platform operating brand","Bieg","","St. Louis, MO","","Local licence-holding operating company inside Astra Service Partners; its technicians' state licences, CE, bonds and insurance are exactly what StateReady tracks, and it is the day-to-day user of the product.","","general manager / office manager","https://astraservicepartners.com/our-companies/","company-site","secondary","2026-09-03","Parsed from Astra Service Partners's own brands/partners/locations page; brand's own site not independently opened. Platform sponsor: Alpine Investors (Orion Group). Platform contact route: info@astraservicepartners.com."
"stateready","end-customer","platform operating brand","BME","","Burlington, KY","","Local licence-holding operating company inside Astra Service Partners; its technicians' state licences, CE, bonds and insurance are exactly what StateReady tracks, and it is the day-to-day user of the product.","","general manager / office manager","https://astraservicepartners.com/our-companies/","company-site","secondary","2026-09-03","Parsed from Astra Service Partners's own brands/partners/locations page; brand's own site not independently opened. Platform sponsor: Alpine Investors (Orion Group). Platform contact route: info@astraservicepartners.com."
"stateready","end-customer","platform operating brand","Champion Industrial","","Modesto, CA","","Local licence-holding operating company inside Astra Service Partners; its technicians' state licences, CE, bonds and insurance are exactly what StateReady tracks, and it is the day-to-day user of the product.","","general manager / office manager","https://astraservicepartners.com/our-companies/","company-site","secondary","2026-09-03","Parsed from Astra Service Partners's own brands/partners/locations page; brand's own site not independently opened. Platform sponsor: Alpine Investors (Orion Group). Platform contact route: info@astraservicepartners.com."
"stateready","end-customer","platform operating brand","CMC Corporate Solutions","","Baton Rouge, LA","","Local licence-holding operating company inside Astra Service Partners; its technicians' state licences, CE, bonds and insurance are exactly what StateReady tracks, and it is the day-to-day user of the product.","","general manager / office manager","https://astraservicepartners.com/our-companies/","company-site","secondary","2026-09-03","Parsed from Astra Service Partners's own brands/partners/locations page; brand's own site not independently opened. Platform sponsor: Alpine Investors (Orion Group). Platform contact route: info@astraservicepartners.com."
"stateready","end-customer","platform operating brand","GE Mechanical","","Vineland, NJ","","Local licence-holding operating company inside Astra Service Partners; its technicians' state licences, CE, bonds and insurance are exactly what StateReady tracks, and it is the day-to-day user of the product.","","general manager / office manager","https://astraservicepartners.com/our-companies/","company-site","secondary","2026-09-03","Parsed from Astra Service Partners's own brands/partners/locations page; brand's own site not independently opened. Platform sponsor: Alpine Investors (Orion Group). Platform contact route: info@astraservicepartners.com."
"stateready","end-customer","platform operating brand","Jackson Mechanical","","Oklahoma City, OK","","Local licence-holding operating company inside Astra Service Partners; its technicians' state licences, CE, bonds and insurance are exactly what StateReady tracks, and it is the day-to-day user of the product.","","general manager / office manager","https://astraservicepartners.com/our-companies/","company-site","secondary","2026-09-03","Parsed from Astra Service Partners's own brands/partners/locations page; brand's own site not independently opened. Platform sponsor: Alpine Investors (Orion Group). Platform contact route: info@astraservicepartners.com."
"stateready","end-customer","platform operating brand","JOSKO","","Apopka, FL","","Local licence-holding operating company inside Astra Service Partners; its technicians' state licences, CE, bonds and insurance are exactly what StateReady tracks, and it is the day-to-day user of the product.","","general manager / office manager","https://astraservicepartners.com/our-companies/","company-site","secondary","2026-09-03","Parsed from Astra Service Partners's own brands/partners/locations page; brand's own site not independently opened. Platform sponsor: Alpine Investors (Orion Group). Platform contact route: info@astraservicepartners.com."
"stateready","end-customer","platform operating brand","Marc Service","","Windber, PA","","Local licence-holding operating company inside Astra Service Partners; its technicians' state licences, CE, bonds and insurance are exactly what StateReady tracks, and it is the day-to-day user of the product.","","general manager / office manager","https://astraservicepartners.com/our-companies/","company-site","secondary","2026-09-03","Parsed from Astra Service Partners's own brands/partners/locations page; brand's own site not independently opened. Platform sponsor: Alpine Investors (Orion Group). Platform contact route: info@astraservicepartners.com."
"stateready","end-customer","platform operating brand","Marick Mechanical","","Omaha, NE","","Local licence-holding operating company inside Astra Service Partners; its technicians' state licences, CE, bonds and insurance are exactly what StateReady tracks, and it is the day-to-day user of the product.","","general manager / office manager","https://astraservicepartners.com/our-companies/","company-site","secondary","2026-09-03","Parsed from Astra Service Partners's own brands/partners/locations page; brand's own site not independently opened. Platform sponsor: Alpine Investors (Orion Group). Platform contact route: info@astraservicepartners.com."
"stateready","end-customer","platform operating brand","ModernControls","","Wilmington Manor, DE","","Local licence-holding operating company inside Astra Service Partners; its technicians' state licences, CE, bonds and insurance are exactly what StateReady tracks, and it is the day-to-day user of the product.","","general manager / office manager","https://astraservicepartners.com/our-companies/","company-site","secondary","2026-09-03","Parsed from Astra Service Partners's own brands/partners/locations page; brand's own site not independently opened. Platform sponsor: Alpine Investors (Orion Group). Platform contact route: info@astraservicepartners.com."
"stateready","end-customer","platform operating brand","Owens Companies","","Minneapolis, MN","","Local licence-holding operating company inside Astra Service Partners; its technicians' state licences, CE, bonds and insurance are exactly what StateReady tracks, and it is the day-to-day user of the product.","","general manager / office manager","https://astraservicepartners.com/our-companies/","company-site","secondary","2026-09-03","Parsed from Astra Service Partners's own brands/partners/locations page; brand's own site not independently opened. Platform sponsor: Alpine Investors (Orion Group). Platform contact route: info@astraservicepartners.com."
"stateready","end-customer","platform operating brand","PDM Group","","Cranbury, NJ","","Local licence-holding operating company inside Astra Service Partners; its technicians' state licences, CE, bonds and insurance are exactly what StateReady tracks, and it is the day-to-day user of the product.","","general manager / office manager","https://astraservicepartners.com/our-companies/","company-site","secondary","2026-09-03","Parsed from Astra Service Partners's own brands/partners/locations page; brand's own site not independently opened. Platform sponsor: Alpine Investors (Orion Group). Platform contact route: info@astraservicepartners.com."
"stateready","end-customer","platform operating brand","Redblue","","Charlotte, NC","","Local licence-holding operating company inside Astra Service Partners; its technicians' state licences, CE, bonds and insurance are exactly what StateReady tracks, and it is the day-to-day user of the product.","","general manager / office manager","https://astraservicepartners.com/our-companies/","company-site","secondary","2026-09-03","Parsed from Astra Service Partners's own brands/partners/locations page; brand's own site not independently opened. Platform sponsor: Alpine Investors (Orion Group). Platform contact route: info@astraservicepartners.com."
"stateready","end-customer","platform operating brand","Streets, LLC","","th St. Oklahoma City, OK","","Local licence-holding operating company inside Astra Service Partners; its technicians' state licences, CE, bonds and insurance are exactly what StateReady tracks, and it is the day-to-day user of the product.","","general manager / office manager","https://astraservicepartners.com/our-companies/","company-site","secondary","2026-09-03","Parsed from Astra Service Partners's own brands/partners/locations page; brand's own site not independently opened. Platform sponsor: Alpine Investors (Orion Group). Platform contact route: info@astraservicepartners.com."
"stateready","end-customer","platform operating brand","The Tustin Group","","Norristown, PA","","Local licence-holding operating company inside Astra Service Partners; its technicians' state licences, CE, bonds and insurance are exactly what StateReady tracks, and it is the day-to-day user of the product.","","general manager / office manager","https://astraservicepartners.com/our-companies/","company-site","secondary","2026-09-03","Parsed from Astra Service Partners's own brands/partners/locations page; brand's own site not independently opened. Platform sponsor: Alpine Investors (Orion Group). Platform contact route: info@astraservicepartners.com."
"stateready","end-customer","platform operating brand","USA Mechanical","","East Granby, CT","","Local licence-holding operating company inside Astra Service Partners; its technicians' state licences, CE, bonds and insurance are exactly what StateReady tracks, and it is the day-to-day user of the product.","","general manager / office manager","https://astraservicepartners.com/our-companies/","company-site","secondary","2026-09-03","Parsed from Astra Service Partners's own brands/partners/locations page; brand's own site not independently opened. Platform sponsor: Alpine Investors (Orion Group). Platform contact route: info@astraservicepartners.com."
"stateready","end-customer","platform operating brand","Colorado Mechanical Systems","","Denver, CO","","Local licence-holding operating company inside PremiStar (Reedy Industries); its technicians' state licences, CE, bonds and insurance are exactly what StateReady tracks, and it is the day-to-day user of the product.","","general manager / office manager","https://premistar.com/our-companies/","company-site","secondary","2026-09-03","Parsed from PremiStar (Reedy Industries)'s own brands/partners/locations page; brand's own site not independently opened. Platform sponsor: Partners Group. Platform contact route: https://premistar.com/contact-us/."
"stateready","end-customer","platform operating brand","Choice Mechanical","","Wheat Ridge, CO","","Local licence-holding operating company inside PremiStar (Reedy Industries); its technicians' state licences, CE, bonds and insurance are exactly what StateReady tracks, and it is the day-to-day user of the product.","","general manager / office manager","https://premistar.com/our-companies/","company-site","secondary","2026-09-03","Parsed from PremiStar (Reedy Industries)'s own brands/partners/locations page; brand's own site not independently opened. Platform sponsor: Partners Group. Platform contact route: https://premistar.com/contact-us/."
"stateready","end-customer","platform operating brand","Bear Mountain Mechanical","","Englewood, CO","","Local licence-holding operating company inside PremiStar (Reedy Industries); its technicians' state licences, CE, bonds and insurance are exactly what StateReady tracks, and it is the day-to-day user of the product.","","general manager / office manager","https://premistar.com/our-companies/","company-site","secondary","2026-09-03","Parsed from PremiStar (Reedy Industries)'s own brands/partners/locations page; brand's own site not independently opened. Platform sponsor: Partners Group. Platform contact route: https://premistar.com/contact-us/."
"stateready","end-customer","platform operating brand","Lippert Mechanical","","Lawrence, KS","","Local licence-holding operating company inside PremiStar (Reedy Industries); its technicians' state licences, CE, bonds and insurance are exactly what StateReady tracks, and it is the day-to-day user of the product.","","general manager / office manager","https://premistar.com/our-companies/","company-site","secondary","2026-09-03","Parsed from PremiStar (Reedy Industries)'s own brands/partners/locations page; brand's own site not independently opened. Platform sponsor: Partners Group. Platform contact route: https://premistar.com/contact-us/."
"stateready","end-customer","platform operating brand","PremiStar Kenosha","","Kenosha, WI","","Local licence-holding operating company inside PremiStar (Reedy Industries); its technicians' state licences, CE, bonds and insurance are exactly what StateReady tracks, and it is the day-to-day user of the product.","","general manager / office manager","https://premistar.com/our-companies/","company-site","secondary","2026-09-03","Parsed from PremiStar (Reedy Industries)'s own brands/partners/locations page; brand's own site not independently opened. Platform sponsor: Partners Group. Platform contact route: https://premistar.com/contact-us/."
"stateready","end-customer","platform operating brand","PremiStar New Berlin","","New Berlin, WI","","Local licence-holding operating company inside PremiStar (Reedy Industries); its technicians' state licences, CE, bonds and insurance are exactly what StateReady tracks, and it is the day-to-day user of the product.","","general manager / office manager","https://premistar.com/our-companies/","company-site","secondary","2026-09-03","Parsed from PremiStar (Reedy Industries)'s own brands/partners/locations page; brand's own site not independently opened. Platform sponsor: Partners Group. Platform contact route: https://premistar.com/contact-us/."
"stateready","end-customer","platform operating brand","Building Automation Solutions","","Madison, WI","","Local licence-holding operating company inside PremiStar (Reedy Industries); its technicians' state licences, CE, bonds and insurance are exactly what StateReady tracks, and it is the day-to-day user of the product.","","general manager / office manager","https://premistar.com/our-companies/","company-site","secondary","2026-09-03","Parsed from PremiStar (Reedy Industries)'s own brands/partners/locations page; brand's own site not independently opened. Platform sponsor: Partners Group. Platform contact route: https://premistar.com/contact-us/."
"stateready","end-customer","platform operating brand","Conditioned Air Design, Inc.","","West Allis, WI","","Local licence-holding operating company inside PremiStar (Reedy Industries); its technicians' state licences, CE, bonds and insurance are exactly what StateReady tracks, and it is the day-to-day user of the product.","","general manager / office manager","https://premistar.com/our-companies/","company-site","secondary","2026-09-03","Parsed from PremiStar (Reedy Industries)'s own brands/partners/locations page; brand's own site not independently opened. Platform sponsor: Partners Group. Platform contact route: https://premistar.com/contact-us/."
"stateready","end-customer","platform operating brand","Vorpagel Service","","Burlington, WI","","Local licence-holding operating company inside PremiStar (Reedy Industries); its technicians' state licences, CE, bonds and insurance are exactly what StateReady tracks, and it is the day-to-day user of the product.","","general manager / office manager","https://premistar.com/our-companies/","company-site","secondary","2026-09-03","Parsed from PremiStar (Reedy Industries)'s own brands/partners/locations page; brand's own site not independently opened. Platform sponsor: Partners Group. Platform contact route: https://premistar.com/contact-us/."
"stateready","end-customer","platform operating brand","PremiStar-Machesney Park","","Rockford, IL","","Local licence-holding operating company inside PremiStar (Reedy Industries); its technicians' state licences, CE, bonds and insurance are exactly what StateReady tracks, and it is the day-to-day user of the product.","","general manager / office manager","https://premistar.com/our-companies/","company-site","secondary","2026-09-03","Parsed from PremiStar (Reedy Industries)'s own brands/partners/locations page; brand's own site not independently opened. Platform sponsor: Partners Group. Platform contact route: https://premistar.com/contact-us/."
"stateready","end-customer","platform operating brand","PremiStar-Wood Dale","","Wood Dale, IL","","Local licence-holding operating company inside PremiStar (Reedy Industries); its technicians' state licences, CE, bonds and insurance are exactly what StateReady tracks, and it is the day-to-day user of the product.","","general manager / office manager","https://premistar.com/our-companies/","company-site","secondary","2026-09-03","Parsed from PremiStar (Reedy Industries)'s own brands/partners/locations page; brand's own site not independently opened. Platform sponsor: Partners Group. Platform contact route: https://premistar.com/contact-us/."
"stateready","end-customer","platform operating brand","PremiStar-Frankfort","","Frankfort, IL","","Local licence-holding operating company inside PremiStar (Reedy Industries); its technicians' state licences, CE, bonds and insurance are exactly what StateReady tracks, and it is the day-to-day user of the product.","","general manager / office manager","https://premistar.com/our-companies/","company-site","secondary","2026-09-03","Parsed from PremiStar (Reedy Industries)'s own brands/partners/locations page; brand's own site not independently opened. Platform sponsor: Partners Group. Platform contact route: https://premistar.com/contact-us/."
"stateready","end-customer","platform operating brand","AirMasters","","Springfield, IL","","Local licence-holding operating company inside PremiStar (Reedy Industries); its technicians' state licences, CE, bonds and insurance are exactly what StateReady tracks, and it is the day-to-day user of the product.","","general manager / office manager","https://premistar.com/our-companies/","company-site","secondary","2026-09-03","Parsed from PremiStar (Reedy Industries)'s own brands/partners/locations page; brand's own site not independently opened. Platform sponsor: Partners Group. Platform contact route: https://premistar.com/contact-us/."
"stateready","end-customer","platform operating brand","Environmental Control Solutions","","Peoria, IL","","Local licence-holding operating company inside PremiStar (Reedy Industries); its technicians' state licences, CE, bonds and insurance are exactly what StateReady tracks, and it is the day-to-day user of the product.","","general manager / office manager","https://premistar.com/our-companies/","company-site","secondary","2026-09-03","Parsed from PremiStar (Reedy Industries)'s own brands/partners/locations page; brand's own site not independently opened. Platform sponsor: Partners Group. Platform contact route: https://premistar.com/contact-us/."
"stateready","end-customer","platform operating brand","Johansen & Anderson","","Joliet, IL","","Local licence-holding operating company inside PremiStar (Reedy Industries); its technicians' state licences, CE, bonds and insurance are exactly what StateReady tracks, and it is the day-to-day user of the product.","","general manager / office manager","https://premistar.com/our-companies/","company-site","secondary","2026-09-03","Parsed from PremiStar (Reedy Industries)'s own brands/partners/locations page; brand's own site not independently opened. Platform sponsor: Partners Group. Platform contact route: https://premistar.com/contact-us/."
"stateready","end-customer","platform operating brand","Mercury Corporation","","Northlake, IL","","Local licence-holding operating company inside PremiStar (Reedy Industries); its technicians' state licences, CE, bonds and insurance are exactly what StateReady tracks, and it is the day-to-day user of the product.","","general manager / office manager","https://premistar.com/our-companies/","company-site","secondary","2026-09-03","Parsed from PremiStar (Reedy Industries)'s own brands/partners/locations page; brand's own site not independently opened. Platform sponsor: Partners Group. Platform contact route: https://premistar.com/contact-us/."
"stateready","end-customer","platform operating brand","Ruyle Mechanical","","Peoria, IL","","Local licence-holding operating company inside PremiStar (Reedy Industries); its technicians' state licences, CE, bonds and insurance are exactly what StateReady tracks, and it is the day-to-day user of the product.","","general manager / office manager","https://premistar.com/our-companies/","company-site","secondary","2026-09-03","Parsed from PremiStar (Reedy Industries)'s own brands/partners/locations page; brand's own site not independently opened. Platform sponsor: Partners Group. Platform contact route: https://premistar.com/contact-us/."
"stateready","end-customer","platform operating brand","PremiStar Indiana","","Crown Point, IN","","Local licence-holding operating company inside PremiStar (Reedy Industries); its technicians' state licences, CE, bonds and insurance are exactly what StateReady tracks, and it is the day-to-day user of the product.","","general manager / office manager","https://premistar.com/our-companies/","company-site","secondary","2026-09-03","Parsed from PremiStar (Reedy Industries)'s own brands/partners/locations page; brand's own site not independently opened. Platform sponsor: Partners Group. Platform contact route: https://premistar.com/contact-us/."
"stateready","end-customer","platform operating brand","Arctic Engineering","","Merrillville, IN","","Local licence-holding operating company inside PremiStar (Reedy Industries); its technicians' state licences, CE, bonds and insurance are exactly what StateReady tracks, and it is the day-to-day user of the product.","","general manager / office manager","https://premistar.com/our-companies/","company-site","secondary","2026-09-03","Parsed from PremiStar (Reedy Industries)'s own brands/partners/locations page; brand's own site not independently opened. Platform sponsor: Partners Group. Platform contact route: https://premistar.com/contact-us/."
"stateready","end-customer","platform operating brand","Monroe Mechanical","","Monroe, OH","","Local licence-holding operating company inside PremiStar (Reedy Industries); its technicians' state licences, CE, bonds and insurance are exactly what StateReady tracks, and it is the day-to-day user of the product.","","general manager / office manager","https://premistar.com/our-companies/","company-site","secondary","2026-09-03","Parsed from PremiStar (Reedy Industries)'s own brands/partners/locations page; brand's own site not independently opened. Platform sponsor: Partners Group. Platform contact route: https://premistar.com/contact-us/."
"stateready","end-customer","platform operating brand","Standard Plumbing & Heating","","Canton, OH","","Local licence-holding operating company inside PremiStar (Reedy Industries); its technicians' state licences, CE, bonds and insurance are exactly what StateReady tracks, and it is the day-to-day user of the product.","","general manager / office manager","https://premistar.com/our-companies/","company-site","secondary","2026-09-03","Parsed from PremiStar (Reedy Industries)'s own brands/partners/locations page; brand's own site not independently opened. Platform sponsor: Partners Group. Platform contact route: https://premistar.com/contact-us/."
"stateready","end-customer","platform operating brand","Sheet Metal Crafters","","Canton, OH","","Local licence-holding operating company inside PremiStar (Reedy Industries); its technicians' state licences, CE, bonds and insurance are exactly what StateReady tracks, and it is the day-to-day user of the product.","","general manager / office manager","https://premistar.com/our-companies/","company-site","secondary","2026-09-03","Parsed from PremiStar (Reedy Industries)'s own brands/partners/locations page; brand's own site not independently opened. Platform sponsor: Partners Group. Platform contact route: https://premistar.com/contact-us/."
"stateready","end-customer","platform operating brand","Capstone Mechanical","","Waco, TX","","Local licence-holding operating company inside PremiStar (Reedy Industries); its technicians' state licences, CE, bonds and insurance are exactly what StateReady tracks, and it is the day-to-day user of the product.","","general manager / office manager","https://premistar.com/our-companies/","company-site","secondary","2026-09-03","Parsed from PremiStar (Reedy Industries)'s own brands/partners/locations page; brand's own site not independently opened. Platform sponsor: Partners Group. Platform contact route: https://premistar.com/contact-us/."
"stateready","end-customer","platform operating brand","SI Mechanical","","Creedmoor, TX","","Local licence-holding operating company inside PremiStar (Reedy Industries); its technicians' state licences, CE, bonds and insurance are exactly what StateReady tracks, and it is the day-to-day user of the product.","","general manager / office manager","https://premistar.com/our-companies/","company-site","secondary","2026-09-03","Parsed from PremiStar (Reedy Industries)'s own brands/partners/locations page; brand's own site not independently opened. Platform sponsor: Partners Group. Platform contact route: https://premistar.com/contact-us/."
"stateready","end-customer","platform operating brand","Entek Solutions","","Buford, GA","","Local licence-holding operating company inside PremiStar (Reedy Industries); its technicians' state licences, CE, bonds and insurance are exactly what StateReady tracks, and it is the day-to-day user of the product.","","general manager / office manager","https://premistar.com/our-companies/","company-site","secondary","2026-09-03","Parsed from PremiStar (Reedy Industries)'s own brands/partners/locations page; brand's own site not independently opened. Platform sponsor: Partners Group. Platform contact route: https://premistar.com/contact-us/."
"stateready","end-customer","platform operating brand","Hamlin Air Conditioning & Sheet Metal","","Macon, GA","","Local licence-holding operating company inside PremiStar (Reedy Industries); its technicians' state licences, CE, bonds and insurance are exactly what StateReady tracks, and it is the day-to-day user of the product.","","general manager / office manager","https://premistar.com/our-companies/","company-site","secondary","2026-09-03","Parsed from PremiStar (Reedy Industries)'s own brands/partners/locations page; brand's own site not independently opened. Platform sponsor: Partners Group. Platform contact route: https://premistar.com/contact-us/."
"stateready","end-customer","platform operating brand","Hays Service","","Macon, GA","","Local licence-holding operating company inside PremiStar (Reedy Industries); its technicians' state licences, CE, bonds and insurance are exactly what StateReady tracks, and it is the day-to-day user of the product.","","general manager / office manager","https://premistar.com/our-companies/","company-site","secondary","2026-09-03","Parsed from PremiStar (Reedy Industries)'s own brands/partners/locations page; brand's own site not independently opened. Platform sponsor: Partners Group. Platform contact route: https://premistar.com/contact-us/."
"stateready","end-customer","platform operating brand","Encom","","Knoxville, TN","","Local licence-holding operating company inside PremiStar (Reedy Industries); its technicians' state licences, CE, bonds and insurance are exactly what StateReady tracks, and it is the day-to-day user of the product.","","general manager / office manager","https://premistar.com/our-companies/","company-site","secondary","2026-09-03","Parsed from PremiStar (Reedy Industries)'s own brands/partners/locations page; brand's own site not independently opened. Platform sponsor: Partners Group. Platform contact route: https://premistar.com/contact-us/."
"stateready","end-customer","platform operating brand","CS3","","Memphis, TN","","Local licence-holding operating company inside PremiStar (Reedy Industries); its technicians' state licences, CE, bonds and insurance are exactly what StateReady tracks, and it is the day-to-day user of the product.","","general manager / office manager","https://premistar.com/our-companies/","company-site","secondary","2026-09-03","Parsed from PremiStar (Reedy Industries)'s own brands/partners/locations page; brand's own site not independently opened. Platform sponsor: Partners Group. Platform contact route: https://premistar.com/contact-us/."
"stateready","end-customer","platform operating brand","Golding Mechanical Services","","Memphis, TN","","Local licence-holding operating company inside PremiStar (Reedy Industries); its technicians' state licences, CE, bonds and insurance are exactly what StateReady tracks, and it is the day-to-day user of the product.","","general manager / office manager","https://premistar.com/our-companies/","company-site","secondary","2026-09-03","Parsed from PremiStar (Reedy Industries)'s own brands/partners/locations page; brand's own site not independently opened. Platform sponsor: Partners Group. Platform contact route: https://premistar.com/contact-us/."
"stateready","end-customer","platform operating brand","PremiStar Iowa","","Iowa City, IA","","Local licence-holding operating company inside PremiStar (Reedy Industries); its technicians' state licences, CE, bonds and insurance are exactly what StateReady tracks, and it is the day-to-day user of the product.","","general manager / office manager","https://premistar.com/our-companies/","company-site","secondary","2026-09-03","Parsed from PremiStar (Reedy Industries)'s own brands/partners/locations page; brand's own site not independently opened. Platform sponsor: Partners Group. Platform contact route: https://premistar.com/contact-us/."
"stateready","end-customer","platform operating brand","Farmer & Irwin","","Riviera Beach, FL","","Local licence-holding operating company inside PremiStar (Reedy Industries); its technicians' state licences, CE, bonds and insurance are exactly what StateReady tracks, and it is the day-to-day user of the product.","","general manager / office manager","https://premistar.com/our-companies/","company-site","secondary","2026-09-03","Parsed from PremiStar (Reedy Industries)'s own brands/partners/locations page; brand's own site not independently opened. Platform sponsor: Partners Group. Platform contact route: https://premistar.com/contact-us/."
"stateready","end-customer","platform operating brand","Page Mechanical","","Ft. Myers, FL","","Local licence-holding operating company inside PremiStar (Reedy Industries); its technicians' state licences, CE, bonds and insurance are exactly what StateReady tracks, and it is the day-to-day user of the product.","","general manager / office manager","https://premistar.com/our-companies/","company-site","secondary","2026-09-03","Parsed from PremiStar (Reedy Industries)'s own brands/partners/locations page; brand's own site not independently opened. Platform sponsor: Partners Group. Platform contact route: https://premistar.com/contact-us/."
"stateready","end-customer","platform operating brand","Professional Pipe","","Norwood, NC","","Local licence-holding operating company inside PremiStar (Reedy Industries); its technicians' state licences, CE, bonds and insurance are exactly what StateReady tracks, and it is the day-to-day user of the product.","","general manager / office manager","https://premistar.com/our-companies/","company-site","secondary","2026-09-03","Parsed from PremiStar (Reedy Industries)'s own brands/partners/locations page; brand's own site not independently opened. Platform sponsor: Partners Group. Platform contact route: https://premistar.com/contact-us/."
"stateready","end-customer","platform operating brand","Smith’s Refrigeration","","Lumberton and Raleigh, NC","","Local licence-holding operating company inside PremiStar (Reedy Industries); its technicians' state licences, CE, bonds and insurance are exactly what StateReady tracks, and it is the day-to-day user of the product.","","general manager / office manager","https://premistar.com/our-companies/","company-site","secondary","2026-09-03","Parsed from PremiStar (Reedy Industries)'s own brands/partners/locations page; brand's own site not independently opened. Platform sponsor: Partners Group. Platform contact route: https://premistar.com/contact-us/."
"stateready","end-customer","platform operating brand","Chadwick Service Company","","Bensalem, PA","","Local licence-holding operating company inside PremiStar (Reedy Industries); its technicians' state licences, CE, bonds and insurance are exactly what StateReady tracks, and it is the day-to-day user of the product.","","general manager / office manager","https://premistar.com/our-companies/","company-site","secondary","2026-09-03","Parsed from PremiStar (Reedy Industries)'s own brands/partners/locations page; brand's own site not independently opened. Platform sponsor: Partners Group. Platform contact route: https://premistar.com/contact-us/."
"stateready","end-customer","platform operating brand","Rabe Environmental","","Erie, PA","","Local licence-holding operating company inside PremiStar (Reedy Industries); its technicians' state licences, CE, bonds and insurance are exactly what StateReady tracks, and it is the day-to-day user of the product.","","general manager / office manager","https://premistar.com/our-companies/","company-site","secondary","2026-09-03","Parsed from PremiStar (Reedy Industries)'s own brands/partners/locations page; brand's own site not independently opened. Platform sponsor: Partners Group. Platform contact route: https://premistar.com/contact-us/."
"stateready","end-customer","platform operating brand","Armistead Mechanical","","Newburgh, NY","","Local licence-holding operating company inside PremiStar (Reedy Industries); its technicians' state licences, CE, bonds and insurance are exactly what StateReady tracks, and it is the day-to-day user of the product.","","general manager / office manager","https://premistar.com/our-companies/","company-site","secondary","2026-09-03","Parsed from PremiStar (Reedy Industries)'s own brands/partners/locations page; brand's own site not independently opened. Platform sponsor: Partners Group. Platform contact route: https://premistar.com/contact-us/."
"stateready","end-customer","platform operating brand","Trademark Mechanical","","Elmsford, NY","","Local licence-holding operating company inside PremiStar (Reedy Industries); its technicians' state licences, CE, bonds and insurance are exactly what StateReady tracks, and it is the day-to-day user of the product.","","general manager / office manager","https://premistar.com/our-companies/","company-site","secondary","2026-09-03","Parsed from PremiStar (Reedy Industries)'s own brands/partners/locations page; brand's own site not independently opened. Platform sponsor: Partners Group. Platform contact route: https://premistar.com/contact-us/."
"stateready","end-customer","platform operating brand","AirTemp Mechanical","","Berlin, CT","","Local licence-holding operating company inside PremiStar (Reedy Industries); its technicians' state licences, CE, bonds and insurance are exactly what StateReady tracks, and it is the day-to-day user of the product.","","general manager / office manager","https://premistar.com/our-companies/","company-site","secondary","2026-09-03","Parsed from PremiStar (Reedy Industries)'s own brands/partners/locations page; brand's own site not independently opened. Platform sponsor: Partners Group. Platform contact route: https://premistar.com/contact-us/."
"stateready","end-customer","platform operating brand","B.T. Lindsay & CO., Inc","","West Hartford, CT","","Local licence-holding operating company inside PremiStar (Reedy Industries); its technicians' state licences, CE, bonds and insurance are exactly what StateReady tracks, and it is the day-to-day user of the product.","","general manager / office manager","https://premistar.com/our-companies/","company-site","secondary","2026-09-03","Parsed from PremiStar (Reedy Industries)'s own brands/partners/locations page; brand's own site not independently opened. Platform sponsor: Partners Group. Platform contact route: https://premistar.com/contact-us/."
"stateready","end-customer","platform operating brand","McCormick Allum","","Springfield, MA","","Local licence-holding operating company inside PremiStar (Reedy Industries); its technicians' state licences, CE, bonds and insurance are exactly what StateReady tracks, and it is the day-to-day user of the product.","","general manager / office manager","https://premistar.com/our-companies/","company-site","secondary","2026-09-03","Parsed from PremiStar (Reedy Industries)'s own brands/partners/locations page; brand's own site not independently opened. Platform sponsor: Partners Group. Platform contact route: https://premistar.com/contact-us/."
"stateready","end-customer","platform operating brand","Mechanical Service & Systems","","Salt Lake City, UT","","Local licence-holding operating company inside PremiStar (Reedy Industries); its technicians' state licences, CE, bonds and insurance are exactly what StateReady tracks, and it is the day-to-day user of the product.","","general manager / office manager","https://premistar.com/our-companies/","company-site","secondary","2026-09-03","Parsed from PremiStar (Reedy Industries)'s own brands/partners/locations page; brand's own site not independently opened. Platform sponsor: Partners Group. Platform contact route: https://premistar.com/contact-us/."
"stateready","end-customer","platform operating brand","Mcwilliams & Son","","","","Local licence-holding operating company inside Blue Cardinal Home Services Group; its technicians' state licences, CE, bonds and insurance are exactly what StateReady tracks, and it is the day-to-day user of the product.","","general manager / office manager","https://www.bluecardinalhomeservices.com/partner/","company-site","secondary","2026-09-03","Parsed from Blue Cardinal Home Services Group's own brands/partners/locations page; brand's own site not independently opened. Platform sponsor: Percheron Capital. Platform contact route: https://www.bluecardinalhomeservices.com/partner/."
"stateready","end-customer","platform operating brand","Infinity Texas Air","","","","Local licence-holding operating company inside Blue Cardinal Home Services Group; its technicians' state licences, CE, bonds and insurance are exactly what StateReady tracks, and it is the day-to-day user of the product.","","general manager / office manager","https://www.bluecardinalhomeservices.com/partner/","company-site","secondary","2026-09-03","Parsed from Blue Cardinal Home Services Group's own brands/partners/locations page; brand's own site not independently opened. Platform sponsor: Percheron Capital. Platform contact route: https://www.bluecardinalhomeservices.com/partner/."
"stateready","end-customer","platform operating brand","The Plumber","","","","Local licence-holding operating company inside Blue Cardinal Home Services Group; its technicians' state licences, CE, bonds and insurance are exactly what StateReady tracks, and it is the day-to-day user of the product.","","general manager / office manager","https://www.bluecardinalhomeservices.com/partner/","company-site","secondary","2026-09-03","Parsed from Blue Cardinal Home Services Group's own brands/partners/locations page; brand's own site not independently opened. Platform sponsor: Percheron Capital. Platform contact route: https://www.bluecardinalhomeservices.com/partner/."
"stateready","end-customer","platform operating brand","Alco Air Cooling, Heating, and Plumbing","","","","Local licence-holding operating company inside Blue Cardinal Home Services Group; its technicians' state licences, CE, bonds and insurance are exactly what StateReady tracks, and it is the day-to-day user of the product.","","general manager / office manager","https://www.bluecardinalhomeservices.com/partner/","company-site","secondary","2026-09-03","Parsed from Blue Cardinal Home Services Group's own brands/partners/locations page; brand's own site not independently opened. Platform sponsor: Percheron Capital. Platform contact route: https://www.bluecardinalhomeservices.com/partner/."
"stateready","end-customer","platform operating brand","American Heating and Air","","","","Local licence-holding operating company inside Blue Cardinal Home Services Group; its technicians' state licences, CE, bonds and insurance are exactly what StateReady tracks, and it is the day-to-day user of the product.","","general manager / office manager","https://www.bluecardinalhomeservices.com/partner/","company-site","secondary","2026-09-03","Parsed from Blue Cardinal Home Services Group's own brands/partners/locations page; brand's own site not independently opened. Platform sponsor: Percheron Capital. Platform contact route: https://www.bluecardinalhomeservices.com/partner/."
"stateready","end-customer","platform operating brand","Houston Water Heaters","","","","Local licence-holding operating company inside Blue Cardinal Home Services Group; its technicians' state licences, CE, bonds and insurance are exactly what StateReady tracks, and it is the day-to-day user of the product.","","general manager / office manager","https://www.bluecardinalhomeservices.com/partner/","company-site","secondary","2026-09-03","Parsed from Blue Cardinal Home Services Group's own brands/partners/locations page; brand's own site not independently opened. Platform sponsor: Percheron Capital. Platform contact route: https://www.bluecardinalhomeservices.com/partner/."
"stateready","end-customer","platform operating brand","Air Express Air Conditioning Heating","","","","Local licence-holding operating company inside Blue Cardinal Home Services Group; its technicians' state licences, CE, bonds and insurance are exactly what StateReady tracks, and it is the day-to-day user of the product.","","general manager / office manager","https://www.bluecardinalhomeservices.com/partner/","company-site","secondary","2026-09-03","Parsed from Blue Cardinal Home Services Group's own brands/partners/locations page; brand's own site not independently opened. Platform sponsor: Percheron Capital. Platform contact route: https://www.bluecardinalhomeservices.com/partner/."
"stateready","end-customer","platform operating brand","JD Precision Plumbing","","","","Local licence-holding operating company inside Blue Cardinal Home Services Group; its technicians' state licences, CE, bonds and insurance are exactly what StateReady tracks, and it is the day-to-day user of the product.","","general manager / office manager","https://www.bluecardinalhomeservices.com/partner/","company-site","secondary","2026-09-03","Parsed from Blue Cardinal Home Services Group's own brands/partners/locations page; brand's own site not independently opened. Platform sponsor: Percheron Capital. Platform contact route: https://www.bluecardinalhomeservices.com/partner/."
"stateready","end-customer","platform operating brand","Bailey’s Comfort Systems","","","","Local licence-holding operating company inside Blue Cardinal Home Services Group; its technicians' state licences, CE, bonds and insurance are exactly what StateReady tracks, and it is the day-to-day user of the product.","","general manager / office manager","https://www.bluecardinalhomeservices.com/partner/","company-site","secondary","2026-09-03","Parsed from Blue Cardinal Home Services Group's own brands/partners/locations page; brand's own site not independently opened. Platform sponsor: Percheron Capital. Platform contact route: https://www.bluecardinalhomeservices.com/partner/."
"stateready","end-customer","platform operating brand","Advantage Latta-Whitlow","","","","Local licence-holding operating company inside Blue Cardinal Home Services Group; its technicians' state licences, CE, bonds and insurance are exactly what StateReady tracks, and it is the day-to-day user of the product.","","general manager / office manager","https://www.bluecardinalhomeservices.com/partner/","company-site","secondary","2026-09-03","Parsed from Blue Cardinal Home Services Group's own brands/partners/locations page; brand's own site not independently opened. Platform sponsor: Percheron Capital. Platform contact route: https://www.bluecardinalhomeservices.com/partner/."
"stateready","end-customer","platform operating brand","Midway Plumbing","","","","Local licence-holding operating company inside Blue Cardinal Home Services Group; its technicians' state licences, CE, bonds and insurance are exactly what StateReady tracks, and it is the day-to-day user of the product.","","general manager / office manager","https://www.bluecardinalhomeservices.com/partner/","company-site","secondary","2026-09-03","Parsed from Blue Cardinal Home Services Group's own brands/partners/locations page; brand's own site not independently opened. Platform sponsor: Percheron Capital. Platform contact route: https://www.bluecardinalhomeservices.com/partner/."
"stateready","end-customer","platform operating brand","Standard Heating & Air Conditioing Company","","","","Local licence-holding operating company inside Blue Cardinal Home Services Group; its technicians' state licences, CE, bonds and insurance are exactly what StateReady tracks, and it is the day-to-day user of the product.","","general manager / office manager","https://www.bluecardinalhomeservices.com/partner/","company-site","secondary","2026-09-03","Parsed from Blue Cardinal Home Services Group's own brands/partners/locations page; brand's own site not independently opened. Platform sponsor: Percheron Capital. Platform contact route: https://www.bluecardinalhomeservices.com/partner/."
"stateready","end-customer","platform operating brand","Climate Control Heating, Cooling and Plumbing","","","","Local licence-holding operating company inside Blue Cardinal Home Services Group; its technicians' state licences, CE, bonds and insurance are exactly what StateReady tracks, and it is the day-to-day user of the product.","","general manager / office manager","https://www.bluecardinalhomeservices.com/partner/","company-site","secondary","2026-09-03","Parsed from Blue Cardinal Home Services Group's own brands/partners/locations page; brand's own site not independently opened. Platform sponsor: Percheron Capital. Platform contact route: https://www.bluecardinalhomeservices.com/partner/."
"stateready","end-customer","platform operating brand","AC Corp","","","","Local licence-holding operating company inside Crete United; its technicians' state licences, CE, bonds and insurance are exactly what StateReady tracks, and it is the day-to-day user of the product.","","general manager / office manager","https://creteunited.com/","company-site","secondary","2026-09-03","Parsed from Crete United's own brands/partners/locations page; brand's own site not independently opened. Platform sponsor: Ridgemont Equity Partners. Platform contact route: info@creteunited.com. Name derived from the partner-page URL slug ""ac-corp""; exact legal name not confirmed."
"stateready","end-customer","platform operating brand","Advanced Integrated Services (AIS)","","","","Local licence-holding operating company inside Crete United; its technicians' state licences, CE, bonds and insurance are exactly what StateReady tracks, and it is the day-to-day user of the product.","","general manager / office manager","https://creteunited.com/","company-site","secondary","2026-09-03","Parsed from Crete United's own brands/partners/locations page; brand's own site not independently opened. Platform sponsor: Ridgemont Equity Partners. Platform contact route: info@creteunited.com. Name derived from the partner-page URL slug ""advanced-integrated-services-ais""; exact legal name not confirmed."
"stateready","end-customer","platform operating brand","Air Professional Associates (APA)","","","","Local licence-holding operating company inside Crete United; its technicians' state licences, CE, bonds and insurance are exactly what StateReady tracks, and it is the day-to-day user of the product.","","general manager / office manager","https://creteunited.com/","company-site","secondary","2026-09-03","Parsed from Crete United's own brands/partners/locations page; brand's own site not independently opened. Platform sponsor: Ridgemont Equity Partners. Platform contact route: info@creteunited.com. Name derived from the partner-page URL slug ""air-professional-associates-apa""; exact legal name not confirmed."
"stateready","end-customer","platform operating brand","American Legacy Construction","","","","Local licence-holding operating company inside Crete United; its technicians' state licences, CE, bonds and insurance are exactly what StateReady tracks, and it is the day-to-day user of the product.","","general manager / office manager","https://creteunited.com/","company-site","secondary","2026-09-03","Parsed from Crete United's own brands/partners/locations page; brand's own site not independently opened. Platform sponsor: Ridgemont Equity Partners. Platform contact route: info@creteunited.com."
"stateready","end-customer","platform operating brand","Blue Works","","","","Local licence-holding operating company inside Crete United; its technicians' state licences, CE, bonds and insurance are exactly what StateReady tracks, and it is the day-to-day user of the product.","","general manager / office manager","https://creteunited.com/","company-site","secondary","2026-09-03","Parsed from Crete United's own brands/partners/locations page; brand's own site not independently opened. Platform sponsor: Ridgemont Equity Partners. Platform contact route: info@creteunited.com."
"stateready","end-customer","platform operating brand","C2 Technology Group","","","","Local licence-holding operating company inside Crete United; its technicians' state licences, CE, bonds and insurance are exactly what StateReady tracks, and it is the day-to-day user of the product.","","general manager / office manager","https://creteunited.com/","company-site","secondary","2026-09-03","Parsed from Crete United's own brands/partners/locations page; brand's own site not independently opened. Platform sponsor: Ridgemont Equity Partners. Platform contact route: info@creteunited.com."
"stateready","end-customer","platform operating brand","CAM HVAC and Construction","","","","Local licence-holding operating company inside Crete United; its technicians' state licences, CE, bonds and insurance are exactly what StateReady tracks, and it is the day-to-day user of the product.","","general manager / office manager","https://creteunited.com/","company-site","secondary","2026-09-03","Parsed from Crete United's own brands/partners/locations page; brand's own site not independently opened. Platform sponsor: Ridgemont Equity Partners. Platform contact route: info@creteunited.com. Name derived from the partner-page URL slug ""cam-hvac-and-construction""; exact legal name not confirmed."
"stateready","end-customer","platform operating brand","Control Solutions Inc.","","","","Local licence-holding operating company inside Crete United; its technicians' state licences, CE, bonds and insurance are exactly what StateReady tracks, and it is the day-to-day user of the product.","","general manager / office manager","https://creteunited.com/","company-site","secondary","2026-09-03","Parsed from Crete United's own brands/partners/locations page; brand's own site not independently opened. Platform sponsor: Ridgemont Equity Partners. Platform contact route: info@creteunited.com. Name derived from the partner-page URL slug ""control-solutions-inc""; exact legal name not confirmed."
"stateready","end-customer","platform operating brand","Controlair Systems","","","","Local licence-holding operating company inside Crete United; its technicians' state licences, CE, bonds and insurance are exactly what StateReady tracks, and it is the day-to-day user of the product.","","general manager / office manager","https://creteunited.com/","company-site","secondary","2026-09-03","Parsed from Crete United's own brands/partners/locations page; brand's own site not independently opened. Platform sponsor: Ridgemont Equity Partners. Platform contact route: info@creteunited.com."
"stateready","end-customer","platform operating brand","Crete Building Services (CBS)","","","","Local licence-holding operating company inside Crete United; its technicians' state licences, CE, bonds and insurance are exactly what StateReady tracks, and it is the day-to-day user of the product.","","general manager / office manager","https://creteunited.com/","company-site","secondary","2026-09-03","Parsed from Crete United's own brands/partners/locations page; brand's own site not independently opened. Platform sponsor: Ridgemont Equity Partners. Platform contact route: info@creteunited.com. Name derived from the partner-page URL slug ""crete-building-services-cbs""; exact legal name not confirmed."
"stateready","end-customer","platform operating brand","Crosby Electric","","","","Local licence-holding operating company inside Crete United; its technicians' state licences, CE, bonds and insurance are exactly what StateReady tracks, and it is the day-to-day user of the product.","","general manager / office manager","https://creteunited.com/","company-site","secondary","2026-09-03","Parsed from Crete United's own brands/partners/locations page; brand's own site not independently opened. Platform sponsor: Ridgemont Equity Partners. Platform contact route: info@creteunited.com."
"stateready","end-customer","platform operating brand","DesignBuild Mechanical","","","","Local licence-holding operating company inside Crete United; its technicians' state licences, CE, bonds and insurance are exactly what StateReady tracks, and it is the day-to-day user of the product.","","general manager / office manager","https://creteunited.com/","company-site","secondary","2026-09-03","Parsed from Crete United's own brands/partners/locations page; brand's own site not independently opened. Platform sponsor: Ridgemont Equity Partners. Platform contact route: info@creteunited.com. Name derived from the partner-page URL slug ""designbuild-mechanical""; exact legal name not confirmed."
"stateready","end-customer","platform operating brand","Dynaire Corporation","","","","Local licence-holding operating company inside Crete United; its technicians' state licences, CE, bonds and insurance are exactly what StateReady tracks, and it is the day-to-day user of the product.","","general manager / office manager","https://creteunited.com/","company-site","secondary","2026-09-03","Parsed from Crete United's own brands/partners/locations page; brand's own site not independently opened. Platform sponsor: Ridgemont Equity Partners. Platform contact route: info@creteunited.com."
"stateready","end-customer","platform operating brand","Ellis Mechanical","","","","Local licence-holding operating company inside Crete United; its technicians' state licences, CE, bonds and insurance are exactly what StateReady tracks, and it is the day-to-day user of the product.","","general manager / office manager","https://creteunited.com/","company-site","secondary","2026-09-03","Parsed from Crete United's own brands/partners/locations page; brand's own site not independently opened. Platform sponsor: Ridgemont Equity Partners. Platform contact route: info@creteunited.com."
"stateready","end-customer","platform operating brand","Emerald Built Environments","","","","Local licence-holding operating company inside Crete United; its technicians' state licences, CE, bonds and insurance are exactly what StateReady tracks, and it is the day-to-day user of the product.","","general manager / office manager","https://creteunited.com/","company-site","secondary","2026-09-03","Parsed from Crete United's own brands/partners/locations page; brand's own site not independently opened. Platform sponsor: Ridgemont Equity Partners. Platform contact route: info@creteunited.com."
"stateready","end-customer","platform operating brand","Facility Systems Services","","","","Local licence-holding operating company inside Crete United; its technicians' state licences, CE, bonds and insurance are exactly what StateReady tracks, and it is the day-to-day user of the product.","","general manager / office manager","https://creteunited.com/","company-site","secondary","2026-09-03","Parsed from Crete United's own brands/partners/locations page; brand's own site not independently opened. Platform sponsor: Ridgemont Equity Partners. Platform contact route: info@creteunited.com."
"stateready","end-customer","platform operating brand","Foster Plumbing","","","","Local licence-holding operating company inside Crete United; its technicians' state licences, CE, bonds and insurance are exactly what StateReady tracks, and it is the day-to-day user of the product.","","general manager / office manager","https://creteunited.com/","company-site","secondary","2026-09-03","Parsed from Crete United's own brands/partners/locations page; brand's own site not independently opened. Platform sponsor: Ridgemont Equity Partners. Platform contact route: info@creteunited.com."
"stateready","end-customer","platform operating brand","General Mechanical Services","","","","Local licence-holding operating company inside Crete United; its technicians' state licences, CE, bonds and insurance are exactly what StateReady tracks, and it is the day-to-day user of the product.","","general manager / office manager","https://creteunited.com/","company-site","secondary","2026-09-03","Parsed from Crete United's own brands/partners/locations page; brand's own site not independently opened. Platform sponsor: Ridgemont Equity Partners. Platform contact route: info@creteunited.com."
"stateready","end-customer","platform operating brand","Hartwig Mechanical","","","","Local licence-holding operating company inside Crete United; its technicians' state licences, CE, bonds and insurance are exactly what StateReady tracks, and it is the day-to-day user of the product.","","general manager / office manager","https://creteunited.com/","company-site","secondary","2026-09-03","Parsed from Crete United's own brands/partners/locations page; brand's own site not independently opened. Platform sponsor: Ridgemont Equity Partners. Platform contact route: info@creteunited.com."
"stateready","end-customer","platform operating brand","Hilliard Electric","","","","Local licence-holding operating company inside Crete United; its technicians' state licences, CE, bonds and insurance are exactly what StateReady tracks, and it is the day-to-day user of the product.","","general manager / office manager","https://creteunited.com/","company-site","secondary","2026-09-03","Parsed from Crete United's own brands/partners/locations page; brand's own site not independently opened. Platform sponsor: Ridgemont Equity Partners. Platform contact route: info@creteunited.com. Name derived from the partner-page URL slug ""hillard-electric""; exact legal name not confirmed."
"stateready","end-customer","platform operating brand","Hometown Mechanical","","","","Local licence-holding operating company inside Crete United; its technicians' state licences, CE, bonds and insurance are exactly what StateReady tracks, and it is the day-to-day user of the product.","","general manager / office manager","https://creteunited.com/","company-site","secondary","2026-09-03","Parsed from Crete United's own brands/partners/locations page; brand's own site not independently opened. Platform sponsor: Ridgemont Equity Partners. Platform contact route: info@creteunited.com."
"stateready","end-customer","platform operating brand","Industrial Maintenance & Automation","","","","Local licence-holding operating company inside Crete United; its technicians' state licences, CE, bonds and insurance are exactly what StateReady tracks, and it is the day-to-day user of the product.","","general manager / office manager","https://creteunited.com/","company-site","secondary","2026-09-03","Parsed from Crete United's own brands/partners/locations page; brand's own site not independently opened. Platform sponsor: Ridgemont Equity Partners. Platform contact route: info@creteunited.com. Name derived from the partner-page URL slug ""industrial-maintenance-automation""; exact legal name not confirmed."
"stateready","end-customer","platform operating brand","John's Service & Sales","","","","Local licence-holding operating company inside Crete United; its technicians' state licences, CE, bonds and insurance are exactly what StateReady tracks, and it is the day-to-day user of the product.","","general manager / office manager","https://creteunited.com/","company-site","secondary","2026-09-03","Parsed from Crete United's own brands/partners/locations page; brand's own site not independently opened. Platform sponsor: Ridgemont Equity Partners. Platform contact route: info@creteunited.com. Name derived from the partner-page URL slug ""johns-service-sales""; exact legal name not confirmed."
"stateready","end-customer","platform operating brand","Legacy Mechanical Services","","","","Local licence-holding operating company inside Crete United; its technicians' state licences, CE, bonds and insurance are exactly what StateReady tracks, and it is the day-to-day user of the product.","","general manager / office manager","https://creteunited.com/","company-site","secondary","2026-09-03","Parsed from Crete United's own brands/partners/locations page; brand's own site not independently opened. Platform sponsor: Ridgemont Equity Partners. Platform contact route: info@creteunited.com."
"stateready","end-customer","platform operating brand","Loellke Plumbing","","","","Local licence-holding operating company inside Crete United; its technicians' state licences, CE, bonds and insurance are exactly what StateReady tracks, and it is the day-to-day user of the product.","","general manager / office manager","https://creteunited.com/","company-site","secondary","2026-09-03","Parsed from Crete United's own brands/partners/locations page; brand's own site not independently opened. Platform sponsor: Ridgemont Equity Partners. Platform contact route: info@creteunited.com."
"stateready","end-customer","platform operating brand","Major Mechanical","","","","Local licence-holding operating company inside Crete United; its technicians' state licences, CE, bonds and insurance are exactly what StateReady tracks, and it is the day-to-day user of the product.","","general manager / office manager","https://creteunited.com/","company-site","secondary","2026-09-03","Parsed from Crete United's own brands/partners/locations page; brand's own site not independently opened. Platform sponsor: Ridgemont Equity Partners. Platform contact route: info@creteunited.com."
"stateready","end-customer","platform operating brand","Mechanical Systems Services","","","","Local licence-holding operating company inside Crete United; its technicians' state licences, CE, bonds and insurance are exactly what StateReady tracks, and it is the day-to-day user of the product.","","general manager / office manager","https://creteunited.com/","company-site","secondary","2026-09-03","Parsed from Crete United's own brands/partners/locations page; brand's own site not independently opened. Platform sponsor: Ridgemont Equity Partners. Platform contact route: info@creteunited.com."
"stateready","end-customer","platform operating brand","Metro Mechanical Services","","","","Local licence-holding operating company inside Crete United; its technicians' state licences, CE, bonds and insurance are exactly what StateReady tracks, and it is the day-to-day user of the product.","","general manager / office manager","https://creteunited.com/","company-site","secondary","2026-09-03","Parsed from Crete United's own brands/partners/locations page; brand's own site not independently opened. Platform sponsor: Ridgemont Equity Partners. Platform contact route: info@creteunited.com."
"stateready","end-customer","platform operating brand","Nielsen Mechanical Contractors","","","","Local licence-holding operating company inside Crete United; its technicians' state licences, CE, bonds and insurance are exactly what StateReady tracks, and it is the day-to-day user of the product.","","general manager / office manager","https://creteunited.com/","company-site","secondary","2026-09-03","Parsed from Crete United's own brands/partners/locations page; brand's own site not independently opened. Platform sponsor: Ridgemont Equity Partners. Platform contact route: info@creteunited.com."
"stateready","end-customer","platform operating brand","Piper Electric","","","","Local licence-holding operating company inside Crete United; its technicians' state licences, CE, bonds and insurance are exactly what StateReady tracks, and it is the day-to-day user of the product.","","general manager / office manager","https://creteunited.com/","company-site","secondary","2026-09-03","Parsed from Crete United's own brands/partners/locations page; brand's own site not independently opened. Platform sponsor: Ridgemont Equity Partners. Platform contact route: info@creteunited.com."
"stateready","end-customer","platform operating brand","Pro-Tech Mechanical","","","","Local licence-holding operating company inside Crete United; its technicians' state licences, CE, bonds and insurance are exactly what StateReady tracks, and it is the day-to-day user of the product.","","general manager / office manager","https://creteunited.com/","company-site","secondary","2026-09-03","Parsed from Crete United's own brands/partners/locations page; brand's own site not independently opened. Platform sponsor: Ridgemont Equity Partners. Platform contact route: info@creteunited.com. Name derived from the partner-page URL slug ""pro-tech-mechanical""; exact legal name not confirmed."
"stateready","end-customer","platform operating brand","Relco","","","","Local licence-holding operating company inside Crete United; its technicians' state licences, CE, bonds and insurance are exactly what StateReady tracks, and it is the day-to-day user of the product.","","general manager / office manager","https://creteunited.com/","company-site","secondary","2026-09-03","Parsed from Crete United's own brands/partners/locations page; brand's own site not independently opened. Platform sponsor: Ridgemont Equity Partners. Platform contact route: info@creteunited.com."
"stateready","end-customer","platform operating brand","S&S Mechanical (slug ""s-mechanical"")","","","","Local licence-holding operating company inside Crete United; its technicians' state licences, CE, bonds and insurance are exactly what StateReady tracks, and it is the day-to-day user of the product.","","general manager / office manager","https://creteunited.com/","company-site","secondary","2026-09-03","Parsed from Crete United's own brands/partners/locations page; brand's own site not independently opened. Platform sponsor: Ridgemont Equity Partners. Platform contact route: info@creteunited.com. Name derived from the partner-page URL slug ""s-mechanical""; exact legal name not confirmed."
"stateready","end-customer","platform operating brand","S&W Contracting (slug ""sw-contracting"")","","","","Local licence-holding operating company inside Crete United; its technicians' state licences, CE, bonds and insurance are exactly what StateReady tracks, and it is the day-to-day user of the product.","","general manager / office manager","https://creteunited.com/","company-site","secondary","2026-09-03","Parsed from Crete United's own brands/partners/locations page; brand's own site not independently opened. Platform sponsor: Ridgemont Equity Partners. Platform contact route: info@creteunited.com. Name derived from the partner-page URL slug ""sw-contracting""; exact legal name not confirmed."
"stateready","end-customer","platform operating brand","Swedberg Electric","","","","Local licence-holding operating company inside Crete United; its technicians' state licences, CE, bonds and insurance are exactly what StateReady tracks, and it is the day-to-day user of the product.","","general manager / office manager","https://creteunited.com/","company-site","secondary","2026-09-03","Parsed from Crete United's own brands/partners/locations page; brand's own site not independently opened. Platform sponsor: Ridgemont Equity Partners. Platform contact route: info@creteunited.com."
"stateready","end-customer","platform operating brand","Tra-Mar Mechanical","","","","Local licence-holding operating company inside Crete United; its technicians' state licences, CE, bonds and insurance are exactly what StateReady tracks, and it is the day-to-day user of the product.","","general manager / office manager","https://creteunited.com/","company-site","secondary","2026-09-03","Parsed from Crete United's own brands/partners/locations page; brand's own site not independently opened. Platform sponsor: Ridgemont Equity Partners. Platform contact route: info@creteunited.com. Name derived from the partner-page URL slug ""tra-mar-mechanical""; exact legal name not confirmed."
"stateready","end-customer","platform operating brand","Synergy Building Solutions, LLC","","Metairie, LA","","Local licence-holding operating company inside Service Logic; its technicians' state licences, CE, bonds and insurance are exactly what StateReady tracks, and it is the day-to-day user of the product.","","general manager / office manager","https://www.servicelogic.com/locations","company-site","secondary","2026-09-03","Parsed from Service Logic's own brands/partners/locations page; brand's own site not independently opened. Platform sponsor: Bain Capital + Mubadala. Platform contact route: https://www.servicelogic.com/contact."
"stateready","end-customer","platform operating brand","Pro Tech Mechanical","","Jones, OK","","Local licence-holding operating company inside Service Logic; its technicians' state licences, CE, bonds and insurance are exactly what StateReady tracks, and it is the day-to-day user of the product.","","general manager / office manager","https://www.servicelogic.com/locations","company-site","secondary","2026-09-03","Parsed from Service Logic's own brands/partners/locations page; brand's own site not independently opened. Platform sponsor: Bain Capital + Mubadala. Platform contact route: https://www.servicelogic.com/contact."
"stateready","end-customer","platform operating brand","Carolina Chillers","","Florence, SC","branches in 2 states","Local licence-holding operating company inside Service Logic; its technicians' state licences, CE, bonds and insurance are exactly what StateReady tracks, and it is the day-to-day user of the product.","","general manager / office manager","https://www.servicelogic.com/locations","company-site","secondary","2026-09-03","Parsed from Service Logic's own brands/partners/locations page; brand's own site not independently opened. Platform sponsor: Bain Capital + Mubadala. Platform contact route: https://www.servicelogic.com/contact. Operates branches in 2 states (GA, SC) per the platform locations page - a multi-state licence holder in its own right."
"stateready","end-customer","platform operating brand","Accel Air Systems","","Santa Clara, CA","","Local licence-holding operating company inside Service Logic; its technicians' state licences, CE, bonds and insurance are exactly what StateReady tracks, and it is the day-to-day user of the product.","","general manager / office manager","https://www.servicelogic.com/locations","company-site","secondary","2026-09-03","Parsed from Service Logic's own brands/partners/locations page; brand's own site not independently opened. Platform sponsor: Bain Capital + Mubadala. Platform contact route: https://www.servicelogic.com/contact."
"stateready","end-customer","platform operating brand","Air Force One","","Columbus, OH","","Local licence-holding operating company inside Service Logic; its technicians' state licences, CE, bonds and insurance are exactly what StateReady tracks, and it is the day-to-day user of the product.","","general manager / office manager","https://www.servicelogic.com/locations","company-site","secondary","2026-09-03","Parsed from Service Logic's own brands/partners/locations page; brand's own site not independently opened. Platform sponsor: Bain Capital + Mubadala. Platform contact route: https://www.servicelogic.com/contact."
"stateready","end-customer","platform operating brand","Air Texas Mechanical","","Addison, TX","","Local licence-holding operating company inside Service Logic; its technicians' state licences, CE, bonds and insurance are exactly what StateReady tracks, and it is the day-to-day user of the product.","","general manager / office manager","https://www.servicelogic.com/locations","company-site","secondary","2026-09-03","Parsed from Service Logic's own brands/partners/locations page; brand's own site not independently opened. Platform sponsor: Bain Capital + Mubadala. Platform contact route: https://www.servicelogic.com/contact."
"stateready","end-customer","platform operating brand","Airstron Mechanical","","Fort Lauderdale, FL","","Local licence-holding operating company inside Service Logic; its technicians' state licences, CE, bonds and insurance are exactly what StateReady tracks, and it is the day-to-day user of the product.","","general manager / office manager","https://www.servicelogic.com/locations","company-site","secondary","2026-09-03","Parsed from Service Logic's own brands/partners/locations page; brand's own site not independently opened. Platform sponsor: Bain Capital + Mubadala. Platform contact route: https://www.servicelogic.com/contact."
"stateready","end-customer","platform operating brand","AirTight FaciliTech","","Charlotte, NC","","Local licence-holding operating company inside Service Logic; its technicians' state licences, CE, bonds and insurance are exactly what StateReady tracks, and it is the day-to-day user of the product.","","general manager / office manager","https://www.servicelogic.com/locations","company-site","secondary","2026-09-03","Parsed from Service Logic's own brands/partners/locations page; brand's own site not independently opened. Platform sponsor: Bain Capital + Mubadala. Platform contact route: https://www.servicelogic.com/contact."
"stateready","end-customer","platform operating brand","Alpha Energy Solutions","","Calvert City, KY","branches in 5 states","Local licence-holding operating company inside Service Logic; its technicians' state licences, CE, bonds and insurance are exactly what StateReady tracks, and it is the day-to-day user of the product.","","general manager / office manager","https://www.servicelogic.com/locations","company-site","secondary","2026-09-03","Parsed from Service Logic's own brands/partners/locations page; brand's own site not independently opened. Platform sponsor: Bain Capital + Mubadala. Platform contact route: https://www.servicelogic.com/contact. Operates branches in 5 states (IL, IN, KY, OH, WV) per the platform locations page - a multi-state licence holder in its own right."
"stateready","end-customer","platform operating brand","American Energy Management","","Cromwell, CT","branches in 2 states","Local licence-holding operating company inside Service Logic; its technicians' state licences, CE, bonds and insurance are exactly what StateReady tracks, and it is the day-to-day user of the product.","","general manager / office manager","https://www.servicelogic.com/locations","company-site","secondary","2026-09-03","Parsed from Service Logic's own brands/partners/locations page; brand's own site not independently opened. Platform sponsor: Bain Capital + Mubadala. Platform contact route: https://www.servicelogic.com/contact. Operates branches in 2 states (CT, MA) per the platform locations page - a multi-state licence holder in its own right."
"stateready","end-customer","platform operating brand","Atlantic Cooling","","Carlstadt, NJ","","Local licence-holding operating company inside Service Logic; its technicians' state licences, CE, bonds and insurance are exactly what StateReady tracks, and it is the day-to-day user of the product.","","general manager / office manager","https://www.servicelogic.com/locations","company-site","secondary","2026-09-03","Parsed from Service Logic's own brands/partners/locations page; brand's own site not independently opened. Platform sponsor: Bain Capital + Mubadala. Platform contact route: https://www.servicelogic.com/contact."
"stateready","end-customer","platform operating brand","Breen & Sullivan Mechanical Services","","Newburyport, MA","","Local licence-holding operating company inside Service Logic; its technicians' state licences, CE, bonds and insurance are exactly what StateReady tracks, and it is the day-to-day user of the product.","","general manager / office manager","https://www.servicelogic.com/locations","company-site","secondary","2026-09-03","Parsed from Service Logic's own brands/partners/locations page; brand's own site not independently opened. Platform sponsor: Bain Capital + Mubadala. Platform contact route: https://www.servicelogic.com/contact."
"stateready","end-customer","platform operating brand","Brian Cox Mechanical","","Ontario, CA","","Local licence-holding operating company inside Service Logic; its technicians' state licences, CE, bonds and insurance are exactly what StateReady tracks, and it is the day-to-day user of the product.","","general manager / office manager","https://www.servicelogic.com/locations","company-site","secondary","2026-09-03","Parsed from Service Logic's own brands/partners/locations page; brand's own site not independently opened. Platform sponsor: Bain Capital + Mubadala. Platform contact route: https://www.servicelogic.com/contact."
"stateready","end-customer","platform operating brand","CBW Mechanical","","Baltimore, MD","branches in 2 states","Local licence-holding operating company inside Service Logic; its technicians' state licences, CE, bonds and insurance are exactly what StateReady tracks, and it is the day-to-day user of the product.","","general manager / office manager","https://www.servicelogic.com/locations","company-site","secondary","2026-09-03","Parsed from Service Logic's own brands/partners/locations page; brand's own site not independently opened. Platform sponsor: Bain Capital + Mubadala. Platform contact route: https://www.servicelogic.com/contact. Operates branches in 2 states (MD, VA) per the platform locations page - a multi-state licence holder in its own right."
"stateready","end-customer","platform operating brand","CMS Controls","","Marietta, GA","branches in 6 states","Local licence-holding operating company inside Service Logic; its technicians' state licences, CE, bonds and insurance are exactly what StateReady tracks, and it is the day-to-day user of the product.","","general manager / office manager","https://www.servicelogic.com/locations","company-site","secondary","2026-09-03","Parsed from Service Logic's own brands/partners/locations page; brand's own site not independently opened. Platform sponsor: Bain Capital + Mubadala. Platform contact route: https://www.servicelogic.com/contact. Operates branches in 6 states (GA, NC, OH, PA, SC, TN) per the platform locations page - a multi-state licence holder in its own right."
"stateready","end-customer","platform operating brand","Commercial Express HVAC","","Sterling, VA","","Local licence-holding operating company inside Service Logic; its technicians' state licences, CE, bonds and insurance are exactly what StateReady tracks, and it is the day-to-day user of the product.","","general manager / office manager","https://www.servicelogic.com/locations","company-site","secondary","2026-09-03","Parsed from Service Logic's own brands/partners/locations page; brand's own site not independently opened. Platform sponsor: Bain Capital + Mubadala. Platform contact route: https://www.servicelogic.com/contact."
"stateready","end-customer","platform operating brand","Commercial Mechanical","","Salt Lake City, UT","","Local licence-holding operating company inside Service Logic; its technicians' state licences, CE, bonds and insurance are exactly what StateReady tracks, and it is the day-to-day user of the product.","","general manager / office manager","https://www.servicelogic.com/locations","company-site","secondary","2026-09-03","Parsed from Service Logic's own brands/partners/locations page; brand's own site not independently opened. Platform sponsor: Bain Capital + Mubadala. Platform contact route: https://www.servicelogic.com/contact."
"stateready","end-customer","platform operating brand","Cornerstone Mechanical","","Nashville, TN","","Local licence-holding operating company inside Service Logic; its technicians' state licences, CE, bonds and insurance are exactly what StateReady tracks, and it is the day-to-day user of the product.","","general manager / office manager","https://www.servicelogic.com/locations","company-site","secondary","2026-09-03","Parsed from Service Logic's own brands/partners/locations page; brand's own site not independently opened. Platform sponsor: Bain Capital + Mubadala. Platform contact route: https://www.servicelogic.com/contact."
"stateready","end-customer","platform operating brand","CTC Building Solutions","","Cromwell, CT","","Local licence-holding operating company inside Service Logic; its technicians' state licences, CE, bonds and insurance are exactly what StateReady tracks, and it is the day-to-day user of the product.","","general manager / office manager","https://www.servicelogic.com/locations","company-site","secondary","2026-09-03","Parsed from Service Logic's own brands/partners/locations page; brand's own site not independently opened. Platform sponsor: Bain Capital + Mubadala. Platform contact route: https://www.servicelogic.com/contact."
"stateready","end-customer","platform operating brand","Delta Building Technologies","","Lombard, IL","","Local licence-holding operating company inside Service Logic; its technicians' state licences, CE, bonds and insurance are exactly what StateReady tracks, and it is the day-to-day user of the product.","","general manager / office manager","https://www.servicelogic.com/locations","company-site","secondary","2026-09-03","Parsed from Service Logic's own brands/partners/locations page; brand's own site not independently opened. Platform sponsor: Bain Capital + Mubadala. Platform contact route: https://www.servicelogic.com/contact."
"stateready","end-customer","platform operating brand","Demand Mechanical","","Nashville, TN","","Local licence-holding operating company inside Service Logic; its technicians' state licences, CE, bonds and insurance are exactly what StateReady tracks, and it is the day-to-day user of the product.","","general manager / office manager","https://www.servicelogic.com/locations","company-site","secondary","2026-09-03","Parsed from Service Logic's own brands/partners/locations page; brand's own site not independently opened. Platform sponsor: Bain Capital + Mubadala. Platform contact route: https://www.servicelogic.com/contact."
"stateready","end-customer","platform operating brand","Diversified Thermal Services","","Anaheim, CA","","Local licence-holding operating company inside Service Logic; its technicians' state licences, CE, bonds and insurance are exactly what StateReady tracks, and it is the day-to-day user of the product.","","general manager / office manager","https://www.servicelogic.com/locations","company-site","secondary","2026-09-03","Parsed from Service Logic's own brands/partners/locations page; brand's own site not independently opened. Platform sponsor: Bain Capital + Mubadala. Platform contact route: https://www.servicelogic.com/contact."
"stateready","end-customer","platform operating brand","ESSI – Electronic System Services Inc.","","Fort Myers, FL","","Local licence-holding operating company inside Service Logic; its technicians' state licences, CE, bonds and insurance are exactly what StateReady tracks, and it is the day-to-day user of the product.","","general manager / office manager","https://www.servicelogic.com/locations","company-site","secondary","2026-09-03","Parsed from Service Logic's own brands/partners/locations page; brand's own site not independently opened. Platform sponsor: Bain Capital + Mubadala. Platform contact route: https://www.servicelogic.com/contact."
"stateready","end-customer","platform operating brand","ENCON Heating & AC","","Mount Kisco, NY","branches in 2 states","Local licence-holding operating company inside Service Logic; its technicians' state licences, CE, bonds and insurance are exactly what StateReady tracks, and it is the day-to-day user of the product.","","general manager / office manager","https://www.servicelogic.com/locations","company-site","secondary","2026-09-03","Parsed from Service Logic's own brands/partners/locations page; brand's own site not independently opened. Platform sponsor: Bain Capital + Mubadala. Platform contact route: https://www.servicelogic.com/contact. Operates branches in 2 states (CT, NY) per the platform locations page - a multi-state licence holder in its own right."
"stateready","end-customer","platform operating brand","Engineered Cooling Services","","Millbrook, AL","branches in 2 states","Local licence-holding operating company inside Service Logic; its technicians' state licences, CE, bonds and insurance are exactly what StateReady tracks, and it is the day-to-day user of the product.","","general manager / office manager","https://www.servicelogic.com/locations","company-site","secondary","2026-09-03","Parsed from Service Logic's own brands/partners/locations page; brand's own site not independently opened. Platform sponsor: Bain Capital + Mubadala. Platform contact route: https://www.servicelogic.com/contact. Operates branches in 2 states (AL, FL) per the platform locations page - a multi-state licence holder in its own right."
"stateready","end-customer","platform operating brand","Gentry Service Group","","Swannanoa, NC","","Local licence-holding operating company inside Service Logic; its technicians' state licences, CE, bonds and insurance are exactly what StateReady tracks, and it is the day-to-day user of the product.","","general manager / office manager","https://www.servicelogic.com/locations","company-site","secondary","2026-09-03","Parsed from Service Logic's own brands/partners/locations page; brand's own site not independently opened. Platform sponsor: Bain Capital + Mubadala. Platform contact route: https://www.servicelogic.com/contact."
"stateready","end-customer","platform operating brand","Hawks & Company","","Deptford, NJ","branches in 2 states","Local licence-holding operating company inside Service Logic; its technicians' state licences, CE, bonds and insurance are exactly what StateReady tracks, and it is the day-to-day user of the product.","","general manager / office manager","https://www.servicelogic.com/locations","company-site","secondary","2026-09-03","Parsed from Service Logic's own brands/partners/locations page; brand's own site not independently opened. Platform sponsor: Bain Capital + Mubadala. Platform contact route: https://www.servicelogic.com/contact. Operates branches in 2 states (DE, NJ) per the platform locations page - a multi-state licence holder in its own right."
"stateready","end-customer","platform operating brand","HSA Mechanical","","Allentown, PA","","Local licence-holding operating company inside Service Logic; its technicians' state licences, CE, bonds and insurance are exactly what StateReady tracks, and it is the day-to-day user of the product.","","general manager / office manager","https://www.servicelogic.com/locations","company-site","secondary","2026-09-03","Parsed from Service Logic's own brands/partners/locations page; brand's own site not independently opened. Platform sponsor: Bain Capital + Mubadala. Platform contact route: https://www.servicelogic.com/contact."
"stateready","end-customer","platform operating brand","Huckestein Mechanical","","Pittsburgh, PA","","Local licence-holding operating company inside Service Logic; its technicians' state licences, CE, bonds and insurance are exactly what StateReady tracks, and it is the day-to-day user of the product.","","general manager / office manager","https://www.servicelogic.com/locations","company-site","secondary","2026-09-03","Parsed from Service Logic's own brands/partners/locations page; brand's own site not independently opened. Platform sponsor: Bain Capital + Mubadala. Platform contact route: https://www.servicelogic.com/contact."
"stateready","end-customer","platform operating brand","HVH Mechanical Partners","","Covington, GA","","Local licence-holding operating company inside Service Logic; its technicians' state licences, CE, bonds and insurance are exactly what StateReady tracks, and it is the day-to-day user of the product.","","general manager / office manager","https://www.servicelogic.com/locations","company-site","secondary","2026-09-03","Parsed from Service Logic's own brands/partners/locations page; brand's own site not independently opened. Platform sponsor: Bain Capital + Mubadala. Platform contact route: https://www.servicelogic.com/contact."
"stateready","end-customer","platform operating brand","IES - Indoor Environmental Services","","Pleasanton, CA","","Local licence-holding operating company inside Service Logic; its technicians' state licences, CE, bonds and insurance are exactly what StateReady tracks, and it is the day-to-day user of the product.","","general manager / office manager","https://www.servicelogic.com/locations","company-site","secondary","2026-09-03","Parsed from Service Logic's own brands/partners/locations page; brand's own site not independently opened. Platform sponsor: Bain Capital + Mubadala. Platform contact route: https://www.servicelogic.com/contact."
"stateready","end-customer","platform operating brand","Kerney & Associates","","Dunn, NC","branches in 2 states","Local licence-holding operating company inside Service Logic; its technicians' state licences, CE, bonds and insurance are exactly what StateReady tracks, and it is the day-to-day user of the product.","","general manager / office manager","https://www.servicelogic.com/locations","company-site","secondary","2026-09-03","Parsed from Service Logic's own brands/partners/locations page; brand's own site not independently opened. Platform sponsor: Bain Capital + Mubadala. Platform contact route: https://www.servicelogic.com/contact. Operates branches in 2 states (FL, NC) per the platform locations page - a multi-state licence holder in its own right."
"stateready","end-customer","platform operating brand","Maxair Mechanical","","Duluth, GA","","Local licence-holding operating company inside Service Logic; its technicians' state licences, CE, bonds and insurance are exactly what StateReady tracks, and it is the day-to-day user of the product.","","general manager / office manager","https://www.servicelogic.com/locations","company-site","secondary","2026-09-03","Parsed from Service Logic's own brands/partners/locations page; brand's own site not independently opened. Platform sponsor: Bain Capital + Mubadala. Platform contact route: https://www.servicelogic.com/contact."
"stateready","end-customer","platform operating brand","Midwest Mechanical","","Lombard, IL","","Local licence-holding operating company inside Service Logic; its technicians' state licences, CE, bonds and insurance are exactly what StateReady tracks, and it is the day-to-day user of the product.","","general manager / office manager","https://www.servicelogic.com/locations","company-site","secondary","2026-09-03","Parsed from Service Logic's own brands/partners/locations page; brand's own site not independently opened. Platform sponsor: Bain Capital + Mubadala. Platform contact route: https://www.servicelogic.com/contact."
"stateready","end-customer","platform operating brand","Modern Heating & Air","","Minneapolis, MN","","Local licence-holding operating company inside Service Logic; its technicians' state licences, CE, bonds and insurance are exactly what StateReady tracks, and it is the day-to-day user of the product.","","general manager / office manager","https://www.servicelogic.com/locations","company-site","secondary","2026-09-03","Parsed from Service Logic's own brands/partners/locations page; brand's own site not independently opened. Platform sponsor: Bain Capital + Mubadala. Platform contact route: https://www.servicelogic.com/contact."
"stateready","end-customer","platform operating brand","NAC Mechanical Services","","Gaithersburg, MD","","Local licence-holding operating company inside Service Logic; its technicians' state licences, CE, bonds and insurance are exactly what StateReady tracks, and it is the day-to-day user of the product.","","general manager / office manager","https://www.servicelogic.com/locations","company-site","secondary","2026-09-03","Parsed from Service Logic's own brands/partners/locations page; brand's own site not independently opened. Platform sponsor: Bain Capital + Mubadala. Platform contact route: https://www.servicelogic.com/contact."
"stateready","end-customer","platform operating brand","National HVAC Service","","Fort Smith, AR","branches in 3 states","Local licence-holding operating company inside Service Logic; its technicians' state licences, CE, bonds and insurance are exactly what StateReady tracks, and it is the day-to-day user of the product.","","general manager / office manager","https://www.servicelogic.com/locations","company-site","secondary","2026-09-03","Parsed from Service Logic's own brands/partners/locations page; brand's own site not independently opened. Platform sponsor: Bain Capital + Mubadala. Platform contact route: https://www.servicelogic.com/contact. Operates branches in 3 states (AR, DE, TN) per the platform locations page - a multi-state licence holder in its own right."
"stateready","end-customer","platform operating brand","Piedmont Service Group","","Chesapeake, VA","branches in 3 states","Local licence-holding operating company inside Service Logic; its technicians' state licences, CE, bonds and insurance are exactly what StateReady tracks, and it is the day-to-day user of the product.","","general manager / office manager","https://www.servicelogic.com/locations","company-site","secondary","2026-09-03","Parsed from Service Logic's own brands/partners/locations page; brand's own site not independently opened. Platform sponsor: Bain Capital + Mubadala. Platform contact route: https://www.servicelogic.com/contact. Operates branches in 3 states (NC, SC, VA) per the platform locations page - a multi-state licence holder in its own right."
"stateready","end-customer","platform operating brand","Precision Air Systems","","Wellington, FL","","Local licence-holding operating company inside Service Logic; its technicians' state licences, CE, bonds and insurance are exactly what StateReady tracks, and it is the day-to-day user of the product.","","general manager / office manager","https://www.servicelogic.com/locations","company-site","secondary","2026-09-03","Parsed from Service Logic's own brands/partners/locations page; brand's own site not independently opened. Platform sponsor: Bain Capital + Mubadala. Platform contact route: https://www.servicelogic.com/contact."
"stateready","end-customer","platform operating brand","PSR Mechanical","","Seattle, WA","","Local licence-holding operating company inside Service Logic; its technicians' state licences, CE, bonds and insurance are exactly what StateReady tracks, and it is the day-to-day user of the product.","","general manager / office manager","https://www.servicelogic.com/locations","company-site","secondary","2026-09-03","Parsed from Service Logic's own brands/partners/locations page; brand's own site not independently opened. Platform sponsor: Bain Capital + Mubadala. Platform contact route: https://www.servicelogic.com/contact."
"stateready","end-customer","platform operating brand","Sander Mechanical","","Branchburg, NJ","","Local licence-holding operating company inside Service Logic; its technicians' state licences, CE, bonds and insurance are exactly what StateReady tracks, and it is the day-to-day user of the product.","","general manager / office manager","https://www.servicelogic.com/locations","company-site","secondary","2026-09-03","Parsed from Service Logic's own brands/partners/locations page; brand's own site not independently opened. Platform sponsor: Bain Capital + Mubadala. Platform contact route: https://www.servicelogic.com/contact."
"stateready","end-customer","platform operating brand","Shawsheen Air Services","","Chelmsford, MA","","Local licence-holding operating company inside Service Logic; its technicians' state licences, CE, bonds and insurance are exactly what StateReady tracks, and it is the day-to-day user of the product.","","general manager / office manager","https://www.servicelogic.com/locations","company-site","secondary","2026-09-03","Parsed from Service Logic's own brands/partners/locations page; brand's own site not independently opened. Platform sponsor: Bain Capital + Mubadala. Platform contact route: https://www.servicelogic.com/contact."
"stateready","end-customer","platform operating brand","South Coast Facility Services","","Anaheim, CA","","Local licence-holding operating company inside Service Logic; its technicians' state licences, CE, bonds and insurance are exactly what StateReady tracks, and it is the day-to-day user of the product.","","general manager / office manager","https://www.servicelogic.com/locations","company-site","secondary","2026-09-03","Parsed from Service Logic's own brands/partners/locations page; brand's own site not independently opened. Platform sponsor: Bain Capital + Mubadala. Platform contact route: https://www.servicelogic.com/contact."
"stateready","end-customer","platform operating brand","Thornton Service","","Rockville, MD","","Local licence-holding operating company inside Service Logic; its technicians' state licences, CE, bonds and insurance are exactly what StateReady tracks, and it is the day-to-day user of the product.","","general manager / office manager","https://www.servicelogic.com/locations","company-site","secondary","2026-09-03","Parsed from Service Logic's own brands/partners/locations page; brand's own site not independently opened. Platform sponsor: Bain Capital + Mubadala. Platform contact route: https://www.servicelogic.com/contact."
"stateready","end-customer","platform operating brand","Tolin Mechanical","","Colorado Springs, CO","branches in 3 states","Local licence-holding operating company inside Service Logic; its technicians' state licences, CE, bonds and insurance are exactly what StateReady tracks, and it is the day-to-day user of the product.","","general manager / office manager","https://www.servicelogic.com/locations","company-site","secondary","2026-09-03","Parsed from Service Logic's own brands/partners/locations page; brand's own site not independently opened. Platform sponsor: Bain Capital + Mubadala. Platform contact route: https://www.servicelogic.com/contact. Operates branches in 3 states (AZ, CO, MD) per the platform locations page - a multi-state licence holder in its own right."
"stateready","end-customer","platform operating brand","Yale Mechanical","","Minneapolis, MN","","Local licence-holding operating company inside Service Logic; its technicians' state licences, CE, bonds and insurance are exactly what StateReady tracks, and it is the day-to-day user of the product.","","general manager / office manager","https://www.servicelogic.com/locations","company-site","secondary","2026-09-03","Parsed from Service Logic's own brands/partners/locations page; brand's own site not independently opened. Platform sponsor: Bain Capital + Mubadala. Platform contact route: https://www.servicelogic.com/contact."
"stateready","end-customer","platform operating brand","Automated Solutions Group","","San Jose, CA","","Local licence-holding operating company inside Service Logic; its technicians' state licences, CE, bonds and insurance are exactly what StateReady tracks, and it is the day-to-day user of the product.","","general manager / office manager","https://www.servicelogic.com/locations","company-site","secondary","2026-09-03","Parsed from Service Logic's own brands/partners/locations page; brand's own site not independently opened. Platform sponsor: Bain Capital + Mubadala. Platform contact route: https://www.servicelogic.com/contact."
"stateready","end-customer","platform operating brand","Comfort Flow","","Coos Bay, OR","","Local licence-holding operating company inside Service Logic; its technicians' state licences, CE, bonds and insurance are exactly what StateReady tracks, and it is the day-to-day user of the product.","","general manager / office manager","https://www.servicelogic.com/locations","company-site","secondary","2026-09-03","Parsed from Service Logic's own brands/partners/locations page; brand's own site not independently opened. Platform sponsor: Bain Capital + Mubadala. Platform contact route: https://www.servicelogic.com/contact."
"stateready","end-customer","platform operating brand","ACES Automatic Controls","","Fenton, MO","","Local licence-holding operating company inside Service Logic; its technicians' state licences, CE, bonds and insurance are exactly what StateReady tracks, and it is the day-to-day user of the product.","","general manager / office manager","https://www.servicelogic.com/locations","company-site","secondary","2026-09-03","Parsed from Service Logic's own brands/partners/locations page; brand's own site not independently opened. Platform sponsor: Bain Capital + Mubadala. Platform contact route: https://www.servicelogic.com/contact."
"stateready","end-customer","platform operating brand","Reno Bros Mechanical","","Rochester, PA","","Local licence-holding operating company inside Service Logic; its technicians' state licences, CE, bonds and insurance are exactly what StateReady tracks, and it is the day-to-day user of the product.","","general manager / office manager","https://www.servicelogic.com/locations","company-site","secondary","2026-09-03","Parsed from Service Logic's own brands/partners/locations page; brand's own site not independently opened. Platform sponsor: Bain Capital + Mubadala. Platform contact route: https://www.servicelogic.com/contact."
"stateready","end-customer","platform operating brand","CMS Controls - Ohio","","Dublin, OH","","Local licence-holding operating company inside Service Logic; its technicians' state licences, CE, bonds and insurance are exactly what StateReady tracks, and it is the day-to-day user of the product.","","general manager / office manager","https://www.servicelogic.com/locations","company-site","secondary","2026-09-03","Parsed from Service Logic's own brands/partners/locations page; brand's own site not independently opened. Platform sponsor: Bain Capital + Mubadala. Platform contact route: https://www.servicelogic.com/contact."
"stateready","partner","licence expediting / compliance firm","API Processing","https://apiprocessing.com","Fort Lauderdale, FL","Own site claims 30 years and licensing ""across all 50 states""","Already files and renews contractor licences across states for exactly StateReady's buyers; can refer tracking subscriptions or resell the state-expansion report as a productised add-on.","https://apiprocessing.com/contact/","owner / director of licensing","https://apiprocessing.com/","company-site","verified","2026-09-03","Named in the StateReady idea evidence as an existing manual agency. Also offers qualifier placement. No self-serve tracking SaaS found on the site, so partner rather than competitor."
"stateready","partner","licence expediting / compliance firm","A1 Contractor Services","https://a1contractorservices.com","","Own site title lists CA, WA, NV, AZ, OR, NM, ID, UT","Already files and renews contractor licences across states for exactly StateReady's buyers; can refer tracking subscriptions or resell the state-expansion report as a productised add-on.","https://a1contractorservices.com/contact-us/","owner / director of licensing","https://a1contractorservices.com/","company-site","verified","2026-09-03","Western-states licence application and renewal filing service."
"stateready","partner","licence expediting / compliance firm","Nationwide Contractor Licensing (contractor-state-license.com)","https://contractor-state-license.com","","","Already files and renews contractor licences across states for exactly StateReady's buyers; can refer tracking subscriptions or resell the state-expansion report as a productised add-on.","https://contractor-state-license.com/contact-us","owner / director of licensing","https://contractor-state-license.com/","company-site","verified","2026-09-03","Publishes a reciprocity guide cited in the StateReady idea evidence. Generic mailbox on site is Updates@NationwideContractorLicensing.com."
"stateready","partner","licence expediting / compliance firm","Special Trade Services","https://specialtradeservices.com","New York, NY","","Already files and renews contractor licences across states for exactly StateReady's buyers; can refer tracking subscriptions or resell the state-expansion report as a productised add-on.","sales@specialtradeservices.com","owner / director of licensing","https://specialtradeservices.com/","company-site","verified","2026-09-03","Contractor licensing, insurance and NYC permit expediting. Has an internal ""App Tracker"" for application status and does renewals by hand - adjacent but not a multi-state tracking SaaS; re-check overlap before outreach."
"stateready","partner","licence expediting / compliance firm","Contractors License Guru","https://contractorslicenseguru.com","California","","Already files and renews contractor licences across states for exactly StateReady's buyers; can refer tracking subscriptions or resell the state-expansion report as a productised add-on.","https://contractorslicenseguru.com/contact-us/","owner","https://contractorslicenseguru.com/","company-site","verified","2026-09-03","Named in the app brief. California-focused CSLB licence service."
"stateready","partner","licence expediting / compliance firm","Contractor Licensing Inc.","https://contractorlicensinginc.com","Florida","Own site claims one of the nation's most extensive qualifier databases","Already files and renews contractor licences across states for exactly StateReady's buyers; can refer tracking subscriptions or resell the state-expansion report as a productised add-on.","https://contractorlicensinginc.com/contact/","owner","https://contractorlicensinginc.com/","company-site","verified","2026-09-03","Licence applications plus qualifier placement nationwide."
"stateready","partner","licence expediting / compliance firm","Licensing Connection","https://licensingconnection.com","","","Already files and renews contractor licences across states for exactly StateReady's buyers; can refer tracking subscriptions or resell the state-expansion report as a productised add-on.","hello@licensingconnection.com","owner","https://licensingconnection.com/","company-site","verified","2026-09-03","Contractor licensing services and qualifier placement nationwide."
"stateready","partner","licence expediting / compliance firm","Licensed Contractor Qualifier Network","https://www.contractorqualify.com","","Own site title claims ""All 50 States""","Already files and renews contractor licences across states for exactly StateReady's buyers; can refer tracking subscriptions or resell the state-expansion report as a productised add-on.","https://www.contractorqualify.com/","owner","https://www.contractorqualify.com/","company-site","verified","2026-09-03","Qualifier placement network - qualifiers are the individual licence holders StateReady would track."
"stateready","partner","licence expediting / compliance firm","The Exam Pros","https://theexampros.com","Florida","","Already files and renews contractor licences across states for exactly StateReady's buyers; can refer tracking subscriptions or resell the state-expansion report as a productised add-on.","https://theexampros.com/pages/contact-us","owner","https://theexampros.com/","company-site","verified","2026-09-03","Florida contractor school that also sells licence placement/qualifier services."
"stateready","partner","licence expediting / compliance firm","CSC (Corporation Service Company)","https://www.cscglobal.com","Wilmington, DE","","Already files and renews contractor licences across states for exactly StateReady's buyers; can refer tracking subscriptions or resell the state-expansion report as a productised add-on.","https://www.cscglobal.com/cscglobal/home/","head of partnerships","https://www.cscglobal.com/cscglobal/home/","company-site","verified","2026-09-03","Named in the app brief for contractor licence services. Large corporate-compliance provider; confirm whether its licence-management software overlaps before outreach."
"stateready","partner","licence expediting / compliance firm","National Contractor License Agency","","","","Already files and renews contractor licences across states for exactly StateReady's buyers; can refer tracking subscriptions or resell the state-expansion report as a productised add-on.","","owner","https://www.nascla.org/membership-directory/corporate","association-directory","secondary","2026-09-03","Listed as a NASCLA corporate member. Website not confirmed from this environment, so left empty."
"stateready","partner","licence expediting / compliance firm","Contractor Licensing Pros","https://contractorlicensingpros.com","","","Already files and renews contractor licences across states for exactly StateReady's buyers; can refer tracking subscriptions or resell the state-expansion report as a productised add-on.","","owner","https://contractorlicensingpros.com/qualifier-placement-services/","directory","unverified","2026-09-03","Site returned HTTP 403 to this environment; found via search result listing for qualifier placement services."
"stateready","partner","licence expediting / compliance firm","Contractor Qualifier Connect","https://contractorqualifierconnect.com","","Search listing states coverage in FL, CA, GA, NC and TX","Already files and renews contractor licences across states for exactly StateReady's buyers; can refer tracking subscriptions or resell the state-expansion report as a productised add-on.","","owner","https://contractorqualifierconnect.com/qualifier-placement-services/","directory","unverified","2026-09-03","Site returned HTTP 403 to this environment."
"stateready","partner","licence expediting / compliance firm","National Qualifier Network","https://nationalqualifiernetwork.com","","","Already files and renews contractor licences across states for exactly StateReady's buyers; can refer tracking subscriptions or resell the state-expansion report as a productised add-on.","","owner","https://nationalqualifiernetwork.com/","directory","unverified","2026-09-03","Site did not resolve from this environment (curl exit 000)."
"stateready","partner","exam prep / CE school","NASCLA","https://www.nascla.org","Phoenix, AZ","Publishes a 50-state-plus-territories Contractor State Licensing Information Directory and 28 state guidebooks","Sells contractor exam prep and state-approved continuing education to exactly the technicians whose CE hours StateReady tracks; natural bundling or referral partner (StateReady tells the shop what CE is missing, the school sells the hours). Also the authoritative cross-state accreditation body whose exam is the reciprocity backbone.","info@nascla.org","executive director","https://www.nascla.org/","company-site","verified","2026-09-03","National Association of State Contractors Licensing Agencies. Its member directory is the best public list of state licensing boards."
"stateready","partner","exam prep / CE school","Contractor Campus","https://www.contractorcampus.com","Florida","","Sells contractor exam prep and state-approved continuing education to exactly the technicians whose CE hours StateReady tracks; natural bundling or referral partner (StateReady tells the shop what CE is missing, the school sells the hours).","https://www.contractorcampus.com/","owner","https://www.contractorcampus.com/","company-site","verified","2026-09-03","Named in the app brief. NOTE: contractorcampus.com (without www) resolved to an unrelated gambling domain, so only the www host was used."
"stateready","partner","exam prep / CE school","AtHomePrep","https://www.athomeprep.com","","","Sells contractor exam prep and state-approved continuing education to exactly the technicians whose CE hours StateReady tracks; natural bundling or referral partner (StateReady tells the shop what CE is missing, the school sells the hours).","https://www.athomeprep.com/","owner","https://www.athomeprep.com/","company-site","verified","2026-09-03","Named in the app brief. Online contractor exam prep and CE."
"stateready","partner","exam prep / CE school","Gold Coast Schools","https://goldcoastschools.com","Florida","","Sells contractor exam prep and state-approved continuing education to exactly the technicians whose CE hours StateReady tracks; natural bundling or referral partner (StateReady tells the shop what CE is missing, the school sells the hours).","info@goldcoastschools.com","director of education","https://goldcoastschools.com/","company-site","verified","2026-09-03","Named in the app brief. Florida licence education across construction, real estate and insurance."
"stateready","partner","exam prep / CE school","1 Exam Prep","https://1examprep.com","Florida","","Sells contractor exam prep and state-approved continuing education to exactly the technicians whose CE hours StateReady tracks; natural bundling or referral partner (StateReady tells the shop what CE is missing, the school sells the hours).","sales@1examprep.com","owner","https://1examprep.com/","company-site","verified","2026-09-03","Named in the app brief. Contractor licensing school selling exam prep in many states."
"stateready","partner","exam prep / CE school","Contractor Training Center","https://contractortrainingcenter.com","","Own product page advertises a licence application fulfilment service with a 95% first-time approval rate","Sells contractor exam prep and state-approved continuing education to exactly the technicians whose CE hours StateReady tracks; natural bundling or referral partner (StateReady tells the shop what CE is missing, the school sells the hours). It also runs a licence application fulfilment service, so it touches both the exam and the filing.","https://contractortrainingcenter.com/pages/contact-us","owner","https://contractortrainingcenter.com/","company-site","verified","2026-09-03","Exam prep plus application fulfilment - dual partner motion."
"stateready","partner","exam prep / CE school","PSI Services","https://www.psiexams.com","Glendale, CA","Delivers licensing exams for state agencies nationwide","Sells contractor exam prep and state-approved continuing education to exactly the technicians whose CE hours StateReady tracks; natural bundling or referral partner (StateReady tells the shop what CE is missing, the school sells the hours). As the exam delivery vendor for many state boards it is a channel into every newly licensed contractor.","https://www.psiexams.com/contact-psi/","head of partnerships","https://www.psiexams.com/","company-site","verified","2026-09-03","Also a NASCLA corporate member. Named in the app brief as a channel."
"stateready","partner","exam prep / CE school","Prometric","https://www.prometric.com","Baltimore, MD","","Sells contractor exam prep and state-approved continuing education to exactly the technicians whose CE hours StateReady tracks; natural bundling or referral partner (StateReady tells the shop what CE is missing, the school sells the hours).","","head of partnerships","https://www.prometric.com/","company-site","unverified","2026-09-03","Named in the app brief. Site returned HTTP 403 to this environment, so not independently opened."
"stateready","partner","exam prep / CE school","Interplay Learning","https://www.interplaylearning.com","Austin, TX","","Sells contractor exam prep and state-approved continuing education to exactly the technicians whose CE hours StateReady tracks; natural bundling or referral partner (StateReady tells the shop what CE is missing, the school sells the hours). Sells simulation-based HVAC/electrical/plumbing training and CE to contractor employers.","sales@interplaylearning.com","head of partnerships","https://www.interplaylearning.com/","company-site","verified","2026-09-03","Named in the app brief. Sells into the same back office that would buy StateReady."
"stateready","partner","exam prep / CE school","HVAC Know It All","https://hvacknowitall.com","","","Sells contractor exam prep and state-approved continuing education to exactly the technicians whose CE hours StateReady tracks; natural bundling or referral partner (StateReady tells the shop what CE is missing, the school sells the hours). Runs training content and a large HVAC audience.","https://hvacknowitall.com/contact-us","head of partnerships","https://hvacknowitall.com/","company-site","verified","2026-09-03","Named in the app brief; also usable as a media channel."
"stateready","partner","surety bond / contractor insurance","Lance Surety Bonds","https://www.lancesuretybonds.com","Doylestown, PA","Own site states bonding in all 50 states, established 2010","Writes and renews the contractor licence bonds and insurance certificates that lapse alongside licences; every bond renewal is a StateReady trigger event and every new state a contractor enters needs a new bond.","info@lancesuretybonds.com","head of partnerships","https://www.lancesuretybonds.com/","company-site","verified","2026-09-03","One of the largest online contractor licence bond producers."
"stateready","partner","surety bond / contractor insurance","Surety1","https://surety1.com","","Own site states licensed in all 50 states with 15+ A-rated sureties","Writes and renews the contractor licence bonds and insurance certificates that lapse alongside licences; every bond renewal is a StateReady trigger event and every new state a contractor enters needs a new bond.","https://surety1.com/","head of partnerships","https://surety1.com/","company-site","verified","2026-09-03","Surety-bond-only agency."
"stateready","partner","surety bond / contractor insurance","SuretyBonds.com","https://www.suretybonds.com","Columbia, MO","","Writes and renews the contractor licence bonds and insurance certificates that lapse alongside licences; every bond renewal is a StateReady trigger event and every new state a contractor enters needs a new bond.","https://www.suretybonds.com/","head of partnerships","https://www.suretybonds.com/","company-site","verified","2026-09-03","National direct-to-contractor bond agency."
"stateready","partner","surety bond / contractor insurance","NNA Surety Bonds","https://www.nnasuretybonds.com","","","Writes and renews the contractor licence bonds and insurance certificates that lapse alongside licences; every bond renewal is a StateReady trigger event and every new state a contractor enters needs a new bond.","https://www.nnasuretybonds.com/","head of partnerships","https://www.nnasuretybonds.com/","company-site","verified","2026-09-03","Listed as a NASCLA corporate member, so already embedded with state licensing agencies."
"stateready","partner","surety bond / contractor insurance","EveryBond","https://www.everybond.com","","","Writes and renews the contractor licence bonds and insurance certificates that lapse alongside licences; every bond renewal is a StateReady trigger event and every new state a contractor enters needs a new bond.","https://www.everybond.com/contact-us/","head of partnerships","https://www.everybond.com/","company-site","verified","2026-09-03","Nationwide surety bond agency."
"stateready","partner","surety bond / contractor insurance","Contractors State Insurance Agency (CSIA)","https://www.csia.com","Sacramento, CA","Own site states it sits across from the California CSLB","Writes and renews the contractor licence bonds and insurance certificates that lapse alongside licences; every bond renewal is a StateReady trigger event and every new state a contractor enters needs a new bond.","https://www.csia.com/","head of partnerships","https://www.csia.com/","company-site","verified","2026-09-03","California contractor bond specialist writing with American Contractors Indemnity."
"stateready","partner","surety bond / contractor insurance","Bonding Solutions","https://bondingsolutions.com","","","Writes and renews the contractor licence bonds and insurance certificates that lapse alongside licences; every bond renewal is a StateReady trigger event and every new state a contractor enters needs a new bond.","https://bondingsolutions.com/contact/","head of partnerships","https://bondingsolutions.com/","company-site","verified","2026-09-03","Online contractor licence bond agency."
"stateready","partner","surety bond / contractor insurance","Viking Bond Service","https://www.performancesuretybonds.com","","","Writes and renews the contractor licence bonds and insurance certificates that lapse alongside licences; every bond renewal is a StateReady trigger event and every new state a contractor enters needs a new bond.","https://www.performancesuretybonds.com/ref/contact-us/","head of partnerships","https://www.performancesuretybonds.com/","company-site","verified","2026-09-03","Nationwide commercial, contract and fidelity bond agency."
"stateready","partner","surety bond / contractor insurance","Worldwide Insurance Specialists (WWIS)","https://www.wwisinc.com","Arizona","Search listing states it is licensed in all 50 states","Writes and renews the contractor licence bonds and insurance certificates that lapse alongside licences; every bond renewal is a StateReady trigger event and every new state a contractor enters needs a new bond.","","head of partnerships","https://www.wwisinc.com/contractor-license-bond","directory","unverified","2026-09-03","Site returned HTTP 403 to this environment."
"stateready","partner","surety bond / contractor insurance","Federated Insurance","https://www.federatedinsurance.com","Owatonna, MN","","Writes and renews the contractor licence bonds and insurance certificates that lapse alongside licences; every bond renewal is a StateReady trigger event and every new state a contractor enters needs a new bond. Endorsed insurance partner of PHCC, so a warm route into the plumbing/HVAC membership.","","head of partnerships","https://www.phccweb.org/","association-directory","secondary","2026-09-03","Found as PHCC national association member-benefit partner; its own site not independently opened."
"stateready","partner","field service software vendor","ServiceTitan","https://www.servicetitan.com","Glendale, CA","","Runs the back office of the exact contractors StateReady serves; a licence/CE compliance module is a gap in each product, so an integration or referral partnership reaches thousands of shops at once.","https://www.servicetitan.com/","head of partnerships","https://www.servicetitan.com/","company-site","verified","2026-09-03","Checked for a licence-tracking feature: found certification programs for its own software users and technician profile management, but no state-licence/CE expiry module - so partner, not excluded. Recheck before outreach."
"stateready","partner","field service software vendor","Housecall Pro","https://www.housecallpro.com","San Diego, CA","","Runs the back office of the exact contractors StateReady serves; a licence/CE compliance module is a gap in each product, so an integration or referral partnership reaches thousands of shops at once.","support@housecallpro.com","head of partnerships","https://www.housecallpro.com/","company-site","verified","2026-09-03","No licence-tracking module found on its own site."
"stateready","partner","field service software vendor","Jobber","https://getjobber.com","Edmonton, AB","","Runs the back office of the exact contractors StateReady serves; a licence/CE compliance module is a gap in each product, so an integration or referral partnership reaches thousands of shops at once.","","head of partnerships","https://getjobber.com/","company-site","unverified","2026-09-03","Site returned HTTP 403 to this environment."
"stateready","partner","field service software vendor","FieldEdge","https://fieldedge.com","Fort Myers, FL","","Runs the back office of the exact contractors StateReady serves; a licence/CE compliance module is a gap in each product, so an integration or referral partnership reaches thousands of shops at once.","sales@fieldedge.com","head of partnerships","https://fieldedge.com/","company-site","verified","2026-09-03","No licence-tracking module found on its own site."
"stateready","partner","field service software vendor","Successware","https://www.successware.com","Herndon, VA","","Runs the back office of the exact contractors StateReady serves; a licence/CE compliance module is a gap in each product, so an integration or referral partnership reaches thousands of shops at once.","https://www.successware.com/contact-us/","head of partnerships","https://www.successware.com/","company-site","verified","2026-09-03","No licence-tracking module found on its own site."
"stateready","partner","field service software vendor","XOi Technologies","https://xoi.io","Nashville, TN","","Runs the back office of the exact contractors StateReady serves; a licence/CE compliance module is a gap in each product, so an integration or referral partnership reaches thousands of shops at once.","info@xoi.io","head of partnerships","https://xoi.io/","company-site","verified","2026-09-03","Field technician documentation and asset intelligence - complementary, not competing."
"stateready","partner","field service software vendor","Sera Systems","https://sera.tech","Dallas, TX","","Runs the back office of the exact contractors StateReady serves; a licence/CE compliance module is a gap in each product, so an integration or referral partnership reaches thousands of shops at once.","https://sera.tech/","head of partnerships","https://sera.tech/","company-site","verified","2026-09-03","Field service management software for HVAC/plumbing/electrical."
"stateready","partner","field service software vendor","Workiz","https://www.workiz.com","San Diego, CA","","Runs the back office of the exact contractors StateReady serves; a licence/CE compliance module is a gap in each product, so an integration or referral partnership reaches thousands of shops at once.","info@workiz.com","head of partnerships","https://www.workiz.com/","company-site","verified","2026-09-03","Field service software for small trade shops."
"stateready","partner","national trade association","Air Conditioning Contractors of America (ACCA)","https://www.acca.org","Alexandria, VA","Runs a ""State License and CEU Credits"" education track on its own site","National body whose members are the licensed trade contractors StateReady serves; it already publishes state-by-state licensing guidance, so a member-benefit or endorsed-vendor deal reaches thousands of shops at once.","https://www.acca.org/contact","head of membership / education director","https://www.acca.org/home","company-site","verified","2026-09-03","Runs state associations, MIX groups and an accreditation program; state licence/CEU credit is already an explicit ACCA education category."
"stateready","partner","national trade association","Plumbing-Heating-Cooling Contractors Association (PHCC)","https://www.phccweb.org","Falls Church, VA","Runs a Chapter Connect directory of state and local chapters","National body whose members are the licensed trade contractors StateReady serves; it already publishes state-by-state licensing guidance, so a member-benefit or endorsed-vendor deal reaches thousands of shops at once.","customercare@naphcc.org","head of membership / education director","https://www.phccweb.org/","company-site","verified","2026-09-03","Chapter Connect search is JS-driven and returned no static rows to curl; a future agent should query its chapter API."
"stateready","partner","national trade association","Independent Electrical Contractors (IEC)","https://ieci.org","Nashville, TN","Own site states 54 chapters and over 4,300 member companies","National body whose members are the licensed trade contractors StateReady serves; it already publishes state-by-state licensing guidance, so a member-benefit or endorsed-vendor deal reaches thousands of shops at once.","communications@ieci.org","head of membership / education director","https://ieci.org/membership/chapters/","company-site","verified","2026-09-03","Chapter list is rendered by JS map; only the 54-chapter count is static."
"stateready","partner","national trade association","National Electrical Contractors Association (NECA)","https://www.necanet.org","Bethesda, MD","","National body whose members are the licensed trade contractors StateReady serves; it already publishes state-by-state licensing guidance, so a member-benefit or endorsed-vendor deal reaches thousands of shops at once.","","head of membership / education director","https://www.necanet.org/","company-site","unverified","2026-09-03","Named in the app brief. Site returned HTTP 403 to this environment twice, so not independently opened."
"stateready","partner","national trade association","National Roofing Contractors Association (NRCA)","https://www.nrca.net","Rosemont, IL","","National body whose members are the licensed trade contractors StateReady serves; it already publishes state-by-state licensing guidance, so a member-benefit or endorsed-vendor deal reaches thousands of shops at once.","https://nrca.net/contact","head of membership / education director","https://www.nrca.net/","company-site","verified","2026-09-03","Roofing licensing is state- and often county-level, which is the sharpest reciprocity pain in the roofing segment."
"stateready","partner","national trade association","Mechanical Contractors Association of America (MCAA)","https://www.mcaa.org","Rockville, MD","Runs an Association Executives Council of local affiliated associations across the US","National body whose members are the licensed trade contractors StateReady serves; it already publishes state-by-state licensing guidance, so a member-benefit or endorsed-vendor deal reaches thousands of shops at once.","https://www.mcaa.org/contact-us/","head of membership / education director","https://www.mcaa.org/","company-site","verified","2026-09-03","Local-affiliate directory sits behind a Salesforce community (member.mcaa.org) and returned nothing to curl."
"stateready","partner","national trade association","Sheet Metal and Air Conditioning Contractors National Association (SMACNA)","https://www.smacna.org","Chantilly, VA","","National body whose members are the licensed trade contractors StateReady serves; it already publishes state-by-state licensing guidance, so a member-benefit or endorsed-vendor deal reaches thousands of shops at once.","info@smacna.org","head of membership / education director","https://www.smacna.org/","company-site","verified","2026-09-03","Members are multi-state sheet metal/HVAC contractors."
"stateready","partner","national trade association","Associated Builders and Contractors (ABC)","https://www.abc.org","Washington, DC","","National body whose members are the licensed trade contractors StateReady serves; it already publishes state-by-state licensing guidance, so a member-benefit or endorsed-vendor deal reaches thousands of shops at once.","https://www.abc.org/ABC/Contact-Us","head of membership / education director","https://www.abc.org/","company-site","verified","2026-09-03","69 chapters nationally per its own membership pages; chapter directory URL used returned 404, so chapter rows were not harvested."
"stateready","partner","national trade association","Restoration Industry Association (RIA)","https://www.restorationindustry.org","Rockville, MD","","National body whose members are the licensed trade contractors StateReady serves; it already publishes state-by-state licensing guidance, so a member-benefit or endorsed-vendor deal reaches thousands of shops at once.","info@restorationindustry.org","head of membership / education director","https://www.restorationindustry.org/","company-site","verified","2026-09-03","Named in the app brief. Restoration contractors chase storms across state lines."
"stateready","partner","national trade association","National Pest Management Association (NPMA)","https://www.npmapestworld.org","Fairfax, VA","Runs ""Online Courses by State or Province"" and a state advocacy program on its own site","National body whose members are the licensed trade contractors StateReady serves; it already publishes state-by-state licensing guidance, so a member-benefit or endorsed-vendor deal reaches thousands of shops at once.","https://www.npmapestworld.org/","head of membership / education director","https://www.npmapestworld.org/","company-site","verified","2026-09-03","Pest control applicators are licensed and CE-regulated per state - a natural adjacent vertical."
"stateready","partner","national trade association","Painting Contractors Association (PCA, formerly PDCA)","https://www.pcapainted.org","Chesterfield, MO","","National body whose members are the licensed trade contractors StateReady serves; it already publishes state-by-state licensing guidance, so a member-benefit or endorsed-vendor deal reaches thousands of shops at once.","https://www.pcapainted.org/contact","head of membership / education director","https://www.pcapainted.org/","company-site","verified","2026-09-03","Named in the app brief as PDCA."
"stateready","partner","national trade association","American Fire Sprinkler Association (AFSA)","https://www.firesprinkler.org","Dallas, TX","","National body whose members are the licensed trade contractors StateReady serves; it already publishes state-by-state licensing guidance, so a member-benefit or endorsed-vendor deal reaches thousands of shops at once.","","head of membership / education director","https://www.firesprinkler.org/","company-site","unverified","2026-09-03","Named in the app brief. Site returned HTTP 403 to this environment."
"stateready","partner","national trade association","Solar Energy Industries Association (SEIA)","https://www.seia.org","Washington, DC","","National body whose members are the licensed trade contractors StateReady serves; it already publishes state-by-state licensing guidance, so a member-benefit or endorsed-vendor deal reaches thousands of shops at once.","","head of membership / education director","https://www.seia.org/","company-site","unverified","2026-09-03","Named in the app brief; runs state chapters. Site returned HTTP 403 to this environment, so chapters were not harvested."
"stateready","partner","state licensing board (regulatory data source)","Alabama Board of Electrical Contractors","","AL","","Authoritative source of the licence classes, renewal cycles, CE hours, bond amounts and reciprocity rules that make up StateReady's 50-state database; also the body whose rule changes the product must monitor.","","licensing administrator","https://www.nascla.org/membership-directory/corporate","association-directory","secondary","2026-09-03","Listed in the NASCLA corporate member directory. This is a regulator, not a sales target - recorded as the data-source side of the moat so a future agent does not mis-stage it as a prospect. Board website not opened from this environment."
"stateready","partner","state licensing board (regulatory data source)","Alabama Board of Heating, Air Conditioning and Refrigeration Contractors","","AL","","Authoritative source of the licence classes, renewal cycles, CE hours, bond amounts and reciprocity rules that make up StateReady's 50-state database; also the body whose rule changes the product must monitor.","","licensing administrator","https://www.nascla.org/membership-directory/corporate","association-directory","secondary","2026-09-03","Listed in the NASCLA corporate member directory. This is a regulator, not a sales target - recorded as the data-source side of the moat so a future agent does not mis-stage it as a prospect. Board website not opened from this environment."
"stateready","partner","state licensing board (regulatory data source)","Alabama Electronic Security Board of Licensure","","AL","","Authoritative source of the licence classes, renewal cycles, CE hours, bond amounts and reciprocity rules that make up StateReady's 50-state database; also the body whose rule changes the product must monitor.","","licensing administrator","https://www.nascla.org/membership-directory/corporate","association-directory","secondary","2026-09-03","Listed in the NASCLA corporate member directory. This is a regulator, not a sales target - recorded as the data-source side of the moat so a future agent does not mis-stage it as a prospect. Board website not opened from this environment."
"stateready","partner","state licensing board (regulatory data source)","Alabama Home Builders Licensure Board","","AL","","Authoritative source of the licence classes, renewal cycles, CE hours, bond amounts and reciprocity rules that make up StateReady's 50-state database; also the body whose rule changes the product must monitor.","","licensing administrator","https://www.nascla.org/membership-directory/corporate","association-directory","secondary","2026-09-03","Listed in the NASCLA corporate member directory. This is a regulator, not a sales target - recorded as the data-source side of the moat so a future agent does not mis-stage it as a prospect. Board website not opened from this environment."
"stateready","partner","state licensing board (regulatory data source)","Alabama Licensing Board for General Contractors","","AL","","Authoritative source of the licence classes, renewal cycles, CE hours, bond amounts and reciprocity rules that make up StateReady's 50-state database; also the body whose rule changes the product must monitor.","","licensing administrator","https://www.nascla.org/membership-directory/corporate","association-directory","secondary","2026-09-03","Listed in the NASCLA corporate member directory. This is a regulator, not a sales target - recorded as the data-source side of the moat so a future agent does not mis-stage it as a prospect. Board website not opened from this environment."
"stateready","partner","state licensing board (regulatory data source)","Alabama Plumbers & Gas Fitters Examining Board","","AL","","Authoritative source of the licence classes, renewal cycles, CE hours, bond amounts and reciprocity rules that make up StateReady's 50-state database; also the body whose rule changes the product must monitor.","","licensing administrator","https://www.nascla.org/membership-directory/corporate","association-directory","secondary","2026-09-03","Listed in the NASCLA corporate member directory. This is a regulator, not a sales target - recorded as the data-source side of the moat so a future agent does not mis-stage it as a prospect. Board website not opened from this environment."
"stateready","partner","state licensing board (regulatory data source)","Alaska Department of Commerce, Community and Economic Development","","AK","","Authoritative source of the licence classes, renewal cycles, CE hours, bond amounts and reciprocity rules that make up StateReady's 50-state database; also the body whose rule changes the product must monitor.","","licensing administrator","https://www.nascla.org/membership-directory/corporate","association-directory","secondary","2026-09-03","Listed in the NASCLA corporate member directory. This is a regulator, not a sales target - recorded as the data-source side of the moat so a future agent does not mis-stage it as a prospect. Board website not opened from this environment."
"stateready","partner","state licensing board (regulatory data source)","Arizona Registrar of Contractors","","AZ","","Authoritative source of the licence classes, renewal cycles, CE hours, bond amounts and reciprocity rules that make up StateReady's 50-state database; also the body whose rule changes the product must monitor.","","licensing administrator","https://www.nascla.org/membership-directory/corporate","association-directory","secondary","2026-09-03","Listed in the NASCLA corporate member directory. This is a regulator, not a sales target - recorded as the data-source side of the moat so a future agent does not mis-stage it as a prospect. Board website not opened from this environment."
"stateready","partner","state licensing board (regulatory data source)","Arkansas Contractors Licensing Board","","AR","","Authoritative source of the licence classes, renewal cycles, CE hours, bond amounts and reciprocity rules that make up StateReady's 50-state database; also the body whose rule changes the product must monitor.","","licensing administrator","https://www.nascla.org/membership-directory/corporate","association-directory","secondary","2026-09-03","Listed in the NASCLA corporate member directory. This is a regulator, not a sales target - recorded as the data-source side of the moat so a future agent does not mis-stage it as a prospect. Board website not opened from this environment."
"stateready","partner","state licensing board (regulatory data source)","California Contractors State License Board","","CA","","Authoritative source of the licence classes, renewal cycles, CE hours, bond amounts and reciprocity rules that make up StateReady's 50-state database; also the body whose rule changes the product must monitor.","","licensing administrator","https://www.nascla.org/membership-directory/corporate","association-directory","secondary","2026-09-03","Listed in the NASCLA corporate member directory. This is a regulator, not a sales target - recorded as the data-source side of the moat so a future agent does not mis-stage it as a prospect. Board website not opened from this environment."
"stateready","partner","state licensing board (regulatory data source)","Connecticut Department of Consumer Protection","","CT","","Authoritative source of the licence classes, renewal cycles, CE hours, bond amounts and reciprocity rules that make up StateReady's 50-state database; also the body whose rule changes the product must monitor.","","licensing administrator","https://www.nascla.org/membership-directory/corporate","association-directory","secondary","2026-09-03","Listed in the NASCLA corporate member directory. This is a regulator, not a sales target - recorded as the data-source side of the moat so a future agent does not mis-stage it as a prospect. Board website not opened from this environment."
"stateready","partner","state licensing board (regulatory data source)","D.C. Department of Licensing and Consumer Protection","","DC","","Authoritative source of the licence classes, renewal cycles, CE hours, bond amounts and reciprocity rules that make up StateReady's 50-state database; also the body whose rule changes the product must monitor.","","licensing administrator","https://www.nascla.org/membership-directory/corporate","association-directory","secondary","2026-09-03","Listed in the NASCLA corporate member directory. This is a regulator, not a sales target - recorded as the data-source side of the moat so a future agent does not mis-stage it as a prospect. Board website not opened from this environment."
"stateready","partner","state licensing board (regulatory data source)","Florida Construction Industry Licensing Board","","FL","","Authoritative source of the licence classes, renewal cycles, CE hours, bond amounts and reciprocity rules that make up StateReady's 50-state database; also the body whose rule changes the product must monitor.","","licensing administrator","https://www.nascla.org/membership-directory/corporate","association-directory","secondary","2026-09-03","Listed in the NASCLA corporate member directory. This is a regulator, not a sales target - recorded as the data-source side of the moat so a future agent does not mis-stage it as a prospect. Board website not opened from this environment."
"stateready","partner","state licensing board (regulatory data source)","Florida Electrical Contractors Licensing Board","","FL","","Authoritative source of the licence classes, renewal cycles, CE hours, bond amounts and reciprocity rules that make up StateReady's 50-state database; also the body whose rule changes the product must monitor.","","licensing administrator","https://www.nascla.org/membership-directory/corporate","association-directory","secondary","2026-09-03","Listed in the NASCLA corporate member directory. This is a regulator, not a sales target - recorded as the data-source side of the moat so a future agent does not mis-stage it as a prospect. Board website not opened from this environment."
"stateready","partner","state licensing board (regulatory data source)","Hawaii Contractors License Board","","HI","","Authoritative source of the licence classes, renewal cycles, CE hours, bond amounts and reciprocity rules that make up StateReady's 50-state database; also the body whose rule changes the product must monitor.","","licensing administrator","https://www.nascla.org/membership-directory/corporate","association-directory","secondary","2026-09-03","Listed in the NASCLA corporate member directory. This is a regulator, not a sales target - recorded as the data-source side of the moat so a future agent does not mis-stage it as a prospect. Board website not opened from this environment."
"stateready","partner","state licensing board (regulatory data source)","Idaho Division of Occupational & Professional Licenses","","ID","","Authoritative source of the licence classes, renewal cycles, CE hours, bond amounts and reciprocity rules that make up StateReady's 50-state database; also the body whose rule changes the product must monitor.","","licensing administrator","https://www.nascla.org/membership-directory/corporate","association-directory","secondary","2026-09-03","Listed in the NASCLA corporate member directory. This is a regulator, not a sales target - recorded as the data-source side of the moat so a future agent does not mis-stage it as a prospect. Board website not opened from this environment."
"stateready","partner","state licensing board (regulatory data source)","Kansas State Fire Marshal","","KS","","Authoritative source of the licence classes, renewal cycles, CE hours, bond amounts and reciprocity rules that make up StateReady's 50-state database; also the body whose rule changes the product must monitor.","","licensing administrator","https://www.nascla.org/membership-directory/corporate","association-directory","secondary","2026-09-03","Listed in the NASCLA corporate member directory. This is a regulator, not a sales target - recorded as the data-source side of the moat so a future agent does not mis-stage it as a prospect. Board website not opened from this environment."
"stateready","partner","state licensing board (regulatory data source)","Kentucky Department of Housing, Buildings and Construction","","KY","","Authoritative source of the licence classes, renewal cycles, CE hours, bond amounts and reciprocity rules that make up StateReady's 50-state database; also the body whose rule changes the product must monitor.","","licensing administrator","https://www.nascla.org/membership-directory/corporate","association-directory","secondary","2026-09-03","Listed in the NASCLA corporate member directory. This is a regulator, not a sales target - recorded as the data-source side of the moat so a future agent does not mis-stage it as a prospect. Board website not opened from this environment."
"stateready","partner","state licensing board (regulatory data source)","Louisiana State Licensing Board for Contractors","","LA","","Authoritative source of the licence classes, renewal cycles, CE hours, bond amounts and reciprocity rules that make up StateReady's 50-state database; also the body whose rule changes the product must monitor.","","licensing administrator","https://www.nascla.org/membership-directory/corporate","association-directory","secondary","2026-09-03","Listed in the NASCLA corporate member directory. This is a regulator, not a sales target - recorded as the data-source side of the moat so a future agent does not mis-stage it as a prospect. Board website not opened from this environment."
"stateready","partner","state licensing board (regulatory data source)","Maryland Home Improvement Commission","","MD","","Authoritative source of the licence classes, renewal cycles, CE hours, bond amounts and reciprocity rules that make up StateReady's 50-state database; also the body whose rule changes the product must monitor.","","licensing administrator","https://www.nascla.org/membership-directory/corporate","association-directory","secondary","2026-09-03","Listed in the NASCLA corporate member directory. This is a regulator, not a sales target - recorded as the data-source side of the moat so a future agent does not mis-stage it as a prospect. Board website not opened from this environment."
"stateready","partner","state licensing board (regulatory data source)","Maryland Mechanical Licensing Board - Department of Labor","","MD","","Authoritative source of the licence classes, renewal cycles, CE hours, bond amounts and reciprocity rules that make up StateReady's 50-state database; also the body whose rule changes the product must monitor.","","licensing administrator","https://www.nascla.org/membership-directory/corporate","association-directory","secondary","2026-09-03","Listed in the NASCLA corporate member directory. This is a regulator, not a sales target - recorded as the data-source side of the moat so a future agent does not mis-stage it as a prospect. Board website not opened from this environment."
"stateready","partner","state licensing board (regulatory data source)","Michigan Department of Licensing and Regulatory Affairs - Bureau of Construction Codes","","MI","","Authoritative source of the licence classes, renewal cycles, CE hours, bond amounts and reciprocity rules that make up StateReady's 50-state database; also the body whose rule changes the product must monitor.","","licensing administrator","https://www.nascla.org/membership-directory/corporate","association-directory","secondary","2026-09-03","Listed in the NASCLA corporate member directory. This is a regulator, not a sales target - recorded as the data-source side of the moat so a future agent does not mis-stage it as a prospect. Board website not opened from this environment."
"stateready","partner","state licensing board (regulatory data source)","Minnesota Department of Labor & Industry","","MN","","Authoritative source of the licence classes, renewal cycles, CE hours, bond amounts and reciprocity rules that make up StateReady's 50-state database; also the body whose rule changes the product must monitor.","","licensing administrator","https://www.nascla.org/membership-directory/corporate","association-directory","secondary","2026-09-03","Listed in the NASCLA corporate member directory. This is a regulator, not a sales target - recorded as the data-source side of the moat so a future agent does not mis-stage it as a prospect. Board website not opened from this environment."
"stateready","partner","state licensing board (regulatory data source)","Mississippi State Board of Contractors","","MS","","Authoritative source of the licence classes, renewal cycles, CE hours, bond amounts and reciprocity rules that make up StateReady's 50-state database; also the body whose rule changes the product must monitor.","","licensing administrator","https://www.nascla.org/membership-directory/corporate","association-directory","secondary","2026-09-03","Listed in the NASCLA corporate member directory. This is a regulator, not a sales target - recorded as the data-source side of the moat so a future agent does not mis-stage it as a prospect. Board website not opened from this environment."
"stateready","partner","state licensing board (regulatory data source)","Missouri Office of Statewide Electrical Contractors","","MO","","Authoritative source of the licence classes, renewal cycles, CE hours, bond amounts and reciprocity rules that make up StateReady's 50-state database; also the body whose rule changes the product must monitor.","","licensing administrator","https://www.nascla.org/membership-directory/corporate","association-directory","secondary","2026-09-03","Listed in the NASCLA corporate member directory. This is a regulator, not a sales target - recorded as the data-source side of the moat so a future agent does not mis-stage it as a prospect. Board website not opened from this environment."
"stateready","partner","state licensing board (regulatory data source)","Nebraska State Electrical Division","","NE","","Authoritative source of the licence classes, renewal cycles, CE hours, bond amounts and reciprocity rules that make up StateReady's 50-state database; also the body whose rule changes the product must monitor.","","licensing administrator","https://www.nascla.org/membership-directory/corporate","association-directory","secondary","2026-09-03","Listed in the NASCLA corporate member directory. This is a regulator, not a sales target - recorded as the data-source side of the moat so a future agent does not mis-stage it as a prospect. Board website not opened from this environment."
"stateready","partner","state licensing board (regulatory data source)","Nevada State Contractors Board","","NV","","Authoritative source of the licence classes, renewal cycles, CE hours, bond amounts and reciprocity rules that make up StateReady's 50-state database; also the body whose rule changes the product must monitor.","","licensing administrator","https://www.nascla.org/membership-directory/corporate","association-directory","secondary","2026-09-03","Listed in the NASCLA corporate member directory. This is a regulator, not a sales target - recorded as the data-source side of the moat so a future agent does not mis-stage it as a prospect. Board website not opened from this environment."
"stateready","partner","state licensing board (regulatory data source)","New Mexico Construction Industries Division","","NM","","Authoritative source of the licence classes, renewal cycles, CE hours, bond amounts and reciprocity rules that make up StateReady's 50-state database; also the body whose rule changes the product must monitor.","","licensing administrator","https://www.nascla.org/membership-directory/corporate","association-directory","secondary","2026-09-03","Listed in the NASCLA corporate member directory. This is a regulator, not a sales target - recorded as the data-source side of the moat so a future agent does not mis-stage it as a prospect. Board website not opened from this environment."
"stateready","partner","state licensing board (regulatory data source)","North Carolina Board of Examiners of Electrical Contractors","","NC","","Authoritative source of the licence classes, renewal cycles, CE hours, bond amounts and reciprocity rules that make up StateReady's 50-state database; also the body whose rule changes the product must monitor.","","licensing administrator","https://www.nascla.org/membership-directory/corporate","association-directory","secondary","2026-09-03","Listed in the NASCLA corporate member directory. This is a regulator, not a sales target - recorded as the data-source side of the moat so a future agent does not mis-stage it as a prospect. Board website not opened from this environment."
"stateready","partner","state licensing board (regulatory data source)","North Carolina Board of Examiners of Plumbing, Heating & Fire Sprinkler Contractors","","NC","","Authoritative source of the licence classes, renewal cycles, CE hours, bond amounts and reciprocity rules that make up StateReady's 50-state database; also the body whose rule changes the product must monitor.","","licensing administrator","https://www.nascla.org/membership-directory/corporate","association-directory","secondary","2026-09-03","Listed in the NASCLA corporate member directory. This is a regulator, not a sales target - recorded as the data-source side of the moat so a future agent does not mis-stage it as a prospect. Board website not opened from this environment."
"stateready","partner","state licensing board (regulatory data source)","North Carolina Landscape Contractors' Licensing Board","","NC","","Authoritative source of the licence classes, renewal cycles, CE hours, bond amounts and reciprocity rules that make up StateReady's 50-state database; also the body whose rule changes the product must monitor.","","licensing administrator","https://www.nascla.org/membership-directory/corporate","association-directory","secondary","2026-09-03","Listed in the NASCLA corporate member directory. This is a regulator, not a sales target - recorded as the data-source side of the moat so a future agent does not mis-stage it as a prospect. Board website not opened from this environment."
"stateready","partner","state licensing board (regulatory data source)","North Carolina Licensing Board for General Contractors","","NC","","Authoritative source of the licence classes, renewal cycles, CE hours, bond amounts and reciprocity rules that make up StateReady's 50-state database; also the body whose rule changes the product must monitor.","","licensing administrator","https://www.nascla.org/membership-directory/corporate","association-directory","secondary","2026-09-03","Listed in the NASCLA corporate member directory. This is a regulator, not a sales target - recorded as the data-source side of the moat so a future agent does not mis-stage it as a prospect. Board website not opened from this environment."
"stateready","partner","state licensing board (regulatory data source)","North Carolina Office of State Fire Marshal","","NC","","Authoritative source of the licence classes, renewal cycles, CE hours, bond amounts and reciprocity rules that make up StateReady's 50-state database; also the body whose rule changes the product must monitor.","","licensing administrator","https://www.nascla.org/membership-directory/corporate","association-directory","secondary","2026-09-03","Listed in the NASCLA corporate member directory. This is a regulator, not a sales target - recorded as the data-source side of the moat so a future agent does not mis-stage it as a prospect. Board website not opened from this environment."
"stateready","partner","state licensing board (regulatory data source)","Ohio Construction Industry Licensing Board","","OH","","Authoritative source of the licence classes, renewal cycles, CE hours, bond amounts and reciprocity rules that make up StateReady's 50-state database; also the body whose rule changes the product must monitor.","","licensing administrator","https://www.nascla.org/membership-directory/corporate","association-directory","secondary","2026-09-03","Listed in the NASCLA corporate member directory. This is a regulator, not a sales target - recorded as the data-source side of the moat so a future agent does not mis-stage it as a prospect. Board website not opened from this environment."
"stateready","partner","state licensing board (regulatory data source)","Oklahoma Construction Industries Board","","OK","","Authoritative source of the licence classes, renewal cycles, CE hours, bond amounts and reciprocity rules that make up StateReady's 50-state database; also the body whose rule changes the product must monitor.","","licensing administrator","https://www.nascla.org/membership-directory/corporate","association-directory","secondary","2026-09-03","Listed in the NASCLA corporate member directory. This is a regulator, not a sales target - recorded as the data-source side of the moat so a future agent does not mis-stage it as a prospect. Board website not opened from this environment."
"stateready","partner","state licensing board (regulatory data source)","Oregon Construction Contractors Board","","OR","","Authoritative source of the licence classes, renewal cycles, CE hours, bond amounts and reciprocity rules that make up StateReady's 50-state database; also the body whose rule changes the product must monitor.","","licensing administrator","https://www.nascla.org/membership-directory/corporate","association-directory","secondary","2026-09-03","Listed in the NASCLA corporate member directory. This is a regulator, not a sales target - recorded as the data-source side of the moat so a future agent does not mis-stage it as a prospect. Board website not opened from this environment."
"stateready","partner","state licensing board (regulatory data source)","Rhode Island Contractors' Registration and Licensing Board","","RI","","Authoritative source of the licence classes, renewal cycles, CE hours, bond amounts and reciprocity rules that make up StateReady's 50-state database; also the body whose rule changes the product must monitor.","","licensing administrator","https://www.nascla.org/membership-directory/corporate","association-directory","secondary","2026-09-03","Listed in the NASCLA corporate member directory. This is a regulator, not a sales target - recorded as the data-source side of the moat so a future agent does not mis-stage it as a prospect. Board website not opened from this environment."
"stateready","partner","state licensing board (regulatory data source)","South Carolina Contractors’ Licensing Board","","SC","","Authoritative source of the licence classes, renewal cycles, CE hours, bond amounts and reciprocity rules that make up StateReady's 50-state database; also the body whose rule changes the product must monitor.","","licensing administrator","https://www.nascla.org/membership-directory/corporate","association-directory","secondary","2026-09-03","Listed in the NASCLA corporate member directory. This is a regulator, not a sales target - recorded as the data-source side of the moat so a future agent does not mis-stage it as a prospect. Board website not opened from this environment."
"stateready","partner","state licensing board (regulatory data source)","South Carolina Residential Builders Commission","","SC","","Authoritative source of the licence classes, renewal cycles, CE hours, bond amounts and reciprocity rules that make up StateReady's 50-state database; also the body whose rule changes the product must monitor.","","licensing administrator","https://www.nascla.org/membership-directory/corporate","association-directory","secondary","2026-09-03","Listed in the NASCLA corporate member directory. This is a regulator, not a sales target - recorded as the data-source side of the moat so a future agent does not mis-stage it as a prospect. Board website not opened from this environment."
"stateready","partner","state licensing board (regulatory data source)","Tennessee Board for Licensing Contractors","","TN","","Authoritative source of the licence classes, renewal cycles, CE hours, bond amounts and reciprocity rules that make up StateReady's 50-state database; also the body whose rule changes the product must monitor.","","licensing administrator","https://www.nascla.org/membership-directory/corporate","association-directory","secondary","2026-09-03","Listed in the NASCLA corporate member directory. This is a regulator, not a sales target - recorded as the data-source side of the moat so a future agent does not mis-stage it as a prospect. Board website not opened from this environment."
"stateready","partner","state licensing board (regulatory data source)","Texas Department of Licensing & Regulation","","TX","","Authoritative source of the licence classes, renewal cycles, CE hours, bond amounts and reciprocity rules that make up StateReady's 50-state database; also the body whose rule changes the product must monitor.","","licensing administrator","https://www.nascla.org/membership-directory/corporate","association-directory","secondary","2026-09-03","Listed in the NASCLA corporate member directory. This is a regulator, not a sales target - recorded as the data-source side of the moat so a future agent does not mis-stage it as a prospect. Board website not opened from this environment."
"stateready","partner","state licensing board (regulatory data source)","Utah Construction Trades Bureau Division of Occupational and Professional Licensing","","UT","","Authoritative source of the licence classes, renewal cycles, CE hours, bond amounts and reciprocity rules that make up StateReady's 50-state database; also the body whose rule changes the product must monitor.","","licensing administrator","https://www.nascla.org/membership-directory/corporate","association-directory","secondary","2026-09-03","Listed in the NASCLA corporate member directory. This is a regulator, not a sales target - recorded as the data-source side of the moat so a future agent does not mis-stage it as a prospect. Board website not opened from this environment."
"stateready","partner","state licensing board (regulatory data source)","Vermont Office of Professional Regulation","","VT","","Authoritative source of the licence classes, renewal cycles, CE hours, bond amounts and reciprocity rules that make up StateReady's 50-state database; also the body whose rule changes the product must monitor.","","licensing administrator","https://www.nascla.org/membership-directory/corporate","association-directory","secondary","2026-09-03","Listed in the NASCLA corporate member directory. This is a regulator, not a sales target - recorded as the data-source side of the moat so a future agent does not mis-stage it as a prospect. Board website not opened from this environment."
"stateready","partner","state licensing board (regulatory data source)","Virgin Islands Board of General Construction Contractors, Trades and Crafts","","VI","","Authoritative source of the licence classes, renewal cycles, CE hours, bond amounts and reciprocity rules that make up StateReady's 50-state database; also the body whose rule changes the product must monitor.","","licensing administrator","https://www.nascla.org/membership-directory/corporate","association-directory","secondary","2026-09-03","Listed in the NASCLA corporate member directory. This is a regulator, not a sales target - recorded as the data-source side of the moat so a future agent does not mis-stage it as a prospect. Board website not opened from this environment."
"stateready","partner","state licensing board (regulatory data source)","Virginia Board for Contractors","","VA","","Authoritative source of the licence classes, renewal cycles, CE hours, bond amounts and reciprocity rules that make up StateReady's 50-state database; also the body whose rule changes the product must monitor.","","licensing administrator","https://www.nascla.org/membership-directory/corporate","association-directory","secondary","2026-09-03","Listed in the NASCLA corporate member directory. This is a regulator, not a sales target - recorded as the data-source side of the moat so a future agent does not mis-stage it as a prospect. Board website not opened from this environment."
"stateready","partner","state licensing board (regulatory data source)","Washington State Department of Labor & Industries","","WA","","Authoritative source of the licence classes, renewal cycles, CE hours, bond amounts and reciprocity rules that make up StateReady's 50-state database; also the body whose rule changes the product must monitor.","","licensing administrator","https://www.nascla.org/membership-directory/corporate","association-directory","secondary","2026-09-03","Listed in the NASCLA corporate member directory. This is a regulator, not a sales target - recorded as the data-source side of the moat so a future agent does not mis-stage it as a prospect. Board website not opened from this environment."
"stateready","partner","PE sponsor active in home services","Alpine Investors","https://alpineinvestors.com","San Francisco, CA","","Owns one or more multi-state trade-contracting platforms; a portfolio-wide StateReady rollout is one conversation that lands many platforms, and licence lapse is a diligence and integration risk the sponsor already worries about at every add-on.","https://alpineinvestors.com","operating partner / head of portfolio operations","https://alpineinvestors.com","company-site","verified","2026-09-03","Portfolio platforms relevant to StateReady: Apex Service Partners, Vertex Service Partners, Astra Service Partners (Orion Group)."
"stateready","partner","PE sponsor active in home services","Leonard Green & Partners","https://www.leonardgreen.com","Los Angeles, CA","","Owns one or more multi-state trade-contracting platforms; a portfolio-wide StateReady rollout is one conversation that lands many platforms, and licence lapse is a diligence and integration risk the sponsor already worries about at every add-on.","https://www.leonardgreen.com","operating partner / head of portfolio operations","https://www.leonardgreen.com","company-site","verified","2026-09-03","Portfolio platforms relevant to StateReady: Wrench Group."
"stateready","partner","PE sponsor active in home services","Gryphon Investors","https://www.gryphon-inv.com","San Francisco, CA","","Owns one or more multi-state trade-contracting platforms; a portfolio-wide StateReady rollout is one conversation that lands many platforms, and licence lapse is a diligence and integration risk the sponsor already worries about at every add-on.","https://www.gryphon-inv.com","operating partner / head of portfolio operations","https://www.gryphon-inv.com","company-site","verified","2026-09-03","Portfolio platforms relevant to StateReady: Southern Home Services (via NAEHS)."
"stateready","partner","PE sponsor active in home services","Gridiron Capital","https://gridironcapital.com","New Canaan, CT","","Owns one or more multi-state trade-contracting platforms; a portfolio-wide StateReady rollout is one conversation that lands many platforms, and licence lapse is a diligence and integration risk the sponsor already worries about at every add-on.","https://gridironcapital.com","operating partner / head of portfolio operations","https://gridironcapital.com","company-site","verified","2026-09-03","Portfolio platforms relevant to StateReady: Legacy Service Partners."
"stateready","partner","PE sponsor active in home services","Knox Lane","https://www.knoxlane.com","San Francisco, CA","","Owns one or more multi-state trade-contracting platforms; a portfolio-wide StateReady rollout is one conversation that lands many platforms, and licence lapse is a diligence and integration risk the sponsor already worries about at every add-on.","https://www.knoxlane.com","operating partner / head of portfolio operations","https://www.knoxlane.com","company-site","verified","2026-09-03","Portfolio platforms relevant to StateReady: Any Hour Group."
"stateready","partner","PE sponsor active in home services","Percheron Capital","https://percheron.com","San Francisco, CA","","Owns one or more multi-state trade-contracting platforms; a portfolio-wide StateReady rollout is one conversation that lands many platforms, and licence lapse is a diligence and integration risk the sponsor already worries about at every add-on.","https://percheron.com","operating partner / head of portfolio operations","https://percheron.com","company-site","verified","2026-09-03","Portfolio platforms relevant to StateReady: Blue Cardinal Home Services Group, Alloy Roofing."
"stateready","partner","PE sponsor active in home services","TruArc Partners","https://truarcpartners.com","New York, NY","","Owns one or more multi-state trade-contracting platforms; a portfolio-wide StateReady rollout is one conversation that lands many platforms, and licence lapse is a diligence and integration risk the sponsor already worries about at every add-on.","https://truarcpartners.com","operating partner / head of portfolio operations","https://truarcpartners.com","company-site","verified","2026-09-03","Portfolio platforms relevant to StateReady: Northwinds Services Group."
"stateready","partner","PE sponsor active in home services","Ridgemont Equity Partners","https://www.ridgemontep.com","Charlotte, NC","","Owns one or more multi-state trade-contracting platforms; a portfolio-wide StateReady rollout is one conversation that lands many platforms, and licence lapse is a diligence and integration risk the sponsor already worries about at every add-on.","https://www.ridgemontep.com","operating partner / head of portfolio operations","https://www.ridgemontep.com","company-site","verified","2026-09-03","Portfolio platforms relevant to StateReady: Crete United."
"stateready","partner","PE sponsor active in home services","SkyKnight Capital","https://www.skyknightcapital.com","San Francisco, CA","","Owns one or more multi-state trade-contracting platforms; a portfolio-wide StateReady rollout is one conversation that lands many platforms, and licence lapse is a diligence and integration risk the sponsor already worries about at every add-on.","https://www.skyknightcapital.com","operating partner / head of portfolio operations","https://www.skyknightcapital.com","company-site","verified","2026-09-03","Portfolio platforms relevant to StateReady: FirstCall Mechanical Group, NearU Services."
"stateready","partner","PE sponsor active in home services","Freeman Spogli & Co.","https://www.freemanspogli.com","Los Angeles, CA","","Owns one or more multi-state trade-contracting platforms; a portfolio-wide StateReady rollout is one conversation that lands many platforms, and licence lapse is a diligence and integration risk the sponsor already worries about at every add-on.","https://www.freemanspogli.com","operating partner / head of portfolio operations","https://www.freemanspogli.com","company-site","verified","2026-09-03","Portfolio platforms relevant to StateReady: NearU Services, Infinity Home Services."
"stateready","partner","PE sponsor active in home services","Altas Partners","https://www.altas.com","Toronto, ON","","Owns one or more multi-state trade-contracting platforms; a portfolio-wide StateReady rollout is one conversation that lands many platforms, and licence lapse is a diligence and integration risk the sponsor already worries about at every add-on.","https://www.altas.com","operating partner / head of portfolio operations","https://www.altas.com","company-site","verified","2026-09-03","Portfolio platforms relevant to StateReady: Redwood Services."
"stateready","partner","PE sponsor active in home services","The Jordan Company (TJC)","https://tjclp.com","New York, NY","","Owns one or more multi-state trade-contracting platforms; a portfolio-wide StateReady rollout is one conversation that lands many platforms, and licence lapse is a diligence and integration risk the sponsor already worries about at every add-on.","https://tjclp.com","operating partner / head of portfolio operations","https://tjclp.com","company-site","verified","2026-09-03","Portfolio platforms relevant to StateReady: Heartland Home Services."
"stateready","partner","PE sponsor active in home services","New Mountain Capital","https://www.newmountaincapital.com","New York, NY","","Owns one or more multi-state trade-contracting platforms; a portfolio-wide StateReady rollout is one conversation that lands many platforms, and licence lapse is a diligence and integration risk the sponsor already worries about at every add-on.","https://www.newmountaincapital.com","operating partner / head of portfolio operations","https://www.newmountaincapital.com","company-site","verified","2026-09-03","Portfolio platforms relevant to StateReady: Strikepoint Group / Horizon Services."
"stateready","partner","PE sponsor active in home services","OMERS Private Equity","https://www.omersprivateequity.com","Toronto, ON","","Owns one or more multi-state trade-contracting platforms; a portfolio-wide StateReady rollout is one conversation that lands many platforms, and licence lapse is a diligence and integration risk the sponsor already worries about at every add-on.","https://www.omersprivateequity.com","operating partner / head of portfolio operations","https://www.omersprivateequity.com","company-site","verified","2026-09-03","Portfolio platforms relevant to StateReady: TurnPoint Services, Pueblo Mechanical & Controls."
"stateready","partner","PE sponsor active in home services","Partners Group","https://www.partnersgroup.com","Baar, Switzerland","","Owns one or more multi-state trade-contracting platforms; a portfolio-wide StateReady rollout is one conversation that lands many platforms, and licence lapse is a diligence and integration risk the sponsor already worries about at every add-on.","https://www.partnersgroup.com","operating partner / head of portfolio operations","https://www.partnersgroup.com","company-site","verified","2026-09-03","Portfolio platforms relevant to StateReady: PremiStar (Reedy Industries); Apex Service Partners continuation vehicle."
"stateready","partner","PE sponsor active in home services","Apax Partners","https://www.apax.com","London, UK","","Owns one or more multi-state trade-contracting platforms; a portfolio-wide StateReady rollout is one conversation that lands many platforms, and licence lapse is a diligence and integration risk the sponsor already worries about at every add-on.","https://www.apax.com","operating partner / head of portfolio operations","https://www.apax.com","company-site","verified","2026-09-03","Portfolio platforms relevant to StateReady: Authority Brands."
"stateready","partner","PE sponsor active in home services","Huron Capital","https://www.huroncapital.com","Detroit, MI","","Owns one or more multi-state trade-contracting platforms; a portfolio-wide StateReady rollout is one conversation that lands many platforms, and licence lapse is a diligence and integration risk the sponsor already worries about at every add-on.","https://www.huroncapital.com","operating partner / head of portfolio operations","https://www.huroncapital.com","company-site","verified","2026-09-03","Portfolio platforms relevant to StateReady: Named in the app brief as active in home services; former owner of Pueblo Mechanical."
"stateready","partner","PE sponsor active in home services","Trivest Partners","https://www.trivest.com","Coconut Grove, FL","","Owns one or more multi-state trade-contracting platforms; a portfolio-wide StateReady rollout is one conversation that lands many platforms, and licence lapse is a diligence and integration risk the sponsor already worries about at every add-on.","https://www.trivest.com","operating partner / head of portfolio operations","https://www.trivest.com","company-site","verified","2026-09-03","Portfolio platforms relevant to StateReady: Canopy Services."
"stateready","partner","PE sponsor active in home services","Shore Capital Partners","https://www.shorecp.com","Chicago, IL","","Owns one or more multi-state trade-contracting platforms; a portfolio-wide StateReady rollout is one conversation that lands many platforms, and licence lapse is a diligence and integration risk the sponsor already worries about at every add-on.","https://www.shorecp.com","operating partner / head of portfolio operations","https://www.shorecp.com","company-site","verified","2026-09-03","Portfolio platforms relevant to StateReady: Skycrest Roof."
"stateready","partner","PE sponsor active in home services","Garnett Station Partners","https://garnettstation.com","New York, NY","","Owns one or more multi-state trade-contracting platforms; a portfolio-wide StateReady rollout is one conversation that lands many platforms, and licence lapse is a diligence and integration risk the sponsor already worries about at every add-on.","https://garnettstation.com","operating partner / head of portfolio operations","https://garnettstation.com","company-site","verified","2026-09-03","Portfolio platforms relevant to StateReady: FirstRidge Service Partners."
"stateready","partner","PE sponsor active in home services","Boyne Capital","https://boynecapital.com","Miami, FL","","Owns one or more multi-state trade-contracting platforms; a portfolio-wide StateReady rollout is one conversation that lands many platforms, and licence lapse is a diligence and integration risk the sponsor already worries about at every add-on.","https://boynecapital.com","operating partner / head of portfolio operations","https://boynecapital.com","company-site","verified","2026-09-03","Portfolio platforms relevant to StateReady: Pinnacle Home Improvement Group."
"stateready","partner","PE sponsor active in home services","Saw Mill Capital","https://www.sawmillcapital.com","Briarcliff Manor, NY","","Owns one or more multi-state trade-contracting platforms; a portfolio-wide StateReady rollout is one conversation that lands many platforms, and licence lapse is a diligence and integration risk the sponsor already worries about at every add-on.","https://www.sawmillcapital.com","operating partner / head of portfolio operations","https://www.sawmillcapital.com","company-site","verified","2026-09-03","Portfolio platforms relevant to StateReady: RAFTRx Roofing + Exteriors."
"stateready","partner","PE sponsor active in home services","Soundcore Capital Partners","https://soundcorecap.com","New York, NY","","Owns one or more multi-state trade-contracting platforms; a portfolio-wide StateReady rollout is one conversation that lands many platforms, and licence lapse is a diligence and integration risk the sponsor already worries about at every add-on.","https://soundcorecap.com","operating partner / head of portfolio operations","https://soundcorecap.com","company-site","verified","2026-09-03","Portfolio platforms relevant to StateReady: TrussPoint."
"stateready","partner","PE sponsor active in home services","Bessemer Investors","https://www.bessemerinvestors.com","New York, NY","","Owns one or more multi-state trade-contracting platforms; a portfolio-wide StateReady rollout is one conversation that lands many platforms, and licence lapse is a diligence and integration risk the sponsor already worries about at every add-on.","https://www.bessemerinvestors.com","operating partner / head of portfolio operations","https://www.bessemerinvestors.com","company-site","verified","2026-09-03","Portfolio platforms relevant to StateReady: Legacy Restoration."
"stateready","partner","PE sponsor active in home services","O2 Investment Partners","https://o2investment.com","Bloomfield Hills, MI","","Owns one or more multi-state trade-contracting platforms; a portfolio-wide StateReady rollout is one conversation that lands many platforms, and licence lapse is a diligence and integration risk the sponsor already worries about at every add-on.","https://o2investment.com","operating partner / head of portfolio operations","https://o2investment.com","company-site","verified","2026-09-03","Portfolio platforms relevant to StateReady: Stronghouse Solutions, Azureon."
"stateready","partner","PE sponsor active in home services","Imperial Capital Group","https://www.imperialcap.com","Toronto, ON","","Owns one or more multi-state trade-contracting platforms; a portfolio-wide StateReady rollout is one conversation that lands many platforms, and licence lapse is a diligence and integration risk the sponsor already worries about at every add-on.","https://www.imperialcap.com","operating partner / head of portfolio operations","https://www.imperialcap.com","company-site","verified","2026-09-03","Portfolio platforms relevant to StateReady: Skyline Roofing Partners, Certus (pest); former owner of Frontier Service Partners."
"stateready","partner","PE sponsor active in home services","Gauge Capital","https://gaugecapital.com","Southlake, TX","","Owns one or more multi-state trade-contracting platforms; a portfolio-wide StateReady rollout is one conversation that lands many platforms, and licence lapse is a diligence and integration risk the sponsor already worries about at every add-on.","https://gaugecapital.com","operating partner / head of portfolio operations","https://gaugecapital.com","company-site","verified","2026-09-03","Portfolio platforms relevant to StateReady: Apple Roofing."
"stateready","partner","PE sponsor active in home services","CCMP Growth Advisors","https://ccmpgrowth.com","New York, NY","","Owns one or more multi-state trade-contracting platforms; a portfolio-wide StateReady rollout is one conversation that lands many platforms, and licence lapse is a diligence and integration risk the sponsor already worries about at every add-on.","https://ccmpgrowth.com","operating partner / head of portfolio operations","https://ccmpgrowth.com","company-site","verified","2026-09-03","Portfolio platforms relevant to StateReady: Omnia Exterior Solutions."
"stateready","partner","PE sponsor active in home services","Strand Equity","https://strandequity.com","Los Angeles, CA","","Owns one or more multi-state trade-contracting platforms; a portfolio-wide StateReady rollout is one conversation that lands many platforms, and licence lapse is a diligence and integration risk the sponsor already worries about at every add-on.","https://strandequity.com","operating partner / head of portfolio operations","https://strandequity.com","company-site","verified","2026-09-03","Portfolio platforms relevant to StateReady: Stonegrove Roofing Partners."
"stateready","partner","PE sponsor active in home services","Goldman Sachs Alternatives","","New York, NY","","Owns one or more multi-state trade-contracting platforms; a portfolio-wide StateReady rollout is one conversation that lands many platforms, and licence lapse is a diligence and integration risk the sponsor already worries about at every add-on.","","operating partner / head of portfolio operations","https://profitabilitypartners.io/home-services-private-equity-acquirers/","list-article","secondary","2026-09-03","Portfolio platforms relevant to StateReady: Sila Services. Sponsor site not opened from this environment (403, no DNS, or not attempted), so the website field was left empty per the no-fabrication rule."
"stateready","partner","PE sponsor active in home services","Morgan Stanley Capital Partners","","New York, NY","","Owns one or more multi-state trade-contracting platforms; a portfolio-wide StateReady rollout is one conversation that lands many platforms, and licence lapse is a diligence and integration risk the sponsor already worries about at every add-on.","","operating partner / head of portfolio operations","https://profitabilitypartners.io/home-services-private-equity-acquirers/","list-article","secondary","2026-09-03","Portfolio platforms relevant to StateReady: Allstar Services, Fairway Lawns; former owner of Sila Services. Sponsor site not opened from this environment (403, no DNS, or not attempted), so the website field was left empty per the no-fabrication rule."
"stateready","partner","PE sponsor active in home services","Blackstone","","New York, NY","","Owns one or more multi-state trade-contracting platforms; a portfolio-wide StateReady rollout is one conversation that lands many platforms, and licence lapse is a diligence and integration risk the sponsor already worries about at every add-on.","","operating partner / head of portfolio operations","https://profitabilitypartners.io/home-services-private-equity-acquirers/","list-article","secondary","2026-09-03","Portfolio platforms relevant to StateReady: Champions Group (BXPE), Legence, AIR Control Concepts. Sponsor site not opened from this environment (403, no DNS, or not attempted), so the website field was left empty per the no-fabrication rule."
"stateready","partner","PE sponsor active in home services","Bain Capital","","Boston, MA","","Owns one or more multi-state trade-contracting platforms; a portfolio-wide StateReady rollout is one conversation that lands many platforms, and licence lapse is a diligence and integration risk the sponsor already worries about at every add-on.","","operating partner / head of portfolio operations","https://profitabilitypartners.io/home-services-private-equity-acquirers/","list-article","secondary","2026-09-03","Portfolio platforms relevant to StateReady: Service Logic. Sponsor site not opened from this environment (403, no DNS, or not attempted), so the website field was left empty per the no-fabrication rule."
"stateready","partner","PE sponsor active in home services","Apollo Global Management","","New York, NY","","Owns one or more multi-state trade-contracting platforms; a portfolio-wide StateReady rollout is one conversation that lands many platforms, and licence lapse is a diligence and integration risk the sponsor already worries about at every add-on.","","operating partner / head of portfolio operations","https://profitabilitypartners.io/home-services-private-equity-acquirers/","list-article","secondary","2026-09-03","Portfolio platforms relevant to StateReady: Apex Service Partners (minority, announced May 2026). Sponsor site not opened from this environment (403, no DNS, or not attempted), so the website field was left empty per the no-fabrication rule."
"stateready","partner","PE sponsor active in home services","GI Partners","","San Francisco, CA","","Owns one or more multi-state trade-contracting platforms; a portfolio-wide StateReady rollout is one conversation that lands many platforms, and licence lapse is a diligence and integration risk the sponsor already worries about at every add-on.","","operating partner / head of portfolio operations","https://profitabilitypartners.io/home-services-private-equity-acquirers/","list-article","secondary","2026-09-03","Portfolio platforms relevant to StateReady: ARS / Rescue Rooter. Sponsor site not opened from this environment (403, no DNS, or not attempted), so the website field was left empty per the no-fabrication rule."
"stateready","partner","PE sponsor active in home services","Charlesbank Capital Partners","","Boston, MA","","Owns one or more multi-state trade-contracting platforms; a portfolio-wide StateReady rollout is one conversation that lands many platforms, and licence lapse is a diligence and integration risk the sponsor already worries about at every add-on.","","operating partner / head of portfolio operations","https://profitabilitypartners.io/home-services-private-equity-acquirers/","list-article","secondary","2026-09-03","Portfolio platforms relevant to StateReady: ARS / Rescue Rooter. Sponsor site not opened from this environment (403, no DNS, or not attempted), so the website field was left empty per the no-fabrication rule."
"stateready","partner","PE sponsor active in home services","Cortec Group","","New York, NY","","Owns one or more multi-state trade-contracting platforms; a portfolio-wide StateReady rollout is one conversation that lands many platforms, and licence lapse is a diligence and integration risk the sponsor already worries about at every add-on.","","operating partner / head of portfolio operations","https://profitabilitypartners.io/home-services-private-equity-acquirers/","list-article","secondary","2026-09-03","Portfolio platforms relevant to StateReady: Goettl Air Conditioning & Plumbing. Sponsor site not opened from this environment (403, no DNS, or not attempted), so the website field was left empty per the no-fabrication rule."
"stateready","partner","PE sponsor active in home services","Concentric Equity Partners","","Chicago, IL","","Owns one or more multi-state trade-contracting platforms; a portfolio-wide StateReady rollout is one conversation that lands many platforms, and licence lapse is a diligence and integration risk the sponsor already worries about at every add-on.","","operating partner / head of portfolio operations","https://profitabilitypartners.io/home-services-private-equity-acquirers/","list-article","secondary","2026-09-03","Portfolio platforms relevant to StateReady: Leap Partners. Sponsor site not opened from this environment (403, no DNS, or not attempted), so the website field was left empty per the no-fabrication rule."
"stateready","partner","PE sponsor active in home services","Watchtower Capital","","Bethesda, MD","","Owns one or more multi-state trade-contracting platforms; a portfolio-wide StateReady rollout is one conversation that lands many platforms, and licence lapse is a diligence and integration risk the sponsor already worries about at every add-on.","","operating partner / head of portfolio operations","https://profitabilitypartners.io/home-services-private-equity-acquirers/","list-article","secondary","2026-09-03","Portfolio platforms relevant to StateReady: Ally Services. Sponsor site not opened from this environment (403, no DNS, or not attempted), so website is best-known and unconfirmed."
"stateready","partner","PE sponsor active in home services","Exuma Capital Partners","","Florida","","Owns one or more multi-state trade-contracting platforms; a portfolio-wide StateReady rollout is one conversation that lands many platforms, and licence lapse is a diligence and integration risk the sponsor already worries about at every add-on.","","operating partner / head of portfolio operations","https://profitabilitypartners.io/home-services-private-equity-acquirers/","list-article","secondary","2026-09-03","Portfolio platforms relevant to StateReady: Air Pros USA. Sponsor site not opened from this environment (403, no DNS, or not attempted), so website is best-known and unconfirmed."
"stateready","partner","PE sponsor active in home services","LightBay Capital","","Los Angeles, CA","","Owns one or more multi-state trade-contracting platforms; a portfolio-wide StateReady rollout is one conversation that lands many platforms, and licence lapse is a diligence and integration risk the sponsor already worries about at every add-on.","","operating partner / head of portfolio operations","https://profitabilitypartners.io/home-services-private-equity-acquirers/","list-article","secondary","2026-09-03","Portfolio platforms relevant to StateReady: Infinity Home Services. Sponsor site not opened from this environment (403, no DNS, or not attempted), so the website field was left empty per the no-fabrication rule."
"stateready","partner","PE sponsor active in home services","Dunes Point Capital","","Greenwich, CT","","Owns one or more multi-state trade-contracting platforms; a portfolio-wide StateReady rollout is one conversation that lands many platforms, and licence lapse is a diligence and integration risk the sponsor already worries about at every add-on.","","operating partner / head of portfolio operations","https://profitabilitypartners.io/home-services-private-equity-acquirers/","list-article","secondary","2026-09-03","Portfolio platforms relevant to StateReady: Roofing Services Solutions. Sponsor site not opened from this environment (403, no DNS, or not attempted), so the website field was left empty per the no-fabrication rule."
"stateready","partner","PE sponsor active in home services","Osceola Capital Management","","Tampa, FL","","Owns one or more multi-state trade-contracting platforms; a portfolio-wide StateReady rollout is one conversation that lands many platforms, and licence lapse is a diligence and integration risk the sponsor already worries about at every add-on.","","operating partner / head of portfolio operations","https://profitabilitypartners.io/home-services-private-equity-acquirers/","list-article","secondary","2026-09-03","Portfolio platforms relevant to StateReady: Valor Exterior Partners. Sponsor site not opened from this environment (403, no DNS, or not attempted), so the website field was left empty per the no-fabrication rule."
"stateready","partner","PE sponsor active in home services","Halmos Capital Partners","","Fort Lauderdale, FL","","Owns one or more multi-state trade-contracting platforms; a portfolio-wide StateReady rollout is one conversation that lands many platforms, and licence lapse is a diligence and integration risk the sponsor already worries about at every add-on.","","operating partner / head of portfolio operations","https://profitabilitypartners.io/home-services-private-equity-acquirers/","list-article","secondary","2026-09-03","Portfolio platforms relevant to StateReady: Northpoint Roofing Systems. Sponsor site not opened from this environment (403, no DNS, or not attempted), so website is best-known and unconfirmed."
"stateready","partner","PE sponsor active in home services","KKR","","New York, NY","","Owns one or more multi-state trade-contracting platforms; a portfolio-wide StateReady rollout is one conversation that lands many platforms, and licence lapse is a diligence and integration risk the sponsor already worries about at every add-on.","","operating partner / head of portfolio operations","https://profitabilitypartners.io/home-services-private-equity-acquirers/","list-article","secondary","2026-09-03","Portfolio platforms relevant to StateReady: Neighborly. Sponsor site not opened from this environment (403, no DNS, or not attempted), so the website field was left empty per the no-fabrication rule."
"stateready","partner","PE sponsor active in home services","Brookfield","","Toronto, ON","","Owns one or more multi-state trade-contracting platforms; a portfolio-wide StateReady rollout is one conversation that lands many platforms, and licence lapse is a diligence and integration risk the sponsor already worries about at every add-on.","","operating partner / head of portfolio operations","https://profitabilitypartners.io/home-services-private-equity-acquirers/","list-article","secondary","2026-09-03","Portfolio platforms relevant to StateReady: Service Experts (via Enercare). Sponsor site not opened from this environment (403, no DNS, or not attempted), so the website field was left empty per the no-fabrication rule."
"stateready","partner","PE sponsor active in home services","Odyssey Investment Partners","","New York, NY","","Owns one or more multi-state trade-contracting platforms; a portfolio-wide StateReady rollout is one conversation that lands many platforms, and licence lapse is a diligence and integration risk the sponsor already worries about at every add-on.","","operating partner / head of portfolio operations","https://profitabilitypartners.io/home-services-private-equity-acquirers/","list-article","secondary","2026-09-03","Portfolio platforms relevant to StateReady: Champions Group (retained minority after the Blackstone deal). Sponsor site not opened from this environment (403, no DNS, or not attempted), so the website field was left empty per the no-fabrication rule."
"stateready","partner","PE sponsor active in home services","Mubadala Investment Company","","Abu Dhabi, UAE","","Owns one or more multi-state trade-contracting platforms; a portfolio-wide StateReady rollout is one conversation that lands many platforms, and licence lapse is a diligence and integration risk the sponsor already worries about at every add-on.","","operating partner / head of portfolio operations","https://profitabilitypartners.io/home-services-private-equity-acquirers/","list-article","secondary","2026-09-03","Portfolio platforms relevant to StateReady: Service Logic. Sponsor site not opened from this environment (403, no DNS, or not attempted), so the website field was left empty per the no-fabrication rule."
"stateready","partner","PE sponsor active in home services","Ares Management","","Los Angeles, CA","","Owns one or more multi-state trade-contracting platforms; a portfolio-wide StateReady rollout is one conversation that lands many platforms, and licence lapse is a diligence and integration risk the sponsor already worries about at every add-on.","","operating partner / head of portfolio operations","https://profitabilitypartners.io/home-services-private-equity-acquirers/","list-article","secondary","2026-09-03","Portfolio platforms relevant to StateReady: Northwinds Services Group. Sponsor site not opened from this environment (403, no DNS, or not attempted), so the website field was left empty per the no-fabrication rule."
"stateready","partner","PE sponsor active in home services","Union Main Group","","Memphis, TN","","Owns one or more multi-state trade-contracting platforms; a portfolio-wide StateReady rollout is one conversation that lands many platforms, and licence lapse is a diligence and integration risk the sponsor already worries about at every add-on.","","operating partner / head of portfolio operations","https://profitabilitypartners.io/home-services-private-equity-acquirers/","list-article","secondary","2026-09-03","Portfolio platforms relevant to StateReady: Redwood Services (minority). Sponsor site not opened from this environment (403, no DNS, or not attempted), so website is best-known and unconfirmed."
"stateready","partner","PE sponsor active in home services","Cobepa","","Brussels, Belgium","","Owns one or more multi-state trade-contracting platforms; a portfolio-wide StateReady rollout is one conversation that lands many platforms, and licence lapse is a diligence and integration risk the sponsor already worries about at every add-on.","","operating partner / head of portfolio operations","https://profitabilitypartners.io/home-services-private-equity-acquirers/","list-article","secondary","2026-09-03","Portfolio platforms relevant to StateReady: Heartland Home Services. Sponsor site not opened from this environment (403, no DNS, or not attempted), so the website field was left empty per the no-fabrication rule."
"stateready","partner","PE sponsor active in home services","TSG Consumer Partners","","San Francisco, CA","","Owns one or more multi-state trade-contracting platforms; a portfolio-wide StateReady rollout is one conversation that lands many platforms, and licence lapse is a diligence and integration risk the sponsor already worries about at every add-on.","","operating partner / head of portfolio operations","https://profitabilitypartners.io/home-services-private-equity-acquirers/","list-article","secondary","2026-09-03","Portfolio platforms relevant to StateReady: Wrench Group (minority). Sponsor site not opened from this environment (403, no DNS, or not attempted), so the website field was left empty per the no-fabrication rule."
"stateready","partner","PE sponsor active in home services","Oak Hill Capital","","New York, NY","","Owns one or more multi-state trade-contracting platforms; a portfolio-wide StateReady rollout is one conversation that lands many platforms, and licence lapse is a diligence and integration risk the sponsor already worries about at every add-on.","","operating partner / head of portfolio operations","https://profitabilitypartners.io/home-services-private-equity-acquirers/","list-article","secondary","2026-09-03","Portfolio platforms relevant to StateReady: Wrench Group (minority). Sponsor site not opened from this environment (403, no DNS, or not attempted), so the website field was left empty per the no-fabrication rule."
"stateready","partner","PE sponsor active in home services","Investcorp","","New York, NY","","Owns one or more multi-state trade-contracting platforms; a portfolio-wide StateReady rollout is one conversation that lands many platforms, and licence lapse is a diligence and integration risk the sponsor already worries about at every add-on.","","operating partner / head of portfolio operations","https://profitabilitypartners.io/home-services-private-equity-acquirers/","list-article","secondary","2026-09-03","Portfolio platforms relevant to StateReady: Best in Class Technology Services. Sponsor site not opened from this environment (403, no DNS, or not attempted), so the website field was left empty per the no-fabrication rule."
"stateready","partner","PE sponsor active in home services","River Sea Network","","","","Owns one or more multi-state trade-contracting platforms; a portfolio-wide StateReady rollout is one conversation that lands many platforms, and licence lapse is a diligence and integration risk the sponsor already worries about at every add-on.","","operating partner / head of portfolio operations","https://profitabilitypartners.io/home-services-private-equity-acquirers/","list-article","secondary","2026-09-03","Portfolio platforms relevant to StateReady: Aligned Exteriors Group. Sponsor site not opened from this environment (403, no DNS, or not attempted), so website is best-known and unconfirmed."
"stateready","partner","PE sponsor active in home services","Pearl Street Capital","","","","Owns one or more multi-state trade-contracting platforms; a portfolio-wide StateReady rollout is one conversation that lands many platforms, and licence lapse is a diligence and integration risk the sponsor already worries about at every add-on.","","operating partner / head of portfolio operations","https://profitabilitypartners.io/home-services-private-equity-acquirers/","list-article","secondary","2026-09-03","Portfolio platforms relevant to StateReady: Aligned Exteriors Group. Sponsor site not opened from this environment (403, no DNS, or not attempted), so website is best-known and unconfirmed."
"stateready","partner","PE sponsor active in home services","NewSpring Capital","","Radnor, PA","","Owns one or more multi-state trade-contracting platforms; a portfolio-wide StateReady rollout is one conversation that lands many platforms, and licence lapse is a diligence and integration risk the sponsor already worries about at every add-on.","","operating partner / head of portfolio operations","https://profitabilitypartners.io/home-services-private-equity-acquirers/","list-article","secondary","2026-09-03","Portfolio platforms relevant to StateReady: Northpoint Roofing Systems (co-investor). Sponsor site not opened from this environment (403, no DNS, or not attempted), so the website field was left empty per the no-fabrication rule."
"stateready","partner","PE sponsor active in home services","Main Street Capital","","Houston, TX","","Owns one or more multi-state trade-contracting platforms; a portfolio-wide StateReady rollout is one conversation that lands many platforms, and licence lapse is a diligence and integration risk the sponsor already worries about at every add-on.","","operating partner / head of portfolio operations","https://profitabilitypartners.io/home-services-private-equity-acquirers/","list-article","secondary","2026-09-03","Portfolio platforms relevant to StateReady: Cody Pools. Sponsor site not opened from this environment (403, no DNS, or not attempted), so the website field was left empty per the no-fabrication rule."
"stateready","partner","PE sponsor active in home services","CenterOak Partners","","Dallas, TX","","Owns one or more multi-state trade-contracting platforms; a portfolio-wide StateReady rollout is one conversation that lands many platforms, and licence lapse is a diligence and integration risk the sponsor already worries about at every add-on.","","operating partner / head of portfolio operations","https://profitabilitypartners.io/home-services-private-equity-acquirers/","list-article","secondary","2026-09-03","Portfolio platforms relevant to StateReady: Palmetto / Entomo Brands (pest). Sponsor site not opened from this environment (403, no DNS, or not attempted), so the website field was left empty per the no-fabrication rule."
"stateready","partner","PE sponsor active in home services","Thompson Street Capital Partners","","St. Louis, MO","","Owns one or more multi-state trade-contracting platforms; a portfolio-wide StateReady rollout is one conversation that lands many platforms, and licence lapse is a diligence and integration risk the sponsor already worries about at every add-on.","","operating partner / head of portfolio operations","https://profitabilitypartners.io/home-services-private-equity-acquirers/","list-article","secondary","2026-09-03","Portfolio platforms relevant to StateReady: PestCo Holdings. Sponsor site not opened from this environment (403, no DNS, or not attempted), so the website field was left empty per the no-fabrication rule."
"stateready","partner","PE sponsor active in home services","Audax Private Equity","","Boston, MA","","Owns one or more multi-state trade-contracting platforms; a portfolio-wide StateReady rollout is one conversation that lands many platforms, and licence lapse is a diligence and integration risk the sponsor already worries about at every add-on.","","operating partner / head of portfolio operations","https://profitabilitypartners.io/home-services-private-equity-acquirers/","list-article","secondary","2026-09-03","Portfolio platforms relevant to StateReady: Monarch Landscape Companies; former owner of Reedy Industries. Sponsor site not opened from this environment (403, no DNS, or not attempted), so the website field was left empty per the no-fabrication rule."
"stateready","end-customer","franchise system","Neighborly","https://www.neighborlybrands.com","Waco, TX","19 North American brands ranked on the 2026 Franchise 500 per its own press page","Franchise system whose franchisees regularly hold licences in more than one state and whose franchisor is on the hook for brand-level compliance; a system-wide StateReady deal covers hundreds of licence holders in one contract.","https://www.neighborlybrands.com/","VP franchise operations / compliance","https://www.neighborlybrands.com/our-brands/","company-site","verified","2026-09-03","Owner: KKR (Q1 2025, from Harvest Partners). Licensed-trade brands include Aire Serv, Mr. Rooter Plumbing, Mr. Electric, Rainbow Restoration, Mosquito Joe, Glass Doctor, Five Star Painting, Precision Garage Door."
"stateready","end-customer","franchise system","Authority Brands","https://www.authoritybrands.com","Columbia, MD","15 franchisors, 1,000+ franchise owners across the US and Canada, $2B+ revenue (own site); added 246 franchise owners and 340 territories across 31 states in 2025","Franchise system whose franchisees regularly hold licences in more than one state and whose franchisor is on the hook for brand-level compliance; a system-wide StateReady deal covers hundreds of licence holders in one contract.","https://www.authoritybrands.com/contact-us/","VP franchise operations / compliance","https://www.authoritybrands.com/","company-site","verified","2026-09-03","Owner: Apax Partners with BCI. Licensed-trade brands: One Hour Heating & Air Conditioning, Benjamin Franklin Plumbing, Mister Sparky, ASP, DRYmedic, STOP Restoration, Monster Tree Service."
"stateready","end-customer","franchise system","Hoffmann Family of Companies","https://hfcompanies.com","Naples, FL","","Franchise system whose franchisees regularly hold licences in more than one state and whose franchisor is on the hook for brand-level compliance; a system-wide StateReady deal covers hundreds of licence holders in one contract.","https://hfcompanies.com/","VP franchise operations / compliance","https://hfcompanies.com/","company-site","verified","2026-09-03","Named in the app brief. Diversified operator holding multiple service businesses across states."
"stateready","end-customer","franchise system","HomeServe USA","https://www.homeserve.com","Norwalk, CT","","Franchise system whose franchisees regularly hold licences in more than one state and whose franchisor is on the hook for brand-level compliance; a system-wide StateReady deal covers hundreds of licence holders in one contract.","","VP franchise operations / compliance","https://www.homeserve.com/","company-site","unverified","2026-09-03","Named in the app brief. Site returned HTTP 403 to this environment. Sold 19 HVAC & plumbing service centers to Service Experts in Apr 2024 per the DealSeam tracker."
"stateready","end-customer","franchise system","Premium Service Brands","https://premiumservicebrands.com","Charlottesville, VA","","Franchise system whose franchisees regularly hold licences in more than one state and whose franchisor is on the hook for brand-level compliance; a system-wide StateReady deal covers hundreds of licence holders in one contract.","","VP franchise operations / compliance","https://premiumservicebrands.com/about","company-site","unverified","2026-09-03","Named in the app brief. Site returned HTTP 403 to this environment."
"stateready","end-customer","franchise system","Threshold Brands","https://thresholdbrands.com","Danvers, MA","","Franchise system whose franchisees regularly hold licences in more than one state and whose franchisor is on the hook for brand-level compliance; a system-wide StateReady deal covers hundreds of licence holders in one contract.","","VP franchise operations / compliance","https://thresholdbrands.com/","company-site","unverified","2026-09-03","Named in the app brief. Site returned HTTP 403 to this environment."
"stateready","end-customer","franchise brand (licensed trade)","Aire Serv","https://www.aireserv.com","","","Franchise brand in a licensed trade: every franchisee must hold the state licence, bond and CE for its own territory, and multi-territory owners cross state lines - the exact StateReady use case.","https://www.aireserv.com","brand president / franchise business consultant","https://www.aireserv.com","company-site","verified","2026-09-03","HVAC franchise brand within Neighborly. Individual franchisees are independently owned; no franchisee owner names recorded per the no-private-individuals rule."
"stateready","end-customer","franchise brand (licensed trade)","Mr. Rooter Plumbing","https://www.mrrooter.com","","","Franchise brand in a licensed trade: every franchisee must hold the state licence, bond and CE for its own territory, and multi-territory owners cross state lines - the exact StateReady use case.","https://www.mrrooter.com","brand president / franchise business consultant","https://www.mrrooter.com","company-site","verified","2026-09-03","Plumbing franchise brand within Neighborly. Individual franchisees are independently owned; no franchisee owner names recorded per the no-private-individuals rule."
"stateready","end-customer","franchise brand (licensed trade)","Mr. Electric","https://mrelectric.com","","","Franchise brand in a licensed trade: every franchisee must hold the state licence, bond and CE for its own territory, and multi-territory owners cross state lines - the exact StateReady use case.","https://mrelectric.com","brand president / franchise business consultant","https://mrelectric.com","company-site","verified","2026-09-03","Electrical franchise brand within Neighborly. Individual franchisees are independently owned; no franchisee owner names recorded per the no-private-individuals rule."
"stateready","end-customer","franchise brand (licensed trade)","Rainbow Restoration","https://rainbowrestores.com","","","Franchise brand in a licensed trade: every franchisee must hold the state licence, bond and CE for its own territory, and multi-territory owners cross state lines - the exact StateReady use case.","https://rainbowrestores.com","brand president / franchise business consultant","https://rainbowrestores.com","company-site","verified","2026-09-03","Restoration franchise brand within Neighborly. Individual franchisees are independently owned; no franchisee owner names recorded per the no-private-individuals rule."
"stateready","end-customer","franchise brand (licensed trade)","One Hour Heating & Air Conditioning","https://www.onehourheatandair.com","","","Franchise brand in a licensed trade: every franchisee must hold the state licence, bond and CE for its own territory, and multi-territory owners cross state lines - the exact StateReady use case.","https://www.onehourheatandair.com","brand president / franchise business consultant","https://www.onehourheatandair.com","company-site","verified","2026-09-03","HVAC franchise brand within Authority Brands. Individual franchisees are independently owned; no franchisee owner names recorded per the no-private-individuals rule."
"stateready","end-customer","franchise brand (licensed trade)","Benjamin Franklin Plumbing","https://www.benjaminfranklinplumbing.com","","","Franchise brand in a licensed trade: every franchisee must hold the state licence, bond and CE for its own territory, and multi-territory owners cross state lines - the exact StateReady use case.","https://www.benjaminfranklinplumbing.com","brand president / franchise business consultant","https://www.benjaminfranklinplumbing.com","company-site","verified","2026-09-03","Plumbing franchise brand within Authority Brands. Individual franchisees are independently owned; no franchisee owner names recorded per the no-private-individuals rule."
"stateready","end-customer","franchise brand (licensed trade)","Mister Sparky","https://www.mistersparky.com","","","Franchise brand in a licensed trade: every franchisee must hold the state licence, bond and CE for its own territory, and multi-territory owners cross state lines - the exact StateReady use case.","https://www.mistersparky.com","brand president / franchise business consultant","https://www.mistersparky.com","company-site","verified","2026-09-03","Electrical franchise brand within Authority Brands. Individual franchisees are independently owned; no franchisee owner names recorded per the no-private-individuals rule."
"stateready","end-customer","fast-growing independent trade contractor","Anchor Heating and Air","","Charleston, South Carolina","Inc. 5000 2026 rank #851; 407% three-year revenue growth; 1x on the list","Fast-growing independent trade contractor at exactly the size where a spreadsheet stops working and cross-border expansion starts - the buyer for both the tracking subscription and the one-time state-expansion report.","","owner / office manager","https://www.achrnews.com/articles/166598-33-hvac-contractors-make-the-2026-inc-5000-list","list-article","secondary","2026-09-03","From the ACHR NEWS list of HVAC contractors on the 2026 Inc. 5000 (data pulled from the article's embedded Flourish table, visualisation 30013448). Multi-state footprint not verified; growth rate is the expansion signal. Website not opened, so left empty."
"stateready","end-customer","fast-growing independent trade contractor","Mullins Mechanical","","Carrollton, Georgia","Inc. 5000 2026 rank #1016; 345% three-year revenue growth; 4x on the list","Fast-growing independent trade contractor at exactly the size where a spreadsheet stops working and cross-border expansion starts - the buyer for both the tracking subscription and the one-time state-expansion report.","","owner / office manager","https://www.achrnews.com/articles/166598-33-hvac-contractors-make-the-2026-inc-5000-list","list-article","secondary","2026-09-03","From the ACHR NEWS list of HVAC contractors on the 2026 Inc. 5000 (data pulled from the article's embedded Flourish table, visualisation 30013448). Multi-state footprint not verified; growth rate is the expansion signal. Website not opened, so left empty."
"stateready","end-customer","fast-growing independent trade contractor","Optimum HVAC","","Tustin, California","Inc. 5000 2026 rank #1242; 281% three-year revenue growth; 2x on the list","Fast-growing independent trade contractor at exactly the size where a spreadsheet stops working and cross-border expansion starts - the buyer for both the tracking subscription and the one-time state-expansion report.","","owner / office manager","https://www.achrnews.com/articles/166598-33-hvac-contractors-make-the-2026-inc-5000-list","list-article","secondary","2026-09-03","From the ACHR NEWS list of HVAC contractors on the 2026 Inc. 5000 (data pulled from the article's embedded Flourish table, visualisation 30013448). Multi-state footprint not verified; growth rate is the expansion signal. Website not opened, so left empty."
"stateready","end-customer","fast-growing independent trade contractor","The Chill Brothers","","Houston, Texas","Inc. 5000 2026 rank #1351; 254% three-year revenue growth; 2x on the list","Fast-growing independent trade contractor at exactly the size where a spreadsheet stops working and cross-border expansion starts - the buyer for both the tracking subscription and the one-time state-expansion report.","","owner / office manager","https://www.achrnews.com/articles/166598-33-hvac-contractors-make-the-2026-inc-5000-list","list-article","secondary","2026-09-03","From the ACHR NEWS list of HVAC contractors on the 2026 Inc. 5000 (data pulled from the article's embedded Flourish table, visualisation 30013448). Multi-state footprint not verified; growth rate is the expansion signal. Website not opened, so left empty."
"stateready","end-customer","fast-growing independent trade contractor","Beltaway Air Conditioning Heating & Plumbing","","Hanover, Maryland","Inc. 5000 2026 rank #1543; 227% three-year revenue growth; 2x on the list","Fast-growing independent trade contractor at exactly the size where a spreadsheet stops working and cross-border expansion starts - the buyer for both the tracking subscription and the one-time state-expansion report.","","owner / office manager","https://www.achrnews.com/articles/166598-33-hvac-contractors-make-the-2026-inc-5000-list","list-article","secondary","2026-09-03","From the ACHR NEWS list of HVAC contractors on the 2026 Inc. 5000 (data pulled from the article's embedded Flourish table, visualisation 30013448). Multi-state footprint not verified; growth rate is the expansion signal. Website not opened, so left empty."
"stateready","end-customer","fast-growing independent trade contractor","CALL DAD","","Charlotte, North Carolina","Inc. 5000 2026 rank #1662; 208% three-year revenue growth; 5x on the list","Fast-growing independent trade contractor at exactly the size where a spreadsheet stops working and cross-border expansion starts - the buyer for both the tracking subscription and the one-time state-expansion report.","","owner / office manager","https://www.achrnews.com/articles/166598-33-hvac-contractors-make-the-2026-inc-5000-list","list-article","secondary","2026-09-03","From the ACHR NEWS list of HVAC contractors on the 2026 Inc. 5000 (data pulled from the article's embedded Flourish table, visualisation 30013448). Multi-state footprint not verified; growth rate is the expansion signal. Website not opened, so left empty."
"stateready","end-customer","fast-growing independent trade contractor","TRIO Heating, Air & Plumbing","","San Jose, California","Inc. 5000 2026 rank #2278; 148% three-year revenue growth; 2x on the list","Fast-growing independent trade contractor at exactly the size where a spreadsheet stops working and cross-border expansion starts - the buyer for both the tracking subscription and the one-time state-expansion report.","","owner / office manager","https://www.achrnews.com/articles/166598-33-hvac-contractors-make-the-2026-inc-5000-list","list-article","secondary","2026-09-03","From the ACHR NEWS list of HVAC contractors on the 2026 Inc. 5000 (data pulled from the article's embedded Flourish table, visualisation 30013448). Multi-state footprint not verified; growth rate is the expansion signal. Website not opened, so left empty."
"stateready","end-customer","fast-growing independent trade contractor","Lee's Air, Plumbing & Heating","","Fresno, California","Inc. 5000 2026 rank #2530; 128% three-year revenue growth; 9x on the list","Fast-growing independent trade contractor at exactly the size where a spreadsheet stops working and cross-border expansion starts - the buyer for both the tracking subscription and the one-time state-expansion report.","","owner / office manager","https://www.achrnews.com/articles/166598-33-hvac-contractors-make-the-2026-inc-5000-list","list-article","secondary","2026-09-03","From the ACHR NEWS list of HVAC contractors on the 2026 Inc. 5000 (data pulled from the article's embedded Flourish table, visualisation 30013448). Multi-state footprint not verified; growth rate is the expansion signal. Website not opened, so left empty."
"stateready","end-customer","fast-growing independent trade contractor","Atlantic Air Systems","","Toms River, New Jersey","Inc. 5000 2026 rank #2584; 125% three-year revenue growth; 1x on the list","Fast-growing independent trade contractor at exactly the size where a spreadsheet stops working and cross-border expansion starts - the buyer for both the tracking subscription and the one-time state-expansion report.","","owner / office manager","https://www.achrnews.com/articles/166598-33-hvac-contractors-make-the-2026-inc-5000-list","list-article","secondary","2026-09-03","From the ACHR NEWS list of HVAC contractors on the 2026 Inc. 5000 (data pulled from the article's embedded Flourish table, visualisation 30013448). Multi-state footprint not verified; growth rate is the expansion signal. Website not opened, so left empty."
"stateready","end-customer","fast-growing independent trade contractor","Integrity Refrigeration and A/C","","Winter Haven, Florida","Inc. 5000 2026 rank #2602; 124% three-year revenue growth; 1x on the list","Fast-growing independent trade contractor at exactly the size where a spreadsheet stops working and cross-border expansion starts - the buyer for both the tracking subscription and the one-time state-expansion report.","","owner / office manager","https://www.achrnews.com/articles/166598-33-hvac-contractors-make-the-2026-inc-5000-list","list-article","secondary","2026-09-03","From the ACHR NEWS list of HVAC contractors on the 2026 Inc. 5000 (data pulled from the article's embedded Flourish table, visualisation 30013448). Multi-state footprint not verified; growth rate is the expansion signal. Website not opened, so left empty."
"stateready","end-customer","fast-growing independent trade contractor","Quality Heating Cooling Plumbing & Electric","","Glenpool, Oklahoma","Inc. 5000 2026 rank #2806; 112% three-year revenue growth; 1x on the list","Fast-growing independent trade contractor at exactly the size where a spreadsheet stops working and cross-border expansion starts - the buyer for both the tracking subscription and the one-time state-expansion report.","","owner / office manager","https://www.achrnews.com/articles/166598-33-hvac-contractors-make-the-2026-inc-5000-list","list-article","secondary","2026-09-03","From the ACHR NEWS list of HVAC contractors on the 2026 Inc. 5000 (data pulled from the article's embedded Flourish table, visualisation 30013448). Multi-state footprint not verified; growth rate is the expansion signal. Website not opened, so left empty."
"stateready","end-customer","fast-growing independent trade contractor","Eco Plumbers, Electricians, and HVAC Technicians","","Hilliard, Ohio","Inc. 5000 2026 rank #2812; 112% three-year revenue growth; 3x on the list","Fast-growing independent trade contractor at exactly the size where a spreadsheet stops working and cross-border expansion starts - the buyer for both the tracking subscription and the one-time state-expansion report.","","owner / office manager","https://www.achrnews.com/articles/166598-33-hvac-contractors-make-the-2026-inc-5000-list","list-article","secondary","2026-09-03","From the ACHR NEWS list of HVAC contractors on the 2026 Inc. 5000 (data pulled from the article's embedded Flourish table, visualisation 30013448). Multi-state footprint not verified; growth rate is the expansion signal. Website not opened, so left empty."
"stateready","end-customer","fast-growing independent trade contractor","Snyder Solutions","","Richmond, Virginia","Inc. 5000 2026 rank #2885; 108% three-year revenue growth; 4x on the list","Fast-growing independent trade contractor at exactly the size where a spreadsheet stops working and cross-border expansion starts - the buyer for both the tracking subscription and the one-time state-expansion report.","","owner / office manager","https://www.achrnews.com/articles/166598-33-hvac-contractors-make-the-2026-inc-5000-list","list-article","secondary","2026-09-03","From the ACHR NEWS list of HVAC contractors on the 2026 Inc. 5000 (data pulled from the article's embedded Flourish table, visualisation 30013448). Multi-state footprint not verified; growth rate is the expansion signal. Website not opened, so left empty."
"stateready","end-customer","fast-growing independent trade contractor","Reddick and Sons","","Manassas, Virginia","Inc. 5000 2026 rank #2902; 107% three-year revenue growth; 1x on the list","Fast-growing independent trade contractor at exactly the size where a spreadsheet stops working and cross-border expansion starts - the buyer for both the tracking subscription and the one-time state-expansion report.","","owner / office manager","https://www.achrnews.com/articles/166598-33-hvac-contractors-make-the-2026-inc-5000-list","list-article","secondary","2026-09-03","From the ACHR NEWS list of HVAC contractors on the 2026 Inc. 5000 (data pulled from the article's embedded Flourish table, visualisation 30013448). Multi-state footprint not verified; growth rate is the expansion signal. Website not opened, so left empty."
"stateready","end-customer","fast-growing independent trade contractor","Old Dominion Mechanical","","Henrico, Virginia","Inc. 5000 2026 rank #3093; 98% three-year revenue growth; 9x on the list","Fast-growing independent trade contractor at exactly the size where a spreadsheet stops working and cross-border expansion starts - the buyer for both the tracking subscription and the one-time state-expansion report.","","owner / office manager","https://www.achrnews.com/articles/166598-33-hvac-contractors-make-the-2026-inc-5000-list","list-article","secondary","2026-09-03","From the ACHR NEWS list of HVAC contractors on the 2026 Inc. 5000 (data pulled from the article's embedded Flourish table, visualisation 30013448). Multi-state footprint not verified; growth rate is the expansion signal. Website not opened, so left empty."
"stateready","end-customer","fast-growing independent trade contractor","Akian Plumbing, Heating, Cooling & Electric","","Watertown, Massachusetts","Inc. 5000 2026 rank #3105; 98% three-year revenue growth; 1x on the list","Fast-growing independent trade contractor at exactly the size where a spreadsheet stops working and cross-border expansion starts - the buyer for both the tracking subscription and the one-time state-expansion report.","","owner / office manager","https://www.achrnews.com/articles/166598-33-hvac-contractors-make-the-2026-inc-5000-list","list-article","secondary","2026-09-03","From the ACHR NEWS list of HVAC contractors on the 2026 Inc. 5000 (data pulled from the article's embedded Flourish table, visualisation 30013448). Multi-state footprint not verified; growth rate is the expansion signal. Website not opened, so left empty."
"stateready","end-customer","fast-growing independent trade contractor","Rudd Plumbing Heating Air & Electrical","","Moncks Corner, South Carolina","Inc. 5000 2026 rank #3146; 96% three-year revenue growth; 3x on the list","Fast-growing independent trade contractor at exactly the size where a spreadsheet stops working and cross-border expansion starts - the buyer for both the tracking subscription and the one-time state-expansion report.","","owner / office manager","https://www.achrnews.com/articles/166598-33-hvac-contractors-make-the-2026-inc-5000-list","list-article","secondary","2026-09-03","From the ACHR NEWS list of HVAC contractors on the 2026 Inc. 5000 (data pulled from the article's embedded Flourish table, visualisation 30013448). Multi-state footprint not verified; growth rate is the expansion signal. Website not opened, so left empty."
"stateready","end-customer","fast-growing independent trade contractor","Brackett Heating, Air & Plumbing","","Evansville, Indiana","Inc. 5000 2026 rank #3276; 90% three-year revenue growth; 1x on the list","Fast-growing independent trade contractor at exactly the size where a spreadsheet stops working and cross-border expansion starts - the buyer for both the tracking subscription and the one-time state-expansion report.","","owner / office manager","https://www.achrnews.com/articles/166598-33-hvac-contractors-make-the-2026-inc-5000-list","list-article","secondary","2026-09-03","From the ACHR NEWS list of HVAC contractors on the 2026 Inc. 5000 (data pulled from the article's embedded Flourish table, visualisation 30013448). Multi-state footprint not verified; growth rate is the expansion signal. Website not opened, so left empty."
"stateready","end-customer","fast-growing independent trade contractor","Classic Refrigeration","","Brea, California","Inc. 5000 2026 rank #3423; 84% three-year revenue growth; 2x on the list","Fast-growing independent trade contractor at exactly the size where a spreadsheet stops working and cross-border expansion starts - the buyer for both the tracking subscription and the one-time state-expansion report.","","owner / office manager","https://www.achrnews.com/articles/166598-33-hvac-contractors-make-the-2026-inc-5000-list","list-article","secondary","2026-09-03","From the ACHR NEWS list of HVAC contractors on the 2026 Inc. 5000 (data pulled from the article's embedded Flourish table, visualisation 30013448). Multi-state footprint not verified; growth rate is the expansion signal. Website not opened, so left empty."
"stateready","end-customer","fast-growing independent trade contractor","Regal Plumbing, Heating & A/C","","York, Pennsylvania","Inc. 5000 2026 rank #3455; 82% three-year revenue growth; 1x on the list","Fast-growing independent trade contractor at exactly the size where a spreadsheet stops working and cross-border expansion starts - the buyer for both the tracking subscription and the one-time state-expansion report.","","owner / office manager","https://www.achrnews.com/articles/166598-33-hvac-contractors-make-the-2026-inc-5000-list","list-article","secondary","2026-09-03","From the ACHR NEWS list of HVAC contractors on the 2026 Inc. 5000 (data pulled from the article's embedded Flourish table, visualisation 30013448). Multi-state footprint not verified; growth rate is the expansion signal. Website not opened, so left empty."
"stateready","end-customer","fast-growing independent trade contractor","Tim Kyle Electric, Heating & Cooling","","Westminster, Maryland","Inc. 5000 2026 rank #3469; 82% three-year revenue growth; 1x on the list","Fast-growing independent trade contractor at exactly the size where a spreadsheet stops working and cross-border expansion starts - the buyer for both the tracking subscription and the one-time state-expansion report.","","owner / office manager","https://www.achrnews.com/articles/166598-33-hvac-contractors-make-the-2026-inc-5000-list","list-article","secondary","2026-09-03","From the ACHR NEWS list of HVAC contractors on the 2026 Inc. 5000 (data pulled from the article's embedded Flourish table, visualisation 30013448). Multi-state footprint not verified; growth rate is the expansion signal. Website not opened, so left empty."
"stateready","end-customer","fast-growing independent trade contractor","Dunrite HVAC Services","","Dallas, Texas","Inc. 5000 2026 rank #3519; 80% three-year revenue growth; 2x on the list","Fast-growing independent trade contractor at exactly the size where a spreadsheet stops working and cross-border expansion starts - the buyer for both the tracking subscription and the one-time state-expansion report.","","owner / office manager","https://www.achrnews.com/articles/166598-33-hvac-contractors-make-the-2026-inc-5000-list","list-article","secondary","2026-09-03","From the ACHR NEWS list of HVAC contractors on the 2026 Inc. 5000 (data pulled from the article's embedded Flourish table, visualisation 30013448). Multi-state footprint not verified; growth rate is the expansion signal. Website not opened, so left empty."
"stateready","end-customer","fast-growing independent trade contractor","Cardinal Plumbing Heating & Air","","Sterling, Virginia","Inc. 5000 2026 rank #3574; 77% three-year revenue growth; 1x on the list","Fast-growing independent trade contractor at exactly the size where a spreadsheet stops working and cross-border expansion starts - the buyer for both the tracking subscription and the one-time state-expansion report.","","owner / office manager","https://www.achrnews.com/articles/166598-33-hvac-contractors-make-the-2026-inc-5000-list","list-article","secondary","2026-09-03","From the ACHR NEWS list of HVAC contractors on the 2026 Inc. 5000 (data pulled from the article's embedded Flourish table, visualisation 30013448). Multi-state footprint not verified; growth rate is the expansion signal. Website not opened, so left empty."
"stateready","end-customer","fast-growing independent trade contractor","Rogers Heating & Cooling","","South Boston, Virginia","Inc. 5000 2026 rank #3822; 68% three-year revenue growth; 5x on the list","Fast-growing independent trade contractor at exactly the size where a spreadsheet stops working and cross-border expansion starts - the buyer for both the tracking subscription and the one-time state-expansion report.","","owner / office manager","https://www.achrnews.com/articles/166598-33-hvac-contractors-make-the-2026-inc-5000-list","list-article","secondary","2026-09-03","From the ACHR NEWS list of HVAC contractors on the 2026 Inc. 5000 (data pulled from the article's embedded Flourish table, visualisation 30013448). Multi-state footprint not verified; growth rate is the expansion signal. Website not opened, so left empty."
"stateready","end-customer","fast-growing independent trade contractor","Summers of Peru","","Peru, Indiana","Inc. 5000 2026 rank #3867; 66% three-year revenue growth; 1x on the list","Fast-growing independent trade contractor at exactly the size where a spreadsheet stops working and cross-border expansion starts - the buyer for both the tracking subscription and the one-time state-expansion report.","","owner / office manager","https://www.achrnews.com/articles/166598-33-hvac-contractors-make-the-2026-inc-5000-list","list-article","secondary","2026-09-03","From the ACHR NEWS list of HVAC contractors on the 2026 Inc. 5000 (data pulled from the article's embedded Flourish table, visualisation 30013448). Multi-state footprint not verified; growth rate is the expansion signal. Website not opened, so left empty."
"stateready","end-customer","fast-growing independent trade contractor","Commercial Service Repair","","Greenville, South Carolina","Inc. 5000 2026 rank #3897; 64% three-year revenue growth; 4x on the list","Fast-growing independent trade contractor at exactly the size where a spreadsheet stops working and cross-border expansion starts - the buyer for both the tracking subscription and the one-time state-expansion report.","","owner / office manager","https://www.achrnews.com/articles/166598-33-hvac-contractors-make-the-2026-inc-5000-list","list-article","secondary","2026-09-03","From the ACHR NEWS list of HVAC contractors on the 2026 Inc. 5000 (data pulled from the article's embedded Flourish table, visualisation 30013448). Multi-state footprint not verified; growth rate is the expansion signal. Website not opened, so left empty."
"stateready","end-customer","fast-growing independent trade contractor","A&P Air Conditioning Corporation","","Hialeah, Florida","Inc. 5000 2026 rank #3902; 64% three-year revenue growth; 4x on the list","Fast-growing independent trade contractor at exactly the size where a spreadsheet stops working and cross-border expansion starts - the buyer for both the tracking subscription and the one-time state-expansion report.","","owner / office manager","https://www.achrnews.com/articles/166598-33-hvac-contractors-make-the-2026-inc-5000-list","list-article","secondary","2026-09-03","From the ACHR NEWS list of HVAC contractors on the 2026 Inc. 5000 (data pulled from the article's embedded Flourish table, visualisation 30013448). Multi-state footprint not verified; growth rate is the expansion signal. Website not opened, so left empty."
"stateready","end-customer","fast-growing independent trade contractor","Summers of Marion","","Marion, Indiana","Inc. 5000 2026 rank #3957; 62% three-year revenue growth; 1x on the list","Fast-growing independent trade contractor at exactly the size where a spreadsheet stops working and cross-border expansion starts - the buyer for both the tracking subscription and the one-time state-expansion report.","","owner / office manager","https://www.achrnews.com/articles/166598-33-hvac-contractors-make-the-2026-inc-5000-list","list-article","secondary","2026-09-03","From the ACHR NEWS list of HVAC contractors on the 2026 Inc. 5000 (data pulled from the article's embedded Flourish table, visualisation 30013448). Multi-state footprint not verified; growth rate is the expansion signal. Website not opened, so left empty."
"stateready","end-customer","fast-growing independent trade contractor","Blanton's Air, Plumbing & Electric","","Fayetteville, North Carolina","Inc. 5000 2026 rank #4050; 58% three-year revenue growth; 6x on the list","Fast-growing independent trade contractor at exactly the size where a spreadsheet stops working and cross-border expansion starts - the buyer for both the tracking subscription and the one-time state-expansion report.","","owner / office manager","https://www.achrnews.com/articles/166598-33-hvac-contractors-make-the-2026-inc-5000-list","list-article","secondary","2026-09-03","From the ACHR NEWS list of HVAC contractors on the 2026 Inc. 5000 (data pulled from the article's embedded Flourish table, visualisation 30013448). Multi-state footprint not verified; growth rate is the expansion signal. Website not opened, so left empty."
"stateready","end-customer","fast-growing independent trade contractor","Harts Plumbers, Electricians & HVAC Technicians","","Tacoma, Washington","Inc. 5000 2026 rank #4057; 58% three-year revenue growth; 7x on the list","Fast-growing independent trade contractor at exactly the size where a spreadsheet stops working and cross-border expansion starts - the buyer for both the tracking subscription and the one-time state-expansion report.","","owner / office manager","https://www.achrnews.com/articles/166598-33-hvac-contractors-make-the-2026-inc-5000-list","list-article","secondary","2026-09-03","From the ACHR NEWS list of HVAC contractors on the 2026 Inc. 5000 (data pulled from the article's embedded Flourish table, visualisation 30013448). Multi-state footprint not verified; growth rate is the expansion signal. Website not opened, so left empty."
"stateready","end-customer","fast-growing independent trade contractor","5 Star HVAC Contractors","","Rowlett, Texas","Inc. 5000 2026 rank #4240; 51% three-year revenue growth; 1x on the list","Fast-growing independent trade contractor at exactly the size where a spreadsheet stops working and cross-border expansion starts - the buyer for both the tracking subscription and the one-time state-expansion report.","","owner / office manager","https://www.achrnews.com/articles/166598-33-hvac-contractors-make-the-2026-inc-5000-list","list-article","secondary","2026-09-03","From the ACHR NEWS list of HVAC contractors on the 2026 Inc. 5000 (data pulled from the article's embedded Flourish table, visualisation 30013448). Multi-state footprint not verified; growth rate is the expansion signal. Website not opened, so left empty."
"stateready","end-customer","fast-growing independent trade contractor","TR Miller Heating, Cooling, Plumbing & Electric","","Bolingbrook, Illinois","Inc. 5000 2026 rank #4314; 48% three-year revenue growth; 7x on the list","Fast-growing independent trade contractor at exactly the size where a spreadsheet stops working and cross-border expansion starts - the buyer for both the tracking subscription and the one-time state-expansion report.","","owner / office manager","https://www.achrnews.com/articles/166598-33-hvac-contractors-make-the-2026-inc-5000-list","list-article","secondary","2026-09-03","From the ACHR NEWS list of HVAC contractors on the 2026 Inc. 5000 (data pulled from the article's embedded Flourish table, visualisation 30013448). Multi-state footprint not verified; growth rate is the expansion signal. Website not opened, so left empty."
"stateready","end-customer","fast-growing independent trade contractor","DMC Service","","Olathe, Kansas","Inc. 5000 2026 rank #4975; 13% three-year revenue growth; 5x on the list","Fast-growing independent trade contractor at exactly the size where a spreadsheet stops working and cross-border expansion starts - the buyer for both the tracking subscription and the one-time state-expansion report.","","owner / office manager","https://www.achrnews.com/articles/166598-33-hvac-contractors-make-the-2026-inc-5000-list","list-article","secondary","2026-09-03","From the ACHR NEWS list of HVAC contractors on the 2026 Inc. 5000 (data pulled from the article's embedded Flourish table, visualisation 30013448). Multi-state footprint not verified; growth rate is the expansion signal. Website not opened, so left empty."
"stateready","channel","conference / trade show","AHR Expo","https://www.ahrexpo.com","rotating US city","Own site is already selling the 2027 Chicago floor plan; largest HVACR trade show in North America","Where the owners, compliance managers and platform integration leads StateReady sells to gather in person; a booth, a sponsored session on multi-state licensing, or a lapse-risk audit offer converts directly.","https://www.ahrexpo.com/","event/sponsorship manager","https://www.ahrexpo.com/","company-site","verified","2026-09-03","Named in the app brief."
"stateready","channel","conference / trade show","ServiceTitan Pantheon","https://pantheon.servicetitan.com","","","Where the owners, compliance managers and platform integration leads StateReady sells to gather in person; a booth, a sponsored session on multi-state licensing, or a lapse-risk audit offer converts directly.","https://pantheon.servicetitan.com/","event/sponsorship manager","https://pantheon.servicetitan.com/","company-site","verified","2026-09-03","Named in the app brief. ServiceTitan customer conference - dense with multi-location home-services operators."
"stateready","channel","conference / trade show","NECA Convention","https://www.necaconvention.org","Las Vegas, NV (2026)","","Where the owners, compliance managers and platform integration leads StateReady sells to gather in person; a booth, a sponsored session on multi-state licensing, or a lapse-risk audit offer converts directly.","https://www.necaconvention.org/","event/sponsorship manager","https://www.necaconvention.org/","company-site","verified","2026-09-03","Named in the app brief. Electrical contractor convention and trade show."
"stateready","channel","conference / trade show","International Roofing Expo","https://www.theroofingexpo.com","rotating US city","Own site bills it as North America's largest roofing event","Where the owners, compliance managers and platform integration leads StateReady sells to gather in person; a booth, a sponsored session on multi-state licensing, or a lapse-risk audit offer converts directly.","https://www.theroofingexpo.com/","event/sponsorship manager","https://www.theroofingexpo.com/","company-site","verified","2026-09-03","Roofing licensing/registration is state and county level - the sharpest expansion pain in that trade."
"stateready","channel","conference / trade show","NASCLA Annual Conference","https://www.nascla.org/annual-conference","Grand Rapids, MI (2026)","","Where the state contractor licensing agencies themselves meet - the single best place to keep the 50-state rules database current and to build regulator credibility.","info@nascla.org","event/sponsorship manager","https://www.nascla.org/annual-conference","company-site","verified","2026-09-03","Data-side channel rather than a demand-side one."
"stateready","channel","conference / trade show","IEC Convention / Business Summit","https://ieci.org/events/","","","Where the owners, compliance managers and platform integration leads StateReady sells to gather in person; a booth, a sponsored session on multi-state licensing, or a lapse-risk audit offer converts directly.","communications@ieci.org","event/sponsorship manager","https://ieci.org/events/","company-site","verified","2026-09-03","Named in the app brief as IEC Convention; IEC now runs it as the Business Summit plus SPARK."
"stateready","channel","conference / trade show","ACCA Annual Conference","https://www.acca.org","","","Where the owners, compliance managers and platform integration leads StateReady sells to gather in person; a booth, a sponsored session on multi-state licensing, or a lapse-risk audit offer converts directly.","https://www.acca.org/contact","event/sponsorship manager","https://www.acca.org/home","company-site","secondary","2026-09-03","Named in the app brief. The conference sub-page returned an ACCA 404 page; the event is listed under Education & Events on acca.org."
"stateready","channel","conference / trade show","PHCC CONNECT","https://www.phccweb.org","","","Where the owners, compliance managers and platform integration leads StateReady sells to gather in person; a booth, a sponsored session on multi-state licensing, or a lapse-risk audit offer converts directly.","customercare@naphcc.org","event/sponsorship manager","https://www.phccweb.org/","company-site","secondary","2026-09-03","Named in the app brief. phccconnect.org did not resolve from this environment; the event is run from phccweb.org."
"stateready","channel","conference / trade show","EGIA EPIC Conference","https://egia.org","","","Where the owners, compliance managers and platform integration leads StateReady sells to gather in person; a booth, a sponsored session on multi-state licensing, or a lapse-risk audit offer converts directly.","https://egia.org/","event/sponsorship manager","https://egia.org/","company-site","secondary","2026-09-03","Named in the app brief. epic.egia.org redirected to egia.org from this environment."
"stateready","channel","conference / trade show","Nexstar Super Meeting","https://www.nexstarnetwork.com","St. Paul, MN (org HQ)","","Where the owners, compliance managers and platform integration leads StateReady sells to gather in person; a booth, a sponsored session on multi-state licensing, or a lapse-risk audit offer converts directly.","https://www.nexstarnetwork.com/contact","event/sponsorship manager","https://www.nexstarnetwork.com/","company-site","secondary","2026-09-03","Named in the app brief. Members-only event; the /events path returned 404 to curl."
"stateready","channel","conference / trade show","Service Nation Expo (Service World Expo)","https://servicenation.com","","","Where the owners, compliance managers and platform integration leads StateReady sells to gather in person; a booth, a sponsored session on multi-state licensing, or a lapse-risk audit offer converts directly.","https://servicenation.com/contact","event/sponsorship manager","https://servicenation.com/","company-site","secondary","2026-09-03","Named in the app brief. servicenationexpo.com did not resolve; Service Nation is now part of EverPro."
"stateready","channel","conference / trade show","RIA Convention & Industry Expo","https://www.restorationindustry.org","","","Where the owners, compliance managers and platform integration leads StateReady sells to gather in person; a booth, a sponsored session on multi-state licensing, or a lapse-risk audit offer converts directly.","info@restorationindustry.org","event/sponsorship manager","https://www.restorationindustry.org/","company-site","secondary","2026-09-03","RIA event listing page returned HTTP 403 to this environment."
"stateready","channel","peer network / buying group","Nexstar Network","https://www.nexstarnetwork.com","St. Paul, MN","","Sells business coaching and shared best practice to independent HVAC/plumbing/electrical owners; a vetted-vendor slot or a member-benefit deal puts StateReady in front of hundreds of shops with an existing trust relationship.","https://www.nexstarnetwork.com/contact","editor / community manager","https://www.nexstarnetwork.com/","company-site","verified","2026-09-03","Named in the app brief."
"stateready","channel","peer network / buying group","Service Nation Alliance (EverPro)","https://servicenation.com","","","Sells business coaching and shared best practice to independent HVAC/plumbing/electrical owners; a vetted-vendor slot or a member-benefit deal puts StateReady in front of hundreds of shops with an existing trust relationship.","https://servicenation.com/contact","editor / community manager","https://servicenation.com/","company-site","verified","2026-09-03","Named in the app brief."
"stateready","channel","peer network / buying group","EGIA / Contractor University","https://egia.org","Sacramento, CA","","Sells business coaching and shared best practice to independent HVAC/plumbing/electrical owners; a vetted-vendor slot or a member-benefit deal puts StateReady in front of hundreds of shops with an existing trust relationship.","https://egia.org/","editor / community manager","https://egia.org/","company-site","verified","2026-09-03","Named in the app brief. Runs Contractor University training for HVAC contractors."
"stateready","channel","peer network / buying group","Blue Collar Success Group","https://bluecollarsuccessgroup.com","","","Sells business coaching and shared best practice to independent HVAC/plumbing/electrical owners; a vetted-vendor slot or a member-benefit deal puts StateReady in front of hundreds of shops with an existing trust relationship.","","editor / community manager","https://bluecollarsuccessgroup.com/","company-site","unverified","2026-09-03","Named in the app brief. Domain did not resolve from this environment (curl exit 000)."
"stateready","channel","peer network / buying group","ACCA MIX Groups","https://www.acca.org","Alexandria, VA","","Sells business coaching and shared best practice to independent HVAC/plumbing/electrical owners; a vetted-vendor slot or a member-benefit deal puts StateReady in front of hundreds of shops with an existing trust relationship.","https://www.acca.org/contact","editor / community manager","https://www.acca.org/home","company-site","verified","2026-09-03","ACCA-run peer benchmarking groups listed on acca.org under Member Services."
"stateready","channel","peer network / buying group","ProTradeNet (Neighborly)","https://www.neighborlybrands.com","Waco, TX","","Sells business coaching and shared best practice to independent HVAC/plumbing/electrical owners; a vetted-vendor slot or a member-benefit deal puts StateReady in front of hundreds of shops with an existing trust relationship.","https://www.neighborlybrands.com/","editor / community manager","https://www.neighborlybrands.com/our-brands/","company-site","verified","2026-09-03","Neighborly's buying/peer network for its franchisees, linked from its own nav."
"stateready","channel","peer network / buying group","BuyMax (Authority Brands)","https://www.authoritybrands.com","Columbia, MD","","Sells business coaching and shared best practice to independent HVAC/plumbing/electrical owners; a vetted-vendor slot or a member-benefit deal puts StateReady in front of hundreds of shops with an existing trust relationship.","https://www.authoritybrands.com/contact-us/","editor / community manager","https://www.authoritybrands.com/","company-site","verified","2026-09-03","Authority Brands' enterprise buying platform, listed on its own site nav."
"stateready","channel","podcast","Owned and Operated (plumbing, electrical and HVAC business growth)","","","","Reaches HVAC/plumbing/electrical business owners and office managers directly - the audience for a free ""licence lapse risk audit"" offer and for the state-expansion report.","","editor / community manager","https://hookagency.com/blog/hvac-podcasts/","list-article","secondary","2026-09-03","Show name only - no host or individual names recorded, per the no-private-individuals rule."
"stateready","channel","podcast","The Home Service Expert Podcast","","","","Reaches HVAC/plumbing/electrical business owners and office managers directly - the audience for a free ""licence lapse risk audit"" offer and for the state-expansion report.","","editor / community manager","https://hookagency.com/blog/hvac-podcasts/","list-article","secondary","2026-09-03","Show name only - no host or individual names recorded, per the no-private-individuals rule."
"stateready","channel","podcast","Plumbing & HVAC Hustle Podcast","","","","Reaches HVAC/plumbing/electrical business owners and office managers directly - the audience for a free ""licence lapse risk audit"" offer and for the state-expansion report.","","editor / community manager","https://hookagency.com/blog/hvac-podcasts/","list-article","secondary","2026-09-03","Show name only - no host or individual names recorded, per the no-private-individuals rule."
"stateready","channel","podcast","Service Business Mastery","","","","Reaches HVAC/plumbing/electrical business owners and office managers directly - the audience for a free ""licence lapse risk audit"" offer and for the state-expansion report.","","editor / community manager","https://hookagency.com/blog/hvac-podcasts/","list-article","secondary","2026-09-03","Show name only - no host or individual names recorded, per the no-private-individuals rule."
"stateready","channel","podcast","Service MVP Sales Training Podcast","","","","Reaches HVAC/plumbing/electrical business owners and office managers directly - the audience for a free ""licence lapse risk audit"" offer and for the state-expansion report.","","editor / community manager","https://hookagency.com/blog/hvac-podcasts/","list-article","secondary","2026-09-03","Show name only - no host or individual names recorded, per the no-private-individuals rule."
"stateready","channel","podcast","HVAC Know It All Podcast","","","","Reaches HVAC/plumbing/electrical business owners and office managers directly - the audience for a free ""licence lapse risk audit"" offer and for the state-expansion report.","","editor / community manager","https://hookagency.com/blog/hvac-podcasts/","list-article","secondary","2026-09-03","Show name only - no host or individual names recorded, per the no-private-individuals rule."
"stateready","channel","podcast","HVAC School Podcast","","","","Reaches HVAC/plumbing/electrical business owners and office managers directly - the audience for a free ""licence lapse risk audit"" offer and for the state-expansion report.","","editor / community manager","https://www.housecallpro.com/resources/hvac-podcasts/","list-article","secondary","2026-09-03","Show name only - no host or individual names recorded, per the no-private-individuals rule."
"stateready","channel","podcast","The HVAC Jerks","","","","Reaches HVAC/plumbing/electrical business owners and office managers directly - the audience for a free ""licence lapse risk audit"" offer and for the state-expansion report.","","editor / community manager","https://www.housecallpro.com/resources/hvac-podcasts/","list-article","secondary","2026-09-03","Show name only - no host or individual names recorded, per the no-private-individuals rule."
"stateready","channel","podcast","HVAC Shop Talk","","","","Reaches HVAC/plumbing/electrical business owners and office managers directly - the audience for a free ""licence lapse risk audit"" offer and for the state-expansion report.","","editor / community manager","https://www.housecallpro.com/resources/hvac-podcasts/","list-article","secondary","2026-09-03","Show name only - no host or individual names recorded, per the no-private-individuals rule."
"stateready","channel","podcast","HVAC Masters of the Hustle","","","","Reaches HVAC/plumbing/electrical business owners and office managers directly - the audience for a free ""licence lapse risk audit"" offer and for the state-expansion report.","","editor / community manager","https://www.housecallpro.com/resources/hvac-podcasts/","list-article","secondary","2026-09-03","Show name only - no host or individual names recorded, per the no-private-individuals rule."
"stateready","channel","podcast","HVAC Uncensored","","","","Reaches HVAC/plumbing/electrical business owners and office managers directly - the audience for a free ""licence lapse risk audit"" offer and for the state-expansion report.","","editor / community manager","https://www.housecallpro.com/resources/hvac-podcasts/","list-article","secondary","2026-09-03","Show name only - no host or individual names recorded, per the no-private-individuals rule."
"stateready","channel","podcast","Building HVAC Science","","","","Reaches HVAC/plumbing/electrical business owners and office managers directly - the audience for a free ""licence lapse risk audit"" offer and for the state-expansion report.","","editor / community manager","https://www.housecallpro.com/resources/hvac-podcasts/","list-article","secondary","2026-09-03","Show name only - no host or individual names recorded, per the no-private-individuals rule."
"stateready","channel","podcast","HVAC Success Secrets Revealed","","","","Reaches HVAC/plumbing/electrical business owners and office managers directly - the audience for a free ""licence lapse risk audit"" offer and for the state-expansion report.","","editor / community manager","https://www.housecallpro.com/resources/hvac-podcasts/","list-article","secondary","2026-09-03","Show name only - no host or individual names recorded, per the no-private-individuals rule."
"stateready","channel","podcast","HVAC Financial Freedom","","","","Reaches HVAC/plumbing/electrical business owners and office managers directly - the audience for a free ""licence lapse risk audit"" offer and for the state-expansion report.","","editor / community manager","https://www.housecallpro.com/resources/hvac-podcasts/","list-article","secondary","2026-09-03","Show name only - no host or individual names recorded, per the no-private-individuals rule."
"stateready","channel","podcast","RepTalk - The HVAC Podcast","","","","Reaches HVAC/plumbing/electrical business owners and office managers directly - the audience for a free ""licence lapse risk audit"" offer and for the state-expansion report.","","editor / community manager","https://www.housecallpro.com/resources/hvac-podcasts/","list-article","secondary","2026-09-03","Show name only - no host or individual names recorded, per the no-private-individuals rule."
"stateready","channel","podcast","Smart HVAC Marketing Podcast","","","","Reaches HVAC/plumbing/electrical business owners and office managers directly - the audience for a free ""licence lapse risk audit"" offer and for the state-expansion report.","","editor / community manager","https://www.housecallpro.com/resources/hvac-podcasts/","list-article","secondary","2026-09-03","Show name only - no host or individual names recorded, per the no-private-individuals rule."
"stateready","channel","podcast","ACHR News Podcast","","","","Reaches HVAC/plumbing/electrical business owners and office managers directly - the audience for a free ""licence lapse risk audit"" offer and for the state-expansion report.","","editor / community manager","https://www.achrnews.com/","company-site","secondary","2026-09-03","Show name only - no host or individual names recorded, per the no-private-individuals rule."
"stateready","channel","podcast","ACCA Podcasts","","","","Reaches HVAC/plumbing/electrical business owners and office managers directly - the audience for a free ""licence lapse risk audit"" offer and for the state-expansion report.","","editor / community manager","https://www.achrnews.com/","company-site","secondary","2026-09-03","Show name only - no host or individual names recorded, per the no-private-individuals rule."
"stateready","channel","podcast","Astra Service Partners Podcast","","","","Reaches HVAC/plumbing/electrical business owners and office managers directly - the audience for a free ""licence lapse risk audit"" offer and for the state-expansion report.","","editor / community manager","https://astraservicepartners.com/","company-site","secondary","2026-09-03","Show name only - no host or individual names recorded, per the no-private-individuals rule."
"stateready","channel","podcast","Infinity Home Services podcast (The Legacy Group)","","","","Reaches HVAC/plumbing/electrical business owners and office managers directly - the audience for a free ""licence lapse risk audit"" offer and for the state-expansion report.","","editor / community manager","https://www.infinityhomeservices.com/","company-site","secondary","2026-09-03","Show name only - no host or individual names recorded, per the no-private-individuals rule."
"stateready","channel","newsletter / trade publication","The ACHR NEWS","https://www.achrnews.com","","","Reaches HVAC/plumbing/electrical business owners and office managers directly - the audience for a free ""licence lapse risk audit"" offer and for the state-expansion report.","","editor / community manager","https://www.achrnews.com/","company-site","verified","2026-09-03","Trade publication reaching contractor owners. Site opened from this environment."
"stateready","channel","newsletter / trade publication","Contracting Business","","","","Reaches HVAC/plumbing/electrical business owners and office managers directly - the audience for a free ""licence lapse risk audit"" offer and for the state-expansion report.","","editor / community manager","https://www.contractingbusiness.com/","list-article","unverified","2026-09-03","Trade publication reaching contractor owners. Site not opened from this environment; listed in the ACHR NEWS ""HVAC GROUP"" nav or found via search, so URL left empty where unconfirmed."
"stateready","channel","newsletter / trade publication","Plumbing & Mechanical (PM Magazine)","https://www.pmmag.com","","","Reaches HVAC/plumbing/electrical business owners and office managers directly - the audience for a free ""licence lapse risk audit"" offer and for the state-expansion report.","","editor / community manager","https://www.pmmag.com/","company-site","secondary","2026-09-03","Trade publication reaching contractor owners. Site not opened from this environment; listed in the ACHR NEWS ""HVAC GROUP"" nav or found via search, so URL left empty where unconfirmed."
"stateready","channel","newsletter / trade publication","Electrical Contractor Magazine","","","","Reaches HVAC/plumbing/electrical business owners and office managers directly - the audience for a free ""licence lapse risk audit"" offer and for the state-expansion report.","","editor / community manager","https://www.ecmag.com/","list-article","unverified","2026-09-03","Trade publication reaching contractor owners. Site not opened from this environment; listed in the ACHR NEWS ""HVAC GROUP"" nav or found via search, so URL left empty where unconfirmed."
"stateready","channel","newsletter / trade publication","Roofing Contractor","","","","Reaches HVAC/plumbing/electrical business owners and office managers directly - the audience for a free ""licence lapse risk audit"" offer and for the state-expansion report.","","editor / community manager","https://www.roofingcontractor.com/","list-article","unverified","2026-09-03","Trade publication reaching contractor owners. Site not opened from this environment; listed in the ACHR NEWS ""HVAC GROUP"" nav or found via search, so URL left empty where unconfirmed."
"stateready","channel","newsletter / trade publication","SNIPS News","https://www.snipsmag.com","","","Reaches HVAC/plumbing/electrical business owners and office managers directly - the audience for a free ""licence lapse risk audit"" offer and for the state-expansion report.","","editor / community manager","https://www.achrnews.com/","company-site","secondary","2026-09-03","Trade publication reaching contractor owners. Site not opened from this environment; listed in the ACHR NEWS ""HVAC GROUP"" nav or found via search, so URL left empty where unconfirmed."
"stateready","channel","newsletter / trade publication","Engineered Systems (ES News)","https://www.esmagazine.com","","","Reaches HVAC/plumbing/electrical business owners and office managers directly - the audience for a free ""licence lapse risk audit"" offer and for the state-expansion report.","","editor / community manager","https://www.achrnews.com/","company-site","secondary","2026-09-03","Trade publication reaching contractor owners. Site not opened from this environment; listed in the ACHR NEWS ""HVAC GROUP"" nav or found via search, so URL left empty where unconfirmed."
"stateready","channel","online community","HVAC/R Owners & Managers Advice Group (Facebook)","","","List article states ~2,025 members","Reaches HVAC/plumbing/electrical business owners and office managers directly - the audience for a free ""licence lapse risk audit"" offer and for the state-expansion report.","","editor / community manager","https://hookagency.com/blog/best-hvac-facebook-groups/","list-article","secondary","2026-09-03","Facebook is blocked from this environment per the fleet brief, so only the group name and the list article that names it are recorded. No member names or post content."
"stateready","channel","online community","HVAC Uncensored Nation (Facebook)","","","","Reaches HVAC/plumbing/electrical business owners and office managers directly - the audience for a free ""licence lapse risk audit"" offer and for the state-expansion report.","","editor / community manager","https://hookagency.com/blog/best-hvac-facebook-groups/","list-article","secondary","2026-09-03","Facebook is blocked from this environment per the fleet brief, so only the group name and the list article that names it are recorded. No member names or post content."
"stateready","channel","online community","HVAC Growth Leaders (Facebook)","","","","Reaches HVAC/plumbing/electrical business owners and office managers directly - the audience for a free ""licence lapse risk audit"" offer and for the state-expansion report.","","editor / community manager","https://hookagency.com/blog/best-hvac-facebook-groups/","list-article","secondary","2026-09-03","Facebook is blocked from this environment per the fleet brief, so only the group name and the list article that names it are recorded. No member names or post content."
"stateready","channel","online community","Sloppy HVAC Mechanics (Facebook)","","","","Reaches HVAC/plumbing/electrical business owners and office managers directly - the audience for a free ""licence lapse risk audit"" offer and for the state-expansion report.","","editor / community manager","https://hookagency.com/blog/best-hvac-facebook-groups/","list-article","secondary","2026-09-03","Facebook is blocked from this environment per the fleet brief, so only the group name and the list article that names it are recorded. No member names or post content."
"stateready","channel","online community","r/HVAC (Reddit)","","","","Reaches HVAC/plumbing/electrical business owners and office managers directly - the audience for a free ""licence lapse risk audit"" offer and for the state-expansion report.","","editor / community manager","https://hookagency.com/blog/hvac-podcasts/","list-article","unverified","2026-09-03","Subreddit name only. reddit.com is on the fleet blocked list, so the subreddit was not opened and no content or usernames were recorded. Source URL is a trade list article, not the subreddit itself; treat as a pointer, not evidence of size."
"stateready","channel","online community","r/hvacadvice (Reddit)","","","","Reaches HVAC/plumbing/electrical business owners and office managers directly - the audience for a free ""licence lapse risk audit"" offer and for the state-expansion report.","","editor / community manager","https://hookagency.com/blog/hvac-podcasts/","list-article","unverified","2026-09-03","Subreddit name only. reddit.com is on the fleet blocked list, so the subreddit was not opened and no content or usernames were recorded. Source URL is a trade list article, not the subreddit itself; treat as a pointer, not evidence of size."
"stateready","channel","online community","r/electricians (Reddit)","","","","Reaches HVAC/plumbing/electrical business owners and office managers directly - the audience for a free ""licence lapse risk audit"" offer and for the state-expansion report.","","editor / community manager","https://hookagency.com/blog/hvac-podcasts/","list-article","unverified","2026-09-03","Subreddit name only. reddit.com is on the fleet blocked list, so the subreddit was not opened and no content or usernames were recorded. Source URL is a trade list article, not the subreddit itself; treat as a pointer, not evidence of size."
"stateready","channel","online community","r/Plumbing (Reddit)","","","","Reaches HVAC/plumbing/electrical business owners and office managers directly - the audience for a free ""licence lapse risk audit"" offer and for the state-expansion report.","","editor / community manager","https://hookagency.com/blog/hvac-podcasts/","list-article","unverified","2026-09-03","Subreddit name only. reddit.com is on the fleet blocked list, so the subreddit was not opened and no content or usernames were recorded. Source URL is a trade list article, not the subreddit itself; treat as a pointer, not evidence of size."
"stateready","channel","online community","r/Construction (Reddit)","","","","Reaches HVAC/plumbing/electrical business owners and office managers directly - the audience for a free ""licence lapse risk audit"" offer and for the state-expansion report.","","editor / community manager","https://hookagency.com/blog/hvac-podcasts/","list-article","unverified","2026-09-03","Subreddit name only. reddit.com is on the fleet blocked list, so the subreddit was not opened and no content or usernames were recorded. Source URL is a trade list article, not the subreddit itself; treat as a pointer, not evidence of size."
"stateready","channel","online community","r/smallbusiness (Reddit)","","","","Reaches HVAC/plumbing/electrical business owners and office managers directly - the audience for a free ""licence lapse risk audit"" offer and for the state-expansion report.","","editor / community manager","https://hookagency.com/blog/hvac-podcasts/","list-article","unverified","2026-09-03","Subreddit name only. reddit.com is on the fleet blocked list, so the subreddit was not opened and no content or usernames were recorded. Source URL is a trade list article, not the subreddit itself; treat as a pointer, not evidence of size."
"stateready","channel","online community","Mike Holt Code Forum","https://forums.mikeholt.com","","","Reaches HVAC/plumbing/electrical business owners and office managers directly - the audience for a free ""licence lapse risk audit"" offer and for the state-expansion report.","","editor / community manager","https://forums.mikeholt.com/threads/multi-state-licensing-help.2557395/","directory","secondary","2026-09-03","Named in the StateReady idea evidence as the forum where licensed electricians ask multi-state licensing questions. Thread URL recorded as the source; no usernames or post content recorded."
"stateready","channel","online community","HVAC-Talk","https://hvac-talk.com","","","Reaches HVAC/plumbing/electrical business owners and office managers directly - the audience for a free ""licence lapse risk audit"" offer and for the state-expansion report.","","editor / community manager","https://hookagency.com/blog/best-hvac-facebook-groups/","list-article","unverified","2026-09-03","Long-running HVAC contractor forum; site not opened from this environment."
"stateready","excluded","direct competitor - licence tracking software","LicensedTrades.com","https://licensedtrades.com","","","Direct competitor: sells exactly StateReady's product - multi-state trade licence, CE-hour, bond and insurance tracking with 90/60/30/7-day renewal alerts and a bid-ready compliance PDF.","","","https://licensedtrades.com/","company-site","verified","2026-09-03","The pricing anchor in the StateReady thesis ($199-1,199/mo). Never contact as a prospect."
"stateready","excluded","direct competitor - licence tracking software","LicenseRoadmap","https://licenseroadmap.com","","","Direct competitor: licence renewal tracking for trade contractors with CE-hour tracking, automated alerts and a human-curated 50-state requirement library - the same moat StateReady is building.","","","https://licenseroadmap.com/","company-site","verified","2026-09-03","Also publishes the ""best contractor license tracking software"" comparison article cited in the StateReady evidence, so it is both a competitor and a competitive-intel source."
"stateready","excluded","direct competitor - licence tracking software","StateRequirement License Alert","https://staterequirement.com","","","Direct competitor: multi-state professional licence and CE deadline monitoring with 90/60/30/7-day alerts, spanning contractors alongside insurance, real estate and healthcare.","","","https://staterequirement.com/license-alert/","company-site","verified","2026-09-03","Horizontal rather than trade-specific, but sells the same renewal-tracking job."
"stateready","excluded","direct competitor - licence tracking software","Harbor Compliance","https://www.harborcompliance.com","","","Direct competitor: its construction practice sells License Manager software explicitly ""built to serve the needs of contractors with complex, multi-state"" footprints, tracking qualifier licences and renewals.","","","https://www.harborcompliance.com/compliance-solutions-construction-firms","company-site","verified","2026-09-03","Named in the app brief as a possible partner - checked and it does sell multi-state licence tracking software, so it is excluded, not a partner."
"stateready","excluded","direct competitor - licence tracking software","Nationwide Contractor Licensing (NCL) compliance platform","https://contractor-state-license.com","","","Overlap: press coverage describes a centralised compliance software platform for multi-state licence tracking and automated renewals.","","","https://www.mycarrollcountynews.com/online_features/press_releases/article_45ab0151-9188-5ee0-b0fa-adf12b58e710.html","press","secondary","2026-09-03","Recorded as excluded for its software product even though the same company is recorded separately as a licence-expediting partner - re-verify which side of the line it is on before any outreach."
"stateready","excluded","direct competitor - licence tracking software","CSC License Pro (Corporation Service Company)","https://www.cscglobal.com","","","Overlap: enterprise licence-management platform for multi-jurisdiction business-licence portfolios.","","","https://licenseroadmap.com/blog/best-contractor-license-tracking-software","list-article","secondary","2026-09-03","CSC is also recorded as a licence-expediting partner; the software product is the conflicting part. Verify before outreach."
"stateready","excluded","direct competitor - licence tracking software","LicenseLogix (Wolters Kluwer CT Corporation)","","","","Overlap: business licence research, filing and management service for multi-state operators, with licence tracking.","","","https://licenseroadmap.com/blog/best-contractor-license-tracking-software","list-article","unverified","2026-09-03","Named in the StateSwitch raw idea as the incumbent taking up to 10 months per case. Its Wolters Kluwer page returned HTTP 403 to this environment, so the URL is unconfirmed and left empty."
"stateready","excluded","direct competitor - licence tracking software","ExpiryEdge","","","","Overlap: horizontal credential and licence expiry tracker with SMS/Slack/email alerts. No state contractor requirement library, so a weaker competitor, but it sells against StateReady.","","","https://licenseroadmap.com/blog/best-contractor-license-tracking-software","list-article","unverified","2026-09-03","Website not confirmed from this environment."
"stateready","excluded","direct competitor - licence tracking software","RenewOps","https://renewops.app","","","Overlap: licence expiration tracking software sold for renewals across licence types.","","","https://renewops.app/solutions/license-expiration-tracking-software","directory","unverified","2026-09-03","Found in search results; site not opened from this environment."
"stateready","excluded","direct competitor - licence tracking software","Remindax","https://www.remindax.com","","","Overlap: horizontal licence/certification expiry tracking software.","","","https://www.remindax.com/software-license-tracking","directory","unverified","2026-09-03","Horizontal expiry tracker; weak overlap but recorded so it is not rediscovered as a prospect."
"stateready","excluded","direct competitor - licence tracking software","Contractor License Tracker","","","","Named in the app brief as a possible existing multi-state tracking product.","","","https://licenseroadmap.com/blog/best-contractor-license-tracking-software","list-article","unverified","2026-09-03","Could not confirm an independent product or URL of this exact name from this environment; recorded so a future agent does not re-research it blind."
"stateready","excluded","direct competitor - licence tracking software","ComplianceQuest","","","","Named in the app brief as a possible overlap; it is an enterprise QMS/EHS platform rather than a contractor licence tracker.","","","https://licenseroadmap.com/blog/best-contractor-license-tracking-software","list-article","unverified","2026-09-03","Checked as instructed: no evidence found that it sells multi-state contractor licence tracking. Left as excluded/unverified rather than promoted to partner, because the overlap question is unresolved."
"stateready","excluded","adjacent vendor - do not contact as a prospect","CitizenServe contractor licensing software","https://www.citizenserve.com","","","Adjacent: sells contractor licensing software to municipalities (the issuing side), not to contractors.","","","https://www.citizenserve.com/municipal-software-solutions/contractor-licensing-software/","directory","unverified","2026-09-03","Recorded to prevent mis-staging: it serves licensing authorities, so it is neither a customer nor a clean partner."
"stateready","end-customer","specialty multi-state contractor","IES Residential","https://www.iesresidentialinc.com","Houston, TX","","Multi-state or actively expanding trade contractor whose technicians hold state licences, CE hours, bonds and insurance in more than one jurisdiction - the core StateReady ICP.","https://www.iesresidentialinc.com/","compliance manager / office manager","https://www.iesresidentialinc.com/","company-site","verified","2026-09-03","Named in the app brief. Residential electrical, HVAC, plumbing and solar arm of IES Holdings (Nasdaq: IESC), operating branches in many states."
"stateready","end-customer","specialty multi-state contractor","CoolSys","https://coolsys.com","Brea, CA","","Multi-state or actively expanding trade contractor whose technicians hold state licences, CE hours, bonds and insurance in more than one jurisdiction - the core StateReady ICP.","https://coolsys.com/","compliance manager / office manager","https://coolsys.com/","company-site","verified","2026-09-03","National refrigeration and HVAC services platform built by acquisition; commercial refrigeration technicians carry EPA and state credentials across many states."
"stateready","end-customer","specialty multi-state contractor","Southland Industries","https://southlandind.com","Dulles, VA","","Multi-state or actively expanding trade contractor whose technicians hold state licences, CE hours, bonds and insurance in more than one jurisdiction - the core StateReady ICP.","https://southlandind.com/","compliance manager / office manager","https://southlandind.com/","company-site","verified","2026-09-03","Large national MEP building-systems contractor with divisions in several states."
"stateready","end-customer","specialty multi-state contractor","TDIndustries","https://www.tdindustries.com","Dallas, TX","","Multi-state or actively expanding trade contractor whose technicians hold state licences, CE hours, bonds and insurance in more than one jurisdiction - the core StateReady ICP.","https://www.tdindustries.com/","compliance manager / office manager","https://www.tdindustries.com/","company-site","verified","2026-09-03","Employee-owned mechanical construction and facilities services contractor operating across TX, AZ and NV."
"stateready","end-customer","specialty multi-state contractor","Hiller Plumbing, Heating, Cooling & Electrical","https://happyhiller.com","Franklin, TN","","Multi-state or actively expanding trade contractor whose technicians hold state licences, CE hours, bonds and insurance in more than one jurisdiction - the core StateReady ICP.","https://happyhiller.com/","compliance manager / office manager","https://happyhiller.com/","company-site","verified","2026-09-03","Multi-state residential/commercial contractor across TN, KY, AL and southern states."
"stateready","end-customer","specialty multi-state contractor","Hoffmann Brothers","https://www.hoffmannbros.com","St. Louis, MO","","Multi-state or actively expanding trade contractor whose technicians hold state licences, CE hours, bonds and insurance in more than one jurisdiction - the core StateReady ICP.","https://www.hoffmannbros.com/","compliance manager / office manager","https://www.hoffmannbros.com/","company-site","verified","2026-09-03","HVAC, plumbing, electrical and appliance repair operating in MO and TN."
"stateready","end-customer","specialty multi-state contractor","Sunbelt Controls","https://sunbeltcontrols.com","Pleasanton, CA","","Multi-state or actively expanding trade contractor whose technicians hold state licences, CE hours, bonds and insurance in more than one jurisdiction - the core StateReady ICP.","https://sunbeltcontrols.com/","compliance manager / office manager","https://sunbeltcontrols.com/","company-site","verified","2026-09-03","Named in the app brief as ""Sunbelt"". Building automation and controls contractor with offices in CA, AZ, NV and TX."
"stateready","end-customer","specialty multi-state contractor","HomeX","https://www.homex.com","","","Multi-state or actively expanding trade contractor whose technicians hold state licences, CE hours, bonds and insurance in more than one jurisdiction - the core StateReady ICP.","info@homex.com","compliance manager / office manager","https://www.homex.com/","company-site","verified","2026-09-03","Named in the app brief. Home-services holding company."
"stateready","end-customer","specialty multi-state contractor","Service Champions","https://servicechampions.com","Pleasanton, CA","","Multi-state or actively expanding trade contractor whose technicians hold state licences, CE hours, bonds and insurance in more than one jurisdiction - the core StateReady ICP.","https://servicechampions.com/","compliance manager / office manager","https://servicechampions.com/","company-site","verified","2026-09-03","Named in the app brief. Northern California HVAC/electrical brand inside Wrench Group; also listed separately as a Wrench operating brand."
"stateready","end-customer","specialty multi-state contractor","Peterman Brothers","https://petermanbrothers.com","Greenwood, IN","","Multi-state or actively expanding trade contractor whose technicians hold state licences, CE hours, bonds and insurance in more than one jurisdiction - the core StateReady ICP.","","compliance manager / office manager","https://petermanbrothers.com/","company-site","secondary","2026-09-03","Fast-growing Midwest HVAC/plumbing/electrical operator expanding into new metros. Homepage returned a 578-byte shell to curl, so content was not read."
"stateready","end-customer","specialty multi-state contractor","Del-Air Heating, Air Conditioning & Plumbing","https://www.delair.com","Sanford, FL","","Multi-state or actively expanding trade contractor whose technicians hold state licences, CE hours, bonds and insurance in more than one jurisdiction - the core StateReady ICP.","","compliance manager / office manager","https://www.delair.com/","company-site","unverified","2026-09-03","Named in a 2026 top-contractor listing; its own site returned HTTP 403 to this environment."
"stateready","end-customer","specialty multi-state contractor","Ace Hardware Home Services","https://www.acehardwarehomeservices.com","Oak Brook, IL","","Multi-state or actively expanding trade contractor whose technicians hold state licences, CE hours, bonds and insurance in more than one jurisdiction - the core StateReady ICP.","","compliance manager / office manager","https://www.acehardwarehomeservices.com/","company-site","secondary","2026-09-03","Named in the app brief. Ace has acquired dozens of local HVAC/plumbing/electrical companies across states. Site returned a 1.8KB shell to curl, so content was not read."
"stateready","end-customer","specialty multi-state contractor","Frontier Service Partners","","","","Multi-state or actively expanding trade contractor whose technicians hold state licences, CE hours, bonds and insurance in more than one jurisdiction - the core StateReady ICP.","","compliance manager / office manager","https://ctacquisitions.com/guides/private-equity-hvac-2026/","company-site","secondary","2026-09-03","Named in the app brief indirectly: acquired by Apex Service Partners from Imperial Capital in Jan 2024 (Haley Mechanical, Korte Does It All, AB May). Domain did not resolve, so website left empty."
"stateready","end-customer","platform operating brand","Frank Gay Services","","Orlando, FL","","Named acquisition of Apex Service Partners; a newly acquired local licence holder is the moment a platform discovers it now owns another state's licence, CE and bond calendar.","","general manager / office manager","https://ctacquisitions.com/guides/private-equity-hvac-2026/","list-article","secondary","2026-09-03","Disclosed add-on acquisition of Apex Service Partners. Company site not opened from this environment, so website left empty."
"stateready","end-customer","platform operating brand","Best Home Services","","Naples, FL","","Named acquisition of Apex Service Partners; a newly acquired local licence holder is the moment a platform discovers it now owns another state's licence, CE and bond calendar.","","general manager / office manager","https://ctacquisitions.com/guides/private-equity-hvac-2026/","list-article","secondary","2026-09-03","Disclosed add-on acquisition of Apex Service Partners. Company site not opened from this environment, so website left empty."
"stateready","end-customer","platform operating brand","Haley Mechanical","","Ann Arbor, MI","","Named acquisition of Apex Service Partners (via Frontier Service Partners); a newly acquired local licence holder is the moment a platform discovers it now owns another state's licence, CE and bond calendar.","","general manager / office manager","https://ctacquisitions.com/guides/private-equity-hvac-2026/","list-article","secondary","2026-09-03","Disclosed add-on acquisition of Apex Service Partners (via Frontier Service Partners). Company site not opened from this environment, so website left empty."
"stateready","end-customer","platform operating brand","Korte Does It All","","Fort Wayne, IN","","Named acquisition of Apex Service Partners (via Frontier Service Partners); a newly acquired local licence holder is the moment a platform discovers it now owns another state's licence, CE and bond calendar.","","general manager / office manager","https://ctacquisitions.com/guides/private-equity-hvac-2026/","list-article","secondary","2026-09-03","Disclosed add-on acquisition of Apex Service Partners (via Frontier Service Partners). Company site not opened from this environment, so website left empty."
"stateready","end-customer","platform operating brand","A.B. May","","Kansas City, MO","","Named acquisition of Apex Service Partners (via Frontier Service Partners); a newly acquired local licence holder is the moment a platform discovers it now owns another state's licence, CE and bond calendar.","","general manager / office manager","https://ctacquisitions.com/guides/private-equity-hvac-2026/","list-article","secondary","2026-09-03","Disclosed add-on acquisition of Apex Service Partners (via Frontier Service Partners). Company site not opened from this environment, so website left empty."
"stateready","end-customer","platform operating brand","ESCO Heating, Air Conditioning, Plumbing & Electric","","Salt Lake City, UT","","Named acquisition of ARS / Rescue Rooter; a newly acquired local licence holder is the moment a platform discovers it now owns another state's licence, CE and bond calendar.","","general manager / office manager","https://ctacquisitions.com/guides/private-equity-hvac-2026/","list-article","secondary","2026-09-03","Disclosed add-on acquisition of ARS / Rescue Rooter. Company site not opened from this environment, so website left empty."
"stateready","end-customer","platform operating brand","Survoy's Superior Service","","","","Named acquisition of Astra Service Partners; a newly acquired local licence holder is the moment a platform discovers it now owns another state's licence, CE and bond calendar.","","general manager / office manager","https://ctacquisitions.com/guides/private-equity-hvac-2026/","list-article","secondary","2026-09-03","Disclosed add-on acquisition of Astra Service Partners. Company site not opened from this environment, so website left empty."
"stateready","end-customer","platform operating brand","Agentis Plumbing","","","","Named acquisition of Astra Service Partners; a newly acquired local licence holder is the moment a platform discovers it now owns another state's licence, CE and bond calendar.","","general manager / office manager","https://ctacquisitions.com/guides/private-equity-hvac-2026/","list-article","secondary","2026-09-03","Disclosed add-on acquisition of Astra Service Partners. Company site not opened from this environment, so website left empty."
"stateready","end-customer","platform operating brand","Starnes Heating and Cooling","","Lebanon, VA","","Named acquisition of FirstCall Mechanical Group; a newly acquired local licence holder is the moment a platform discovers it now owns another state's licence, CE and bond calendar.","","general manager / office manager","https://ctacquisitions.com/guides/private-equity-hvac-2026/","list-article","secondary","2026-09-03","Disclosed add-on acquisition of FirstCall Mechanical Group. Company site not opened from this environment, so website left empty."
"stateready","end-customer","platform operating brand","Statewide Conditioning & Automated Building Solutions","","","","Named acquisition of FirstCall Mechanical Group; a newly acquired local licence holder is the moment a platform discovers it now owns another state's licence, CE and bond calendar.","","general manager / office manager","https://ctacquisitions.com/guides/private-equity-hvac-2026/","list-article","secondary","2026-09-03","Disclosed add-on acquisition of FirstCall Mechanical Group. Company site not opened from this environment, so website left empty."
"stateready","end-customer","platform operating brand","LC Anderson","","Eastern Massachusetts","","Named acquisition of FirstCall Mechanical Group; a newly acquired local licence holder is the moment a platform discovers it now owns another state's licence, CE and bond calendar.","","general manager / office manager","https://ctacquisitions.com/guides/private-equity-hvac-2026/","list-article","secondary","2026-09-03","Disclosed add-on acquisition of FirstCall Mechanical Group. Company site not opened from this environment, so website left empty."
"stateready","end-customer","platform operating brand","CLS Facility Services","","","","Named acquisition of FirstCall Mechanical Group; a newly acquired local licence holder is the moment a platform discovers it now owns another state's licence, CE and bond calendar.","","general manager / office manager","https://ctacquisitions.com/guides/private-equity-hvac-2026/","list-article","secondary","2026-09-03","Disclosed add-on acquisition of FirstCall Mechanical Group. Company site not opened from this environment, so website left empty."
"stateready","end-customer","platform operating brand","John Henry's Plumbing, Heating & Air","","","","Named acquisition of Legacy Service Partners; a newly acquired local licence holder is the moment a platform discovers it now owns another state's licence, CE and bond calendar.","","general manager / office manager","https://ctacquisitions.com/guides/private-equity-hvac-2026/","list-article","secondary","2026-09-03","Disclosed add-on acquisition of Legacy Service Partners. Company site not opened from this environment, so website left empty."
"stateready","end-customer","platform operating brand","Buehler Air Conditioning","","","","Named acquisition of Legacy Service Partners; a newly acquired local licence holder is the moment a platform discovers it now owns another state's licence, CE and bond calendar.","","general manager / office manager","https://ctacquisitions.com/guides/private-equity-hvac-2026/","list-article","secondary","2026-09-03","Disclosed add-on acquisition of Legacy Service Partners. Company site not opened from this environment, so website left empty."
"stateready","end-customer","platform operating brand","NJ Pipe Doctor","","New Jersey","","Named acquisition of Legacy Service Partners; a newly acquired local licence holder is the moment a platform discovers it now owns another state's licence, CE and bond calendar.","","general manager / office manager","https://ctacquisitions.com/guides/private-equity-hvac-2026/","list-article","secondary","2026-09-03","Disclosed add-on acquisition of Legacy Service Partners. Company site not opened from this environment, so website left empty."
"stateready","end-customer","platform operating brand","Albiero Plumbing & HVAC","","Wisconsin","","Named acquisition of Legacy Service Partners; a newly acquired local licence holder is the moment a platform discovers it now owns another state's licence, CE and bond calendar.","","general manager / office manager","https://dealseam.com/hvac-pe-rollup-tracker-2026","list-article","secondary","2026-09-03","Disclosed add-on acquisition of Legacy Service Partners. Company site not opened from this environment, so website left empty."
"stateready","end-customer","platform operating brand","Custom Air & Plumbing","","Sarasota, FL","","Named acquisition of NearU Services; a newly acquired local licence holder is the moment a platform discovers it now owns another state's licence, CE and bond calendar.","","general manager / office manager","https://ctacquisitions.com/guides/private-equity-hvac-2026/","list-article","secondary","2026-09-03","Disclosed add-on acquisition of NearU Services. Company site not opened from this environment, so website left empty."
"stateready","end-customer","platform operating brand","Climate Solutions","","Austin, TX","","Named acquisition of Pueblo Mechanical & Controls; a newly acquired local licence holder is the moment a platform discovers it now owns another state's licence, CE and bond calendar.","","general manager / office manager","https://ctacquisitions.com/guides/private-equity-hvac-2026/","list-article","secondary","2026-09-03","Disclosed add-on acquisition of Pueblo Mechanical & Controls. Company site not opened from this environment, so website left empty."
"stateready","end-customer","platform operating brand","Evolution Mechanical","","Dallas, TX","","Named acquisition of Pueblo Mechanical & Controls; a newly acquired local licence holder is the moment a platform discovers it now owns another state's licence, CE and bond calendar.","","general manager / office manager","https://ctacquisitions.com/guides/private-equity-hvac-2026/","list-article","secondary","2026-09-03","Disclosed add-on acquisition of Pueblo Mechanical & Controls. Company site not opened from this environment, so website left empty."
"stateready","end-customer","platform operating brand","Uni-tech Mechanical","","Arizona","","Named acquisition of Pueblo Mechanical & Controls; a newly acquired local licence holder is the moment a platform discovers it now owns another state's licence, CE and bond calendar.","","general manager / office manager","https://ctacquisitions.com/guides/private-equity-hvac-2026/","list-article","secondary","2026-09-03","Disclosed add-on acquisition of Pueblo Mechanical & Controls. Company site not opened from this environment, so website left empty."
"stateready","end-customer","platform operating brand","Commercial Air","","Arizona","","Named acquisition of Pueblo Mechanical & Controls; a newly acquired local licence holder is the moment a platform discovers it now owns another state's licence, CE and bond calendar.","","general manager / office manager","https://ctacquisitions.com/guides/private-equity-hvac-2026/","list-article","secondary","2026-09-03","Disclosed add-on acquisition of Pueblo Mechanical & Controls. Company site not opened from this environment, so website left empty."
"stateready","end-customer","platform operating brand","HVAC, Incorporated","","Milwaukie, OR","","Named acquisition of Service Logic; a newly acquired local licence holder is the moment a platform discovers it now owns another state's licence, CE and bond calendar.","","general manager / office manager","https://ctacquisitions.com/guides/private-equity-hvac-2026/","list-article","secondary","2026-09-03","Disclosed add-on acquisition of Service Logic. Company site not opened from this environment, so website left empty."
"stateready","end-customer","platform operating brand","Caswell Mechanical","","Boston, MA","","Named acquisition of Service Logic; a newly acquired local licence holder is the moment a platform discovers it now owns another state's licence, CE and bond calendar.","","general manager / office manager","https://ctacquisitions.com/guides/private-equity-hvac-2026/","list-article","secondary","2026-09-03","Disclosed add-on acquisition of Service Logic. Company site not opened from this environment, so website left empty."
"stateready","end-customer","platform operating brand","Caswell Schena Electric","","Boston, MA","","Named acquisition of Service Logic; a newly acquired local licence holder is the moment a platform discovers it now owns another state's licence, CE and bond calendar.","","general manager / office manager","https://ctacquisitions.com/guides/private-equity-hvac-2026/","list-article","secondary","2026-09-03","Disclosed add-on acquisition of Service Logic. Company site not opened from this environment, so website left empty."
"stateready","end-customer","platform operating brand","Bee's Plumbing","","Seattle, WA","","Named acquisition of Champions Group; a newly acquired local licence holder is the moment a platform discovers it now owns another state's licence, CE and bond calendar.","","general manager / office manager","https://dealseam.com/hvac-pe-rollup-tracker-2026","list-article","secondary","2026-09-03","Disclosed add-on acquisition of Champions Group. Company site not opened from this environment, so website left empty."
"stateready","end-customer","platform operating brand","Lex Cooling, Heating, Plumbing & Electrical","","Texas","","Named acquisition of Champions Group; a newly acquired local licence holder is the moment a platform discovers it now owns another state's licence, CE and bond calendar.","","general manager / office manager","https://dealseam.com/hvac-pe-rollup-tracker-2026","list-article","secondary","2026-09-03","Disclosed add-on acquisition of Champions Group. Company site not opened from this environment, so website left empty."
"stateready","end-customer","platform operating brand","Cool Wizard Air Conditioning","","Florida","","Named acquisition of Leap Partners; a newly acquired local licence holder is the moment a platform discovers it now owns another state's licence, CE and bond calendar.","","general manager / office manager","https://dealseam.com/hvac-pe-rollup-tracker-2026","list-article","secondary","2026-09-03","Disclosed add-on acquisition of Leap Partners. Company site not opened from this environment, so website left empty."
"stateready","end-customer","platform operating brand","David Gray Heating & Air","","Florida","","Named acquisition of Southern Home Services; a newly acquired local licence holder is the moment a platform discovers it now owns another state's licence, CE and bond calendar.","","general manager / office manager","https://dealseam.com/hvac-pe-rollup-tracker-2026","list-article","secondary","2026-09-03","Disclosed add-on acquisition of Southern Home Services. Company site not opened from this environment, so website left empty."
"stateready","end-customer","platform operating brand","Dunn's HVAC, Plumbing & Electrical","","Alabama","","Named acquisition of Southern Home Services; a newly acquired local licence holder is the moment a platform discovers it now owns another state's licence, CE and bond calendar.","","general manager / office manager","https://dealseam.com/hvac-pe-rollup-tracker-2026","list-article","secondary","2026-09-03","Disclosed add-on acquisition of Southern Home Services. Company site not opened from this environment, so website left empty."
"stateready","end-customer","platform operating brand","Lee's Plumbing","","Utah / Idaho","","Named acquisition of Any Hour Group; a newly acquired local licence holder is the moment a platform discovers it now owns another state's licence, CE and bond calendar.","","general manager / office manager","https://dealseam.com/hvac-pe-rollup-tracker-2026","list-article","secondary","2026-09-03","Disclosed add-on acquisition of Any Hour Group. Company site not opened from this environment, so website left empty."
"stateready","end-customer","platform operating brand","J Hood Services","","Virginia","","Named acquisition of Ally Services; a newly acquired local licence holder is the moment a platform discovers it now owns another state's licence, CE and bond calendar.","","general manager / office manager","https://dealseam.com/hvac-pe-rollup-tracker-2026","list-article","secondary","2026-09-03","Disclosed add-on acquisition of Ally Services. Company site not opened from this environment, so website left empty."
"stateready","end-customer","platform operating brand","Tri-County Aire","","Maryland","","Named acquisition of Ally Services; a newly acquired local licence holder is the moment a platform discovers it now owns another state's licence, CE and bond calendar.","","general manager / office manager","https://dealseam.com/hvac-pe-rollup-tracker-2026","list-article","secondary","2026-09-03","Disclosed add-on acquisition of Ally Services. Company site not opened from this environment, so website left empty."
"stateready","end-customer","platform operating brand","Above & Beyond","","Delaware","","Named acquisition of Ally Services; a newly acquired local licence holder is the moment a platform discovers it now owns another state's licence, CE and bond calendar.","","general manager / office manager","https://dealseam.com/hvac-pe-rollup-tracker-2026","list-article","secondary","2026-09-03","Disclosed add-on acquisition of Ally Services. Company site not opened from this environment, so website left empty."
"stateready","end-customer","platform operating brand","Kendal Air Heating and Cooling","","Charlotte, NC","","Named acquisition of NearU Services; a newly acquired local licence holder is the moment a platform discovers it now owns another state's licence, CE and bond calendar.","","general manager / office manager","https://hvacinsider.com/nearu-services-partners-with-kendal-air-heating-and-cooling-enhancing-presence-in-charlotte-north-carolina-area/","press","secondary","2026-09-03","Disclosed add-on acquisition of NearU Services. Company site not opened from this environment, so website left empty."
"stateready","end-customer","platform operating brand","MTB Mechanical","","Charlotte, NC","","Named acquisition of NearU Services; a newly acquired local licence holder is the moment a platform discovers it now owns another state's licence, CE and bond calendar.","","general manager / office manager","https://www.freemanspogli.com/news/nearu-partners-with-freeman-spogli-co-for-next-phase-of-growth/","press","secondary","2026-09-03","Disclosed add-on acquisition of NearU Services. Company site not opened from this environment, so website left empty."
"stateready","end-customer","platform operating brand","Carolina Cool","","Myrtle Beach, SC","","Named acquisition of NearU Services; a newly acquired local licence holder is the moment a platform discovers it now owns another state's licence, CE and bond calendar.","","general manager / office manager","https://www.freemanspogli.com/news/nearu-partners-with-freeman-spogli-co-for-next-phase-of-growth/","press","secondary","2026-09-03","Disclosed add-on acquisition of NearU Services. Company site not opened from this environment, so website left empty."
"stateready","end-customer","platform operating brand","Sandpiper Heating & Air Conditioning","","Myrtle Beach, SC","","Named acquisition of NearU Services; a newly acquired local licence holder is the moment a platform discovers it now owns another state's licence, CE and bond calendar.","","general manager / office manager","https://www.freemanspogli.com/news/nearu-partners-with-freeman-spogli-co-for-next-phase-of-growth/","press","secondary","2026-09-03","Disclosed add-on acquisition of NearU Services. Company site not opened from this environment, so website left empty."
"stateready","end-customer","platform operating brand","George Brazil Air Conditioning & Heating","","Phoenix, AZ","","Named acquisition of NearU Services; a newly acquired local licence holder is the moment a platform discovers it now owns another state's licence, CE and bond calendar.","","general manager / office manager","https://www.globenewswire.com/news-release/2022/05/10/2439936/0/en/nearu-services-partners-with-george-brazil-air-conditioning-heating-and-patrick-riley-cooling-heating-plumbing-anchoring-the-company-s-presence-in-the-southwestern-united-states.html","press","secondary","2026-09-03","Disclosed add-on acquisition of NearU Services. Company site not opened from this environment, so website left empty."
"stateready","end-customer","platform operating brand","Patrick Riley Cooling Heating & Plumbing","","Phoenix, AZ","","Named acquisition of NearU Services; a newly acquired local licence holder is the moment a platform discovers it now owns another state's licence, CE and bond calendar.","","general manager / office manager","https://www.globenewswire.com/news-release/2022/05/10/2439936/0/en/nearu-services-partners-with-george-brazil-air-conditioning-heating-and-patrick-riley-cooling-heating-plumbing-anchoring-the-company-s-presence-in-the-southwestern-united-states.html","press","secondary","2026-09-03","Disclosed add-on acquisition of NearU Services. Company site not opened from this environment, so website left empty."
"stateready","end-customer","platform operating brand","Dahme Mechanical","","Countryside, IL","","Named acquisition of PremiStar (Reedy Industries); a newly acquired local licence holder is the moment a platform discovers it now owns another state's licence, CE and bond calendar.","","general manager / office manager","https://homesteadsp.com/hvac-mergers-and-acquisitions/","list-article","secondary","2026-09-03","Disclosed add-on acquisition of PremiStar (Reedy Industries). Company site not opened from this environment, so website left empty."
"stateready","end-customer","platform operating brand","ProStar Energy Solutions","","","","Named acquisition of Crete United; a newly acquired local licence holder is the moment a platform discovers it now owns another state's licence, CE and bond calendar.","","general manager / office manager","https://ctacquisitions.com/guides/private-equity-hvac-2026/","list-article","secondary","2026-09-03","Disclosed add-on acquisition of Crete United. Company site not opened from this environment, so website left empty."
"stateready","end-customer","platform operating brand","Century Contractors","","Matthews, NC","","Named acquisition of Comfort Systems USA; a newly acquired local licence holder is the moment a platform discovers it now owns another state's licence, CE and bond calendar.","","general manager / office manager","https://ctacquisitions.com/guides/private-equity-hvac-2026/","list-article","secondary","2026-09-03","Disclosed add-on acquisition of Comfort Systems USA. Company site not opened from this environment, so website left empty."
"stateready","end-customer","platform operating brand","Right Way Plumbing & Mechanical","","Florida","","Named acquisition of Comfort Systems USA; a newly acquired local licence holder is the moment a platform discovers it now owns another state's licence, CE and bond calendar.","","general manager / office manager","https://ctacquisitions.com/guides/private-equity-hvac-2026/","list-article","secondary","2026-09-03","Disclosed add-on acquisition of Comfort Systems USA. Company site not opened from this environment, so website left empty."
"stateready","end-customer","platform operating brand","Feyen Zylstra","","Grand Rapids, MI","","Named acquisition of Comfort Systems USA; a newly acquired local licence holder is the moment a platform discovers it now owns another state's licence, CE and bond calendar.","","general manager / office manager","https://ctacquisitions.com/guides/private-equity-hvac-2026/","list-article","secondary","2026-09-03","Disclosed add-on acquisition of Comfort Systems USA. Company site not opened from this environment, so website left empty."
"stateready","end-customer","platform operating brand","Meisner Electric","","Florida","","Named acquisition of Comfort Systems USA; a newly acquired local licence holder is the moment a platform discovers it now owns another state's licence, CE and bond calendar.","","general manager / office manager","https://ctacquisitions.com/guides/private-equity-hvac-2026/","list-article","secondary","2026-09-03","Disclosed add-on acquisition of Comfort Systems USA. Company site not opened from this environment, so website left empty."
"stateready","end-customer","platform operating brand","J&S Mechanical Contractors","","West Jordan, UT","","Named acquisition of Comfort Systems USA; a newly acquired local licence holder is the moment a platform discovers it now owns another state's licence, CE and bond calendar.","","general manager / office manager","https://ctacquisitions.com/guides/private-equity-hvac-2026/","list-article","secondary","2026-09-03","Disclosed add-on acquisition of Comfort Systems USA. Company site not opened from this environment, so website left empty."
"stateready","end-customer","platform operating brand","Bowers Group","","","","Named acquisition of Legence; a newly acquired local licence holder is the moment a platform discovers it now owns another state's licence, CE and bond calendar.","","general manager / office manager","https://homesteadsp.com/hvac-mergers-and-acquisitions/","list-article","secondary","2026-09-03","Disclosed add-on acquisition of Legence. Company site not opened from this environment, so website left empty."
"stateready","end-customer","platform operating brand","Advanced Cooling Technologies","","","","Named acquisition of Blackstone (data-centre thermal); a newly acquired local licence holder is the moment a platform discovers it now owns another state's licence, CE and bond calendar.","","general manager / office manager","https://homesteadsp.com/hvac-mergers-and-acquisitions/","list-article","secondary","2026-09-03","Disclosed add-on acquisition of Blackstone (data-centre thermal). Company site not opened from this environment, so website left empty."
"stateready","end-customer","platform operating brand","John Henry's Plumbing, Heating, Air & Electric","https://www.jhlincoln.com","","","Local licence-holding operating company inside Legacy Service Partners (19 states); its technicians' state licences, CE hours, bonds and insurance are exactly what StateReady tracks.","","general manager / office manager","https://legacyservicepartners.com/partners/","company-site","secondary","2026-09-03","Parsed from the Legacy Service Partners partners page (brand logo gallery: image filename plus outbound link). Brand name reconstructed from the logo filename and domain, so treat the exact legal name as unconfirmed. Platform sponsor: Gridiron Capital. Platform contact route: info@legacyservicepartners.com."
"stateready","end-customer","platform operating brand","C&C Air Conditioning & Heating","https://www.candcair.com","","","Local licence-holding operating company inside Legacy Service Partners (19 states); its technicians' state licences, CE hours, bonds and insurance are exactly what StateReady tracks.","","general manager / office manager","https://legacyservicepartners.com/partners/","company-site","secondary","2026-09-03","Parsed from the Legacy Service Partners partners page (brand logo gallery: image filename plus outbound link). Brand name reconstructed from the logo filename and domain, so treat the exact legal name as unconfirmed. Platform sponsor: Gridiron Capital. Platform contact route: info@legacyservicepartners.com."
"stateready","end-customer","platform operating brand","Blue Ox Heating & Air","https://goblueox.com","","","Local licence-holding operating company inside Legacy Service Partners (19 states); its technicians' state licences, CE hours, bonds and insurance are exactly what StateReady tracks.","","general manager / office manager","https://legacyservicepartners.com/partners/","company-site","secondary","2026-09-03","Parsed from the Legacy Service Partners partners page (brand logo gallery: image filename plus outbound link). Brand name reconstructed from the logo filename and domain, so treat the exact legal name as unconfirmed. Platform sponsor: Gridiron Capital. Platform contact route: info@legacyservicepartners.com."
"stateready","end-customer","platform operating brand","Paul Bunyan Plumbing & Drains","https://paulbunyanplumbing.com","","","Local licence-holding operating company inside Legacy Service Partners (19 states); its technicians' state licences, CE hours, bonds and insurance are exactly what StateReady tracks.","","general manager / office manager","https://legacyservicepartners.com/partners/","company-site","secondary","2026-09-03","Parsed from the Legacy Service Partners partners page (brand logo gallery: image filename plus outbound link). Brand name reconstructed from the logo filename and domain, so treat the exact legal name as unconfirmed. Platform sponsor: Gridiron Capital. Platform contact route: info@legacyservicepartners.com."
"stateready","end-customer","platform operating brand","Sunshine Plumbing Heating Air & Electrical","https://sunshineac.com","","","Local licence-holding operating company inside Legacy Service Partners (19 states); its technicians' state licences, CE hours, bonds and insurance are exactly what StateReady tracks.","","general manager / office manager","https://legacyservicepartners.com/partners/","company-site","secondary","2026-09-03","Parsed from the Legacy Service Partners partners page (brand logo gallery: image filename plus outbound link). Brand name reconstructed from the logo filename and domain, so treat the exact legal name as unconfirmed. Platform sponsor: Gridiron Capital. Platform contact route: info@legacyservicepartners.com."
"stateready","end-customer","platform operating brand","Lightfoot Mechanical","https://lightfootmechanical.com","","","Local licence-holding operating company inside Legacy Service Partners (19 states); its technicians' state licences, CE hours, bonds and insurance are exactly what StateReady tracks.","","general manager / office manager","https://legacyservicepartners.com/partners/","company-site","secondary","2026-09-03","Parsed from the Legacy Service Partners partners page (brand logo gallery: image filename plus outbound link). Brand name reconstructed from the logo filename and domain, so treat the exact legal name as unconfirmed. Platform sponsor: Gridiron Capital. Platform contact route: info@legacyservicepartners.com."
"stateready","end-customer","platform operating brand","Dwyer Services","https://dwyerservices.com","","","Local licence-holding operating company inside Legacy Service Partners (19 states); its technicians' state licences, CE hours, bonds and insurance are exactly what StateReady tracks.","","general manager / office manager","https://legacyservicepartners.com/partners/","company-site","secondary","2026-09-03","Parsed from the Legacy Service Partners partners page (brand logo gallery: image filename plus outbound link). Brand name reconstructed from the logo filename and domain, so treat the exact legal name as unconfirmed. Platform sponsor: Gridiron Capital. Platform contact route: info@legacyservicepartners.com."
"stateready","end-customer","platform operating brand","HL Bowman","https://hlbowman.com","","","Local licence-holding operating company inside Legacy Service Partners (19 states); its technicians' state licences, CE hours, bonds and insurance are exactly what StateReady tracks.","","general manager / office manager","https://legacyservicepartners.com/partners/","company-site","secondary","2026-09-03","Parsed from the Legacy Service Partners partners page (brand logo gallery: image filename plus outbound link). Brand name reconstructed from the logo filename and domain, so treat the exact legal name as unconfirmed. Platform sponsor: Gridiron Capital. Platform contact route: info@legacyservicepartners.com."
"stateready","end-customer","platform operating brand","Hers & His Plumbing, Heating & Air","http://www.hersandhisplumbing.com","","","Local licence-holding operating company inside Legacy Service Partners (19 states); its technicians' state licences, CE hours, bonds and insurance are exactly what StateReady tracks.","","general manager / office manager","https://legacyservicepartners.com/partners/","company-site","secondary","2026-09-03","Parsed from the Legacy Service Partners partners page (brand logo gallery: image filename plus outbound link). Brand name reconstructed from the logo filename and domain, so treat the exact legal name as unconfirmed. Platform sponsor: Gridiron Capital. Platform contact route: info@legacyservicepartners.com."
"stateready","end-customer","platform operating brand","Lion Home Service","https://lionhomeservice.com","","","Local licence-holding operating company inside Legacy Service Partners (19 states); its technicians' state licences, CE hours, bonds and insurance are exactly what StateReady tracks.","","general manager / office manager","https://legacyservicepartners.com/partners/","company-site","secondary","2026-09-03","Parsed from the Legacy Service Partners partners page (brand logo gallery: image filename plus outbound link). Brand name reconstructed from the logo filename and domain, so treat the exact legal name as unconfirmed. Platform sponsor: Gridiron Capital. Platform contact route: info@legacyservicepartners.com."
"stateready","end-customer","platform operating brand","Buehler Air, Plumbing & Electric","https://buehlerair.com","","","Local licence-holding operating company inside Legacy Service Partners (19 states); its technicians' state licences, CE hours, bonds and insurance are exactly what StateReady tracks.","","general manager / office manager","https://legacyservicepartners.com/partners/","company-site","secondary","2026-09-03","Parsed from the Legacy Service Partners partners page (brand logo gallery: image filename plus outbound link). Brand name reconstructed from the logo filename and domain, so treat the exact legal name as unconfirmed. Platform sponsor: Gridiron Capital. Platform contact route: info@legacyservicepartners.com."
"stateready","end-customer","platform operating brand","Comfort Matters Heating & Cooling","https://www.comfortmatters.com","","","Local licence-holding operating company inside Legacy Service Partners (19 states); its technicians' state licences, CE hours, bonds and insurance are exactly what StateReady tracks.","","general manager / office manager","https://legacyservicepartners.com/partners/","company-site","secondary","2026-09-03","Parsed from the Legacy Service Partners partners page (brand logo gallery: image filename plus outbound link). Brand name reconstructed from the logo filename and domain, so treat the exact legal name as unconfirmed. Platform sponsor: Gridiron Capital. Platform contact route: info@legacyservicepartners.com."
"stateready","end-customer","platform operating brand","One Source Plumbing, Heating & Air","https://www.onesourceair.com","","","Local licence-holding operating company inside Legacy Service Partners (19 states); its technicians' state licences, CE hours, bonds and insurance are exactly what StateReady tracks.","","general manager / office manager","https://legacyservicepartners.com/partners/","company-site","secondary","2026-09-03","Parsed from the Legacy Service Partners partners page (brand logo gallery: image filename plus outbound link). Brand name reconstructed from the logo filename and domain, so treat the exact legal name as unconfirmed. Platform sponsor: Gridiron Capital. Platform contact route: info@legacyservicepartners.com."
"stateready","end-customer","platform operating brand","The AC & Plumbing Doctors","https://theacdoctors.com","","","Local licence-holding operating company inside Legacy Service Partners (19 states); its technicians' state licences, CE hours, bonds and insurance are exactly what StateReady tracks.","","general manager / office manager","https://legacyservicepartners.com/partners/","company-site","secondary","2026-09-03","Parsed from the Legacy Service Partners partners page (brand logo gallery: image filename plus outbound link). Brand name reconstructed from the logo filename and domain, so treat the exact legal name as unconfirmed. Platform sponsor: Gridiron Capital. Platform contact route: info@legacyservicepartners.com."
"stateready","end-customer","platform operating brand","Paradise Services","https://paradiseservices.biz","","","Local licence-holding operating company inside Legacy Service Partners (19 states); its technicians' state licences, CE hours, bonds and insurance are exactly what StateReady tracks.","","general manager / office manager","https://legacyservicepartners.com/partners/","company-site","secondary","2026-09-03","Parsed from the Legacy Service Partners partners page (brand logo gallery: image filename plus outbound link). Brand name reconstructed from the logo filename and domain, so treat the exact legal name as unconfirmed. Platform sponsor: Gridiron Capital. Platform contact route: info@legacyservicepartners.com."
"stateready","end-customer","platform operating brand","McVay Plumbing, Heating & Cooling","https://www.mcvayplumbing.com","","","Local licence-holding operating company inside Legacy Service Partners (19 states); its technicians' state licences, CE hours, bonds and insurance are exactly what StateReady tracks.","","general manager / office manager","https://legacyservicepartners.com/partners/","company-site","secondary","2026-09-03","Parsed from the Legacy Service Partners partners page (brand logo gallery: image filename plus outbound link). Brand name reconstructed from the logo filename and domain, so treat the exact legal name as unconfirmed. Platform sponsor: Gridiron Capital. Platform contact route: info@legacyservicepartners.com."
"stateready","end-customer","platform operating brand","EarlyBird Electricians","https://earlybirdelectricians.com","","","Local licence-holding operating company inside Legacy Service Partners (19 states); its technicians' state licences, CE hours, bonds and insurance are exactly what StateReady tracks.","","general manager / office manager","https://legacyservicepartners.com/partners/","company-site","secondary","2026-09-03","Parsed from the Legacy Service Partners partners page (brand logo gallery: image filename plus outbound link). Brand name reconstructed from the logo filename and domain, so treat the exact legal name as unconfirmed. Platform sponsor: Gridiron Capital. Platform contact route: info@legacyservicepartners.com."
"stateready","end-customer","platform operating brand","Ouverson Sewer & Water","https://www.linemysewer.com","","","Local licence-holding operating company inside Legacy Service Partners (19 states); its technicians' state licences, CE hours, bonds and insurance are exactly what StateReady tracks.","","general manager / office manager","https://legacyservicepartners.com/partners/","company-site","secondary","2026-09-03","Parsed from the Legacy Service Partners partners page (brand logo gallery: image filename plus outbound link). Brand name reconstructed from the logo filename and domain, so treat the exact legal name as unconfirmed. Platform sponsor: Gridiron Capital. Platform contact route: info@legacyservicepartners.com."
"stateready","end-customer","platform operating brand","Cool Air Solutions","https://coolairsolutions.com","","","Local licence-holding operating company inside Legacy Service Partners (19 states); its technicians' state licences, CE hours, bonds and insurance are exactly what StateReady tracks.","","general manager / office manager","https://legacyservicepartners.com/partners/","company-site","secondary","2026-09-03","Parsed from the Legacy Service Partners partners page (brand logo gallery: image filename plus outbound link). Brand name reconstructed from the logo filename and domain, so treat the exact legal name as unconfirmed. Platform sponsor: Gridiron Capital. Platform contact route: info@legacyservicepartners.com."
"stateready","end-customer","platform operating brand","Black Plumbing, Heating & Air","https://blackplumbing.com","","","Local licence-holding operating company inside Legacy Service Partners (19 states); its technicians' state licences, CE hours, bonds and insurance are exactly what StateReady tracks.","","general manager / office manager","https://legacyservicepartners.com/partners/","company-site","secondary","2026-09-03","Parsed from the Legacy Service Partners partners page (brand logo gallery: image filename plus outbound link). Brand name reconstructed from the logo filename and domain, so treat the exact legal name as unconfirmed. Platform sponsor: Gridiron Capital. Platform contact route: info@legacyservicepartners.com."
"stateready","end-customer","platform operating brand","Illiana Heating & Air Conditioning","https://www.illianaheating.net","","","Local licence-holding operating company inside Legacy Service Partners (19 states); its technicians' state licences, CE hours, bonds and insurance are exactly what StateReady tracks.","","general manager / office manager","https://legacyservicepartners.com/partners/","company-site","secondary","2026-09-03","Parsed from the Legacy Service Partners partners page (brand logo gallery: image filename plus outbound link). Brand name reconstructed from the logo filename and domain, so treat the exact legal name as unconfirmed. Platform sponsor: Gridiron Capital. Platform contact route: info@legacyservicepartners.com."
"stateready","end-customer","platform operating brand","Service Now Home Services","https://servicenowhomeservices.com","","","Local licence-holding operating company inside Legacy Service Partners (19 states); its technicians' state licences, CE hours, bonds and insurance are exactly what StateReady tracks.","","general manager / office manager","https://legacyservicepartners.com/partners/","company-site","secondary","2026-09-03","Parsed from the Legacy Service Partners partners page (brand logo gallery: image filename plus outbound link). Brand name reconstructed from the logo filename and domain, so treat the exact legal name as unconfirmed. Platform sponsor: Gridiron Capital. Platform contact route: info@legacyservicepartners.com."
"stateready","end-customer","platform operating brand","Albiero Plumbing","https://albieroplumbing.com","","","Local licence-holding operating company inside Legacy Service Partners (19 states); its technicians' state licences, CE hours, bonds and insurance are exactly what StateReady tracks.","","general manager / office manager","https://legacyservicepartners.com/partners/","company-site","secondary","2026-09-03","Parsed from the Legacy Service Partners partners page (brand logo gallery: image filename plus outbound link). Brand name reconstructed from the logo filename and domain, so treat the exact legal name as unconfirmed. Platform sponsor: Gridiron Capital. Platform contact route: info@legacyservicepartners.com."
"stateready","end-customer","platform operating brand","Triumph Heating & Cooling","https://triumphhc.com","","","Local licence-holding operating company inside Legacy Service Partners (19 states); its technicians' state licences, CE hours, bonds and insurance are exactly what StateReady tracks.","","general manager / office manager","https://legacyservicepartners.com/partners/","company-site","secondary","2026-09-03","Parsed from the Legacy Service Partners partners page (brand logo gallery: image filename plus outbound link). Brand name reconstructed from the logo filename and domain, so treat the exact legal name as unconfirmed. Platform sponsor: Gridiron Capital. Platform contact route: info@legacyservicepartners.com."
"stateready","end-customer","platform operating brand","Willco Air Conditioning","https://willcoairconditioning.com","","","Local licence-holding operating company inside Legacy Service Partners (19 states); its technicians' state licences, CE hours, bonds and insurance are exactly what StateReady tracks.","","general manager / office manager","https://legacyservicepartners.com/partners/","company-site","secondary","2026-09-03","Parsed from the Legacy Service Partners partners page (brand logo gallery: image filename plus outbound link). Brand name reconstructed from the logo filename and domain, so treat the exact legal name as unconfirmed. Platform sponsor: Gridiron Capital. Platform contact route: info@legacyservicepartners.com."
"stateready","end-customer","platform operating brand","Lunsford AC & Heat","https://lunsfordac.com","","","Local licence-holding operating company inside Legacy Service Partners (19 states); its technicians' state licences, CE hours, bonds and insurance are exactly what StateReady tracks.","","general manager / office manager","https://legacyservicepartners.com/partners/","company-site","secondary","2026-09-03","Parsed from the Legacy Service Partners partners page (brand logo gallery: image filename plus outbound link). Brand name reconstructed from the logo filename and domain, so treat the exact legal name as unconfirmed. Platform sponsor: Gridiron Capital. Platform contact route: info@legacyservicepartners.com."
