"area_fips","own_code","industry_code","agglvl_code","size_code","year","qtr","disclosure_code","annual_avg_estabs","annual_avg_emplvl","total_annual_wages","taxable_annual_wages","annual_contributions","annual_avg_wkly_wage","avg_annual_pay","lq_disclosure_code","lq_annual_avg_estabs","lq_annual_avg_emplvl","lq_total_annual_wages","lq_taxable_annual_wages","lq_annual_contributions","lq_annual_avg_wkly_wage","lq_avg_annual_pay","oty_disclosure_code","oty_annual_avg_estabs_chg","oty_annual_avg_estabs_pct_chg","oty_annual_avg_emplvl_chg","oty_annual_avg_emplvl_pct_chg","oty_total_annual_wages_chg","oty_total_annual_wages_pct_chg","oty_taxable_annual_wages_chg","oty_taxable_annual_wages_pct_chg","oty_annual_contributions_chg","oty_annual_contributions_pct_chg","oty_annual_avg_wkly_wage_chg","oty_annual_avg_wkly_wage_pct_chg","oty_avg_annual_pay_chg","oty_avg_annual_pay_pct_chg"
"01000","5","2382","56","0","2025","A","",3937,38744,2820863573,440717004,2393687,1400,72808,"",1.23,1.09,1.14,1.03,0.88,1.04,1.04,"",124,3.3,1795,4.9,290476247,11.5,20106170,4.8,-255820,-9.7,83,6.3,4324,6.3
"01001","5","2382","76","0","2025","A","",32,185,10288297,1903562,6518,1072,55738,"",1.37,0.85,0.82,0.79,0.38,0.97,0.97,"",3,10.3,2,1.1,503021,5.1,-182307,-8.7,-1867,-22.3,45,4.4,2315,4.3
"01003","5","2382","76","0","2025","A","",269,1936,123246658,22452714,115611,1224,63669,"",1.47,1.32,1.44,1.16,0.88,1.10,1.10,"",10,3.9,126,7.0,11807876,10.6,734375,3.4,-14869,-11.4,40,3.4,2112,3.4
"01005","5","2382","76","0","2025","A","",8,25,826998,231234,905,626,32538,"",0.69,0.19,0.13,0.16,0.10,0.64,0.64,"",0,0.0,-9,-26.5,-363582,-30.5,-96062,-29.4,-753,-45.4,-44,-6.6,-2308,-6.6
"01007","5","2382","76","0","2025","A","",12,53,2442265,513698,6393,879,45721,"",1.31,0.65,0.49,0.58,1.26,0.75,0.75,"",0,0.0,2,3.9,-49315,-2.0,-3317,-0.6,2276,55.3,-54,-5.8,-2816,-5.8
"01009","5","2382","76","0","2025","A","",48,159,8422395,1704704,14695,1017,52888,"",2.44,1.03,1.05,1.01,1.26,1.02,1.02,"",7,17.1,16,11.2,1470084,21.1,95016,5.9,-3589,-19.6,81,8.7,4214,8.7
"01013","5","2382","76","0","2025","A","",9,63,3843474,688823,2481,1179,61332,"",0.87,0.56,0.65,0.46,0.32,1.18,1.18,"",0,0.0,8,14.5,184076,5.0,15408,2.3,-404,-14.0,-95,-7.5,-4901,-7.4
"01015","5","2382","76","0","2025","A","",74,500,28831442,5289656,23520,1110,57711,"",1.30,0.69,0.70,0.69,0.54,1.01,1.01,"",7,10.4,0,0.0,-460344,-1.6,-200354,-3.6,-903,-3.7,-17,-1.5,-912,-1.6
"01017","5","2382","76","0","2025","A","",23,121,7165268,1232674,4671,1140,59258,"",1.43,0.77,0.80,0.65,0.31,1.04,1.04,"",1,4.5,8,7.1,829950,13.1,56204,4.8,-1411,-23.2,60,5.6,3110,5.5
"01019","5","2382","76","0","2025","A","",13,57,3651355,938668,1876,1234,64153,"",1.27,0.63,0.79,0.90,0.28,1.26,1.26,"",-1,-7.1,-9,-13.6,-827993,-18.5,-31349,-3.2,-4148,-68.9,-66,-5.1,-3460,-5.1
"01021","5","2382","76","0","2025","A","",26,140,9215018,1519227,4999,1265,65782,"",1.40,0.89,1.09,0.82,0.36,1.23,1.23,"",1,4.0,-14,-9.1,63646,0.7,-184047,-10.8,-6342,-55.9,119,10.4,6196,10.4
"01023","5","2382","76","0","2025","A","",9,150,12471635,2900758,10177,1603,83376,"",1.27,2.67,3.22,4.04,2.01,1.21,1.21,"",2,28.6,58,63.0,4492249,56.3,1777617,158.3,5909,138.4,-60,-3.6,-3121,-3.6
"01025","5","2382","76","0","2025","A","",7,30,1569868,314370,773,1004,52184,"",0.49,0.23,0.22,0.22,0.09,0.92,0.92,"N",-3,-30.0,0,0,0,0,0,0,0,0,0,0,0,0
"01027","5","2382","76","0","2025","A","N",6,0,0,0,0,0,0,"N",1.18,0,0,0,0,0,0,"N",1,20.0,0,0,0,0,0,0,0,0,0,0,0,0
"01029","5","2382","76","0","2025","A","",4,16,713987,140328,1079,863,44858,"",0.70,0.34,0.24,0.26,0.36,0.72,0.72,"",1,33.3,0,0.0,101403,16.6,5870,4.4,210,24.2,127,17.3,6572,17.2
"01031","5","2382","76","0","2025","A","",19,187,9180579,1846864,8643,944,49072,"",0.68,0.63,0.59,0.50,0.43,0.93,0.93,"",1,5.6,-5,-2.6,-108376,-1.2,-77504,-4.0,-1211,-12.3,15,1.6,755,1.6
"01033","5","2382","76","0","2025","A","",42,867,60972425,9824443,86388,1352,70326,"",1.26,2.10,2.27,2.04,2.42,1.08,1.08,"",0,0.0,-13,-1.5,3767954,6.6,-382455,-3.7,12215,16.5,103,8.2,5358,8.2
"01035","5","2382","76","0","2025","A","",5,44,2154551,448843,985,947,49247,"",0.87,0.78,0.70,0.65,0.32,0.91,0.91,"",0,0.0,-1,-2.2,31018,1.5,-54529,-10.8,-2644,-72.9,36,4.0,1882,4.0
"01037","5","2382","76","0","2025","A","",3,15,824169,160811,2540,1087,56514,"",0.92,0.62,0.55,0.59,1.77,0.92,0.92,"N",0,0.0,0,0,0,0,0,0,0,0,0,0,0,0
"01039","5","2382","76","0","2025","A","",18,137,7090809,1808183,5920,998,51916,"",0.79,0.66,0.62,0.74,0.39,0.94,0.94,"",3,20.0,31,29.2,2020812,39.9,523748,40.8,-7727,-56.6,80,8.7,4198,8.8
"01041","5","2382","76","0","2025","A","",11,70,3909212,653584,3144,1078,56046,"",1.84,1.22,1.25,0.96,0.59,1.03,1.03,"",0,0.0,4,6.1,-356344,-8.4,30647,4.9,-394,-11.1,-160,-12.9,-8340,-13.0
"01043","5","2382","76","0","2025","A","",88,491,29663122,5615201,48090,1163,60455,"",1.89,0.95,0.98,0.88,1.43,1.04,1.04,"",10,12.8,60,13.9,4148117,16.3,813456,16.9,-6748,-12.3,26,2.3,1313,2.2
"01045","5","2382","76","0","2025","A","",18,85,4479856,771118,2888,1010,52498,"",0.80,0.28,0.20,0.25,0.14,0.72,0.72,"",2,12.5,1,1.2,185953,4.3,-83878,-9.8,-1977,-40.6,23,2.3,1176,2.3
"01047","5","2382","76","0","2025","A","",17,118,6104971,1087773,3880,992,51591,"",0.87,0.62,0.57,0.49,0.22,0.93,0.93,"",1,6.2,2,1.7,197547,3.3,-9531,-0.9,-2549,-39.6,13,1.3,701,1.4
"01049","5","2382","76","0","2025","A","",41,293,17966988,3076132,43865,1179,61303,"",1.34,0.74,0.79,0.63,1.66,1.08,1.08,"",5,13.9,40,15.8,3202177,21.7,423191,16.0,7855,21.8,58,5.2,3021,5.2
"01051","5","2382","76","0","2025","A","",72,496,35258635,5651581,17784,1366,71014,"",1.95,1.34,1.78,1.32,0.77,1.33,1.33,"",4,5.9,23,4.9,1835912,5.5,465476,9.0,314,1.8,6,0.4,315,0.4
"01053","5","2382","76","0","2025","A","",25,119,6859889,1332024,12179,1107,57566,"",1.34,0.55,0.55,0.53,0.86,1.00,1.00,"",-1,-3.8,-5,-4.0,117439,1.7,-106399,-7.4,1023,9.2,64,6.1,3337,6.2
"01055","5","2382","76","0","2025","A","",74,513,28061475,5252700,33804,1051,54674,"",1.49,0.93,0.97,0.74,0.80,1.05,1.05,"",3,4.2,28,5.8,2078607,8.0,82701,1.6,-2992,-8.1,21,2.0,1110,2.1
"01057","5","2382","76","0","2025","A","N",8,0,0,0,0,0,0,"N",1.15,0,0,0,0,0,0,"N",-1,-11.1,0,0,0,0,0,0,0,0,0,0,0,0
"01059","5","2382","76","0","2025","A","",14,51,3622756,573354,4082,1375,71502,"",1.02,0.28,0.36,0.27,0.27,1.32,1.32,"",2,16.7,6,13.3,764552,26.7,31550,5.8,678,19.9,160,13.2,8337,13.2
"01061","5","2382","76","0","2025","A","",8,33,1067403,320609,1514,616,32022,"",0.66,0.35,0.24,0.28,0.27,0.68,0.68,"",-1,-11.1,-7,-17.5,-375980,-26.0,-191459,-37.4,-65,-4.1,-69,-10.1,-3617,-10.1
"01065","5","2382","76","0","2025","A","",11,147,10052797,1624937,5383,1313,68270,"",1.62,3.30,4.16,3.50,1.96,1.26,1.26,"",1,10.0,6,4.3,840283,9.1,-30770,-1.9,-7161,-57.1,54,4.3,2778,4.2
"01067","5","2382","76","0","2025","A","",8,79,4555799,798893,1886,1111,57790,"",0.95,1.26,1.15,1.07,0.50,0.92,0.92,"",0,0.0,3,3.9,128584,2.9,122461,18.1,-663,-26.0,-3,-0.3,-145,-0.3
"01069","5","2382","76","0","2025","A","",64,842,52125905,8527587,23028,1191,61938,"",0.85,0.98,0.99,0.82,0.39,1.01,1.01,"",2,3.2,50,6.3,5048096,10.7,-151115,-1.7,-6069,-20.9,48,4.2,2528,4.3
"01071","5","2382","76","0","2025","A","",44,240,12094524,2557728,14301,967,50307,"",1.82,0.95,0.85,0.84,0.74,0.89,0.89,"",3,7.3,-13,-5.1,-845049,-6.5,-267220,-9.5,-7414,-34.1,-17,-1.7,-838,-1.6
"01073","5","2382","76","0","2025","A","",520,7175,576985273,80547389,442346,1547,80419,"",1.12,1.16,1.15,1.07,0.94,0.99,0.98,"",3,0.6,288,4.2,57352390,11.0,4724042,6.2,-90301,-17.0,96,6.6,4970,6.6
"01075","5","2382","76","0","2025","A","",8,28,1532833,383351,4300,1043,54260,"",1.39,0.50,0.48,0.60,1.22,0.95,0.95,"",1,14.3,-6,-17.6,-149614,-8.9,-112529,-22.7,-498,-10.4,98,10.4,5137,10.5
"01077","5","2382","76","0","2025","A","",75,1081,76748340,12094663,91842,1365,70981,"",1.43,2.09,2.81,2.00,2.37,1.35,1.35,"",6,8.7,123,12.8,18586054,32.0,1909457,18.7,5700,6.6,197,16.9,10269,16.9
"01079","5","2382","76","0","2025","A","",24,168,10875246,1722532,10018,1241,64542,"",2.09,1.81,2.11,1.87,1.67,1.16,1.16,"",3,14.3,-10,-5.6,170533,1.6,-184639,-9.7,-3080,-23.5,85,7.4,4431,7.4
"01081","5","2382","76","0","2025","A","",109,933,53806459,10163791,36161,1109,57686,"",1.21,0.82,0.77,0.80,0.45,0.95,0.95,"",7,6.9,74,8.6,5893600,12.3,891102,9.6,4017,12.5,37,3.5,1930,3.5
"01083","5","2382","76","0","2025","A","",82,706,46759642,7476296,41623,1274,66271,"",1.85,1.22,1.15,1.00,0.80,0.95,0.95,"",8,10.8,39,5.8,4752697,11.3,588506,8.5,1448,3.6,62,5.1,3253,5.2
"01085","5","2382","76","0","2025","A","N",4,0,0,0,0,0,0,"N",0.95,0,0,0,0,0,0,"N",1,33.3,0,0,0,0,0,0,0,0,0,0,0,0
"01087","5","2382","76","0","2025","A","N",4,0,0,0,0,0,0,"N",0.64,0,0,0,0,0,0,"N",0,0.0,0,0,0,0,0,0,0,0,0,0,0,0
"01089","5","2382","76","0","2025","A","",266,3393,266473854,36498326,276835,1510,78542,"",0.93,0.86,0.78,0.80,0.95,0.91,0.91,"",14,5.6,325,10.6,50472714,23.4,2278246,6.7,50149,22.1,156,11.5,8126,11.5
"01091","5","2382","76","0","2025","A","",10,100,6344857,863543,3208,1215,63185,"",0.87,0.83,0.86,0.60,0.44,1.04,1.04,"",1,11.1,4,4.2,-301385,-4.5,-145713,-14.4,-3746,-53.9,-113,-8.5,-5867,-8.5
"01093","5","2382","76","0","2025","A","",7,58,2816258,628753,1592,939,48837,"",0.48,0.35,0.31,0.32,0.13,0.90,0.90,"",1,16.7,-2,-3.3,-96957,-3.3,-60770,-8.8,-1624,-50.5,1,0.1,80,0.2
"01095","5","2382","76","0","2025","A","",83,464,24879595,4978027,32584,1031,53591,"",1.58,0.68,0.66,0.57,0.80,0.98,0.98,"",7,9.2,12,2.7,1196486,5.1,154375,3.2,-3849,-10.6,24,2.4,1224,2.3
"01097","5","2382","76","0","2025","A","",313,5421,440157107,69830160,325967,1561,81190,"",1.28,1.85,2.17,1.96,1.43,1.17,1.17,"",17,5.7,137,2.6,34168348,8.4,3086692,4.6,-50908,-13.5,83,5.6,4353,5.7
"01099","5","2382","76","0","2025","A","",7,30,1684598,305832,1013,1065,55384,"",0.73,0.30,0.28,0.26,0.12,0.91,0.91,"",1,16.7,2,7.1,253101,17.7,-19178,-5.9,162,19.0,88,9.0,4562,9.0
"01101","5","2382","76","0","2025","A","",126,2058,151232824,21500943,113014,1413,73467,"",0.86,0.93,0.98,0.93,0.75,1.06,1.06,"",1,0.8,22,1.1,9917902,7.0,-518333,-2.4,13155,13.2,78,5.8,4045,5.8
"01103","5","2382","76","0","2025","A","",123,1460,112667627,16321545,56978,1484,77174,"",1.85,1.60,1.82,1.36,0.83,1.13,1.13,"",4,3.4,117,8.7,16609613,17.3,1037960,6.8,-6435,-10.1,109,7.9,5662,7.9
"01105","5","2382","76","0","2025","A","N",2,0,0,0,0,0,0,"N",0.53,0,0,0,0,0,0,"N",1,100.0,0,0,0,0,0,0,0,0,0,0,0,0
"01107","5","2382","76","0","2025","A","",6,45,2749891,445969,3369,1173,60996,"",0.81,0.73,0.77,0.72,0.83,1.06,1.06,"",0,0.0,-27,-37.5,-1714498,-38.4,-363212,-44.9,-945,-21.9,-15,-1.3,-795,-1.3
"01109","5","2382","76","0","2025","A","",9,17,913877,174029,2848,1060,55108,"",0.56,0.07,0.06,0.06,0.15,0.94,0.94,"",1,12.5,2,13.3,318740,53.6,13513,8.4,-49,-1.7,280,35.9,14530,35.8
"01111","5","2382","76","0","2025","A","",15,90,5503666,1196322,7194,1173,60982,"",1.57,1.10,1.39,1.32,1.05,1.25,1.25,"",1,7.1,-11,-10.9,-706621,-11.4,99877,9.1,-1155,-13.8,-12,-1.0,-659,-1.1
"01113","5","2382","76","0","2025","A","",40,265,15251287,3276883,18710,1106,57534,"",1.64,1.14,1.21,1.19,1.18,1.06,1.06,"",-2,-4.8,-22,-7.7,-979566,-6.0,-134312,-3.9,-14038,-42.9,19,1.7,1030,1.8
"01115","5","2382","76","0","2025","A","",115,735,46737343,8155778,36812,1223,63588,"",2.78,1.97,2.00,1.76,1.50,1.02,1.02,"",11,10.6,63,9.4,5970107,14.6,957823,13.3,-2727,-6.9,56,4.8,2930,4.8
"01117","5","2382","76","0","2025","A","",201,1980,148906639,21409821,72337,1446,75209,"",1.34,1.40,1.39,1.14,0.61,0.99,0.99,"",11,5.8,-9,-0.5,4039822,2.8,-301874,-1.4,-26731,-27.0,46,3.3,2384,3.3
"01119","5","2382","76","0","2025","A","N",6,0,0,0,0,0,0,"N",1.03,0,0,0,0,0,0,"N",4,200.0,0,0,0,0,0,0,0,0,0,0,0,0
"01121","5","2382","76","0","2025","A","",45,302,19721618,3823493,18942,1254,65195,"",1.41,0.57,0.56,0.58,0.53,0.99,0.99,"",0,0.0,-13,-4.1,845174,4.5,-76076,-2.0,772,4.2,103,8.9,5317,8.9
"01123","5","2382","76","0","2025","A","",27,114,4925104,1227345,6790,833,43298,"",1.28,0.53,0.43,0.44,0.34,0.82,0.82,"",1,3.8,7,6.5,594330,13.7,102099,9.1,-1073,-13.6,56,7.2,2918,7.2
"01125","5","2382","76","0","2025","A","",128,1404,87937541,15220915,50945,1204,62619,"",1.18,0.85,0.80,0.84,0.49,0.93,0.93,"",0,0.0,78,5.9,9674825,12.4,1144661,8.1,-11212,-18.0,69,6.1,3612,6.1
"01127","5","2382","76","0","2025","A","",37,131,6927253,1472642,6484,1014,52712,"",1.21,0.42,0.40,0.36,0.25,0.96,0.96,"",-3,-7.5,-25,-16.0,-687197,-9.0,-215392,-12.8,-7694,-54.3,74,7.9,3823,7.8
"01129","5","2382","76","0","2025","A","",9,35,1836754,442331,7011,1009,52479,"",1.41,0.39,0.20,0.43,0.92,0.52,0.52,"",1,12.5,5,16.7,208545,12.8,521,0.1,-4387,-38.5,-32,-3.1,-1644,-3.0
"01131","5","2382","76","0","2025","A","",5,25,1503756,260827,522,1176,61170,"",0.74,0.56,0.51,0.55,0.21,0.94,0.94,"",1,25.0,3,13.6,267565,21.6,25814,11.0,-455,-46.6,70,6.3,3673,6.4
"01133","5","2382","76","0","2025","A","",11,64,4015048,639652,1360,1214,63146,"",0.99,0.47,0.51,0.38,0.12,1.09,1.09,"",0,0.0,2,3.2,623721,18.4,-2689,-0.4,-178,-11.6,161,15.3,8374,15.3
"01999","5","2382","76","0","2025","A","",394,2106,187566626,26645085,197296,1712,89042,"",1.10,1.55,1.37,1.18,1.05,0.88,0.88,"",-36,-8.4,223,11.8,33365190,21.6,1753752,7.0,-45668,-18.8,137,8.7,7158,8.7
"02000","5","2382","56","0","2025","A","",524,4079,398449942,236073851,3549067,1878,97677,"",1.06,0.73,0.87,0.87,0.59,1.19,1.19,"",6,1.2,140,3.6,44594556,12.6,24892498,11.8,296648,9.1,151,8.7,7853,8.7
"02016","5","2382","76","0","2025","A","N",2,0,0,0,0,0,0,"N",0.66,0,0,0,0,0,0,"N",0,0.0,0,0,0,0,0,0,0,0,0,0,0,0
"02020","5","2382","76","0","2025","A","",184,1912,194060087,110369091,1656496,1952,101491,"",1.07,0.77,0.92,0.92,0.62,1.20,1.19,"",-2,-1.1,27,1.4,21076650,12.2,8190850,8.0,63876,4.0,187,10.6,9731,10.6
"02063","5","2382","76","0","2025","A","N",6,0,0,0,0,0,0,"N",0.77,0,0,0,0,0,0,"N",1,20.0,0,0,0,0,0,0,0,0,0,0,0,0
"02068","5","2382","76","0","2025","A","N",0,0,0,0,0,0,0,"N",0.00,0,0,0,0,0,0,"N",-1,-100.0,0,0,0,0,0,0,0,0,0,0,0,0
"02070","5","2382","76","0","2025","A","N",2,0,0,0,0,0,0,"N",0.68,0,0,0,0,0,0,"N",1,100.0,0,0,0,0,0,0,0,0,0,0,0,0
"02090","5","2382","76","0","2025","A","",66,725,76804615,41646262,626830,2037,105950,"",1.37,1.17,1.58,1.61,1.09,1.35,1.35,"",0,0.0,11,1.5,2942637,4.0,1761649,4.4,23653,3.9,48,2.4,2526,2.4
"02100","5","2382","76","0","2025","A","N",2,0,0,0,0,0,0,"N",0.62,0,0,0,0,0,0,"N",0,0.0,0,0,0,0,0,0,0,0,0,0,0,0
"02110","5","2382","76","0","2025","A","",34,182,14711266,10030499,150458,1551,80647,"",1.49,0.61,0.63,0.85,0.58,1.03,1.03,"",0,0.0,-3,-1.6,701098,5.0,735304,7.9,9481,6.7,92,6.3,4780,6.3
"02122","5","2382","76","0","2025","A","",58,210,16903830,11350363,175117,1548,80494,"",1.23,0.58,0.65,0.75,0.52,1.12,1.12,"",-2,-3.3,-12,-5.4,-1642354,-8.9,-215112,-1.9,-6725,-3.7,-57,-3.6,-2953,-3.5
"02130","5","2382","76","0","2025","A","",10,69,6334905,3811442,57172,1755,91259,"",0.81,0.57,0.73,0.73,0.50,1.27,1.27,"",0,0.0,1,1.5,783623,14.1,445698,13.2,6551,12.9,189,12.1,9822,12.1
"02150","5","2382","76","0","2025","A","",7,32,2996018,1770764,26561,1796,93382,"",0.75,0.34,0.46,0.39,0.24,1.37,1.37,"",0,0.0,-3,-8.6,-63780,-2.1,12815,0.7,-166,-0.6,135,8.1,6988,8.1
"02170","5","2382","76","0","2025","A","",107,725,62247347,38865946,582988,1650,85809,"",1.89,1.45,1.87,1.59,1.09,1.29,1.29,"",3,2.9,79,12.2,11487340,22.6,5788166,17.5,81759,16.3,139,9.2,7243,9.2
"02180","5","2382","76","0","2025","A","N",2,0,0,0,0,0,0,"N",0.35,0,0,0,0,0,0,"N",0,0.0,0,0,0,0,0,0,0,0,0,0,0,0
"02185","5","2382","76","0","2025","A","",6,72,12126039,10285494,154282,3243,168612,"",1.35,0.34,0.38,0.53,0.37,1.13,1.13,"",1,20.0,38,111.8,8434626,228.5,7739720,304.0,113675,279.9,1170,56.4,60834,56.4
"02188","5","2382","76","0","2025","A","N",2,0,0,0,0,0,0,"N",0.67,0,0,0,0,0,0,"N",0,0.0,0,0,0,0,0,0,0,0,0,0,0,0
"02195","5","2382","76","0","2025","A","N",2,0,0,0,0,0,0,"N",0.58,0,0,0,0,0,0,"N",0,0.0,0,0,0,0,0,0,0,0,0,0,0,0
"02198","5","2382","76","0","2025","A","",6,15,952332,756454,11349,1242,64565,"",1.28,0.42,0.43,0.62,0.43,1.03,1.03,"",1,20.0,1,7.1,302641,46.6,129763,20.7,1867,19.7,317,34.3,16440,34.2
"02220","5","2382","76","0","2025","A","",6,41,3767506,2076461,31146,1782,92644,"",0.74,0.55,0.70,0.65,0.45,1.29,1.29,"",0,0.0,4,10.8,827481,28.1,291573,16.3,4247,15.8,261,17.2,13540,17.1
"02230","5","2382","76","0","2025","A","N",0,0,0,0,0,0,0,"N",0.00,0,0,0,0,0,0,"N",-1,-100.0,0,0,0,0,0,0,0,0,0,0,0,0
"02240","5","2382","76","0","2025","A","N",2,0,0,0,0,0,0,"N",0.41,0,0,0,0,0,0,"N",0,0.0,0,0,0,0,0,0,0,0,0,0,0,0
"02275","5","2382","76","0","2025","A","N",4,0,0,0,0,0,0,"N",2.07,0,0,0,0,0,0,"N",-1,-20.0,0,0,0,0,0,0,0,0,0,0,0,0
"02290","5","2382","76","0","2025","A","N",1,0,0,0,0,0,0,"N",0.21,0,0,0,0,0,0,"N",0,0.0,0,0,0,0,0,0,0,0,0,0,0,0
"02999","5","2382","76","0","2025","A","",13,13,1162362,818474,12277,1709,88843,"",0.32,0.25,0.21,0.25,0.17,0.84,0.84,"",2,18.2,2,18.2,94381,8.8,114641,16.3,1180,10.6,-158,-8.5,-8246,-8.5
"04000","3","2382","56","0","2025","A","N",5,0,0,0,0,0,0,"N",5.36,0,0,0,0,0,0,"N",0,0.0,0,0,0,0,0,0,0,0,0,0,0,0
"04000","5","2382","56","0","2025","A","",5524,72807,6120752621,877363626,12494858,1617,84068,"",1.25,1.35,1.43,1.26,1.15,1.06,1.06,"",173,3.2,-803,-1.1,138838511,2.3,-15451320,-1.7,-665448,-5.1,54,3.5,2803,3.4
"04001","5","2382","76","0","2025","A","N",9,0,0,0,0,0,0,"N",0.74,0,0,0,0,0,0,"N",0,0.0,0,0,0,0,0,0,0,0,0,0,0,0
"04003","5","2382","76","0","2025","A","",65,493,29339726,5618117,74238,1144,59472,"",1.29,0.85,0.76,0.96,0.87,0.90,0.90,"",-1,-1.5,-20,-3.9,-1363356,-4.4,-13342,-0.2,-28311,-27.6,-6,-0.5,-349,-0.6
"04005","5","2382","76","0","2025","A","",99,804,49326989,8912292,108533,1180,61339,"",1.22,0.73,0.72,0.70,0.63,0.99,0.99,"",-1,-1.0,-19,-2.3,1588319,3.3,-554151,-5.9,21341,24.5,64,5.7,3322,5.7
"04007","5","2382","76","0","2025","A","",34,123,7171267,1269355,9169,1123,58382,"",1.55,0.48,0.43,0.44,0.26,0.90,0.90,"",-1,-2.9,3,2.5,692244,10.7,16229,1.3,1306,16.6,84,8.1,4353,8.1
"04009","3","2382","76","0","2025","A","N",2,0,0,0,0,0,0,"N",772.75,0,0,0,0,0,0,"N",0,0.0,0,0,0,0,0,0,0,0,0,0,0,0
"04009","5","2382","76","0","2025","A","",16,102,6292612,1221397,15590,1186,61692,"",1.30,0.55,0.54,0.47,0.41,0.97,0.97,"",-1,-5.9,17,20.0,1207806,23.8,4930,0.4,2789,21.8,36,3.1,1871,3.1
"04011","5","2382","76","0","2025","A","N",2,0,0,0,0,0,0,"N",0.98,0,0,0,0,0,0,"N",0,0.0,0,0,0,0,0,0,0,0,0,0,0,0
"04012","5","2382","76","0","2025","A","N",8,0,0,0,0,0,0,"N",0.95,0,0,0,0,0,0,"N",0,0.0,0,0,0,0,0,0,0,0,0,0,0,0
"04013","3","2382","76","0","2025","A","N",3,0,0,0,0,0,0,"N",5.12,0,0,0,0,0,0,"N",0,0.0,0,0,0,0,0,0,0,0,0,0,0,0
"04013","5","2382","76","0","2025","A","",3493,57878,5114470116,708068014,10161035,1699,88366,"",1.26,1.51,1.61,1.40,1.36,1.06,1.06,"",70,2.0,-1034,-1.8,86375622,1.7,-16816801,-2.3,-359263,-3.4,58,3.5,3016,3.5
"04015","5","2382","76","0","2025","A","",222,1360,80646422,15825831,249764,1140,59281,"",2.22,1.45,1.48,1.33,1.43,1.02,1.02,"",16,7.8,-35,-2.5,-1895799,-2.3,-662950,-4.0,-34823,-12.2,2,0.2,104,0.2
"04017","5","2382","76","0","2025","A","",63,335,17866855,3657060,28659,1025,53281,"",1.62,0.72,0.68,0.80,0.40,0.94,0.94,"",3,5.0,30,9.8,1848675,11.5,226082,6.6,-6468,-18.4,15,1.5,748,1.4
"04019","5","2382","76","0","2025","A","",630,6354,420920861,69482811,740480,1274,66246,"",1.37,0.98,0.93,0.96,0.78,0.95,0.95,"",17,2.8,49,0.8,22218499,5.6,-374692,-0.5,-179438,-19.5,58,4.8,3006,4.8
"04021","5","2382","76","0","2025","A","",187,1164,82741761,14139367,264843,1367,71099,"",1.77,0.87,0.93,0.94,1.09,1.07,1.07,"",29,18.4,103,9.7,8231163,11.0,1380446,10.8,-1115,-0.4,16,1.2,845,1.2
"04023","5","2382","76","0","2025","A","N",17,0,0,0,0,0,0,"N",0.71,0,0,0,0,0,0,"N",1,6.2,0,0,0,0,0,0,0,0,0,0,0,0
"04025","5","2382","76","0","2025","A","",236,1527,95753502,16776325,196564,1206,62714,"",1.63,1.28,1.30,1.11,0.89,1.02,1.02,"",5,2.2,48,3.2,8522804,9.8,600230,3.7,-31689,-13.9,72,6.3,3744,6.3
"04027","3","2382","76","0","2025","A","N",0,0,0,0,0,0,0,"N",0.00,0,0,0,0,0,0,"N",0,0,0,0,0,0,0,0,0,0,0,0,0,0
"04027","5","2382","76","0","2025","A","",134,1149,66230208,12401692,234293,1109,57654,"",1.73,0.97,0.90,0.83,0.34,0.93,0.93,"",-2,-1.5,1,0.1,3748177,6.0,-169924,-1.4,-39352,-14.4,62,5.9,3223,5.9
"04999","5","2382","76","0","2025","A","",308,1318,137488959,16691855,362916,2006,104316,"",0.61,0.97,0.88,0.73,0.72,0.91,0.91,"N",37,13.7,0,0,0,0,0,0,0,0,0,0,0,0
"05000","3","2382","56","0","2025","A","",1,2,82931,0,0,766,39807,"",2.20,0.56,0.42,0.00,0.00,0.72,0.72,"",0,0.0,0,0.0,2484,3.1,0,0.0,0,0.0,126,19.7,6519,19.6
"05000","5","2382","56","0","2025","A","",2750,23664,1569044799,234525146,2685748,1275,66305,"",1.28,1.09,1.08,1.00,0.95,1.00,1.00,"",151,5.8,-431,-1.8,15328136,1.0,-3502041,-1.5,-697536,-20.6,35,2.8,1823,2.8
"05001","5","2382","76","0","2025","A","",9,47,2202490,486841,3456,903,46945,"",0.73,0.31,0.24,0.28,0.16,0.79,0.79,"",-1,-10.0,-7,-13.0,-528633,-19.4,-6390,-1.3,240,7.5,-79,-8.0,-4104,-8.0
"05003","5","2382","76","0","2025","A","N",4,0,0,0,0,0,0,"N",0.41,0,0,0,0,0,0,"N",0,0.0,0,0,0,0,0,0,0,0,0,0,0,0
"05005","5","2382","76","0","2025","A","",36,287,12492998,2728308,22512,838,43593,"",1.33,1.04,0.89,1.01,0.70,0.85,0.85,"",1,2.9,32,12.5,651126,5.5,270091,11.0,5372,31.3,-55,-6.2,-2831,-6.1
"05007","5","2382","76","0","2025","A","",282,2933,208950842,29261481,345385,1370,71239,"",1.58,1.17,0.84,0.86,1.14,0.72,0.72,"",23,8.9,113,4.0,25087470,13.6,1318532,4.7,-13838,-3.9,116,9.3,6032,9.3
"05009","5","2382","76","0","2025","A","",22,145,8264015,1251609,12671,1099,57125,"",1.08,0.61,0.65,0.52,0.43,1.07,1.06,"",0,0.0,-2,-1.4,-384805,-4.4,-68150,-5.2,-5623,-30.7,-31,-2.7,-1644,-2.8
"05011","5","2382","76","0","2025","A","",6,8,241690,67733,821,587,30529,"",0.90,0.14,0.09,0.13,0.18,0.61,0.61,"",0,0.0,3,60.0,78938,48.5,5624,9.1,106,14.8,0,0.0,13,0.0
"05013","5","2382","76","0","2025","A","",5,8,309866,90735,433,701,36455,"",2.48,0.14,0.06,0.14,0.16,0.43,0.43,"",0,0.0,-4,-33.3,-23676,-7.1,-7766,-7.9,-143,-24.8,184,35.6,9593,35.7
"05015","5","2382","76","0","2025","A","",21,77,2966397,629349,7155,738,38359,"",1.30,0.43,0.36,0.33,0.38,0.83,0.83,"",0,0.0,0,0.0,-127927,-4.1,-14000,-2.2,2148,42.9,-31,-4.0,-1654,-4.1
"05017","5","2382","76","0","2025","A","N",4,0,0,0,0,0,0,"N",0.56,0,0,0,0,0,0,"N",2,100.0,0,0,0,0,0,0,0,0,0,0,0,0
"05019","5","2382","76","0","2025","A","N",9,0,0,0,0,0,0,"N",0.68,0,0,0,0,0,0,"N",1,12.5,0,0,0,0,0,0,0,0,0,0,0,0
"05021","5","2382","76","0","2025","A","N",7,0,0,0,0,0,0,"N",1.00,0,0,0,0,0,0,"N",1,16.7,0,0,0,0,0,0,0,0,0,0,0,0
"05023","5","2382","76","0","2025","A","",22,100,4534100,896445,8600,870,45266,"",1.73,0.91,0.88,0.72,0.64,0.97,0.97,"",4,22.2,12,13.6,571018,14.4,142305,18.9,304,3.7,1,0.1,60,0.1
"05025","5","2382","76","0","2025","A","N",1,0,0,0,0,0,0,"N",0.41,0,0,0,0,0,0,"N",0,0.0,0,0,0,0,0,0,0,0,0,0,0,0
"05027","5","2382","76","0","2025","A","",14,65,3059659,548099,3295,899,46772,"",1.13,0.49,0.42,0.42,0.18,0.85,0.85,"",1,7.7,-1,-1.5,107610,3.6,-54599,-9.1,-599,-15.4,40,4.7,2100,4.7
"05029","5","2382","76","0","2025","A","",18,269,17998513,2319218,21661,1288,66971,"",1.82,2.54,3.01,2.28,1.93,1.19,1.19,"",0,0.0,8,3.1,-269501,-1.5,184636,8.6,454,2.1,-60,-4.5,-3133,-4.5
"05031","5","2382","76","0","2025","A","",99,1102,76426410,11129496,130851,1333,69337,"",1.64,1.19,1.43,1.22,1.19,1.20,1.20,"",-1,-1.0,-67,-5.7,-3183747,-4.0,-174907,-1.5,-38120,-22.6,24,1.8,1260,1.9
"05033","5","2382","76","0","2025","A","",53,334,19179685,3068778,37707,1103,57367,"",2.03,1.12,1.18,0.88,1.21,1.05,1.05,"",1,1.9,-81,-19.5,-4819653,-20.1,-779897,-20.3,-24559,-39.4,-9,-0.8,-463,-0.8
"05035","5","2382","76","0","2025","A","",12,69,3216420,677166,5911,901,46841,"",0.55,0.23,0.20,0.19,0.11,0.86,0.86,"",0,0.0,8,13.1,538021,20.1,99033,17.1,2810,90.6,59,7.0,3052,7.0
"05037","5","2382","76","0","2025","A","",14,74,3851374,769096,3772,1000,51987,"",1.57,0.94,1.04,1.05,0.35,1.11,1.11,"",2,16.7,-1,-1.3,214367,5.9,106436,16.1,1294,52.2,66,7.1,3440,7.1
"05039","5","2382","76","0","2025","A","N",6,0,0,0,0,0,0,"N",1.41,0,0,0,0,0,0,"N",0,0.0,0,0,0,0,0,0,0,0,0,0,0,0
"05041","5","2382","76","0","2025","A","",4,38,1991661,299446,675,1012,52643,"",0.47,0.57,0.57,0.49,0.11,1.00,1.00,"",0,0.0,0,0.0,84854,4.5,2640,0.9,81,13.6,38,3.9,2020,4.0
"05043","5","2382","76","0","2025","A","",10,100,6436222,1107777,5577,1242,64577,"",0.97,0.95,1.26,1.10,0.54,1.34,1.34,"",-2,-16.7,-7,-6.5,-98154,-1.5,-12017,-1.1,-1600,-22.3,68,5.8,3508,5.7
"05045","5","2382","76","0","2025","A","",106,1114,62904592,10650375,116015,1086,56463,"",1.59,1.45,1.46,1.36,1.19,1.01,1.01,"",1,1.0,73,7.0,10631824,20.3,1329862,14.3,-12522,-9.7,121,12.5,6261,12.5
"05047","5","2382","76","0","2025","A","",14,31,1341486,301673,4754,823,42813,"",1.84,0.38,0.33,0.37,0.68,0.85,0.85,"",2,16.7,0,0.0,19066,1.4,12673,4.4,-1721,-26.6,5,0.6,269,0.6
"05049","5","2382","76","0","2025","A","",4,12,478248,118896,1868,766,39854,"",0.94,0.40,0.35,0.48,0.57,0.87,0.87,"N",0,0.0,0,0,0,0,0,0,0,0,0,0,0,0
"05051","5","2382","76","0","2025","A","",132,811,41079770,7550124,69744,974,50648,"",1.98,1.26,1.25,1.09,0.87,0.99,0.99,"",5,3.9,5,0.6,1984076,5.1,175632,2.4,-11640,-14.3,41,4.4,2127,4.4
"05053","5","2382","76","0","2025","A","",16,102,5780276,993325,17534,1087,56531,"",2.19,1.33,1.29,1.22,1.72,0.97,0.97,"",1,6.7,11,12.1,948085,19.6,194925,24.4,11984,215.9,63,6.2,3284,6.2
"05055","5","2382","76","0","2025","A","",30,290,21299556,3937672,88128,1413,73468,"",1.58,1.13,1.54,1.47,1.62,1.37,1.37,"",2,7.1,38,15.1,3678937,20.9,397894,11.2,2983,3.5,70,5.2,3614,5.2
"05057","5","2382","76","0","2025","A","",8,43,2436898,382665,1817,1092,56782,"",0.81,0.33,0.37,0.29,0.19,1.11,1.11,"",1,14.3,1,2.4,-14975,-0.6,-26803,-6.5,-1086,-37.4,-31,-2.8,-1596,-2.7
"05059","5","2382","76","0","2025","A","",25,62,2611141,590538,7992,807,41946,"",2.02,0.49,0.37,0.49,0.62,0.77,0.77,"",3,13.6,16,34.8,592321,29.3,151241,34.4,3418,74.7,-35,-4.2,-1862,-4.3
"05061","5","2382","76","0","2025","A","N",4,0,0,0,0,0,0,"N",0.60,0,0,0,0,0,0,"N",-2,-33.3,0,0,0,0,0,0,0,0,0,0,0,0
"05063","5","2382","76","0","2025","A","",24,319,20962590,3522434,130584,1265,65765,"",1.27,1.08,1.27,1.16,3.52,1.18,1.18,"",0,0.0,-39,-10.9,-1719002,-7.6,-373994,-9.6,10181,8.5,46,3.8,2394,3.8
"05065","5","2382","76","0","2025","A","",8,26,1268660,222335,2246,954,49589,"",1.55,0.53,0.53,0.48,0.33,1.03,1.03,"",1,14.3,-2,-7.1,123713,10.8,-53113,-19.3,233,11.6,181,23.4,9415,23.4
"05067","5","2382","76","0","2025","A","",6,44,2840252,383703,959,1232,64066,"",0.74,0.52,0.60,0.51,0.08,1.14,1.14,"",0,0.0,0,0.0,124466,4.6,9674,2.6,-889,-48.1,56,4.8,2923,4.8
"05069","5","2382","76","0","2025","A","",36,150,6958058,1336576,8584,891,46336,"",1.10,0.36,0.29,0.36,0.22,0.79,0.79,"",5,16.1,0,0.0,-188670,-2.6,-75551,-5.4,-1524,-15.1,-23,-2.5,-1203,-2.5
"05071","5","2382","76","0","2025","A","",15,50,2389617,472249,2506,910,47319,"",1.47,0.38,0.38,0.42,0.27,0.99,0.99,"",-1,-6.2,-9,-15.3,-420030,-14.9,-117651,-19.9,-1869,-42.7,-6,-0.7,-302,-0.6
"05073","5","2382","76","0","2025","A","N",5,0,0,0,0,0,0,"N",1.56,0,0,0,0,0,0,"N",-1,-16.7,0,0,0,0,0,0,0,0,0,0,0,0
"05075","5","2382","76","0","2025","A","",9,96,8805323,1080023,13131,1768,91962,"",1.07,1.39,2.65,1.54,1.20,1.91,1.91,"",1,12.5,-14,-12.7,-1622837,-15.6,-87168,-7.5,10673,434.2,-47,-2.6,-2410,-2.6
"05077","5","2382","76","0","2025","A","N",2,0,0,0,0,0,0,"N",0.48,0,0,0,0,0,0,"N",1,100.0,0,0,0,0,0,0,0,0,0,0,0,0
"05079","5","2382","76","0","2025","A","N",4,0,0,0,0,0,0,"N",0.90,0,0,0,0,0,0,"N",0,0.0,0,0,0,0,0,0,0,0,0,0,0,0
"05081","5","2382","76","0","2025","A","N",3,0,0,0,0,0,0,"N",0.60,0,0,0,0,0,0,"N",1,50.0,0,0,0,0,0,0,0,0,0,0,0,0
"05083","5","2382","76","0","2025","A","",11,64,4126242,598119,9878,1238,64389,"",1.20,0.76,1.05,0.82,1.49,1.38,1.38,"",-1,-8.3,-2,-3.0,148266,3.7,-8912,-1.5,-677,-6.4,75,6.4,3887,6.4
"05085","5","2382","76","0","2025","A","",70,467,26619651,4410808,41272,1097,57022,"",2.39,1.75,2.10,1.59,1.26,1.20,1.20,"",3,4.5,10,2.2,2635991,11.0,307850,7.5,-8812,-17.6,88,8.7,4580,8.7
"05087","5","2382","76","0","2025","A","",21,116,6447572,1158214,14860,1068,55543,"",3.58,1.92,2.11,1.62,2.41,1.10,1.10,"",-2,-8.7,-10,-7.9,-958106,-12.9,-118949,-9.3,-3495,-19.0,-66,-5.8,-3427,-5.8
"05089","5","2382","76","0","2025","A","",16,36,1826895,286493,4281,980,50983,"",2.57,0.70,0.75,0.57,0.41,1.08,1.08,"",-1,-5.9,-15,-29.4,-352817,-16.2,-194098,-40.4,-2217,-34.1,163,20.0,8521,20.1
"05091","5","2382","76","0","2025","A","",27,214,11699873,1817157,15829,1050,54587,"",1.47,1.06,1.02,0.79,0.70,0.96,0.96,"",2,8.0,4,1.9,872395,8.1,140056,8.4,-7323,-31.6,58,5.8,3028,5.9
"05093","3","2382","76","0","2025","A","",1,2,82931,0,0,766,39807,"",228.98,36.72,21.80,0.00,0.00,0.57,0.57,"",0,0.0,0,0.0,2484,3.1,0,0.0,0,0.0,126,19.7,6519,19.6
"05093","5","2382","76","0","2025","A","",20,709,62966662,8619293,119555,1708,88811,"",0.97,2.15,2.27,2.01,1.60,1.06,1.06,"",3,17.6,-7,-1.0,1806281,3.0,253127,3.0,29050,32.1,66,4.0,3401,4.0
"05095","5","2382","76","0","2025","A","N",3,0,0,0,0,0,0,"N",0.65,0,0,0,0,0,0,"N",0,0.0,0,0,0,0,0,0,0,0,0,0,0,0
"05097","5","2382","76","0","2025","A","",10,22,1091098,198295,5753,936,48674,"",2.72,1.03,1.24,1.02,2.13,1.18,1.18,"",2,25.0,4,22.2,298373,37.6,-35331,-15.1,-1104,-16.1,73,8.5,3803,8.5
"05099","5","2382","76","0","2025","A","N",2,0,0,0,0,0,0,"N",0.54,0,0,0,0,0,0,"N",0,0.0,0,0,0,0,0,0,0,0,0,0,0,0
"05101","5","2382","76","0","2025","A","N",2,0,0,0,0,0,0,"N",0.82,0,0,0,0,0,0,"N",0,0.0,0,0,0,0,0,0,0,0,0,0,0,0
"05103","5","2382","76","0","2025","A","",20,99,4823850,948941,23918,935,48644,"",1.80,0.87,0.78,0.89,1.68,0.89,0.89,"",-2,-9.1,-2,-2.0,-43428,-0.9,2913,0.3,3112,15.0,7,0.8,373,0.8
"05105","5","2382","76","0","2025","A","N",4,0,0,0,0,0,0,"N",1.21,0,0,0,0,0,0,"N",0,0.0,0,0,0,0,0,0,0,0,0,0,0,0
"05107","5","2382","76","0","2025","A","N",5,0,0,0,0,0,0,"N",0.44,0,0,0,0,0,0,"N",0,0.0,0,0,0,0,0,0,0,0,0,0,0,0
"05109","5","2382","76","0","2025","A","",6,21,651082,172648,2048,603,31377,"",1.18,0.51,0.34,0.44,0.50,0.67,0.67,"",0,0.0,1,5.0,20888,3.3,-24533,-12.4,119,6.2,-16,-2.6,-803,-2.5
"05111","5","2382","76","0","2025","A","",8,34,1394632,335091,5293,795,41322,"",0.85,0.38,0.28,0.37,0.40,0.74,0.74,"",0,0.0,3,9.7,-78327,-5.3,-97302,-22.5,-1370,-20.6,-109,-12.1,-5687,-12.1
"05113","5","2382","76","0","2025","A","",11,60,2465259,510301,3057,787,40917,"",1.10,0.62,0.55,0.58,0.29,0.87,0.87,"",0,0.0,-1,-1.6,22017,0.9,24038,4.9,1576,106.4,20,2.6,1027,2.6
"05115","5","2382","76","0","2025","A","",56,387,27691102,3417660,24032,1378,71630,"",1.60,0.86,1.10,0.71,0.40,1.27,1.27,"",-3,-5.1,-8,-2.0,1299239,4.9,-241682,-6.6,-3041,-11.2,93,7.2,4815,7.2
"05117","5","2382","76","0","2025","A","N",8,0,0,0,0,0,0,"N",1.94,0,0,0,0,0,0,"N",0,0.0,0,0,0,0,0,0,0,0,0,0,0,0
"05119","5","2382","76","0","2025","A","",284,3586,250147292,33297189,295030,1342,69761,"",0.99,0.82,0.80,0.79,0.60,0.98,0.98,"",11,4.0,117,3.4,18053616,7.8,1132101,3.5,-42965,-12.7,56,4.4,2864,4.3
"05121","5","2382","76","0","2025","A","",11,25,1026726,229125,1107,792,41206,"",1.41,0.23,0.21,0.19,0.09,0.91,0.91,"",2,22.2,4,19.0,253834,32.8,59749,35.3,-282,-20.3,73,10.2,3808,10.2
"05123","5","2382","76","0","2025","A","",13,93,5015561,768934,2885,1039,54028,"",1.12,0.83,0.83,0.72,0.27,1.00,1.00,"",2,18.2,25,36.8,1261744,33.6,165459,27.4,-4607,-61.5,-29,-2.7,-1516,-2.7
"05125","5","2382","76","0","2025","A","",139,1424,92454852,13170771,76746,1248,64907,"",2.68,2.99,3.67,2.44,1.22,1.23,1.23,"",12,9.4,-3,-0.2,5673029,6.5,138404,1.1,-25232,-24.7,79,6.8,4111,6.8
"05127","5","2382","76","0","2025","A","N",1,0,0,0,0,0,0,"N",0.28,0,0,0,0,0,0,"N",0,0.0,0,0,0,0,0,0,0,0,0,0,0,0
"05129","5","2382","76","0","2025","A","N",1,0,0,0,0,0,0,"N",0.29,0,0,0,0,0,0,"N",0,0.0,0,0,0,0,0,0,0,0,0,0,0,0
"05131","5","2382","76","0","2025","A","",92,970,54321279,9250584,87769,1077,56011,"",1.24,0.86,0.79,0.78,0.68,0.92,0.92,"",-2,-2.1,-9,-0.9,1067463,2.0,485751,5.5,10251,13.2,31,3.0,1601,2.9
"05133","5","2382","76","0","2025","A","N",8,0,0,0,0,0,0,"N",1.24,0,0,0,0,0,0,"N",0,0.0,0,0,0,0,0,0,0,0,0,0,0,0
"05135","5","2382","76","0","2025","A","",10,113,6077948,1118140,56772,1031,53590,"",1.22,1.71,2.04,1.84,6.56,1.19,1.19,"",0,0.0,43,61.4,2819316,86.5,455929,68.8,14947,35.7,133,14.8,6871,14.7
"05137","5","2382","76","0","2025","A","",6,14,494731,149770,1847,660,34317,"",1.02,0.32,0.26,0.38,0.33,0.81,0.81,"",0,0.0,0,0.0,-41570,-7.8,-8903,-5.6,-422,-18.6,-55,-7.7,-2883,-7.8
"05139","5","2382","76","0","2025","A","",28,525,46051148,5464908,69738,1686,87647,"",1.20,1.96,2.52,1.84,1.97,1.29,1.29,"",2,7.7,11,2.1,4746582,11.5,-26879,-0.5,3234,4.9,139,9.0,7210,9.0
"05141","5","2382","76","0","2025","A","",11,27,1187803,258012,2603,841,43723,"",1.63,0.44,0.39,0.46,0.33,0.88,0.88,"",0,0.0,-37,-57.8,-1768578,-59.8,-427963,-62.4,-9208,-78.0,-48,-5.4,-2531,-5.5
"05143","5","2382","76","0","2025","A","",214,3558,249004724,32974448,322151,1346,69980,"",1.47,1.75,1.84,1.54,1.52,1.05,1.05,"",20,10.3,46,1.3,9587113,4.0,656043,2.0,-72191,-18.3,35,2.7,1817,2.7
"05145","5","2382","76","0","2025","A","",62,568,30600608,7044555,99534,1037,53898,"",1.68,1.28,1.33,1.69,1.85,1.04,1.04,"",-1,-1.6,-141,-19.9,-6259908,-17.0,-2405549,-25.5,-60425,-37.8,37,3.7,1884,3.6
"05147","5","2382","76","0","2025","A","N",4,0,0,0,0,0,0,"N",1.09,0,0,0,0,0,0,"N",0,0.0,0,0,0,0,0,0,0,0,0,0,0,0
"05149","5","2382","76","0","2025","A","",18,101,4769646,954210,8852,911,47381,"",2.15,0.94,0.94,0.94,1.51,1.00,1.00,"",1,5.9,-3,-2.9,53642,1.1,-14923,-1.5,630,7.7,41,4.7,2144,4.7
"05999","5","2382","76","0","2025","A","",438,1195,101769556,16244093,262608,1637,85139,"",0.89,1.22,1.05,1.14,0.76,0.86,0.86,"",52,13.5,-583,-32.8,-59942831,-37.1,-6872873,-29.7,-458013,-63.6,-113,-6.5,-5838,-6.4
"06000","5","2382","56","0","2025","A","",25398,259643,25431226358,2607618998,119066236,1884,97947,"",0.69,0.85,0.79,0.78,0.70,0.93,0.93,"",804,3.3,-2875,-1.1,309730485,1.2,-45476823,-1.7,5348731,4.7,44,2.4,2253,2.4
"06001","5","2382","76","0","2025","A","",897,14504,1747023754,143173696,6995961,2316,120448,"",0.62,1.11,1.20,1.01,1.00,1.08,1.09,"",21,2.4,-808,-5.3,-10151892,-0.6,-9335947,-6.1,-153179,-2.1,109,4.9,5692,5.0
"06005","5","2382","76","0","2025","A","",26,121,11758636,1174594,50868,1875,97515,"",0.98,0.59,0.86,0.71,0.61,1.45,1.46,"",1,4.0,7,6.1,4629022,64.9,-21952,-1.8,13235,35.2,671,55.7,34929,55.8
"06007","5","2382","76","0","2025","A","",138,876,61815357,8264620,371054,1357,70552,"",0.78,0.67,0.73,0.69,0.59,1.09,1.09,"",5,3.8,-42,-4.6,856438,1.4,-508602,-5.8,17105,4.8,80,6.3,4172,6.3
"06009","5","2382","76","0","2025","A","",41,235,17755213,2216873,88874,1451,75474,"",1.43,1.39,1.60,1.41,1.03,1.15,1.15,"",0,0.0,2,0.9,1140943,6.9,8656,0.4,-1156,-1.3,77,5.6,4040,5.7
"06011","5","2382","76","0","2025","A","",9,45,3801408,400127,10539,1613,83855,"",0.44,0.28,0.36,0.20,0.08,1.25,1.25,"",-1,-10.0,-3,-6.2,274909,7.8,-91053,-18.5,-3987,-27.4,185,13.0,9613,12.9
"06013","5","2382","76","0","2025","A","",679,6556,708021649,69950788,3254711,2077,107990,"",0.86,1.05,1.19,1.02,1.01,1.14,1.14,"",24,3.7,-995,-13.2,-76519401,-9.8,-12233061,-14.9,-397413,-10.9,79,4.0,4088,3.9
"06015","5","2382","76","0","2025","A","",10,75,4592640,615749,19447,1178,61235,"",0.59,0.54,0.52,0.57,0.34,0.97,0.97,"",0,0.0,7,10.3,777906,20.4,-58075,-8.6,-3452,-15.1,103,9.6,5341,9.6
"06017","5","2382","76","0","2025","A","",195,2402,182201076,22756318,977247,1458,75841,"",1.50,2.43,2.47,2.14,1.73,1.02,1.02,"",9,4.8,-278,-10.4,-9663380,-5.0,-3748619,-14.1,-48597,-4.7,81,5.9,4261,6.0
"06019","5","2382","76","0","2025","A","",503,6681,529077337,64596544,3256431,1523,79186,"",0.58,0.93,1.12,0.85,0.75,1.20,1.20,"",21,4.4,-329,-4.7,-8570865,-1.6,-4227421,-6.1,85447,2.7,48,3.3,2487,3.2
"06021","5","2382","76","0","2025","A","N",11,0,0,0,0,0,0,"N",0.43,0,0,0,0,0,0,"N",1,10.0,0,0,0,0,0,0,0,0,0,0,0,0
"06023","5","2382","76","0","2025","A","",93,530,40383151,5043546,190595,1466,76219,"",0.65,0.61,0.74,0.65,0.50,1.22,1.22,"",-1,-1.1,4,0.8,1648042,4.3,-395806,-7.3,-5175,-2.6,49,3.5,2543,3.5
"06025","5","2382","76","0","2025","A","",72,662,48966204,7094180,369898,1423,73995,"",0.37,0.58,0.70,0.61,0.51,1.21,1.21,"",2,2.9,-19,-2.8,1361951,2.9,-107664,-1.5,7405,2.0,78,5.8,4066,5.8
"06027","5","2382","76","0","2025","A","",15,91,7324547,955269,35609,1552,80711,"",0.92,0.71,0.84,0.80,0.64,1.19,1.19,"",3,25.0,-15,-14.2,-1851050,-20.2,-221949,-18.9,-9616,-21.3,-114,-6.8,-5919,-6.8
"06029","5","2382","76","0","2025","A","",432,5109,419027675,50080044,2515406,1577,82022,"",0.76,0.88,1.08,0.78,0.64,1.22,1.22,"",5,1.2,89,1.8,29527477,7.6,-400862,-0.8,169834,7.2,85,5.7,4436,5.7
"06031","5","2382","76","0","2025","A","",51,417,32385274,4050123,162069,1494,77709,"",0.48,0.48,0.60,0.48,0.31,1.25,1.25,"",3,6.2,43,11.5,4010977,14.1,558641,16.0,35169,27.7,35,2.4,1859,2.5
"06033","5","2382","76","0","2025","A","",41,157,12740135,1501493,64130,1561,81147,"",0.56,0.53,0.70,0.53,0.41,1.33,1.33,"",-4,-8.9,-18,-10.3,711171,5.9,-121535,-7.5,2815,4.6,236,17.8,12246,17.8
"06035","5","2382","76","0","2025","A","",10,57,3567511,538512,18018,1195,62134,"",0.71,0.38,0.37,0.62,0.38,0.95,0.95,"",0,0.0,7,14.0,651123,22.3,18874,3.6,-126,-0.7,84,7.6,4384,7.6
"06037","5","2382","76","0","2025","A","",5739,43608,3839233924,436518577,18397991,1693,88041,"",0.51,0.58,0.54,0.53,0.45,0.94,0.94,"",190,3.4,-125,-0.3,108512911,2.9,2025604,0.5,1287416,7.5,52,3.2,2734,3.2
"06039","5","2382","76","0","2025","A","",95,403,26443691,3790904,144293,1263,65685,"",0.84,0.42,0.43,0.35,0.21,1.04,1.04,"",0,0.0,-12,-2.9,74506,0.3,-139524,-3.5,-5590,-3.7,41,3.4,2132,3.4
"06041","5","2382","76","0","2025","A","",206,1523,157022147,14147852,577163,1982,103084,"",0.81,0.83,0.83,0.72,0.64,1.00,1.00,"",7,3.5,-86,-5.3,-9070227,-5.5,-2030761,-12.6,-42759,-6.9,-3,-0.2,-159,-0.2
"06043","5","2382","76","0","2025","A","",17,41,2188135,521083,16272,1028,53478,"",1.35,0.40,0.36,0.57,0.26,0.91,0.91,"",-1,-5.6,1,2.5,156763,7.7,55411,11.9,3068,23.2,47,4.8,2481,4.9
"06045","5","2382","76","0","2025","A","",56,274,17131617,2412956,88076,1205,62638,"",0.63,0.51,0.53,0.48,0.35,1.04,1.04,"",1,1.8,-3,-1.1,-472247,-2.7,-162600,-6.3,5800,7.0,-19,-1.6,-1010,-1.6
"06047","5","2382","76","0","2025","A","",112,836,55967716,8385085,390723,1287,66934,"",0.66,0.58,0.63,0.55,0.44,1.08,1.08,"",5,4.7,17,2.1,4298566,8.3,438796,5.5,37707,10.7,74,6.1,3833,6.1
"06049","5","2382","76","0","2025","A","N",5,0,0,0,0,0,0,"N",0.64,0,0,0,0,0,0,"N",0,0.0,0,0,0,0,0,0,0,0,0,0,0,0
"06051","5","2382","76","0","2025","A","",21,61,3416195,603250,21727,1081,56234,"",1.48,0.45,0.43,0.38,0.21,0.96,0.96,"",0,0.0,4,7.0,286859,9.2,17722,3.0,2805,14.8,19,1.8,1010,1.8
"06053","5","2382","76","0","2025","A","",278,1582,121428245,14939321,566961,1476,76740,"",0.89,0.48,0.53,0.39,0.23,1.11,1.11,"",8,3.0,19,1.2,5080031,4.4,-75654,-0.5,29039,5.4,44,3.1,2301,3.1
"06055","5","2382","76","0","2025","A","",96,681,66434620,6738243,305130,1876,97566,"",0.74,0.52,0.63,0.45,0.41,1.22,1.22,"",3,3.2,-11,-1.6,2567709,4.0,-262081,-3.7,992,0.3,100,5.6,5206,5.6
"06057","5","2382","76","0","2025","A","",124,689,48899652,8546814,323841,1365,70955,"",1.40,1.19,1.18,1.37,1.02,0.99,0.99,"",-4,-3.1,-57,-7.6,-4139304,-7.8,-510782,-5.6,8987,2.9,-3,-0.2,-175,-0.2
"06059","5","2382","76","0","2025","A","",2322,31287,3143253364,311423369,13593474,1932,100465,"",0.78,1.13,1.22,0.96,0.88,1.09,1.09,"",45,2.0,-75,-0.2,153408585,5.1,-273128,-0.1,339216,2.6,99,5.4,5132,5.4
"06061","5","2382","76","0","2025","A","",428,4623,393135496,45974866,2137485,1635,85034,"",1.35,1.47,1.52,1.34,1.25,1.03,1.03,"",11,2.6,-9,-0.2,15861191,4.2,288174,0.6,145293,7.3,69,4.4,3577,4.4
"06063","5","2382","76","0","2025","A","",18,61,4844859,794805,39936,1536,79860,"",0.97,0.55,0.64,0.76,0.59,1.17,1.17,"",1,5.9,11,22.0,1526768,46.0,308791,63.5,23400,141.5,262,20.6,13609,20.5
"06065","5","2382","76","0","2025","A","",1814,17320,1333031308,172567052,7374632,1480,76967,"",1.04,1.23,1.42,1.14,0.98,1.16,1.16,"",88,5.1,-520,-2.9,21955796,1.7,-10653236,-5.8,138216,1.9,67,4.7,3477,4.7
"06067","5","2382","76","0","2025","A","",932,13459,1264060800,135362469,6917022,1806,93918,"",0.64,1.10,1.16,1.26,1.28,1.05,1.05,"",29,3.2,-610,-4.3,1309243,0.1,-4896278,-3.5,177587,2.6,80,4.6,4162,4.6
"06069","5","2382","76","0","2025","A","",66,398,31537034,3829242,170592,1525,79322,"",1.67,1.27,1.52,1.15,0.87,1.19,1.19,"",4,6.5,-53,-11.8,-4533266,-12.6,-676043,-15.0,-3994,-2.3,-12,-0.8,-612,-0.8
"06071","5","2382","76","0","2025","A","",1231,11811,1086607034,120111921,5308083,1769,92002,"",0.79,0.83,1.10,0.82,0.75,1.33,1.33,"",56,4.8,-206,-1.7,20717049,1.9,-4128870,-3.3,164183,3.2,63,3.7,3304,3.7
"06073","5","2382","76","0","2025","A","",2269,27012,2457572044,267166350,12369613,1750,90980,"",0.86,1.05,1.03,1.01,0.95,0.98,0.98,"",64,2.9,173,0.6,125723400,5.4,3142010,1.2,791041,6.8,79,4.7,4097,4.7
"06075","5","2382","76","0","2025","A","",380,5289,737483446,60062657,3178712,2681,139431,"",0.29,0.45,0.30,0.46,0.45,0.65,0.65,"",10,2.7,372,7.6,28144959,4.0,2481474,4.3,294553,10.2,-94,-3.4,-4844,-3.4
"06077","5","2382","76","0","2025","A","",380,3434,320937229,35590217,1798080,1797,93461,"",0.85,0.71,0.95,0.69,0.65,1.34,1.34,"",4,1.1,-123,-3.5,14386570,4.7,-385634,-1.1,54814,3.1,139,8.4,7269,8.4
"06079","5","2382","76","0","2025","A","",250,1552,119779670,15516390,650927,1484,77157,"",1.08,0.76,0.84,0.74,0.68,1.10,1.10,"",-2,-0.8,15,1.0,7368935,6.6,791688,5.4,127707,24.4,78,5.5,4032,5.5
"06081","5","2382","76","0","2025","A","",488,4534,534516331,46211126,1946641,2267,117884,"",0.79,0.66,0.33,0.55,0.47,0.51,0.51,"",16,3.4,-89,-1.9,8460906,1.6,-628231,-1.3,38791,2.0,79,3.6,4091,3.6
"06083","5","2382","76","0","2025","A","",366,2406,196971221,23175863,923591,1574,81850,"",1.06,0.67,0.69,0.60,0.48,1.03,1.03,"",18,5.2,39,1.6,12497361,6.8,986272,4.4,66856,7.8,75,5.0,3917,5.0
"06085","5","2382","76","0","2025","A","",1087,18401,2862238074,207110915,10503583,2991,155545,"",0.66,0.98,0.66,0.95,0.98,0.67,0.67,"",23,2.2,-304,-1.6,-391546671,-12.0,-11007262,-5.0,594268,6.0,-354,-10.6,-18406,-10.6
"06087","5","2382","76","0","2025","A","",224,1377,113748312,12760288,537544,1588,82596,"",1.12,0.79,0.85,0.69,0.56,1.08,1.08,"",10,4.7,47,3.5,7964789,7.5,361302,2.9,95638,21.6,58,3.8,3060,3.8
"06089","5","2382","76","0","2025","A","",137,1009,68985731,10620594,463456,1315,68399,"",0.82,0.84,0.86,0.87,0.72,1.03,1.03,"",4,3.0,-1,-0.1,483040,0.7,-21448,-0.2,-15363,-3.2,10,0.8,541,0.8
"06091","5","2382","76","0","2025","A","N",2,0,0,0,0,0,0,"N",0.76,0,0,0,0,0,0,"N",1,100.0,0,0,0,0,0,0,0,0,0,0,0,0
"06093","5","2382","76","0","2025","A","",22,169,11495499,1498752,62968,1311,68155,"",0.65,0.73,0.81,0.64,0.46,1.12,1.11,"",-4,-15.4,0,0.0,-164893,-1.4,-32537,-2.1,2324,3.8,-14,-1.1,-739,-1.1
"06095","5","2382","76","0","2025","A","",231,2464,217816645,24149685,1214686,1700,88415,"",0.85,1.02,1.13,0.94,0.95,1.11,1.11,"",-2,-0.9,-51,-2.0,-105665,0.0,-1172611,-4.6,-11387,-0.9,34,2.0,1780,2.1
"06097","5","2382","76","0","2025","A","",558,4017,377395927,38612442,1681940,1807,93940,"",1.31,1.17,1.37,1.04,0.96,1.18,1.18,"",21,3.9,101,2.6,23363558,6.6,1388964,3.7,188386,12.6,68,3.9,3533,3.9
"06099","5","2382","76","0","2025","A","",309,3198,268165522,31491845,1500924,1613,83852,"",0.88,0.96,1.14,0.88,0.79,1.19,1.19,"",12,4.0,-9,-0.3,10397011,4.0,-464403,-1.5,28036,1.9,67,4.3,3475,4.3
"06101","5","2382","76","0","2025","A","",61,349,26314258,3632220,158940,1450,75399,"",0.73,0.63,0.77,0.56,0.41,1.21,1.21,"",2,3.4,-35,-9.1,-450367,-1.7,-144882,-3.8,21227,15.4,108,8.0,5624,8.1
"06103","5","2382","76","0","2025","A","",32,186,10750660,1663533,74070,1110,57722,"",0.68,0.57,0.50,0.51,0.38,0.88,0.88,"",2,6.7,22,13.4,621649,6.1,62134,3.9,5634,8.2,-78,-6.6,-4072,-6.6
"06105","5","2382","76","0","2025","A","N",4,0,0,0,0,0,0,"N",0.47,0,0,0,0,0,0,"N",0,0.0,0,0,0,0,0,0,0,0,0,0,0,0
"06107","5","2382","76","0","2025","A","",216,2564,204944740,23496028,1174928,1537,79939,"",0.74,0.88,1.18,0.70,0.56,1.34,1.34,"",12,5.9,115,4.7,25164521,14.0,791160,3.5,101324,9.4,125,8.9,6517,8.9
"06109","5","2382","76","0","2025","A","",54,240,15568361,2358621,84581,1246,64801,"",1.47,0.78,0.77,0.82,0.55,0.98,0.98,"",3,5.9,4,1.7,1367765,9.6,135497,6.1,12789,17.8,91,7.9,4735,7.9
"06111","5","2382","76","0","2025","A","",694,4462,350937132,44676980,1759181,1512,78646,"",1.11,0.80,0.80,0.73,0.60,1.00,1.00,"",24,3.6,157,3.6,32586867,10.2,2399234,5.7,249247,16.5,90,6.3,4703,6.4
"06113","5","2382","76","0","2025","A","",97,946,107764335,11235651,521981,2190,113906,"",0.61,0.52,0.68,0.69,0.61,1.31,1.31,"",-2,-2.0,-21,-2.2,22670152,26.6,1048858,10.3,73583,16.4,498,29.4,25908,29.4
"06115","5","2382","76","0","2025","A","",46,252,19249559,2907360,134714,1469,76387,"",1.10,0.72,0.72,1.12,0.96,1.01,1.01,"",5,12.2,25,11.0,2311746,13.6,675452,30.3,34391,34.3,35,2.4,1826,2.4
"06999","5","2382","76","0","2025","A","",708,8528,978446180,73916460,3542380,2206,114734,"",0.49,0.86,0.58,0.51,0.41,0.67,0.67,"N",54,8.3,0,0,0,0,0,0,0,0,0,0,0,0
"08000","5","2382","56","0","2025","A","",5531,57097,4793761038,1864788387,50527212,1615,83959,"",1.13,1.18,1.08,1.08,0.96,0.92,0.92,"",-15,-0.3,-1190,-2.0,174104741,3.8,166063627,9.8,10301294,25.6,91,6.0,4701,5.9
"08001","5","2382","76","0","2025","A","",532,9134,861813533,308055407,10446026,1815,94355,"",1.91,2.19,2.52,2.19,2.39,1.15,1.15,"",1,0.2,-35,-0.4,39437385,4.8,35091169,12.9,2240381,27.3,90,5.2,4662,5.2
"08003","5","2382","76","0","2025","A","",16,133,8189352,3677043,83844,1188,61768,"",1.31,0.97,1.09,0.92,0.89,1.12,1.12,"",0,0.0,6,4.7,-586537,-6.7,279687,8.2,19853,31.0,-141,-10.6,-7333,-10.6
"08005","5","2382","76","0","2025","A","",568,7528,651374520,250035365,5865083,1664,86533,"",1.11,1.32,1.18,1.18,0.91,0.90,0.89,"",-2,-0.4,-428,-5.4,-2116037,-0.3,18850089,8.2,1385109,30.9,84,5.3,4396,5.4
"08007","5","2382","76","0","2025","A","",20,178,14930172,6150243,190748,1618,84114,"",1.49,2.17,3.25,1.74,2.45,1.50,1.50,"",-4,-16.7,-38,-17.6,-3152165,-17.4,-258280,-4.0,22132,13.1,6,0.4,302,0.4
"08009","5","2382","76","0","2025","A","",3,15,754754,408587,11250,984,51170,"",1.25,0.77,0.87,0.54,1.11,1.14,1.14,"",0,0.0,1,7.1,139504,22.7,30678,8.1,-2411,-17.6,108,12.3,5596,12.3
"08011","5","2382","76","0","2025","A","N",2,0,0,0,0,0,0,"N",1.09,0,0,0,0,0,0,"N",0,0.0,0,0,0,0,0,0,0,0,0,0,0,0
"08013","5","2382","76","0","2025","A","",176,1771,141225238,57180851,1229839,1534,79751,"",0.48,0.55,0.40,0.53,0.35,0.72,0.72,"",-10,-5.4,-88,-4.7,2809984,2.0,4994444,9.6,242145,24.5,102,7.1,5294,7.1
"08014","5","2382","76","0","2025","A","",54,401,33535510,12670842,305579,1607,83543,"",0.77,0.59,0.38,0.45,0.30,0.64,0.64,"",4,8.0,31,8.4,5658948,20.3,2938945,30.2,104668,52.1,160,11.1,8286,11.0
"08015","5","2382","76","0","2025","A","",40,100,5591418,2673609,61683,1071,55682,"",1.63,0.64,0.60,0.52,0.47,0.94,0.94,"",0,0.0,0,0.0,147758,2.7,21102,0.8,4572,8.0,28,2.7,1471,2.7
"08017","5","2382","76","0","2025","A","N",1,0,0,0,0,0,0,"N",0.54,0,0,0,0,0,0,"N",0,0.0,0,0,0,0,0,0,0,0,0,0,0,0
"08019","5","2382","76","0","2025","A","",7,25,1715669,840951,37935,1324,68856,"",0.89,0.44,0.40,0.40,0.61,0.92,0.92,"",-1,-12.5,-1,-3.8,63805,3.9,53722,6.8,17563,86.2,110,9.1,5727,9.1
"08021","5","2382","76","0","2025","A","",10,33,1500390,886689,16759,883,45930,"",2.56,1.20,1.16,0.93,0.74,0.98,0.98,"",0,0.0,-5,-13.2,-144027,-8.8,-6842,-0.8,-2582,-13.3,53,6.4,2751,6.4
"08023","5","2382","76","0","2025","A","N",1,0,0,0,0,0,0,"N",0.44,0,0,0,0,0,0,"N",-1,-50.0,0,0,0,0,0,0,0,0,0,0,0,0
"08027","5","2382","76","0","2025","A","N",8,0,0,0,0,0,0,"N",1.95,0,0,0,0,0,0,"N",0,0.0,0,0,0,0,0,0,0,0,0,0,0,0
"08029","5","2382","76","0","2025","A","",42,323,23898759,9960972,229218,1423,74009,"",2.08,2.20,2.99,1.85,2.01,1.36,1.36,"",-1,-2.3,8,2.5,2846223,13.5,1336355,15.5,38799,20.4,136,10.6,7087,10.6
"08031","5","2382","76","0","2025","A","",422,6924,654591346,231975672,7224141,1818,94537,"",0.50,0.74,0.60,0.65,0.62,0.81,0.81,"",-9,-2.1,-170,-2.4,29185450,4.7,22693768,10.8,1856845,34.6,123,7.3,6378,7.2
"08033","5","2382","76","0","2025","A","N",1,0,0,0,0,0,0,"N",0.52,0,0,0,0,0,0,"N",0,0.0,0,0,0,0,0,0,0,0,0,0,0,0
"08035","5","2382","76","0","2025","A","",283,2468,203137259,79284628,1671653,1583,82295,"",0.89,0.99,0.84,0.83,0.57,0.85,0.85,"",-5,-1.7,-41,-1.6,3228419,1.6,6228477,8.5,268591,19.1,51,3.3,2608,3.3
"08037","5","2382","76","0","2025","A","",144,1070,90805590,34906234,838790,1631,84832,"",1.88,1.80,2.08,1.34,1.32,1.16,1.16,"",0,0.0,37,3.6,8260180,10.0,4479337,14.7,252744,43.1,94,6.1,4930,6.2
"08039","5","2382","76","0","2025","A","",46,219,13720495,6938970,147920,1204,62627,"",2.65,2.55,2.29,1.77,1.48,0.89,0.90,"",-2,-4.2,-33,-13.1,-1338282,-8.9,-256255,-3.6,20391,16.0,56,4.9,2929,4.9
"08041","5","2382","76","0","2025","A","",561,4974,371342254,162160562,4661901,1436,74652,"",1.14,0.97,0.94,0.98,0.92,0.97,0.97,"",-1,-0.2,-53,-1.1,20464477,5.8,17523348,12.1,517025,12.5,94,7.0,4853,7.0
"08043","5","2382","76","0","2025","A","",40,198,10652473,5748206,145082,1037,53937,"",1.83,0.81,0.70,0.99,0.87,0.87,0.87,"",-4,-9.1,-3,-1.5,445849,4.4,359107,6.7,13590,10.3,61,6.2,3200,6.3
"08045","5","2382","76","0","2025","A","",194,1231,89142462,38694762,791160,1393,72429,"",3.27,2.64,2.61,2.36,1.81,0.99,0.99,"",7,3.7,66,5.7,8831735,11.0,7415410,23.7,194753,32.7,68,5.1,3508,5.1
"08047","5","2382","76","0","2025","A","",8,16,1132187,554574,18698,1375,71507,"",1.79,0.20,0.19,0.14,0.25,0.95,0.95,"",-1,-11.1,2,14.3,277570,32.5,148451,36.6,11551,161.6,215,18.5,11181,18.5
"08049","5","2382","76","0","2025","A","",40,198,13641620,6097173,126930,1328,69042,"",2.06,1.45,1.67,1.13,1.05,1.16,1.16,"",6,17.6,19,10.6,681213,5.3,1102291,22.1,27632,27.8,-66,-4.7,-3430,-4.7
"08051","5","2382","76","0","2025","A","",43,158,10634630,4757775,82964,1294,67272,"",1.64,1.00,1.09,0.79,0.58,1.09,1.09,"",1,2.4,-2,-1.2,429898,4.2,206015,4.5,6110,8.0,69,5.6,3559,5.6
"08053","5","2382","76","0","2025","A","N",1,0,0,0,0,0,0,"N",0.66,0,0,0,0,0,0,"N",1,100.0,0,0,0,0,0,0,0,0,0,0,0,0
"08055","5","2382","76","0","2025","A","N",3,0,0,0,0,0,0,"N",0.78,0,0,0,0,0,0,"N",-1,-25.0,0,0,0,0,0,0,0,0,0,0,0,0
"08057","5","2382","76","0","2025","A","N",1,0,0,0,0,0,0,"N",0.56,0,0,0,0,0,0,"N",0,0.0,0,0,0,0,0,0,0,0,0,0,0,0
"08059","5","2382","76","0","2025","A","",637,7077,641907541,231897111,5950097,1744,90704,"",1.30,1.71,1.71,1.60,1.37,1.00,1.00,"",3,0.5,-273,-3.7,8419117,1.3,1412621,0.6,1266546,27.0,86,5.2,4511,5.2
"08061","5","2382","76","0","2025","A","N",2,0,0,0,0,0,0,"N",1.97,0,0,0,0,0,0,"N",1,100.0,0,0,0,0,0,0,0,0,0,0,0,0
"08063","5","2382","76","0","2025","A","N",6,0,0,0,0,0,0,"N",0.95,0,0,0,0,0,0,"N",-1,-14.3,0,0,0,0,0,0,0,0,0,0,0,0
"08065","5","2382","76","0","2025","A","",13,43,2888809,1383350,27941,1287,66922,"",2.29,0.87,0.84,0.69,0.64,0.96,0.96,"",-1,-7.1,-3,-6.5,-118439,-3.9,130145,10.4,588,2.1,39,3.1,2017,3.1
"08067","5","2382","76","0","2025","A","",83,565,39956071,17217293,418996,1359,70667,"",1.37,1.24,1.25,0.95,0.98,1.01,1.01,"",0,0.0,50,9.7,6168374,18.3,2996542,21.1,84937,25.4,98,7.8,5081,7.7
"08069","5","2382","76","0","2025","A","",373,3853,300549563,125590700,3027090,1500,77996,"",1.24,1.35,1.27,1.39,1.15,0.94,0.94,"",-3,-0.8,-91,-2.3,16549749,5.8,12768970,11.3,542607,21.8,115,8.3,5997,8.3
"08071","5","2382","76","0","2025","A","",10,50,2434964,1489759,27967,927,48217,"",0.91,0.65,0.62,0.56,0.51,0.95,0.95,"",0,0.0,2,4.2,330975,15.7,302915,25.5,8092,40.7,90,10.8,4686,10.8
"08073","5","2382","76","0","2025","A","N",3,0,0,0,0,0,0,"N",0.91,0,0,0,0,0,0,"N",0,0.0,0,0,0,0,0,0,0,0,0,0,0,0
"08075","5","2382","76","0","2025","A","",21,86,5154068,2467977,37444,1149,59757,"",1.67,0.66,0.69,0.69,0.38,1.04,1.04,"",2,10.5,2,2.4,922755,21.8,477530,24.0,12325,49.1,178,18.3,9284,18.4
"08077","5","2382","76","0","2025","A","",174,1543,109431395,45605674,1550146,1364,70914,"",1.57,1.38,1.51,1.38,1.50,1.10,1.10,"",-6,-3.3,47,3.1,13578433,14.2,6418463,16.4,339676,28.1,132,10.7,6834,10.7
"08079","5","2382","76","0","2025","A","N",1,0,0,0,0,0,0,"N",0.61,0,0,0,0,0,0,"N",0,0.0,0,0,0,0,0,0,0,0,0,0,0,0
"08081","5","2382","76","0","2025","A","",18,90,6196005,2730256,60113,1324,68844,"",1.97,1.18,1.26,1.05,1.09,1.06,1.06,"",-1,-5.3,3,3.4,340114,5.8,-99522,-3.5,-92052,-60.5,26,2.0,1341,2.0
"08083","5","2382","76","0","2025","A","",25,122,6144992,3217578,58508,968,50334,"",1.25,0.78,0.75,0.60,0.44,0.96,0.96,"",3,13.6,0,0.0,109038,1.8,232811,7.8,2025,3.6,13,1.4,655,1.3
"08085","5","2382","76","0","2025","A","",76,507,33140225,15185646,347115,1257,65344,"",2.24,1.74,1.88,1.64,1.25,1.08,1.08,"",4,5.6,41,8.8,5015651,17.8,2639443,21.0,90527,35.3,97,8.4,5023,8.3
"08087","5","2382","76","0","2025","A","",28,167,11604541,5223254,104327,1338,69592,"",1.61,0.76,0.83,0.71,0.59,1.10,1.10,"",1,3.7,7,4.4,663575,6.1,655802,14.4,22462,27.4,24,1.8,1282,1.9
"08089","5","2382","76","0","2025","A","",9,37,1603825,1040506,20409,835,43444,"",0.91,0.37,0.30,0.34,0.30,0.82,0.82,"",-3,-25.0,-1,-2.6,-133906,-7.7,48018,4.8,2754,15.6,-41,-4.7,-2086,-4.6
"08091","5","2382","76","0","2025","A","",8,25,1506290,697764,16799,1151,59853,"",1.05,0.68,0.72,0.42,0.42,1.05,1.05,"",-1,-11.1,-21,-45.7,-2251627,-59.9,-390122,-35.9,-21345,-56.0,-434,-27.4,-22588,-27.4
"08093","5","2382","76","0","2025","A","",38,103,7028085,3173836,52365,1316,68455,"",2.83,1.98,2.13,1.38,1.04,1.08,1.08,"",3,8.6,-5,-4.6,-160699,-2.2,410904,14.9,12856,32.5,38,3.0,1995,3.0
"08095","5","2382","76","0","2025","A","",4,11,557261,315914,6405,960,49904,"",1.10,0.37,0.33,0.26,0.36,0.88,0.88,"",1,33.3,-1,-8.3,-1266,-0.2,53873,20.6,3674,134.5,59,6.5,3035,6.5
"08097","5","2382","76","0","2025","A","",26,156,13233384,5174114,115148,1630,84784,"",0.65,0.53,0.50,0.36,0.28,0.94,0.94,"",-1,-3.7,-10,-6.0,-604990,-4.4,122179,2.4,14485,14.4,29,1.8,1546,1.9
"08099","5","2382","76","0","2025","A","",11,50,2390993,1452387,31339,921,47900,"",1.43,0.64,0.61,0.52,0.62,0.95,0.96,"",0,0.0,-15,-23.1,-243509,-9.2,19,0.0,9835,45.7,146,18.8,7576,18.8
"08101","5","2382","76","0","2025","A","",113,1090,72305190,33649660,1018642,1276,66365,"",1.50,1.06,1.11,1.15,1.07,1.05,1.05,"",-7,-5.8,13,1.2,7619673,11.8,4017753,13.6,125590,14.1,121,10.5,6323,10.5
"08103","5","2382","76","0","2025","A","N",5,0,0,0,0,0,0,"N",0.96,0,0,0,0,0,0,"N",2,66.7,0,0,0,0,0,0,0,0,0,0,0,0
"08105","5","2382","76","0","2025","A","",15,37,1603832,962502,17700,835,43445,"",1.55,0.50,0.40,0.38,0.25,0.79,0.79,"",2,15.4,5,15.6,217728,15.7,176998,22.5,2585,17.1,0,0.0,16,0.0
"08107","5","2382","76","0","2025","A","",72,335,23212061,9973652,241921,1334,69359,"",1.75,1.23,1.22,0.95,0.87,0.99,0.99,"",2,2.9,24,7.7,2924700,14.4,1717389,20.8,38945,19.2,80,6.4,4126,6.3
"08109","5","2382","76","0","2025","A","",5,16,582856,411298,11655,686,35685,"",1.10,0.57,0.43,0.34,0.48,0.74,0.74,"",-1,-16.7,-1,-5.9,-76255,-11.6,-65806,-13.8,-419,-3.5,-52,-7.0,-2710,-7.1
"08111","5","2382","76","0","2025","A","N",1,0,0,0,0,0,0,"N",0.53,0,0,0,0,0,0,"N",0,0.0,0,0,0,0,0,0,0,0,0,0,0,0
"08113","5","2382","76","0","2025","A","",18,136,9966878,4194150,94447,1411,73376,"",1.16,1.34,1.49,0.81,0.62,1.11,1.11,"",-1,-5.3,-7,-4.9,289130,3.0,461959,12.4,-5678,-5.7,109,8.4,5660,8.4
"08115","5","2382","76","0","2025","A","N",2,0,0,0,0,0,0,"N",1.09,0,0,0,0,0,0,"N",0,0.0,0,0,0,0,0,0,0,0,0,0,0,0
"08117","5","2382","76","0","2025","A","",68,338,26048722,10402556,202819,1480,76972,"",1.40,0.90,1.06,0.72,0.56,1.18,1.18,"",-4,-5.6,6,1.8,1590250,6.5,1111008,12.0,38017,23.1,62,4.4,3246,4.4
"08119","5","2382","76","0","2025","A","",22,78,4407211,2227753,43207,1091,56745,"",1.06,0.58,0.54,0.45,0.40,0.95,0.95,"",0,0.0,-2,-2.5,251022,6.0,245302,12.4,7855,22.2,94,9.4,4901,9.5
"08121","5","2382","76","0","2025","A","N",2,0,0,0,0,0,0,"N",0.66,0,0,0,0,0,0,"N",1,100.0,0,0,0,0,0,0,0,0,0,0,0,0
"08123","5","2382","76","0","2025","A","",352,3209,244020927,105200124,2514557,1462,76037,"",1.84,1.56,1.56,1.37,1.18,1.00,1.00,"",10,2.9,-164,-4.9,4058175,1.7,7174035,7.3,576761,29.8,94,6.9,4902,6.9
"08125","5","2382","76","0","2025","A","",9,34,1740840,932878,11680,977,50827,"",1.08,0.50,0.47,0.33,0.26,0.92,0.92,"",-1,-10.0,0,0.0,158470,10.0,132986,16.6,2726,30.4,84,9.4,4400,9.5
"08999","5","2382","76","0","2025","A","",11,104,13070575,5388473,236419,2417,125679,"",0.13,0.20,0.16,0.19,0.24,0.80,0.80,"",-1,-8.3,-43,-29.3,-6004554,-31.5,-246327,-4.4,-33016,-12.3,-86,-3.4,-4453,-3.4
"09000","5","2382","56","0","2025","A","",3118,24658,2248649898,760035907,22612998,1754,91193,"",1.07,0.87,0.80,0.91,0.89,0.92,0.92,"",7,0.2,470,1.9,152514466,7.3,52987901,7.5,3368142,17.5,87,5.2,4531,5.2
"09110","5","2382","76","0","2025","A","",768,8482,830186677,261758237,7877868,1882,97874,"",1.05,0.95,1.01,1.01,1.01,1.06,1.06,"",10,1.3,408,5.1,80524556,10.7,24990342,10.6,1203666,18.0,97,5.4,5031,5.4
"09120","5","2382","76","0","2025","A","",217,1715,158279532,52197778,1371339,1775,92296,"",1.00,0.89,0.97,0.96,0.79,1.09,1.09,"",-11,-4.8,-101,-5.6,1148462,0.7,363681,0.7,94316,7.4,111,6.7,5754,6.6
"09130","5","2382","76","0","2025","A","",178,1414,137172312,45275149,1201491,1866,97016,"",1.32,1.14,1.39,1.30,1.11,1.22,1.22,"",7,4.1,72,5.4,19286398,16.4,6519152,16.8,304488,33.9,176,10.4,9156,10.4
"09140","5","2382","76","0","2025","A","",432,3338,288009654,104227268,3086689,1660,86295,"",1.62,1.25,1.36,1.28,1.20,1.09,1.09,"",5,1.2,99,3.1,20252417,7.6,7907521,8.2,513977,20.0,70,4.4,3630,4.4
"09150","5","2382","76","0","2025","A","",90,230,16129729,6774215,126869,1346,70002,"",1.52,0.47,0.51,0.49,0.31,1.06,1.06,"",0,0.0,-97,-29.7,-6155687,-27.6,-3029479,-30.9,-241829,-65.6,35,2.7,1816,2.7
"09160","5","2382","76","0","2025","A","",162,742,57419313,21624495,329525,1489,77428,"",1.75,1.17,1.25,1.26,0.61,1.07,1.07,"",7,4.5,43,6.2,5466874,10.5,2324538,12.0,12382,3.9,61,4.3,3148,4.2
"09170","5","2382","76","0","2025","A","",447,3742,331323828,115002041,3902627,1703,88540,"",1.08,0.80,0.82,0.97,1.05,1.02,1.02,"",-5,-1.1,116,3.2,24633744,8.0,11053624,10.6,573248,17.2,76,4.7,3948,4.7
"09180","5","2382","76","0","2025","A","",202,1106,91805624,33575922,1058267,1597,83019,"",1.12,0.52,0.53,0.57,0.65,1.03,1.03,"",6,3.1,44,4.1,9309456,11.3,3243551,10.7,257596,32.2,104,7.0,5363,6.9
"09190","5","2382","76","0","2025","A","",549,3534,296481231,107355037,3124318,1613,83898,"",0.83,0.73,0.41,0.67,0.65,0.57,0.57,"",13,2.4,-104,-2.9,-3487941,-1.2,-1191990,-1.1,503165,19.2,27,1.7,1434,1.7
"09999","5","2382","76","0","2025","A","",73,356,41841998,12245765,534005,2261,117589,"",0.46,0.46,0.31,0.35,0.45,0.68,0.68,"",-25,-25.5,-9,-2.5,1536187,3.8,806961,7.1,147133,38.0,137,6.5,7137,6.5
"10000","2","2382","56","0","2025","A","N",1,0,0,0,0,0,0,"N",253.72,0,0,0,0,0,0,"N",0,0.0,0,0,0,0,0,0,0,0,0,0,0,0
"10000","5","2382","56","0","2025","A","",984,8706,693599346,136662488,985389,1532,79671,"",1.05,1.08,1.05,1.01,0.69,0.97,0.97,"",10,1.0,220,2.6,26991199,4.0,17579608,14.8,160829,19.5,21,1.4,1118,1.4
"10001","5","2382","76","0","2025","A","",145,901,65950173,13643268,85587,1408,73210,"",1.21,0.76,0.84,0.83,0.47,1.11,1.11,"",-1,-0.7,9,1.0,3597710,5.8,2002037,17.2,18922,28.4,64,4.8,3328,4.8
"10003","5","2382","76","0","2025","A","",521,5609,476984292,88887200,613162,1635,85039,"",0.92,1.10,1.02,1.04,0.68,0.93,0.93,"",9,1.8,237,4.4,29155544,6.5,15476548,21.1,101038,19.7,32,2.0,1679,2.0
"10005","5","2382","76","0","2025","A","",292,2074,135296781,32061772,273036,1255,65237,"",1.27,1.29,1.35,1.09,0.87,1.05,1.04,"",2,0.7,50,2.5,5481363,4.2,4513640,16.4,61438,29.0,21,1.7,1088,1.7
"10999","2","2382","76","0","2025","A","N",1,0,0,0,0,0,0,"N",11133.20,0,0,0,0,0,0,"N",0,0.0,0,0,0,0,0,0,0,0,0,0,0,0
"10999","5","2382","76","0","2025","A","",27,122,15368100,2070248,13604,2421,125882,"",1.27,0.89,0.95,0.68,0.44,1.06,1.06,"",1,3.8,-76,-38.4,-11243418,-42.3,-4412617,-68.1,-20569,-60.2,-165,-6.4,-8576,-6.4
"11000","5","2382","56","0","2025","A","",224,4267,432273765,56405957,1349270,1948,101306,"",0.22,0.34,0.25,0.44,0.32,0.72,0.72,"",2,0.9,95,2.3,23253599,5.7,2024161,3.7,88180,7.0,63,3.3,3271,3.3
"11001","5","2382","76","0","2025","A","",224,4267,432273765,56405957,1349270,1948,101306,"",0.22,0.34,0.25,0.44,0.32,0.72,0.72,"",2,0.9,95,2.3,23253599,5.7,2024161,3.7,88180,7.0,63,3.3,3271,3.3
"12000","3","2382","56","0","2025","A","",1,9,473459,95287,2573,1051,54630,"",0.28,0.33,0.26,10.01,40.55,0.83,0.83,"",-1,-50.0,3,50.0,136700,40.6,4245,4.7,116,4.7,15,1.4,749,1.4
"12000","5","2382","56","0","2025","A","",19715,195527,13708407727,1934130311,11100455,1348,70110,"",1.16,1.18,1.05,1.01,0.66,0.89,0.89,"",393,2.0,4544,2.4,907647640,7.1,43018887,2.3,-4692019,-29.7,59,4.6,3084,4.6
"12001","5","2382","76","0","2025","A","",166,2217,139505637,20999139,69473,1210,62914,"",1.04,0.94,0.82,1.04,0.49,0.88,0.88,"",0,0.0,63,2.9,12452319,9.8,1233936,6.2,-54120,-43.8,76,6.7,3943,6.7
"12003","5","2382","76","0","2025","A","",11,75,3607589,727758,3412,923,47995,"",1.07,0.60,0.56,0.64,0.43,0.93,0.93,"",-2,-15.4,5,7.1,573574,18.9,61934,9.3,-2931,-46.2,92,11.1,4806,11.1
"12005","5","2382","76","0","2025","A","",211,2065,136988698,20139695,83902,1276,66352,"",1.58,1.49,1.63,1.28,0.70,1.10,1.10,"",1,0.5,11,0.5,11739319,9.4,-733147,-3.5,-77045,-47.9,103,8.8,5381,8.8
"12007","5","2382","76","0","2025","A","",20,103,5641060,1030625,3732,1053,54768,"",1.84,0.64,0.83,0.58,0.45,1.30,1.30,"",2,11.1,12,13.2,949685,20.2,50766,5.2,-3909,-51.2,62,6.3,3214,6.2
"12009","5","2382","76","0","2025","A","",515,5547,371816535,54050416,338243,1289,67031,"",1.40,1.36,1.19,1.20,0.98,0.87,0.87,"",-3,-0.6,70,1.3,16024175,4.5,38676,0.1,-223124,-39.7,40,3.2,2068,3.2
"12011","5","2382","76","0","2025","A","",1811,17001,1243467204,164453206,975673,1407,73140,"",1.15,1.18,1.06,0.98,0.64,0.90,0.90,"",25,1.4,418,2.5,76734530,6.6,2940296,1.8,-638136,-39.5,54,4.0,2781,4.0
"12013","5","2382","76","0","2025","A","",7,24,1200182,210086,656,965,50182,"",1.37,0.44,0.46,0.46,0.19,1.04,1.04,"",-2,-22.2,-17,-41.5,-714577,-37.3,-171588,-45.0,-2070,-75.9,60,6.6,3098,6.6
"12015","5","2382","76","0","2025","A","",234,1498,91810080,15554185,74954,1179,61295,"",2.00,1.57,1.60,1.39,0.88,1.02,1.02,"",11,4.9,80,5.6,7984932,9.5,981206,6.7,-57232,-43.3,42,3.7,2183,3.7
"12017","5","2382","76","0","2025","A","",121,913,55223335,8719067,42855,1163,60458,"",1.68,1.55,1.71,1.34,0.81,1.10,1.10,"",-5,-4.0,-49,-5.1,963910,1.8,-193689,-2.2,-17344,-28.8,79,7.3,4080,7.2
"12019","5","2382","76","0","2025","A","",156,1082,70528054,11345418,62363,1254,65188,"",1.48,1.12,1.10,1.00,0.64,0.98,0.98,"",6,4.0,38,3.6,3103143,4.6,496014,4.6,-6347,-9.2,13,1.0,636,1.0
"12021","5","2382","76","0","2025","A","",522,4640,305675116,46663921,177027,1267,65874,"",1.44,1.61,1.39,1.31,0.62,0.86,0.86,"",24,4.8,-99,-2.1,6460979,2.2,-401472,-0.9,-101368,-36.4,53,4.4,2736,4.3
"12023","5","2382","76","0","2025","A","",43,413,26589246,4182451,12055,1238,64381,"",1.24,1.00,1.11,0.98,0.41,1.11,1.11,"",3,7.5,50,13.8,5646024,27.0,732224,21.2,-2559,-17.5,129,11.6,6726,11.7
"12027","5","2382","76","0","2025","A","",20,82,3634919,797677,10176,851,44238,"",1.34,0.50,0.39,0.43,0.67,0.78,0.78,"",4,25.0,16,24.2,927341,34.2,214921,36.9,1130,12.5,62,7.9,3214,7.8
"12029","5","2382","76","0","2025","A","",3,22,1297239,273539,651,1113,57869,"",0.57,0.44,0.50,0.58,0.28,1.11,1.11,"",-1,-25.0,-1,-4.3,2154,0.2,-42393,-13.4,-4439,-87.2,10,0.9,522,0.9
"12031","5","2382","76","0","2025","A","",784,15077,1172581353,146208396,809449,1496,77773,"",1.17,1.61,1.52,1.38,0.96,0.95,0.95,"",32,4.3,1229,8.9,177082082,17.8,13401472,10.1,-231399,-22.2,114,8.2,5887,8.2
"12033","5","2382","76","0","2025","A","",242,3253,238101440,31440800,117782,1408,73194,"",1.29,1.33,1.42,1.22,0.51,1.07,1.07,"",10,4.3,-25,-0.8,13646785,6.1,-269228,-0.8,-55378,-32.0,91,6.9,4711,6.9
"12035","5","2382","76","0","2025","A","",92,603,32717027,5848076,15989,1044,54295,"",1.38,1.26,1.19,1.17,0.41,0.95,0.95,"",0,0.0,-33,-5.2,-864131,-2.6,-296393,-4.8,-10949,-40.6,28,2.8,1488,2.8
"12037","5","2382","76","0","2025","A","",14,106,4490234,925104,9677,814,42327,"",1.73,1.81,1.54,1.58,2.18,0.85,0.85,"",-1,-6.7,2,1.9,60126,1.4,-73963,-7.4,944,10.8,-4,-0.5,-202,-0.5
"12039","5","2382","76","0","2025","A","",24,70,2831779,609634,4333,772,40167,"",1.40,0.27,0.20,0.19,0.12,0.74,0.74,"",2,9.1,4,6.1,377160,15.4,82030,15.5,-685,-13.7,58,8.1,3023,8.1
"12041","5","2382","76","0","2025","A","",18,100,5449901,900520,3627,1050,54590,"",2.37,1.56,1.59,1.51,0.80,1.02,1.02,"",0,0.0,1,1.0,505557,10.2,-10360,-1.1,-2224,-38.0,90,9.4,4689,9.4
"12043","5","2382","76","0","2025","A","N",6,0,0,0,0,0,0,"N",1.49,0,0,0,0,0,0,"N",1,20.0,0,0,0,0,0,0,0,0,0,0,0,0
"12045","5","2382","76","0","2025","A","",23,128,6335042,1106160,4955,954,49589,"",2.21,1.67,1.35,1.44,0.57,0.81,0.81,"",1,4.5,-19,-12.9,-170408,-2.6,-438738,-28.4,-524,-9.6,104,12.2,5409,12.2
"12047","5","2382","76","0","2025","A","N",3,0,0,0,0,0,0,"N",0.60,0,0,0,0,0,0,"N",0,0.0,0,0,0,0,0,0,0,0,0,0,0,0
"12049","5","2382","76","0","2025","A","",12,54,2223329,558362,3531,795,41364,"",1.03,0.45,0.35,0.43,0.31,0.78,0.78,"",1,9.1,1,1.9,-60593,-2.7,31258,5.9,-1162,-24.8,-31,-3.8,-1594,-3.7
"12051","5","2382","76","0","2025","A","",31,221,12774471,2277273,6340,1113,57890,"",1.47,1.04,0.96,0.98,0.22,0.93,0.93,"",4,14.8,41,22.8,2749748,27.4,546372,31.6,-6115,-49.1,43,4.0,2249,4.0
"12053","5","2382","76","0","2025","A","",159,912,53401994,8896606,45196,1126,58555,"",1.75,1.08,1.12,0.93,0.63,1.04,1.04,"",-2,-1.2,-14,-1.5,1636540,3.2,-200318,-2.2,-27024,-37.4,50,4.6,2623,4.7
"12055","5","2382","76","0","2025","A","",61,539,28286158,4947983,16624,1010,52520,"",1.21,1.12,1.08,1.03,0.44,0.96,0.96,"",-3,-4.7,3,0.6,629075,2.3,187240,3.9,-1732,-9.4,17,1.7,889,1.7
"12057","5","2382","76","0","2025","A","",1303,15496,1183072899,157772393,900080,1468,76349,"",1.16,1.17,1.05,1.02,0.74,0.90,0.90,"",-5,-0.4,250,1.6,53260997,4.7,4110938,2.7,-347788,-27.9,43,3.0,2242,3.0
"12059","5","2382","76","0","2025","A","",18,121,5553224,1019600,5748,880,45737,"",2.34,1.99,1.91,2.21,1.46,0.96,0.96,"",1,5.9,17,16.3,1130759,25.6,66718,7.0,459,8.7,64,7.8,3315,7.8
"12061","5","2382","76","0","2025","A","",162,1377,86333100,13439904,41257,1206,62693,"",1.41,1.43,1.30,1.25,0.47,0.91,0.91,"",8,5.2,-26,-1.9,4263350,5.2,29600,0.2,-32338,-43.9,81,7.2,4183,7.1
"12063","5","2382","76","0","2025","A","",27,402,33770541,4351114,11055,1616,84006,"",1.36,1.67,2.54,2.09,0.67,1.52,1.52,"",1,3.8,31,8.4,3559679,11.8,458458,11.8,-3627,-24.7,49,3.1,2502,3.1
"12065","5","2382","76","0","2025","A","",12,47,2097708,435808,1255,852,44318,"",1.61,0.95,0.79,0.87,0.31,0.82,0.82,"",0,0.0,9,23.7,412623,24.5,86895,24.9,-2744,-68.6,10,1.2,550,1.3
"12067","5","2382","76","0","2025","A","N",4,0,0,0,0,0,0,"N",1.38,0,0,0,0,0,0,"N",0,0.0,0,0,0,0,0,0,0,0,0,0,0,0
"12069","5","2382","76","0","2025","A","",313,3486,240571530,32741771,129436,1327,69004,"",1.46,1.76,2.06,1.49,0.71,1.17,1.17,"",3,1.0,-64,-1.8,3191624,1.3,-930785,-2.8,-86826,-40.1,41,3.2,2136,3.2
"12071","5","2382","76","0","2025","A","",1086,10545,716009018,104182625,549009,1306,67899,"",1.91,2.09,2.05,1.71,0.89,0.98,0.98,"",62,6.1,280,2.7,47112674,7.0,670348,0.6,-191349,-25.8,53,4.2,2734,4.2
"12073","5","2382","76","0","2025","A","",237,2744,170693532,25428767,130667,1196,62199,"",1.11,0.99,0.87,1.08,0.71,0.88,0.88,"",2,0.9,138,5.3,18568791,12.2,907784,3.7,-23167,-15.1,73,6.5,3826,6.6
"12075","5","2382","76","0","2025","A","",36,187,11158232,2188142,22147,1150,59776,"",1.64,1.23,1.46,1.35,1.37,1.18,1.18,"",7,24.1,4,2.2,812952,7.9,230920,11.8,-1328,-5.7,61,5.6,3167,5.6
"12077","5","2382","76","0","2025","A","N",5,0,0,0,0,0,0,"N",1.92,0,0,0,0,0,0,"N",1,25.0,0,0,0,0,0,0,0,0,0,0,0,0
"12079","5","2382","76","0","2025","A","",15,55,2847905,525855,1739,996,51780,"",1.79,0.66,0.69,0.66,0.34,1.04,1.04,"",0,0.0,3,5.8,193846,7.3,8815,1.7,-2519,-59.2,16,1.6,822,1.6
"12081","5","2382","76","0","2025","A","",406,4104,295686298,48630657,323729,1386,72056,"",1.41,1.68,1.75,1.61,1.28,1.04,1.04,"",-2,-0.5,569,16.1,37795638,14.7,9344366,23.8,-71546,-18.1,-17,-1.2,-889,-1.2
"12083","5","2382","76","0","2025","A","",307,2792,164755184,26802046,147341,1135,59001,"",1.52,1.37,1.36,1.20,0.90,0.99,0.99,"",9,3.0,282,11.2,16424024,11.1,2096631,8.5,-9928,-6.3,-1,-0.1,-87,-0.1
"12085","5","2382","76","0","2025","A","",218,1870,116765471,17793442,115071,1201,62453,"",1.46,1.44,1.32,1.16,0.91,0.92,0.92,"",6,2.8,162,9.5,14578943,14.3,1145091,6.9,-40639,-26.1,50,4.3,2610,4.4
"12086","5","2382","76","0","2025","A","",2074,17522,1143858042,167490435,1068990,1255,65282,"",0.87,0.82,0.60,0.67,0.40,0.73,0.73,"",21,1.0,502,2.9,84339421,8.0,8508013,5.4,-513424,-32.4,58,4.8,3030,4.9
"12087","5","2382","76","0","2025","A","",142,956,60549666,9559270,40796,1218,63359,"",1.47,1.21,1.13,0.99,0.59,0.94,0.94,"",0,0.0,-5,-0.5,3198833,5.6,-302660,-3.1,-17436,-29.9,70,6.1,3670,6.1
"12089","5","2382","76","0","2025","A","",89,486,26056371,4820788,40847,1031,53623,"",1.52,1.05,0.87,0.97,0.88,0.83,0.83,"",3,3.5,43,9.7,2881151,12.4,582855,13.8,15950,64.1,25,2.5,1299,2.5
"12091","5","2382","76","0","2025","A","",192,1687,109263816,17541008,89732,1246,64784,"",1.31,1.13,1.05,1.11,0.82,0.93,0.93,"",4,2.1,16,1.0,6316633,6.1,146935,0.8,-2460,-2.7,61,5.1,3179,5.2
"12093","5","2382","76","0","2025","A","",44,256,13355817,2330222,10898,1001,52069,"",2.06,1.23,1.18,1.03,0.78,0.95,0.96,"",2,4.8,5,2.0,1072470,8.7,-185576,-7.4,-4847,-30.8,59,6.3,3083,6.3
"12095","5","2382","76","0","2025","A","",977,14373,1049130366,141306960,937188,1404,72992,"",0.91,0.90,0.86,0.78,0.70,0.95,0.95,"",-15,-1.5,-109,-0.8,45884373,4.6,-4868891,-3.3,-483946,-34.1,72,5.4,3718,5.4
"12097","5","2382","76","0","2025","A","",212,1179,69113443,11229864,65327,1127,58625,"",1.03,0.60,0.59,0.52,0.36,0.98,0.98,"",10,5.0,39,3.4,5676250,8.9,441516,4.1,-32819,-33.4,57,5.3,3003,5.4
"12099","5","2382","76","0","2025","A","",1453,12542,931184330,126327513,783231,1428,74245,"",1.06,1.12,0.93,0.90,0.62,0.83,0.83,"",17,1.2,-74,-0.6,39821258,4.5,1507199,1.2,-300724,-27.7,69,5.1,3593,5.1
"12101","5","2382","76","0","2025","A","",471,4274,258205867,41467200,220537,1162,60420,"",1.58,1.70,1.62,1.51,0.91,0.95,0.95,"",15,3.3,190,4.7,21522217,9.1,-77478,-0.2,-90236,-29.0,47,4.2,2463,4.2
"12103","5","2382","76","0","2025","A","",991,8756,603259745,87107976,522705,1325,68896,"",1.24,1.19,1.06,1.04,0.77,0.89,0.89,"",34,3.6,40,0.5,36696852,6.5,-765632,-0.9,-192999,-27.0,75,6.0,3892,6.0
"12105","3","2382","76","0","2025","A","",1,9,473459,95287,2573,1051,54630,"",14.06,12.33,12.41,376.85,1929.36,1.05,1.05,"",0,0.0,3,50.0,136700,40.6,4245,4.7,116,4.7,15,1.4,749,1.4
"12105","5","2382","76","0","2025","A","",465,4154,287334999,42721756,347066,1330,69162,"",1.38,0.94,1.03,0.84,0.98,1.10,1.10,"",11,2.4,169,4.2,26021574,10.0,1400536,3.4,-85100,-19.7,69,5.5,3581,5.5
"12107","5","2382","76","0","2025","A","",55,310,17354779,2984625,14240,1077,55983,"",1.78,1.05,1.01,0.98,0.56,0.96,0.96,"",-1,-1.8,-5,-1.6,441824,2.6,-68745,-2.3,-5634,-28.3,44,4.3,2263,4.2
"12109","5","2382","76","0","2025","A","",216,1621,114251391,16486609,77138,1355,70486,"",0.99,0.96,1.00,0.87,0.46,1.04,1.04,"",16,8.0,-111,-6.4,-1913705,-1.6,-1927802,-10.5,-54098,-41.2,65,5.0,3397,5.1
"12111","5","2382","76","0","2025","A","",343,2448,158692970,24772320,178795,1247,64839,"",1.95,1.59,1.73,1.44,1.24,1.09,1.09,"",10,3.0,275,12.7,26597551,20.1,3829853,18.3,-41686,-18.9,78,6.7,4059,6.7
"12113","5","2382","76","0","2025","A","",172,1273,73881554,13521195,111624,1116,58037,"",1.89,1.71,1.71,1.72,1.72,1.00,1.00,"",2,1.2,23,1.8,7970337,12.1,477547,3.7,7072,6.8,102,10.1,5297,10.0
"12115","5","2382","76","0","2025","A","",563,4882,326394324,47877070,258564,1286,66859,"",1.37,1.50,1.37,1.19,0.87,0.91,0.91,"",17,3.1,-205,-4.0,-1976019,-0.6,-1680989,-3.4,-70001,-21.3,45,3.6,2306,3.6
"12117","5","2382","76","0","2025","A","",438,8180,585569968,79972383,365500,1377,71585,"",1.25,2.28,2.21,1.94,1.07,0.97,0.97,"",6,1.4,45,0.6,23432575,4.2,-2025622,-2.5,-169742,-31.7,48,3.6,2482,3.6
"12119","5","2382","76","0","2025","A","",48,1155,74217765,11163745,45337,1236,64258,"",0.86,1.65,1.60,1.47,0.76,0.97,0.97,"",0,0.0,111,10.6,9536129,14.7,813109,7.9,-19084,-29.6,45,3.8,2312,3.7
"12121","5","2382","76","0","2025","A","",28,168,7351635,1646451,7986,839,43651,"",1.56,0.85,0.70,0.83,0.45,0.82,0.82,"",4,16.7,31,22.6,1284473,21.2,258636,18.6,-1122,-12.3,-15,-1.8,-770,-1.7
"12123","5","2382","76","0","2025","A","",14,64,3640752,719219,7936,1093,56813,"",1.53,0.70,0.74,0.76,1.00,1.06,1.06,"",2,16.7,-5,-7.2,-170179,-4.5,-112801,-13.6,-7221,-47.6,31,2.9,1582,2.9
"12125","5","2382","76","0","2025","A","",6,73,4091609,758720,774,1075,55922,"",1.43,1.24,1.19,2.38,0.40,0.96,0.96,"",-3,-33.3,-13,-15.1,-576906,-12.4,-115928,-13.3,-1604,-67.5,31,3.0,1637,3.0
"12127","5","2382","76","0","2025","A","",501,3765,243309116,36325931,175798,1243,64628,"",1.54,1.19,1.26,1.12,0.74,1.06,1.06,"",-17,-3.3,77,2.1,19328528,8.6,203235,0.6,-87690,-33.3,75,6.4,3897,6.4
"12129","5","2382","76","0","2025","A","",29,190,10203319,1673114,12983,1033,53702,"",2.32,1.69,1.66,1.65,1.45,0.98,0.98,"",-1,-3.3,6,3.3,795621,8.5,18887,1.1,1081,9.1,49,5.0,2550,5.0
"12131","5","2382","76","0","2025","A","",105,919,53800303,9677989,88599,1126,58563,"",1.28,1.55,1.41,1.33,1.37,0.91,0.91,"",10,10.5,70,8.2,4754675,9.7,797077,9.0,13490,18.0,15,1.4,794,1.4
"12133","5","2382","76","0","2025","A","",26,111,4917338,1086635,6118,851,44267,"",2.42,1.04,0.89,1.16,0.81,0.86,0.86,"",1,4.0,-20,-15.3,-160943,-3.2,-222524,-17.0,-2739,-30.9,108,14.5,5624,14.6
"12999","5","2382","76","0","2025","A","",603,4164,431896585,44922343,345464,1994,103713,"",0.46,0.51,0.40,0.37,0.24,0.80,0.80,"N",49,8.8,0,0,0,0,0,0,0,0,0,0,0,0
"13000","5","2382","56","0","2025","A","",7461,80829,6591572201,1086311485,12804713,1568,81550,"",0.97,0.99,1.02,0.92,0.73,1.03,1.03,"",149,2.0,3958,5.1,742306191,12.7,74683606,7.4,-400362,-3.0,105,7.2,5458,7.2
"13001","5","2382","76","0","2025","A","",15,211,12643115,2810982,23807,1155,60039,"",1.51,1.62,1.40,1.36,1.09,0.86,0.86,"",-1,-6.2,-9,-4.1,-222521,-1.7,-138348,-4.7,-28765,-54.7,31,2.8,1603,2.7
"13003","5","2382","76","0","2025","A","N",2,0,0,0,0,0,0,"N",0.79,0,0,0,0,0,0,"N",0,0.0,0,0,0,0,0,0,0,0,0,0,0,0
"13005","5","2382","76","0","2025","A","N",3,0,0,0,0,0,0,"N",0.53,0,0,0,0,0,0,"N",1,50.0,0,0,0,0,0,0,0,0,0,0,0,0
"13009","5","2382","76","0","2025","A","",21,163,10421345,2111300,25598,1226,63772,"",1.06,0.59,0.77,0.64,0.44,1.29,1.29,"",-2,-8.7,-2,-1.2,-106707,-1.0,87030,4.3,5820,29.4,2,0.2,126,0.2
"13011","5","2382","76","0","2025","A","",19,76,4407841,979063,9601,1113,57871,"",2.52,0.89,1.02,0.70,0.46,1.14,1.14,"",1,5.6,7,10.1,643600,17.1,135641,16.1,1899,24.7,63,6.0,3251,6.0
"13013","5","2382","76","0","2025","A","",71,512,39966288,6277680,54201,1503,78135,"",2.02,1.24,1.58,1.04,0.72,1.28,1.28,"",4,6.0,-25,-4.7,190474,0.5,-112203,-1.8,-917,-1.7,78,5.5,4042,5.5
"13015","5","2382","76","0","2025","A","",115,833,63534606,10780486,94626,1466,76234,"",1.93,1.05,1.20,0.88,0.55,1.14,1.14,"",5,4.5,-1,-0.1,5056282,8.6,453677,4.4,-1914,-2.0,117,8.7,6088,8.7
"13017","5","2382","76","0","2025","A","",8,54,3672179,610159,5832,1298,67483,"",1.12,0.57,0.77,0.49,0.39,1.34,1.33,"",0,0.0,-3,-5.3,278590,8.2,-110919,-15.4,867,17.5,156,13.7,8120,13.7
"13019","5","2382","76","0","2025","A","N",5,0,0,0,0,0,0,"N",0.79,0,0,0,0,0,0,"N",0,0.0,0,0,0,0,0,0,0,0,0,0,0,0
"13021","5","2382","76","0","2025","A","",79,1213,89547645,17540503,192439,1419,73798,"",0.85,0.91,1.07,1.00,0.85,1.18,1.18,"",-1,-1.2,-53,-4.2,-129204,-0.1,358212,2.1,-14478,-7.0,56,4.1,2935,4.1
"13023","5","2382","76","0","2025","A","",6,42,1902979,677664,33853,882,45855,"",1.36,0.77,0.67,1.07,2.79,0.88,0.88,"",1,20.0,5,13.5,169546,9.8,120656,21.7,11889,54.1,-13,-1.5,-680,-1.5
"13025","5","2382","76","0","2025","A","",15,109,6654726,1972724,49307,1174,61053,"",3.00,2.41,2.90,3.49,6.37,1.20,1.20,"",3,25.0,36,49.3,3029087,83.5,977018,98.1,30900,167.9,220,23.1,11443,23.1
"13027","5","2382","76","0","2025","A","N",3,0,0,0,0,0,0,"N",0.49,0,0,0,0,0,0,"N",-1,-25.0,0,0,0,0,0,0,0,0,0,0,0,0
"13029","5","2382","76","0","2025","A","",27,269,17242090,3735080,24000,1233,64097,"",1.21,1.21,1.26,0.96,0.26,1.04,1.04,"",1,3.8,-10,-3.6,469086,2.8,492241,15.2,4189,21.1,75,6.5,3907,6.5
"13031","5","2382","76","0","2025","A","",45,377,23436178,4879308,37576,1194,62096,"",1.16,0.78,0.91,0.78,0.49,1.16,1.16,"",-1,-2.2,8,2.2,2851672,13.9,359288,7.9,-685,-1.8,122,11.4,6374,11.4
"13033","5","2382","76","0","2025","A","",11,89,5736822,1303045,19308,1243,64640,"",1.15,0.73,0.53,0.81,1.11,0.73,0.73,"",1,10.0,-8,-8.2,-389415,-6.4,12166,0.9,-3068,-13.7,25,2.1,1320,2.1
"13035","5","2382","76","0","2025","A","",20,189,12108224,2540440,13789,1233,64093,"",1.86,1.33,1.56,1.26,0.50,1.17,1.17,"",2,11.1,105,125.0,7573496,167.0,1452282,133.5,-539,-3.8,192,18.4,9947,18.4
"13037","5","2382","76","0","2025","A","N",1,0,0,0,0,0,0,"N",0.40,0,0,0,0,0,0,"N",0,0.0,0,0,0,0,0,0,0,0,0,0,0,0
"13039","5","2382","76","0","2025","A","",16,102,5104908,1425038,23865,966,50212,"",0.67,0.38,0.30,0.48,0.52,0.81,0.81,"",-3,-15.8,4,4.1,-76235,-1.5,59221,4.3,4243,21.6,-56,-5.5,-2928,-5.5
"13043","5","2382","76","0","2025","A","",14,95,5109190,1422240,17744,1037,53923,"",2.58,1.78,1.95,2.07,1.96,1.10,1.10,"",1,7.7,3,3.3,457159,9.8,265552,23.0,-349,-1.9,68,7.0,3540,7.0
"13045","5","2382","76","0","2025","A","",93,1403,127689622,17913143,196296,1750,91006,"",1.72,1.82,2.51,1.78,1.60,1.38,1.38,"",4,4.5,41,3.0,7743407,6.5,1441286,8.7,70755,56.4,56,3.3,2940,3.3
"13047","5","2382","76","0","2025","A","",51,512,30793057,6723605,56630,1156,60133,"",2.06,1.87,2.19,1.74,1.17,1.17,1.18,"",8,18.6,45,9.6,5043802,19.6,969328,16.8,7359,14.9,95,9.0,4946,9.0
"13049","5","2382","76","0","2025","A","",4,20,702436,209218,2239,693,36022,"",1.10,0.55,0.36,0.41,0.55,0.68,0.68,"",-1,-20.0,0,0.0,-51259,-6.8,-6539,-3.0,1783,391.0,-17,-2.4,-894,-2.4
"13051","5","2382","76","0","2025","A","",190,2280,168538130,31145193,349337,1422,73931,"",0.89,0.79,0.83,0.72,0.60,1.05,1.05,"",-4,-2.1,-177,-7.2,-5860613,-3.4,-4219727,-11.9,-85882,-19.7,57,4.2,2955,4.2
"13053","5","2382","76","0","2025","A","N",3,0,0,0,0,0,0,"N",1.13,0,0,0,0,0,0,"N",0,0.0,0,0,0,0,0,0,0,0,0,0,0,0
"13055","5","2382","76","0","2025","A","",16,137,7563714,2078759,20752,1059,55042,"",2.05,1.61,1.80,2.03,2.08,1.11,1.11,"",2,14.3,13,10.5,610902,8.8,538515,35.0,5916,39.9,-17,-1.6,-916,-1.6
"13057","5","2382","76","0","2025","A","",270,1536,115471925,20985431,249913,1445,75153,"",1.67,1.24,1.52,1.21,1.05,1.22,1.22,"",12,4.7,116,8.2,17901258,18.3,2606322,14.2,55165,28.3,123,9.3,6417,9.3
"13059","5","2382","76","0","2025","A","",54,898,64045787,10799463,67647,1372,71354,"",0.69,0.73,0.80,0.85,0.43,1.10,1.10,"",0,0.0,24,2.7,2733290,4.5,-488686,-4.3,12847,23.4,23,1.7,1222,1.7
"13061","5","2382","76","0","2025","A","N",1,0,0,0,0,0,0,"N",0.67,0,0,0,0,0,0,"N",0,0.0,0,0,0,0,0,0,0,0,0,0,0,0
"13063","5","2382","76","0","2025","A","",74,881,69232985,10576757,143253,1511,78592,"",0.73,0.41,0.37,0.33,0.33,0.90,0.90,"",-3,-3.9,-231,-20.8,-14633115,-17.4,-4401794,-29.4,-53120,-27.1,60,4.1,3156,4.2
"13065","5","2382","76","0","2025","A","N",2,0,0,0,0,0,0,"N",0.58,0,0,0,0,0,0,"N",0,0.0,0,0,0,0,0,0,0,0,0,0,0,0
"13067","5","2382","76","0","2025","A","",512,12600,1206815163,163091378,2241114,1842,95782,"",0.92,1.98,2.19,1.64,1.64,1.11,1.11,"",10,2.0,824,7.0,177835482,17.3,10896773,7.2,-171481,-7.1,162,9.6,8400,9.6
"13069","5","2382","76","0","2025","A","",22,158,8530352,2459875,26861,1040,54075,"",1.11,0.53,0.53,0.56,0.61,1.00,1.00,"",0,0.0,0,0.0,317672,3.9,554674,29.1,9454,54.3,42,4.2,2178,4.2
"13071","5","2382","76","0","2025","A","",28,113,4700502,1364954,9249,802,41690,"",1.24,0.43,0.34,0.40,0.18,0.80,0.80,"",-2,-6.7,7,6.6,412748,9.6,12173,0.9,-2332,-20.1,23,3.0,1208,3.0
"13073","5","2382","76","0","2025","A","",116,1215,74062820,15145194,122455,1172,60965,"",1.65,1.70,1.87,1.54,0.88,1.10,1.10,"",3,2.7,32,2.7,6395968,9.5,308450,2.1,16503,15.6,72,6.5,3758,6.6
"13075","5","2382","76","0","2025","A","",9,66,3406872,1119567,7309,994,51685,"",1.11,0.87,0.90,1.03,0.45,1.03,1.03,"",-1,-10.0,6,10.0,508224,17.5,446064,66.2,5886,413.6,66,7.1,3441,7.1
"13077","5","2382","76","0","2025","A","",96,493,31562374,6491642,81412,1232,64043,"",1.30,0.60,0.62,0.54,0.49,1.04,1.04,"",6,6.7,21,4.4,2666966,9.2,-219686,-3.3,-801,-1.0,54,4.6,2781,4.5
"13079","5","2382","76","0","2025","A","",13,69,3887130,892593,11261,1081,56199,"",4.21,3.09,3.33,3.20,3.16,1.07,1.07,"",0,0.0,-16,-18.8,-550597,-12.4,-27992,-3.0,-5890,-34.3,76,7.6,3939,7.5
"13081","5","2382","76","0","2025","A","",9,65,4412117,739546,3376,1307,67966,"",0.77,0.46,0.60,0.43,0.14,1.31,1.31,"",0,0.0,-1,-1.5,-45288,-1.0,63042,9.3,1001,42.1,8,0.6,430,0.6
"13083","5","2382","76","0","2025","A","N",3,0,0,0,0,0,0,"N",0.47,0,0,0,0,0,0,"N",-1,-25.0,0,0,0,0,0,0,0,0,0,0,0,0
"13085","5","2382","76","0","2025","A","",22,176,11639291,2069448,21916,1270,66039,"",1.07,0.92,1.27,0.77,0.52,1.38,1.38,"",0,0.0,1,0.6,799962,7.4,9496,0.5,-3764,-14.7,81,6.8,4188,6.8
"13087","5","2382","76","0","2025","A","",18,191,11441455,2349313,15575,1153,59955,"",1.15,1.32,1.56,1.27,0.68,1.18,1.18,"",-3,-14.3,18,10.4,1569500,15.9,612373,35.3,463,3.1,54,4.9,2782,4.9
"13089","5","2382","76","0","2025","A","",277,4428,414812556,59774271,788859,1801,93669,"",0.60,0.85,0.91,0.91,0.80,1.08,1.08,"",5,1.8,226,5.4,44626254,12.1,3111356,5.5,89364,12.8,107,6.3,5566,6.3
"13091","5","2382","76","0","2025","A","",12,136,9233522,1802574,25816,1309,68060,"",1.62,1.62,2.39,1.90,2.61,1.47,1.47,"",0,0.0,12,9.7,1938915,26.6,471743,35.4,8782,51.6,175,15.4,9114,15.5
"13093","5","2382","76","0","2025","A","N",2,0,0,0,0,0,0,"N",0.45,0,0,0,0,0,0,"N",0,0.0,0,0,0,0,0,0,0,0,0,0,0,0
"13095","5","2382","76","0","2025","A","",39,670,48367440,8758592,105943,1389,72235,"",0.77,0.89,1.04,0.94,0.87,1.17,1.17,"",-1,-2.5,14,2.1,4198741,9.5,-810520,-8.5,-9634,-8.3,95,7.3,4939,7.3
"13097","5","2382","76","0","2025","A","",96,1142,96189320,15053957,209450,1619,84210,"",1.41,1.37,1.80,1.16,1.09,1.31,1.31,"",-2,-2.0,22,2.0,11033923,13.0,1263198,9.2,-10653,-4.8,156,10.7,8150,10.7
"13099","5","2382","76","0","2025","A","",4,49,4002793,1136649,83473,1563,81275,"",0.75,0.83,1.08,1.67,6.76,1.29,1.30,"",0,0.0,1,2.1,992312,33.0,336957,42.1,26553,46.6,359,29.8,18665,29.8
"13101","5","2382","76","0","2025","A","N",5,0,0,0,0,0,0,"N",4.48,0,0,0,0,0,0,"N",0,0.0,0,0,0,0,0,0,0,0,0,0,0,0
"13103","5","2382","76","0","2025","A","",60,408,25921598,5374570,82935,1223,63585,"",2.46,1.67,1.74,1.49,1.31,1.04,1.04,"",5,9.1,28,7.4,3195542,14.1,490128,10.0,5547,7.2,73,6.3,3766,6.3
"13105","5","2382","76","0","2025","A","",13,37,1524309,403116,5535,785,40830,"",1.22,0.37,0.30,0.29,0.39,0.79,0.79,"",0,0.0,-3,-7.5,-39990,-2.6,-17949,-4.3,-1831,-24.9,33,4.4,1723,4.4
"13107","5","2382","76","0","2025","A","",7,53,2663248,654533,13688,965,50171,"",0.75,0.44,0.43,0.43,0.68,0.98,0.98,"N",-1,-12.5,0,0,0,0,0,0,0,0,0,0,0,0
"13109","5","2382","76","0","2025","A","",11,133,9758899,2199610,34235,1413,73467,"",1.98,1.72,2.54,2.05,4.76,1.48,1.48,"",-1,-8.3,12,9.9,1595723,19.5,61184,2.9,1456,4.4,112,8.6,5816,8.6
"13111","5","2382","76","0","2025","A","",26,168,9504771,2037433,24175,1089,56632,"",1.58,1.31,1.49,1.01,0.78,1.14,1.14,"",1,4.0,3,1.8,55193,0.6,105635,5.5,7075,41.4,-15,-1.4,-754,-1.3
"13113","5","2382","76","0","2025","A","",109,993,79215373,16554389,138177,1534,79787,"",1.16,1.23,1.49,1.35,0.77,1.22,1.22,"",0,0.0,15,1.5,4137897,5.5,4471013,37.0,41912,43.5,58,3.9,3034,4.0
"13115","5","2382","76","0","2025","A","",45,366,21142925,4358127,81857,1111,57754,"",0.95,0.50,0.50,0.44,0.60,1.02,1.02,"",-5,-10.0,15,4.3,2333472,12.4,185110,4.4,8024,10.9,80,7.8,4166,7.8
"13117","5","2382","76","0","2025","A","",188,2208,186979525,29219118,281117,1628,84670,"",1.03,1.47,1.72,1.31,0.85,1.17,1.17,"",4,2.2,208,10.4,19810779,11.9,1705828,6.2,9846,3.6,21,1.3,1107,1.3
"13119","5","2382","76","0","2025","A","",20,142,9796228,2026465,26276,1329,69109,"",1.67,1.03,1.37,0.94,1.12,1.32,1.32,"",2,11.1,20,16.4,1403695,16.7,373169,22.6,6984,36.2,1,0.1,35,0.1
"13121","5","2382","76","0","2025","A","",624,6709,651902490,95673068,1287108,1869,97165,"",0.39,0.42,0.36,0.39,0.32,0.86,0.86,"",108,20.9,864,14.8,114234253,21.2,14930411,18.5,-81693,-6.0,100,5.7,5179,5.6
"13123","5","2382","76","0","2025","A","",25,123,5752459,1671716,29227,898,46705,"",1.51,0.89,0.84,0.86,1.14,0.95,0.95,"",0,0.0,5,4.2,-88283,-1.5,240262,16.8,-1983,-6.4,-52,-5.5,-2688,-5.4
"13125","5","2382","76","0","2025","A","N",0,0,0,0,0,0,0,"N",0.00,0,0,0,0,0,0,"N",0,0,0,0,0,0,0,0,0,0,0,0,0,0
"13127","5","2382","76","0","2025","A","",68,490,26826248,6809944,48259,1053,54747,"",1.05,0.68,0.60,0.71,0.36,0.89,0.89,"",-4,-5.6,2,0.4,1307251,5.1,711582,11.7,-1083,-2.2,47,4.7,2436,4.7
"13129","5","2382","76","0","2025","A","",36,303,17756251,4772814,37244,1127,58601,"",1.44,0.73,0.65,0.75,0.49,0.90,0.90,"",1,2.9,5,1.7,-181733,-1.0,1290980,37.1,2283,6.5,-33,-2.8,-1695,-2.8
"13131","5","2382","76","0","2025","A","",14,77,4489724,914094,8855,1115,57994,"",1.34,0.79,0.91,0.70,0.53,1.15,1.15,"",0,0.0,7,10.0,884809,24.5,135681,17.4,2042,30.0,119,11.9,6187,11.9
"13133","5","2382","76","0","2025","A","",16,139,9228324,1537268,20005,1278,66471,"",1.25,1.13,1.27,0.80,1.05,1.12,1.12,"",2,14.3,8,6.1,790122,9.4,4459,0.3,3264,19.5,42,3.4,2221,3.5
"13135","5","2382","76","0","2025","A","",796,10810,950363100,142631840,1584068,1691,87916,"",1.18,1.66,1.96,1.41,1.05,1.18,1.18,"",15,1.9,884,8.9,129453318,15.8,16565106,13.1,199157,14.4,101,6.4,5216,6.3
"13137","5","2382","76","0","2025","A","",35,177,9958043,2328595,15544,1082,56287,"",1.55,0.67,0.67,0.64,0.31,1.00,1.00,"",-1,-2.8,2,1.1,674905,7.3,243010,11.7,-7800,-33.4,61,6.0,3190,6.0
"13139","5","2382","76","0","2025","A","",208,1767,128581677,22515721,228219,1399,72761,"",1.76,1.02,1.04,0.94,0.77,1.01,1.01,"",13,6.7,5,0.3,4140126,3.3,592726,2.7,29031,14.6,41,3.0,2156,3.1
"13141","5","2382","76","0","2025","A","N",1,0,0,0,0,0,0,"N",0.53,0,0,0,0,0,0,"N",-1,-50.0,0,0,0,0,0,0,0,0,0,0,0,0
"13143","5","2382","76","0","2025","A","",26,227,14748634,2924834,22007,1250,64996,"",2.10,1.67,1.79,1.59,0.72,1.07,1.07,"",4,18.2,-8,-3.4,-193785,-1.3,88964,3.1,5056,29.8,26,2.1,1344,2.1
"13145","5","2382","76","0","2025","A","",24,146,8600348,1816462,25185,1137,59109,"",2.03,1.26,1.36,1.00,0.84,1.08,1.08,"",1,4.3,34,30.4,2267818,35.8,486490,36.6,9002,55.6,55,5.1,2820,5.0
"13147","5","2382","76","0","2025","A","",16,143,9400919,1656485,32034,1265,65779,"",1.35,1.04,1.19,0.83,1.13,1.15,1.15,"",-4,-20.0,3,2.1,666539,7.6,14079,0.9,-933,-2.8,62,5.2,3204,5.1
"13149","5","2382","76","0","2025","A","",6,52,3725582,623405,10556,1389,72225,"",1.72,1.43,1.53,1.44,1.50,1.08,1.08,"",-1,-14.3,8,18.2,800913,27.4,54186,9.5,3052,40.7,101,7.8,5248,7.8
"13151","5","2382","76","0","2025","A","",129,772,52814250,10124274,117502,1315,68375,"",1.21,0.61,0.72,0.56,0.45,1.18,1.18,"",-7,-5.1,-45,-5.5,-1718028,-3.2,-825826,-7.5,-49185,-29.5,31,2.4,1628,2.4
"13153","5","2382","76","0","2025","A","",61,531,31110927,6876393,104333,1127,58589,"",0.89,0.49,0.44,0.64,0.73,0.91,0.91,"",1,1.7,29,5.8,4074357,15.1,508174,8.0,-7331,-6.6,90,8.7,4687,8.7
"13157","5","2382","76","0","2025","A","",78,578,57499178,7621875,79692,1912,99408,"",1.79,0.79,1.35,0.63,0.41,1.70,1.70,"",5,6.8,107,22.7,24485395,74.2,1923269,33.7,69,0.1,565,41.9,29340,41.9
"13159","5","2382","76","0","2025","A","",11,62,3303225,877938,9846,1027,53421,"",1.96,1.51,1.74,1.85,1.25,1.15,1.16,"",-1,-8.3,-7,-10.1,-256627,-7.2,61557,7.5,1945,24.6,36,3.6,1891,3.7
"13161","5","2382","76","0","2025","A","N",2,0,0,0,0,0,0,"N",0.35,0,0,0,0,0,0,"N",0,0.0,0,0,0,0,0,0,0,0,0,0,0,0
"13163","5","2382","76","0","2025","A","N",12,0,0,0,0,0,0,"N",1.49,0,0,0,0,0,0,"N",1,9.1,0,0,0,0,0,0,0,0,0,0,0,0
"13165","5","2382","76","0","2025","A","N",3,0,0,0,0,0,0,"N",1.13,0,0,0,0,0,0,"N",0,0.0,0,0,0,0,0,0,0,0,0,0,0,0
"13167","5","2382","76","0","2025","A","",5,20,918368,447752,10833,887,46111,"",1.80,0.84,0.82,1.55,3.79,0.97,0.97,"",2,66.7,12,150.0,615938,203.7,349457,355.5,7133,192.8,152,20.7,7909,20.7
"13169","5","2382","76","0","2025","A","",25,141,8204071,1840958,16827,1116,58048,"",3.09,1.99,2.16,2.17,1.62,1.08,1.08,"",1,4.2,7,5.2,820639,11.1,135644,8.0,-244,-1.4,58,5.5,3050,5.5
"13171","5","2382","76","0","2025","A","",21,122,8829976,1704243,13779,1387,72131,"",2.90,1.64,2.12,1.66,1.12,1.29,1.29,"",1,5.0,-10,-7.6,-345206,-3.8,-73133,-4.1,4026,41.3,49,3.7,2578,3.7
"13173","5","2382","76","0","2025","A","",6,33,1672469,422970,8223,980,50938,"",2.27,1.44,1.47,1.72,3.14,1.02,1.02,"",-1,-14.3,7,26.9,526618,46.0,45452,12.0,1504,22.4,127,14.9,6582,14.8
"13175","5","2382","76","0","2025","A","",28,284,15971194,3786777,75631,1083,56303,"",1.16,0.84,0.80,0.89,1.31,0.96,0.96,"",2,7.7,18,6.8,1525228,10.6,499046,15.2,24595,48.2,41,3.9,2097,3.9
"13177","5","2382","76","0","2025","A","",27,406,24716911,5121288,64848,1169,60804,"",2.15,3.21,3.70,2.93,2.99,1.15,1.15,"",1,3.8,24,6.3,1902188,8.3,350970,7.4,-8034,-11.0,20,1.7,1040,1.7
"13179","5","2382","76","0","2025","A","",20,122,5573658,1427587,7515,876,45561,"",0.91,0.37,0.29,0.38,0.16,0.78,0.78,"",-2,-9.1,2,1.7,-61126,-1.1,-69392,-4.6,-4618,-38.1,-23,-2.6,-1201,-2.6
"13181","5","2382","76","0","2025","A","N",6,0,0,0,0,0,0,"N",1.58,0,0,0,0,0,0,"N",0,0.0,0,0,0,0,0,0,0,0,0,0,0,0
"13183","5","2382","76","0","2025","A","N",4,0,0,0,0,0,0,"N",1.33,0,0,0,0,0,0,"N",-1,-20.0,0,0,0,0,0,0,0,0,0,0,0,0
"13185","5","2382","76","0","2025","A","",86,1244,83767846,17432782,167978,1295,67324,"",1.33,1.51,1.87,1.58,1.29,1.24,1.24,"",-2,-2.3,-148,-10.6,-13555195,-13.9,-2865209,-14.1,-114696,-40.6,-50,-3.7,-2613,-3.7
"13187","5","2382","76","0","2025","A","",19,54,3335265,703928,9739,1184,61574,"",1.32,0.37,0.41,0.40,0.36,1.13,1.13,"",0,0.0,6,12.5,416660,14.3,48927,7.5,-229,-2.3,4,0.3,237,0.4
"13189","5","2382","76","0","2025","A","",13,74,4629775,870423,14509,1199,62354,"",1.33,0.62,0.77,0.53,0.50,1.24,1.24,"",-2,-13.3,31,72.1,2437192,111.2,369978,73.9,6214,74.9,213,21.6,11066,21.6
"13191","5","2382","76","0","2025","A","N",6,0,0,0,0,0,0,"N",1.20,0,0,0,0,0,0,"N",1,20.0,0,0,0,0,0,0,0,0,0,0,0,0
"13193","5","2382","76","0","2025","A","N",2,0,0,0,0,0,0,"N",0.44,0,0,0,0,0,0,"N",2,100.0,0,0,0,0,0,0,0,0,0,0,0,0
"13195","5","2382","76","0","2025","A","",36,237,14705947,3250549,39341,1195,62116,"",3.57,3.35,3.98,3.54,2.46,1.19,1.19,"",1,2.9,55,30.2,5214324,54.9,944982,41.0,10464,36.2,192,19.1,9940,19.1
"13197","5","2382","76","0","2025","A","N",1,0,0,0,0,0,0,"N",0.45,0,0,0,0,0,0,"N",0,0.0,0,0,0,0,0,0,0,0,0,0,0,0
"13199","5","2382","76","0","2025","A","",14,130,10775938,2403908,20152,1588,82574,"",1.65,1.54,2.23,2.14,0.98,1.44,1.44,"N",1,7.7,0,0,0,0,0,0,0,0,0,0,0,0
"13201","5","2382","76","0","2025","A","",6,20,630902,204635,2005,620,32216,"",1.83,0.62,0.39,0.76,0.61,0.64,0.64,"",0,0.0,0,0.0,32969,5.5,-427,-0.2,-1424,-41.5,30,5.1,1553,5.1
"13205","5","2382","76","0","2025","A","",8,46,2925865,655439,5216,1221,63491,"",0.86,0.42,0.52,0.43,0.23,1.23,1.23,"",0,0.0,2,4.5,372412,14.6,202639,44.8,234,4.7,107,9.6,5568,9.6
"13207","5","2382","76","0","2025","A","",18,138,8516973,1701155,30905,1185,61606,"",1.29,0.99,0.98,1.05,1.40,0.99,0.99,"",0,0.0,4,3.0,1015684,13.5,-139816,-7.6,-407,-1.3,107,9.9,5557,9.9
"13211","5","2382","76","0","2025","A","",30,125,8424465,1682770,26488,1300,67576,"",2.12,0.83,0.92,0.71,0.70,1.11,1.11,"",0,0.0,16,14.7,1671792,24.8,363967,27.6,5470,26.0,110,9.2,5672,9.2
"13213","5","2382","76","0","2025","A","",17,97,4010731,1341422,21809,796,41383,"",1.58,0.71,0.58,0.76,1.00,0.82,0.82,"",-1,-5.6,-16,-14.2,-654858,-14.0,-278869,-17.2,-21773,-50.0,4,0.5,216,0.5
"13215","5","2382","76","0","2025","A","",89,1203,73974039,15631622,178232,1182,61487,"",0.85,0.81,0.80,0.85,0.72,1.00,1.00,"",-4,-4.3,-6,-0.5,3883005,5.5,926837,6.3,-37659,-17.4,67,6.0,3513,6.1
"13217","5","2382","76","0","2025","A","",115,1134,91482934,15375472,130015,1551,80673,"",2.71,2.44,3.09,2.44,1.53,1.27,1.27,"",3,2.7,74,7.0,13658234,17.5,2013588,15.1,40009,44.5,139,9.8,7225,9.8
"13219","5","2382","76","0","2025","A","",29,231,15229796,3149645,32369,1270,66025,"",0.88,0.80,0.91,0.73,0.56,1.13,1.13,"",2,7.4,-6,-2.5,-537197,-3.4,6982,0.2,-4702,-12.7,-9,-0.7,-479,-0.7
"13221","5","2382","76","0","2025","A","",15,124,8398004,1747674,37366,1306,67908,"",2.95,3.79,5.22,4.62,6.59,1.38,1.38,"",1,7.1,-61,-33.0,-2815308,-25.1,-1722432,-49.6,-28797,-43.5,141,12.1,7323,12.1
"13223","5","2382","76","0","2025","A","",164,1247,86743683,16891754,177378,1338,69557,"",2.78,2.42,3.00,2.62,1.87,1.24,1.24,"",2,1.2,87,7.5,11186350,14.8,1710666,11.3,6592,3.9,85,6.8,4403,6.8
"13225","5","2382","76","0","2025","A","",28,216,13881308,3126479,23050,1235,64241,"",2.18,1.20,1.23,1.24,0.45,1.03,1.03,"",1,3.7,3,1.4,1172712,9.2,421538,15.6,2790,13.8,86,7.5,4506,7.5
"13227","5","2382","76","0","2025","A","",34,252,16320682,3981642,57556,1245,64743,"",1.86,1.56,1.61,1.72,1.80,1.03,1.03,"",-1,-2.9,-12,-4.5,228121,1.4,606036,18.0,2607,4.7,73,6.2,3806,6.2
"13229","5","2382","76","0","2025","A","",14,114,5038248,1405257,11545,849,44163,"",1.59,1.47,1.24,1.26,0.88,0.84,0.84,"",-1,-6.7,0,0.0,199297,4.1,-8401,-0.6,-3114,-21.2,34,4.2,1809,4.3
"13231","5","2382","76","0","2025","A","",28,174,11038244,2614494,44770,1223,63590,"",3.46,2.94,3.34,3.17,3.32,1.14,1.14,"",2,7.7,26,17.6,1454547,15.2,533570,25.6,6131,15.9,-22,-1.8,-1165,-1.8
"13233","5","2382","76","0","2025","A","",30,248,19457122,3163612,35918,1506,78298,"",1.95,1.33,1.90,1.20,1.05,1.42,1.42,"",2,7.1,25,11.2,2044699,11.7,326625,11.5,8143,29.3,6,0.4,303,0.4
"13235","5","2382","76","0","2025","A","",7,74,4004722,1350883,5782,1048,54486,"",1.58,1.54,1.58,1.70,0.97,1.04,1.04,"",3,75.0,34,85.0,2295413,134.3,880504,187.2,74,1.3,219,26.4,11394,26.4
"13237","5","2382","76","0","2025","A","",21,150,8846957,2080263,31110,1138,59177,"",1.69,1.41,1.56,1.47,1.66,1.11,1.11,"",3,16.7,36,31.6,2728012,44.6,618929,42.4,15519,99.5,102,9.8,5305,9.8
"13241","5","2382","76","0","2025","A","",20,186,10346003,2353092,26964,1069,55599,"",1.65,1.95,2.28,1.68,1.12,1.17,1.17,"",0,0.0,22,13.4,1177365,12.8,240851,11.4,935,3.6,-5,-0.5,-251,-0.4
"13243","5","2382","76","0","2025","A","N",2,0,0,0,0,0,0,"N",0.64,0,0,0,0,0,0,"N",0,0.0,0,0,0,0,0,0,0,0,0,0,0,0
"13245","5","2382","76","0","2025","A","",88,1103,67131550,15405747,113029,1170,60863,"",0.87,0.63,0.59,0.77,0.40,0.93,0.93,"",1,1.1,58,5.6,8750308,15.0,1388325,9.9,-1487,-1.3,96,8.9,5000,9.0
"13247","5","2382","76","0","2025","A","",82,1581,165956706,19905900,157014,2019,104969,"",1.64,2.72,4.15,2.33,1.48,1.53,1.53,"",1,1.2,302,23.6,51866768,45.5,2264277,12.8,12134,8.4,304,17.7,15772,17.7
"13251","5","2382","76","0","2025","A","",10,106,5358980,1247904,17358,977,50796,"",1.74,2.15,2.26,1.90,1.89,1.06,1.06,"",0,0.0,2,1.9,111236,2.1,-40634,-3.2,-1354,-7.2,3,0.3,134,0.3
"13253","5","2382","76","0","2025","A","N",5,0,0,0,0,0,0,"N",1.14,0,0,0,0,0,0,"N",1,25.0,0,0,0,0,0,0,0,0,0,0,0,0
"13255","5","2382","76","0","2025","A","",44,279,20384684,3755246,52956,1406,73107,"",1.50,0.71,0.92,0.76,0.86,1.30,1.30,"",2,4.8,2,0.7,5193393,34.2,793530,26.8,12843,32.0,351,33.3,18265,33.3
"13257","5","2382","76","0","2025","A","",16,79,4168203,924147,7785,1015,52762,"",1.27,0.58,0.56,0.49,0.40,0.97,0.97,"",0,0.0,5,6.8,376884,9.9,-49097,-5.0,-4923,-38.7,26,2.6,1354,2.6
"13259","5","2382","76","0","2025","A","N",1,0,0,0,0,0,0,"N",0.57,0,0,0,0,0,0,"N",0,0.0,0,0,0,0,0,0,0,0,0,0,0,0
"13261","5","2382","76","0","2025","A","",13,127,6785187,1573511,5924,1029,53497,"",0.93,0.79,0.84,0.81,0.28,1.07,1.07,"",0,0.0,1,0.8,311537,4.8,210825,15.5,-1440,-19.6,40,4.0,2051,4.0
"13263","5","2382","76","0","2025","A","N",2,0,0,0,0,0,0,"N",1.00,0,0,0,0,0,0,"N",0,0.0,0,0,0,0,0,0,0,0,0,0,0,0
"13267","5","2382","76","0","2025","A","",11,126,7057658,1672667,22016,1076,55939,"",1.25,1.33,1.39,1.37,1.57,1.05,1.05,"",0,0.0,9,7.7,609560,9.5,-16555,-1.0,4047,22.5,17,1.6,866,1.6
"13269","5","2382","76","0","2025","A","",5,43,3066080,599928,12937,1369,71166,"",1.39,1.62,1.89,1.55,2.12,1.17,1.17,"",0,0.0,-5,-10.4,-334557,-9.8,-252284,-29.6,-4727,-26.8,-3,-0.2,-176,-0.2
"13273","5","2382","76","0","2025","A","",4,40,3295221,498729,1787,1581,82209,"",0.92,1.14,1.85,1.13,0.23,1.62,1.62,"N",0,0.0,0,0,0,0,0,0,0,0,0,0,0,0
"13275","5","2382","76","0","2025","A","",35,273,16421601,3783744,27490,1159,60244,"",1.17,0.78,0.77,0.85,0.53,0.99,0.99,"",-17,-32.7,25,10.1,947561,6.1,774628,25.7,1423,5.5,-40,-3.3,-2109,-3.4
"13277","5","2382","76","0","2025","A","",25,155,9609988,2130593,12269,1194,62067,"",1.06,0.43,0.46,0.46,0.23,1.07,1.07,"",1,4.2,-4,-2.5,119570,1.3,110058,5.4,-2299,-15.8,46,4.0,2379,4.0
"13279","5","2382","76","0","2025","A","",10,84,4235683,1003580,11796,974,50626,"",0.65,0.42,0.42,0.36,0.36,1.00,1.00,"",0,0.0,-14,-14.3,-408034,-8.8,-155695,-13.4,-5043,-29.9,64,7.0,3322,7.0
"13281","5","2382","76","0","2025","A","",12,74,3551499,795509,4735,921,47885,"",1.68,1.31,1.22,0.98,0.42,0.93,0.93,"",2,20.0,11,17.5,546697,18.2,40000,5.3,-557,-10.5,-1,-0.1,-64,-0.1
"13285","5","2382","76","0","2025","A","",56,844,74692029,12616114,61310,1702,88524,"",1.57,1.18,1.60,1.11,0.48,1.35,1.35,"",0,0.0,64,8.2,10922903,17.1,1870327,17.4,8182,15.4,129,8.2,6742,8.2
"13287","5","2382","76","0","2025","A","N",1,0,0,0,0,0,0,"N",0.28,0,0,0,0,0,0,"N",-1,-50.0,0,0,0,0,0,0,0,0,0,0,0,0
"13289","5","2382","76","0","2025","A","N",3,0,0,0,0,0,0,"N",1.32,0,0,0,0,0,0,"N",0,0.0,0,0,0,0,0,0,0,0,0,0,0,0
"13291","5","2382","76","0","2025","A","",27,93,4511040,1207090,13656,930,48376,"",1.75,0.71,0.65,0.65,0.63,0.92,0.92,"",-2,-6.9,-4,-4.1,174917,4.0,-91812,-7.1,-5115,-27.2,72,8.4,3750,8.4
"13293","5","2382","76","0","2025","A","",16,125,10262663,1489219,37430,1578,82047,"",1.53,1.03,1.59,1.06,1.91,1.53,1.53,"",-1,-5.9,-6,-4.6,-52603,-0.5,-95748,-6.0,-8957,-19.3,67,4.4,3454,4.4
"13295","5","2382","76","0","2025","A","",28,242,15865398,4056697,102620,1263,65695,"",1.54,0.97,1.24,1.21,2.52,1.27,1.27,"",3,12.0,-27,-10.0,-4160589,-20.8,-581454,-12.5,-127998,-55.5,-167,-11.7,-8682,-11.7
"13297","5","2382","76","0","2025","A","",124,1027,73023816,13350670,105875,1367,71098,"",2.65,2.32,2.71,2.04,1.37,1.16,1.17,"",2,1.6,78,8.2,8137544,12.5,547840,4.3,2447,2.4,52,4.0,2719,4.0
"13299","5","2382","76","0","2025","A","",20,146,6832776,1919435,16452,897,46667,"",1.03,0.61,0.55,0.65,0.52,0.90,0.90,"",-1,-4.8,-30,-17.0,-903236,-11.7,-596687,-23.7,-14886,-47.5,52,6.2,2733,6.2
"13303","5","2382","76","0","2025","A","",9,252,18160768,4164706,36659,1384,71948,"",1.08,2.33,2.95,2.49,2.29,1.27,1.26,"",-3,-25.0,34,15.6,4049373,28.7,1447472,53.3,15188,70.7,139,11.2,7192,11.1
"13305","5","2382","76","0","2025","A","",26,318,19870212,4553836,57347,1202,62485,"",1.91,2.10,2.30,2.41,2.59,1.09,1.09,"",2,8.3,27,9.3,2124426,12.0,646083,16.5,7089,14.1,28,2.4,1415,2.3
"13309","5","2382","76","0","2025","A","N",1,0,0,0,0,0,0,"N",0.63,0,0,0,0,0,0,"N",0,0.0,0,0,0,0,0,0,0,0,0,0,0,0
"13311","5","2382","76","0","2025","A","",30,211,12847961,2436898,15252,1172,60939,"",1.78,1.34,1.82,1.22,0.65,1.36,1.36,"",0,0.0,13,6.6,1238208,10.7,117190,5.1,3121,25.7,47,4.2,2427,4.1
"13313","5","2382","76","0","2025","A","",50,563,35445097,7370171,70858,1211,62995,"",0.94,0.60,0.62,0.52,0.45,1.02,1.02,"",2,4.2,15,2.7,530727,1.5,487758,7.1,-7506,-9.6,-15,-1.2,-756,-1.2
"13315","5","2382","76","0","2025","A","N",3,0,0,0,0,0,0,"N",1.30,0,0,0,0,0,0,"N",1,50.0,0,0,0,0,0,0,0,0,0,0,0,0
"13317","5","2382","76","0","2025","A","N",1,0,0,0,0,0,0,"N",0.21,0,0,0,0,0,0,"N",0,0.0,0,0,0,0,0,0,0,0,0,0,0,0
"13319","5","2382","76","0","2025","A","",5,112,6382933,1413749,6283,1096,56990,"",1.45,2.33,2.04,1.89,0.43,0.87,0.87,"",0,0.0,1,0.9,68558,1.1,56708,4.2,303,5.1,2,0.2,104,0.2
"13321","5","2382","76","0","2025","A","",9,40,2069650,463003,1888,995,51741,"",1.25,0.77,0.86,0.79,0.26,1.11,1.11,"",0,0.0,-2,-4.8,-9743,-0.5,-50051,-9.8,-3167,-62.7,50,5.3,2621,5.3
"13999","5","2382","76","0","2025","A","",486,2503,246339914,38507880,631648,1893,98431,"",0.55,0.64,0.52,0.50,0.42,0.82,0.82,"",-44,-8.3,-206,-7.6,2954847,1.2,-4957906,-11.4,-354641,-36.0,165,9.5,8591,9.6
"15000","5","2382","56","0","2025","A","",1171,10790,1007533607,655643517,10583875,1796,93374,"",0.97,1.00,1.22,1.25,1.41,1.21,1.21,"",33,2.9,124,1.2,47332146,4.9,30915858,4.9,-3336628,-24.0,65,3.8,3346,3.7
"15001","5","2382","76","0","2025","A","N",175,0,0,0,0,0,0,"N",1.20,0,0,0,0,0,0,"N",7,4.2,0,0,0,0,0,0,0,0,0,0,0,0
"15003","5","2382","76","0","2025","A","",740,8256,796182478,507762350,8384102,1855,96440,"",1.17,1.09,1.32,1.41,1.69,1.21,1.21,"",20,2.8,70,0.9,32632212,4.3,22132560,4.6,-2726138,-24.5,61,3.4,3160,3.4
"15007","5","2382","76","0","2025","A","N",74,0,0,0,0,0,0,"N",1.08,0,0,0,0,0,0,"N",3,4.2,0,0,0,0,0,0,0,0,0,0,0,0
"15009","5","2382","76","0","2025","A","",176,1155,97756902,69765549,1068484,1627,84626,"",1.14,0.93,1.13,1.02,1.07,1.21,1.21,"",1,0.6,45,4.1,6525692,7.2,4261529,6.5,-310209,-22.5,47,3.0,2467,3.0
"15999","5","2382","76","0","2025","A","N",6,0,0,0,0,0,0,"N",0.03,0,0,0,0,0,0,"N",2,50.0,0,0,0,0,0,0,0,0,0,0,0,0
"16000","5","2382","56","0","2025","A","",2395,19082,1441184355,1021144024,8274994,1452,75525,"",1.20,1.31,1.45,1.46,1.27,1.11,1.11,"",62,2.7,1358,7.7,210962171,17.1,130507303,14.7,81167,1.0,117,8.8,6115,8.8
"16001","5","2382","76","0","2025","A","",469,6773,596755526,392746737,3075553,1694,88105,"",0.93,1.37,1.51,1.57,1.35,1.10,1.10,"",-42,-8.2,821,13.8,132029308,28.4,76246503,24.1,351978,12.9,193,12.9,10033,12.9
"16003","5","2382","76","0","2025","A","",9,30,1495332,1390477,9054,964,50123,"",2.15,1.78,1.36,2.13,1.07,0.77,0.77,"",-1,-10.0,-2,-6.2,-72550,-4.6,29984,2.2,-2745,-23.3,12,1.3,611,1.2
"16005","5","2382","76","0","2025","A","",91,721,47403420,38158989,699424,1265,65754,"",1.41,1.13,1.36,1.42,2.80,1.21,1.21,"",2,2.2,87,13.7,12128193,34.4,8911273,30.5,304679,77.2,194,18.1,10086,18.1
"16007","5","2382","76","0","2025","A","",7,19,826631,768583,5161,833,43317,"",1.20,0.57,0.55,0.82,0.59,0.97,0.97,"",0,0.0,3,18.8,172320,26.3,145308,23.3,102,2.0,55,7.1,2844,7.0
"16009","5","2382","76","0","2025","A","",6,35,1556724,1428316,10626,851,44267,"",0.73,0.61,0.42,0.61,0.52,0.69,0.69,"",-2,-25.0,-3,-7.9,40561,2.7,14864,1.1,-2332,-18.0,89,11.7,4629,11.7
"16011","5","2382","76","0","2025","A","",53,484,33154589,24103934,200497,1318,68513,"",1.77,1.75,2.26,2.02,1.96,1.29,1.29,"",2,3.9,12,2.5,1972302,6.3,1318657,5.8,-30229,-13.1,48,3.8,2472,3.7
"16013","5","2382","76","0","2025","A","",65,518,36414977,26180420,160265,1351,70243,"",1.48,2.15,2.21,2.08,1.24,1.03,1.03,"",-2,-3.0,2,0.4,1023026,2.9,811137,3.2,-39520,-19.8,33,2.5,1720,2.5
"16015","5","2382","76","0","2025","A","",10,42,2628871,2167092,16186,1199,62345,"",1.95,1.37,1.54,2.42,1.42,1.12,1.12,"",1,11.1,6,16.7,463308,21.4,456705,26.7,57,0.4,31,2.7,1628,2.7
"16017","5","2382","76","0","2025","A","",78,287,16779846,13671915,106384,1125,58500,"",1.59,1.06,1.05,1.07,0.74,0.99,0.99,"",6,8.3,1,0.3,310809,1.9,16181,0.1,-25368,-19.3,17,1.5,899,1.6
"16019","5","2382","76","0","2025","A","",146,1220,85458949,64324455,563843,1347,70063,"",1.29,1.15,1.45,1.27,1.27,1.26,1.26,"",8,5.8,85,7.5,12806252,17.6,10336677,19.1,-10855,-1.9,116,9.4,6071,9.5
"16021","5","2382","76","0","2025","A","",21,60,3025452,2436406,21721,976,50777,"",1.76,0.86,0.74,0.80,0.62,0.87,0.87,"",0,0.0,0,0.0,-357888,-10.6,-160747,-6.2,-5146,-19.2,-110,-10.1,-5690,-10.1
"16023","5","2382","76","0","2025","A","",5,24,1601823,1218000,8027,1266,65828,"",1.75,0.14,0.07,0.23,0.19,0.51,0.51,"",0,0.0,4,20.0,156739,10.8,280792,30.0,-324,-3.9,-95,-7.0,-4952,-7.0
"16025","5","2382","76","0","2025","A","N",2,0,0,0,0,0,0,"N",1.36,0,0,0,0,0,0,"N",-1,-33.3,0,0,0,0,0,0,0,0,0,0,0,0
"16027","5","2382","76","0","2025","A","",304,2981,215559747,153955801,1075065,1391,72307,"",1.78,1.98,2.42,2.09,1.50,1.22,1.22,"",-8,-2.6,32,1.1,12040085,5.9,4301977,2.9,-217602,-16.8,64,4.8,3286,4.8
"16029","5","2382","76","0","2025","A","",7,88,6618448,4800594,54983,1455,75639,"",1.10,1.49,1.46,1.47,2.00,0.99,0.99,"",0,0.0,1,1.1,523233,8.6,577749,13.7,-10705,-16.3,105,7.8,5445,7.8
"16031","5","2382","76","0","2025","A","",23,121,5917443,5169509,29957,937,48737,"",1.03,0.57,0.50,0.49,0.34,0.86,0.86,"",1,4.5,16,15.2,311367,5.6,626364,13.8,-1331,-4.3,-89,-8.7,-4612,-8.6
"16033","5","2382","76","0","2025","A","N",1,0,0,0,0,0,0,"N",1.09,0,0,0,0,0,0,"N",1,100.0,0,0,0,0,0,0,0,0,0,0,0,0
"16035","5","2382","76","0","2025","A","",8,40,2289202,2017266,14384,1107,57590,"",1.20,0.87,0.88,1.38,0.73,1.02,1.02,"",-1,-11.1,-10,-20.0,-610919,-21.1,-395323,-16.4,-11441,-44.3,-18,-1.6,-900,-1.5
"16037","5","2382","76","0","2025","A","N",5,0,0,0,0,0,0,"N",0.91,0,0,0,0,0,0,"N",-2,-28.6,0,0,0,0,0,0,0,0,0,0,0,0
"16039","5","2382","76","0","2025","A","",18,149,8841215,7426777,55976,1139,59238,"",1.21,1.19,1.30,1.54,1.37,1.10,1.10,"",0,0.0,5,3.5,647763,7.9,328158,4.6,-9611,-14.7,45,4.1,2339,4.1
"16041","5","2382","76","0","2025","A","",19,59,3674420,2798445,18022,1193,62016,"",1.71,0.85,1.02,1.08,0.77,1.20,1.20,"",2,11.8,7,13.5,742083,25.3,572173,25.7,-2336,-11.5,119,11.1,6162,11.0
"16043","5","2382","76","0","2025","A","",21,94,4446290,4066982,32407,912,47427,"",1.82,1.48,1.35,1.79,1.37,0.92,0.92,"",4,23.5,0,0.0,267622,6.4,288339,7.6,-3586,-10.0,56,6.5,2894,6.5
"16045","5","2382","76","0","2025","A","",32,106,6223270,4890360,33182,1125,58480,"",2.39,1.38,1.61,1.59,1.02,1.16,1.16,"",-1,-3.0,5,5.0,545553,9.6,477860,10.8,-3220,-8.8,39,3.6,2032,3.6
"16047","5","2382","76","0","2025","A","",15,46,2468630,1950752,13252,1026,53376,"",1.21,0.41,0.39,0.37,0.37,0.94,0.94,"",-1,-6.2,-2,-4.2,-421587,-14.6,-207301,-9.6,-5202,-28.2,-122,-10.6,-6319,-10.6
"16049","5","2382","76","0","2025","A","N",17,0,0,0,0,0,0,"N",1.20,0,0,0,0,0,0,"N",0,0.0,0,0,0,0,0,0,0,0,0,0,0,0
"16051","5","2382","76","0","2025","A","",44,407,24541086,19820574,136791,1160,60298,"",1.82,2.93,3.65,3.28,2.43,1.25,1.25,"",4,10.0,50,14.0,3242527,15.2,2742171,16.1,-11637,-7.8,14,1.2,708,1.2
"16053","5","2382","76","0","2025","A","",21,210,15188646,11224907,71741,1393,72442,"",1.13,1.02,1.25,0.98,0.80,1.22,1.22,"",3,16.7,-5,-2.3,-92179,-0.6,279175,2.6,-14494,-16.8,27,2.0,1396,2.0
"16055","5","2382","76","0","2025","A","",293,1817,123120661,93921575,756388,1303,67776,"",1.68,1.51,1.59,1.65,1.31,1.05,1.05,"",24,8.9,88,5.1,9599126,8.5,8900137,10.5,-113407,-13.0,40,3.2,2112,3.2
"16057","5","2382","76","0","2025","A","",30,223,11835938,9452065,59630,1020,53017,"",1.08,0.89,0.86,1.24,0.80,0.97,0.97,"",3,11.1,23,11.5,1762123,17.5,1136295,13.7,-4199,-6.6,49,5.0,2522,5.0
"16059","5","2382","76","0","2025","A","",8,61,3222114,2726434,21377,1013,52678,"",0.90,1.31,1.23,1.73,1.36,0.94,0.94,"",2,33.3,5,8.9,323880,11.2,201249,8.0,-4700,-18.0,18,1.8,924,1.8
"16061","5","2382","76","0","2025","A","",6,16,1113130,864967,5812,1374,71431,"",1.28,0.62,0.88,0.86,0.58,1.47,1.47,"",0,0.0,-1,-5.9,51021,4.8,116154,15.5,-430,-6.9,161,13.3,8335,13.2
"16063","5","2382","76","0","2025","A","N",8,0,0,0,0,0,0,"N",1.99,0,0,0,0,0,0,"N",4,100.0,0,0,0,0,0,0,0,0,0,0,0,0
"16065","5","2382","76","0","2025","A","",38,130,6727850,5742612,38472,996,51786,"",1.11,0.44,0.47,0.60,0.46,1.09,1.09,"",4,11.8,13,11.1,1101574,19.6,872441,17.9,-1484,-3.7,71,7.7,3664,7.6
"16067","5","2382","76","0","2025","A","",20,263,19818015,13839487,85956,1447,75234,"",1.31,1.71,2.26,1.83,1.34,1.32,1.32,"",2,11.1,7,2.7,654069,3.4,648271,4.9,-22016,-20.4,5,0.3,253,0.3
"16069","5","2382","76","0","2025","A","",34,282,18284299,14104629,93049,1249,64953,"",1.19,0.78,0.82,0.78,0.63,1.06,1.06,"",-1,-2.9,-13,-4.4,-921796,-4.8,-1161772,-7.6,-31873,-25.5,-4,-0.3,-226,-0.3
"16071","5","2382","76","0","2025","A","N",4,0,0,0,0,0,0,"N",1.14,0,0,0,0,0,0,"N",0,0.0,0,0,0,0,0,0,0,0,0,0,0,0
"16073","5","2382","76","0","2025","A","",9,23,1128851,1029088,8560,951,49439,"",1.20,0.40,0.37,0.40,0.35,0.91,0.91,"",2,28.6,5,27.8,330315,41.4,304814,42.1,2508,41.4,117,14.0,6080,14.0
"16075","5","2382","76","0","2025","A","",21,98,5744565,4562694,31729,1122,58320,"",1.22,0.82,0.85,0.81,0.56,1.04,1.04,"",4,23.5,1,1.0,492133,9.4,222991,5.1,-2345,-6.9,83,8.0,4310,8.0
"16077","5","2382","76","0","2025","A","",7,42,2201005,1891126,9739,1016,52824,"",1.29,0.64,0.53,0.56,0.32,0.84,0.84,"",-2,-22.2,6,16.7,255041,13.1,312117,19.8,-1030,-9.6,-21,-2.0,-1106,-2.1
"16079","5","2382","76","0","2025","A","N",11,0,0,0,0,0,0,"N",1.15,0,0,0,0,0,0,"N",1,10.0,0,0,0,0,0,0,0,0,0,0,0,0
"16081","5","2382","76","0","2025","A","",20,148,9427018,7391437,48915,1226,63732,"",1.12,1.81,1.94,1.80,1.14,1.07,1.07,"",0,0.0,18,13.8,1691869,21.9,1096001,17.4,-2275,-4.4,85,7.4,4383,7.4
"16083","5","2382","76","0","2025","A","",89,839,61965683,44871896,423607,1421,73886,"",1.14,1.18,1.59,1.44,1.54,1.35,1.35,"",5,6.0,121,16.9,16545459,36.4,10742932,31.5,92423,27.9,204,16.8,10597,16.7
"16085","5","2382","76","0","2025","A","",23,42,2495192,2075909,14548,1140,59292,"",1.32,0.44,0.44,0.53,0.35,1.01,1.01,"",3,15.0,2,5.0,252708,11.3,170270,8.9,-2628,-15.3,66,6.1,3463,6.2
"16087","5","2382","76","0","2025","A","",8,32,1813025,1191419,9237,1090,56657,"",1.11,0.65,0.76,0.67,0.55,1.17,1.17,"N",2,33.3,0,0,0,0,0,0,0,0,0,0,0,0
"16999","5","2382","76","0","2025","A","",269,457,44861462,26688219,223980,1887,98129,"",0.76,1.11,0.91,0.86,0.65,0.82,0.82,"",35,15.0,-33,-6.7,936906,2.1,-1035597,-3.7,-71122,-24.1,163,9.5,8487,9.5
"17000","5","2382","56","0","2025","A","",7484,77550,7537094563,1405294597,67974394,1869,97190,"",1.01,0.77,0.85,0.74,0.92,1.12,1.12,"",-196,-2.6,1602,2.1,559387564,8.0,62975275,4.7,-3048233,-4.3,102,5.8,5315,5.8
"17001","5","2382","76","0","2025","A","",52,479,33631054,7598533,145534,1350,70223,"",1.52,0.89,1.01,0.86,0.63,1.14,1.14,"",-3,-5.5,11,2.4,2331684,7.4,249354,3.4,-76521,-34.5,65,5.1,3415,5.1
"17005","5","2382","76","0","2025","A","",6,9,344931,136543,3724,758,39421,"",0.95,0.12,0.08,0.11,0.09,0.68,0.68,"",1,20.0,4,80.0,145484,72.9,74205,119.0,3194,602.6,3,0.4,186,0.5
"17007","5","2382","76","0","2025","A","",22,134,12528860,2511286,127739,1799,93557,"",1.28,0.71,1.06,0.65,0.66,1.50,1.50,"",0,0.0,-19,-12.4,-1796637,-12.5,-114480,-4.4,-34486,-21.3,-4,-0.2,-176,-0.2
"17009","5","2382","76","0","2025","A","",3,11,567180,154090,1155,999,51955,"",1.22,0.14,0.09,0.09,0.03,0.69,0.69,"",0,0.0,-1,-8.3,12462,2.2,-14220,-8.4,-697,-37.6,85,9.3,4408,9.3
"17011","5","2382","76","0","2025","A","",14,66,4009221,1172101,40792,1165,60593,"",0.95,0.39,0.39,0.35,0.36,0.99,0.99,"",-2,-12.5,-6,-8.3,-143541,-3.5,-133600,-10.2,-4791,-10.5,61,5.5,3182,5.5
"17013","5","2382","76","0","2025","A","N",3,0,0,0,0,0,0,"N",1.74,0,0,0,0,0,0,"N",-1,-25.0,0,0,0,0,0,0,0,0,0,0,0,0
"17015","5","2382","76","0","2025","A","",12,72,4144094,1203111,32332,1099,57160,"",1.55,1.06,1.08,1.18,0.99,1.01,1.01,"",0,0.0,23,46.9,1519769,57.9,277535,30.0,9846,43.8,76,7.4,3964,7.5
"17017","5","2382","76","0","2025","A","",6,36,2209988,598558,27805,1172,60965,"",1.16,0.47,0.48,0.38,0.58,1.01,1.01,"",0,0.0,-6,-14.3,-180719,-7.6,-74476,-11.1,964,3.6,84,7.7,4380,7.7
"17019","5","2382","76","0","2025","A","",89,1393,120347582,25178913,1235028,1662,86405,"",1.10,0.88,1.06,1.18,1.54,1.21,1.21,"",-1,-1.1,-17,-1.2,7708722,6.8,455001,1.8,48018,4.0,126,8.2,6533,8.2
"17021","5","2382","76","0","2025","A","",26,127,7209114,2110492,70870,1095,56952,"",1.92,0.82,0.82,0.87,0.95,1.00,1.00,"",2,8.3,3,2.4,-101896,-1.4,32415,1.6,-4549,-6.0,-43,-3.8,-2246,-3.8
"17023","5","2382","76","0","2025","A","",9,30,1301640,424487,8787,821,42677,"",1.37,0.42,0.36,0.33,0.20,0.84,0.84,"",1,12.5,9,42.9,494606,61.3,99877,30.8,57,0.7,73,9.8,3784,9.7
"17025","5","2382","76","0","2025","A","",5,18,1142217,366425,8130,1220,63456,"",0.85,0.23,0.26,0.24,0.15,1.12,1.12,"",1,25.0,3,20.0,335032,41.5,145509,65.9,3678,82.6,213,21.2,11098,21.2
"17027","5","2382","76","0","2025","A","",37,256,17292079,4715533,142747,1301,67635,"",2.04,1.20,1.39,1.34,1.31,1.15,1.15,"",1,2.8,26,11.3,2611790,17.8,798860,20.4,308,0.2,73,5.9,3761,5.9
"17029","5","2382","76","0","2025","A","",28,311,23796135,5248322,227787,1473,76618,"",1.41,0.79,0.98,0.81,1.25,1.25,1.25,"",0,0.0,-22,-6.6,-490168,-2.0,-331762,-5.9,-25792,-10.2,71,5.1,3704,5.1
"17031","5","2382","76","0","2025","A","",2418,26398,2728446752,473527597,23466762,1988,103356,"",0.90,0.61,0.64,0.58,0.72,1.05,1.05,"",-36,-1.5,38,0.1,137475657,5.3,11407096,2.5,-1781510,-7.1,98,5.2,5064,5.2
"17033","5","2382","76","0","2025","A","",10,120,10551283,2390265,144728,1694,88111,"",1.21,0.94,1.14,0.94,2.02,1.21,1.21,"",0,0.0,-19,-13.7,1133428,12.0,-276103,-10.4,-61403,-29.8,393,30.2,20438,30.2
"17035","5","2382","76","0","2025","A","",5,27,1730519,476873,14379,1214,63119,"",1.30,0.56,0.67,0.51,0.54,1.18,1.18,"",0,0.0,1,3.8,222924,14.8,19535,4.3,-3721,-20.6,95,8.5,4948,8.5
"17037","5","2382","76","0","2025","A","",67,463,39736853,9024834,300985,1650,85778,"",1.73,0.76,1.01,0.96,0.87,1.33,1.33,"",-2,-2.9,8,1.8,3405163,9.4,798299,9.7,-17555,-5.5,113,7.4,5855,7.3
"17039","5","2382","76","0","2025","A","",14,178,12738242,2804347,89124,1372,71363,"",2.12,2.10,1.92,1.76,1.69,0.91,0.91,"",0,0.0,-2,-1.1,219372,1.8,-34037,-1.2,12229,15.9,34,2.5,1782,2.6
"17041","5","2382","76","0","2025","A","",12,66,3406459,1237912,49606,995,51744,"",1.03,0.52,0.42,0.50,0.83,0.81,0.81,"",0,0.0,13,24.5,360712,11.8,308266,33.2,-55,-0.1,-112,-10.1,-5813,-10.1
"17043","5","2382","76","0","2025","A","",743,12286,1387178495,221169979,11823593,2171,112907,"",1.13,1.17,1.48,1.04,1.41,1.27,1.27,"",-9,-1.2,547,4.7,163532540,13.4,15485139,7.5,342656,3.0,166,8.3,8672,8.3
"17045","5","2382","76","0","2025","A","",8,24,1237979,394811,3688,999,51943,"",1.19,0.20,0.17,0.20,0.05,0.83,0.83,"N",0,0.0,0,0,0,0,0,0,0,0,0,0,0,0
"17047","5","2382","76","0","2025","A","N",4,0,0,0,0,0,0,"N",1.41,0,0,0,0,0,0,"N",0,0.0,0,0,0,0,0,0,0,0,0,0,0,0
"17049","5","2382","76","0","2025","A","",34,406,27709638,6743901,173639,1313,68264,"",1.41,1.04,1.18,0.92,0.79,1.13,1.13,"",-1,-2.9,15,3.8,1917364,7.4,454354,7.2,-26282,-13.1,43,3.4,2229,3.4
"17051","5","2382","76","0","2025","A","",14,53,3049004,1007388,15061,1098,57080,"",1.58,0.64,0.72,0.73,0.34,1.12,1.12,"",0,0.0,-11,-17.2,-220994,-6.8,-157755,-13.5,-14789,-49.5,115,11.7,5986,11.7
"17053","5","2382","76","0","2025","A","",12,59,3773697,925885,35059,1227,63781,"",1.68,0.64,0.64,0.63,0.81,1.01,1.01,"",1,9.1,2,3.5,289562,8.3,92815,11.1,2753,8.5,43,3.6,2206,3.6
"17055","5","2382","76","0","2025","A","",11,41,2704651,739708,31919,1266,65833,"",0.81,0.27,0.34,0.29,0.31,1.26,1.26,"",-3,-21.4,-4,-8.9,-189115,-6.5,23627,3.3,-10189,-24.2,18,1.4,926,1.4
"17057","5","2382","76","0","2025","A","",14,115,7870190,1964271,61704,1312,68239,"",1.13,0.80,1.05,0.94,0.99,1.31,1.31,"",1,7.7,9,8.5,890600,12.8,218135,12.5,6562,11.9,40,3.1,2082,3.1
"17059","5","2382","76","0","2025","A","N",2,0,0,0,0,0,0,"N",0.82,0,0,0,0,0,0,"N",1,100.0,0,0,0,0,0,0,0,0,0,0,0,0
"17061","5","2382","76","0","2025","A","",6,29,1391611,456947,15326,936,48686,"",1.25,0.77,0.79,0.86,1.06,1.04,1.04,"",0,0.0,4,16.0,32177,2.4,67662,17.4,2667,21.1,-110,-10.5,-5691,-10.5
"17063","5","2382","76","0","2025","A","",34,399,36458928,6866945,398178,1756,91319,"",1.45,1.04,1.22,0.97,1.42,1.17,1.17,"",0,0.0,1,0.3,752611,2.1,-230043,-3.2,-73353,-15.6,29,1.7,1529,1.7
"17065","5","2382","76","0","2025","A","",3,14,561577,203743,1529,790,41091,"",0.74,0.40,0.27,0.36,0.10,0.69,0.69,"N",0,0.0,0,0,0,0,0,0,0,0,0,0,0,0
"17067","5","2382","76","0","2025","A","",5,38,3549551,586208,10168,1785,92799,"",0.63,0.53,0.95,0.53,0.35,1.76,1.76,"",-1,-16.7,1,2.7,238189,7.2,18191,3.2,-1552,-13.2,56,3.2,2898,3.2
"17071","5","2382","76","0","2025","A","N",2,0,0,0,0,0,0,"N",0.72,0,0,0,0,0,0,"N",0,0.0,0,0,0,0,0,0,0,0,0,0,0,0
"17073","5","2382","76","0","2025","A","",28,649,60079071,12166207,757786,1781,92607,"",1.42,2.78,4.53,3.41,5.56,1.63,1.63,"",2,7.7,101,18.4,8239585,15.9,1448049,13.5,7157,1.0,-38,-2.1,-1962,-2.1
"17075","5","2382","76","0","2025","A","",13,55,3623807,815996,6125,1259,65490,"",1.02,0.47,0.55,0.43,0.11,1.16,1.17,"",-4,-23.5,-1,-1.8,253599,7.5,17566,2.2,-662,-9.8,96,8.3,5038,8.3
"17077","5","2382","76","0","2025","A","",21,289,22469074,5141281,340099,1495,77725,"",0.96,0.63,0.81,0.92,1.62,1.30,1.30,"",-4,-16.0,-4,-1.4,613620,2.8,75380,1.5,-25283,-6.9,60,4.2,3112,4.2
"17079","5","2382","76","0","2025","A","",5,8,340141,139160,2658,872,45352,"",1.05,0.22,0.17,0.24,0.14,0.81,0.81,"",0,0.0,2,33.3,116067,51.8,50960,57.8,1064,66.8,100,13.0,5219,13.0
"17081","5","2382","76","0","2025","A","",24,264,22331375,5163592,252183,1624,84455,"",1.43,0.81,1.06,0.83,1.02,1.30,1.30,"",2,9.1,53,25.1,5323144,31.3,1344308,35.2,38655,18.1,71,4.6,3720,4.6
"17083","5","2382","76","0","2025","A","",8,96,7891384,1705063,62647,1585,82417,"",1.07,1.13,1.79,1.37,1.41,1.60,1.60,"",0,0.0,3,3.2,752487,10.5,-117372,-6.4,8687,16.1,107,7.2,5586,7.3
"17085","5","2382","76","0","2025","A","",17,256,21981751,4649844,280414,1649,85755,"",1.18,2.03,3.23,2.04,3.52,1.59,1.59,"",-2,-10.5,17,7.1,2619822,13.5,475595,11.4,6319,2.3,89,5.7,4658,5.7
"17087","5","2382","76","0","2025","A","",5,44,3969623,687365,26240,1752,91081,"",1.32,0.97,1.32,1.37,1.41,1.37,1.37,"",0,0.0,-2,-4.3,-465884,-10.5,-57181,-7.7,-27628,-51.3,-82,-4.5,-4306,-4.5
"17089","5","2382","76","0","2025","A","",366,3448,324228171,61963151,2369142,1808,94029,"",1.44,0.97,1.28,0.95,0.96,1.33,1.33,"",4,1.1,255,8.0,34312972,11.8,6340903,11.4,-181611,-7.1,62,3.6,3222,3.5
"17091","5","2382","76","0","2025","A","",51,417,36341643,7476429,346890,1675,87115,"",1.22,0.60,0.82,0.63,0.81,1.37,1.37,"",-1,-1.9,-54,-11.5,-1845254,-4.8,-1195090,-13.8,-181515,-34.4,115,7.4,6010,7.4
"17093","5","2382","76","0","2025","A","",85,463,35159632,8092108,335155,1460,75939,"",1.75,0.90,1.17,0.88,1.12,1.30,1.30,"",4,4.9,-7,-1.5,774921,2.3,-608547,-7.0,-28286,-7.8,53,3.8,2793,3.8
"17095","5","2382","76","0","2025","A","",14,295,22291378,4857269,283262,1454,75628,"",0.74,1.03,1.44,1.24,2.15,1.40,1.40,"",-3,-17.6,-2,-0.7,1103457,5.2,-201243,-4.0,-59286,-17.3,81,5.9,4248,6.0
"17097","5","2382","76","0","2025","A","",460,3798,351165074,71111633,2811605,1778,92456,"",1.18,0.70,0.64,0.66,0.66,0.92,0.92,"",-12,-2.5,-39,-1.0,16817783,5.0,1549731,2.2,-304904,-9.8,102,6.1,5316,6.1
"17099","5","2382","76","0","2025","A","",56,548,56173003,9827717,514168,1970,102459,"",1.18,0.85,1.31,0.83,1.20,1.54,1.54,"",0,0.0,-8,-1.4,4740362,9.2,-644721,-6.2,-84891,-14.2,193,10.9,10037,10.9
"17101","5","2382","76","0","2025","A","",6,38,2083305,603934,11726,1045,54347,"",1.27,0.57,0.52,0.55,0.40,0.91,0.91,"",1,20.0,3,8.6,340677,19.5,68079,12.7,370,3.3,92,9.7,4794,9.7
"17103","5","2382","76","0","2025","A","",12,37,2558149,811458,23792,1345,69927,"",0.91,0.18,0.18,0.25,0.22,1.02,1.02,"",-2,-14.3,-2,-5.1,20046,0.8,-51090,-5.9,2747,13.1,104,8.4,5399,8.4
"17105","5","2382","76","0","2025","A","",24,321,24123634,5365645,102758,1446,75191,"",1.45,1.38,1.62,1.52,0.84,1.18,1.18,"",1,4.3,71,28.4,5125395,27.0,1362474,34.0,-16467,-13.8,-18,-1.2,-929,-1.2
"17107","5","2382","76","0","2025","A","",8,44,1965205,785517,23054,869,45177,"",0.74,0.34,0.26,0.40,0.34,0.77,0.77,"",-1,-11.1,3,7.3,364640,22.8,118447,17.8,2413,11.7,117,15.6,6059,15.5
"17109","5","2382","76","0","2025","A","",5,54,2783601,854200,34530,993,51628,"",0.47,0.32,0.31,0.36,0.48,0.95,0.95,"",-1,-16.7,2,3.8,231537,9.1,60770,7.7,-9205,-21.0,48,5.1,2471,5.0
"17111","5","2382","76","0","2025","A","",282,2226,197256812,42055842,1886806,1704,88615,"",1.82,1.36,1.94,1.40,1.63,1.43,1.43,"",-4,-1.4,136,6.5,18461604,10.3,6132350,17.1,100755,5.6,59,3.6,3077,3.6
"17113","5","2382","76","0","2025","A","",82,889,73167311,14780814,632538,1583,82311,"",1.25,0.61,0.67,0.59,0.78,1.10,1.10,"",0,0.0,27,3.1,8516604,13.2,161354,1.1,-32473,-4.9,142,9.9,7354,9.8
"17115","5","2382","76","0","2025","A","",45,1311,115435324,24890639,1107262,1693,88035,"",1.18,1.74,2.04,1.84,1.99,1.18,1.18,"",-1,-2.2,51,4.0,10733257,10.3,725694,3.0,-177809,-13.8,95,5.9,4933,5.9
"17117","5","2382","76","0","2025","A","",28,137,7787232,2104603,40510,1096,56980,"",1.60,0.83,0.90,0.75,0.46,1.09,1.09,"",0,0.0,-9,-6.2,-35502,-0.5,-101808,-4.6,-9730,-19.4,64,6.2,3338,6.2
"17119","5","2382","76","0","2025","A","",141,1617,144007856,29824416,1527539,1713,89059,"",1.33,0.90,1.23,0.89,1.19,1.37,1.37,"",5,3.7,51,3.3,20019954,16.1,2074345,7.5,-29741,-1.9,190,12.5,9867,12.5
"17121","5","2382","76","0","2025","A","",17,193,14756369,3609308,155438,1473,76590,"",1.12,0.94,1.28,1.10,1.33,1.36,1.36,"",1,6.2,25,14.9,2591199,21.3,591224,19.6,60798,64.2,77,5.5,3998,5.5
"17123","5","2382","76","0","2025","A","",8,43,2587897,684625,13154,1160,60301,"",1.59,0.90,0.99,0.75,0.34,1.11,1.11,"",0,0.0,0,0.0,-13501,-0.5,2189,0.3,-981,-6.9,1,0.1,37,0.1
"17125","5","2382","76","0","2025","A","",5,28,1854714,477187,24968,1251,65078,"",0.90,0.59,0.82,0.71,1.39,1.36,1.36,"",-1,-16.7,-5,-15.2,22945,1.3,5407,1.1,13095,110.3,173,16.0,9003,16.1
"17127","5","2382","76","0","2025","A","",7,33,1583016,577812,12462,920,47849,"",1.81,0.69,0.56,0.70,0.54,0.81,0.81,"",-1,-12.5,-11,-25.0,-421262,-21.0,-140464,-19.6,-11160,-47.2,37,4.2,1950,4.2
"17129","5","2382","76","0","2025","A","",4,42,3282283,693804,36607,1488,77382,"",0.88,1.35,2.26,1.54,2.39,1.65,1.65,"",1,33.3,5,13.5,452723,16.0,49737,7.7,-4258,-10.4,24,1.6,1250,1.6
"17131","5","2382","76","0","2025","A","N",4,0,0,0,0,0,0,"N",0.68,0,0,0,0,0,0,"N",1,33.3,0,0,0,0,0,0,0,0,0,0,0,0
"17133","5","2382","76","0","2025","A","",19,61,4384291,1051965,9341,1375,71483,"",1.19,0.43,0.54,0.40,0.11,1.27,1.27,"",1,5.6,-4,-6.2,-26344,-0.6,-159631,-13.2,-6561,-41.3,70,5.4,3627,5.3
"17135","5","2382","76","0","2025","A","",20,91,5353928,1503124,39505,1129,58727,"",1.49,0.62,0.68,0.61,0.51,1.10,1.10,"",-1,-4.8,-9,-9.0,-90633,-1.7,-391874,-20.7,-19173,-32.7,84,8.0,4372,8.0
"17137","5","2382","76","0","2025","A","",16,142,10955682,2294287,87556,1479,76927,"",1.16,0.60,0.80,0.57,0.68,1.32,1.33,"",0,0.0,12,9.2,1201644,12.3,192345,9.2,-16644,-16.0,38,2.6,1992,2.7
"17139","5","2382","76","0","2025","A","",7,83,6289633,1655250,70458,1456,75703,"",1.01,0.96,1.23,0.96,1.32,1.28,1.28,"",-1,-12.5,11,15.3,1286284,25.7,371032,28.9,26347,59.7,110,8.2,5726,8.2
"17141","5","2382","76","0","2025","A","",19,135,8669241,2114767,69681,1236,64296,"",0.95,0.56,0.53,0.47,0.42,0.96,0.96,"",-1,-5.0,-17,-11.2,-1387287,-13.8,-181495,-7.9,-12775,-15.5,-33,-2.6,-1685,-2.6
"17143","5","2382","76","0","2025","A","",92,1609,153802930,28102709,1668772,1838,95584,"",1.21,0.95,1.08,1.04,1.78,1.14,1.14,"",-2,-2.1,173,12.0,27049636,21.3,4701767,20.1,274955,19.7,140,8.2,7311,8.3
"17145","5","2382","76","0","2025","A","",8,17,817826,270102,5124,903,46957,"",1.27,0.23,0.20,0.27,0.17,0.85,0.85,"N",-1,-11.1,0,0,0,0,0,0,0,0,0,0,0,0
"17147","5","2382","76","0","2025","A","",4,16,835408,261779,8285,1009,52486,"",0.53,0.25,0.24,0.23,0.26,0.96,0.96,"",-1,-20.0,1,6.7,107852,14.8,29252,12.6,3556,75.2,66,7.0,3437,7.0
"17149","5","2382","76","0","2025","A","",15,79,3792379,1151827,35670,924,48055,"",1.85,1.24,1.15,1.16,1.12,0.93,0.93,"",1,7.1,2,2.6,-175724,-4.4,-91690,-7.4,-3019,-7.8,-65,-6.6,-3368,-6.5
"17151","5","2382","76","0","2025","A","N",2,0,0,0,0,0,0,"N",2.18,0,0,0,0,0,0,"N",1,100.0,0,0,0,0,0,0,0,0,0,0,0,0
"17155","5","2382","76","0","2025","A","",7,105,8400797,1722939,77145,1539,80008,"",2.18,3.14,3.16,2.47,3.71,1.01,1.01,"",1,16.7,-3,-2.8,43646,0.5,-156248,-8.3,-31380,-28.9,50,3.4,2567,3.3
"17157","5","2382","76","0","2025","A","",16,71,4427575,1179259,40009,1196,62214,"",1.37,0.38,0.36,0.38,0.42,0.96,0.96,"",0,0.0,-35,-33.0,-2547618,-36.5,-466424,-28.3,-3199,-7.4,-75,-5.9,-3902,-5.9
"17159","5","2382","76","0","2025","A","",12,48,2438730,800827,18351,982,51073,"",1.61,0.50,0.46,0.44,0.39,0.91,0.91,"",-2,-14.3,-3,-5.9,-106462,-4.2,-26346,-3.2,-6450,-26.0,19,2.0,1004,2.0
"17161","5","2382","76","0","2025","A","",59,973,79897108,16152281,852862,1580,82149,"",1.07,0.84,0.88,0.83,1.19,1.04,1.04,"",1,1.7,46,5.0,142153,0.2,930041,6.1,-60028,-6.6,-74,-4.5,-3871,-4.5
"17163","5","2382","76","0","2025","A","",100,969,90512353,17281330,760766,1796,93376,"",1.06,0.65,0.95,0.67,0.83,1.45,1.45,"",4,4.2,17,1.8,6390223,7.6,-539752,-3.0,-218695,-22.3,96,5.6,4997,5.7
"17165","5","2382","76","0","2025","A","",18,182,15739379,4267186,106007,1667,86679,"",1.82,1.33,2.13,1.61,1.28,1.60,1.60,"",-1,-5.3,60,49.2,8303186,111.7,1898925,80.2,47266,80.5,492,41.9,25601,41.9
"17167","5","2382","76","0","2025","A","",100,1027,80407948,17608620,890090,1506,78319,"",1.03,0.47,0.46,0.74,1.10,0.99,0.99,"",-6,-5.7,-54,-5.0,793737,1.0,-272494,-1.5,-134918,-13.2,90,6.4,4682,6.4
"17169","5","2382","76","0","2025","A","",3,10,408784,175691,4870,786,40878,"",0.94,0.35,0.24,0.48,0.39,0.70,0.70,"",-1,-25.0,-6,-37.5,-243074,-37.3,-53157,-23.2,-2544,-34.3,-2,-0.3,-76,-0.2
"17171","5","2382","76","0","2025","A","N",2,0,0,0,0,0,0,"N",1.03,0,0,0,0,0,0,"N",0,0.0,0,0,0,0,0,0,0,0,0,0,0,0
"17173","5","2382","76","0","2025","A","",10,56,3327398,929456,8230,1139,59242,"",1.09,0.68,0.74,0.64,0.19,1.08,1.08,"",-2,-16.7,2,3.7,371109,12.6,53684,6.1,-2272,-21.6,88,8.4,4580,8.4
"17175","5","2382","76","0","2025","A","N",3,0,0,0,0,0,0,"N",1.03,0,0,0,0,0,0,"N",1,50.0,0,0,0,0,0,0,0,0,0,0,0,0
"17177","5","2382","76","0","2025","A","",28,522,62016122,8920028,604300,2283,118691,"",1.40,1.80,3.44,1.68,2.61,1.91,1.91,"",-3,-9.7,-111,-17.5,-16190327,-20.7,-2995215,-25.1,-314680,-34.2,-92,-3.9,-4793,-3.9
"17179","5","2382","76","0","2025","A","",72,1018,84668958,18458501,914591,1600,83185,"",1.44,1.30,1.74,1.33,1.81,1.33,1.33,"",-2,-2.7,42,4.3,6420931,8.2,1092994,6.3,-87233,-8.7,58,3.8,3020,3.8
"17181","5","2382","76","0","2025","A","",8,27,1446781,399349,16813,1027,53420,"",1.31,0.31,0.31,0.28,0.37,1.01,1.01,"",1,14.3,0,0.0,-59761,-4.0,-16419,-3.9,-6849,-28.9,-43,-4.0,-2206,-4.0
"17183","5","2382","76","0","2025","A","",22,110,7683615,1825266,98392,1347,70063,"",0.88,0.26,0.30,0.25,0.38,1.16,1.16,"",-2,-8.3,-17,-13.4,-999888,-11.5,-319635,-14.9,-31149,-24.0,33,2.5,1734,2.5
"17185","5","2382","76","0","2025","A","",6,22,1218363,344183,4444,1061,55171,"",1.10,0.39,0.37,0.42,0.16,0.92,0.92,"",-1,-14.3,-2,-8.3,-194790,-13.8,-23005,-6.3,-2495,-36.0,-83,-7.3,-4330,-7.3
"17187","5","2382","76","0","2025","A","",13,49,2881102,810311,8521,1131,58798,"",1.82,0.46,0.54,0.44,0.16,1.17,1.17,"",0,0.0,6,14.0,450495,18.5,135656,20.1,776,10.0,44,4.0,2272,4.0
"17189","5","2382","76","0","2025","A","",7,65,4726438,1117092,13766,1393,72436,"",0.93,0.63,0.68,0.54,0.14,1.08,1.08,"",0,0.0,5,8.3,529032,12.6,92241,9.0,-3436,-20.0,46,3.4,2382,3.4
"17191","5","2382","76","0","2025","A","N",4,0,0,0,0,0,0,"N",0.56,0,0,0,0,0,0,"N",-1,-20.0,0,0,0,0,0,0,0,0,0,0,0,0
"17193","5","2382","76","0","2025","A","N",8,0,0,0,0,0,0,"N",1.24,0,0,0,0,0,0,"N",0,0.0,0,0,0,0,0,0,0,0,0,0,0,0
"17195","5","2382","76","0","2025","A","",20,305,27601415,5805451,349506,1738,90373,"",0.88,0.90,1.38,1.02,1.47,1.53,1.53,"",-3,-13.0,-4,-1.3,1122380,4.2,292306,5.3,13985,4.2,89,5.4,4611,5.4
"17197","5","2382","76","0","2025","A","",434,4073,390705445,77407555,4371402,1845,95930,"",1.40,0.91,1.29,0.86,1.24,1.41,1.41,"",-16,-3.6,88,2.2,27403856,7.5,4860146,6.7,245316,5.9,92,5.2,4768,5.2
"17199","5","2382","76","0","2025","A","",49,408,28121809,6860808,272472,1327,68996,"",1.73,0.83,0.95,0.78,1.00,1.15,1.15,"",-1,-2.0,18,4.6,2594810,10.2,778510,12.8,14157,5.5,68,5.4,3528,5.4
"17201","5","2382","76","0","2025","A","",131,1484,144010880,26702762,1443672,1866,97042,"",1.16,0.71,1.03,0.73,1.10,1.45,1.45,"",-3,-2.2,102,7.4,18478433,14.7,3065727,13.0,-6380,-0.4,120,6.9,6230,6.9
"17203","5","2382","76","0","2025","A","",32,320,26038676,6322157,355829,1563,81286,"",2.05,1.70,2.25,1.91,3.31,1.32,1.32,"",1,3.2,54,20.3,6938755,36.3,1715043,37.2,131307,58.5,183,13.3,9527,13.3
"17999","5","2382","76","0","2025","A","",559,2027,202500472,45589862,1941975,1921,99906,"",0.47,0.54,0.40,0.45,0.40,0.74,0.74,"",-85,-13.2,-42,-2.0,9329150,4.8,-706500,-1.5,-203926,-9.5,126,7.0,6553,7.0
"18000","5","2382","56","0","2025","A","",4242,59262,5055774465,816355105,20601118,1641,85312,"",1.11,1.11,1.34,1.09,1.48,1.21,1.20,"",107,2.6,3302,5.9,650548464,14.8,63754210,8.5,697278,3.5,127,8.4,6592,8.4
"18001","5","2382","76","0","2025","A","",21,97,5080912,1155531,12660,1005,52246,"",1.35,0.45,0.43,0.43,0.21,0.96,0.96,"",0,0.0,-12,-11.0,-246324,-4.6,-108605,-8.6,-4250,-25.1,68,7.3,3521,7.2
"18003","5","2382","76","0","2025","A","",253,4702,450349099,61785194,1891363,1842,95782,"",1.20,1.41,1.98,1.35,2.18,1.40,1.40,"",8,3.3,222,5.0,48706726,12.1,1748580,2.9,-114340,-5.7,118,6.8,6131,6.8
"18005","5","2382","76","0","2025","A","",45,409,27376095,4799859,94856,1288,66962,"",1.06,0.49,0.41,0.40,0.56,0.82,0.82,"",-1,-2.2,5,1.2,1472022,5.7,-23701,-0.5,12021,14.5,54,4.4,2790,4.3
"18007","5","2382","76","0","2025","A","",9,27,1176707,279546,2300,833,43314,"",2.13,0.78,0.58,0.63,0.41,0.73,0.73,"",0,0.0,-1,-3.6,115598,10.9,-1913,-0.7,-513,-18.2,95,12.9,4961,12.9
"18009","5","2382","76","0","2025","A","",6,21,700405,275530,3059,652,33891,"",1.21,0.44,0.27,0.47,0.37,0.63,0.63,"",0,0.0,2,10.5,-28404,-3.9,59055,27.3,669,28.0,-79,-10.8,-4134,-10.9
"18011","5","2382","76","0","2025","A","",45,1082,87202613,14142485,133666,1549,80569,"",0.85,1.35,1.70,1.09,0.59,1.26,1.26,"",-2,-4.3,103,10.5,14196999,19.4,1739387,14.0,-27509,-17.1,115,8.0,6023,8.1
"18013","5","2382","76","0","2025","A","",10,67,3338157,808208,9908,957,49761,"",1.39,1.22,1.38,1.08,0.72,1.13,1.13,"",-1,-9.1,3,4.7,265636,8.6,57998,7.7,-232,-2.3,36,3.9,1878,3.9
"18015","5","2382","76","0","2025","A","",8,82,6032391,915972,11460,1415,73566,"",0.92,0.87,1.13,0.65,0.68,1.30,1.30,"",0,0.0,1,1.2,387110,6.9,-7102,-0.8,2510,28.0,75,5.6,3871,5.6
"18017","5","2382","76","0","2025","A","",18,508,47869778,5856800,40307,1811,94170,"",1.24,2.11,3.58,2.00,0.94,1.69,1.69,"",1,5.9,18,3.7,7450721,18.4,12783,0.2,-373,-0.9,226,14.3,11724,14.2
"18019","5","2382","76","0","2025","A","",71,769,42161495,8673171,146336,1055,54838,"",1.11,0.77,0.69,0.57,0.58,0.90,0.90,"",-1,-1.4,29,3.9,3713802,9.7,138498,1.6,-21562,-12.8,56,5.6,2893,5.6
"18021","5","2382","76","0","2025","A","",15,62,3333211,807582,12900,1035,53834,"",1.44,0.48,0.51,0.46,0.51,1.07,1.07,"",1,7.1,0,0.0,312778,10.4,-29300,-3.5,-3885,-23.1,94,10.0,4920,10.1
"18023","5","2382","76","0","2025","A","",16,84,6677248,978688,7049,1526,79334,"",1.27,0.44,0.58,0.37,0.18,1.33,1.32,"",2,14.3,-3,-3.4,743953,12.5,53404,5.8,1048,17.5,213,16.2,11070,16.2
"18025","5","2382","76","0","2025","A","",7,16,695951,164213,1907,850,44187,"",2.11,0.49,0.45,0.38,0.36,0.94,0.93,"",0,0.0,1,6.7,90721,15.0,-15749,-8.8,-145,-7.1,91,12.0,4715,11.9
"18027","5","2382","76","0","2025","A","",22,226,13835551,2338843,23964,1178,61264,"",1.13,1.02,1.10,0.77,0.58,1.08,1.08,"",0,0.0,16,7.6,2061398,17.5,-91447,-3.8,-2231,-8.5,98,9.1,5085,9.1
"18029","5","2382","76","0","2025","A","",43,203,12171013,2699799,52390,1151,59857,"",1.78,0.81,0.83,0.81,0.93,1.02,1.02,"",3,7.5,20,10.9,1776875,17.1,244017,9.9,6666,14.6,56,5.1,2929,5.1
"18031","5","2382","76","0","2025","A","",14,76,4207496,956166,8136,1069,55606,"",0.99,0.33,0.28,0.28,0.14,0.85,0.85,"",-1,-6.7,1,1.3,509052,13.8,93336,10.8,-699,-7.9,124,13.1,6457,13.1
"18033","5","2382","76","0","2025","A","",25,182,11447912,2035169,17858,1209,62872,"",1.14,0.50,0.45,0.37,0.21,0.89,0.89,"",1,4.2,17,10.3,1486358,14.9,199156,10.8,1335,8.1,45,3.9,2346,3.9
"18035","5","2382","76","0","2025","A","",46,331,22454601,4071311,127296,1303,67753,"",0.99,0.45,0.52,0.46,0.86,1.17,1.17,"",-3,-6.1,-18,-5.2,-461929,-2.0,-388279,-8.7,1383,1.1,40,3.2,2058,3.1
"18037","5","2382","76","0","2025","A","",40,383,26195475,4185248,30289,1315,68395,"",1.45,0.82,0.93,0.64,0.43,1.14,1.14,"",1,2.6,9,2.4,1794514,7.4,-264966,-6.0,-7918,-20.7,60,4.8,3137,4.8
"18039","5","2382","76","0","2025","A","",112,1015,74673422,12679163,150084,1415,73564,"",1.06,0.48,0.49,0.39,0.20,1.03,1.03,"",0,0.0,11,1.1,7435721,11.1,758586,6.4,-10556,-6.6,127,9.9,6572,9.8
"18041","5","2382","76","0","2025","A","",7,31,1079084,310887,2265,664,34531,"",0.85,0.32,0.22,0.26,0.14,0.69,0.69,"",0,0.0,3,10.7,49328,4.8,10915,3.6,-1298,-36.4,-39,-5.5,-2028,-5.5
"18043","5","2382","76","0","2025","A","",44,501,31746723,6504373,105050,1218,63314,"",1.05,0.91,0.92,0.87,0.79,1.02,1.02,"",-1,-2.2,30,6.4,2554839,8.8,407381,6.7,6752,6.9,26,2.2,1325,2.1
"18045","5","2382","76","0","2025","A","N",5,0,0,0,0,0,0,"N",0.69,0,0,0,0,0,0,"N",1,25.0,0,0,0,0,0,0,0,0,0,0,0,0
"18047","5","2382","76","0","2025","A","",8,41,2297714,476367,6979,1084,56386,"",1.11,0.54,0.59,0.51,0.45,1.08,1.08,"",-1,-11.1,-5,-10.9,57913,2.6,-52489,-9.9,84,1.2,148,15.8,7695,15.8
"18049","5","2382","76","0","2025","A","",10,45,2763752,500293,7530,1183,61531,"",1.07,0.43,0.48,0.38,0.31,1.11,1.11,"",-3,-23.1,-5,-10.0,-1984,-0.1,-50509,-9.2,691,10.1,126,11.9,6583,12.0
"18051","5","2382","76","0","2025","A","",15,102,6729833,1586398,60693,1268,65925,"",0.95,0.28,0.24,0.29,0.97,0.83,0.83,"",0,0.0,16,18.6,2095375,45.2,400158,33.7,21239,53.8,227,21.8,11774,21.7
"18053","5","2382","76","0","2025","A","",32,388,28048086,5858108,215748,1391,72351,"",1.27,0.84,1.07,0.94,2.29,1.27,1.27,"",-2,-5.9,31,8.7,4018003,16.7,1118057,23.6,44532,26.0,98,7.6,5103,7.6
"18055","5","2382","76","0","2025","A","",16,85,5649128,997532,12183,1283,66722,"",1.32,0.79,1.03,0.90,0.63,1.31,1.31,"",2,14.3,10,13.3,521103,10.2,-11994,-1.2,-765,-5.9,-38,-2.9,-1957,-2.8
"18057","5","2382","76","0","2025","A","",175,2838,230191267,37013668,645135,1560,81103,"",0.65,1.01,1.04,0.85,0.81,1.03,1.03,"",9,5.4,195,7.4,21773203,10.4,4129750,12.6,-13271,-2.0,43,2.8,2234,2.8
"18059","5","2382","76","0","2025","A","",88,581,37991550,7195335,102012,1258,65437,"",2.11,1.15,1.18,0.96,0.85,1.03,1.03,"",-2,-2.2,-15,-2.5,-1375868,-3.5,-305287,-4.1,8136,8.7,-12,-0.9,-588,-0.9
"18061","5","2382","76","0","2025","A","",28,126,6418931,1439233,13889,980,50944,"",1.85,0.75,0.69,0.67,0.47,0.92,0.92,"",0,0.0,14,12.5,521478,8.8,88714,6.6,1293,10.3,-36,-3.5,-1908,-3.6
"18063","5","2382","76","0","2025","A","",114,1894,158205100,25881501,418680,1606,83522,"",1.30,1.39,1.93,1.26,1.37,1.39,1.39,"",4,3.6,170,9.9,19986928,14.5,3317537,14.7,-49215,-10.5,64,4.2,3357,4.2
"18065","5","2382","76","0","2025","A","",38,268,21620737,3677686,64753,1553,80775,"",2.10,1.15,1.68,1.19,1.32,1.46,1.46,"",8,26.7,66,32.7,10746499,98.8,1096653,42.5,29620,84.3,518,50.0,26964,50.1
"18067","5","2382","76","0","2025","A","",48,1053,102630327,17332952,577622,1875,97480,"",1.26,1.81,2.55,2.19,2.44,1.41,1.41,"",2,4.3,-111,-9.5,-7879372,-7.1,-3969343,-18.6,-258738,-30.9,49,2.7,2527,2.7
"18069","5","2382","76","0","2025","A","",29,159,10721039,1995366,29255,1296,67393,"",1.48,0.69,0.82,0.65,0.55,1.20,1.20,"",2,7.4,22,16.1,2055529,23.7,360532,22.1,9396,47.3,80,6.6,4180,6.6
"18071","5","2382","76","0","2025","A","",28,176,11791177,2225681,21652,1287,66900,"",1.36,0.48,0.49,0.41,0.34,1.03,1.02,"",2,7.7,0,0.0,1724511,17.1,-169952,-7.1,-4719,-17.9,188,17.1,9757,17.1
"18073","5","2382","76","0","2025","A","",21,104,5731536,1131005,13477,1062,55199,"",1.22,0.55,0.53,0.41,0.31,0.97,0.97,"",-3,-12.5,-24,-18.8,-1497500,-20.7,-235987,-17.3,-1147,-7.8,-21,-1.9,-1131,-2.0
"18075","5","2382","76","0","2025","A","",12,96,6475921,1298850,56132,1297,67458,"",1.42,0.83,1.03,0.80,2.14,1.25,1.25,"",0,0.0,8,9.1,1421454,28.1,149835,13.0,2862,5.4,189,17.1,9857,17.1
"18077","5","2382","76","0","2025","A","",12,66,3404903,813804,11425,985,51202,"",0.83,0.31,0.27,0.30,0.31,0.87,0.87,"",3,33.3,2,3.1,8735,0.3,94701,13.2,5714,100.1,-32,-3.1,-1657,-3.1
"18079","5","2382","76","0","2025","A","",24,354,23576707,3829254,54826,1280,66570,"",2.61,2.68,3.26,1.96,1.35,1.22,1.22,"",2,9.1,47,15.3,3264479,16.1,361643,10.4,-41,-0.1,7,0.5,388,0.6
"18081","5","2382","76","0","2025","A","",135,2476,199044187,31455571,732731,1546,80379,"",1.60,2.23,3.14,1.95,2.81,1.41,1.41,"",4,3.1,-89,-3.5,-6077457,-3.0,-2380952,-7.0,-144112,-16.4,8,0.5,397,0.5
"18083","5","2382","76","0","2025","A","",20,121,6725044,1534146,19908,1072,55732,"",1.08,0.43,0.41,0.46,0.42,0.96,0.96,"",1,5.3,2,1.7,325744,5.1,94246,6.5,757,4.0,37,3.6,1919,3.6
"18085","5","2382","76","0","2025","A","",48,574,39931500,7023343,66541,1339,69618,"",1.11,0.96,1.03,0.82,0.49,1.07,1.07,"",1,2.1,24,4.4,2264348,6.0,-3975,-0.1,-28213,-29.8,21,1.6,1101,1.6
"18087","5","2382","76","0","2025","A","",26,233,16122502,2696269,31573,1331,69195,"",1.24,0.95,1.06,0.72,0.36,1.12,1.12,"",2,8.3,38,19.5,3032367,23.2,398879,17.4,3342,11.8,40,3.1,2037,3.0
"18089","5","2382","76","0","2025","A","",267,3982,398331626,57819341,2243039,1924,100044,"",1.12,1.24,1.83,1.34,2.43,1.47,1.47,"",9,3.5,339,9.3,60941263,18.1,4777603,9.0,156557,7.5,143,8.0,7420,8.0
"18091","5","2382","76","0","2025","A","",64,524,44552439,7924820,226762,1636,85091,"",1.30,0.78,1.13,0.87,1.33,1.45,1.45,"",2,3.2,-6,-1.1,4343672,10.8,666726,9.2,-21844,-8.8,176,12.1,9166,12.1
"18093","5","2382","76","0","2025","A","",28,180,11579348,2436388,38845,1241,64509,"",1.56,0.77,0.90,0.75,0.55,1.18,1.18,"",3,12.0,42,30.4,3503646,43.4,647446,36.2,5321,15.9,114,10.1,5883,10.0
"18095","5","2382","76","0","2025","A","",62,555,39283923,7116676,133273,1362,70814,"",1.23,0.82,1.06,0.82,0.83,1.29,1.29,"",8,14.8,95,20.7,8584154,28.0,1530786,27.4,45288,51.5,80,6.2,4148,6.2
"18097","5","2382","76","0","2025","A","",523,12922,1150192889,165400994,3385369,1712,89008,"",0.92,1.24,1.25,1.14,1.22,1.01,1.01,"",12,2.3,1090,9.2,168705981,17.2,14929211,9.9,-27154,-0.8,117,7.3,6054,7.3
"18099","5","2382","76","0","2025","A","",21,168,12025713,2019264,24766,1377,71617,"",0.91,0.51,0.62,0.45,0.37,1.22,1.21,"",1,5.0,-19,-10.2,-792194,-6.2,-225721,-10.1,-4567,-15.6,57,4.3,2980,4.3
"18101","5","2382","76","0","2025","A","N",6,0,0,0,0,0,0,"N",1.04,0,0,0,0,0,0,"N",1,20.0,0,0,0,0,0,0,0,0,0,0,0,0
"18103","5","2382","76","0","2025","A","",17,323,30822899,5153386,71781,1837,95501,"",1.36,2.12,3.63,2.87,1.98,1.71,1.71,"",0,0.0,-7,-2.1,-955580,-3.0,-315050,-5.8,-44923,-38.5,-15,-0.8,-822,-0.9
"18105","5","2382","76","0","2025","A","",61,1361,113051379,17185702,391802,1597,83045,"",0.88,1.20,1.49,1.38,1.64,1.24,1.24,"",2,3.4,217,19.0,26719524,30.9,2123735,14.1,-3594,-0.9,146,10.1,7602,10.1
"18107","5","2382","76","0","2025","A","",22,217,16743495,3386153,78503,1485,77218,"",1.20,0.81,0.96,0.88,1.29,1.18,1.18,"",0,0.0,-19,-8.1,-1177704,-6.6,-1107750,-24.7,-61561,-44.0,22,1.5,1119,1.5
"18109","5","2382","76","0","2025","A","",68,324,20531983,4003284,35550,1217,63305,"",2.44,1.25,1.38,1.20,0.64,1.11,1.11,"",4,6.2,-4,-1.2,539635,2.7,-175850,-4.2,-8619,-19.5,46,3.9,2430,4.0
"18111","5","2382","76","0","2025","A","",12,51,3587227,600888,4886,1359,70684,"",2.06,0.94,1.24,0.83,0.48,1.32,1.32,"",1,9.1,9,21.4,1205693,50.6,16785,2.9,-4922,-50.2,262,23.9,13641,23.9
"18113","5","2382","76","0","2025","A","",21,145,8464348,1748588,16119,1121,58274,"",1.07,0.52,0.54,0.47,0.29,1.03,1.03,"",1,5.0,6,4.3,697339,9.0,125919,7.8,926,6.1,50,4.7,2563,4.6
"18115","5","2382","76","0","2025","A","N",2,0,0,0,0,0,0,"N",1.10,0,0,0,0,0,0,"N",0,0.0,0,0,0,0,0,0,0,0,0,0,0,0
"18117","5","2382","76","0","2025","A","",11,59,3092914,680745,8527,1015,52795,"",1.39,0.48,0.49,0.38,0.32,1.04,1.04,"",0,0.0,1,1.7,95514,3.2,28359,4.3,902,11.8,18,1.8,967,1.9
"18119","5","2382","76","0","2025","A","",12,62,3433490,798253,8173,1069,55603,"",1.57,0.71,0.60,0.68,0.29,0.85,0.85,"",-2,-14.3,-1,-1.6,112645,3.4,106016,15.3,-1589,-16.3,49,4.8,2540,4.8
"18121","5","2382","76","0","2025","A","",10,45,1957140,580006,11755,833,43332,"",1.57,0.76,0.69,0.85,0.84,0.90,0.90,"",0,0.0,-13,-22.4,-953925,-32.8,-138915,-19.3,-4264,-26.6,-136,-14.0,-7076,-14.0
"18123","5","2382","76","0","2025","A","",9,116,8617594,1392766,24143,1434,74557,"",1.17,1.10,1.42,1.07,1.32,1.29,1.29,"",-3,-25.0,8,7.4,676714,8.5,13933,1.0,4631,23.7,23,1.6,1200,1.6
"18125","5","2382","76","0","2025","A","",5,26,1806343,862092,50765,1332,69253,"",1.18,0.58,0.56,1.31,3.07,0.96,0.96,"",0,0.0,14,116.7,1079503,148.5,688569,396.8,47395,1406.4,199,17.6,10320,17.5
"18127","5","2382","76","0","2025","A","",101,1148,97028589,15213719,368936,1625,84495,"",1.19,1.08,1.34,0.99,1.20,1.24,1.24,"",-4,-3.8,-141,-10.9,-1278642,-1.3,-3805616,-20.0,-93630,-20.2,158,10.8,8209,10.8
"18129","5","2382","76","0","2025","A","",21,220,15323775,3366512,129560,1336,69496,"",1.88,1.53,1.38,1.64,3.17,0.90,0.90,"",-1,-4.5,29,15.2,4001229,35.3,762000,29.3,13225,11.4,197,17.3,10267,17.3
"18131","5","2382","76","0","2025","A","",5,38,1939741,448502,3461,995,51726,"",0.73,0.38,0.31,0.28,0.11,0.83,0.83,"",0,0.0,-6,-13.6,-234417,-10.8,-113805,-20.2,-216,-5.9,34,3.5,1745,3.5
"18133","5","2382","76","0","2025","A","",23,145,10118955,1780177,48512,1344,69906,"",1.52,0.69,0.84,0.64,1.19,1.21,1.21,"",1,4.5,9,6.6,800817,8.6,167050,10.4,5646,13.2,26,2.0,1348,2.0
"18135","5","2382","76","0","2025","A","",11,279,36498775,5856005,79304,2518,130937,"",0.97,2.36,5.32,3.41,2.45,2.26,2.26,"",-1,-8.3,34,13.9,4297895,13.3,593003,11.3,9243,13.2,-5,-0.2,-272,-0.2
"18137","5","2382","76","0","2025","A","",26,120,6047629,1371307,16183,967,50292,"",1.64,0.65,0.57,0.57,0.42,0.87,0.87,"",7,36.8,23,23.7,1129491,23.0,208566,17.9,1814,12.6,-6,-0.6,-323,-0.6
"18139","5","2382","76","0","2025","A","",9,53,3124541,606737,6023,1130,58769,"",1.06,0.65,0.67,0.60,0.41,1.02,1.02,"",-1,-10.0,3,6.0,243139,8.4,-97149,-13.8,-1436,-19.3,25,2.3,1332,2.3
"18141","5","2382","76","0","2025","A","",150,2992,281734473,44411714,1633929,1811,94163,"",1.14,1.47,2.05,1.69,3.08,1.39,1.39,"",8,5.6,661,28.4,106116422,60.4,16089894,56.8,930304,132.2,362,25.0,18831,25.0
"18143","5","2382","76","0","2025","A","",10,91,3730212,887064,16490,791,41142,"",1.17,0.66,0.51,0.46,0.63,0.78,0.78,"",0,0.0,3,3.4,420831,12.7,49763,5.9,-847,-4.9,68,9.4,3571,9.5
"18145","5","2382","76","0","2025","A","",34,213,13158382,3096269,65799,1189,61825,"",1.67,0.67,0.65,0.68,0.81,0.97,0.97,"",4,13.3,19,9.8,2726732,26.1,454151,17.2,-910,-1.4,156,15.1,8100,15.1
"18147","5","2382","76","0","2025","A","N",11,0,0,0,0,0,0,"N",1.13,0,0,0,0,0,0,"N",-1,-8.3,0,0,0,0,0,0,0,0,0,0,0,0
"18149","5","2382","76","0","2025","A","N",7,0,0,0,0,0,0,"N",1.04,0,0,0,0,0,0,"N",1,16.7,0,0,0,0,0,0,0,0,0,0,0,0
"18151","5","2382","76","0","2025","A","",23,205,13908338,2356046,47018,1304,67790,"",1.13,0.76,0.94,0.65,0.80,1.23,1.23,"",0,0.0,11,5.7,1230895,9.7,211523,9.9,-1856,-3.8,46,3.7,2386,3.6
"18153","5","2382","76","0","2025","A","",5,34,4623810,1506450,35265,2641,137341,"",0.70,0.36,0.83,1.55,2.59,2.31,2.31,"",0,0.0,0,0.0,1681197,57.1,465297,44.7,10672,43.4,989,59.9,51425,59.9
"18155","5","2382","76","0","2025","A","N",1,0,0,0,0,0,0,"N",0.34,0,0,0,0,0,0,"N",1,100.0,0,0,0,0,0,0,0,0,0,0,0,0
"18157","5","2382","76","0","2025","A","",84,1608,122449628,20956627,512359,1464,76146,"",0.99,1.05,1.18,1.12,1.48,1.13,1.13,"",2,2.4,34,2.2,11644281,10.5,874931,4.4,-119428,-18.9,110,8.1,5741,8.2
"18159","5","2382","76","0","2025","A","",12,160,11782519,1835874,19563,1421,73872,"",1.75,2.09,2.55,1.76,1.29,1.23,1.23,"",0,0.0,14,9.6,1644069,16.2,89207,5.1,629,3.3,89,6.7,4589,6.6
"18161","5","2382","76","0","2025","A","",5,32,1981315,369243,2973,1181,61436,"",1.60,1.13,1.44,1.12,0.73,1.26,1.27,"",0,0.0,1,3.2,205911,11.6,3145,0.9,-573,-16.2,71,6.4,3699,6.4
"18163","5","2382","76","0","2025","A","",116,2969,240692208,40876230,1252261,1559,81057,"",1.13,1.65,2.07,1.68,2.82,1.25,1.25,"",0,0.0,11,0.4,16298062,7.3,1157829,2.9,14513,1.2,100,6.9,5188,6.8
"18165","5","2382","76","0","2025","A","N",8,0,0,0,0,0,0,"N",1.38,0,0,0,0,0,0,"N",0,0.0,0,0,0,0,0,0,0,0,0,0,0,0
"18167","5","2382","76","0","2025","A","",56,983,84470859,14848158,856635,1653,85939,"",1.13,1.25,1.80,1.53,4.63,1.44,1.44,"",0,0.0,105,12.0,17242893,25.6,2159889,17.0,183475,27.3,181,12.3,9406,12.3
"18169","5","2382","76","0","2025","A","",28,255,14785535,3086094,55980,1114,57907,"",1.80,1.25,1.29,1.25,1.51,1.03,1.03,"",1,3.7,0,0.0,444431,3.1,19478,0.6,-5082,-8.3,32,3.0,1631,2.9
"18171","5","2382","76","0","2025","A","",7,54,3689863,580065,4619,1316,68436,"",2.08,1.63,1.89,1.51,1.02,1.16,1.16,"",1,16.7,3,5.9,32854,0.9,29043,5.3,1357,41.6,-58,-4.2,-3036,-4.2
"18173","5","2382","76","0","2025","A","",34,367,31255658,6859261,332648,1638,85185,"",1.21,1.21,1.52,1.57,4.11,1.26,1.26,"",-3,-8.1,1,0.3,2524720,8.8,487321,7.6,39600,13.5,128,8.5,6685,8.5
"18175","5","2382","76","0","2025","A","",13,88,4501422,984271,17100,987,51347,"",1.35,0.93,0.96,0.84,0.84,1.03,1.03,"",2,18.2,20,29.4,1204094,36.5,215114,28.0,3315,24.0,57,6.1,2975,6.2
"18177","5","2382","76","0","2025","A","",36,279,17271270,3774633,98811,1189,61849,"",1.22,0.57,0.61,0.64,1.15,1.07,1.07,"",0,0.0,-8,-2.8,132074,0.8,45725,1.2,-8664,-8.1,40,3.5,2078,3.5
"18179","5","2382","76","0","2025","A","",27,242,17113938,2763080,32683,1359,70670,"",1.94,1.30,1.64,1.07,0.80,1.26,1.26,"",0,0.0,-4,-1.6,1112140,7.0,-36707,-1.3,2176,7.1,111,8.9,5754,8.9
"18181","5","2382","76","0","2025","A","",23,95,5601267,1229429,13478,1137,59116,"",1.65,0.65,0.67,0.60,0.45,1.04,1.04,"",2,9.5,-3,-3.1,215931,4.0,123681,11.2,4606,51.9,79,7.5,4117,7.5
"18183","5","2382","76","0","2025","A","",22,232,17882649,2667206,21101,1481,76997,"",1.46,0.98,1.16,0.82,0.36,1.18,1.18,"",-2,-8.3,-8,-3.3,1130800,6.8,-174280,-6.1,-3944,-15.7,141,10.5,7294,10.5
"18999","5","2382","76","0","2025","A","",304,2419,306042236,60411596,2088299,2433,126499,"",0.80,1.43,1.64,1.82,2.49,1.15,1.15,"",10,3.4,-146,-5.7,46829531,18.1,10717053,21.6,164392,8.5,490,25.2,25458,25.2
"19000","3","2382","56","0","2025","A","N",1,0,0,0,0,0,0,"N",2.18,0,0,0,0,0,0,"N",0,0.0,0,0,0,0,0,0,0,0,0,0,0,0
"19000","5","2382","56","0","2025","A","",2335,31690,2577098809,1366913387,28629621,1564,81322,"",1.07,1.22,1.43,1.35,2.08,1.18,1.18,"",-4,-0.2,440,1.4,174215404,7.3,91636596,7.2,-147418,-0.5,85,5.7,4429,5.8
"19001","5","2382","76","0","2025","A","",8,34,1635756,1230485,33361,932,48467,"",1.24,0.61,0.44,0.47,0.37,0.72,0.72,"",0,0.0,-2,-5.6,105414,6.9,-33176,-2.6,2705,8.8,124,15.3,6444,15.3
"19003","5","2382","76","0","2025","A","N",2,0,0,0,0,0,0,"N",0.70,0,0,0,0,0,0,"N",0,0.0,0,0,0,0,0,0,0,0,0,0,0,0
"19005","5","2382","76","0","2025","A","",13,41,1884733,1386897,27195,891,46346,"",1.41,0.51,0.45,0.46,0.71,0.89,0.89,"",-1,-7.1,5,13.9,344329,22.4,213250,18.2,327,1.2,76,9.3,3950,9.3
"19007","5","2382","76","0","2025","A","",11,67,3909112,2641340,76388,1125,58490,"",1.44,0.89,0.98,0.91,1.64,1.11,1.11,"",0,0.0,-2,-2.9,126648,3.3,-81045,-3.0,-21457,-21.9,68,6.4,3539,6.4
"19009","5","2382","76","0","2025","A","",7,25,1225687,884657,10044,959,49858,"",1.53,0.83,0.69,0.82,1.68,0.84,0.84,"",0,0.0,2,8.7,76212,6.6,86653,10.9,5495,120.8,8,0.8,418,0.8
"19011","5","2382","76","0","2025","A","",14,116,8867016,4266535,33503,1468,76330,"",1.01,1.15,1.55,1.21,0.68,1.35,1.35,"",1,7.7,2,1.8,767581,9.5,125342,3.0,11855,54.8,106,7.8,5489,7.7
"19013","5","2382","76","0","2025","A","",68,930,68875568,36807691,374389,1423,74020,"",0.88,0.79,0.89,0.85,0.67,1.14,1.14,"",-2,-2.9,1,0.1,1981367,3.0,996080,2.8,69757,22.9,39,2.8,2039,2.8
"19015","5","2382","76","0","2025","A","",21,240,18572339,9793753,51640,1485,77224,"",1.45,1.63,2.11,1.98,0.84,1.29,1.29,"",-3,-12.5,-12,-4.8,-1281002,-6.5,-343042,-3.4,-9162,-15.1,-30,-2.0,-1533,-1.9
"19017","5","2382","76","0","2025","A","",16,96,5614720,3594767,41193,1121,58284,"",1.08,0.60,0.60,0.76,0.70,0.99,0.99,"",-1,-5.9,-2,-2.0,313719,5.9,102534,2.9,1104,2.8,84,8.1,4376,8.1
"19019","5","2382","76","0","2025","A","",20,62,2872845,2058174,25040,888,46150,"",1.61,0.55,0.45,0.52,0.47,0.81,0.81,"",2,11.1,0,0.0,158804,5.9,100617,5.1,-32906,-56.8,45,5.3,2316,5.3
"19021","5","2382","76","0","2025","A","",13,87,4793607,3295349,26567,1056,54889,"",1.11,0.51,0.46,0.48,0.45,0.91,0.91,"",-1,-7.1,-3,-3.3,565404,13.4,198033,6.4,-1668,-5.9,148,16.3,7690,16.3
"19023","5","2382","76","0","2025","A","N",7,0,0,0,0,0,0,"N",0.83,0,0,0,0,0,0,"N",-1,-12.5,0,0,0,0,0,0,0,0,0,0,0,0
"19025","5","2382","76","0","2025","A","N",6,0,0,0,0,0,0,"N",0.95,0,0,0,0,0,0,"N",0,0.0,0,0,0,0,0,0,0,0,0,0,0,0
"19027","5","2382","76","0","2025","A","",25,205,14036541,7723599,21233,1318,68527,"",1.37,1.12,1.35,1.23,0.49,1.20,1.20,"",3,13.6,23,12.6,2365684,20.3,1120891,17.0,-8864,-29.5,85,6.9,4431,6.9
"19029","5","2382","76","0","2025","A","",8,73,5917483,2789322,11203,1561,81154,"",0.78,0.77,1.09,0.91,0.28,1.43,1.43,"",0,0.0,-1,-1.4,515875,9.6,137353,5.2,1467,15.1,154,10.9,7995,10.9
"19031","5","2382","76","0","2025","A","",18,76,4056579,2778600,14679,1028,53435,"",1.56,0.87,0.83,0.89,0.40,0.96,0.96,"",-2,-10.0,-2,-2.6,-4947,-0.1,-54248,-1.9,-20596,-58.4,30,3.0,1531,2.9
"19033","5","2382","76","0","2025","A","",42,248,16396270,9709372,153570,1272,66158,"",1.27,0.63,0.68,0.69,1.00,1.07,1.07,"",3,7.7,-107,-30.1,-12783846,-43.8,-6695431,-40.8,-510754,-76.9,-307,-19.4,-15943,-19.4
"19035","5","2382","76","0","2025","A","",12,76,4174724,2968809,59789,1063,55294,"",1.38,0.93,0.91,1.09,2.38,0.99,0.99,"",0,0.0,26,52.0,1830115,78.1,1191244,67.0,19146,47.1,170,19.0,8866,19.1
"19037","5","2382","76","0","2025","A","",16,99,5007970,3298070,7064,977,50799,"",1.98,1.15,0.91,0.86,0.08,0.79,0.79,"",0,0.0,2,2.1,534043,11.9,215933,7.0,-8231,-53.8,88,9.9,4597,9.9
"19039","5","2382","76","0","2025","A","",6,25,2097436,915506,21602,1592,82794,"",1.25,0.31,0.46,0.28,0.94,1.46,1.46,"",2,50.0,6,31.6,372242,21.6,68678,8.1,-5536,-20.4,-170,-9.6,-8809,-9.6
"19041","5","2382","76","0","2025","A","",11,185,11836493,7373736,19386,1229,63895,"",0.79,1.30,1.39,1.45,0.40,1.07,1.07,"",1,10.0,7,3.9,872675,8.0,353829,5.0,-6428,-24.9,41,3.5,2127,3.4
"19043","5","2382","76","0","2025","A","",16,48,2339796,1690270,46626,939,48831,"",1.32,0.47,0.39,0.45,0.59,0.84,0.84,"",0,0.0,-5,-9.4,-29525,-1.2,-92874,-5.2,-13515,-22.5,77,8.9,3986,8.9
"19045","5","2382","76","0","2025","A","",39,261,17796783,11006574,261004,1309,68078,"",1.34,0.83,0.94,0.92,1.36,1.14,1.14,"",1,2.6,-16,-5.8,-556689,-3.0,166578,1.5,-10000,-3.7,36,2.8,1880,2.8
"19047","5","2382","76","0","2025","A","",14,86,5427062,3657824,142155,1207,62741,"",1.43,0.80,0.83,0.88,2.49,1.03,1.03,"",1,7.7,3,3.6,549445,11.3,115699,3.3,-21233,-13.0,73,6.4,3797,6.4
"19049","5","2382","76","0","2025","A","",58,515,31999043,20771841,389050,1196,62184,"",0.80,0.55,0.39,0.49,0.87,0.72,0.72,"",3,5.5,13,2.6,2309183,7.8,1388501,7.2,44297,12.8,58,5.1,3011,5.1
"19051","5","2382","76","0","2025","A","",5,20,1070301,767332,7849,1029,53515,"",1.04,0.60,0.57,0.66,0.84,0.95,0.95,"",-1,-16.7,0,0.0,73314,7.4,11147,1.5,4420,128.9,62,6.4,3247,6.5
"19053","5","2382","76","0","2025","A","",6,27,1348086,983672,16606,954,49623,"",1.36,0.70,0.74,0.97,0.58,1.06,1.06,"",0,0.0,-2,-6.9,-21625,-1.6,-28171,-2.8,4515,37.3,38,4.1,1981,4.2
"19055","5","2382","76","0","2025","A","",10,68,3825037,2401271,10623,1080,56182,"",0.86,0.59,0.55,0.55,0.14,0.94,0.94,"",1,11.1,3,4.6,172989,4.7,264341,12.4,2023,23.5,5,0.5,283,0.5
"19057","5","2382","76","0","2025","A","",30,368,24811842,14839390,426939,1296,67408,"",1.09,1.10,1.24,1.25,1.76,1.13,1.13,"",4,15.4,15,4.2,1118946,4.7,599440,4.2,-318693,-42.7,6,0.5,305,0.5
"19059","3","2382","76","0","2025","A","N",1,0,0,0,0,0,0,"N",255.01,0,0,0,0,0,0,"N",0,0.0,0,0,0,0,0,0,0,0,0,0,0,0
"19059","5","2382","76","0","2025","A","",21,129,8209470,4911020,62558,1222,63557,"",1.13,0.79,0.96,0.76,0.47,1.22,1.22,"",-1,-4.5,3,2.4,-32900,-0.4,60822,1.3,-2819,-4.3,-32,-2.6,-1643,-2.5
"19061","5","2382","76","0","2025","A","",66,632,45505139,26328059,945560,1386,72049,"",0.91,0.66,0.72,0.68,1.63,1.09,1.09,"",1,1.5,21,3.4,4499876,11.0,2575222,10.8,157008,19.9,95,7.4,4901,7.3
"19063","5","2382","76","0","2025","A","",15,60,3551709,2500016,91622,1138,59195,"",2.31,1.09,1.19,1.39,4.59,1.09,1.09,"",1,7.1,8,15.4,581379,19.6,337957,15.6,17896,24.3,45,4.1,2347,4.1
"19065","5","2382","76","0","2025","A","",16,102,6750515,4186018,19123,1272,66127,"",1.21,0.88,1.06,1.06,0.34,1.21,1.21,"",0,0.0,-12,-10.5,-1275031,-15.9,-815502,-16.3,-2431,-11.3,-83,-6.1,-4324,-6.1
"19067","5","2382","76","0","2025","A","",8,53,3036978,1953959,27595,1098,57122,"",0.86,0.57,0.53,0.50,0.82,0.92,0.92,"",-1,-11.1,-5,-8.6,-89181,-2.9,-188142,-8.8,1920,7.5,63,6.1,3300,6.1
"19069","5","2382","76","0","2025","A","N",6,0,0,0,0,0,0,"N",0.85,0,0,0,0,0,0,"N",-1,-14.3,0,0,0,0,0,0,0,0,0,0,0,0
"19071","5","2382","76","0","2025","A","",6,14,599690,439529,16646,819,42582,"",1.08,0.39,0.30,0.29,1.02,0.76,0.76,"N",0,0.0,0,0,0,0,0,0,0,0,0,0,0,0
"19073","5","2382","76","0","2025","A","",6,22,849129,708908,10000,751,39040,"",1.02,0.42,0.26,0.35,0.36,0.64,0.64,"",-1,-14.3,0,0.0,-34279,-3.9,-5012,-0.7,3733,59.6,-10,-1.3,-516,-1.3
"19075","5","2382","76","0","2025","A","",14,44,2306253,1624592,15209,1000,52021,"",1.85,0.65,0.50,0.61,0.17,0.78,0.78,"",-2,-12.5,-1,-2.2,79461,3.6,126366,8.4,-15986,-51.2,43,4.5,2260,4.5
"19077","5","2382","76","0","2025","A","",9,58,3757338,2315458,14761,1244,64689,"",1.20,1.08,1.17,1.29,0.64,1.08,1.08,"",-1,-10.0,0,0.0,341123,10.0,102270,4.6,-6072,-29.1,115,10.2,5958,10.1
"19079","5","2382","76","0","2025","A","",10,68,4032216,2696822,3150,1146,59589,"",1.06,0.71,0.72,0.74,0.09,1.02,1.02,"",0,0.0,-15,-18.1,-1105435,-21.5,-850961,-24.0,-103850,-97.1,-43,-3.6,-2248,-3.6
"19081","5","2382","76","0","2025","A","",7,19,1390704,948653,8904,1439,74836,"",0.97,0.20,0.22,0.20,0.11,1.13,1.13,"",0,0.0,-10,-34.5,-1292749,-48.2,-561314,-37.2,2986,50.5,-325,-18.4,-16906,-18.4
"19083","5","2382","76","0","2025","A","",23,183,10986376,6913301,52127,1152,59898,"",1.87,1.67,1.63,1.78,1.25,0.98,0.98,"",0,0.0,-6,-3.2,266768,2.5,-94424,-1.3,-12669,-19.6,63,5.8,3255,5.7
"19085","5","2382","76","0","2025","A","",17,52,2608855,1847657,43651,963,50090,"",1.78,0.76,0.66,0.78,1.71,0.86,0.86,"",3,21.4,10,23.8,728579,38.7,453772,32.6,19745,82.6,93,10.7,4873,10.8
"19087","5","2382","76","0","2025","A","",10,67,3425815,2431150,14254,982,51068,"",0.81,0.49,0.43,0.43,0.26,0.86,0.86,"",-1,-9.1,-4,-5.6,-50160,-1.4,-93256,-3.7,2937,26.0,39,4.1,2053,4.2
"19089","5","2382","76","0","2025","A","",9,43,2005014,1412998,416,902,46901,"",1.32,0.59,0.50,0.52,0.01,0.86,0.86,"",-1,-10.0,-1,-2.3,-94588,-4.5,-20771,-1.4,-4134,-90.9,-9,-1.0,-458,-1.0
"19091","5","2382","76","0","2025","A","",10,64,3670491,2361002,18693,1100,57202,"",1.43,1.03,1.00,0.98,0.83,0.96,0.96,"",1,11.1,-2,-3.0,165171,4.7,97101,4.3,2465,15.2,71,6.9,3686,6.9
"19093","5","2382","76","0","2025","A","",5,27,1460477,1054362,0,1057,54940,"",0.86,0.44,0.36,0.40,0.00,0.83,0.83,"",0,0.0,-1,-3.6,-122691,-7.7,54751,5.5,-174,-100.0,-34,-3.1,-1770,-3.1
"19095","5","2382","76","0","2025","A","",17,84,4466077,2905526,6549,1023,53220,"",1.20,0.60,0.57,0.50,0.04,0.95,0.95,"",1,6.2,6,7.7,1174969,35.7,841770,40.8,-9048,-58.0,215,26.6,11206,26.7
"19097","5","2382","76","0","2025","A","",15,63,3959176,2408455,42012,1217,63262,"",1.15,0.66,0.80,0.71,0.89,1.23,1.23,"",0,0.0,7,12.5,1112596,39.1,359956,17.6,14206,51.1,239,24.4,12430,24.5
"19099","5","2382","76","0","2025","A","",27,508,35499904,19140099,107864,1344,69893,"",1.41,2.85,3.51,2.99,0.84,1.23,1.23,"",-1,-3.6,6,1.2,1230607,3.6,791570,4.3,-82232,-43.3,33,2.5,1695,2.5
"19101","5","2382","76","0","2025","A","",13,80,7522105,4677695,45233,1810,94124,"",0.87,0.68,1.01,1.07,0.78,1.50,1.50,"",0,0.0,4,5.3,3195739,73.9,1554333,49.8,22427,98.3,722,66.4,37570,66.4
"19103","5","2382","76","0","2025","A","",78,828,59538387,35346428,572950,1383,71914,"",0.78,0.58,0.58,0.92,1.28,0.99,0.99,"",-4,-4.9,-10,-1.2,1032091,1.8,1738791,5.2,-31637,-5.2,40,3.0,2077,3.0
"19105","5","2382","76","0","2025","A","",22,170,9804570,6207125,48363,1111,57787,"",1.72,1.62,1.66,1.79,0.76,1.02,1.02,"",-1,-4.3,4,2.4,408786,4.4,215888,3.6,4005,9.0,23,2.1,1214,2.1
"19107","5","2382","76","0","2025","A","",8,38,2177552,1595295,40677,1090,56682,"",1.31,1.00,1.06,1.22,2.56,1.05,1.05,"",0,0.0,-8,-17.4,-393276,-15.3,-103071,-6.1,-7941,-16.3,11,1.0,591,1.1
"19109","5","2382","76","0","2025","A","",19,64,3428604,2240148,21602,1028,53433,"",1.53,0.59,0.54,0.54,0.55,0.91,0.91,"",-3,-13.6,-71,-52.6,-4358581,-56.0,-3085514,-57.9,-37414,-63.4,-83,-7.5,-4321,-7.5
"19111","5","2382","76","0","2025","A","",24,272,22648780,15991021,300197,1604,83421,"",1.19,1.20,1.53,1.75,1.35,1.28,1.28,"",-2,-7.7,87,47.0,9801298,76.3,8532167,114.4,62205,26.1,270,20.2,14069,20.3
"19113","5","2382","76","0","2025","A","",159,3933,337261921,172384263,4156140,1649,85759,"",1.04,1.88,2.10,1.98,3.08,1.12,1.12,"",4,2.6,225,6.1,41995239,14.2,24676755,16.7,415054,11.1,117,7.6,6119,7.7
"19115","5","2382","76","0","2025","A","",8,28,1437273,1018047,10998,993,51639,"",1.44,0.45,0.41,0.39,0.46,0.90,0.90,"",0,0.0,4,16.7,195515,15.7,113332,12.5,-35351,-76.3,15,1.5,782,1.5
"19117","5","2382","76","0","2025","A","",4,25,1520767,996700,1705,1170,60831,"",0.84,0.47,0.49,0.47,0.13,1.04,1.04,"",0,0.0,1,4.2,134327,9.7,97558,10.9,927,119.2,67,6.1,3461,6.0
"19119","5","2382","76","0","2025","A","",22,156,7900599,5218533,91677,972,50564,"",2.04,1.89,1.68,1.72,3.65,0.89,0.89,"",0,0.0,51,48.6,2147606,37.3,1427085,37.6,71668,358.2,-78,-7.4,-4053,-7.4
"19121","5","2382","76","0","2025","A","",20,90,4490969,3270154,78715,963,50085,"",1.82,1.28,1.13,1.37,2.01,0.88,0.89,"",2,11.1,19,26.8,1082998,31.8,712598,27.9,7142,10.0,36,3.9,1859,3.9
"19123","5","2382","76","0","2025","A","",10,88,4984876,3322749,51112,1093,56862,"",0.83,0.65,0.57,0.68,1.10,0.88,0.88,"",-1,-9.1,0,0.0,205512,4.3,124608,3.9,7259,16.6,50,4.8,2602,4.8
"19125","5","2382","76","0","2025","A","",22,233,17678162,9356945,70988,1459,75845,"",1.05,0.72,0.75,0.65,0.69,1.05,1.05,"",2,10.0,-27,-10.4,-1674319,-8.7,-1590610,-14.5,-71999,-50.4,30,2.1,1555,2.1
"19127","5","2382","76","0","2025","A","",21,116,7904957,4756991,18700,1314,68343,"",1.08,0.44,0.47,0.45,0.14,1.07,1.07,"",-2,-8.7,-5,-4.1,281971,3.7,83662,1.8,-44647,-70.5,102,8.4,5343,8.5
"19129","5","2382","76","0","2025","A","",17,60,3514471,2589786,103750,1125,58493,"",1.83,1.15,1.09,1.41,4.51,0.95,0.95,"",0,0.0,2,3.4,288886,9.0,437822,20.3,-11591,-10.0,54,5.0,2799,5.0
"19131","5","2382","76","0","2025","A","",16,74,4644163,3055712,8015,1215,63186,"",2.21,1.14,1.20,1.23,0.34,1.06,1.06,"",1,6.7,5,7.2,409953,9.7,457226,17.6,-4083,-33.7,29,2.4,1523,2.5
"19133","5","2382","76","0","2025","A","",6,20,902477,701896,20149,882,45889,"",1.03,0.47,0.41,0.55,1.36,0.89,0.89,"",-1,-14.3,5,33.3,192492,27.1,210662,42.9,-518,-2.5,-33,-3.6,-1708,-3.6
"19135","5","2382","76","0","2025","A","N",7,0,0,0,0,0,0,"N",1.44,0,0,0,0,0,0,"N",2,40.0,0,0,0,0,0,0,0,0,0,0,0,0
"19137","5","2382","76","0","2025","A","",14,130,8011121,5086469,34440,1189,61822,"",1.96,1.94,2.09,2.25,1.51,1.08,1.08,"",1,7.7,2,1.6,178461,2.3,183712,3.7,-7926,-18.7,17,1.5,867,1.4
"19139","5","2382","76","0","2025","A","",28,212,11884789,7823836,182480,1078,56038,"",1.18,0.60,0.48,0.51,0.93,0.80,0.80,"",1,3.7,7,3.4,373331,3.2,392867,5.3,18096,11.0,-4,-0.4,-230,-0.4
"19141","5","2382","76","0","2025","A","",12,60,3306855,2232082,9929,1063,55268,"",1.01,0.55,0.56,0.58,0.31,1.02,1.02,"",0,0.0,-2,-3.2,98840,3.1,21979,1.0,-9345,-48.5,63,6.3,3246,6.2
"19143","5","2382","76","0","2025","A","N",5,0,0,0,0,0,0,"N",0.95,0,0,0,0,0,0,"N",0,0.0,0,0,0,0,0,0,0,0,0,0,0,0
"19145","5","2382","76","0","2025","A","",11,47,2655826,1732311,14205,1077,56010,"",1.21,0.45,0.44,0.52,0.63,0.97,0.97,"",0,0.0,4,9.3,440945,19.9,111771,6.9,-8178,-36.5,92,9.3,4799,9.4
"19147","5","2382","76","0","2025","A","",10,92,5499565,3562808,49148,1146,59616,"",1.55,1.51,1.68,1.53,2.33,1.11,1.11,"",-2,-16.7,2,2.2,-490584,-8.2,96319,2.8,-12064,-19.7,-128,-10.0,-6634,-10.0
"19149","5","2382","76","0","2025","A","",23,119,7733774,4401944,26597,1252,65081,"",1.35,0.61,0.59,0.52,0.23,0.96,0.96,"",-1,-4.2,3,2.6,455180,6.3,380566,9.5,-9187,-25.7,49,4.1,2514,4.0
"19151","5","2382","76","0","2025","A","N",3,0,0,0,0,0,0,"N",0.61,0,0,0,0,0,0,"N",-1,-25.0,0,0,0,0,0,0,0,0,0,0,0,0
"19153","5","2382","76","0","2025","A","",316,8860,814384086,399122061,8677623,1768,91922,"",0.79,1.68,1.89,1.78,2.81,1.12,1.12,"",-6,-1.9,198,2.3,70925903,9.5,30085617,8.2,203644,2.4,118,7.2,6096,7.1
"19155","5","2382","76","0","2025","A","",76,1024,83895941,45737921,2191757,1575,81903,"",1.42,1.47,1.90,1.67,5.79,1.30,1.30,"",3,4.1,120,13.3,8917793,11.9,3542174,8.4,327331,17.6,-19,-1.2,-999,-1.2
"19157","5","2382","76","0","2025","A","",18,69,3726546,2664616,41879,1035,53813,"",1.33,0.45,0.37,0.48,0.35,0.82,0.82,"",1,5.9,4,6.2,130423,3.6,268799,11.2,840,2.0,-22,-2.1,-1160,-2.1
"19159","5","2382","76","0","2025","A","",4,18,803344,665421,7788,879,45688,"",1.13,0.77,0.64,0.93,1.15,0.85,0.85,"",0,0.0,1,5.9,80689,11.2,81726,14.0,-5300,-40.5,69,8.5,3592,8.5
"19161","5","2382","76","0","2025","A","",9,31,1598901,1032144,756,997,51856,"",1.20,0.63,0.56,0.58,0.03,0.89,0.89,"",-1,-10.0,0,0.0,16688,1.1,7096,0.7,-3635,-82.8,28,2.9,1494,3.0
"19163","5","2382","76","0","2025","A","",104,3209,304768463,151777364,4866430,1826,94978,"",0.85,2.07,2.88,2.39,4.67,1.39,1.39,"",0,0.0,-134,-4.0,5544813,1.9,5166088,3.5,-43852,-0.9,104,6.0,5459,6.1
"19165","5","2382","76","0","2025","A","",7,36,1488440,1086621,2356,797,41441,"",0.82,0.39,0.28,0.30,0.06,0.71,0.71,"",-1,-12.5,-11,-23.4,-527201,-26.2,-334970,-23.6,-10038,-81.0,-26,-3.2,-1369,-3.2
"19167","5","2382","76","0","2025","A","",38,1173,115630076,48964481,369787,1896,98590,"",1.25,3.05,4.77,3.13,2.80,1.56,1.56,"",-1,-2.6,33,2.9,8547536,8.0,2083296,4.4,-69644,-15.8,89,4.9,4644,4.9
"19169","5","2382","76","0","2025","A","",57,597,41224501,23688522,287574,1327,69005,"",0.96,0.76,0.74,0.96,1.10,0.97,0.97,"",-1,-1.7,-12,-2.0,1253081,3.1,29969,0.1,-73345,-20.3,64,5.1,3353,5.1
"19171","5","2382","76","0","2025","A","",6,46,2873297,1855523,9403,1195,62125,"",0.71,0.51,0.59,0.70,0.30,1.15,1.15,"",1,20.0,2,4.5,239599,9.1,108667,6.2,-15893,-62.8,31,2.7,1580,2.6
"19173","5","2382","76","0","2025","A","N",2,0,0,0,0,0,0,"N",0.54,0,0,0,0,0,0,"N",0,0.0,0,0,0,0,0,0,0,0,0,0,0,0
"19175","5","2382","76","0","2025","A","",9,47,3873912,2100837,12638,1582,82278,"",1.02,0.48,0.70,0.65,0.42,1.45,1.45,"",0,0.0,-3,-6.0,-152050,-3.8,-226566,-9.7,-33646,-72.7,31,2.0,1624,2.0
"19177","5","2382","76","0","2025","A","N",5,0,0,0,0,0,0,"N",1.14,0,0,0,0,0,0,"N",-1,-16.7,0,0,0,0,0,0,0,0,0,0,0,0
"19179","5","2382","76","0","2025","A","",26,310,23984622,13451683,361802,1487,77328,"",1.52,1.22,1.61,1.36,2.55,1.32,1.32,"",0,0.0,17,5.8,4315344,21.9,1934216,16.8,61224,20.4,196,15.2,10197,15.2
"19181","5","2382","76","0","2025","A","",42,342,22008468,13655791,214251,1236,64290,"",1.51,1.50,1.67,1.76,1.46,1.11,1.11,"",0,0.0,-26,-7.1,-1495013,-6.4,-944420,-6.5,-58003,-21.3,9,0.7,480,0.8
"19183","5","2382","76","0","2025","A","",22,107,5781349,4013072,40701,1037,53947,"",1.31,0.73,0.69,0.76,0.54,0.94,0.94,"",0,0.0,4,3.9,457678,8.6,338841,9.2,-32789,-44.6,40,4.0,2093,4.0
"19185","5","2382","76","0","2025","A","N",3,0,0,0,0,0,0,"N",0.86,0,0,0,0,0,0,"N",0,0.0,0,0,0,0,0,0,0,0,0,0,0,0
"19187","5","2382","76","0","2025","A","",34,547,42471380,25021887,335580,1493,77632,"",1.49,1.89,2.30,2.34,2.54,1.22,1.22,"",-1,-2.9,-31,-5.4,1452118,3.5,713246,2.9,-78514,-19.0,128,9.4,6644,9.4
"19189","5","2382","76","0","2025","A","N",9,0,0,0,0,0,0,"N",1.20,0,0,0,0,0,0,"N",0,0.0,0,0,0,0,0,0,0,0,0,0,0,0
"19191","5","2382","76","0","2025","A","",19,201,14145122,7929436,119665,1353,70345,"",1.27,1.14,1.38,1.39,1.01,1.20,1.20,"",1,5.6,9,4.7,913692,6.9,367336,4.9,-46058,-27.8,27,2.0,1371,2.0
"19193","5","2382","76","0","2025","A","",86,1343,113452431,61671907,1109337,1625,84493,"",1.35,1.58,2.18,1.93,2.94,1.38,1.38,"",-6,-6.5,16,1.2,10382725,10.1,7216666,13.3,267422,31.8,131,8.8,6797,8.7
"19195","5","2382","76","0","2025","A","",6,38,2323318,1457059,11817,1184,61545,"",1.35,1.00,1.15,0.97,0.77,1.16,1.16,"",0,0.0,-5,-11.6,-363063,-13.5,-108711,-6.9,-12427,-51.3,-15,-1.3,-808,-1.3
"19197","5","2382","76","0","2025","A","",9,60,4189114,2260392,3312,1354,70405,"",1.00,0.57,0.60,0.55,0.08,1.06,1.06,"",-1,-10.0,-3,-4.8,-772986,-15.6,-377883,-14.3,-7058,-68.1,-159,-10.5,-8254,-10.5
"19999","5","2382","76","0","2025","A","N",3,0,0,0,0,0,0,"N",0.69,0,0,0,0,0,0,"N",1,50.0,0,0,0,0,0,0,0,0,0,0,0,0
"20000","5","2382","56","0","2025","A","",1900,24013,1970256611,443013526,7570214,1578,82051,"",0.99,1.00,1.20,0.68,1.84,1.19,1.19,"",-18,-0.9,1154,5.0,201157681,11.4,28422640,6.9,-1040183,-12.1,90,6.0,4659,6.0
"20001","5","2382","76","0","2025","A","",13,77,3729174,1134234,3511,936,48694,"",1.66,0.82,0.77,0.38,0.34,0.94,0.94,"",-3,-18.8,-2,-2.5,-107086,-2.8,-16591,-1.4,-10387,-74.7,-3,-0.3,-124,-0.3
"20003","5","2382","76","0","2025","A","N",7,0,0,0,0,0,0,"N",1.46,0,0,0,0,0,0,"N",1,16.7,0,0,0,0,0,0,0,0,0,0,0,0
"20005","5","2382","76","0","2025","A","",15,56,2929781,945638,4855,1012,52631,"",1.85,0.59,0.54,0.47,0.25,0.92,0.92,"",0,0.0,-9,-13.8,-262314,-8.2,-126747,-11.8,-7347,-60.2,64,6.8,3332,6.8
"20007","5","2382","76","0","2025","A","N",1,0,0,0,0,0,0,"N",0.25,0,0,0,0,0,0,"N",0,0.0,0,0,0,0,0,0,0,0,0,0,0,0
"20009","5","2382","76","0","2025","A","",22,190,10599821,2839877,2337,1074,55838,"",1.28,1.00,1.03,0.60,0.10,1.03,1.03,"",-1,-4.3,5,2.7,285931,2.8,121469,4.5,-14554,-86.2,2,0.2,87,0.2
"20011","5","2382","76","0","2025","A","",10,37,1786675,597228,4973,924,48072,"",1.30,0.40,0.40,0.28,0.37,0.98,0.98,"",-1,-9.1,-2,-5.1,-76758,-4.1,26372,4.6,-10002,-66.8,9,1.0,495,1.0
"20013","5","2382","76","0","2025","A","",8,20,874667,332352,6003,838,43552,"",1.21,0.28,0.21,0.18,0.55,0.76,0.76,"",0,0.0,3,17.6,253479,40.8,78925,31.1,776,14.8,132,18.7,6832,18.6
"20015","5","2382","76","0","2025","A","",48,276,15380201,5191304,86869,1070,55625,"",1.52,0.83,0.82,0.51,1.47,0.99,0.99,"",3,6.7,31,12.7,1447187,10.4,592211,12.9,-6782,-7.2,-23,-2.1,-1186,-2.1
"20019","5","2382","76","0","2025","A","N",1,0,0,0,0,0,0,"N",0.49,0,0,0,0,0,0,"N",0,0.0,0,0,0,0,0,0,0,0,0,0,0,0
"20021","5","2382","76","0","2025","A","N",7,0,0,0,0,0,0,"N",0.84,0,0,0,0,0,0,"N",-1,-12.5,0,0,0,0,0,0,0,0,0,0,0,0
"20023","5","2382","76","0","2025","A","N",5,0,0,0,0,0,0,"N",1.85,0,0,0,0,0,0,"N",0,0.0,0,0,0,0,0,0,0,0,0,0,0,0
"20025","5","2382","76","0","2025","A","N",1,0,0,0,0,0,0,"N",0.59,0,0,0,0,0,0,"N",-1,-50.0,0,0,0,0,0,0,0,0,0,0,0,0
"20027","5","2382","76","0","2025","A","",9,32,1536138,525756,617,909,47266,"",1.67,0.67,0.72,0.41,0.11,1.06,1.06,"",-1,-10.0,0,0.0,-21457,-1.4,39966,8.2,-5318,-89.6,-34,-3.6,-1792,-3.7
"20029","5","2382","76","0","2025","A","",7,61,3006618,937094,3514,954,49628,"",1.19,1.14,1.21,0.68,0.84,1.06,1.06,"",0,0.0,3,5.2,-27213,-0.9,-3912,-0.4,-8389,-70.5,-45,-4.5,-2306,-4.4
"20031","5","2382","76","0","2025","A","N",4,0,0,0,0,0,0,"N",0.81,0,0,0,0,0,0,"N",0,0.0,0,0,0,0,0,0,0,0,0,0,0,0
"20035","5","2382","76","0","2025","A","",13,84,4897743,1445252,9442,1119,58191,"",0.87,0.38,0.40,0.24,0.24,1.04,1.04,"",-3,-18.8,-6,-6.7,-155598,-3.1,-21812,-1.5,-8898,-48.5,42,3.9,2198,3.9
"20037","5","2382","76","0","2025","A","",25,312,20851694,5602749,32156,1286,66886,"",1.21,1.09,1.41,0.72,0.77,1.29,1.29,"",-1,-3.8,2,0.6,1839579,9.7,210418,3.9,-51045,-61.4,106,9.0,5540,9.0
"20039","5","2382","76","0","2025","A","N",2,0,0,0,0,0,0,"N",0.81,0,0,0,0,0,0,"N",1,100.0,0,0,0,0,0,0,0,0,0,0,0,0
"20041","5","2382","76","0","2025","A","",17,77,4244671,1128117,4512,1061,55185,"",1.61,0.70,0.78,0.39,0.22,1.11,1.11,"",0,0.0,4,5.5,376843,9.7,20825,1.9,-4492,-49.9,43,4.2,2261,4.3
"20043","5","2382","76","0","2025","A","N",3,0,0,0,0,0,0,"N",0.67,0,0,0,0,0,0,"N",0,0.0,0,0,0,0,0,0,0,0,0,0,0,0
"20045","5","2382","76","0","2025","A","",72,510,30599015,8524285,44657,1155,60037,"",1.03,0.60,0.60,0.38,0.38,0.99,0.99,"",3,4.3,26,5.4,2928763,10.6,405435,5.0,-63022,-58.5,56,5.1,2887,5.1
"20047","5","2382","76","0","2025","A","N",2,0,0,0,0,0,0,"N",0.79,0,0,0,0,0,0,"N",-1,-33.3,0,0,0,0,0,0,0,0,0,0,0,0
"20051","5","2382","76","0","2025","A","",22,215,13758411,3526739,11141,1231,64017,"",1.04,0.85,1.02,0.71,0.58,1.20,1.20,"",1,4.8,9,4.4,2082716,17.8,159469,4.7,-16269,-59.4,142,13.0,7385,13.0
"20053","5","2382","76","0","2025","A","N",5,0,0,0,0,0,0,"N",1.40,0,0,0,0,0,0,"N",3,150.0,0,0,0,0,0,0,0,0,0,0,0,0
"20055","5","2382","76","0","2025","A","",32,282,18484584,4505100,24044,1262,65626,"",1.47,0.82,0.94,0.47,0.69,1.16,1.16,"",-2,-5.9,11,4.1,1373001,8.0,-126074,-2.7,-22324,-48.1,48,4.0,2522,4.0
"20057","5","2382","76","0","2025","A","",21,87,5038957,1705588,21352,1115,57975,"",1.28,0.28,0.29,0.22,0.81,1.02,1.02,"",2,10.5,4,4.8,-71666,-1.4,229864,15.6,-7961,-27.2,-73,-6.1,-3785,-6.1
"20059","5","2382","76","0","2025","A","",22,93,5430279,1772960,26754,1122,58338,"",1.64,0.55,0.56,0.36,1.18,1.01,1.01,"",-2,-8.3,-2,-2.1,-126244,-2.3,-62382,-3.4,-24422,-47.7,-1,-0.1,-49,-0.1
"20061","5","2382","76","0","2025","A","",10,63,5145238,1382955,42150,1577,81996,"",0.71,0.30,0.44,0.27,1.72,1.46,1.46,"",0,0.0,17,37.0,1610852,45.6,408261,41.9,10125,31.6,99,6.7,5162,6.7
"20063","5","2382","76","0","2025","A","N",1,0,0,0,0,0,0,"N",0.32,0,0,0,0,0,0,"N",0,0.0,0,0,0,0,0,0,0,0,0,0,0,0
"20065","5","2382","76","0","2025","A","",4,11,459480,187505,2423,822,42742,"",1.79,0.84,0.68,0.43,1.21,0.83,0.83,"",0,0.0,-1,-8.3,-41839,-8.3,-40172,-17.6,603,33.1,-4,-0.5,-228,-0.5
"20067","5","2382","76","0","2025","A","N",6,0,0,0,0,0,0,"N",1.38,0,0,0,0,0,0,"N",0,0.0,0,0,0,0,0,0,0,0,0,0,0,0
"20069","5","2382","76","0","2025","A","",13,125,10437006,2184181,12278,1607,83552,"",2.26,2.46,3.51,1.45,3.27,1.43,1.43,"",0,0.0,17,15.7,1291840,14.1,245519,12.7,-14023,-53.3,-26,-1.6,-1388,-1.6
"20071","5","2382","76","0","2025","A","N",1,0,0,0,0,0,0,"N",0.73,0,0,0,0,0,0,"N",0,0.0,0,0,0,0,0,0,0,0,0,0,0,0
"20073","5","2382","76","0","2025","A","N",3,0,0,0,0,0,0,"N",0.76,0,0,0,0,0,0,"N",0,0.0,0,0,0,0,0,0,0,0,0,0,0,0
"20075","5","2382","76","0","2025","A","N",2,0,0,0,0,0,0,"N",0.98,0,0,0,0,0,0,"N",0,0.0,0,0,0,0,0,0,0,0,0,0,0,0
"20077","5","2382","76","0","2025","A","N",5,0,0,0,0,0,0,"N",1.17,0,0,0,0,0,0,"N",-1,-16.7,0,0,0,0,0,0,0,0,0,0,0,0
"20079","5","2382","76","0","2025","A","",19,154,9946742,2554400,16290,1246,64800,"",1.17,0.65,0.80,0.48,0.41,1.23,1.23,"",-1,-5.0,-1,-0.6,594907,6.4,3685,0.1,-23316,-58.9,84,7.2,4368,7.2
"20081","5","2382","76","0","2025","A","",4,29,1657192,429527,1953,1090,56656,"",1.22,0.96,0.94,0.43,0.63,0.97,0.97,"",0,0.0,4,16.0,520016,45.7,-4716,-1.1,-4288,-68.7,218,25.0,11320,25.0
"20085","5","2382","76","0","2025","A","N",8,0,0,0,0,0,0,"N",1.24,0,0,0,0,0,0,"N",0,0.0,0,0,0,0,0,0,0,0,0,0,0,0
"20087","5","2382","76","0","2025","A","",16,88,5023260,1284268,16253,1103,57354,"",1.93,1.38,1.28,0.64,0.76,0.94,0.94,"",1,6.7,14,18.9,787716,18.6,149436,13.2,-2398,-12.9,-3,-0.3,-142,-0.2
"20089","5","2382","76","0","2025","A","N",1,0,0,0,0,0,0,"N",0.46,0,0,0,0,0,0,"N",0,0.0,0,0,0,0,0,0,0,0,0,0,0,0
"20091","5","2382","76","0","2025","A","",351,7729,754346491,148784805,2244638,1877,97594,"",0.63,1.24,1.43,0.84,1.77,1.15,1.15,"",-7,-2.0,171,2.3,53350147,7.6,5175251,3.6,-743781,-24.9,93,5.2,4842,5.2
"20093","5","2382","76","0","2025","A","N",2,0,0,0,0,0,0,"N",0.68,0,0,0,0,0,0,"N",0,0.0,0,0,0,0,0,0,0,0,0,0,0,0
"20095","5","2382","76","0","2025","A","N",5,0,0,0,0,0,0,"N",1.07,0,0,0,0,0,0,"N",-1,-16.7,0,0,0,0,0,0,0,0,0,0,0,0
"20097","5","2382","76","0","2025","A","N",2,0,0,0,0,0,0,"N",1.03,0,0,0,0,0,0,"N",0,0.0,0,0,0,0,0,0,0,0,0,0,0,0
"20099","5","2382","76","0","2025","A","",12,35,1836188,672452,9813,997,51845,"",1.24,0.25,0.24,0.15,0.46,0.97,0.97,"",2,20.0,1,2.9,-206507,-10.1,-41240,-5.8,-14290,-59.3,-173,-14.8,-8980,-14.8
"20103","5","2382","76","0","2025","A","",45,348,22255599,5982776,56938,1230,63953,"",1.39,0.96,0.94,0.66,0.86,0.98,0.98,"",-6,-11.8,-4,-1.1,1350313,6.5,-136334,-2.2,-85214,-59.9,87,7.6,4521,7.6
"20105","5","2382","76","0","2025","A","N",2,0,0,0,0,0,0,"N",0.96,0,0,0,0,0,0,"N",0,0.0,0,0,0,0,0,0,0,0,0,0,0,0
"20107","5","2382","76","0","2025","A","N",3,0,0,0,0,0,0,"N",0.58,0,0,0,0,0,0,"N",0,0.0,0,0,0,0,0,0,0,0,0,0,0,0
"20109","5","2382","76","0","2025","A","N",2,0,0,0,0,0,0,"N",0.78,0,0,0,0,0,0,"N",-1,-33.3,0,0,0,0,0,0,0,0,0,0,0,0
"20111","5","2382","76","0","2025","A","",17,99,5839842,1618493,8190,1133,58939,"",1.01,0.40,0.44,0.22,0.28,1.09,1.09,"",-3,-15.0,1,1.0,-181507,-3.0,58550,3.8,-7338,-47.3,-43,-3.7,-2191,-3.6
"20113","5","2382","76","0","2025","A","",22,176,11112714,2915925,14593,1215,63170,"",1.18,0.64,0.60,0.42,0.37,0.93,0.93,"",0,0.0,14,8.6,1000727,9.9,209542,7.7,-20781,-58.7,18,1.5,942,1.5
"20115","5","2382","76","0","2025","A","",11,84,4575346,1358029,17759,1043,54253,"",1.65,1.38,1.61,0.88,2.41,1.16,1.16,"",1,10.0,15,21.7,781014,20.6,293163,27.5,1627,10.1,-21,-2.0,-1071,-1.9
"20117","5","2382","76","0","2025","A","",11,30,1044371,398134,2584,677,35204,"",1.43,0.42,0.26,0.22,0.31,0.64,0.64,"",-1,-8.3,0,0.0,79550,8.2,-39966,-9.1,-5112,-66.4,59,9.5,3043,9.5
"20119","5","2382","76","0","2025","A","N",2,0,0,0,0,0,0,"N",0.63,0,0,0,0,0,0,"N",-2,-50.0,0,0,0,0,0,0,0,0,0,0,0,0
"20121","5","2382","76","0","2025","A","",34,208,12803634,3685371,54209,1183,61531,"",1.85,1.34,1.37,0.81,1.49,1.02,1.02,"",2,6.2,22,11.8,1636887,14.7,581935,18.8,-6138,-10.2,28,2.4,1495,2.5
"20123","5","2382","76","0","2025","A","",4,77,4609243,1272398,0,1157,60186,"",0.77,1.50,1.70,0.77,0.00,1.14,1.14,"",-2,-33.3,2,2.7,438181,10.5,-1840,-0.1,-5490,-100.0,87,8.1,4572,8.2
"20125","5","2382","76","0","2025","A","",24,230,15246597,4644560,82767,1276,66338,"",0.61,0.97,1.19,0.74,1.97,1.23,1.23,"",-2,-7.7,-56,-19.6,-3087145,-16.8,-1123579,-19.5,-5112,-5.8,43,3.5,2234,3.5
"20127","5","2382","76","0","2025","A","N",3,0,0,0,0,0,0,"N",0.95,0,0,0,0,0,0,"N",0,0.0,0,0,0,0,0,0,0,0,0,0,0,0
"20129","5","2382","76","0","2025","A","N",4,0,0,0,0,0,0,"N",2.13,0,0,0,0,0,0,"N",2,100.0,0,0,0,0,0,0,0,0,0,0,0,0
"20131","5","2382","76","0","2025","A","",10,49,2220473,733047,23,871,45316,"",1.21,0.51,0.40,0.32,0.00,0.79,0.79,"",0,0.0,4,8.9,315966,16.6,52884,7.8,-7152,-99.7,57,7.0,2994,7.1
"20133","5","2382","76","0","2025","A","",6,27,1218879,415423,482,858,44593,"",0.64,0.25,0.21,0.11,0.03,0.85,0.85,"",-1,-14.3,0,0.0,113244,10.2,-27447,-6.2,-2488,-83.8,82,10.6,4266,10.6
"20135","5","2382","76","0","2025","A","",6,13,744497,248017,2027,1074,55837,"",2.19,0.72,0.77,0.44,1.02,1.04,1.04,"",0,0.0,-2,-13.3,-93699,-11.2,-24648,-9.0,-53,-2.5,-19,-1.7,-990,-1.7
"20137","5","2382","76","0","2025","A","N",1,0,0,0,0,0,0,"N",0.26,0,0,0,0,0,0,"N",0,0.0,0,0,0,0,0,0,0,0,0,0,0,0
"20139","5","2382","76","0","2025","A","",10,49,2130048,827284,8086,843,43843,"",1.42,1.01,1.01,0.54,1.03,1.01,1.01,"",-1,-9.1,-2,-3.9,-120105,-5.3,-25608,-3.0,-6789,-45.6,-11,-1.3,-568,-1.3
"20141","5","2382","76","0","2025","A","N",2,0,0,0,0,0,0,"N",0.64,0,0,0,0,0,0,"N",0,0.0,0,0,0,0,0,0,0,0,0,0,0,0
"20143","5","2382","76","0","2025","A","N",2,0,0,0,0,0,0,"N",0.68,0,0,0,0,0,0,"N",0,0.0,0,0,0,0,0,0,0,0,0,0,0,0
"20145","5","2382","76","0","2025","A","N",4,0,0,0,0,0,0,"N",1.00,0,0,0,0,0,0,"N",0,0.0,0,0,0,0,0,0,0,0,0,0,0,0
"20147","5","2382","76","0","2025","A","",6,14,474680,214283,882,641,33311,"",1.35,0.38,0.25,0.20,0.29,0.64,0.64,"N",2,50.0,0,0,0,0,0,0,0,0,0,0,0,0
"20149","5","2382","76","0","2025","A","",22,119,6700389,2149231,20164,1081,56227,"",1.55,0.71,0.70,0.53,0.92,0.98,0.98,"",1,4.8,2,1.7,505672,8.2,196137,10.0,-12208,-37.7,63,6.2,3281,6.2
"20151","5","2382","76","0","2025","A","",4,44,3022127,673243,1467,1336,69474,"",0.52,0.57,0.73,0.33,0.19,1.30,1.30,"",-1,-20.0,2,4.8,-54897,-1.8,25764,4.0,-4702,-76.2,-84,-5.9,-4375,-5.9
"20153","5","2382","76","0","2025","A","N",1,0,0,0,0,0,0,"N",0.43,0,0,0,0,0,0,"N",0,0.0,0,0,0,0,0,0,0,0,0,0,0,0
"20155","5","2382","76","0","2025","A","",43,311,27099956,5007756,27011,1674,87045,"",1.33,0.70,1.05,0.44,0.44,1.51,1.51,"",-1,-2.3,49,18.7,11315797,71.7,697204,16.2,-16689,-38.2,517,44.7,26858,44.6
"20157","5","2382","76","0","2025","A","N",3,0,0,0,0,0,0,"N",0.73,0,0,0,0,0,0,"N",1,50.0,0,0,0,0,0,0,0,0,0,0,0,0
"20159","5","2382","76","0","2025","A","",8,32,1606648,592507,3815,953,49562,"",1.17,0.50,0.45,0.31,0.61,0.89,0.89,"",0,0.0,-70,-68.6,-10027376,-86.2,-2039910,-77.5,-126098,-97.1,-1233,-56.4,-64126,-56.4
"20161","5","2382","76","0","2025","A","",38,548,38583510,9469189,79037,1354,70408,"",1.01,1.08,1.29,0.91,1.48,1.20,1.20,"",-4,-9.5,-6,-1.1,1121617,3.0,-13869,-0.1,-59047,-42.8,53,4.1,2757,4.1
"20163","5","2382","76","0","2025","A","",6,14,487943,174492,1251,658,34242,"",1.57,0.47,0.32,0.18,0.44,0.67,0.67,"N",0,0.0,0,0,0,0,0,0,0,0,0,0,0,0
"20165","5","2382","76","0","2025","A","N",4,0,0,0,0,0,0,"N",1.89,0,0,0,0,0,0,"N",1,33.3,0,0,0,0,0,0,0,0,0,0,0,0
"20167","5","2382","76","0","2025","A","",7,22,1333798,366663,3934,1166,60627,"",1.21,0.53,0.65,0.38,0.44,1.23,1.23,"",-1,-12.5,-4,-15.4,-88331,-6.2,-62871,-14.6,476,13.8,121,11.6,6278,11.6
"20169","5","2382","76","0","2025","A","",48,668,46107108,11290310,42520,1327,69005,"",1.59,1.32,1.60,0.92,0.83,1.21,1.21,"",0,0.0,9,1.4,1433928,3.2,99515,0.9,-87848,-67.4,24,1.8,1224,1.8
"20171","5","2382","76","0","2025","A","",13,47,1984902,802081,7209,814,42307,"",2.65,1.30,0.93,0.96,2.48,0.71,0.71,"",2,18.2,4,9.3,211847,11.9,102834,14.7,986,15.8,24,3.0,1232,3.0
"20173","5","2382","76","0","2025","A","",324,5043,363080735,86927023,1463762,1385,71997,"",1.18,1.14,1.19,0.75,2.05,1.05,1.05,"",-7,-2.1,142,2.9,17640763,5.1,564329,0.7,-500938,-25.5,30,2.2,1515,2.1
"20175","5","2382","76","0","2025","A","",12,71,4995222,1643791,40280,1358,70604,"",1.07,0.39,0.48,0.29,2.35,1.26,1.26,"",-1,-7.7,2,2.9,382520,8.3,421256,34.5,12228,43.6,71,5.5,3672,5.5
"20177","5","2382","76","0","2025","A","",122,1730,141846396,32072714,616672,1577,81980,"",0.89,1.01,1.20,0.93,2.19,1.19,1.19,"",26,27.1,188,12.2,22300857,18.7,4862385,17.9,-670,-0.1,86,5.8,4437,5.7
"20181","5","2382","76","0","2025","A","N",6,0,0,0,0,0,0,"N",1.12,0,0,0,0,0,0,"N",-1,-14.3,0,0,0,0,0,0,0,0,0,0,0,0
"20183","5","2382","76","0","2025","A","",3,7,194342,91731,4,515,26806,"",0.95,0.31,0.18,0.16,0.00,0.56,0.56,"N",0,0.0,0,0,0,0,0,0,0,0,0,0,0,0
"20185","5","2382","76","0","2025","A","N",2,0,0,0,0,0,0,"N",0.61,0,0,0,0,0,0,"N",0,0.0,0,0,0,0,0,0,0,0,0,0,0,0
"20189","5","2382","76","0","2025","A","N",4,0,0,0,0,0,0,"N",1.02,0,0,0,0,0,0,"N",0,0.0,0,0,0,0,0,0,0,0,0,0,0,0
"20191","5","2382","76","0","2025","A","",14,67,2858239,1097755,6981,815,42397,"",1.19,0.63,0.54,0.33,0.35,0.84,0.84,"",1,7.7,9,15.5,357039,14.3,152815,16.2,-13040,-65.1,-10,-1.2,-481,-1.1
"20193","5","2382","76","0","2025","A","",8,30,1458139,472686,2330,945,49151,"",1.01,0.44,0.39,0.26,0.26,0.90,0.90,"",-2,-20.0,-2,-6.2,-57809,-3.8,-72683,-13.3,-2788,-54.5,32,3.5,1654,3.5
"20195","5","2382","76","0","2025","A","N",1,0,0,0,0,0,0,"N",0.40,0,0,0,0,0,0,"N",0,0.0,0,0,0,0,0,0,0,0,0,0,0,0
"20197","5","2382","76","0","2025","A","N",4,0,0,0,0,0,0,"N",1.11,0,0,0,0,0,0,"N",0,0.0,0,0,0,0,0,0,0,0,0,0,0,0
"20199","5","2382","76","0","2025","A","N",1,0,0,0,0,0,0,"N",0.56,0,0,0,0,0,0,"N",0,0.0,0,0,0,0,0,0,0,0,0,0,0,0
"20201","5","2382","76","0","2025","A","",6,38,1524394,554536,359,778,40471,"",1.10,1.12,0.98,0.67,0.09,0.88,0.88,"N",-1,-14.3,0,0,0,0,0,0,0,0,0,0,0,0
"20203","5","2382","76","0","2025","A","N",1,0,0,0,0,0,0,"N",0.45,0,0,0,0,0,0,"N",0,0.0,0,0,0,0,0,0,0,0,0,0,0,0
"20205","5","2382","76","0","2025","A","N",5,0,0,0,0,0,0,"N",1.11,0,0,0,0,0,0,"N",0,0.0,0,0,0,0,0,0,0,0,0,0,0,0
"20207","5","2382","76","0","2025","A","N",1,0,0,0,0,0,0,"N",0.56,0,0,0,0,0,0,"N",0,0.0,0,0,0,0,0,0,0,0,0,0,0,0
"20209","5","2382","76","0","2025","A","",90,2121,221879427,45685277,1806671,2012,104623,"",1.17,1.36,1.89,0.77,4.19,1.40,1.40,"",-8,-8.2,426,25.1,63181788,39.8,12944642,39.5,697209,62.8,211,11.7,10973,11.7
"20999","5","2382","76","0","2025","A","",8,103,13498137,3777510,164935,2510,130522,"",0.48,0.31,0.39,0.37,1.67,1.25,1.25,"",-2,-20.0,27,35.5,5070267,60.2,2171806,135.3,130431,378.0,380,17.8,19750,17.8
"21000","5","2382","56","0","2025","A","",3378,34075,2532411759,535460698,13921616,1429,74319,"",1.07,1.02,1.12,0.99,1.14,1.09,1.09,"",53,1.6,-916,-2.6,-96087286,-3.7,-71309020,-11.8,-6979635,-33.4,-16,-1.1,-800,-1.1
"21001","5","2382","76","0","2025","A","",9,21,854813,202355,5363,783,40705,"",0.86,0.25,0.21,0.18,0.21,0.85,0.85,"",3,50.0,7,50.0,304057,55.2,-19091,-8.6,507,10.4,26,3.4,1365,3.5
"21003","5","2382","76","0","2025","A","",14,43,2429515,871314,31759,1095,56942,"",1.59,0.50,0.52,0.63,1.18,1.06,1.06,"",4,40.0,11,34.4,876488,56.4,372154,74.6,25042,372.8,174,18.9,9034,18.9
"21005","5","2382","76","0","2025","A","",15,77,4144139,1164798,50472,1032,53646,"",1.30,0.89,0.86,0.89,1.61,0.96,0.96,"",-3,-16.7,9,13.2,823992,24.8,189438,19.4,9812,24.1,86,9.1,4459,9.1
"21007","5","2382","76","0","2025","A","N",8,0,0,0,0,0,0,"N",1.89,0,0,0,0,0,0,"N",1,14.3,0,0,0,0,0,0,0,0,0,0,0,0
"21009","5","2382","76","0","2025","A","",38,430,26995631,5746662,133408,1209,62854,"",1.45,1.64,1.86,1.53,1.80,1.13,1.13,"",-1,-2.6,48,12.6,3648498,15.6,639838,12.5,33993,34.2,35,3.0,1789,2.9
"21011","5","2382","76","0","2025","A","N",3,0,0,0,0,0,0,"N",0.49,0,0,0,0,0,0,"N",0,0.0,0,0,0,0,0,0,0,0,0,0,0,0
"21013","5","2382","76","0","2025","A","",4,28,1195994,382809,13200,836,43491,"",0.34,0.20,0.18,0.20,0.38,0.91,0.91,"N",0,0.0,0,0,0,0,0,0,0,0,0,0,0,0
"21015","5","2382","76","0","2025","A","",103,1012,82575665,15424691,302773,1569,81583,"",0.82,0.57,0.71,0.46,0.43,1.24,1.24,"",-2,-1.9,94,10.2,12275034,17.5,1151161,8.1,12672,4.4,96,6.5,4961,6.5
"21017","5","2382","76","0","2025","A","",16,68,3810880,981754,16436,1074,55837,"",1.28,0.58,0.53,0.49,0.33,0.91,0.91,"",0,0.0,-2,-2.9,249002,7.0,-37783,-3.7,-3881,-19.1,95,9.7,4953,9.7
"21019","5","2382","76","0","2025","A","",35,327,23396301,5513695,164506,1374,71457,"",0.99,0.74,0.79,0.91,1.13,1.06,1.06,"",3,9.4,-3,-0.9,1588254,7.3,307332,5.9,26785,19.4,103,8.1,5355,8.1
"21021","5","2382","76","0","2025","A","",26,192,11533557,3172948,89803,1156,60097,"",1.23,0.79,0.79,0.93,1.20,1.00,1.00,"",2,8.3,45,30.6,2628126,29.5,814124,34.5,42615,90.3,-7,-0.6,-381,-0.6
"21023","5","2382","76","0","2025","A","",7,51,2380463,776059,30886,892,46373,"",1.54,1.95,1.69,2.45,3.95,0.86,0.86,"N",3,75.0,0,0,0,0,0,0,0,0,0,0,0,0
"21025","5","2382","76","0","2025","A","N",3,0,0,0,0,0,0,"N",0.44,0,0,0,0,0,0,"N",1,50.0,0,0,0,0,0,0,0,0,0,0,0,0
"21027","5","2382","76","0","2025","A","",11,69,4673130,1146275,22997,1299,67563,"",1.27,1.10,1.48,1.42,1.30,1.35,1.35,"",0,0.0,1,1.5,317426,7.3,194366,20.4,2990,14.9,75,6.1,3899,6.1
"21029","5","2382","76","0","2025","A","",77,684,61613516,9969709,204512,1733,90100,"",2.08,1.40,2.08,1.11,1.14,1.49,1.49,"",7,10.0,-9,-1.3,577515,0.9,-89014,-0.9,873,0.4,40,2.4,2067,2.3
"21031","5","2382","76","0","2025","A","N",3,0,0,0,0,0,0,"N",0.49,0,0,0,0,0,0,"N",0,0.0,0,0,0,0,0,0,0,0,0,0,0,0
"21033","5","2382","76","0","2025","A","",12,30,1009591,417492,10022,645,33560,"",1.67,0.38,0.27,0.33,0.33,0.70,0.70,"",0,0.0,4,15.4,44545,4.6,50603,13.8,-1378,-12.1,-71,-9.9,-3677,-9.9
"21035","5","2382","76","0","2025","A","",26,144,7315671,1954023,33369,977,50803,"",0.98,0.55,0.54,0.51,0.45,0.98,0.98,"",4,18.2,1,0.7,281252,4.0,81173,4.3,5548,19.9,32,3.4,1640,3.3
"21037","5","2382","76","0","2025","A","",80,604,44684996,8840642,152850,1424,74043,"",1.14,1.13,1.32,1.09,0.87,1.17,1.17,"",-3,-3.6,-11,-1.8,2733654,6.5,-171350,-1.9,5496,3.7,111,8.5,5783,8.5
"21039","5","2382","76","0","2025","A","",6,46,3486183,686447,12420,1468,76340,"",2.16,2.61,3.81,2.57,2.14,1.47,1.47,"",0,0.0,-6,-11.5,-567309,-14.0,-74302,-9.8,-7579,-37.9,-24,-1.6,-1239,-1.6
"21041","5","2382","76","0","2025","A","",11,107,8770339,1910407,29118,1575,81902,"",1.52,0.81,0.80,0.75,0.67,0.98,0.98,"",0,0.0,-42,-28.2,-2678628,-23.4,-783111,-29.1,-19458,-40.1,96,6.5,4977,6.5
"21043","5","2382","76","0","2025","A","",22,94,4518313,1531990,71581,924,48025,"",1.69,1.01,1.00,1.08,1.71,0.99,0.99,"",-1,-4.3,-4,-4.1,-288846,-6.0,-273965,-15.2,-23254,-24.5,-24,-2.5,-1279,-2.6
"21045","5","2382","76","0","2025","A","",7,27,951376,401100,14490,682,35455,"",0.94,0.41,0.28,0.40,0.76,0.68,0.68,"",-1,-12.5,12,80.0,452573,90.7,152157,61.1,5276,57.3,56,8.9,2924,9.0
"21047","5","2382","76","0","2025","A","",46,209,10720618,3089966,75092,987,51336,"",1.07,0.40,0.34,0.35,0.41,0.84,0.84,"",-1,-2.1,-11,-5.0,-2038162,-16.0,-317458,-9.3,2533,3.5,-126,-11.3,-6549,-11.3
"21049","5","2382","76","0","2025","A","",29,289,17251425,4747972,82609,1148,59694,"",1.34,1.28,1.23,1.21,0.96,0.96,0.96,"",0,0.0,3,1.0,552653,3.3,226390,5.0,15737,23.5,25,2.2,1273,2.2
"21051","5","2382","76","0","2025","A","N",2,0,0,0,0,0,0,"N",0.24,0,0,0,0,0,0,"N",0,0.0,0,0,0,0,0,0,0,0,0,0,0,0
"21053","5","2382","76","0","2025","A","N",4,0,0,0,0,0,0,"N",0.68,0,0,0,0,0,0,"N",0,0.0,0,0,0,0,0,0,0,0,0,0,0,0
"21055","5","2382","76","0","2025","A","",5,17,777239,256382,17964,884,45945,"",1.21,0.53,0.51,0.55,1.70,0.97,0.97,"N",0,0.0,0,0,0,0,0,0,0,0,0,0,0,0
"21057","5","2382","76","0","2025","A","N",3,0,0,0,0,0,0,"N",0.77,0,0,0,0,0,0,"N",-1,-25.0,0,0,0,0,0,0,0,0,0,0,0,0
"21059","5","2382","76","0","2025","A","",93,936,58211465,14034682,290617,1195,62159,"",1.31,1.17,1.19,1.12,1.14,1.01,1.01,"",1,1.1,65,7.5,7632555,15.1,1502164,12.0,61344,26.8,78,7.0,4084,7.0
"21061","5","2382","76","0","2025","A","",8,76,4742712,1064510,47901,1205,62679,"",2.13,2.68,3.45,3.04,4.75,1.29,1.29,"",0,0.0,2,2.7,333272,7.6,60662,6.0,1973,4.3,66,5.8,3426,5.8
"21063","5","2382","76","0","2025","A","N",2,0,0,0,0,0,0,"N",1.04,0,0,0,0,0,0,"N",1,100.0,0,0,0,0,0,0,0,0,0,0,0,0
"21065","5","2382","76","0","2025","A","",5,8,404802,139532,11496,944,49067,"",0.98,0.21,0.20,0.30,0.75,0.94,0.93,"N",2,66.7,0,0,0,0,0,0,0,0,0,0,0,0
"21067","5","2382","76","0","2025","A","",252,3916,298125421,59388474,1442592,1464,76138,"",0.84,1.13,1.19,1.17,1.29,1.05,1.05,"",-7,-2.7,30,0.8,13213927,4.6,1481115,2.6,7418,0.5,54,3.8,2827,3.9
"21069","5","2382","76","0","2025","A","N",13,0,0,0,0,0,0,"N",1.49,0,0,0,0,0,0,"N",0,0.0,0,0,0,0,0,0,0,0,0,0,0,0
"21071","5","2382","76","0","2025","A","",18,64,3546248,836809,20495,1070,55627,"",0.78,0.35,0.36,0.32,0.35,1.04,1.04,"",2,12.5,8,14.3,-18285,-0.5,-97224,-10.4,-5,0.0,-150,-12.3,-7836,-12.3
"21073","5","2382","76","0","2025","A","",58,462,28104839,7150222,109065,1169,60767,"",1.07,0.78,0.70,0.94,0.63,0.89,0.89,"",-3,-4.9,12,2.7,2005314,7.7,159146,2.3,-42570,-28.1,53,4.7,2725,4.7
"21075","5","2382","76","0","2025","A","N",3,0,0,0,0,0,0,"N",0.71,0,0,0,0,0,0,"N",1,50.0,0,0,0,0,0,0,0,0,0,0,0,0
"21077","5","2382","76","0","2025","A","N",3,0,0,0,0,0,0,"N",0.91,0,0,0,0,0,0,"N",0,0.0,0,0,0,0,0,0,0,0,0,0,0,0
"21079","5","2382","76","0","2025","A","",28,256,21744611,4417890,102752,1637,85106,"",3.17,5.70,8.76,6.17,4.63,1.54,1.54,"",4,16.7,42,19.6,6184875,39.7,1287152,41.1,20799,25.4,241,17.3,12510,17.2
"21081","5","2382","76","0","2025","A","",18,154,12821841,2453099,53291,1603,83349,"",1.40,1.70,2.68,1.97,1.89,1.58,1.58,"",-1,-5.3,5,3.4,382130,3.1,111879,4.8,3099,6.2,-6,-0.4,-326,-0.4
"21083","5","2382","76","0","2025","A","",38,163,8729566,2411847,48274,1030,53556,"",1.87,0.82,0.77,0.73,0.82,0.94,0.94,"",0,0.0,12,7.9,267819,3.2,-17320,-0.7,9839,25.6,-46,-4.3,-2420,-4.3
"21085","5","2382","76","0","2025","A","",24,106,4956329,1506845,28040,896,46575,"",1.76,0.88,0.81,0.83,0.70,0.93,0.93,"",-1,-4.0,-1,-0.9,185508,3.9,81876,5.7,-2203,-7.3,40,4.7,2057,4.6
"21087","5","2382","76","0","2025","A","",6,19,1074503,401334,27204,1083,56306,"",1.21,0.60,0.68,1.31,4.05,1.14,1.14,"",1,20.0,6,46.2,322490,42.9,157565,64.6,19335,245.7,-15,-1.4,-809,-1.4
"21089","5","2382","76","0","2025","A","",17,95,5277038,1223825,32949,1064,55354,"",1.05,0.81,0.86,0.67,0.84,1.06,1.06,"",2,13.3,11,13.1,879013,20.0,65895,5.7,11497,53.6,61,6.1,3204,6.1
"21091","5","2382","76","0","2025","A","",7,54,5012595,800487,12650,1796,93402,"",1.50,0.89,0.84,0.74,0.62,0.95,0.95,"",1,16.7,9,20.0,1123059,28.9,101329,14.5,-2273,-15.2,146,8.8,7603,8.9
"21093","5","2382","76","0","2025","A","",85,906,73282882,15730176,505236,1556,80923,"",1.14,1.11,1.48,1.21,1.73,1.33,1.33,"",3,3.7,-227,-20.0,-56234267,-43.4,-28460808,-64.4,-2790099,-84.7,-642,-29.2,-33357,-29.2
"21095","5","2382","76","0","2025","A","",9,49,1703770,659253,10879,665,34594,"",0.87,0.47,0.34,0.54,0.48,0.73,0.73,"",1,12.5,4,8.9,84188,5.2,106910,19.4,-5805,-34.8,-30,-4.3,-1531,-4.2
"21097","5","2382","76","0","2025","A","",10,25,2439221,324493,11718,1902,98887,"",1.15,0.29,0.49,0.24,0.41,1.75,1.75,"",0,0.0,-2,-7.4,150492,6.6,-4482,-1.4,-1671,-12.5,292,18.1,15153,18.1
"21099","5","2382","76","0","2025","A","",13,30,1417163,430267,13126,908,47239,"",1.59,0.33,0.27,0.29,0.50,0.82,0.82,"",-1,-7.1,-2,-6.2,-96235,-6.4,-29463,-6.4,3791,40.6,-11,-1.2,-553,-1.2
"21101","5","2382","76","0","2025","A","",35,325,23989740,5819880,148711,1418,73739,"",1.21,1.05,1.20,1.03,1.21,1.14,1.14,"",-3,-7.9,-13,-3.8,2418121,11.2,-136160,-2.3,-53975,-26.6,191,15.6,9933,15.6
"21103","5","2382","76","0","2025","A","",10,18,1186734,362132,20064,1234,64148,"",1.22,0.35,0.41,0.46,1.17,1.12,1.12,"N",3,42.9,0,0,0,0,0,0,0,0,0,0,0,0
"21107","5","2382","76","0","2025","A","",24,191,12899769,3109854,79529,1297,67420,"",1.00,0.66,0.73,0.76,0.79,1.10,1.10,"",2,9.1,23,13.7,2344848,22.2,313150,11.2,-20313,-20.3,88,7.3,4562,7.3
"21109","5","2382","76","0","2025","A","N",2,0,0,0,0,0,0,"N",0.48,0,0,0,0,0,0,"N",0,0.0,0,0,0,0,0,0,0,0,0,0,0,0
"21111","5","2382","76","0","2025","A","",558,9938,837619399,155809032,3848579,1621,84289,"",0.83,1.24,1.29,1.13,1.16,1.04,1.04,"",-10,-1.8,-959,-8.8,-99243556,-10.6,-28370643,-15.4,-2477651,-39.2,-32,-1.9,-1682,-2.0
"21113","5","2382","76","0","2025","A","",71,451,29836107,7378377,291984,1271,66107,"",1.76,1.43,1.57,1.41,2.44,1.10,1.10,"",7,10.9,40,9.7,1918007,6.9,504945,7.3,89315,44.1,-36,-2.8,-1875,-2.8
"21115","5","2382","76","0","2025","A","",12,63,3984897,971533,25000,1224,63673,"",0.97,0.71,0.90,0.76,1.12,1.28,1.28,"",-1,-7.7,6,10.5,930372,30.5,204217,26.6,11934,91.3,193,18.7,10085,18.8
"21117","5","2382","76","0","2025","A","",126,1130,82031187,16808256,319469,1396,72567,"",1.04,0.90,0.82,0.86,0.80,0.91,0.91,"",0,0.0,10,0.9,4958538,6.4,47181,0.3,14131,4.6,73,5.5,3773,5.5
"21119","5","2382","76","0","2025","A","",4,23,1028393,341652,9895,854,44391,"",0.67,0.62,0.59,0.78,1.16,0.95,0.94,"",0,0.0,-8,-25.8,-416221,-28.8,-73204,-17.6,-11748,-54.3,-49,-5.4,-2588,-5.5
"21121","5","2382","76","0","2025","A","",8,45,2630213,642301,16647,1135,58995,"",0.67,0.36,0.42,0.37,0.39,1.19,1.19,"",2,33.3,6,15.4,569586,27.6,89986,16.3,2730,19.6,130,12.9,6717,12.8
"21123","5","2382","76","0","2025","A","",12,126,8884229,1727874,49767,1357,70556,"",1.84,2.89,4.15,2.66,3.61,1.44,1.44,"",0,0.0,21,20.0,1485934,20.1,267670,18.3,19184,62.7,-3,-0.2,-185,-0.3
"21125","5","2382","76","0","2025","A","",32,314,37206381,9211598,136903,2281,118618,"",0.90,0.72,1.56,1.16,0.97,2.17,2.17,"",2,6.7,12,4.0,668232,1.8,1088246,13.4,-127236,-48.2,-42,-1.8,-2203,-1.8
"21127","5","2382","76","0","2025","A","",5,25,1520399,389993,28986,1185,61638,"",0.71,0.40,0.50,0.38,1.31,1.26,1.26,"",-1,-16.7,11,78.6,764157,101.0,158171,68.2,13859,91.6,152,14.7,7940,14.8
"21133","5","2382","76","0","2025","A","N",4,0,0,0,0,0,0,"N",0.41,0,0,0,0,0,0,"N",0,0.0,0,0,0,0,0,0,0,0,0,0,0,0
"21135","5","2382","76","0","2025","A","N",3,0,0,0,0,0,0,"N",0.56,0,0,0,0,0,0,"N",0,0.0,0,0,0,0,0,0,0,0,0,0,0,0
"21137","5","2382","76","0","2025","A","",19,98,5112214,1374984,38118,1007,52388,"",1.82,1.47,1.50,1.53,1.95,1.03,1.03,"",2,11.8,-3,-3.0,-1613119,-24.0,-847038,-38.1,-24696,-39.3,-270,-21.1,-14035,-21.1
"21139","5","2382","76","0","2025","A","",6,29,1594030,391543,7191,1045,54342,"",1.16,0.50,0.39,0.39,0.19,0.77,0.77,"",0,0.0,2,7.4,102495,6.9,-55918,-12.5,-3765,-34.4,-8,-0.8,-393,-0.7
"21141","5","2382","76","0","2025","A","",26,188,10446183,2976045,63023,1066,55442,"",1.64,1.28,1.07,1.22,1.32,0.83,0.83,"",1,4.0,-3,-1.6,-22843,-0.2,204720,7.4,-6228,-9.0,11,1.0,559,1.0
"21143","5","2382","76","0","2025","A","N",5,0,0,0,0,0,0,"N",0.88,0,0,0,0,0,0,"N",0,0.0,0,0,0,0,0,0,0,0,0,0,0,0
"21145","5","2382","76","0","2025","A","",67,1286,95080692,19168786,652124,1422,73930,"",1.18,1.88,2.15,1.73,2.67,1.14,1.15,"",1,1.5,-54,-4.0,-5442381,-5.4,-3398431,-15.1,-64909,-9.1,-21,-1.5,-1115,-1.5
"21147","5","2382","76","0","2025","A","N",5,0,0,0,0,0,0,"N",0.85,0,0,0,0,0,0,"N",1,25.0,0,0,0,0,0,0,0,0,0,0,0,0
"21149","5","2382","76","0","2025","A","",8,67,4000400,1222746,45320,1144,59486,"",1.63,2.34,2.84,2.99,5.61,1.21,1.21,"",0,0.0,-5,-6.9,-155356,-3.7,-39087,-3.1,2224,5.2,35,3.2,1834,3.2
"21151","5","2382","76","0","2025","A","",84,550,30549994,8698044,224480,1069,55579,"",1.34,0.89,0.84,0.92,1.02,0.94,0.94,"",2,2.4,28,5.4,3585682,13.3,1408882,19.3,70712,46.0,75,7.5,3898,7.5
"21153","5","2382","76","0","2025","A","N",2,0,0,0,0,0,0,"N",0.33,0,0,0,0,0,0,"N",1,100.0,0,0,0,0,0,0,0,0,0,0,0,0
"21155","5","2382","76","0","2025","A","",14,74,3404793,1330675,14487,884,45959,"",1.29,0.50,0.41,0.52,0.28,0.82,0.82,"",0,0.0,-12,-14.0,-535906,-13.6,59273,4.7,5598,63.0,-2,-0.2,-131,-0.3
"21157","5","2382","76","0","2025","A","",40,416,24281395,5851161,250393,1124,58439,"",1.92,2.17,1.87,1.81,2.88,0.86,0.86,"",0,0.0,-197,-32.1,-30250332,-55.5,-17077565,-74.5,-1519695,-85.9,-586,-34.3,-30496,-34.3
"21159","5","2382","76","0","2025","A","N",2,0,0,0,0,0,0,"N",0.46,0,0,0,0,0,0,"N",0,0.0,0,0,0,0,0,0,0,0,0,0,0,0
"21161","5","2382","76","0","2025","A","",14,290,22391146,4442722,127745,1483,77122,"",0.98,2.21,3.01,2.21,3.54,1.37,1.37,"",0,0.0,19,7.0,3036940,15.7,347229,8.5,18704,17.2,109,7.9,5660,7.9
"21163","5","2382","76","0","2025","A","",21,240,17613881,3430030,250622,1414,73519,"",1.92,2.67,2.91,2.21,3.83,1.09,1.09,"",-1,-4.5,0,0.0,-148578,-0.8,-390255,-10.2,-34390,-12.1,-7,-0.5,-389,-0.5
"21165","5","2382","76","0","2025","A","N",3,0,0,0,0,0,0,"N",1.11,0,0,0,0,0,0,"N",0,0.0,0,0,0,0,0,0,0,0,0,0,0,0
"21167","5","2382","76","0","2025","A","",12,50,2084402,801368,9600,794,41275,"",1.02,0.47,0.29,0.47,0.25,0.61,0.61,"",1,9.1,2,4.2,203204,10.8,145581,22.2,1472,18.1,44,5.9,2286,5.9
"21169","5","2382","76","0","2025","A","N",3,0,0,0,0,0,0,"N",0.58,0,0,0,0,0,0,"N",1,50.0,0,0,0,0,0,0,0,0,0,0,0,0
"21171","5","2382","76","0","2025","A","",8,28,1325731,439336,16881,911,47348,"",1.31,0.52,0.45,0.56,1.02,0.87,0.87,"",2,33.3,3,12.0,116269,9.6,77655,21.5,3173,23.1,-26,-2.8,-1355,-2.8
"21173","5","2382","76","0","2025","A","",23,88,4454457,1412704,32179,968,50333,"",1.29,0.52,0.48,0.51,0.47,0.92,0.92,"",1,4.5,-3,-3.3,-69716,-1.5,-101943,-6.7,-862,-2.6,13,1.4,662,1.3
"21175","5","2382","76","0","2025","A","N",6,0,0,0,0,0,0,"N",1.03,0,0,0,0,0,0,"N",2,50.0,0,0,0,0,0,0,0,0,0,0,0,0
"21177","5","2382","76","0","2025","A","",21,79,4527324,1294249,39028,1099,57127,"",1.44,0.60,0.59,0.66,0.67,0.97,0.97,"",1,5.0,-29,-26.9,-3135999,-40.9,-380500,-22.7,-46757,-54.5,-264,-19.4,-13775,-19.4
"21179","5","2382","76","0","2025","A","",48,518,29496415,7349984,135585,1095,56934,"",1.58,1.68,1.51,1.37,1.04,0.90,0.90,"",2,4.3,43,9.1,1911981,6.9,378292,5.4,17555,14.9,-21,-1.9,-1118,-1.9
"21181","5","2382","76","0","2025","A","",6,33,2397350,501534,9222,1401,72831,"",2.26,2.05,3.69,2.36,1.83,1.80,1.80,"N",1,20.0,0,0,0,0,0,0,0,0,0,0,0,0
"21183","5","2382","76","0","2025","A","",11,37,1858025,481930,9353,966,50217,"",1.06,0.30,0.29,0.26,0.26,0.96,0.96,"",1,10.0,-3,-7.5,-30116,-1.6,-7856,-1.6,4038,76.0,54,5.9,2816,5.9
"21185","5","2382","76","0","2025","A","",60,392,24087024,5364073,92460,1182,61446,"",1.20,1.38,1.17,1.24,0.97,0.84,0.84,"",-2,-3.2,-4,-1.0,871061,3.8,-527700,-9.0,1934,2.1,56,5.0,2894,4.9
"21187","5","2382","76","0","2025","A","",4,18,1298059,252100,855,1349,70165,"",1.09,0.68,0.85,0.76,0.12,1.23,1.23,"",0,0.0,-1,-5.3,7386,0.6,20044,8.6,174,25.6,43,3.3,2235,3.3
"21191","5","2382","76","0","2025","A","",15,52,2896012,789067,20094,1080,56142,"",2.62,1.40,1.27,1.54,1.84,0.91,0.91,"",2,15.4,10,23.8,823555,39.7,135836,20.8,4091,25.6,137,14.5,7090,14.5
"21193","5","2382","76","0","2025","A","",15,160,9902984,2589646,75320,1193,62023,"",0.81,0.85,0.91,1.04,1.40,1.07,1.07,"",1,7.1,-3,-1.8,-218494,-2.2,-65031,-2.4,18612,32.8,2,0.2,86,0.1
"21195","5","2382","76","0","2025","A","",20,225,12652589,3171822,73567,1083,56338,"",0.63,0.67,0.65,0.78,0.75,0.97,0.97,"",-2,-9.1,8,3.7,1394700,12.4,200482,6.7,9442,14.7,87,8.7,4558,8.8
"21197","5","2382","76","0","2025","A","",8,24,1299603,380659,18807,1064,55302,"",1.29,0.48,0.56,0.48,0.90,1.19,1.19,"",0,0.0,9,60.0,476886,58.0,174660,84.8,13907,283.8,3,0.3,148,0.3
"21199","5","2382","76","0","2025","A","",50,547,34723419,8811434,226700,1220,63431,"",1.13,1.22,1.45,1.18,1.50,1.18,1.18,"",0,0.0,16,3.0,5024186,16.9,1617679,22.5,72023,46.6,144,13.4,7474,13.4
"21201","5","2382","76","0","2025","A","N",2,0,0,0,0,0,0,"N",1.73,0,0,0,0,0,0,"N",0,0.0,0,0,0,0,0,0,0,0,0,0,0,0
"21203","5","2382","76","0","2025","A","",6,29,1897438,488689,32485,1244,64685,"",1.06,0.45,0.62,0.50,1.72,1.36,1.36,"N",1,20.0,0,0,0,0,0,0,0,0,0,0,0,0
"21205","5","2382","76","0","2025","A","",20,66,3445465,1018660,28277,998,51877,"",1.24,0.37,0.36,0.46,0.56,0.95,0.95,"",2,11.1,-3,-4.3,122936,3.7,-192503,-15.9,-13681,-32.6,75,8.1,3898,8.1
"21207","5","2382","76","0","2025","A","",10,18,674767,253441,6770,708,36805,"",0.91,0.18,0.13,0.15,0.16,0.74,0.74,"",0,0.0,3,20.0,110629,19.6,78039,44.5,4885,259.2,-32,-4.3,-1659,-4.3
"21209","5","2382","76","0","2025","A","",51,425,34750787,9773257,436988,1573,81815,"",1.39,0.81,0.80,1.01,2.07,0.99,0.99,"",-1,-1.9,41,10.7,7204980,26.2,2457359,33.6,169289,63.2,195,14.2,10174,14.2
"21211","5","2382","76","0","2025","A","",38,246,16429114,3466294,72647,1286,66853,"",1.18,0.89,0.92,0.71,0.66,1.04,1.04,"",-1,-2.6,4,1.7,1256800,8.3,94025,2.8,3933,5.7,78,6.5,4049,6.4
"21213","5","2382","76","0","2025","A","",17,112,5839314,1656649,79865,1000,51982,"",1.18,0.72,0.64,0.58,1.12,0.89,0.89,"",2,13.3,-1,-0.9,74217,1.3,-164470,-9.0,-2457,-3.0,20,2.0,1039,2.0
"21215","5","2382","76","0","2025","A","",23,126,7600865,2034621,84336,1160,60324,"",2.48,3.30,3.87,3.97,6.55,1.17,1.17,"",5,27.8,26,26.0,1602974,26.7,377906,22.8,34096,67.9,11,1.0,594,1.0
"21217","5","2382","76","0","2025","A","",24,114,5156675,1657867,32069,869,45201,"",1.32,0.59,0.53,0.59,0.67,0.89,0.89,"",0,0.0,-6,-5.0,64141,1.3,100005,6.4,6935,27.6,55,6.8,2851,6.7
"21219","5","2382","76","0","2025","A","",8,36,2262203,536466,30682,1203,62549,"",1.22,0.73,0.85,0.69,1.62,1.16,1.16,"",2,33.3,-5,-12.2,-857879,-27.5,-275115,-33.9,-8728,-22.1,-272,-18.4,-14174,-18.5
"21221","5","2382","76","0","2025","A","",7,20,777927,396882,6551,745,38735,"",0.97,0.41,0.35,0.58,0.36,0.85,0.85,"",0,0.0,-1,-4.8,7009,0.9,-36540,-8.4,-4194,-39.0,47,6.7,2457,6.8
"21223","5","2382","76","0","2025","A","",10,18,858399,275380,21363,913,47469,"",3.16,1.05,0.74,1.00,3.18,0.70,0.70,"N",-1,-9.1,0,0,0,0,0,0,0,0,0,0,0,0
"21225","5","2382","76","0","2025","A","",9,35,2121873,880340,33861,1163,60481,"",1.17,0.40,0.36,0.57,1.13,0.92,0.92,"",-1,-10.0,1,2.9,70345,3.4,198873,29.2,21518,174.3,8,0.7,436,0.7
"21227","5","2382","76","0","2025","A","",127,1168,87087486,17571051,386077,1434,74556,"",1.18,0.97,1.18,0.89,0.81,1.21,1.21,"",5,4.1,54,4.8,9272747,11.9,1242009,7.6,62257,19.2,90,6.7,4678,6.7
"21229","5","2382","76","0","2025","A","",18,99,5745175,1563060,50471,1115,57983,"",2.50,1.66,1.67,1.56,2.20,1.00,1.00,"",0,0.0,17,20.7,959179,20.0,282485,22.1,24489,94.3,-6,-0.5,-324,-0.6
"21231","5","2382","76","0","2025","A","",8,13,850815,222387,15820,1235,64212,"",0.88,0.15,0.22,0.18,0.58,1.41,1.41,"N",3,60.0,0,0,0,0,0,0,0,0,0,0,0,0
"21233","5","2382","76","0","2025","A","",9,372,30062719,6779290,62191,1553,80741,"",1.55,7.80,10.34,8.93,4.17,1.32,1.32,"",-1,-10.0,78,26.5,6204841,26.0,1488580,28.1,15805,34.1,-5,-0.3,-270,-0.3
"21235","5","2382","76","0","2025","A","",19,68,3110138,1105404,49454,881,45793,"",0.91,0.27,0.24,0.35,0.74,0.89,0.89,"",4,26.7,3,4.6,284428,10.1,149414,15.6,10729,27.7,40,4.8,2040,4.7
"21237","5","2382","76","0","2025","A","N",2,0,0,0,0,0,0,"N",0.54,0,0,0,0,0,0,"N",1,100.0,0,0,0,0,0,0,0,0,0,0,0,0
"21239","5","2382","76","0","2025","A","",27,104,5744778,1525239,53720,1061,55194,"",1.24,0.63,0.57,0.57,0.86,0.92,0.92,"",1,3.8,-2,-1.9,234282,4.3,-219153,-12.6,-5621,-9.5,60,6.0,3167,6.1
"21999","5","2382","76","0","2025","A","",73,689,55983774,12351337,515336,1562,81205,"",0.84,1.09,0.90,0.87,1.37,0.83,0.83,"",-9,-11.0,-219,-24.1,-11207600,-16.7,-5399585,-30.4,-108421,-17.4,139,9.8,7212,9.7
"22000","3","2382","56","0","2025","A","",3,10,567830,0,0,1048,54512,"",4.62,1.88,1.87,0.00,0.00,0.96,0.96,"",0,0.0,1,11.1,92033,19.3,0,0.0,0,0.0,76,7.8,3985,7.9
"22000","5","2382","56","0","2025","A","",3792,35859,2842981208,409386269,7677396,1525,79282,"",1.23,1.11,1.29,1.10,1.16,1.15,1.15,"",149,4.1,-692,-1.9,142510796,5.3,-12663143,-3.0,-1147102,-13.0,104,7.3,5400,7.3
"22001","5","2382","76","0","2025","A","",48,244,12784014,2443068,35433,1007,52358,"",1.68,0.98,1.03,0.86,0.68,1.04,1.04,"",-2,-4.0,9,3.8,748926,6.2,82616,3.5,1820,5.4,21,2.1,1109,2.2
"22003","5","2382","76","0","2025","A","N",3,0,0,0,0,0,0,"N",0.35,0,0,0,0,0,0,"N",0,0.0,0,0,0,0,0,0,0,0,0,0,0,0
"22005","5","2382","76","0","2025","A","",112,1163,90886752,15161381,251933,1503,78154,"",1.41,1.38,1.36,1.28,1.00,0.99,0.99,"",12,12.0,70,6.4,4814174,5.6,101550,0.7,-58704,-18.9,-11,-0.7,-583,-0.7
"22007","5","2382","76","0","2025","A","",10,79,3509585,720105,6734,854,44425,"",1.54,1.18,0.82,0.90,0.45,0.69,0.70,"",0,0.0,6,8.2,-81684,-2.3,52187,7.8,366,5.7,-90,-9.5,-4658,-9.5
"22009","5","2382","76","0","2025","A","",25,92,3359451,850118,10658,704,36582,"",1.32,0.56,0.44,0.54,0.44,0.78,0.78,"",3,13.6,10,12.2,384951,12.9,97881,13.0,1332,14.3,4,0.6,160,0.4
"22011","5","2382","76","0","2025","A","",21,60,3041308,866091,17675,977,50830,"",1.22,0.40,0.35,0.52,0.63,0.87,0.87,"",0,0.0,-35,-36.8,-2520225,-45.3,-1096305,-55.9,-31074,-63.7,-152,-13.5,-7867,-13.4
"22013","5","2382","76","0","2025","A","",7,19,823824,188838,2737,819,42612,"",1.11,0.28,0.21,0.24,0.17,0.72,0.72,"",2,40.0,5,35.7,251031,43.8,46273,32.5,-541,-16.5,27,3.4,1453,3.5
"22015","5","2382","76","0","2025","A","",102,742,47201298,7884646,127543,1223,63578,"",1.40,0.98,1.07,0.93,0.87,1.09,1.09,"",11,12.1,131,21.4,10169563,27.5,1755650,28.6,21543,20.3,57,4.9,2945,4.9
"22017","5","2382","76","0","2025","A","",198,2297,158787802,23225790,362263,1329,69133,"",1.26,1.25,1.32,1.18,1.11,1.06,1.06,"",7,3.7,54,2.4,14076493,9.7,1356210,6.2,-1082,-0.3,88,7.1,4626,7.2
"22019","5","2382","76","0","2025","A","",201,1793,129104437,20589157,419589,1385,72008,"",1.67,1.20,1.26,1.18,1.43,1.05,1.05,"",19,10.4,-169,-8.6,5932597,4.8,-998755,-4.6,-69631,-14.2,177,14.7,9216,14.7
"22021","5","2382","76","0","2025","A","N",2,0,0,0,0,0,0,"N",0.45,0,0,0,0,0,0,"N",1,100.0,0,0,0,0,0,0,0,0,0,0,0,0
"22023","5","2382","76","0","2025","A","N",5,0,0,0,0,0,0,"N",1.54,0,0,0,0,0,0,"N",1,25.0,0,0,0,0,0,0,0,0,0,0,0,0
"22025","5","2382","76","0","2025","A","N",2,0,0,0,0,0,0,"N",0.37,0,0,0,0,0,0,"N",0,0.0,0,0,0,0,0,0,0,0,0,0,0,0
"22027","5","2382","76","0","2025","A","N",3,0,0,0,0,0,0,"N",0.57,0,0,0,0,0,0,"N",0,0.0,0,0,0,0,0,0,0,0,0,0,0,0
"22029","5","2382","76","0","2025","A","N",2,0,0,0,0,0,0,"N",0.21,0,0,0,0,0,0,"N",0,0.0,0,0,0,0,0,0,0,0,0,0,0,0
"22031","5","2382","76","0","2025","A","",18,344,19267240,4478818,79957,1077,56009,"",1.39,2.45,1.88,2.67,2.21,0.77,0.77,"",0,0.0,30,9.6,2420510,14.4,689000,18.2,13945,21.1,44,4.3,2300,4.3
"22033","5","2382","76","0","2025","A","",378,5370,462931815,60468796,1244467,1658,86204,"",1.00,1.19,1.38,1.16,1.21,1.16,1.16,"",7,1.9,-1238,-18.7,-132181382,-22.2,-23467513,-28.0,-909420,-42.2,-74,-4.3,-3861,-4.3
"22035","5","2382","76","0","2025","A","N",1,0,0,0,0,0,0,"N",0.29,0,0,0,0,0,0,"N",1,100.0,0,0,0,0,0,0,0,0,0,0,0,0
"22037","5","2382","76","0","2025","A","",12,81,5348554,854273,14224,1274,66236,"",1.55,0.93,0.90,1.26,1.31,0.97,0.97,"",2,20.0,54,200.0,4114677,333.5,594809,229.2,10710,304.8,381,42.7,19821,42.7
"22039","5","2382","76","0","2025","A","",14,44,1585420,416733,4447,697,36238,"",1.11,0.33,0.24,0.29,0.18,0.74,0.74,"",0,0.0,0,0.0,158965,11.1,-26316,-5.9,1538,52.9,74,11.9,3819,11.8
"22041","5","2382","76","0","2025","A","N",13,0,0,0,0,0,0,"N",1.38,0,0,0,0,0,0,"N",2,18.2,0,0,0,0,0,0,0,0,0,0,0,0
"22043","5","2382","76","0","2025","A","",13,118,10400545,1176344,21091,1702,88515,"",2.28,2.07,2.53,2.54,2.00,1.23,1.23,"",2,18.2,11,10.3,1358987,15.0,220951,23.1,5973,39.5,72,4.4,3750,4.4
"22045","5","2382","76","0","2025","A","",58,745,52323062,7994769,85918,1351,70232,"",1.55,1.82,1.97,1.65,0.97,1.08,1.08,"",8,16.0,99,15.3,8668557,19.9,1402204,21.3,36392,73.5,50,3.8,2603,3.8
"22047","5","2382","76","0","2025","A","",21,178,13525683,1727234,31097,1464,76130,"",1.30,0.65,0.51,0.48,0.36,0.78,0.78,"",2,10.5,7,4.1,2045955,17.8,-117690,-6.4,-11753,-27.4,174,13.5,9030,13.5
"22049","5","2382","76","0","2025","A","",8,59,3292951,716561,14074,1076,55971,"",1.27,0.90,0.83,1.04,1.29,0.93,0.93,"",1,14.3,12,25.5,746759,29.3,157057,28.1,1710,13.8,40,3.9,2083,3.9
"22051","3","2382","76","0","2025","A","N",1,0,0,0,0,0,0,"N",15.08,0,0,0,0,0,0,"N",0,0.0,0,0,0,0,0,0,0,0,0,0,0,0
"22051","5","2382","76","0","2025","A","",477,4549,326875075,51073186,887026,1382,71860,"",1.52,1.46,1.46,1.40,1.52,1.00,1.00,"",0,0.0,-269,-5.6,-12541377,-3.7,416023,0.8,17748,2.0,27,2.0,1420,2.0
"22053","5","2382","76","0","2025","A","",24,144,7500653,1518288,23204,1002,52088,"",1.53,1.09,1.14,1.10,1.23,1.05,1.05,"",-1,-4.0,6,4.3,460876,6.5,103583,7.3,3705,19.0,21,2.1,1075,2.1
"22055","5","2382","76","0","2025","A","",245,2446,176147071,28021367,499711,1385,72017,"",1.03,1.05,1.17,0.99,1.03,1.11,1.11,"",11,4.7,242,11.0,35020164,24.8,3630538,14.9,115680,30.1,154,12.5,7980,12.5
"22057","5","2382","76","0","2025","A","",59,334,24518542,5407593,128515,1412,73409,"",1.37,0.57,0.57,0.83,1.32,0.99,0.99,"",3,5.4,87,35.2,8494112,53.0,2155645,66.3,65377,103.5,163,13.1,8445,13.0
"22059","5","2382","76","0","2025","A","",10,75,3174908,810982,18563,816,42426,"",1.09,0.95,0.75,0.98,1.32,0.79,0.79,"",-2,-16.7,15,25.0,672857,26.9,225138,38.4,5964,47.3,15,1.9,783,1.9
"22061","5","2382","76","0","2025","A","",37,378,20497307,3687129,52456,1044,54286,"",1.24,1.19,1.22,1.11,1.00,1.03,1.03,"",3,8.8,37,10.9,2487270,13.8,304787,9.0,5247,11.1,30,3.0,1535,2.9
"22063","5","2382","76","0","2025","A","",165,758,44712286,7802205,107482,1134,58968,"",2.58,1.45,1.66,1.29,1.08,1.15,1.15,"",6,3.8,9,1.2,2529489,6.0,-56951,-0.7,-7271,-6.3,50,4.6,2618,4.6
"22065","5","2382","76","0","2025","A","N",4,0,0,0,0,0,0,"N",0.77,0,0,0,0,0,0,"N",0,0.0,0,0,0,0,0,0,0,0,0,0,0,0
"22067","5","2382","76","0","2025","A","N",10,0,0,0,0,0,0,"N",0.90,0,0,0,0,0,0,"N",-2,-16.7,0,0,0,0,0,0,0,0,0,0,0,0
"22069","5","2382","76","0","2025","A","",19,90,4779524,855132,13117,1025,53303,"",0.93,0.38,0.40,0.35,0.26,1.04,1.04,"",0,0.0,-19,-17.4,-37005,-0.8,-179480,-17.3,-1199,-8.4,173,20.3,8979,20.3
"22071","5","2382","76","0","2025","A","",147,1118,192605942,13576328,349517,3312,172200,"",0.43,0.36,0.80,0.40,0.61,2.24,2.24,"",3,2.1,80,7.7,104298513,118.1,2053620,17.8,53317,18.0,1676,102.4,87112,102.4
"22073","5","2382","76","0","2025","A","",148,1674,104690178,19227477,350263,1203,62558,"",1.39,1.43,1.59,1.42,1.41,1.11,1.11,"",5,3.5,168,11.2,19775956,23.3,2640014,15.9,37751,12.1,119,11.0,6165,10.9
"22075","5","2382","76","0","2025","A","",24,722,100892874,11843332,330018,2689,139805,"",1.39,3.22,4.45,3.96,4.81,1.38,1.38,"",3,14.3,502,228.2,72908102,260.5,8903295,302.8,269770,447.8,244,10.0,12650,9.9
"22077","5","2382","76","0","2025","A","",16,36,1956671,394544,3511,1033,53730,"",1.53,0.41,0.38,0.40,0.21,0.90,0.90,"",2,14.3,4,12.5,456376,30.4,73196,22.8,1137,47.9,122,13.4,6352,13.4
"22079","5","2382","76","0","2025","A","",94,812,48599900,8617792,165760,1150,59815,"",1.17,0.86,0.88,0.86,1.09,1.02,1.02,"",7,8.0,41,5.3,4579674,10.4,334004,4.0,1003,0.6,52,4.7,2702,4.7
"22081","5","2382","76","0","2025","A","N",3,0,0,0,0,0,0,"N",0.75,0,0,0,0,0,0,"N",1,50.0,0,0,0,0,0,0,0,0,0,0,0,0
"22083","5","2382","76","0","2025","A","",20,122,10417963,1704844,34970,1641,85335,"",1.73,1.15,1.92,1.43,1.38,1.68,1.67,"",5,33.3,52,74.3,7098046,213.8,988673,138.0,26894,333.0,728,79.7,37851,79.7
"22085","5","2382","76","0","2025","A","",19,40,2184097,501349,7991,1039,54040,"",1.66,0.44,0.47,0.51,0.54,1.06,1.06,"",0,0.0,-6,-13.0,-214669,-8.9,56601,12.7,819,11.4,38,3.8,1987,3.8
"22087","5","2382","76","0","2025","A","",46,282,20335330,2703611,55137,1388,72196,"",2.22,1.50,1.63,1.30,1.63,1.09,1.09,"",3,7.0,-13,-4.4,-423385,-2.0,-399984,-12.9,-9370,-14.5,37,2.7,1927,2.7
"22089","5","2382","76","0","2025","A","",60,728,57176955,7866543,144894,1509,78486,"",2.09,1.88,1.54,1.73,1.94,0.82,0.82,"",9,17.6,-44,-5.7,-690938,-1.2,-691642,-8.1,-25418,-14.9,67,4.6,3503,4.7
"22091","5","2382","76","0","2025","A","N",3,0,0,0,0,0,0,"N",1.04,0,0,0,0,0,0,"N",0,0.0,0,0,0,0,0,0,0,0,0,0,0,0
"22093","5","2382","76","0","2025","A","N",9,0,0,0,0,0,0,"N",0.99,0,0,0,0,0,0,"N",3,50.0,0,0,0,0,0,0,0,0,0,0,0,0
"22095","5","2382","76","0","2025","A","",24,321,22901710,3219616,75841,1372,71345,"",1.19,1.43,1.25,1.12,1.46,0.87,0.87,"",1,4.3,232,260.7,17969257,364.3,2323946,259.5,62411,464.7,311,29.3,16182,29.3
"22097","5","2382","76","0","2025","A","",56,253,13618970,2594789,40324,1035,53830,"",1.34,0.63,0.65,0.56,0.55,1.02,1.02,"",3,5.7,-6,-2.3,-284978,-2.0,-30971,-1.2,-2983,-6.9,2,0.2,95,0.2
"22099","5","2382","76","0","2025","A","",37,185,9781191,1707493,15500,1015,52800,"",1.65,0.90,0.78,0.74,0.46,0.86,0.87,"",2,5.7,19,11.4,1426500,17.1,77784,4.8,-2719,-14.9,46,4.7,2395,4.8
"22101","5","2382","76","0","2025","A","",34,350,26006198,3977229,76778,1429,74321,"",1.22,1.08,1.17,1.06,1.15,1.08,1.08,"",0,0.0,-4,-1.1,643806,2.5,-55225,-1.4,4488,6.2,52,3.8,2726,3.8
"22103","3","2382","76","0","2025","A","N",1,0,0,0,0,0,0,"N",21.56,0,0,0,0,0,0,"N",0,0.0,0,0,0,0,0,0,0,0,0,0,0,0
"22103","5","2382","76","0","2025","A","",338,1738,113469430,18049654,225813,1255,65278,"",1.54,1.06,1.04,0.96,0.79,0.97,0.98,"",2,0.6,-68,-3.8,820652,0.7,-574712,-3.1,-21703,-8.8,56,4.7,2912,4.7
"22105","5","2382","76","0","2025","A","",104,697,45000115,7265891,103302,1242,64578,"",1.37,0.88,1.07,0.85,0.75,1.21,1.21,"",5,5.1,-39,-5.3,-2878076,-6.0,-660552,-8.3,-14589,-12.4,-8,-0.6,-430,-0.7
"22107","5","2382","76","0","2025","A","N",1,0,0,0,0,0,0,"N",0.39,0,0,0,0,0,0,"N",-1,-50.0,0,0,0,0,0,0,0,0,0,0,0,0
"22109","5","2382","76","0","2025","A","",88,602,35236606,6163598,68379,1125,58516,"",1.34,0.75,0.63,0.63,0.45,0.84,0.84,"",2,2.3,58,10.7,4897407,16.1,541614,9.6,11347,19.9,52,4.8,2720,4.9
"22111","5","2382","76","0","2025","A","",15,26,1574961,254930,1728,1147,59620,"",1.65,0.28,0.36,0.21,0.07,1.25,1.25,"",2,15.4,2,8.3,296631,23.2,29544,13.1,-202,-10.5,123,12.0,6356,11.9
"22113","3","2382","76","0","2025","A","N",1,0,0,0,0,0,0,"N",175.30,0,0,0,0,0,0,"N",0,0.0,0,0,0,0,0,0,0,0,0,0,0,0
"22113","5","2382","76","0","2025","A","",42,214,11963429,2246974,25255,1073,55795,"",1.55,0.99,1.03,1.00,0.67,1.04,1.04,"",-1,-2.3,8,3.9,1701916,16.6,316347,16.4,2560,11.3,114,11.9,5901,11.8
"22115","5","2382","76","0","2025","A","",17,132,7648795,1471614,27997,1114,57945,"",0.82,0.63,0.67,0.73,0.71,1.06,1.06,"",0,0.0,30,29.4,2441436,46.9,362908,32.7,6755,31.8,131,13.3,6851,13.4
"22117","5","2382","76","0","2025","A","",22,100,4597617,1060418,22708,880,45747,"",1.24,0.55,0.49,0.56,0.67,0.89,0.89,"",2,10.0,7,7.5,434521,10.4,53947,5.4,3634,19.1,23,2.7,1182,2.7
"22119","5","2382","76","0","2025","A","",25,119,7652920,1126363,10554,1236,64265,"",1.25,0.63,0.70,0.52,0.27,1.10,1.10,"",-1,-3.8,3,2.6,1105262,16.9,-13570,-1.2,-682,-6.1,155,14.3,8062,14.3
"22121","5","2382","76","0","2025","A","",27,1059,90422055,13633819,306797,1642,85371,"",1.59,4.76,5.63,4.67,4.57,1.18,1.18,"",4,17.4,-248,-19.0,-9795495,-9.8,-2840197,-17.2,-77291,-20.1,167,11.3,8679,11.3
"22123","5","2382","76","0","2025","A","N",2,0,0,0,0,0,0,"N",0.44,0,0,0,0,0,0,"N",0,0.0,0,0,0,0,0,0,0,0,0,0,0,0
"22125","5","2382","76","0","2025","A","",7,11,494948,141256,849,834,43353,"",1.12,0.13,0.07,0.16,0.05,0.51,0.51,"",1,16.7,-2,-15.4,14013,2.9,-14764,-9.5,-1410,-62.4,140,20.2,7283,20.2
"22127","5","2382","76","0","2025","A","N",3,0,0,0,0,0,0,"N",0.44,0,0,0,0,0,0,"N",1,50.0,0,0,0,0,0,0,0,0,0,0,0,0
"22999","5","2382","76","0","2025","A","N",37,0,0,0,0,0,0,"N",0.85,0,0,0,0,0,0,"N",-3,-7.5,0,0,0,0,0,0,0,0,0,0,0,0
"23000","3","2382","56","0","2025","A","",1,6,378133,0,0,1265,65762,"",3.64,3.34,3.54,0.00,0.00,1.11,1.11,"",0,0.0,2,50.0,52165,16.0,0,0.0,0,0.0,-154,-10.9,-8042,-10.9
"23000","5","2382","56","0","2025","A","",1728,10730,822650126,159737033,3910390,1474,76671,"",1.33,0.99,1.06,0.94,0.77,1.07,1.07,"",6,0.3,259,2.5,81925730,11.1,-480042,-0.3,14077,0.4,114,8.4,5928,8.4
"23001","5","2382","76","0","2025","A","",147,1550,126541825,23991876,594733,1570,81640,"",2.11,1.92,2.39,1.84,1.68,1.25,1.24,"",4,2.8,154,11.0,21586032,20.6,2661615,12.5,98089,19.8,124,8.6,6434,8.6
"23003","5","2382","76","0","2025","A","",42,260,20738448,4491805,92628,1532,79687,"",0.90,0.61,0.83,0.75,0.50,1.37,1.37,"",-4,-8.7,29,12.6,4247477,25.8,1110904,32.9,17622,23.5,160,11.7,8323,11.7
"23005","5","2382","76","0","2025","A","",399,3441,299819414,50281368,1214030,1676,87140,"",1.14,1.06,1.14,0.95,0.83,1.08,1.08,"",-3,-0.7,103,3.1,41434164,16.0,180294,0.4,50557,4.3,187,12.6,9731,12.6
"23007","5","2382","76","0","2025","A","",50,198,12212353,2774652,51713,1185,61627,"",2.28,1.13,1.27,1.11,0.64,1.13,1.13,"",0,0.0,-8,-3.9,-695260,-5.4,-530608,-16.1,-19504,-27.4,-18,-1.5,-905,-1.4
"23009","5","2382","76","0","2025","A","",80,349,21875792,5015627,82775,1207,62756,"",1.39,0.88,0.91,0.78,0.34,1.03,1.03,"",6,8.1,18,5.4,1763755,8.8,53210,1.1,-5046,-5.7,37,3.2,1918,3.2
"23011","5","2382","76","0","2025","A","",136,766,53057833,12225051,362629,1332,69281,"",1.60,0.74,0.74,0.92,0.99,1.01,1.01,"",2,1.5,49,6.8,7264524,15.9,1453791,13.5,52279,16.8,103,8.4,5383,8.4
"23013","5","2382","76","0","2025","A","",54,175,10113332,2363569,42657,1113,57873,"",1.22,0.62,0.57,0.53,0.33,0.93,0.93,"",3,5.9,12,7.4,1041112,11.5,214070,10.0,696,1.7,43,4.0,2244,4.0
"23015","5","2382","76","0","2025","A","",68,263,16341494,3719176,67825,1197,62234,"",1.95,1.38,1.42,1.24,0.77,1.03,1.03,"",-3,-4.2,13,5.2,1209641,8.0,148615,4.2,2113,3.2,35,3.0,1787,3.0
"23017","5","2382","76","0","2025","A","",62,249,15284528,3912862,100400,1180,61343,"",1.74,0.88,0.93,0.91,0.79,1.06,1.06,"",2,3.3,-3,-1.2,200327,1.3,192526,5.2,-4087,-3.9,31,2.7,1604,2.7
"23019","3","2382","76","0","2025","A","",1,6,378133,0,0,1265,65762,"",46.29,30.34,36.80,0.00,0.00,1.27,1.27,"",0,0.0,2,50.0,52165,16.0,0,0.0,0,0.0,-154,-10.9,-8042,-10.9
"23019","5","2382","76","0","2025","A","",151,1262,94738262,18515176,496686,1444,75065,"",1.47,1.05,1.26,1.10,1.01,1.20,1.20,"",5,3.4,3,0.2,7191420,8.2,-1818486,-8.9,-98730,-16.6,107,8.0,5528,7.9
"23021","5","2382","76","0","2025","A","",20,58,3919149,821342,19902,1290,67090,"",1.68,0.67,0.85,0.61,0.45,1.26,1.26,"",1,5.3,6,11.5,773331,24.6,-225101,-21.5,-3080,-13.4,130,11.2,6787,11.3
"23023","5","2382","76","0","2025","A","",35,164,10413135,2241261,53857,1217,63302,"",1.36,0.58,0.50,0.46,0.49,0.86,0.86,"",-2,-5.4,8,5.1,1530762,17.2,92104,4.3,1518,2.9,123,11.2,6424,11.3
"23025","5","2382","76","0","2025","A","",54,222,13527505,3237139,94520,1174,61072,"",1.74,0.84,0.81,0.76,0.72,0.96,0.96,"",-2,-3.6,-5,-2.2,-160732,-1.2,-102909,-3.1,6123,6.9,14,1.2,749,1.2
"23027","5","2382","76","0","2025","A","",36,266,18138296,3676581,92482,1309,68061,"",1.28,1.41,1.56,1.22,1.01,1.10,1.10,"",-2,-5.3,-7,-2.6,600769,3.4,-346205,-8.6,-5884,-6.0,72,5.8,3723,5.8
"23029","5","2382","76","0","2025","A","",22,93,5107122,1326193,37287,1057,54965,"",0.95,0.55,0.52,0.52,0.43,0.96,0.96,"",-1,-4.3,2,2.2,220848,4.5,47763,3.7,1110,3.1,22,2.1,1122,2.1
"23031","5","2382","76","0","2025","A","",284,1188,82359245,17371467,378077,1333,69307,"",1.66,0.89,0.89,0.85,0.59,0.99,0.99,"",2,0.7,-32,-2.6,2832747,3.6,-1247497,-6.7,-23725,-5.9,80,6.4,4135,6.3
"23999","5","2382","76","0","2025","A","",87,225,18462393,3771888,128189,1576,81934,"",0.53,0.45,0.33,0.34,0.30,0.72,0.72,"",-3,-3.3,-84,-27.2,-9115187,-33.1,-2364128,-38.5,-55974,-30.4,-142,-8.3,-7410,-8.3
"24000","5","2382","56","0","2025","A","",3684,58096,5384717215,642003552,13896226,1782,92686,"",0.94,1.26,1.32,1.23,1.22,1.04,1.04,"",-77,-2.0,1171,2.1,371658642,7.4,15770218,2.5,2685792,24.0,88,5.2,4621,5.2
"24001","5","2382","76","0","2025","A","",29,312,20512023,3439794,160199,1265,65761,"",0.95,0.71,0.79,0.78,1.45,1.12,1.12,"",-1,-3.3,-4,-1.3,819670,4.2,248290,7.8,20116,14.4,68,5.7,3542,5.7
"24003","5","2382","76","0","2025","A","",383,8018,780234418,89024022,1576224,1871,97312,"",1.21,1.64,1.79,1.53,1.34,1.09,1.09,"",-15,-3.8,361,4.7,64187681,9.0,4743099,5.6,311122,24.6,73,4.1,3801,4.1
"24005","5","2382","76","0","2025","A","",486,8320,766740813,90484114,2046251,1772,92153,"",1.04,1.35,1.54,1.24,1.28,1.14,1.14,"",-8,-1.6,117,1.4,53941247,7.6,-1861795,-2.0,67254,3.4,101,6.0,5256,6.0
"24009","5","2382","76","0","2025","A","",95,628,50082044,7939696,117651,1534,79780,"",2.37,1.67,1.95,1.96,1.37,1.17,1.17,"",-3,-3.1,-75,-10.7,-4868119,-8.9,-876712,-9.9,4340,3.8,31,2.1,1643,2.1
"24011","5","2382","76","0","2025","A","",38,516,39137215,5136915,59386,1459,75884,"",2.64,3.43,4.29,3.05,1.69,1.25,1.25,"",-3,-7.3,36,7.5,4437829,12.8,284183,5.9,20628,53.2,70,5.0,3669,5.1
"24013","5","2382","76","0","2025","A","",208,2272,173943078,24987092,407882,1472,76562,"",2.28,2.29,2.71,2.21,1.89,1.19,1.19,"",2,1.0,-75,-3.2,8036091,4.8,-774710,-3.0,46229,12.8,112,8.2,5860,8.3
"24015","5","2382","76","0","2025","A","",53,304,21777502,3426906,51435,1376,71578,"",1.32,0.49,0.49,0.48,0.37,0.99,0.99,"",1,1.9,16,5.6,2234487,11.4,306664,9.8,29283,132.2,73,5.6,3818,5.6
"24017","5","2382","76","0","2025","A","",112,1358,117116548,14090815,259836,1658,86242,"",1.74,1.87,2.39,1.76,1.58,1.28,1.28,"",0,0.0,52,4.0,10850628,10.2,-184120,-1.3,34751,15.4,93,5.9,4885,6.0
"24019","5","2382","76","0","2025","A","",24,129,8127732,1362576,21145,1210,62924,"",1.52,0.65,0.68,0.56,0.40,1.05,1.05,"",0,0.0,-15,-10.4,-356346,-4.2,-206834,-13.2,7411,54.0,81,7.2,4211,7.2
"24021","5","2382","76","0","2025","A","",190,2435,192012960,25482536,399271,1517,78861,"",1.30,1.36,1.39,1.22,1.04,1.02,1.02,"",-4,-2.1,1,0.0,665003,0.3,-1478077,-5.5,-31244,-7.3,5,0.3,236,0.3
"24023","5","2382","76","0","2025","A","",14,115,7084482,1299130,23263,1182,61471,"",0.60,0.57,0.64,0.53,0.39,1.13,1.13,"",2,16.7,10,9.5,953931,15.6,-60064,-4.4,10446,81.5,58,5.2,3038,5.2
"24025","5","2382","76","0","2025","A","",200,1908,149945527,20684053,315162,1511,78591,"",1.61,1.19,1.25,1.15,0.82,1.05,1.05,"",-5,-2.4,12,0.6,5672531,3.9,-113057,-0.5,76170,31.9,47,3.2,2478,3.3
"24027","5","2382","76","0","2025","A","",194,3589,332910258,40352653,681070,1784,92756,"",0.85,1.24,1.17,1.11,0.87,0.94,0.94,"",-10,-4.9,-216,-5.7,-11456146,-3.3,-751618,-1.8,152788,28.9,44,2.5,2252,2.5
"24029","5","2382","76","0","2025","A","",12,67,4552483,636693,7634,1312,68202,"",0.79,0.53,0.60,0.46,0.25,1.13,1.13,"",0,0.0,6,9.8,635902,16.2,1097,0.2,4414,137.1,79,6.4,4083,6.4
"24031","5","2382","76","0","2025","A","",428,6138,558841474,65706733,888161,1751,91046,"",0.60,0.81,0.70,0.77,0.51,0.87,0.87,"",-2,-0.5,-37,-0.6,23931978,4.5,-1654105,-2.5,73871,9.1,85,5.1,4420,5.1
"24033","5","2382","76","0","2025","A","",402,12720,1383017435,145305116,4691152,2091,108730,"",1.08,2.32,3.04,2.49,3.51,1.31,1.31,"",-15,-3.6,801,6.7,156430596,12.8,14576647,11.2,1451357,44.8,112,5.7,5818,5.7
"24035","5","2382","76","0","2025","A","",54,288,18682932,3166928,46274,1248,64909,"",1.71,1.06,1.10,0.95,0.79,1.04,1.04,"",-5,-8.5,7,2.5,470483,2.6,-228192,-6.7,14631,46.2,2,0.2,134,0.2
"24037","5","2382","76","0","2025","A","",74,1082,94390903,12378206,277879,1677,87224,"",1.69,1.35,1.24,1.64,2.03,0.91,0.91,"",-3,-3.9,67,6.6,11428968,13.8,-7518,-0.1,103034,58.9,105,6.7,5481,6.7
"24039","5","2382","76","0","2025","A","",9,46,2154506,442783,3319,897,46668,"",1.00,0.39,0.28,0.52,0.19,0.71,0.71,"",0,0.0,-2,-4.2,30074,1.4,13563,3.2,544,19.6,47,5.5,2486,5.6
"24041","5","2382","76","0","2025","A","",34,273,17803824,3187745,30156,1253,65176,"",1.11,0.88,0.90,0.89,0.44,1.01,1.01,"",-1,-2.9,-39,-12.5,-1205314,-6.3,-55309,-1.7,8073,36.6,82,7.0,4282,7.0
"24043","5","2382","76","0","2025","A","",95,1237,83417689,12242108,179696,1297,67431,"",1.30,1.12,1.17,0.93,0.62,1.05,1.05,"",-2,-2.1,63,5.4,6572779,8.6,430294,3.6,44568,33.0,38,3.0,1985,3.0
"24045","5","2382","76","0","2025","A","",71,1211,86923563,12445584,257982,1380,71759,"",1.35,1.57,1.76,1.53,1.58,1.12,1.12,"",4,6.0,53,4.6,7788842,9.8,798748,6.9,37885,17.2,66,5.0,3412,5.0
"24047","5","2382","76","0","2025","A","",57,430,25678243,4628668,44451,1147,59659,"",1.16,0.98,1.14,0.77,0.22,1.16,1.16,"",-1,-1.7,-1,-0.2,596723,2.4,-44232,-0.9,-3698,-7.7,27,2.4,1420,2.4
"24510","5","2382","76","0","2025","A","",160,3663,333934748,40617521,1039228,1753,91175,"",0.53,0.63,0.61,0.82,0.85,0.96,0.96,"",2,1.3,26,0.7,25639175,8.3,1762816,4.5,80943,8.4,123,7.5,6407,7.6
"24999","5","2382","76","0","2025","A","",264,1037,115694815,13535165,311519,2146,111585,"",0.43,0.49,0.40,0.40,0.34,0.81,0.81,"",-8,-2.9,8,0.8,4219949,3.8,901160,7.1,120876,63.4,63,3.0,3243,3.0
"25000","3","2382","56","0","2025","A","N",2,0,0,0,0,0,0,"N",1.64,0,0,0,0,0,0,"N",0,0.0,0,0,0,0,0,0,0,0,0,0,0,0
"25000","5","2382","56","0","2025","A","",6002,59764,6235294211,1136539373,56695889,2006,104332,"",1.04,0.98,0.94,0.79,1.06,0.96,0.96,"",187,3.2,-1267,-2.1,150719440,2.5,-11220782,-1.0,12599043,28.6,89,4.6,4635,4.6
"25001","5","2382","76","0","2025","A","",345,2164,187696819,39825852,1281471,1668,86719,"",1.77,1.34,1.59,1.02,0.77,1.19,1.19,"",10,3.0,30,1.4,11041601,6.3,922949,2.4,283886,28.5,76,4.8,3944,4.8
"25003","5","2382","76","0","2025","A","",147,1071,88738757,19319701,740571,1593,82843,"",1.35,1.11,1.25,0.96,1.11,1.13,1.13,"",7,5.0,30,2.9,6623410,8.1,531881,2.8,146847,24.7,76,5.0,3962,5.0
"25005","5","2382","76","0","2025","A","",483,4313,389900777,82113544,3275079,1739,90407,"",1.35,1.15,1.42,0.94,1.04,1.24,1.24,"",13,2.8,-167,-3.7,959888,0.2,-2625594,-3.1,925358,39.4,69,4.1,3583,4.1
"25007","5","2382","76","0","2025","A","",72,332,31588032,5904946,150989,1827,95025,"",2.53,2.19,2.53,1.09,0.72,1.15,1.15,"",1,1.4,4,1.2,2581743,8.9,225729,4.0,37851,33.5,125,7.3,6546,7.4
"25009","5","2382","76","0","2025","A","",627,5426,534482751,102192700,4223953,1894,98498,"",1.08,0.99,1.15,0.85,0.97,1.16,1.16,"",18,3.0,-125,-2.3,11049500,2.1,-869359,-0.8,700295,19.9,81,4.5,4210,4.5
"25011","5","2382","76","0","2025","A","",46,289,20065313,5304683,162414,1334,69370,"",0.90,0.69,0.78,0.49,0.57,1.13,1.13,"",0,0.0,6,2.1,1345882,7.2,152878,3.0,59129,57.2,60,4.7,3126,4.7
"25013","5","2382","76","0","2025","A","",257,3032,288251326,56368361,3623362,1828,95059,"",0.68,0.90,1.22,0.76,1.43,1.35,1.35,"",3,1.2,22,0.7,15051037,5.5,864609,1.6,907787,33.4,83,4.8,4297,4.7
"25015","5","2382","76","0","2025","A","",105,658,52980379,11775403,364180,1548,80507,"",1.07,0.61,0.71,0.32,0.58,1.18,1.18,"",3,2.9,9,1.4,5403018,11.4,252545,2.2,88004,31.9,137,9.7,7161,9.8
"25017","3","2382","76","0","2025","A","N",2,0,0,0,0,0,0,"N",8.11,0,0,0,0,0,0,"N",0,0.0,0,0,0,0,0,0,0,0,0,0,0,0
"25017","5","2382","76","0","2025","A","",1385,16298,1717572027,306673920,13594375,2027,105384,"",1.18,1.08,0.88,0.89,0.95,0.82,0.82,"",22,1.6,-494,-2.9,13144810,0.8,-5305466,-1.7,3151322,30.2,75,3.8,3879,3.8
"25019","5","2382","76","0","2025","A","",78,334,30978519,6151107,131611,1785,92820,"",2.90,2.31,2.37,1.04,0.48,1.03,1.03,"",0,0.0,6,1.8,1866134,6.4,-110367,-1.8,-14378,-9.8,79,4.6,4130,4.7
"25021","5","2382","76","0","2025","A","",645,10034,1203961222,189851940,11197850,2308,119993,"",1.20,1.72,2.18,1.43,2.11,1.27,1.27,"",15,2.4,-230,-2.2,41264685,3.5,-2678221,-1.4,2110714,23.2,130,6.0,6714,5.9
"25023","5","2382","76","0","2025","A","",606,6543,709375279,131480812,8432212,2085,108415,"",1.80,1.98,2.72,1.66,2.82,1.37,1.37,"",20,3.4,-443,-6.3,-19874066,-2.7,-5770139,-4.2,1843400,28.0,78,3.9,4033,3.9
"25025","5","2382","76","0","2025","A","",219,2720,345772852,52269473,4096159,2445,127146,"",0.33,0.23,0.19,0.19,0.41,0.85,0.85,"",7,3.3,27,1.0,16677620,5.1,143554,0.3,1108912,37.1,95,4.0,4953,4.1
"25027","5","2382","76","0","2025","A","",674,5352,505069614,99845766,4236537,1815,94372,"",1.21,0.90,1.05,0.67,0.92,1.17,1.17,"",34,5.3,11,0.2,30112747,6.3,1677195,1.7,956962,29.2,105,6.1,5447,6.1
"25999","5","2382","76","0","2025","A","",312,1197,128860544,27461165,1185126,2071,107668,"",0.45,0.72,0.44,0.55,0.45,0.61,0.61,"",33,11.8,46,4.0,13471431,11.7,1367024,5.2,292954,32.8,143,7.4,7402,7.4
"26000","5","2382","56","0","2025","A","",5316,67286,6145617030,825150215,36924324,1756,91336,"",0.86,0.91,1.08,0.86,0.98,1.18,1.18,"",262,5.2,2992,4.7,595532559,10.7,16235431,2.0,1555218,4.4,96,5.8,5012,5.8
"26001","5","2382","76","0","2025","A","N",2,0,0,0,0,0,0,"N",0.48,0,0,0,0,0,0,"N",0,0.0,0,0,0,0,0,0,0,0,0,0,0,0
"26003","5","2382","76","0","2025","A","N",4,0,0,0,0,0,0,"N",0.77,0,0,0,0,0,0,"N",2,100.0,0,0,0,0,0,0,0,0,0,0,0,0
"26005","5","2382","76","0","2025","A","",96,934,70521611,9902818,225946,1451,75465,"",1.76,1.28,1.41,0.99,0.61,1.10,1.10,"",2,2.1,67,7.7,9289295,15.2,501922,5.3,15854,7.5,93,6.8,4873,6.9
"26007","5","2382","76","0","2025","A","",18,138,8471677,1688597,68419,1182,61463,"",0.99,0.68,0.72,0.69,0.65,1.05,1.05,"",1,5.9,-7,-4.8,110956,1.3,-67319,-3.8,4727,7.4,71,6.4,3703,6.4
"26009","5","2382","76","0","2025","A","",20,138,8391939,1617669,44710,1171,60885,"",1.63,1.63,2.06,1.47,0.77,1.26,1.26,"",2,11.1,9,7.0,948227,12.7,-63533,-3.8,-6035,-11.9,61,5.5,3182,5.5
"26011","5","2382","76","0","2025","A","",10,41,2435150,462522,20459,1152,59881,"",1.41,0.62,0.70,0.52,0.57,1.13,1.13,"",1,11.1,6,17.1,-392099,-13.9,-1308,-0.3,6805,49.8,-390,-25.3,-20325,-25.3
"26013","5","2382","76","0","2025","A","N",2,0,0,0,0,0,0,"N",0.47,0,0,0,0,0,0,"N",0,0.0,0,0,0,0,0,0,0,0,0,0,0,0
"26015","5","2382","76","0","2025","A","",36,217,13730930,2528350,63466,1219,63398,"",1.67,0.98,1.08,0.93,0.78,1.11,1.11,"",1,2.9,25,13.0,2222203,19.3,256687,11.3,8826,16.2,66,5.7,3431,5.7
"26017","5","2382","76","0","2025","A","",36,420,25834824,5009686,273326,1183,61536,"",0.85,0.74,0.73,0.71,0.94,0.99,0.99,"",0,0.0,5,1.2,1659935,6.9,-54392,-1.1,41402,17.9,62,5.5,3225,5.5
"26019","5","2382","76","0","2025","A","",16,49,2705175,530667,10577,1063,55302,"",1.59,0.58,0.64,0.45,0.20,1.10,1.10,"",0,0.0,0,0.0,220460,8.9,-15914,-2.9,3122,41.9,86,8.8,4507,8.9
"26021","5","2382","76","0","2025","A","",90,607,42771165,7216285,183159,1356,70502,"",1.07,0.60,0.67,0.54,0.41,1.11,1.11,"",5,5.9,-2,-0.3,2126255,5.2,911,0.0,7101,4.0,72,5.6,3725,5.6
"26023","5","2382","76","0","2025","A","",24,131,7321179,1359355,27486,1073,55780,"",1.38,0.51,0.46,0.36,0.25,0.90,0.90,"",1,4.3,8,6.5,780950,11.9,16956,1.3,-3192,-10.4,47,4.6,2427,4.5
"26025","5","2382","76","0","2025","A","",68,649,52236395,8473199,410325,1548,80498,"",1.27,0.71,0.77,0.78,1.08,1.09,1.09,"",8,13.3,50,8.3,5398079,11.5,514438,6.5,21236,5.5,44,2.9,2304,2.9
"26027","5","2382","76","0","2025","A","",18,77,5218823,857462,17797,1309,68072,"",0.94,0.48,0.56,0.43,0.24,1.16,1.16,"",-1,-5.3,-13,-14.4,-404603,-7.2,-181200,-17.4,-3658,-17.0,109,9.1,5647,9.0
"26029","5","2382","76","0","2025","A","",23,137,8241937,1465064,41225,1160,60307,"",1.27,0.75,0.70,0.58,0.40,0.93,0.93,"",1,4.5,-5,-3.5,87329,1.1,-90328,-5.8,1432,3.6,56,5.1,2880,5.0
"26031","5","2382","76","0","2025","A","",21,103,6890803,1942947,75071,1286,66847,"",1.27,1.01,1.21,1.33,0.72,1.20,1.20,"",0,0.0,13,14.4,548741,8.7,117682,6.4,22556,43.0,-65,-4.8,-3425,-4.9
"26033","5","2382","76","0","2025","A","",20,127,8366119,1402994,66816,1267,65875,"",1.18,0.59,0.63,0.69,0.60,1.07,1.07,"",0,0.0,14,12.4,1659143,24.7,160830,12.9,18554,38.4,129,11.3,6696,11.3
"26035","5","2382","76","0","2025","A","",14,90,6062891,937627,23962,1300,67616,"",1.11,0.70,0.86,0.64,0.42,1.23,1.23,"",0,0.0,-2,-2.2,120321,2.0,-52713,-5.3,1761,7.9,52,4.2,2729,4.2
"26037","5","2382","76","0","2025","A","",42,898,73268049,11041121,449755,1570,81628,"",1.41,2.87,3.86,2.66,2.80,1.35,1.35,"",0,0.0,73,8.8,11374700,18.4,767491,7.5,16896,3.9,127,8.8,6583,8.8
"26039","5","2382","76","0","2025","A","N",2,0,0,0,0,0,0,"N",0.36,0,0,0,0,0,0,"N",1,100.0,0,0,0,0,0,0,0,0,0,0,0,0
"26041","5","2382","76","0","2025","A","",27,136,7782147,1501614,72231,1096,57012,"",1.28,0.59,0.61,0.57,0.74,1.04,1.04,"",2,8.0,-14,-9.3,-1160828,-13.0,-394093,-20.8,-37930,-34.4,-49,-4.3,-2542,-4.3
"26043","5","2382","76","0","2025","A","",18,610,67191718,7803312,398714,2117,110090,"",1.07,2.67,4.48,2.75,3.50,1.68,1.68,"",0,0.0,62,11.3,12522649,22.9,706384,10.0,58262,17.1,198,10.3,10314,10.3
"26045","5","2382","76","0","2025","A","",58,574,43274120,6452426,194877,1451,75445,"",1.36,0.75,0.82,0.66,0.50,1.09,1.09,"",3,5.5,20,3.6,674458,1.6,-516301,-7.4,-18233,-8.6,-28,-1.9,-1473,-1.9
"26047","5","2382","76","0","2025","A","",49,393,28846494,4216151,132447,1412,73401,"",1.55,1.32,1.51,1.07,0.75,1.15,1.15,"",4,8.9,14,3.7,2492508,9.5,-29442,-0.7,3026,2.3,74,5.5,3835,5.5
"26049","5","2382","76","0","2025","A","",170,3023,275723429,38252342,2380792,1754,91198,"",1.15,1.34,1.95,1.37,2.15,1.45,1.45,"",8,4.9,239,8.6,36497687,15.3,2920232,8.3,267745,12.7,101,6.1,5254,6.1
"26051","5","2382","76","0","2025","A","",20,217,15164487,2553351,127894,1342,69775,"",2.16,2.89,3.75,2.67,3.33,1.30,1.29,"",0,0.0,-29,-11.8,-749210,-4.7,-605799,-19.2,-42266,-24.8,96,7.7,4975,7.7
"26053","5","2382","76","0","2025","A","",6,30,1597540,331402,7409,1027,53400,"",0.73,0.37,0.37,0.35,0.21,1.01,1.01,"",0,0.0,0,0.0,-121453,-7.1,-27441,-7.6,-1965,-21.0,-66,-6.0,-3426,-6.0
"26055","5","2382","76","0","2025","A","",87,856,63388753,9099060,239763,1424,74045,"",1.14,0.98,1.09,0.85,0.60,1.11,1.11,"",6,7.4,15,1.8,4215266,7.1,-599529,-6.2,-21991,-8.4,71,5.2,3712,5.3
"26057","5","2382","76","0","2025","A","",20,74,4432545,888921,19450,1144,59497,"",1.24,0.35,0.33,0.39,0.24,0.95,0.95,"",0,0.0,-4,-5.1,479870,12.1,-92658,-9.4,-2615,-11.9,165,16.9,8604,16.9
"26059","5","2382","76","0","2025","A","",22,109,5401054,1253741,30304,951,49438,"",1.24,0.52,0.44,0.50,0.31,0.84,0.84,"",2,10.0,10,10.1,388483,7.8,177367,16.5,2954,10.8,-23,-2.4,-1194,-2.4
"26061","5","2382","76","0","2025","A","",20,195,13021261,2088701,44440,1286,66890,"",1.03,0.94,1.00,0.94,0.53,1.07,1.07,"",0,0.0,17,9.6,1478553,12.8,35486,1.7,-2930,-6.2,37,3.0,1922,3.0
"26063","5","2382","76","0","2025","A","",26,235,13308168,2462748,62154,1090,56671,"",1.31,1.24,1.23,1.11,0.76,0.99,0.99,"",1,4.0,8,3.5,858890,6.9,-153012,-5.8,2065,3.4,34,3.2,1748,3.2
"26065","5","2382","76","0","2025","A","",86,1288,110534392,16980146,811793,1651,85846,"",0.62,0.50,0.55,0.68,0.89,1.11,1.11,"",7,8.9,46,3.7,12194975,12.4,1067204,6.7,68654,9.2,128,8.4,6657,8.4
"26067","5","2382","76","0","2025","A","",20,126,8398029,1399984,64731,1277,66388,"",0.89,0.40,0.49,0.35,0.48,1.23,1.23,"",1,5.3,-4,-3.1,320843,4.0,-146116,-9.5,-3397,-5.0,82,6.9,4256,6.8
"26069","5","2382","76","0","2025","A","",22,82,4265993,913990,41069,999,51971,"",1.75,0.64,0.50,0.60,0.66,0.78,0.78,"",2,10.0,0,0.0,233838,5.8,-55110,-5.7,-3420,-7.7,57,6.1,2997,6.1
"26071","5","2382","76","0","2025","A","",10,28,1422594,320741,6256,977,50807,"",1.28,0.50,0.49,0.50,0.29,0.99,0.99,"",0,0.0,-3,-9.7,-149262,-9.5,-58915,-15.5,-318,-4.8,2,0.2,102,0.2
"26073","5","2382","76","0","2025","A","",38,843,74561384,11025998,673924,1701,88439,"",1.34,1.88,2.92,2.48,3.89,1.55,1.55,"",2,5.6,61,7.8,14435454,24.0,103521,0.9,7806,1.2,222,15.0,11552,15.0
"26075","5","2382","76","0","2025","A","",82,937,83600517,10644832,468367,1716,89245,"",1.32,1.01,1.28,0.92,1.14,1.27,1.26,"",2,2.5,45,5.0,10304860,14.1,27835,0.3,34885,8.0,136,8.6,7090,8.6
"26077","5","2382","76","0","2025","A","",109,2818,247800480,32443830,1522274,1691,87935,"",0.90,1.38,1.63,1.29,1.76,1.18,1.18,"",1,0.9,-318,-10.1,-7911480,-3.1,-5664706,-14.9,-279799,-15.5,123,7.8,6403,7.9
"26079","5","2382","76","0","2025","A","",16,256,28470843,3421934,179166,2142,111359,"",2.03,3.11,4.89,2.95,3.05,1.57,1.57,"",1,6.7,26,11.3,5358844,23.2,365762,12.0,45959,34.5,207,10.7,10763,10.7
"26081","5","2382","76","0","2025","A","",347,7960,719068905,89064350,2646193,1737,90332,"",0.96,1.14,1.46,0.97,0.87,1.28,1.28,"",11,3.3,277,3.6,75650829,11.8,-614953,-0.7,-44178,-1.6,127,7.9,6586,7.9
"26085","5","2382","76","0","2025","A","",7,29,1334431,314575,10946,875,45492,"",1.84,1.02,1.01,0.96,0.95,0.98,0.98,"",2,40.0,0,0.0,41308,3.2,4102,1.3,-2569,-19.0,17,2.0,902,2.0
"26087","5","2382","76","0","2025","A","",64,466,32807588,4997349,157271,1355,70453,"",1.84,1.26,1.52,1.04,0.78,1.21,1.21,"",-2,-3.0,2,0.4,168297,0.5,-463089,-8.5,-15316,-8.9,1,0.1,34,0.0
"26089","5","2382","76","0","2025","A","N",20,0,0,0,0,0,0,"N",1.16,0,0,0,0,0,0,"N",-1,-4.8,0,0,0,0,0,0,0,0,0,0,0,0
"26091","5","2382","76","0","2025","A","",44,232,15661389,2589490,52671,1298,67506,"",1.12,0.54,0.60,0.53,0.29,1.11,1.11,"",4,10.0,0,0.0,629954,4.2,-221403,-7.9,1510,3.0,50,4.0,2622,4.0
"26093","5","2382","76","0","2025","A","",148,1148,89688319,13680365,488647,1502,78097,"",1.52,1.06,1.28,0.90,0.81,1.21,1.20,"",7,5.0,12,1.1,3722826,4.3,-1022075,-7.0,-51957,-9.6,46,3.2,2406,3.2
"26095","5","2382","76","0","2025","A","N",3,0,0,0,0,0,0,"N",0.81,0,0,0,0,0,0,"N",1,50.0,0,0,0,0,0,0,0,0,0,0,0,0
"26097","5","2382","76","0","2025","A","",7,25,1268094,290512,3706,963,50056,"",0.69,0.31,0.28,0.24,0.04,0.88,0.88,"",0,0.0,1,4.2,44075,3.6,157,0.1,-936,-20.2,-35,-3.5,-1846,-3.6
"26099","5","2382","76","0","2025","A","",481,6851,633534133,81354532,3241297,1778,92474,"",1.21,1.24,1.46,1.05,0.95,1.18,1.18,"",7,1.5,316,4.8,44896605,7.6,80316,0.1,-45222,-1.4,46,2.7,2401,2.7
"26101","5","2382","76","0","2025","A","",12,70,3944063,756498,17312,1086,56478,"",1.01,0.56,0.54,0.58,0.32,0.95,0.96,"",1,9.1,6,9.4,507770,14.8,49804,7.0,-892,-4.9,59,5.7,3064,5.7
"26103","5","2382","76","0","2025","A","",32,300,20427040,3670700,182317,1307,67977,"",0.90,0.67,0.73,0.67,0.95,1.09,1.09,"",5,18.5,20,7.1,1835511,9.9,261611,7.7,27777,18.0,31,2.4,1618,2.4
"26105","5","2382","76","0","2025","A","",23,112,5928558,1204865,36900,1015,52776,"",1.56,0.66,0.64,0.57,0.42,0.97,0.97,"",2,9.5,0,0.0,95124,1.6,-49795,-4.0,3209,9.5,13,1.3,692,1.3
"26107","5","2382","76","0","2025","A","N",3,0,0,0,0,0,0,"N",0.21,0,0,0,0,0,0,"N",0,0.0,0,0,0,0,0,0,0,0,0,0,0,0
"26109","5","2382","76","0","2025","A","",11,56,3489783,640505,21524,1188,61766,"",1.10,0.47,0.54,0.51,0.47,1.14,1.14,"",1,10.0,-3,-5.1,161957,4.9,-53564,-7.7,-1615,-7.0,102,9.4,5282,9.4
"26111","5","2382","76","0","2025","A","",36,543,39536801,5799100,187406,1400,72812,"",0.44,0.85,0.80,0.80,0.77,0.94,0.94,"",1,2.9,-49,-8.3,-2142764,-5.1,-1055782,-15.4,-40984,-17.9,47,3.5,2437,3.5
"26113","5","2382","76","0","2025","A","",5,20,692547,176713,2036,677,35214,"",0.66,0.29,0.19,0.18,0.05,0.66,0.66,"",-1,-16.7,1,5.3,20031,3.0,-18941,-9.7,-4739,-69.9,5,0.7,278,0.8
"26115","5","2382","76","0","2025","A","",56,591,65072012,9401241,547375,2116,110027,"",1.10,0.87,1.42,1.02,1.69,1.62,1.62,"",5,9.8,134,29.3,30543171,88.5,3133416,50.0,313968,134.5,663,45.6,34485,45.7
"26117","5","2382","76","0","2025","A","",33,307,22097427,3380697,100143,1385,71998,"",1.48,1.12,1.48,1.10,0.98,1.32,1.32,"",2,6.5,17,5.9,1632669,8.0,-45519,-1.3,3088,3.2,29,2.1,1491,2.1
"26119","5","2382","76","0","2025","A","",8,26,1214172,267381,15762,901,46849,"",1.73,0.76,0.76,0.64,0.91,1.01,1.01,"",0,0.0,2,8.3,163595,15.6,2048,0.8,2824,21.8,50,5.9,2614,5.9
"26121","5","2382","76","0","2025","A","",74,1320,123353813,16094759,966324,1798,93485,"",1.16,1.27,1.86,1.27,2.20,1.46,1.46,"",2,2.8,52,4.1,10523024,9.3,-605385,-3.6,-67314,-6.5,87,5.1,4537,5.1
"26123","5","2382","76","0","2025","A","",25,88,5155808,1021811,28297,1122,58368,"",1.42,0.45,0.47,0.45,0.36,1.06,1.06,"",4,19.0,2,2.3,660494,14.7,57476,6.0,7960,39.1,115,11.4,5995,11.4
"26125","5","2382","76","0","2025","A","",694,12953,1361450892,174122094,9439612,2021,105108,"",0.79,1.08,1.30,1.00,1.30,1.20,1.20,"",21,3.1,300,2.4,91270637,7.2,6508434,3.9,411353,4.6,90,4.7,4720,4.7
"26127","5","2382","76","0","2025","A","",12,106,5696934,1257006,42906,1030,53576,"",1.05,0.97,1.00,0.84,0.49,1.03,1.03,"",0,0.0,8,8.2,966232,20.4,48111,4.0,2645,6.6,106,11.5,5549,11.6
"26129","5","2382","76","0","2025","A","",10,32,1555427,352538,18725,945,49119,"",0.81,0.31,0.30,0.28,0.38,0.96,0.96,"",2,25.0,0,0.0,43404,2.9,17483,5.2,-2854,-13.2,36,4.0,1868,4.0
"26131","5","2382","76","0","2025","A","N",4,0,0,0,0,0,0,"N",1.04,0,0,0,0,0,0,"N",0,0.0,0,0,0,0,0,0,0,0,0,0,0,0
"26133","5","2382","76","0","2025","A","",13,56,3064920,662282,17729,1043,54246,"",1.36,0.44,0.37,0.37,0.20,0.85,0.85,"",1,8.3,4,7.7,369191,13.7,46315,7.5,-659,-3.6,52,5.2,2735,5.3
"26135","5","2382","76","0","2025","A","N",3,0,0,0,0,0,0,"N",0.74,0,0,0,0,0,0,"N",0,0.0,0,0,0,0,0,0,0,0,0,0,0,0
"26137","5","2382","76","0","2025","A","",24,128,8050274,1510986,54270,1205,62648,"",1.47,0.73,0.75,0.64,0.60,1.03,1.03,"",2,9.1,7,5.8,525125,7.0,-34929,-2.3,-5524,-9.2,11,0.9,585,0.9
"26139","5","2382","76","0","2025","A","",186,1561,110513781,16377629,323941,1361,70789,"",1.33,0.72,0.76,0.56,0.33,1.06,1.06,"",4,2.2,44,2.9,8414174,8.2,-715356,-4.2,-38047,-10.5,67,5.2,3482,5.2
"26141","5","2382","76","0","2025","A","",11,39,1790342,368876,14066,889,46202,"",1.62,0.91,0.74,0.70,0.43,0.82,0.82,"",1,10.0,-1,-2.5,-33545,-1.8,-58187,-13.6,-5483,-28.0,23,2.7,1168,2.6
"26143","5","2382","76","0","2025","A","",20,106,7757290,1811161,78708,1405,73067,"",1.70,1.04,1.65,1.34,1.33,1.59,1.59,"",2,11.1,22,26.2,1213828,18.6,209132,13.1,24188,44.4,-89,-6.0,-4600,-5.9
"26145","5","2382","76","0","2025","A","",92,869,75823729,9698091,549380,1679,87296,"",1.15,0.65,0.85,0.59,0.89,1.31,1.31,"",2,2.2,-43,-4.7,2741656,3.8,-371021,-3.7,-68030,-11.0,139,9.0,7191,9.0
"26147","5","2382","76","0","2025","A","",97,650,53295511,7395924,245102,1578,82056,"",1.45,0.93,1.21,0.88,0.80,1.30,1.30,"",5,5.4,24,3.8,5184732,10.8,89315,1.2,18547,8.2,99,6.7,5151,6.7
"26149","5","2382","76","0","2025","A","",31,393,33926797,4524469,111193,1661,86364,"",0.68,1.13,1.61,1.03,0.76,1.42,1.42,"",1,3.3,25,6.8,5391219,18.9,32913,0.7,19881,21.8,168,11.3,8716,11.2
"26151","5","2382","76","0","2025","A","",16,121,7572048,1268969,22034,1206,62708,"",0.91,0.70,0.79,0.58,0.25,1.13,1.13,"",2,14.3,10,9.0,966363,14.6,64271,5.3,161,0.7,57,5.0,2973,5.0
"26153","5","2382","76","0","2025","A","",6,40,1922767,394442,17046,913,47476,"",1.28,0.87,0.73,0.93,0.85,0.84,0.84,"",1,20.0,-1,-2.4,80165,4.4,-7560,-1.9,3005,21.4,57,6.7,2987,6.7
"26155","5","2382","76","0","2025","A","",45,211,14807638,2902329,89814,1352,70317,"",1.88,0.82,0.97,1.03,0.89,1.19,1.19,"",1,2.3,-2,-0.9,881200,6.3,6274,0.2,-9070,-9.2,97,7.7,5037,7.7
"26157","5","2382","76","0","2025","A","",30,123,6380873,1378951,33022,1000,51983,"",1.61,0.61,0.55,0.62,0.42,0.92,0.92,"",2,7.1,22,21.8,-859766,-11.9,123043,9.8,-3513,-9.6,-384,-27.7,-20003,-27.8
"26159","5","2382","76","0","2025","A","",29,135,8815942,1466986,45925,1255,65263,"",0.86,0.37,0.42,0.32,0.27,1.11,1.11,"",4,16.0,18,15.4,1532126,21.0,7721,0.5,6129,15.4,54,4.5,2830,4.5
"26161","5","2382","76","0","2025","A","",117,1633,152470644,19923249,854460,1796,93392,"",0.60,0.45,0.50,0.64,0.79,1.12,1.12,"",10,9.3,60,3.8,13433414,9.7,-503898,-2.5,-145262,-14.5,96,5.6,5007,5.7
"26163","5","2382","76","0","2025","A","",526,8118,819583723,103177195,5468011,1942,100959,"",0.70,0.67,0.79,0.66,0.84,1.17,1.17,"",21,4.2,869,12.0,112382487,15.9,7142303,7.4,746456,15.8,66,3.5,3401,3.5
"26165","5","2382","76","0","2025","A","",14,51,2559146,538115,13379,959,49853,"",0.78,0.23,0.20,0.20,0.13,0.83,0.83,"",3,27.3,5,10.9,138294,5.7,15984,3.1,-162,-1.2,-49,-4.9,-2584,-4.9
"26999","5","2382","76","0","2025","A","",432,2094,235798430,29368382,1258264,2165,112584,"",0.35,0.68,0.63,0.53,0.55,0.93,0.93,"",68,18.7,398,23.5,53495206,29.3,5389167,22.5,284439,29.2,98,4.7,5120,4.8
"27000","5","2382","56","0","2025","A","",3694,43306,4181403002,2014803448,46525108,1857,96556,"",0.89,0.88,1.02,0.99,1.71,1.15,1.15,"",-19,-0.5,2068,5.0,482515151,13.0,126226305,6.7,4361014,10.3,132,7.7,6860,7.6
"27001","5","2382","76","0","2025","A","",13,89,6021633,3742992,23938,1299,67532,"",1.39,1.21,1.50,1.64,0.63,1.24,1.24,"",-1,-7.1,2,2.3,650998,12.1,155368,4.3,4110,20.7,110,9.3,5682,9.2
"27003","5","2382","76","0","2025","A","",234,2979,285813900,140085675,3423186,1845,95956,"",1.36,1.34,1.74,1.47,2.63,1.30,1.30,"",-8,-3.3,229,8.3,38168908,15.4,13904824,11.0,414482,13.8,113,6.5,5887,6.5
"27005","5","2382","76","0","2025","A","",37,205,12620869,8439736,51436,1183,61540,"",1.68,0.80,0.82,0.89,0.35,1.03,1.03,"",1,2.8,-41,-16.7,-1859577,-12.8,-1599124,-15.9,-52997,-50.7,53,4.7,2776,4.7
"27007","5","2382","76","0","2025","A","",40,515,45046782,23640921,1033443,1682,87469,"",1.55,1.49,2.07,2.34,4.73,1.39,1.39,"",0,0.0,12,2.4,3130286,7.5,-218088,-0.9,56068,5.7,79,4.9,4136,5.0
"27009","5","2382","76","0","2025","A","",38,1362,121878902,58916132,765650,1721,89480,"",1.84,4.77,6.67,4.54,2.99,1.40,1.40,"",0,0.0,61,4.7,14685419,13.7,2325143,4.1,49950,7.0,136,8.6,7082,8.6
"27011","5","2382","76","0","2025","A","",8,44,2400029,1665036,3038,1053,54754,"",1.83,1.51,1.39,2.18,0.13,0.92,0.92,"",-1,-11.1,1,2.3,330260,16.0,149670,9.9,-6567,-68.4,122,13.1,6338,13.1
"27013","5","2382","76","0","2025","A","",58,788,73320738,34691598,494794,1790,93056,"",1.38,1.14,1.64,1.37,1.73,1.44,1.44,"",-1,-1.7,22,2.9,5576713,8.2,1967614,6.0,35615,7.8,89,5.2,4617,5.2
"27015","5","2382","76","0","2025","A","",25,186,11678098,7597197,81420,1207,62757,"",1.42,0.84,0.85,0.92,0.76,1.02,1.02,"",1,4.2,-16,-7.9,-1003741,-7.9,-394222,-4.9,-3129,-3.7,-1,-0.1,-76,-0.1
"27017","5","2382","76","0","2025","A","N",13,0,0,0,0,0,0,"N",0.84,0,0,0,0,0,0,"N",0,0.0,0,0,0,0,0,0,0,0,0,0,0,0
"27019","5","2382","76","0","2025","A","",81,921,84049794,41658022,431730,1755,91268,"",1.45,1.36,1.49,1.46,1.28,1.10,1.10,"",-5,-5.8,-9,-1.0,997519,1.2,695781,1.7,62035,16.8,37,2.2,1932,2.2
"27021","5","2382","76","0","2025","A","",25,61,3255169,2392621,46333,1026,53363,"",1.34,0.34,0.37,0.49,0.39,1.06,1.06,"",-3,-10.7,1,1.7,329262,11.3,125851,5.6,2518,5.7,93,10.0,4867,10.0
"27023","5","2382","76","0","2025","A","",9,117,10525291,5846785,74633,1734,90152,"",1.11,1.36,2.05,1.89,1.73,1.51,1.51,"",0,0.0,-5,-4.1,-386482,-3.5,136747,2.4,-4970,-6.2,18,1.0,894,1.0
"27025","5","2382","76","0","2025","A","",46,207,17047715,9141370,164282,1581,82191,"",1.70,0.76,0.96,0.93,0.84,1.26,1.26,"",0,0.0,1,0.5,958536,6.0,494792,5.7,33294,25.4,75,5.0,3898,5.0
"27027","5","2382","76","0","2025","A","",37,196,8989752,6711347,62486,884,45983,"",1.27,0.60,0.45,0.62,0.34,0.75,0.75,"",-1,-2.6,4,2.1,796757,9.7,640389,10.5,3219,5.4,64,7.8,3367,7.9
"27029","5","2382","76","0","2025","A","",6,105,7873800,5887383,349874,1436,74692,"",1.30,2.46,2.91,3.21,4.13,1.18,1.18,"",0,0.0,-9,-7.9,-1427685,-15.3,-879311,-13.0,-36865,-9.5,-132,-8.4,-6840,-8.4
"27031","5","2382","76","0","2025","A","",6,18,1194678,786940,3189,1253,65164,"",0.94,0.41,0.51,0.52,0.16,1.24,1.24,"",-1,-14.3,1,5.9,282797,31.0,94171,13.6,1463,84.8,211,20.2,10993,20.3
"27033","5","2382","76","0","2025","A","",6,66,3811146,2859620,38697,1108,57599,"",0.71,0.82,0.86,1.23,1.06,1.05,1.04,"",0,0.0,1,1.5,325608,9.3,183243,6.8,5360,16.1,82,8.0,4249,8.0
"27035","5","2382","76","0","2025","A","",65,554,45264615,24911800,457517,1571,81681,"",1.42,1.06,1.44,1.31,1.47,1.36,1.36,"",1,1.6,1,0.2,2815017,6.6,755548,3.1,60074,15.1,95,6.4,4953,6.5
"27037","5","2382","76","0","2025","A","",198,2657,264803565,128443722,2999579,1916,99653,"",0.85,0.84,1.03,0.90,1.38,1.23,1.23,"",2,1.0,-85,-3.1,10159231,4.0,473872,0.4,327937,12.3,130,7.3,6796,7.3
"27039","5","2382","76","0","2025","A","",18,116,9068401,5270022,262258,1498,77896,"",1.80,1.16,1.33,1.24,3.55,1.14,1.14,"",0,0.0,-1,-0.9,287374,3.3,-180498,-3.3,-16691,-6.0,56,3.9,2898,3.9
"27041","5","2382","76","0","2025","A","",44,319,24054062,13627896,133915,1448,75306,"",1.52,0.97,1.12,1.12,0.69,1.16,1.16,"",0,0.0,-2,-0.6,865060,3.7,631961,4.9,9278,7.4,58,4.2,3047,4.2
"27043","5","2382","76","0","2025","A","",10,91,5028228,3354790,10376,1065,55357,"",1.06,1.22,1.16,1.26,0.21,0.95,0.95,"",0,0.0,-3,-3.2,-472400,-8.6,-196451,-5.5,-917,-8.1,-61,-5.4,-3212,-5.5
"27045","5","2382","76","0","2025","A","",18,77,4406262,2925388,13007,1104,57411,"",1.15,0.75,0.86,0.89,0.23,1.16,1.15,"",1,5.9,2,2.7,320588,7.8,276224,10.4,7104,120.3,53,5.0,2753,5.0
"27047","5","2382","76","0","2025","A","",22,155,12599160,6570657,107923,1561,81154,"",1.36,0.79,1.06,0.88,1.33,1.34,1.34,"",0,0.0,13,9.2,2419033,23.8,867113,15.2,24649,29.6,178,12.9,9252,12.9
"27049","5","2382","76","0","2025","A","",39,617,65313045,33462313,689493,2035,105842,"",1.46,1.69,2.61,2.47,3.69,1.54,1.54,"",-1,-2.5,137,28.5,20018421,44.2,9966774,42.4,250621,57.1,222,12.2,11560,12.3
"27051","5","2382","76","0","2025","A","",5,20,1270935,889310,13546,1202,62505,"",0.99,0.63,0.71,0.86,0.67,1.11,1.11,"",1,25.0,1,5.3,46045,3.8,61969,7.5,834,6.6,-11,-0.9,-579,-0.9
"27053","5","2382","76","0","2025","A","",460,12123,1335241459,578908318,14833620,2118,110143,"",0.54,0.79,0.87,0.81,1.82,1.10,1.10,"",-13,-2.7,1005,9.0,186717461,16.3,35816329,6.6,846176,6.0,131,6.6,6839,6.6
"27055","5","2382","76","0","2025","A","",14,102,8024281,4210891,77068,1505,78286,"",1.50,1.19,1.75,1.51,2.07,1.46,1.46,"",0,0.0,6,6.2,649189,8.8,267806,6.8,4802,6.6,20,1.3,1060,1.4
"27057","5","2382","76","0","2025","A","",27,176,10685710,7088214,78037,1169,60801,"",2.05,1.68,1.92,1.96,1.01,1.15,1.15,"",-1,-3.6,0,0.0,642824,6.4,196460,2.9,-1080,-1.4,71,6.5,3712,6.5
"27059","5","2382","76","0","2025","A","",39,293,19338418,12275445,195224,1269,65964,"",2.05,1.57,1.83,2.00,2.32,1.16,1.16,"",3,8.3,28,10.6,2217189,12.9,1120407,10.0,104188,114.4,28,2.3,1416,2.2
"27061","5","2382","76","0","2025","A","",31,233,21197112,11935412,695336,1750,90975,"",1.18,0.85,1.25,1.30,2.81,1.47,1.47,"",-1,-3.1,59,33.9,7870759,59.1,4361107,57.6,392189,129.4,279,19.0,14497,19.0
"27063","5","2382","76","0","2025","A","",8,31,1497969,1165607,4919,939,48847,"",1.13,0.38,0.34,0.36,0.10,0.90,0.90,"",0,0.0,-1,-3.1,54384,3.8,-74023,-6.0,-1086,-18.1,78,9.1,4085,9.1
"27065","5","2382","76","0","2025","A","",9,89,8516725,4368412,163407,1842,95783,"",1.25,1.28,2.04,2.21,2.66,1.60,1.60,"",1,12.5,8,9.9,1057969,14.2,428341,10.9,21327,15.0,66,3.7,3415,3.7
"27067","5","2382","76","0","2025","A","",54,200,12454563,8022856,35233,1196,62195,"",1.92,0.51,0.54,0.55,0.15,1.04,1.04,"",-4,-6.9,-33,-14.2,-743433,-5.6,-799808,-9.1,-5187,-12.8,109,10.0,5652,10.0
"27069","5","2382","76","0","2025","A","N",4,0,0,0,0,0,0,"N",1.01,0,0,0,0,0,0,"N",0,0.0,0,0,0,0,0,0,0,0,0,0,0,0
"27071","5","2382","76","0","2025","A","",9,86,7214199,3919689,234417,1616,84049,"",1.10,1.24,1.68,1.78,5.99,1.36,1.36,"",0,0.0,-5,-5.5,-51456,-0.7,-276624,-6.6,-26723,-10.2,79,5.1,4133,5.2
"27073","5","2382","76","0","2025","A","N",6,0,0,0,0,0,0,"N",1.27,0,0,0,0,0,0,"N",0,0.0,0,0,0,0,0,0,0,0,0,0,0,0
"27075","5","2382","76","0","2025","A","",6,11,421634,362235,1790,715,37203,"",0.81,0.16,0.10,0.17,0.06,0.61,0.61,"N",0,0.0,0,0,0,0,0,0,0,0,0,0,0,0
"27077","5","2382","76","0","2025","A","",7,14,871959,697214,11872,1227,63802,"",1.99,0.55,0.54,0.81,1.26,1.01,1.01,"N",3,75.0,0,0,0,0,0,0,0,0,0,0,0,0
"27079","5","2382","76","0","2025","A","",26,72,4133129,2822785,25608,1099,57140,"",1.71,0.51,0.47,0.48,0.20,0.92,0.92,"",1,4.0,4,5.9,263302,6.8,272523,10.7,3720,17.0,6,0.5,300,0.5
"27081","5","2382","76","0","2025","A","N",7,0,0,0,0,0,0,"N",1.59,0,0,0,0,0,0,"N",0,0.0,0,0,0,0,0,0,0,0,0,0,0,0
"27083","5","2382","76","0","2025","A","",23,149,10190399,6062605,23181,1316,68430,"",1.38,0.66,0.75,0.82,0.28,1.13,1.13,"",-1,-4.2,5,3.5,908879,9.8,456701,8.1,2355,11.3,78,6.3,4050,6.3
"27085","5","2382","76","0","2025","A","",28,146,9514136,5809628,92829,1250,65017,"",1.37,0.55,0.55,0.60,0.74,1.00,1.00,"",0,0.0,6,4.3,85472,0.9,377383,6.9,-13637,-12.8,-42,-3.3,-2171,-3.2
"27087","5","2382","76","0","2025","A","N",1,0,0,0,0,0,0,"N",0.42,0,0,0,0,0,0,"N",0,0.0,0,0,0,0,0,0,0,0,0,0,0,0
"27089","5","2382","76","0","2025","A","",6,28,1877302,1157190,1198,1309,68059,"",0.86,0.69,0.74,0.86,0.03,1.08,1.08,"",0,0.0,-1,-3.4,304468,19.4,40188,3.6,17,1.4,257,24.4,13352,24.4
"27091","5","2382","76","0","2025","A","",12,125,9143483,5038365,48879,1407,73148,"",0.86,0.89,1.10,1.04,1.00,1.23,1.23,"",-1,-7.7,1,0.8,608056,7.1,484515,10.6,23522,92.8,81,6.1,4175,6.1
"27093","5","2382","76","0","2025","A","",22,82,5260588,3413548,9248,1234,64154,"",1.60,0.63,0.68,0.67,0.15,1.09,1.09,"",2,10.0,8,10.8,801776,18.0,496550,17.0,-921,-9.1,71,6.1,3696,6.1
"27095","5","2382","76","0","2025","A","",25,97,5847390,3870302,139913,1160,60334,"",1.60,0.61,0.70,0.97,1.98,1.14,1.14,"",2,8.7,13,15.5,752687,14.8,440117,12.8,28811,25.9,-1,-0.1,-18,0.0
"27097","5","2382","76","0","2025","A","",12,44,2706145,1704061,6966,1185,61620,"",0.55,0.24,0.27,0.29,0.07,1.15,1.15,"",-1,-7.7,0,0.0,325741,13.7,108543,6.8,2289,48.9,139,13.3,7211,13.3
"27099","5","2382","76","0","2025","A","",27,233,17985373,10275205,200483,1487,77329,"",1.55,0.82,0.92,0.94,2.42,1.12,1.12,"",0,0.0,-75,-24.4,-5763437,-24.3,-3396910,-24.8,-115626,-36.6,3,0.2,160,0.2
"27101","5","2382","76","0","2025","A","",13,58,2944479,2161710,3597,972,50549,"",2.04,1.21,1.07,1.22,0.13,0.88,0.88,"",0,0.0,0,0.0,128232,4.6,82012,3.9,-123,-3.3,45,4.9,2339,4.9
"27103","5","2382","76","0","2025","A","",20,121,9797958,5069193,60223,1563,81255,"",1.21,0.50,0.63,0.61,0.67,1.28,1.28,"",0,0.0,-1,-0.8,871136,9.8,119147,2.4,2229,3.8,153,10.9,7934,10.8
"27105","5","2382","76","0","2025","A","",11,38,1962231,1471623,10048,982,51078,"",0.88,0.23,0.18,0.21,0.17,0.80,0.80,"N",0,0.0,0,0,0,0,0,0,0,0,0,0,0,0
"27107","5","2382","76","0","2025","A","",4,5,262716,190654,190,978,50848,"",0.78,0.16,0.14,0.22,0.03,0.82,0.82,"",0,0.0,2,66.7,85948,48.6,50076,35.6,51,36.7,-42,-4.1,-2182,-4.1
"27109","5","2382","76","0","2025","A","",71,1509,132179815,64766445,1047575,1684,87589,"",0.90,0.86,0.83,1.59,1.98,0.96,0.96,"",-3,-4.1,55,3.8,9324131,7.6,1660034,2.6,21875,2.1,59,3.6,3089,3.7
"27111","5","2382","76","0","2025","A","",54,317,19851866,13082129,155232,1204,62591,"",1.47,0.84,0.89,0.97,0.73,1.06,1.06,"",-3,-5.3,12,3.9,1513672,8.3,815381,6.6,22364,16.8,49,4.2,2531,4.2
"27113","5","2382","76","0","2025","A","",10,87,5532841,3589926,12039,1218,63353,"",1.23,0.55,0.57,0.56,0.17,1.02,1.02,"",0,0.0,4,4.8,22982,0.4,84051,2.4,2608,27.7,-52,-4.1,-2699,-4.1
"27115","5","2382","76","0","2025","A","",16,36,2032377,1466215,13764,1091,56717,"",1.12,0.27,0.31,0.41,0.16,1.12,1.12,"",-2,-11.1,2,5.9,195613,10.6,167737,12.9,1308,10.5,52,5.0,2695,5.0
"27117","5","2382","76","0","2025","A","N",12,0,0,0,0,0,0,"N",1.60,0,0,0,0,0,0,"N",0,0.0,0,0,0,0,0,0,0,0,0,0,0,0
"27119","5","2382","76","0","2025","A","",21,104,7253601,4048391,49206,1343,69858,"",1.03,0.52,0.59,0.61,0.36,1.13,1.13,"",0,0.0,5,5.1,643165,9.7,296628,7.9,-2166,-4.2,56,4.4,2917,4.4
"27121","5","2382","76","0","2025","A","",8,40,2911672,1636454,6932,1400,72792,"",1.08,0.54,0.63,0.63,0.22,1.17,1.17,"",0,0.0,0,0.0,229964,8.6,-61365,-3.6,-3971,-36.4,127,10.0,6577,9.9
"27123","5","2382","76","0","2025","A","",183,4967,566596412,245821087,6486099,2194,114076,"",0.62,0.90,1.16,1.14,2.48,1.29,1.29,"",-5,-2.7,293,6.3,77502984,15.8,19144089,8.4,631872,10.8,182,9.0,9431,9.0
"27125","5","2382","76","0","2025","A","N",5,0,0,0,0,0,0,"N",2.05,0,0,0,0,0,0,"N",0,0.0,0,0,0,0,0,0,0,0,0,0,0,0
"27127","5","2382","76","0","2025","A","",21,88,5130318,3430354,22204,1128,58632,"",1.85,0.88,0.89,0.96,0.65,1.01,1.01,"",-1,-4.5,-3,-3.3,-155266,-2.9,-13328,-0.4,-1411,-6.0,8,0.7,389,0.7
"27129","5","2382","76","0","2025","A","",14,63,4336714,2535211,21041,1326,68928,"",1.21,0.67,0.75,0.68,0.24,1.11,1.11,"",0,0.0,-5,-7.4,361267,9.1,-142774,-5.3,-1333,-6.0,195,17.2,10105,17.2
"27131","5","2382","76","0","2025","A","",47,354,26107775,15912450,219462,1420,73820,"",1.36,0.80,0.88,1.03,1.16,1.10,1.10,"",0,0.0,-11,-3.0,-7435,0.0,119303,0.8,-34585,-13.6,45,3.3,2320,3.2
"27133","5","2382","76","0","2025","A","",8,54,3474197,2150812,19523,1241,64536,"",1.26,0.83,0.88,0.96,1.24,1.07,1.07,"",0,0.0,16,42.1,1149522,49.4,700534,48.3,14094,259.6,65,5.5,3360,5.5
"27135","5","2382","76","0","2025","A","N",9,0,0,0,0,0,0,"N",0.97,0,0,0,0,0,0,"N",0,0.0,0,0,0,0,0,0,0,0,0,0,0,0
"27137","5","2382","76","0","2025","A","",129,1236,105295830,56372950,1403189,1638,85197,"",1.19,0.78,0.97,1.07,1.70,1.25,1.25,"",4,3.2,34,2.8,8422346,8.7,3401741,6.4,167966,13.6,88,5.7,4620,5.7
"27139","5","2382","76","0","2025","A","",102,1032,94330449,46361094,834369,1759,91442,"",1.31,0.97,1.23,1.04,1.04,1.27,1.27,"",4,4.1,24,2.4,7682667,8.9,-15039,0.0,-42979,-4.9,106,6.4,5482,6.4
"27141","5","2382","76","0","2025","A","",96,522,41478837,23749724,399779,1528,79436,"",1.95,1.09,1.34,1.27,1.32,1.22,1.22,"",-1,-1.0,24,4.8,3053828,7.9,1921277,8.8,85693,27.3,44,3.0,2290,3.0
"27143","5","2382","76","0","2025","A","",9,47,2958380,1876303,4367,1206,62722,"",1.15,0.75,0.79,0.73,0.06,1.06,1.06,"",0,0.0,1,2.2,135979,4.8,136827,7.9,-391,-8.2,32,2.7,1697,2.8
"27145","5","2382","76","0","2025","A","",113,1576,133816716,69524640,1321369,1632,84882,"",1.24,1.08,1.29,1.25,1.86,1.19,1.19,"",1,0.9,43,2.8,10155975,8.2,4744463,7.3,17412,1.3,81,5.2,4234,5.2
"27147","5","2382","76","0","2025","A","",17,242,20335547,10614648,95267,1615,83973,"",0.76,0.76,0.92,0.79,0.60,1.22,1.22,"",-1,-5.6,15,6.6,2031507,11.1,1091966,11.5,15435,19.3,67,4.3,3486,4.3
"27149","5","2382","76","0","2025","A","",11,45,3171517,1898557,10289,1348,70089,"",1.43,0.47,0.45,0.49,0.24,0.96,0.96,"",1,10.0,0,0.0,-642092,-16.8,194928,11.4,-2251,-18.0,-291,-17.8,-15131,-17.8
"27151","5","2382","76","0","2025","A","",12,88,5915945,3415136,6685,1294,67290,"",1.66,1.45,1.64,1.66,0.17,1.13,1.13,"",1,9.1,8,10.0,774867,15.1,272097,8.7,-628,-8.6,62,5.0,3227,5.0
"27153","5","2382","76","0","2025","A","",14,51,2714325,1850468,11954,1027,53397,"",1.14,0.43,0.37,0.47,0.27,0.86,0.86,"",0,0.0,6,13.3,564426,26.3,342387,22.7,-3229,-21.3,113,12.4,5885,12.4
"27155","5","2382","76","0","2025","A","N",3,0,0,0,0,0,0,"N",1.02,0,0,0,0,0,0,"N",0,0.0,0,0,0,0,0,0,0,0,0,0,0,0
"27157","5","2382","76","0","2025","A","",14,40,2195982,1429178,2879,1045,54334,"",1.19,0.37,0.37,0.39,0.04,1.00,1.00,"",0,0.0,-5,-11.1,-227253,-9.4,-189730,-11.7,72,2.6,15,1.5,782,1.5
"27159","5","2382","76","0","2025","A","",17,35,1600514,1328369,17940,877,45620,"",1.96,0.39,0.31,0.54,0.55,0.80,0.80,"",3,21.4,3,9.4,208532,15.0,166797,14.4,208,1.2,47,5.7,2458,5.7
"27161","5","2382","76","0","2025","A","",16,70,4361731,2946600,4709,1190,61869,"",1.54,0.77,0.80,0.95,0.08,1.03,1.03,"",1,6.7,0,0.0,82478,1.9,176731,6.4,788,20.1,17,1.4,882,1.4
"27163","5","2382","76","0","2025","A","",124,1123,130983900,56913668,2336943,2243,116655,"",0.90,0.70,1.17,0.84,2.57,1.68,1.68,"",0,0.0,68,6.4,32754088,33.3,8428550,17.4,630355,36.9,452,25.2,23546,25.3
"27165","5","2382","76","0","2025","A","",13,51,3047662,1905773,28882,1149,59758,"",2.00,0.68,0.75,0.65,0.98,1.10,1.10,"",-2,-13.3,-3,-5.6,-353926,-10.4,-166546,-8.0,-25658,-47.0,-53,-4.4,-2752,-4.4
"27167","5","2382","76","0","2025","A","",5,50,3075259,1864787,2317,1175,61098,"",1.23,1.82,1.77,2.00,0.23,0.97,0.97,"",0,0.0,9,22.0,848300,38.1,486907,35.3,611,35.8,141,13.6,7328,13.6
"27169","5","2382","76","0","2025","A","",38,312,21218433,12593593,316211,1310,68117,"",1.54,0.78,0.90,0.87,2.24,1.15,1.15,"",0,0.0,13,4.3,2080697,10.9,758765,6.4,43295,15.9,78,6.3,4075,6.4
"27171","5","2382","76","0","2025","A","",134,931,70353733,41141144,795417,1453,75541,"",1.71,1.13,1.36,1.23,1.29,1.20,1.20,"",2,1.5,9,1.0,5399342,8.3,2003588,5.1,-21303,-2.6,99,7.3,5111,7.3
"27173","5","2382","76","0","2025","A","",11,29,1433701,974219,1644,948,49296,"",1.48,0.48,0.43,0.61,0.09,0.90,0.90,"",0,0.0,1,3.6,94042,7.0,31879,3.4,703,74.7,44,4.9,2290,4.9
"27999","5","2382","76","0","2025","A","",328,776,85744763,42239956,1375024,2126,110555,"",0.38,0.47,0.35,0.38,0.87,0.76,0.76,"",9,2.8,73,10.4,19535759,29.5,5668987,15.5,245119,21.7,315,17.4,16363,17.4
"28000","3","2382","56","0","2025","A","",1,0,0,0,0,0,0,"",2.67,0.00,0.00,0.00,0.00,0.00,0.00,"",0,0.0,0,0.0,0,0.0,0,0.0,0,0.0,0,0.0,0,0.0
"28000","5","2382","56","0","2025","A","",2200,18050,1240129613,343276579,1602917,1321,68706,"",1.24,0.92,1.09,0.95,0.86,1.19,1.19,"",73,3.4,1943,12.1,209881396,20.4,36328506,11.8,-30282,-1.9,91,7.4,4743,7.4
"28001","5","2382","76","0","2025","A","",14,61,3143034,898628,3128,994,51666,"",0.93,0.37,0.39,0.27,0.16,1.07,1.07,"N",2,16.7,0,0,0,0,0,0,0,0,0,0,0,0
"28003","5","2382","76","0","2025","A","",14,69,3833064,1123911,718,1073,55821,"",0.87,0.31,0.33,0.27,0.05,1.06,1.07,"",-1,-6.7,-7,-9.2,-373977,-8.9,-105776,-8.6,-1288,-64.2,14,1.3,767,1.4
"28005","5","2382","76","0","2025","A","N",5,0,0,0,0,0,0,"N",1.23,0,0,0,0,0,0,"N",1,25.0,0,0,0,0,0,0,0,0,0,0,0,0
"28007","5","2382","76","0","2025","A","N",11,0,0,0,0,0,0,"N",1.36,0,0,0,0,0,0,"N",1,10.0,0,0,0,0,0,0,0,0,0,0,0,0
"28009","5","2382","76","0","2025","A","N",1,0,0,0,0,0,0,"N",0.54,0,0,0,0,0,0,"N",0,0.0,0,0,0,0,0,0,0,0,0,0,0,0
"28011","5","2382","76","0","2025","A","",13,120,6419669,1978409,2131,1029,53497,"",0.79,0.68,0.75,0.61,0.10,1.10,1.10,"",0,0.0,2,1.7,564683,9.6,-78144,-3.8,-4951,-69.9,75,7.9,3878,7.8
"28013","5","2382","76","0","2025","A","N",1,0,0,0,0,0,0,"N",0.19,0,0,0,0,0,0,"N",0,0.0,0,0,0,0,0,0,0,0,0,0,0,0
"28015","5","2382","76","0","2025","A","",5,37,1749064,664558,542,901,46850,"",1.97,2.16,2.29,2.42,0.42,1.05,1.05,"",-2,-28.6,-4,-9.8,-65728,-3.6,-39539,-5.6,542,100.0,57,6.8,2944,6.7
"28017","5","2382","76","0","2025","A","",3,7,184211,84245,336,525,27291,"",0.42,0.10,0.06,0.07,0.06,0.64,0.64,"",-1,-25.0,-36,-83.7,-2138277,-92.1,-775766,-90.2,-602,-64.2,-518,-49.7,-26931,-49.7
"28019","5","2382","76","0","2025","A","N",5,0,0,0,0,0,0,"N",1.67,0,0,0,0,0,0,"N",0,0.0,0,0,0,0,0,0,0,0,0,0,0,0
"28021","5","2382","76","0","2025","A","N",1,0,0,0,0,0,0,"N",0.38,0,0,0,0,0,0,"N",0,0.0,0,0,0,0,0,0,0,0,0,0,0,0
"28023","5","2382","76","0","2025","A","N",6,0,0,0,0,0,0,"N",1.23,0,0,0,0,0,0,"N",1,20.0,0,0,0,0,0,0,0,0,0,0,0,0
"28025","5","2382","76","0","2025","A","",11,47,2262100,789603,5269,929,48301,"",1.40,0.43,0.40,0.39,0.46,0.92,0.92,"",1,10.0,1,2.2,20908,0.9,-20910,-2.6,73,1.4,-10,-1.1,-509,-1.0
"28027","5","2382","76","0","2025","A","",7,39,2144980,635206,4588,1069,55593,"",0.62,0.38,0.43,0.35,0.28,1.13,1.13,"",0,0.0,1,2.6,140848,7.0,-32021,-4.8,-5301,-53.6,48,4.7,2503,4.7
"28029","3","2382","76","0","2025","A","",1,0,0,0,0,0,0,"",501.57,0.00,0.00,0.00,0.00,0.00,0.00,"",0,0.0,0,0.0,0,0.0,0,0.0,0,0.0,0,0.0,0,0.0
"28029","5","2382","76","0","2025","A","",13,39,2105071,732118,7500,1038,53976,"",1.38,0.36,0.42,0.38,0.87,1.14,1.14,"",2,18.2,-1,-2.5,252961,13.7,-27697,-3.6,4860,184.1,159,18.1,8245,18.0
"28031","5","2382","76","0","2025","A","N",6,0,0,0,0,0,0,"N",0.79,0,0,0,0,0,0,"N",1,20.0,0,0,0,0,0,0,0,0,0,0,0,0
"28033","5","2382","76","0","2025","A","",108,1240,88162681,21414805,51021,1367,71085,"",1.42,1.01,1.38,0.86,0.45,1.36,1.36,"",7,6.9,176,16.5,17369993,24.5,2339883,12.3,4196,9.0,87,6.8,4545,6.8
"28035","5","2382","76","0","2025","A","",42,626,45965932,11518846,24966,1413,73487,"",1.05,0.96,1.19,1.12,0.48,1.24,1.24,"",0,0.0,44,7.6,7688856,20.1,1282111,12.5,-5197,-17.2,149,11.8,7738,11.8
"28037","5","2382","76","0","2025","A","N",2,0,0,0,0,0,0,"N",0.76,0,0,0,0,0,0,"N",0,0.0,0,0,0,0,0,0,0,0,0,0,0,0
"28039","5","2382","76","0","2025","A","",12,128,9664075,2787162,10839,1448,75304,"",1.47,1.43,2.16,1.79,1.04,1.50,1.50,"",1,9.1,-12,-8.6,-48935,-0.5,-313478,-10.1,-6603,-37.9,116,8.7,6049,8.7
"28041","5","2382","76","0","2025","A","N",3,0,0,0,0,0,0,"N",0.98,0,0,0,0,0,0,"N",0,0.0,0,0,0,0,0,0,0,0,0,0,0,0
"28043","5","2382","76","0","2025","A","",10,41,1981169,692776,608,933,48518,"",0.86,0.25,0.24,0.22,0.03,0.97,0.97,"",0,0.0,2,5.1,146567,8.0,9168,1.3,-2808,-82.2,23,2.5,1173,2.5
"28045","5","2382","76","0","2025","A","",27,316,25215209,7311755,100786,1537,79921,"",1.27,1.31,1.55,1.79,4.36,1.19,1.19,"",3,12.5,29,10.1,4214499,20.1,882554,13.7,28046,38.6,130,9.2,6748,9.2
"28047","5","2382","76","0","2025","A","",120,1154,67390189,20279832,86972,1123,58384,"",1.18,0.77,0.81,0.77,0.78,1.06,1.06,"",-2,-1.6,53,4.8,4923638,7.9,485664,2.5,-29198,-25.1,32,2.9,1665,2.9
"28049","5","2382","76","0","2025","A","",114,1308,83450617,21757333,56262,1227,63784,"",1.02,0.72,0.68,0.85,0.45,0.95,0.95,"",-1,-0.9,-6,-0.5,-3217835,-3.7,-956864,-4.2,-31486,-35.9,-42,-3.3,-2199,-3.3
"28051","5","2382","76","0","2025","A","N",2,0,0,0,0,0,0,"N",0.36,0,0,0,0,0,0,"N",0,0.0,0,0,0,0,0,0,0,0,0,0,0,0
"28053","5","2382","76","0","2025","A","",4,8,154884,81408,0,376,19564,"",1.14,0.24,0.12,0.13,0.00,0.48,0.48,"",0,0.0,1,14.3,39893,34.7,4096,5.3,-1276,-100.0,64,20.5,3330,20.5
"28057","5","2382","76","0","2025","A","",8,142,6924042,2199769,1645,936,48675,"",1.01,1.42,1.43,1.24,0.31,1.01,1.01,"",0,0.0,-2,-1.4,113592,1.7,-11810,-0.5,-2825,-63.2,28,3.1,1435,3.0
"28059","5","2382","76","0","2025","A","",75,855,56718741,17649648,167265,1276,66351,"",1.36,1.02,1.01,1.12,2.37,0.99,0.99,"",2,2.7,13,1.5,4118584,7.8,1305942,8.0,47270,39.4,75,6.2,3918,6.3
"28061","5","2382","76","0","2025","A","",5,63,3245088,992307,183,995,51715,"",1.06,0.96,0.92,0.80,0.03,0.96,0.96,"N",1,25.0,0,0,0,0,0,0,0,0,0,0,0,0
"28065","5","2382","76","0","2025","A","N",7,0,0,0,0,0,0,"N",2.31,0,0,0,0,0,0,"N",0,0.0,0,0,0,0,0,0,0,0,0,0,0,0
"28067","5","2382","76","0","2025","A","",42,252,12986426,4144365,21203,993,51636,"",1.49,0.53,0.46,0.46,0.75,0.87,0.87,"",0,0.0,12,5.0,608336,4.9,137976,3.4,-2289,-9.7,3,0.3,132,0.3
"28069","5","2382","76","0","2025","A","N",3,0,0,0,0,0,0,"N",1.16,0,0,0,0,0,0,"N",0,0.0,0,0,0,0,0,0,0,0,0,0,0,0
"28071","5","2382","76","0","2025","A","",25,136,9394732,2478250,11009,1326,68952,"",0.80,0.31,0.38,0.38,0.37,1.20,1.20,"",2,8.7,13,10.6,2657679,39.4,294207,13.5,1971,21.8,271,25.7,14105,25.7
"28073","5","2382","76","0","2025","A","",36,212,11452044,3582861,3267,1039,54019,"",1.15,0.61,0.67,0.51,0.12,1.11,1.11,"",2,5.9,0,0.0,171739,1.5,1665,0.0,-6273,-65.8,15,1.5,789,1.5
"28075","5","2382","76","0","2025","A","",35,378,23973681,7279676,43618,1220,63450,"",0.96,0.74,0.86,0.84,0.86,1.17,1.17,"",-3,-7.9,51,15.6,4136419,20.9,1630451,28.9,21034,93.1,53,4.5,2755,4.5
"28077","5","2382","76","0","2025","A","N",2,0,0,0,0,0,0,"N",0.49,0,0,0,0,0,0,"N",1,100.0,0,0,0,0,0,0,0,0,0,0,0,0
"28079","5","2382","76","0","2025","A","",6,15,836122,292947,896,1066,55434,"",0.87,0.16,0.20,0.16,0.12,1.22,1.22,"",1,20.0,3,25.0,256307,44.2,92275,46.0,-568,-38.8,96,9.9,5015,9.9
"28081","5","2382","76","0","2025","A","",58,569,30393691,9656353,37108,1027,53393,"",1.10,0.65,0.60,0.61,0.55,0.92,0.92,"",1,1.8,-19,-3.2,140651,0.5,-238779,-2.4,-6308,-14.5,37,3.7,1913,3.7
"28083","5","2382","76","0","2025","A","",17,313,20324128,5851179,54904,1250,64985,"",1.08,1.55,2.07,1.63,2.32,1.34,1.34,"",1,6.2,14,4.7,130357,0.6,225322,4.0,5650,11.5,-50,-3.8,-2609,-3.9
"28085","5","2382","76","0","2025","A","",19,202,10603227,3602093,3215,1007,52383,"",1.14,0.96,1.01,0.88,0.25,1.05,1.05,"",0,0.0,12,6.3,996416,10.4,114822,3.3,1303,68.1,34,3.5,1799,3.6
"28087","5","2382","76","0","2025","A","",40,666,45289363,14758498,145661,1309,68053,"",1.32,1.52,1.61,1.74,2.83,1.05,1.05,"",3,8.1,-2,-0.3,-4513497,-9.1,-1662039,-10.1,-107085,-42.4,-124,-8.7,-6484,-8.7
"28089","5","2382","76","0","2025","A","",75,820,65679449,14653559,34059,1540,80089,"",0.94,0.82,1.05,0.67,0.33,1.28,1.28,"",7,10.3,79,10.7,13028749,24.7,2155283,17.2,4601,15.6,174,12.7,9051,12.7
"28091","5","2382","76","0","2025","A","",14,68,2663131,998187,254,759,39454,"",1.19,0.49,0.36,0.38,0.03,0.75,0.75,"",0,0.0,3,4.6,143371,5.7,55566,5.9,-72,-22.1,15,2.0,788,2.0
"28093","5","2382","76","0","2025","A","",20,230,15779725,5811078,36040,1317,68483,"",1.74,1.18,1.49,1.40,1.61,1.26,1.26,"",4,25.0,79,52.3,7450660,89.5,3296730,131.1,29364,439.8,256,24.1,13324,24.2
"28095","5","2382","76","0","2025","A","",23,267,16620685,4528717,6732,1199,62328,"",1.78,1.76,1.88,1.67,0.56,1.07,1.07,"",1,4.5,7,2.7,1823784,12.3,15050,0.3,-6065,-47.4,105,9.6,5417,9.5
"28097","5","2382","76","0","2025","A","N",4,0,0,0,0,0,0,"N",0.88,0,0,0,0,0,0,"N",0,0.0,0,0,0,0,0,0,0,0,0,0,0,0
"28099","5","2382","76","0","2025","A","",13,447,39904588,7971576,16955,1716,89222,"",1.13,2.10,3.35,1.86,1.25,1.59,1.59,"",-2,-13.3,115,34.6,12641771,46.4,2227368,38.8,-20139,-54.3,138,8.7,7146,8.7
"28101","5","2382","76","0","2025","A","N",3,0,0,0,0,0,0,"N",0.41,0,0,0,0,0,0,"N",-1,-25.0,0,0,0,0,0,0,0,0,0,0,0,0
"28103","5","2382","76","0","2025","A","",6,8,392051,128531,808,942,49006,"",1.31,0.22,0.22,0.23,0.30,1.02,1.02,"N",1,20.0,0,0,0,0,0,0,0,0,0,0,0,0
"28105","5","2382","76","0","2025","A","",17,92,4592307,1533996,12199,963,50098,"",0.80,0.27,0.25,0.35,0.45,0.94,0.94,"",1,6.2,3,3.4,120748,2.7,18659,1.2,6865,128.7,-6,-0.6,-286,-0.6
"28107","5","2382","76","0","2025","A","",17,260,16445442,4110712,4134,1217,63292,"",1.29,1.45,1.84,1.25,0.27,1.27,1.27,"",1,6.2,-5,-1.9,2617582,18.9,1150,0.0,-4482,-52.0,212,21.1,11029,21.1
"28109","5","2382","76","0","2025","A","",29,123,8023772,2180004,5768,1251,65058,"",1.42,0.63,0.88,0.67,0.50,1.40,1.40,"",3,11.5,3,2.5,456063,6.0,-11429,-0.5,1014,21.3,43,3.6,2255,3.6
"28111","5","2382","76","0","2025","A","N",1,0,0,0,0,0,0,"N",0.29,0,0,0,0,0,0,"N",0,0.0,0,0,0,0,0,0,0,0,0,0,0,0
"28113","5","2382","76","0","2025","A","",25,91,3933540,1521574,2448,835,43425,"",1.24,0.37,0.34,0.36,0.16,0.92,0.92,"",2,8.7,-9,-9.0,-613860,-13.5,-276927,-15.4,-3151,-56.3,-35,-4.0,-1823,-4.0
"28115","5","2382","76","0","2025","A","",16,107,5039916,1670119,5928,902,46919,"",1.45,0.56,0.56,0.43,0.34,1.00,1.00,"",1,6.7,1,0.9,1434,0.0,-252479,-13.1,-1733,-22.6,-15,-1.6,-764,-1.6
"28117","5","2382","76","0","2025","A","",18,105,5933738,1893569,1567,1088,56602,"",1.66,0.88,1.05,0.93,0.19,1.20,1.20,"",0,0.0,-4,-3.7,-341402,-5.4,-51273,-2.6,-1843,-54.0,-22,-2.0,-1100,-1.9
"28121","5","2382","76","0","2025","A","",162,1953,138225047,36055844,98181,1361,70764,"",1.76,1.73,2.07,1.60,1.17,1.19,1.19,"",5,3.2,195,11.1,20795648,17.7,-1676688,-4.4,3452,3.6,76,5.9,3961,5.9
"28123","5","2382","76","0","2025","A","",16,94,5806007,1561307,853,1185,61602,"",1.54,0.41,0.49,0.31,0.02,1.18,1.18,"",-1,-5.9,-65,-40.9,-4266063,-42.4,-1145286,-42.3,-7691,-90.0,-36,-2.9,-1911,-3.0
"28127","5","2382","76","0","2025","A","",19,312,20104044,6377871,9311,1240,64470,"",1.89,2.63,4.01,3.51,1.40,1.53,1.53,"",2,11.8,-35,-10.1,-2215220,-9.9,-1300707,-16.9,-3242,-25.8,2,0.2,88,0.1
"28129","5","2382","76","0","2025","A","N",2,0,0,0,0,0,0,"N",0.52,0,0,0,0,0,0,"N",0,0.0,0,0,0,0,0,0,0,0,0,0,0,0
"28131","5","2382","76","0","2025","A","",6,62,3300134,1034660,1914,1022,53157,"",0.91,0.73,0.82,0.76,0.22,1.11,1.11,"",0,0.0,-6,-8.8,-12948,-0.4,-127882,-11.0,-8893,-82.3,88,9.4,4614,9.5
"28133","5","2382","76","0","2025","A","",10,156,9651873,3417783,35411,1193,62037,"",0.95,1.16,1.55,1.65,2.39,1.34,1.34,"",0,0.0,91,140.0,5212805,117.4,1648148,93.1,20517,137.8,-112,-8.6,-5821,-8.6
"28135","5","2382","76","0","2025","A","N",2,0,0,0,0,0,0,"N",0.47,0,0,0,0,0,0,"N",0,0.0,0,0,0,0,0,0,0,0,0,0,0,0
"28137","5","2382","76","0","2025","A","",14,49,2400938,793359,907,949,49334,"",1.56,0.44,0.44,0.44,0.09,1.00,1.00,"",2,16.7,2,4.3,171795,7.7,42323,5.6,-1224,-57.4,32,3.5,1652,3.5
"28139","5","2382","76","0","2025","A","",9,90,5607544,1490104,5001,1198,62306,"",1.17,0.75,0.94,0.64,0.44,1.25,1.25,"",0,0.0,9,11.1,782827,16.2,107157,7.7,-687,-12.1,50,4.4,2619,4.4
"28141","5","2382","76","0","2025","A","N",5,0,0,0,0,0,0,"N",0.53,0,0,0,0,0,0,"N",0,0.0,0,0,0,0,0,0,0,0,0,0,0,0
"28143","5","2382","76","0","2025","A","N",4,0,0,0,0,0,0,"N",0.76,0,0,0,0,0,0,"N",0,0.0,0,0,0,0,0,0,0,0,0,0,0,0
"28145","5","2382","76","0","2025","A","",14,48,2498080,850820,889,994,51684,"",1.20,0.24,0.20,0.20,0.06,0.86,0.86,"",2,16.7,1,2.1,310509,14.2,105489,14.2,427,92.4,105,11.8,5468,11.8
"28147","5","2382","76","0","2025","A","N",3,0,0,0,0,0,0,"N",0.70,0,0,0,0,0,0,"N",0,0.0,0,0,0,0,0,0,0,0,0,0,0,0
"28149","5","2382","76","0","2025","A","",28,172,9766817,2961307,7080,1093,56839,"",1.33,0.56,0.50,0.55,0.27,0.89,0.89,"",1,3.7,56,48.3,3787400,63.3,1027386,53.1,2478,53.8,99,10.0,5144,10.0
"28151","5","2382","76","0","2025","A","",26,120,6726287,1909189,4839,1080,56169,"",1.12,0.49,0.56,0.44,0.15,1.13,1.13,"",1,4.0,4,3.4,420986,6.7,96635,5.3,1649,51.7,39,3.7,2046,3.8
"28153","5","2382","76","0","2025","A","",6,24,878922,409672,292,697,36244,"",0.79,0.30,0.22,0.30,0.06,0.75,0.75,"",1,20.0,2,9.1,148473,20.3,72865,21.6,292,100.0,49,7.6,2531,7.5
"28155","5","2382","76","0","2025","A","",6,28,1899502,539845,154,1324,68864,"",1.50,0.80,1.17,1.06,0.07,1.50,1.50,"N",0,0.0,0,0,0,0,0,0,0,0,0,0,0,0
"28157","5","2382","76","0","2025","A","N",1,0,0,0,0,0,0,"N",0.42,0,0,0,0,0,0,"N",0,0.0,0,0,0,0,0,0,0,0,0,0,0,0
"28159","5","2382","76","0","2025","A","",11,70,3663755,1152335,570,1001,52030,"",1.53,0.82,0.77,0.74,0.09,0.94,0.94,"",1,10.0,3,4.5,390249,11.9,32874,2.9,-6170,-91.5,56,5.9,2866,5.8
"28161","5","2382","76","0","2025","A","N",5,0,0,0,0,0,0,"N",1.24,0,0,0,0,0,0,"N",0,0.0,0,0,0,0,0,0,0,0,0,0,0,0
"28163","5","2382","76","0","2025","A","N",4,0,0,0,0,0,0,"N",0.45,0,0,0,0,0,0,"N",-1,-20.0,0,0,0,0,0,0,0,0,0,0,0,0
"28999","5","2382","76","0","2025","A","",629,1835,155818327,42815287,303689,1633,84911,"",1.48,1.71,1.76,1.44,1.06,1.03,1.03,"",23,3.8,450,32.5,46186259,42.1,12430225,40.9,5598,1.9,111,7.3,5778,7.3
"29000","5","2382","56","0","2025","A","",4048,45816,3918584671,592259718,9428843,1645,85529,"",0.81,0.95,1.12,0.90,0.94,1.18,1.18,"",113,2.9,767,1.7,252614893,6.9,-11929106,-2.0,-1001807,-9.6,80,5.1,4152,5.1
"29001","5","2382","76","0","2025","A","",12,64,3145776,679811,5671,940,48898,"",0.73,0.41,0.40,0.41,0.30,0.98,0.98,"",0,0.0,0,0.0,-353952,-10.1,-43825,-6.1,-382,-6.3,-120,-11.3,-6216,-11.3
"29003","5","2382","76","0","2025","A","",8,40,2124293,564000,7652,1013,52668,"",0.83,0.84,0.98,0.95,0.72,1.16,1.16,"",-1,-11.1,-4,-9.1,-6062,-0.3,-183,0.0,-548,-6.7,89,9.6,4615,9.6
"29005","5","2382","76","0","2025","A","",3,9,438992,98693,399,956,49697,"",0.67,0.32,0.30,0.30,0.12,0.97,0.97,"N",0,0.0,0,0,0,0,0,0,0,0,0,0,0,0
"29007","5","2382","76","0","2025","A","",11,82,5507588,949380,13249,1296,67371,"",0.88,0.62,0.76,0.57,0.73,1.24,1.23,"",0,0.0,2,2.5,592022,12.0,8733,0.9,975,7.9,113,9.6,5862,9.5
"29009","5","2382","76","0","2025","A","",21,70,2874087,904750,10506,790,41058,"",1.08,0.32,0.25,0.29,0.25,0.78,0.78,"",-1,-4.5,0,0.0,215178,8.1,-5211,-0.6,-529,-4.8,55,7.5,2846,7.4
"29011","5","2382","76","0","2025","A","",8,78,3841009,908975,9925,944,49086,"",1.18,1.33,1.33,1.21,1.14,0.99,0.99,"",-1,-11.1,-4,-4.9,144276,3.9,-89918,-9.0,-6360,-39.1,80,9.3,4141,9.2
"29013","5","2382","76","0","2025","A","N",14,0,0,0,0,0,0,"N",1.48,0,0,0,0,0,0,"N",2,16.7,0,0,0,0,0,0,0,0,0,0,0,0
"29015","5","2382","76","0","2025","A","",18,63,3633944,827474,13374,1115,57988,"",1.62,0.99,1.31,1.10,1.06,1.33,1.33,"",1,5.9,3,5.0,502872,16.1,37805,4.8,333,2.6,114,11.4,5948,11.4
"29017","5","2382","76","0","2025","A","N",7,0,0,0,0,0,0,"N",1.42,0,0,0,0,0,0,"N",1,16.7,0,0,0,0,0,0,0,0,0,0,0,0
"29019","5","2382","76","0","2025","A","",113,1174,82905442,13844020,132992,1358,70593,"",1.09,0.70,0.73,0.76,0.49,1.04,1.04,"",4,3.7,73,6.6,10195326,14.0,-107819,-0.8,-19323,-12.7,88,6.9,4533,6.9
"29021","5","2382","76","0","2025","A","",61,1105,107866013,15752034,280963,1877,97594,"",1.14,1.43,2.06,1.52,2.33,1.45,1.45,"",4,7.0,164,17.4,23908015,28.5,2399197,18.0,35716,14.6,161,9.4,8372,9.4
"29023","5","2382","76","0","2025","A","",19,156,7750305,1750384,20434,957,49761,"",0.62,0.52,0.48,0.43,0.32,0.93,0.93,"",-1,-5.0,18,13.0,706013,10.0,50444,3.0,246,1.2,-22,-2.2,-1131,-2.2
"29025","5","2382","76","0","2025","A","N",3,0,0,0,0,0,0,"N",0.64,0,0,0,0,0,0,"N",-1,-25.0,0,0,0,0,0,0,0,0,0,0,0,0
"29027","5","2382","76","0","2025","A","",20,106,6515280,1245108,17537,1187,61707,"",1.05,0.43,0.40,0.38,0.42,0.92,0.92,"",-2,-9.1,-2,-1.9,306103,4.9,-194911,-13.5,-10548,-37.6,81,7.3,4215,7.3
"29029","5","2382","76","0","2025","A","",61,298,16987055,3612765,40053,1095,56940,"",1.76,1.00,1.09,0.84,0.50,1.08,1.08,"",-1,-1.6,-6,-2.0,-39636,-0.2,-353648,-8.9,-10417,-20.6,20,1.9,1023,1.8
"29031","5","2382","76","0","2025","A","",46,627,46821234,7854079,109698,1435,74625,"",0.82,0.90,1.15,0.94,1.07,1.27,1.27,"",2,4.5,29,4.8,3589548,8.3,448985,6.1,30304,38.2,44,3.2,2281,3.2
"29033","5","2382","76","0","2025","A","",4,14,802934,172491,3371,1144,59477,"",0.64,0.32,0.36,0.32,0.42,1.20,1.20,"",-1,-20.0,2,16.7,175136,27.9,-19054,-9.9,-1409,-29.5,117,11.4,6047,11.3
"29035","5","2382","76","0","2025","A","N",1,0,0,0,0,0,0,"N",0.20,0,0,0,0,0,0,"N",1,100.0,0,0,0,0,0,0,0,0,0,0,0,0
"29037","5","2382","76","0","2025","A","",93,518,35632686,6530363,90522,1322,68723,"",1.76,0.99,1.24,0.82,0.67,1.26,1.26,"",4,4.5,10,2.0,2622195,7.9,-153469,-2.3,-2599,-2.8,72,5.8,3720,5.7
"29039","5","2382","76","0","2025","A","",12,16,737117,226396,3367,863,44901,"",1.50,0.27,0.27,0.36,0.37,1.00,1.00,"",1,9.1,0,0.0,161488,28.1,-26666,-10.5,-897,-21.0,171,24.7,8924,24.8
"29041","5","2382","76","0","2025","A","",5,15,616293,183037,2349,795,41316,"",0.96,0.49,0.42,0.51,0.61,0.85,0.85,"N",1,25.0,0,0,0,0,0,0,0,0,0,0,0,0
"29043","5","2382","76","0","2025","A","",84,816,51005446,10693392,141434,1202,62500,"",1.73,2.34,2.91,2.18,1.81,1.24,1.24,"",4,5.0,30,3.8,3957174,8.4,1012,0.0,7195,5.4,50,4.3,2617,4.4
"29045","5","2382","76","0","2025","A","N",1,0,0,0,0,0,0,"N",0.29,0,0,0,0,0,0,"N",0,0.0,0,0,0,0,0,0,0,0,0,0,0,0
"29047","5","2382","76","0","2025","A","",156,1906,145441599,24070433,289021,1467,76304,"",1.15,1.03,1.11,0.90,0.55,1.08,1.08,"",0,0.0,110,6.1,5065375,3.6,-240881,-1.0,-44636,-13.4,-36,-2.4,-1867,-2.4
"29049","5","2382","76","0","2025","A","",23,88,4651318,1048672,12768,1018,52956,"",2.33,1.07,1.05,1.22,0.95,0.98,0.98,"N",1,4.5,0,0,0,0,0,0,0,0,0,0,0,0
"29051","5","2382","76","0","2025","A","",84,1433,113832822,18284922,340263,1528,79451,"",1.55,1.57,1.93,2.02,2.48,1.23,1.23,"",0,0.0,141,10.9,16590042,17.1,1680698,10.1,9918,3.0,80,5.5,4181,5.6
"29053","5","2382","76","0","2025","A","",12,60,3166157,720850,12163,1008,52405,"",1.23,0.71,0.77,0.68,0.84,1.09,1.09,"",0,0.0,-19,-24.1,-846741,-21.1,-256070,-26.2,-6345,-34.3,31,3.2,1609,3.2
"29055","5","2382","76","0","2025","A","",9,50,2756651,526855,10217,1069,55596,"",0.65,0.44,0.44,0.34,0.47,1.02,1.02,"",0,0.0,1,2.0,342217,14.2,-62792,-10.6,-931,-8.4,129,13.7,6737,13.8
"29057","5","2382","76","0","2025","A","",6,17,994583,211684,3983,1120,58219,"",1.61,0.60,0.78,0.59,1.07,1.30,1.30,"",0,0.0,-1,-5.6,12765,1.3,-16317,-7.2,-317,-7.4,56,5.3,2905,5.3
"29059","5","2382","76","0","2025","A","",10,30,1396693,463265,9360,888,46172,"",1.12,0.63,0.71,0.75,0.90,1.12,1.12,"",3,42.9,16,114.3,823901,143.8,283573,157.8,5960,175.3,72,8.8,3743,8.8
"29061","5","2382","76","0","2025","A","",6,14,726127,203657,3232,974,50660,"",1.06,0.46,0.51,0.52,0.57,1.09,1.09,"",-1,-14.3,-2,-12.5,47146,6.9,-15235,-7.0,179,5.9,149,18.1,7777,18.1
"29063","5","2382","76","0","2025","A","",7,20,933757,269896,4080,880,45735,"",1.29,0.50,0.46,0.49,0.72,0.90,0.90,"",0,0.0,2,11.1,288060,44.6,8977,3.4,-1112,-21.4,180,25.7,9358,25.7
"29065","5","2382","76","0","2025","A","",9,41,2001784,479854,8102,935,48626,"",0.82,0.67,0.67,0.62,0.79,1.00,1.00,"",-1,-10.0,-2,-4.7,45166,2.3,-113040,-19.1,437,5.7,65,7.5,3386,7.5
"29067","5","2382","76","0","2025","A","N",5,0,0,0,0,0,0,"N",0.88,0,0,0,0,0,0,"N",0,0.0,0,0,0,0,0,0,0,0,0,0,0,0
"29069","5","2382","76","0","2025","A","",6,14,461435,165665,2805,626,32572,"",0.17,0.09,0.07,0.08,0.08,0.79,0.79,"",0,0.0,-3,-17.6,-153776,-25.0,-82602,-33.3,-903,-24.4,-73,-10.4,-3795,-10.4
"29071","5","2382","76","0","2025","A","",94,678,44392301,8212646,86910,1259,65467,"",1.54,1.02,1.15,0.87,0.74,1.12,1.12,"",-1,-1.1,-37,-5.2,-112094,-0.3,-913941,-10.0,-28918,-25.0,62,5.2,3223,5.2
"29073","5","2382","76","0","2025","A","",10,44,1966433,515492,5352,859,44692,"",0.93,0.52,0.52,0.46,0.44,0.99,0.99,"",1,11.1,6,15.8,286610,17.1,72814,16.4,2495,87.3,3,0.4,193,0.4
"29075","5","2382","76","0","2025","A","",6,12,737520,124619,977,1166,60618,"",1.27,0.34,0.43,0.29,0.19,1.26,1.26,"N",0,0.0,0,0,0,0,0,0,0,0,0,0,0,0
"29077","5","2382","76","0","2025","A","",194,2855,194847202,35633253,405161,1312,68246,"",0.87,0.95,1.03,0.92,0.83,1.08,1.08,"",2,1.0,-64,-2.2,3875806,2.0,-1674295,-4.5,-47933,-10.6,54,4.3,2832,4.3
"29079","5","2382","76","0","2025","A","",4,9,431254,101737,1180,939,48821,"",0.71,0.19,0.19,0.24,0.23,1.04,1.04,"",1,33.3,3,50.0,45597,11.8,22156,27.8,365,44.8,-217,-18.8,-11281,-18.8
"29081","5","2382","76","0","2025","A","N",4,0,0,0,0,0,0,"N",0.72,0,0,0,0,0,0,"N",0,0.0,0,0,0,0,0,0,0,0,0,0,0,0
"29083","5","2382","76","0","2025","A","",14,73,3842915,1029052,17899,1010,52523,"",0.99,0.53,0.50,0.69,0.91,0.95,0.95,"",1,7.7,19,35.2,1076645,38.9,401356,63.9,9446,111.7,28,2.9,1453,2.8
"29085","5","2382","76","0","2025","A","",5,11,547309,133875,1952,964,50135,"",1.21,0.43,0.52,0.54,0.52,1.22,1.22,"",1,25.0,1,10.0,40616,8.0,13001,10.8,392,25.1,13,1.4,702,1.4
"29087","5","2382","76","0","2025","A","N",2,0,0,0,0,0,0,"N",0.57,0,0,0,0,0,0,"N",0,0.0,0,0,0,0,0,0,0,0,0,0,0,0
"29089","5","2382","76","0","2025","A","",5,13,724707,167099,2227,1045,54353,"",1.07,0.31,0.36,0.37,0.58,1.12,1.12,"",0,0.0,-2,-13.3,-82331,-10.2,-42018,-20.1,-1078,-32.6,-1,-0.1,-54,-0.1
"29091","5","2382","76","0","2025","A","",14,127,5914416,1492271,14560,897,46662,"",0.49,0.50,0.45,0.49,0.38,0.92,0.92,"",0,0.0,-1,-0.8,73621,1.3,-38344,-2.5,78,0.5,18,2.0,941,2.1
"29093","5","2382","76","0","2025","A","N",2,0,0,0,0,0,0,"N",0.17,0,0,0,0,0,0,"N",0,0.0,0,0,0,0,0,0,0,0,0,0,0,0
"29095","5","2382","76","0","2025","A","",390,7686,781369408,102884294,1882335,1955,101668,"",0.76,1.23,1.54,1.23,1.48,1.25,1.25,"",-5,-1.3,365,5.0,101740233,15.0,15605,0.0,-117931,-5.9,170,9.5,8837,9.5
"29097","5","2382","76","0","2025","A","",74,1131,98208505,14710471,194203,1670,86865,"",1.06,1.19,1.82,1.08,1.22,1.53,1.53,"",0,0.0,64,6.0,9434410,10.6,45194,0.3,-22429,-10.4,70,4.4,3639,4.4
"29099","5","2382","76","0","2025","A","",143,1231,95856551,14838525,203613,1497,77869,"",1.55,1.49,2.03,1.37,1.33,1.37,1.37,"",9,6.7,31,2.6,7563330,8.6,546558,3.8,-8069,-3.8,82,5.8,4266,5.8
"29101","5","2382","76","0","2025","A","",40,293,19270808,3306793,39698,1266,65846,"",1.54,1.07,1.33,1.19,0.96,1.25,1.25,"",4,11.1,30,11.4,3333078,20.9,189101,6.1,4457,12.6,99,8.5,5169,8.5
"29103","5","2382","76","0","2025","A","N",0,0,0,0,0,0,0,"N",0.00,0,0,0,0,0,0,"N",0,0.0,0,0,0,0,0,0,0,0,0,0,0,0
"29105","5","2382","76","0","2025","A","",20,85,3957426,895131,8804,899,46741,"",1.14,0.39,0.34,0.29,0.13,0.88,0.88,"",0,0.0,-2,-2.3,67600,1.7,-124682,-12.2,-1950,-18.1,36,4.2,1858,4.1
"29107","5","2382","76","0","2025","A","",21,88,4691159,1006104,9770,1022,53158,"",1.12,0.60,0.63,0.54,0.40,1.04,1.04,"",1,5.0,10,12.8,1083645,30.0,19141,1.9,390,4.2,128,14.3,6659,14.3
"29109","5","2382","76","0","2025","A","",22,109,7089676,1396314,17360,1248,64894,"",1.15,0.73,0.89,0.72,0.57,1.22,1.22,"",0,0.0,-3,-2.7,74991,1.1,-21552,-1.5,-967,-5.3,45,3.7,2356,3.8
"29111","5","2382","76","0","2025","A","N",3,0,0,0,0,0,0,"N",0.60,0,0,0,0,0,0,"N",0,0.0,0,0,0,0,0,0,0,0,0,0,0,0
"29113","5","2382","76","0","2025","A","",38,198,13602875,2426004,25963,1324,68846,"",1.53,0.91,1.05,0.84,0.63,1.15,1.15,"",5,15.2,14,7.6,381883,2.9,98731,4.2,-3179,-10.9,-57,-4.1,-2975,-4.1
"29115","5","2382","76","0","2025","A","",6,9,402440,118254,1621,837,43507,"",0.77,0.13,0.12,0.13,0.12,0.86,0.86,"N",0,0.0,0,0,0,0,0,0,0,0,0,0,0,0
"29117","5","2382","76","0","2025","A","",13,63,3497904,767941,4701,1066,55449,"",1.37,0.62,0.68,0.62,0.33,1.10,1.10,"",0,0.0,-2,-3.1,84377,2.5,-35056,-4.4,-190,-3.9,59,5.9,3068,5.9
"29119","5","2382","76","0","2025","A","",9,76,4044414,914535,13421,1017,52868,"",0.95,0.79,0.84,0.62,0.72,1.05,1.05,"",-2,-18.2,-13,-14.6,-209126,-4.9,-226310,-19.8,-1984,-12.9,100,10.9,5165,10.8
"29121","5","2382","76","0","2025","A","",12,53,3060866,562641,4513,1105,57481,"",1.39,0.66,0.77,0.61,0.48,1.16,1.16,"",1,9.1,0,0.0,157887,5.4,-79127,-12.3,-2405,-34.8,43,4.0,2274,4.1
"29123","5","2382","76","0","2025","A","N",6,0,0,0,0,0,0,"N",0.88,0,0,0,0,0,0,"N",-1,-14.3,0,0,0,0,0,0,0,0,0,0,0,0
"29125","5","2382","76","0","2025","A","N",2,0,0,0,0,0,0,"N",0.53,0,0,0,0,0,0,"N",-1,-33.3,0,0,0,0,0,0,0,0,0,0,0,0
"29127","5","2382","76","0","2025","A","",10,92,7837333,1134048,15815,1634,84958,"",0.50,0.42,0.62,0.46,0.54,1.46,1.46,"",2,25.0,2,2.2,212403,2.8,-79235,-6.5,-4659,-22.8,2,0.1,79,0.1
"29129","5","2382","76","0","2025","A","N",1,0,0,0,0,0,0,"N",0.42,0,0,0,0,0,0,"N",0,0.0,0,0,0,0,0,0,0,0,0,0,0,0
"29131","5","2382","76","0","2025","A","",32,174,9259745,2131442,31959,1022,53166,"",2.06,1.33,1.40,1.14,0.86,1.05,1.05,"",-3,-8.6,-2,-1.1,700143,8.2,-108088,-4.8,-634,-1.9,86,9.2,4486,9.2
"29133","5","2382","76","0","2025","A","N",4,0,0,0,0,0,0,"N",0.48,0,0,0,0,0,0,"N",0,0.0,0,0,0,0,0,0,0,0,0,0,0,0
"29135","5","2382","76","0","2025","A","",8,27,1393715,360617,5588,990,51460,"",1.11,0.40,0.39,0.41,0.46,0.96,0.96,"",-1,-11.1,-4,-12.9,1678,0.1,-38224,-9.6,-1195,-17.6,129,15.0,6676,14.9
"29137","5","2382","76","0","2025","A","N",3,0,0,0,0,0,0,"N",0.59,0,0,0,0,0,0,"N",1,50.0,0,0,0,0,0,0,0,0,0,0,0,0
"29139","5","2382","76","0","2025","A","N",6,0,0,0,0,0,0,"N",0.90,0,0,0,0,0,0,"N",0,0.0,0,0,0,0,0,0,0,0,0,0,0,0
"29141","5","2382","76","0","2025","A","",16,34,1774760,385958,3713,1004,52199,"",1.25,0.44,0.51,0.35,0.20,1.17,1.17,"",-2,-11.1,2,6.2,169165,10.5,-8824,-2.2,-602,-14.0,44,4.6,2284,4.6
"29143","5","2382","76","0","2025","A","N",3,0,0,0,0,0,0,"N",0.16,0,0,0,0,0,0,"N",1,50.0,0,0,0,0,0,0,0,0,0,0,0,0
"29145","5","2382","76","0","2025","A","",31,127,6786505,1681009,22840,1029,53507,"",1.04,0.33,0.29,0.39,0.46,0.89,0.89,"",0,0.0,-6,-4.5,575913,9.3,1572,0.1,778,3.5,132,14.7,6869,14.7
"29147","5","2382","76","0","2025","A","",20,62,3774419,646230,4619,1177,61207,"",1.60,0.46,0.56,0.43,0.22,1.24,1.24,"",2,11.1,4,6.9,542319,16.8,-18106,-2.7,757,19.6,101,9.4,5240,9.4
"29149","5","2382","76","0","2025","A","N",3,0,0,0,0,0,0,"N",0.56,0,0,0,0,0,0,"N",2,200.0,0,0,0,0,0,0,0,0,0,0,0,0
"29151","5","2382","76","0","2025","A","",6,57,3835758,619994,3748,1287,66903,"",1.10,0.77,0.88,0.60,0.30,1.14,1.14,"",-1,-14.3,-2,-3.4,192720,5.3,-17423,-2.7,703,23.1,95,8.0,4894,7.9
"29153","5","2382","76","0","2025","A","N",3,0,0,0,0,0,0,"N",0.57,0,0,0,0,0,0,"N",0,0.0,0,0,0,0,0,0,0,0,0,0,0,0
"29155","5","2382","76","0","2025","A","N",1,0,0,0,0,0,0,"N",0.05,0,0,0,0,0,0,"N",0,0.0,0,0,0,0,0,0,0,0,0,0,0,0
"29157","5","2382","76","0","2025","A","",10,77,4273651,887286,4912,1071,55683,"",0.86,0.48,0.45,0.37,0.23,0.95,0.95,"",1,11.1,6,8.5,412863,10.7,-20178,-2.2,-703,-12.5,31,3.0,1623,3.0
"29159","5","2382","76","0","2025","A","",34,206,11745337,2624885,23765,1094,56878,"",1.30,0.63,0.64,0.60,0.42,1.02,1.02,"",1,3.0,-5,-2.4,527023,4.7,-107617,-3.9,-3004,-11.2,73,7.1,3794,7.1
"29161","5","2382","76","0","2025","A","",18,96,4728115,1180089,16367,948,49294,"",0.66,0.29,0.25,0.31,0.34,0.85,0.85,"",2,12.5,9,10.3,386440,8.9,83302,7.6,2043,14.3,-9,-0.9,-467,-0.9
"29163","5","2382","76","0","2025","A","",6,31,1194698,319721,6781,737,38333,"",0.60,0.36,0.25,0.31,0.51,0.71,0.71,"",0,0.0,-3,-8.8,176640,17.4,-57122,-15.2,1165,20.7,153,26.2,7943,26.1
"29165","5","2382","76","0","2025","A","",50,368,25163148,4987777,63532,1316,68456,"",0.79,0.46,0.48,0.42,0.32,1.04,1.05,"",0,0.0,9,2.5,761475,3.1,150566,3.1,-4865,-7.1,8,0.6,437,0.6
"29167","5","2382","76","0","2025","A","",20,130,8633243,1650987,19898,1279,66495,"",1.23,0.85,1.07,1.10,0.95,1.27,1.27,"",4,25.0,26,25.0,1913130,28.5,269472,19.5,1822,10.1,42,3.4,2188,3.4
"29169","5","2382","76","0","2025","A","",15,83,3396704,876877,9957,787,40924,"",0.83,0.38,0.29,0.38,0.25,0.77,0.77,"",2,15.4,11,15.3,710509,26.5,14455,1.7,-252,-2.5,74,10.4,3830,10.3
"29171","5","2382","76","0","2025","A","N",6,0,0,0,0,0,0,"N",2.19,0,0,0,0,0,0,"N",1,20.0,0,0,0,0,0,0,0,0,0,0,0,0
"29173","5","2382","76","0","2025","A","",7,51,3608600,727440,11758,1352,70297,"",1.29,0.85,1.00,0.82,0.81,1.17,1.17,"",-1,-12.5,5,10.9,584592,19.3,-53190,-6.8,-3001,-20.3,88,7.0,4558,6.9
"29175","5","2382","76","0","2025","A","",11,44,2413664,550159,5295,1063,55275,"",0.82,0.28,0.29,0.26,0.18,1.02,1.02,"",1,10.0,-1,-2.2,-237612,-9.0,-83971,-13.2,-1286,-19.5,-66,-5.8,-3425,-5.8
"29177","5","2382","76","0","2025","A","",10,83,5997230,1037275,14042,1388,72183,"",1.10,1.23,1.69,1.32,1.44,1.37,1.37,"",-3,-23.1,-2,-2.4,190754,3.3,-106690,-9.3,-526,-3.6,79,6.0,4138,6.1
"29181","5","2382","76","0","2025","A","",3,4,167675,61527,1397,730,37964,"",0.23,0.09,0.10,0.10,0.14,1.03,1.03,"N",0,0.0,0,0,0,0,0,0,0,0,0,0,0,0
"29183","5","2382","76","0","2025","A","",224,2272,178560794,29039080,471598,1511,78577,"",1.02,0.84,0.96,0.74,0.68,1.15,1.15,"",4,1.8,9,0.4,4166328,2.4,-1408865,-4.6,-64962,-12.1,29,2.0,1502,1.9
"29185","5","2382","76","0","2025","A","N",3,0,0,0,0,0,0,"N",0.59,0,0,0,0,0,0,"N",0,0.0,0,0,0,0,0,0,0,0,0,0,0,0
"29186","5","2382","76","0","2025","A","",12,84,5117388,1045040,15237,1167,60680,"",1.20,0.82,0.75,0.77,0.83,0.92,0.92,"",0,0.0,8,10.5,781728,18.0,92844,9.8,2283,17.6,66,6.0,3444,6.0
"29187","5","2382","76","0","2025","A","",43,544,45468841,6977293,140608,1606,83506,"",1.13,1.42,2.36,1.53,2.14,1.67,1.67,"",0,0.0,64,13.3,9374603,26.0,-98761,-1.4,-24568,-14.9,159,11.0,8284,11.0
"29189","5","2382","76","0","2025","A","",505,11094,1090944839,140880559,2324724,1891,98337,"",0.55,1.13,1.29,0.99,1.17,1.15,1.15,"",9,1.8,-320,-2.8,17116106,1.6,-7455015,-5.0,-360231,-13.4,82,4.5,4261,4.5
"29195","5","2382","76","0","2025","A","",13,89,5291466,929519,8401,1140,59288,"",0.99,0.60,0.69,0.52,0.47,1.14,1.14,"",1,8.3,-5,-5.3,75986,1.5,-81095,-8.0,67,0.8,69,6.4,3607,6.5
"29197","5","2382","76","0","2025","A","N",4,0,0,0,0,0,0,"N",2.02,0,0,0,0,0,0,"N",0,0.0,0,0,0,0,0,0,0,0,0,0,0,0
"29199","5","2382","76","0","2025","A","N",1,0,0,0,0,0,0,"N",0.33,0,0,0,0,0,0,"N",0,0.0,0,0,0,0,0,0,0,0,0,0,0,0
"29201","5","2382","76","0","2025","A","",26,156,9997239,1721448,12817,1234,64188,"",1.01,0.58,0.66,0.45,0.21,1.14,1.14,"",0,0.0,-2,-1.3,559768,5.9,-330116,-16.1,-3500,-21.5,84,7.3,4394,7.3
"29203","5","2382","76","0","2025","A","N",1,0,0,0,0,0,0,"N",0.21,0,0,0,0,0,0,"N",0,0.0,0,0,0,0,0,0,0,0,0,0,0,0
"29205","5","2382","76","0","2025","A","N",2,0,0,0,0,0,0,"N",0.49,0,0,0,0,0,0,"N",2,100.0,0,0,0,0,0,0,0,0,0,0,0,0
"29207","5","2382","76","0","2025","A","",8,84,5716202,1186045,15782,1310,68118,"",0.46,0.50,0.65,0.51,0.38,1.31,1.31,"",0,0.0,6,7.7,914888,19.1,-49016,-4.0,-6679,-29.7,121,10.2,6299,10.2
"29209","5","2382","76","0","2025","A","",24,120,7366012,1387804,24746,1177,61213,"",1.35,0.97,1.32,0.78,0.43,1.35,1.35,"",2,9.1,-10,-7.7,67298,0.9,-291696,-17.4,-7723,-23.8,97,9.0,5069,9.0
"29211","5","2382","76","0","2025","A","N",1,0,0,0,0,0,0,"N",0.36,0,0,0,0,0,0,"N",-1,-50.0,0,0,0,0,0,0,0,0,0,0,0,0
"29213","5","2382","76","0","2025","A","",52,322,17456460,4113779,64664,1044,54283,"",1.19,0.67,0.77,0.58,0.42,1.14,1.14,"",2,4.0,6,1.9,1746848,11.1,8595,0.2,-3317,-4.9,87,9.1,4530,9.1
"29215","5","2382","76","0","2025","A","",11,80,4217232,938025,13533,1013,52661,"",0.87,0.82,0.91,0.92,1.11,1.11,1.11,"",0,0.0,1,1.3,630188,17.6,-15496,-1.6,-386,-2.8,141,16.2,7303,16.1
"29217","5","2382","76","0","2025","A","",11,66,4502273,793883,9575,1307,67959,"",0.75,0.56,0.74,0.57,0.42,1.30,1.30,"",0,0.0,2,3.1,156892,3.6,-63693,-7.4,-2503,-20.7,3,0.2,151,0.2
"29219","5","2382","76","0","2025","A","",24,211,15639684,2584238,33111,1428,74239,"",1.52,1.40,1.80,1.07,0.76,1.28,1.28,"",0,0.0,13,6.6,1727671,12.4,167918,6.9,-4619,-12.2,75,5.5,3858,5.5
"29221","5","2382","76","0","2025","A","N",7,0,0,0,0,0,0,"N",0.46,0,0,0,0,0,0,"N",0,0.0,0,0,0,0,0,0,0,0,0,0,0,0
"29223","5","2382","76","0","2025","A","",5,13,349705,146916,1867,527,27428,"",0.65,0.34,0.21,0.31,0.24,0.63,0.63,"",0,0.0,-1,-7.1,28064,8.7,-23291,-13.7,-742,-28.4,95,22.0,4988,22.2
"29225","5","2382","76","0","2025","A","",39,186,9574343,2217363,30947,990,51498,"",2.15,1.29,1.28,1.13,1.01,0.99,0.99,"",3,8.3,12,6.9,1434664,17.6,32621,1.5,2966,10.6,93,10.4,4830,10.3
"29227","5","2382","76","0","2025","A","N",1,0,0,0,0,0,0,"N",0.77,0,0,0,0,0,0,"N",0,0.0,0,0,0,0,0,0,0,0,0,0,0,0
"29229","5","2382","76","0","2025","A","",9,38,1977787,451786,4090,1012,52624,"",0.75,0.49,0.56,0.42,0.26,1.17,1.17,"",-1,-10.0,-2,-5.0,100085,5.3,-144001,-24.2,-3391,-45.3,119,13.3,6165,13.3
"29510","5","2382","76","0","2025","A","",98,2888,298211846,37909473,697973,1986,103274,"",0.31,0.78,0.90,0.93,1.18,1.15,1.15,"",1,1.0,-161,-5.3,-4056710,-1.3,-6792001,-15.2,-364156,-34.3,80,4.2,4142,4.2
"29999","5","2382","76","0","2025","A","",474,1748,151922073,29839672,700734,1671,86904,"",0.59,0.73,0.58,0.66,0.70,0.80,0.80,"",49,11.5,97,5.9,9660663,6.8,3252456,12.2,93398,15.4,14,0.8,720,0.8
"30000","5","2382","56","0","2025","A","",1499,9704,726877290,457079261,7479850,1441,74908,"",1.26,1.13,1.24,1.13,1.10,1.09,1.09,"",-24,-1.6,130,1.4,42888358,6.3,25228038,5.8,360088,5.1,67,4.9,3465,4.9
"30001","5","2382","76","0","2025","A","",10,54,2658204,2220775,27627,942,48999,"",0.92,0.80,0.71,0.72,0.69,0.88,0.88,"",-5,-33.3,3,5.9,251179,10.4,359526,19.3,7731,38.9,27,3.0,1414,3.0
"30003","5","2382","76","0","2025","A","N",4,0,0,0,0,0,0,"N",0.76,0,0,0,0,0,0,"N",0,0.0,0,0,0,0,0,0,0,0,0,0,0,0
"30005","5","2382","76","0","2025","A","",3,7,482647,369440,5481,1266,65816,"",0.81,0.32,0.43,0.49,0.65,1.30,1.29,"",-1,-25.0,-2,-22.2,-129847,-21.2,-118265,-24.2,-2091,-27.6,-80,-5.9,-4183,-6.0
"30007","5","2382","76","0","2025","A","",12,56,4271366,2690963,41587,1456,75711,"",2.22,2.14,3.11,2.43,2.44,1.44,1.44,"",0,0.0,8,16.7,828038,24.0,522014,24.1,11328,37.4,91,6.7,4715,6.6
"30009","5","2382","76","0","2025","A","",17,51,3105600,2081877,23670,1163,60499,"",1.38,0.97,1.06,0.91,0.57,1.08,1.08,"",1,6.2,9,21.4,636834,25.8,425106,25.7,4160,21.3,42,3.7,2182,3.7
"30013","5","2382","76","0","2025","A","",75,830,68358481,43261377,692828,1584,82376,"",1.23,1.37,1.78,1.68,1.54,1.30,1.30,"",5,7.1,98,13.4,10504076,18.2,7555507,21.2,181098,35.4,63,4.1,3304,4.2
"30015","5","2382","76","0","2025","A","N",2,0,0,0,0,0,0,"N",0.46,0,0,0,0,0,0,"N",-1,-33.3,0,0,0,0,0,0,0,0,0,0,0,0
"30017","5","2382","76","0","2025","A","",8,39,2457030,1756146,21590,1204,62599,"",0.75,0.44,0.49,0.46,0.42,1.10,1.10,"N",0,0.0,0,0,0,0,0,0,0,0,0,0,0,0
"30021","5","2382","76","0","2025","A","",10,25,1675981,1041000,12635,1272,66157,"",1.30,0.45,0.54,0.48,0.47,1.18,1.18,"",0,0.0,-1,-3.8,108209,6.9,-7712,-0.7,-2488,-16.5,123,10.7,6432,10.8
"30023","5","2382","76","0","2025","A","",8,70,6164677,3171073,62877,1704,88594,"",1.23,1.24,1.81,1.49,2.06,1.47,1.47,"",0,0.0,3,4.5,696681,12.7,248703,8.5,-1923,-3.0,140,9.0,7286,9.0
"30025","5","2382","76","0","2025","A","",3,18,1291866,754343,5304,1400,72781,"",0.87,0.93,1.08,0.88,0.55,1.18,1.18,"",-1,-25.0,-3,-14.3,-221377,-14.6,-50062,-6.2,-502,-8.6,9,0.6,435,0.6
"30027","5","2382","76","0","2025","A","",12,74,4328338,3216205,39533,1117,58098,"",1.11,0.94,0.99,0.97,0.63,1.04,1.04,"",-5,-29.4,-1,-1.3,116147,2.8,167803,5.5,-2186,-5.2,32,2.9,1685,3.0
"30029","5","2382","76","0","2025","A","",231,1298,88794106,58627247,875456,1315,68382,"",1.71,1.52,1.58,1.38,1.06,1.04,1.04,"",6,2.7,48,3.8,5358548,6.4,3982694,7.3,63945,7.9,32,2.5,1642,2.5
"30031","5","2382","76","0","2025","A","",236,1840,153145172,86935222,1114146,1600,83224,"",1.25,1.48,1.61,1.27,1.01,1.08,1.08,"",2,0.9,-17,-0.9,7485523,5.1,2098536,2.5,-17349,-1.5,92,6.1,4793,6.1
"30033","5","2382","76","0","2025","A","N",1,0,0,0,0,0,0,"N",0.79,0,0,0,0,0,0,"N",0,0.0,0,0,0,0,0,0,0,0,0,0,0,0
"30035","5","2382","76","0","2025","A","N",4,0,0,0,0,0,0,"N",0.65,0,0,0,0,0,0,"N",-2,-33.3,0,0,0,0,0,0,0,0,0,0,0,0
"30037","5","2382","76","0","2025","A","N",1,0,0,0,0,0,0,"N",1.16,0,0,0,0,0,0,"N",0,0.0,0,0,0,0,0,0,0,0,0,0,0,0
"30039","5","2382","76","0","2025","A","N",3,0,0,0,0,0,0,"N",0.88,0,0,0,0,0,0,"N",0,0.0,0,0,0,0,0,0,0,0,0,0,0,0
"30041","5","2382","76","0","2025","A","",15,64,3444700,2675350,26117,1042,54176,"",1.31,0.56,0.54,0.71,0.52,0.96,0.96,"",-1,-6.2,-2,-3.0,77094,2.3,90045,3.5,-741,-2.8,62,6.3,3216,6.3
"30043","5","2382","76","0","2025","A","",21,151,10485131,6938961,95960,1338,69553,"",2.13,3.25,3.61,2.80,2.35,1.11,1.11,"",1,5.0,47,45.2,3427471,48.6,2212788,46.8,33283,53.1,32,2.5,1636,2.4
"30047","5","2382","76","0","2025","A","",40,109,5381096,4130723,67567,948,49292,"",1.61,0.67,0.56,0.79,0.73,0.84,0.84,"",1,2.6,15,16.0,1174444,27.9,785977,23.5,6650,10.9,85,9.8,4421,9.9
"30049","5","2382","76","0","2025","A","",101,687,50926052,31666058,486454,1426,74164,"",1.43,1.04,1.08,0.92,1.06,1.04,1.04,"",-3,-2.9,-19,-2.7,4181441,8.9,1216521,4.0,165,0.0,152,11.9,7914,11.9
"30053","5","2382","76","0","2025","A","",26,95,4807378,3627200,67113,977,50827,"",1.42,0.92,0.87,0.94,0.75,0.95,0.95,"",2,8.3,8,9.2,295240,6.5,253219,7.5,10318,18.2,-16,-1.6,-789,-1.5
"30055","5","2382","76","0","2025","A","N",1,0,0,0,0,0,0,"N",0.64,0,0,0,0,0,0,"N",0,0.0,0,0,0,0,0,0,0,0,0,0,0,0
"30057","5","2382","76","0","2025","A","",18,43,2307151,1716058,19466,1034,53759,"",1.53,0.86,0.71,0.71,0.44,0.83,0.83,"",0,0.0,-15,-25.9,-747814,-24.5,-629045,-26.8,-9946,-33.8,27,2.7,1388,2.7
"30059","5","2382","76","0","2025","A","N",4,0,0,0,0,0,0,"N",1.55,0,0,0,0,0,0,"N",0,0.0,0,0,0,0,0,0,0,0,0,0,0,0
"30061","5","2382","76","0","2025","A","N",4,0,0,0,0,0,0,"N",1.06,0,0,0,0,0,0,"N",2,100.0,0,0,0,0,0,0,0,0,0,0,0,0
"30063","5","2382","76","0","2025","A","",144,1315,101364395,61998894,996630,1482,77064,"",1.10,1.20,1.34,1.14,1.13,1.12,1.12,"",8,5.9,88,7.2,11846962,13.2,6283814,11.3,38594,4.0,79,5.6,4108,5.6
"30065","5","2382","76","0","2025","A","",9,22,865990,767198,7054,769,39969,"",2.49,1.03,0.60,0.86,0.59,0.59,0.59,"",0,0.0,-4,-15.4,-141339,-14.0,-94630,-11.0,-4360,-38.2,9,1.2,466,1.2
"30067","5","2382","76","0","2025","A","",40,188,12363982,8368211,99767,1268,65941,"",1.60,1.52,1.68,1.41,0.90,1.11,1.10,"",-2,-4.8,2,1.1,576106,4.9,389411,4.9,-676,-0.7,47,3.8,2452,3.9
"30071","5","2382","76","0","2025","A","N",3,0,0,0,0,0,0,"N",0.85,0,0,0,0,0,0,"N",0,0.0,0,0,0,0,0,0,0,0,0,0,0,0
"30073","5","2382","76","0","2025","A","",9,48,2306513,1763912,21304,929,48304,"",2.08,1.89,1.77,1.77,1.44,0.94,0.94,"",0,0.0,4,9.1,47462,2.1,101639,6.1,-941,-4.2,-68,-6.8,-3529,-6.8
"30077","5","2382","76","0","2025","A","",4,15,993441,668500,6418,1281,66599,"",0.82,0.37,0.37,0.27,0.20,1.02,1.02,"N",-1,-20.0,0,0,0,0,0,0,0,0,0,0,0,0
"30079","5","2382","76","0","2025","A","N",3,0,0,0,0,0,0,"N",2.56,0,0,0,0,0,0,"N",0,0.0,0,0,0,0,0,0,0,0,0,0,0,0
"30081","5","2382","76","0","2025","A","",80,301,18109746,12819790,194857,1156,60099,"",1.73,1.31,1.30,1.35,1.10,0.99,0.99,"",-3,-3.6,18,6.4,1421994,8.5,1210656,10.4,21739,12.6,21,1.9,1097,1.9
"30083","5","2382","76","0","2025","A","",14,89,6271189,4199393,45602,1350,70200,"",1.16,1.07,1.08,1.10,0.84,1.01,1.01,"",-3,-17.6,-145,-62.0,-8437799,-57.4,-6796954,-61.8,-92503,-67.0,142,11.8,7386,11.8
"30085","5","2382","76","0","2025","A","N",6,0,0,0,0,0,0,"N",1.15,0,0,0,0,0,0,"N",1,20.0,0,0,0,0,0,0,0,0,0,0,0,0
"30087","5","2382","76","0","2025","A","N",6,0,0,0,0,0,0,"N",1.19,0,0,0,0,0,0,"N",-2,-25.0,0,0,0,0,0,0,0,0,0,0,0,0
"30089","5","2382","76","0","2025","A","",18,37,2356253,1577768,33393,1219,63397,"",1.66,0.66,0.79,0.72,0.72,1.19,1.19,"",2,12.5,3,8.8,569090,31.8,326316,26.1,8417,33.7,218,21.8,11344,21.8
"30091","5","2382","76","0","2025","A","N",2,0,0,0,0,0,0,"N",0.48,0,0,0,0,0,0,"N",0,0.0,0,0,0,0,0,0,0,0,0,0,0,0
"30093","5","2382","76","0","2025","A","",27,132,9931799,6032712,98493,1441,74957,"",0.96,0.48,0.57,0.45,0.50,1.18,1.18,"",-1,-3.6,12,10.0,1844779,22.8,784957,15.0,7291,8.0,147,11.4,7659,11.4
"30095","5","2382","76","0","2025","A","",10,24,1305342,970672,14938,1042,54201,"",1.31,0.49,0.35,0.42,0.45,0.72,0.72,"",-1,-9.1,2,9.1,-142476,-9.8,-22921,-2.3,-4410,-22.8,-195,-15.8,-10146,-15.8
"30097","5","2382","76","0","2025","A","",8,22,779569,669148,11574,697,36259,"",1.56,0.89,0.45,0.60,0.71,0.52,0.52,"",0,0.0,2,10.0,119878,18.2,132674,24.7,1517,15.1,76,12.2,3948,12.2
"30099","5","2382","76","0","2025","A","",8,26,1140799,900936,12615,855,44447,"",1.27,0.85,0.76,0.81,0.82,0.91,0.91,"",1,14.3,5,23.8,277117,32.1,156468,21.0,-137,-1.1,61,7.7,3155,7.6
"30101","5","2382","76","0","2025","A","N",2,0,0,0,0,0,0,"N",0.45,0,0,0,0,0,0,"N",-2,-50.0,0,0,0,0,0,0,0,0,0,0,0,0
"30105","5","2382","76","0","2025","A","",8,34,1710938,1274452,4401,980,50946,"",1.20,0.72,0.64,0.76,0.18,0.89,0.89,"",-1,-11.1,4,13.3,211956,14.1,135202,11.9,-893,-16.9,32,3.4,1664,3.4
"30107","5","2382","76","0","2025","A","N",1,0,0,0,0,0,0,"N",0.53,0,0,0,0,0,0,"N",1,100.0,0,0,0,0,0,0,0,0,0,0,0,0
"30111","5","2382","76","0","2025","A","",192,1527,115459068,73112584,1301693,1454,75603,"",1.30,1.05,1.12,1.11,1.18,1.07,1.07,"",-6,-3.0,16,1.1,5697120,5.2,5671725,8.4,179047,15.9,57,4.1,2961,4.1
"30999","5","2382","76","0","2025","A","",35,100,8074557,4354680,65286,1549,80544,"",0.40,0.47,0.31,0.31,0.21,0.66,0.66,"",-16,-31.4,-60,-37.5,-5735439,-41.5,-3559175,-45.0,-83623,-56.2,-106,-6.4,-5500,-6.4
"31000","5","2382","56","0","2025","A","",1862,21594,1616378303,303662054,5275711,1440,74855,"",1.23,1.27,1.38,1.35,1.78,1.09,1.09,"",50,2.8,775,3.7,134354997,9.1,30345547,11.1,1368083,35.0,71,5.2,3667,5.2
"31001","5","2382","76","0","2025","A","",33,406,26015894,6413179,137677,1234,64158,"",1.65,1.55,1.71,1.88,2.42,1.10,1.10,"",0,0.0,18,4.6,2138652,9.0,1661720,35.0,79083,135.0,52,4.4,2698,4.4
"31003","5","2382","76","0","2025","A","N",4,0,0,0,0,0,0,"N",0.71,0,0,0,0,0,0,"N",0,0.0,0,0,0,0,0,0,0,0,0,0,0,0
"31009","5","2382","76","0","2025","A","N",1,0,0,0,0,0,0,"N",1.89,0,0,0,0,0,0,"N",0,0.0,0,0,0,0,0,0,0,0,0,0,0,0
"31011","5","2382","76","0","2025","A","",3,13,599165,136340,659,904,46993,"",0.60,0.32,0.25,0.32,0.15,0.81,0.81,"",-2,-40.0,-54,-80.6,-3883678,-86.6,-507845,-78.8,-3330,-83.5,-391,-30.2,-20334,-30.2
"31013","5","2382","76","0","2025","A","",10,54,3040471,668236,8044,1074,55874,"",1.42,0.87,0.92,0.97,1.21,1.05,1.05,"",0,0.0,-4,-6.9,-385137,-11.2,-20952,-3.0,1933,31.6,-67,-5.9,-3444,-5.8
"31015","5","2382","76","0","2025","A","N",3,0,0,0,0,0,0,"N",1.70,0,0,0,0,0,0,"N",0,0.0,0,0,0,0,0,0,0,0,0,0,0,0
"31017","5","2382","76","0","2025","A","N",7,0,0,0,0,0,0,"N",2.22,0,0,0,0,0,0,"N",0,0.0,0,0,0,0,0,0,0,0,0,0,0,0
"31019","5","2382","76","0","2025","A","",60,432,26938700,5272483,71915,1199,62334,"",1.62,0.92,0.98,0.92,1.42,1.06,1.06,"",4,7.1,18,4.3,2780717,11.5,447069,9.3,31220,76.7,78,7.0,4040,6.9
"31021","5","2382","76","0","2025","A","",11,29,1311990,374778,5634,880,45767,"",2.32,1.00,0.89,1.22,1.64,0.90,0.90,"",1,10.0,2,7.4,63600,5.1,54119,16.9,2050,57.2,2,0.2,94,0.2
"31023","5","2382","76","0","2025","A","",11,68,4073693,864111,7740,1153,59981,"",2.04,1.54,1.51,1.63,1.94,0.98,0.98,"",0,0.0,10,17.2,632121,18.4,198984,29.9,2700,53.6,22,1.9,1151,2.0
"31025","5","2382","76","0","2025","A","",24,167,8424203,2824684,95273,971,50470,"",1.72,1.61,1.41,2.16,5.15,0.88,0.88,"",-2,-7.7,18,12.1,1319257,18.6,209693,8.0,17140,21.9,52,5.7,2679,5.6
"31027","5","2382","76","0","2025","A","",12,68,3833765,681277,6321,1090,56657,"",1.77,1.50,1.69,1.37,1.50,1.13,1.13,"",2,20.0,3,4.6,282050,7.9,4415,0.7,204,3.3,45,4.3,2294,4.2
"31029","5","2382","76","0","2025","A","",5,47,2385937,459854,1800,985,51219,"",1.15,1.62,1.45,1.24,0.68,0.90,0.90,"",0,0.0,6,14.6,191073,8.7,28210,6.5,71,4.1,-51,-4.9,-2643,-4.9
"31031","5","2382","76","0","2025","A","N",8,0,0,0,0,0,0,"N",1.42,0,0,0,0,0,0,"N",0,0.0,0,0,0,0,0,0,0,0,0,0,0,0
"31033","5","2382","76","0","2025","A","",5,31,1543980,334149,1975,963,50075,"",0.76,0.47,0.44,0.43,0.22,0.94,0.94,"",0,0.0,-14,-31.1,-653646,-29.7,-556914,-62.5,-36455,-94.9,20,2.1,1057,2.2
"31035","5","2382","76","0","2025","A","",5,18,796606,194438,1686,836,43451,"",0.97,0.53,0.40,0.50,0.44,0.74,0.74,"",-1,-16.7,2,12.5,180712,29.3,27100,16.2,-837,-33.2,111,15.3,5743,15.2
"31037","5","2382","76","0","2025","A","",7,36,1780894,424646,1501,945,49128,"",1.15,0.43,0.37,0.37,0.13,0.85,0.85,"",0,0.0,0,0.0,171565,10.7,-47380,-10.0,-215,-12.5,83,9.6,4321,9.6
"31039","5","2382","76","0","2025","A","",12,93,5874401,1046501,4757,1211,62996,"",1.53,1.44,1.55,1.53,0.82,1.07,1.07,"",1,9.1,9,10.7,676572,13.0,102097,10.8,-143,-2.9,17,1.4,932,1.5
"31041","5","2382","76","0","2025","A","",16,60,2708713,627265,6364,869,45208,"",1.74,0.79,0.63,0.70,0.88,0.80,0.80,"",1,6.7,2,3.4,263253,10.8,21584,3.6,2860,81.6,52,6.4,2740,6.5
"31043","5","2382","76","0","2025","A","",13,118,7856281,1617296,18001,1281,66626,"",1.30,0.51,0.52,0.43,0.43,1.04,1.04,"",1,8.3,4,3.5,280051,3.7,240506,17.5,10714,147.0,8,0.6,410,0.6
"31045","5","2382","76","0","2025","A","",11,46,2010005,473243,1252,843,43855,"",1.97,0.89,0.83,1.05,0.22,0.93,0.93,"",0,0.0,1,2.2,120834,6.4,30148,6.8,141,12.7,31,3.8,1639,3.9
"31047","5","2382","76","0","2025","A","",20,130,7290670,1429956,8498,1081,56226,"",1.35,0.66,0.66,0.57,0.31,1.00,1.00,"",0,0.0,3,2.4,530648,7.8,39317,2.8,-1436,-14.5,57,5.6,2963,5.6
"31049","5","2382","76","0","2025","A","N",0,0,0,0,0,0,0,"N",0.00,0,0,0,0,0,0,"N",-1,-100.0,0,0,0,0,0,0,0,0,0,0,0,0
"31051","5","2382","76","0","2025","A","N",4,0,0,0,0,0,0,"N",1.38,0,0,0,0,0,0,"N",-1,-20.0,0,0,0,0,0,0,0,0,0,0,0,0
"31053","5","2382","76","0","2025","A","",38,405,26975061,4988397,60757,1281,66605,"",1.75,1.32,1.46,1.25,1.54,1.10,1.10,"",1,2.7,0,0.0,1238412,4.8,-152318,-3.0,-473,-0.8,60,4.9,3110,4.9
"31055","5","2382","76","0","2025","A","",401,7538,628197696,106880484,1973997,1603,83342,"",1.08,1.32,1.45,1.40,1.79,1.09,1.09,"",-2,-0.5,284,3.9,51177736,8.9,16269174,18.0,858110,76.9,73,4.8,3794,4.8
"31057","5","2382","76","0","2025","A","N",1,0,0,0,0,0,0,"N",0.61,0,0,0,0,0,0,"N",-1,-50.0,0,0,0,0,0,0,0,0,0,0,0,0
"31059","5","2382","76","0","2025","A","",8,39,2009203,383154,1553,993,51628,"",1.47,0.98,0.84,0.92,0.45,0.86,0.86,"",0,0.0,-3,-7.1,-133808,-6.2,-237947,-38.3,-13720,-89.8,23,2.4,1204,2.4
"31061","5","2382","76","0","2025","A","N",1,0,0,0,0,0,0,"N",0.39,0,0,0,0,0,0,"N",0,0.0,0,0,0,0,0,0,0,0,0,0,0,0
"31063","5","2382","76","0","2025","A","N",3,0,0,0,0,0,0,"N",1.60,0,0,0,0,0,0,"N",0,0.0,0,0,0,0,0,0,0,0,0,0,0,0
"31065","5","2382","76","0","2025","A","",4,18,835305,165415,526,918,47732,"",0.98,0.61,0.53,0.53,0.15,0.89,0.89,"",0,0.0,-2,-10.0,-75683,-8.3,-33530,-16.9,-122,-18.8,31,3.5,1606,3.5
"31067","5","2382","76","0","2025","A","",22,126,6287865,1404528,12616,957,49739,"",1.54,0.86,0.78,0.78,0.31,0.90,0.90,"",-2,-8.3,-9,-6.7,-118649,-1.9,-68802,-4.7,4203,50.0,43,4.7,2225,4.7
"31071","5","2382","76","0","2025","A","N",5,0,0,0,0,0,0,"N",2.39,0,0,0,0,0,0,"N",0,0.0,0,0,0,0,0,0,0,0,0,0,0,0
"31073","5","2382","76","0","2025","A","N",1,0,0,0,0,0,0,"N",0.67,0,0,0,0,0,0,"N",0,0.0,0,0,0,0,0,0,0,0,0,0,0,0
"31075","5","2382","76","0","2025","A","N",1,0,0,0,0,0,0,"N",0.96,0,0,0,0,0,0,"N",0,0.0,0,0,0,0,0,0,0,0,0,0,0,0
"31077","5","2382","76","0","2025","A","N",2,0,0,0,0,0,0,"N",0.84,0,0,0,0,0,0,"N",0,0.0,0,0,0,0,0,0,0,0,0,0,0,0
"31079","5","2382","76","0","2025","A","",74,777,51393784,10254554,114179,1272,66123,"",1.93,1.30,1.41,1.23,1.03,1.09,1.09,"",5,7.2,70,9.9,7229222,16.4,675530,7.1,-18392,-13.9,70,5.8,3641,5.8
"31081","5","2382","76","0","2025","A","",12,78,4955625,872301,5918,1227,63806,"",1.63,1.18,1.18,1.09,1.00,1.01,1.01,"",1,9.1,31,66.0,2184005,78.8,317049,57.1,2346,65.7,99,8.8,5147,8.8
"31083","5","2382","76","0","2025","A","N",2,0,0,0,0,0,0,"N",0.85,0,0,0,0,0,0,"N",0,0.0,0,0,0,0,0,0,0,0,0,0,0,0
"31087","5","2382","76","0","2025","A","N",4,0,0,0,0,0,0,"N",2.13,0,0,0,0,0,0,"N",0,0.0,0,0,0,0,0,0,0,0,0,0,0,0
"31089","5","2382","76","0","2025","A","",14,40,1760995,585638,15864,857,44582,"",1.37,0.55,0.45,0.71,1.95,0.82,0.82,"",2,16.7,6,17.6,473531,36.8,195428,50.1,11067,230.7,138,19.2,7174,19.2
"31093","5","2382","76","0","2025","A","",9,22,858355,240652,2746,753,39164,"",2.06,0.83,0.67,0.93,1.40,0.81,0.81,"",0,0.0,-2,-8.3,-13165,-1.5,12994,5.7,1817,195.6,62,9.0,3225,9.0
"31095","5","2382","76","0","2025","A","",9,65,3885344,800795,2777,1142,59394,"",1.65,1.14,1.25,1.10,0.54,1.10,1.10,"",0,0.0,-5,-7.1,-243699,-5.9,-10296,-1.3,-7253,-72.3,-1,-0.1,-17,0.0
"31097","5","2382","76","0","2025","A","N",1,0,0,0,0,0,0,"N",0.40,0,0,0,0,0,0,"N",-1,-50.0,0,0,0,0,0,0,0,0,0,0,0,0
"31099","5","2382","76","0","2025","A","",8,25,1172995,333852,7364,914,47554,"",1.92,0.73,0.60,0.83,1.23,0.84,0.84,"",2,33.3,4,19.0,281408,31.6,96136,40.4,4607,167.1,94,11.5,4928,11.6
"31101","5","2382","76","0","2025","A","",8,22,1079413,305212,3645,926,48152,"",1.08,0.41,0.38,0.43,0.43,0.91,0.91,"",0,0.0,-2,-8.3,-34724,-3.1,-144789,-32.2,-9797,-72.9,36,4.0,1890,4.1
"31107","5","2382","76","0","2025","A","",9,19,577736,167612,434,577,30012,"",1.39,0.39,0.24,0.34,0.08,0.61,0.61,"",0,0.0,2,11.8,113448,24.4,2663,1.6,-76,-14.9,52,9.9,2701,9.9
"31109","5","2382","76","0","2025","A","",230,3277,236619339,42441466,632058,1389,72215,"",1.20,1.11,1.20,1.19,1.75,1.08,1.08,"",1,0.4,61,1.9,14973623,6.8,4023890,10.5,239478,61.0,63,4.8,3288,4.8
"31111","5","2382","76","0","2025","A","",34,344,19972998,4313323,50877,1117,58089,"",1.54,1.35,1.30,1.29,1.56,0.96,0.96,"",2,6.2,20,6.2,1818688,10.0,258838,6.4,21858,75.3,39,3.6,2043,3.6
"31113","5","2382","76","0","2025","A","N",1,0,0,0,0,0,0,"N",1.35,0,0,0,0,0,0,"N",1,100.0,0,0,0,0,0,0,0,0,0,0,0,0
"31119","5","2382","76","0","2025","A","",44,386,24458073,4570564,35376,1219,63377,"",1.70,1.05,1.08,0.99,0.77,1.03,1.03,"",0,0.0,-13,-3.3,-322887,-1.3,-340459,-6.9,-8920,-20.1,25,2.1,1269,2.0
"31121","5","2382","76","0","2025","A","",11,63,3062843,768431,6858,934,48552,"",2.07,1.61,1.42,1.53,0.66,0.88,0.88,"",-2,-15.4,6,10.5,567839,22.8,87039,12.8,3215,88.3,98,11.7,5098,11.7
"31123","5","2382","76","0","2025","A","N",5,0,0,0,0,0,0,"N",1.44,0,0,0,0,0,0,"N",0,0.0,0,0,0,0,0,0,0,0,0,0,0,0
"31125","5","2382","76","0","2025","A","N",1,0,0,0,0,0,0,"N",0.49,0,0,0,0,0,0,"N",1,100.0,0,0,0,0,0,0,0,0,0,0,0,0
"31127","5","2382","76","0","2025","A","",4,24,1243806,471893,14659,986,51291,"",0.93,0.49,0.34,1.56,3.87,0.68,0.68,"",0,0.0,0,0.0,111826,9.9,210435,80.5,13664,1373.3,63,6.8,3292,6.9
"31129","5","2382","76","0","2025","A","N",6,0,0,0,0,0,0,"N",1.65,0,0,0,0,0,0,"N",0,0.0,0,0,0,0,0,0,0,0,0,0,0,0
"31131","5","2382","76","0","2025","A","",16,81,4298698,965333,8254,1020,53016,"",1.61,0.77,0.69,0.80,0.80,0.89,0.89,"",1,6.7,6,8.0,350750,8.9,-41817,-4.2,-8469,-50.6,8,0.8,377,0.7
"31133","5","2382","76","0","2025","A","N",2,0,0,0,0,0,0,"N",1.16,0,0,0,0,0,0,"N",0,0.0,0,0,0,0,0,0,0,0,0,0,0,0
"31135","5","2382","76","0","2025","A","",4,10,400350,82633,152,757,39379,"",1.42,0.52,0.34,0.38,0.04,0.63,0.63,"",-1,-20.0,-4,-28.6,-187404,-31.9,-92996,-53.0,-427,-73.7,-46,-5.7,-2355,-5.6
"31137","5","2382","76","0","2025","A","",11,131,8973871,1446664,6946,1314,68329,"",1.34,1.62,1.73,1.58,0.84,1.07,1.07,"",0,0.0,-2,-1.5,262564,3.0,-181379,-11.1,-13762,-66.5,56,4.5,2912,4.5
"31139","5","2382","76","0","2025","A","",10,31,1682542,378567,2621,1041,54130,"",2.14,0.94,0.97,0.92,0.51,1.02,1.02,"",0,0.0,0,0.0,314417,23.0,49720,15.1,418,19.0,188,22.0,9758,22.0
"31141","5","2382","76","0","2025","A","",39,436,28819778,5504683,95797,1272,66126,"",1.72,1.31,1.38,1.30,2.43,1.06,1.06,"",4,11.4,62,16.6,6046498,26.6,1311003,31.3,48148,101.0,99,8.4,5153,8.5
"31143","5","2382","76","0","2025","A","",7,20,1066878,299717,7300,1052,54712,"",2.20,0.84,0.84,1.42,3.18,1.02,1.02,"",1,16.7,0,0.0,-52970,-4.7,47525,18.8,6953,2003.7,-34,-3.1,-1751,-3.1
"31145","5","2382","76","0","2025","A","",10,47,2464177,473088,2232,1014,52710,"",1.18,0.58,0.56,0.56,0.40,0.98,0.98,"",-1,-9.1,-1,-2.1,205655,9.1,-28003,-5.6,-887,-28.4,114,12.7,5901,12.6
"31147","5","2382","76","0","2025","A","",7,20,647529,212092,587,633,32925,"",1.23,0.52,0.34,0.48,0.12,0.67,0.67,"",-1,-12.5,0,0.0,-71056,-9.9,-6293,-2.9,-168,-22.3,-49,-7.2,-2561,-7.2
"31149","5","2382","76","0","2025","A","N",1,0,0,0,0,0,0,"N",0.85,0,0,0,0,0,0,"N",0,0.0,0,0,0,0,0,0,0,0,0,0,0,0
"31151","5","2382","76","0","2025","A","",12,76,3746152,883314,6830,943,49023,"",1.61,0.69,0.55,0.66,0.91,0.79,0.79,"",0,0.0,-1,-1.3,83005,2.3,23896,2.8,2174,46.7,28,3.1,1450,3.0
"31153","5","2382","76","0","2025","A","",166,3687,292695043,47433112,609313,1527,79380,"",1.76,2.65,3.20,2.34,2.43,1.21,1.21,"",7,4.4,149,4.2,29399998,11.2,1974321,4.3,127118,26.4,96,6.7,4952,6.7
"31155","5","2382","76","0","2025","A","",31,206,14230075,2834470,45688,1331,69190,"",2.34,2.04,2.55,2.36,3.16,1.25,1.25,"",7,29.2,-4,-1.9,436105,3.2,272986,10.7,26058,132.7,66,5.2,3426,5.2
"31157","5","2382","76","0","2025","A","",28,233,12187109,2781098,39717,1004,52212,"",1.21,0.88,0.78,0.87,1.06,0.89,0.89,"",3,12.0,28,13.7,1937920,18.9,437253,18.7,17464,78.5,41,4.3,2155,4.3
"31159","5","2382","76","0","2025","A","",17,103,5233277,1419686,17238,975,50685,"",1.67,1.03,0.90,1.12,0.59,0.88,0.88,"",0,0.0,3,3.0,788626,17.7,154006,12.2,1510,9.6,117,13.6,6053,13.6
"31163","5","2382","76","0","2025","A","N",3,0,0,0,0,0,0,"N",1.45,0,0,0,0,0,0,"N",0,0.0,0,0,0,0,0,0,0,0,0,0,0,0
"31167","5","2382","76","0","2025","A","N",1,0,0,0,0,0,0,"N",0.52,0,0,0,0,0,0,"N",0,0.0,0,0,0,0,0,0,0,0,0,0,0,0
"31169","5","2382","76","0","2025","A","",10,26,1176462,325327,5687,865,44960,"",1.95,0.71,0.57,0.87,1.93,0.81,0.81,"",1,11.1,1,4.0,102229,9.5,54201,20.0,3961,229.5,30,3.6,1557,3.6
"31175","5","2382","76","0","2025","A","",4,15,884122,147106,235,1166,60626,"",0.89,0.51,0.58,0.48,0.07,1.18,1.18,"",0,0.0,2,15.4,86457,10.8,-1979,-1.3,-37,-13.6,8,0.7,425,0.7
"31177","5","2382","76","0","2025","A","",25,169,12659709,2891663,46436,1442,74983,"",1.84,1.19,1.29,1.37,1.71,1.09,1.09,"",1,4.2,37,28.0,3909683,44.7,-176821,-5.8,-75429,-61.9,162,12.7,8443,12.7
"31179","5","2382","76","0","2025","A","",8,29,1281066,341952,3579,852,44302,"",1.48,0.43,0.38,0.54,0.77,0.88,0.88,"",0,0.0,2,7.4,107973,9.2,46077,15.6,531,17.4,19,2.3,988,2.3
"31181","5","2382","76","0","2025","A","N",2,0,0,0,0,0,0,"N",0.80,0,0,0,0,0,0,"N",-1,-33.3,0,0,0,0,0,0,0,0,0,0,0,0
"31185","5","2382","76","0","2025","A","",22,113,6604966,1626470,31268,1127,58624,"",1.75,0.88,0.85,1.00,1.45,0.97,0.97,"",-1,-4.3,-1,-0.9,-111112,-1.7,26163,1.6,9593,44.3,-9,-0.8,-462,-0.8
"31999","5","2382","76","0","2025","A","",169,840,83768326,26941676,1000422,1918,99754,"",0.63,1.26,1.11,1.93,2.90,0.88,0.88,"",21,14.2,52,6.6,8429144,11.2,3978130,17.3,46753,4.9,79,4.3,4136,4.3
"32000","5","2382","56","0","2025","A","",2126,32446,2984596064,1558115502,41563239,1769,91987,"",1.01,1.24,1.50,1.24,1.21,1.21,1.21,"",126,6.3,2171,7.2,450260944,17.8,197422557,14.5,10249674,32.7,159,9.9,8276,9.9
"32001","5","2382","76","0","2025","A","N",15,0,0,0,0,0,0,"N",1.16,0,0,0,0,0,0,"N",1,7.1,0,0,0,0,0,0,0,0,0,0,0,0
"32003","5","2382","76","0","2025","A","",1437,23412,2119276206,1091674162,28153514,1741,90521,"",1.03,1.23,1.51,1.19,1.12,1.23,1.23,"",85,6.3,1064,4.8,242995031,13.0,91458326,9.1,5159110,22.4,126,7.8,6564,7.8
"32005","5","2382","76","0","2025","A","",50,301,24958970,13347159,264796,1596,82966,"",1.17,0.83,0.84,0.76,0.57,1.01,1.01,"",-1,-2.0,4,1.3,3091101,14.1,154017,1.2,11717,4.6,182,12.9,9419,12.8
"32007","5","2382","76","0","2025","A","",32,488,49115510,24535712,426151,1934,100544,"",1.11,1.30,1.79,1.40,0.97,1.38,1.38,"",2,6.7,30,6.6,5357269,12.2,2710261,12.4,118005,38.3,96,5.2,4967,5.2
"32009","5","2382","76","0","2025","A","N",0,0,0,0,0,0,0,"N",0.00,0,0,0,0,0,0,"N",0,0,0,0,0,0,0,0,0,0,0,0,0,0
"32013","5","2382","76","0","2025","A","",12,54,3998665,2469682,49991,1433,74509,"",1.20,0.41,0.36,0.40,0.34,0.90,0.90,"",1,9.1,7,14.9,875408,28.0,268593,12.2,2358,5.0,153,12.0,7939,11.9
"32015","5","2382","76","0","2025","A","N",1,0,0,0,0,0,0,"N",0.40,0,0,0,0,0,0,"N",0,0.0,0,0,0,0,0,0,0,0,0,0,0,0
"32017","5","2382","76","0","2025","A","N",2,0,0,0,0,0,0,"N",0.79,0,0,0,0,0,0,"N",1,100.0,0,0,0,0,0,0,0,0,0,0,0,0
"32019","5","2382","76","0","2025","A","",31,148,10157319,6294462,122936,1318,68515,"",1.35,0.64,0.68,0.61,0.43,1.06,1.06,"",-1,-3.1,4,2.8,1044386,11.5,440912,7.5,-2058,-1.6,99,8.1,5121,8.1
"32021","5","2382","76","0","2025","A","N",1,0,0,0,0,0,0,"N",0.59,0,0,0,0,0,0,"N",0,0.0,0,0,0,0,0,0,0,0,0,0,0,0
"32023","5","2382","76","0","2025","A","",31,278,15562602,10852961,211976,1076,55930,"",1.55,1.21,0.85,1.02,0.80,0.70,0.70,"",-1,-3.1,-11,-3.8,-1213806,-7.2,-949627,-8.0,803,0.4,-39,-3.5,-2053,-3.5
"32027","5","2382","76","0","2025","A","N",1,0,0,0,0,0,0,"N",0.48,0,0,0,0,0,0,"N",0,0.0,0,0,0,0,0,0,0,0,0,0,0,0
"32029","5","2382","76","0","2025","A","",20,545,68558935,35728652,1143099,2418,125719,"",3.60,1.52,1.94,1.40,1.47,1.28,1.28,"",4,25.0,228,71.9,35371394,106.6,18946571,112.9,722779,172.0,405,20.1,21026,20.1
"32031","5","2382","76","0","2025","A","",418,5988,570413536,304046410,8536185,1832,95263,"",1.17,1.47,1.76,1.61,1.66,1.20,1.20,"",38,10.0,516,9.4,112613422,24.6,56563568,22.9,2791667,48.6,223,13.9,11593,13.9
"32033","5","2382","76","0","2025","A","",8,100,7959457,5273786,165997,1528,79462,"",1.54,1.35,1.23,1.71,2.27,0.91,0.91,"",2,33.3,44,78.6,3575510,81.6,2897686,122.0,130757,371.0,16,1.1,826,1.1
"32510","5","2382","76","0","2025","A","",46,842,86570423,49834075,2207091,1978,102856,"",1.08,1.55,2.02,2.64,4.03,1.30,1.30,"",-4,-8.0,230,37.6,38869248,81.5,22034575,79.3,1268543,135.2,480,32.0,24945,32.0
"32999","5","2382","76","0","2025","A","",22,158,19067524,8465312,163726,2315,120363,"",0.14,0.40,0.42,0.34,0.20,1.04,1.04,"",1,4.8,34,27.4,6058435,46.6,1780414,26.6,23753,17.0,304,15.1,15802,15.1
"33000","5","2382","56","0","2025","A","",1722,11071,962245453,191390878,1294312,1671,86915,"",1.32,0.96,0.95,0.90,0.73,0.99,0.99,"",5,0.3,212,2.0,50717265,5.6,4999263,2.7,15575,1.2,57,3.5,2972,3.5
"33001","5","2382","76","0","2025","A","",102,456,35728060,7835256,45683,1508,78423,"",2.36,1.05,1.32,1.03,0.63,1.25,1.26,"",5,5.2,9,2.0,2851925,8.7,288369,3.8,3673,8.7,92,6.5,4806,6.5
"33003","5","2382","76","0","2025","A","",85,247,17391866,4120774,29158,1353,70341,"",2.07,0.74,0.90,0.67,0.50,1.22,1.22,"",5,6.2,17,7.4,1422608,8.9,339377,9.0,4442,18.0,20,1.5,1035,1.5
"33005","5","2382","76","0","2025","A","",80,448,32455210,7561685,37464,1392,72404,"",1.83,0.87,0.94,0.85,0.62,1.08,1.08,"",0,0.0,2,0.4,1727659,5.6,-404291,-5.1,122,0.3,68,5.1,3547,5.2
"33007","5","2382","76","0","2025","A","",26,161,17242258,3644726,59333,2060,107095,"",1.28,0.82,1.47,1.24,2.12,1.78,1.78,"",4,18.2,14,9.5,1402030,8.9,818154,28.9,1015,1.7,-10,-0.5,-540,-0.5
"33009","5","2382","76","0","2025","A","",102,574,43823800,9709268,52922,1468,76348,"",1.56,0.63,0.57,0.79,0.67,0.90,0.90,"",0,0.0,35,6.5,4419467,11.2,653126,7.2,3922,8.0,63,4.5,3264,4.5
"33011","5","2382","76","0","2025","A","",412,3732,343139632,62235776,342730,1768,91941,"",1.68,1.12,1.13,1.00,0.76,1.01,1.01,"",-8,-1.9,51,1.4,25737656,8.1,100379,0.2,-35207,-9.3,110,6.6,5722,6.6
"33013","5","2382","76","0","2025","A","",176,1268,105714178,22086549,116751,1604,83387,"",1.66,0.99,1.07,1.10,0.75,1.08,1.08,"",-9,-4.9,-20,-1.6,-1278675,-1.2,-27540,-0.1,-77994,-40.0,7,0.4,329,0.4
"33015","5","2382","76","0","2025","A","",392,2746,236406003,47926671,329888,1655,86083,"",1.70,1.04,1.08,0.90,0.81,1.04,1.04,"",13,3.4,8,0.3,7474812,3.3,1165423,2.5,13141,4.1,47,2.9,2460,2.9
"33017","5","2382","76","0","2025","A","",124,745,57075648,13196182,78284,1473,76612,"",2.00,0.96,1.00,1.01,0.87,1.04,1.04,"",2,1.6,35,4.9,3876562,7.3,142515,1.1,2610,3.4,33,2.3,1728,2.3
"33019","5","2382","76","0","2025","A","",44,112,6830816,2019149,15726,1173,60989,"",1.89,0.48,0.45,0.47,0.54,0.94,0.93,"",-1,-2.2,-6,-5.1,-347302,-4.8,-71250,-3.4,2133,15.7,1,0.1,28,0.0
"33999","5","2382","76","0","2025","A","",179,582,66437982,11054842,186373,2196,114187,"",0.42,0.67,0.44,0.50,0.54,0.66,0.66,"",-5,-2.7,68,13.2,3430523,5.4,1995001,22.0,97718,110.2,-162,-6.9,-8415,-6.9
"34000","5","2382","56","0","2025","A","",6491,60136,5645926408,2815766886,87188761,1805,93885,"",1.01,0.84,0.84,0.87,0.96,1.00,1.00,"",-71,-1.1,1030,1.7,275209990,5.1,146709247,5.5,-2352726,-2.6,58,3.3,3020,3.3
"34001","5","2382","76","0","2025","A","",174,1933,153763669,83900181,3015651,1530,79540,"",1.20,0.92,1.10,1.00,1.27,1.19,1.19,"",1,0.6,171,9.7,15819781,11.5,8579663,11.4,70570,2.4,25,1.7,1274,1.6
"34003","5","2382","76","0","2025","A","",764,5375,476690016,241090635,6893704,1706,88692,"",1.08,0.74,0.72,0.71,0.76,0.98,0.98,"",-26,-3.3,-85,-1.6,11685497,2.5,1314545,0.5,-903323,-11.6,68,4.2,3534,4.1
"34005","5","2382","76","0","2025","A","",240,2345,213331655,103990042,2772822,1750,90983,"",0.97,0.66,0.75,0.64,0.65,1.14,1.14,"",-10,-4.0,-139,-5.6,-10905136,-4.9,-4384795,-4.0,-437531,-13.6,14,0.8,692,0.8
"34007","5","2382","76","0","2025","A","",330,4090,387472310,201259404,7243834,1822,94742,"",1.18,1.18,1.45,1.44,1.89,1.23,1.23,"",-4,-1.2,198,5.1,43029290,12.5,21485746,12.0,436139,6.4,120,7.1,6244,7.1
"34009","5","2382","76","0","2025","A","",126,786,47581735,32270154,740315,1164,60549,"",1.58,1.09,1.21,1.14,0.63,1.11,1.11,"",0,0.0,24,3.1,2688272,6.0,2571373,8.7,344,0.0,32,2.8,1672,2.8
"34011","5","2382","76","0","2025","A","",78,1306,120724561,61758257,2410818,1778,92433,"",1.05,1.30,1.86,1.51,1.87,1.44,1.44,"",0,0.0,127,10.8,5050036,4.4,8831901,16.7,326416,15.7,-108,-5.7,-5645,-5.8
"34013","5","2382","76","0","2025","A","",328,2865,288461940,131279277,4006738,1937,100699,"",0.70,0.49,0.49,0.53,0.61,1.01,1.01,"",-4,-1.2,32,1.1,15350643,5.6,1395357,1.1,-299450,-7.0,83,4.5,4287,4.4
"34015","5","2382","76","0","2025","A","",210,2355,220498618,118257720,3851979,1801,93640,"",1.43,1.10,1.58,1.34,1.47,1.43,1.43,"",2,1.0,216,10.1,33922399,18.2,21898227,22.7,548889,16.6,124,7.4,6414,7.4
"34017","5","2382","76","0","2025","A","",165,1774,201099121,84139621,2608685,2180,113338,"",0.43,0.39,0.41,0.38,0.44,1.05,1.05,"",1,0.6,15,0.9,11420836,6.0,5315551,6.7,-55193,-2.1,106,5.1,5495,5.1
"34019","5","2382","76","0","2025","A","",131,1042,92504702,47364924,1236985,1708,88812,"",1.66,1.31,1.41,1.35,1.32,1.07,1.07,"",-4,-3.0,83,8.7,6755820,7.9,4092847,9.5,-86578,-6.5,-11,-0.6,-572,-0.6
"34021","5","2382","76","0","2025","A","",172,1990,207672291,99727839,3571991,2007,104375,"",0.75,0.46,0.46,0.67,0.91,1.02,1.02,"",-4,-2.3,74,3.9,17850682,9.4,9436285,10.5,254403,7.7,101,5.3,5282,5.3
"34023","5","2382","76","0","2025","A","",460,5964,622983974,294432479,10714227,2009,104450,"",0.92,0.83,0.93,0.88,1.19,1.12,1.12,"",-16,-3.4,106,1.8,45971826,8.0,21876295,8.0,-40034,-0.4,115,6.1,5949,6.0
"34025","5","2382","76","0","2025","A","",583,6919,625123359,318307827,9255166,1737,90350,"",1.36,1.48,1.66,1.62,1.69,1.12,1.12,"",-9,-1.5,101,1.5,38793872,6.6,16210832,5.4,-136803,-1.5,83,5.0,4354,5.1
"34027","5","2382","76","0","2025","A","",487,5192,502271172,240837919,7678365,1860,96741,"",1.38,1.03,0.88,0.98,1.15,0.85,0.85,"",-4,-0.8,-152,-2.8,-1717640,-0.3,-3734200,-1.5,-1083431,-12.4,46,2.5,2438,2.6
"34029","5","2382","76","0","2025","A","",570,3748,271469370,160812657,4035951,1393,72426,"",1.80,1.16,1.32,1.25,1.09,1.13,1.13,"",2,0.4,84,2.3,15789246,6.2,8653432,5.7,-113489,-2.7,51,3.8,2635,3.8
"34031","5","2382","76","0","2025","A","",390,2862,272491148,131964652,3860348,1831,95224,"",1.28,0.98,1.33,1.07,1.14,1.35,1.35,"",1,0.3,-98,-3.3,-6930304,-2.5,-2005245,-1.5,-460547,-10.7,15,0.8,812,0.9
"34033","5","2382","76","0","2025","A","",31,478,35742121,21421533,501581,1438,74761,"",1.05,1.29,1.28,1.30,1.04,0.99,0.99,"",-1,-3.1,50,11.7,5025035,16.4,2555857,13.5,37163,8.0,57,4.1,2964,4.1
"34035","5","2382","76","0","2025","A","",230,2473,229968346,114748673,3397712,1788,92995,"",1.06,0.77,0.58,0.69,0.79,0.76,0.76,"",-2,-0.9,254,11.4,35241868,18.1,14783533,14.8,296021,9.5,100,5.9,5238,6.0
"34037","5","2382","76","0","2025","A","",147,848,71466707,37892187,1161248,1622,84326,"",2.07,1.31,1.68,1.49,1.58,1.28,1.28,"",-2,-1.3,72,9.3,10555982,17.3,3399740,9.9,-2019,-0.2,112,7.4,5799,7.4
"34039","5","2382","76","0","2025","A","",357,3324,333664848,164396226,4320567,1930,100386,"",1.09,0.86,0.92,0.93,0.92,1.08,1.08,"",2,0.6,-132,-3.8,-458097,-0.1,-723609,-0.4,-582776,-11.9,71,3.8,3698,3.8
"34041","5","2382","76","0","2025","A","",91,388,31271175,16970153,460662,1551,80648,"",1.62,0.68,0.77,0.73,0.75,1.13,1.13,"",-3,-3.2,19,5.1,2989072,10.6,1319693,8.4,-34366,-6.9,77,5.2,4003,5.2
"34999","5","2382","76","0","2025","A","",426,2082,239673570,108944526,3449412,2214,115117,"",0.43,0.53,0.38,0.39,0.35,0.72,0.72,"",8,1.9,12,0.6,-22718990,-8.7,3836219,3.6,-87131,-2.5,-224,-9.2,-11648,-9.2
"35000","3","2382","56","0","2025","A","",2,3,200854,0,0,1288,66951,"",7.05,1.24,1.46,0.00,0.00,1.17,1.17,"",-1,-33.3,-3,-50.0,-77073,-27.7,0,0.0,0,0.0,385,42.6,19977,42.5
"35000","5","2382","56","0","2025","A","",1554,15998,1165095242,604484217,8819107,1401,72828,"",1.16,1.09,1.16,1.18,1.28,1.06,1.06,"",6,0.4,395,2.5,86762884,8.0,48847506,8.8,1438242,19.5,72,5.4,3718,5.4
"35001","5","2382","76","0","2025","A","",551,7687,578454804,294587893,4601994,1447,75252,"",1.22,1.32,1.39,1.44,1.71,1.05,1.05,"",10,1.8,31,0.4,21954767,3.9,15343767,5.5,781512,20.5,49,3.5,2563,3.5
"35003","5","2382","76","0","2025","A","N",1,0,0,0,0,0,0,"N",0.36,0,0,0,0,0,0,"N",0,0.0,0,0,0,0,0,0,0,0,0,0,0,0
"35005","5","2382","76","0","2025","A","",41,287,16499070,9115412,50785,1106,57521,"",1.15,0.79,0.85,0.78,0.42,1.08,1.08,"",2,5.1,11,4.0,27265,0.2,255010,2.9,-502,-1.0,-40,-3.5,-2087,-3.5
"35006","5","2382","76","0","2025","A","",8,34,1669802,1038024,5837,947,49232,"",0.86,0.28,0.25,0.33,0.17,0.90,0.90,"",0,0.0,1,3.0,311680,22.9,119577,13.0,-2752,-32.0,156,19.7,8077,19.6
"35007","5","2382","76","0","2025","A","N",8,0,0,0,0,0,0,"N",0.75,0,0,0,0,0,0,"N",0,0.0,0,0,0,0,0,0,0,0,0,0,0,0
"35009","5","2382","76","0","2025","A","",34,468,24443457,15768463,150665,1004,52183,"",1.29,1.54,1.51,1.66,1.62,0.98,0.98,"",4,13.3,12,2.6,2286394,10.3,1316885,9.1,21118,16.3,69,7.4,3540,7.3
"35011","5","2382","76","0","2025","A","N",2,0,0,0,0,0,0,"N",1.25,0,0,0,0,0,0,"N",1,100.0,0,0,0,0,0,0,0,0,0,0,0,0
"35013","5","2382","76","0","2025","A","",124,1100,62473759,37236762,581706,1092,56769,"",1.06,0.80,0.80,0.86,0.79,1.00,1.00,"",0,0.0,-23,-2.0,478183,0.8,1423717,4.0,85068,17.1,31,2.9,1580,2.9
"35015","5","2382","76","0","2025","A","",50,530,44141538,22488611,217738,1602,83325,"",1.26,0.92,0.89,0.84,0.61,0.96,0.96,"",2,4.2,91,20.7,9101790,26.0,5744077,34.3,73202,50.6,67,4.4,3523,4.4
"35017","5","2382","76","0","2025","A","",16,110,5002172,3537135,23000,871,45303,"",1.06,0.70,0.51,0.70,0.43,0.72,0.72,"",1,6.7,-3,-2.7,68130,1.4,-119827,-3.3,-16302,-41.5,34,4.1,1767,4.1
"35023","5","2382","76","0","2025","A","N",3,0,0,0,0,0,0,"N",0.94,0,0,0,0,0,0,"N",1,50.0,0,0,0,0,0,0,0,0,0,0,0,0
"35025","5","2382","76","0","2025","A","",60,886,78033826,36152140,403237,1694,88107,"",1.39,1.56,1.76,1.47,1.46,1.13,1.13,"",1,1.7,130,17.2,13549012,21.0,6630088,22.5,132204,48.8,53,3.2,2791,3.3
"35027","5","2382","76","0","2025","A","",22,88,4087606,2854831,21017,898,46715,"",1.26,0.78,0.73,0.85,0.56,0.94,0.94,"",0,0.0,3,3.5,466335,12.9,93238,3.4,-6504,-23.6,80,9.8,4154,9.8
"35028","5","2382","76","0","2025","A","",10,43,7913654,1442533,8631,3567,185476,"",0.84,0.11,0.16,0.08,0.07,1.44,1.44,"",1,11.1,0,0.0,582559,7.9,-116420,-7.5,-1511,-14.9,320,9.9,16622,9.8
"35029","5","2382","76","0","2025","A","",13,129,20065824,5290582,133409,2997,155851,"",1.15,0.95,2.62,1.29,1.33,2.75,2.75,"",0,0.0,-41,-24.1,5149557,34.5,-2033474,-27.8,-4044,-2.9,1310,77.7,68108,77.6
"35031","5","2382","76","0","2025","A","",22,298,16596353,10591384,100245,1070,55615,"",0.92,0.92,0.96,1.21,0.95,1.04,1.04,"",-1,-4.3,31,11.6,3118226,23.1,1759973,19.9,-23431,-18.9,100,10.3,5151,10.2
"35033","5","2382","76","0","2025","A","N",2,0,0,0,0,0,0,"N",0.72,0,0,0,0,0,0,"N",0,0.0,0,0,0,0,0,0,0,0,0,0,0,0
"35035","3","2382","76","0","2025","A","",1,3,200854,0,0,1288,66951,"",179.98,62.09,88.96,0.00,0.00,1.43,1.43,"",0,0.0,0,0.0,-16390,-7.5,0,0.0,0,0.0,65,5.3,3367,5.3
"35035","5","2382","76","0","2025","A","",31,331,18429016,10887563,64125,1072,55719,"",1.18,1.13,1.12,1.45,0.63,0.99,0.99,"",-2,-6.1,-9,-2.6,886840,5.1,89421,0.8,-21,0.0,80,8.1,4137,8.0
"35037","5","2382","76","0","2025","A","N",2,0,0,0,0,0,0,"N",0.31,0,0,0,0,0,0,"N",0,0.0,0,0,0,0,0,0,0,0,0,0,0,0
"35039","3","2382","76","0","2025","A","",1,0,0,0,0,0,0,"",277.82,0.00,0.00,0.00,0.00,0.00,0.00,"",0,0.0,-2,-100.0,-13102,-100.0,0,0.0,0,0.0,-126,-100.0,-6551,-100.0
"35039","5","2382","76","0","2025","A","",28,106,5867594,3594355,71854,1060,55095,"",1.64,0.67,0.67,0.76,1.09,1.00,1.00,"",0,0.0,9,9.3,816033,16.2,513069,16.7,16284,29.3,56,5.6,2882,5.5
"35041","5","2382","76","0","2025","A","",11,52,2432381,1729908,15687,897,46627,"",1.16,0.53,0.48,0.64,0.53,0.91,0.91,"",-1,-8.3,-8,-13.3,-286811,-10.5,-134777,-7.2,-3517,-18.3,28,3.2,1433,3.2
"35043","5","2382","76","0","2025","A","",88,692,53969699,26715945,512661,1500,77991,"",1.33,1.16,1.35,1.29,2.01,1.17,1.17,"",-2,-2.2,113,19.5,11642585,27.5,6233366,30.4,157159,44.2,94,6.7,4887,6.7
"35045","5","2382","76","0","2025","A","",75,797,54819588,27463015,223187,1322,68754,"",1.24,1.00,1.07,0.97,0.58,1.07,1.07,"",-4,-5.1,-16,-2.0,-988854,-1.8,-656426,-2.3,-128013,-36.5,2,0.2,130,0.2
"35047","5","2382","76","0","2025","A","",18,108,6116458,3488553,43549,1087,56503,"",1.16,0.83,0.95,1.14,1.11,1.15,1.15,"",1,5.9,-2,-1.8,277730,4.8,216089,6.6,17688,68.4,66,6.5,3424,6.5
"35049","5","2382","76","0","2025","A","",132,765,45626616,25927878,219767,1146,59610,"",1.00,0.74,0.63,0.81,0.60,0.85,0.85,"",5,3.9,20,2.7,3703817,8.8,1750581,7.2,74779,51.6,64,5.9,3331,5.9
"35051","5","2382","76","0","2025","A","",6,12,512862,374510,1235,811,42153,"",0.81,0.20,0.17,0.21,0.03,0.85,0.85,"",-1,-14.3,-2,-14.3,-60486,-10.5,-44623,-10.6,-148,-10.7,51,6.7,2612,6.6
"35053","5","2382","76","0","2025","A","",6,23,981532,664030,2192,821,42675,"",0.80,0.28,0.21,0.35,0.11,0.73,0.73,"",0,0.0,1,4.5,-23490,-2.3,39273,6.3,60,2.8,-78,-8.7,-4070,-8.7
"35055","5","2382","76","0","2025","A","",34,145,8344965,4656527,83829,1105,57452,"",1.21,0.79,0.88,0.77,0.71,1.11,1.11,"",-1,-2.9,9,6.6,1006994,13.7,501142,12.1,22391,36.4,67,6.5,3463,6.4
"35057","5","2382","76","0","2025","A","N",6,0,0,0,0,0,0,"N",0.82,0,0,0,0,0,0,"N",0,0.0,0,0,0,0,0,0,0,0,0,0,0,0
"35059","5","2382","76","0","2025","A","N",4,0,0,0,0,0,0,"N",1.14,0,0,0,0,0,0,"N",1,33.3,0,0,0,0,0,0,0,0,0,0,0,0
"35061","5","2382","76","0","2025","A","",67,857,73565378,36613292,999276,1650,85799,"",2.17,2.87,4.41,3.62,6.69,1.53,1.53,"",-1,-1.5,-5,-0.6,2417489,3.4,3686594,11.2,254468,34.2,63,4.0,3277,4.0
"35999","5","2382","76","0","2025","A","",77,364,29834901,18501683,251902,1574,81852,"",0.80,0.90,0.80,0.83,0.49,0.89,0.89,"",-11,-12.5,23,6.7,7839708,35.6,4456772,31.7,-34490,-12.0,334,26.9,17397,27.0
"36000","5","2382","56","0","2025","A","",13222,136652,12814800247,2330741920,106312952,1803,93777,"",0.95,0.84,0.72,0.82,0.81,0.86,0.86,"",-461,-3.4,-10,0.0,663990901,5.5,89817550,4.0,7169502,7.2,93,5.4,4866,5.5
"36001","5","2382","76","0","2025","A","",201,3707,386058062,63158823,3047750,2003,104141,"",0.92,0.94,1.05,1.25,1.34,1.12,1.11,"",-7,-3.4,236,6.8,34139427,9.7,7520319,13.5,729939,31.5,53,2.7,2762,2.7
"36003","5","2382","76","0","2025","A","N",6,0,0,0,0,0,0,"N",0.34,0,0,0,0,0,0,"N",-2,-25.0,0,0,0,0,0,0,0,0,0,0,0,0
"36005","5","2382","76","0","2025","A","",450,4323,387891859,73924129,3090833,1725,89726,"",1.15,0.73,0.84,0.85,0.75,1.15,1.15,"",-12,-2.6,-81,-1.8,1053061,0.3,269504,0.4,79757,2.6,36,2.1,1883,2.1
"36007","5","2382","76","0","2025","A","",99,1500,125932376,26508048,1067591,1614,83946,"",1.15,1.07,1.30,1.23,1.28,1.21,1.21,"",1,1.0,93,6.6,8351383,7.1,4420662,20.0,150659,16.4,6,0.4,353,0.4
"36009","5","2382","76","0","2025","A","",21,201,15042266,3054729,93634,1439,74806,"",0.61,0.43,0.53,0.49,0.33,1.23,1.23,"",-1,-4.5,-1,-0.5,222525,1.5,-114288,-3.6,-16842,-15.2,26,1.8,1350,1.8
"36011","5","2382","76","0","2025","A","",40,317,24329291,6153418,232959,1476,76769,"",1.19,0.77,0.83,1.00,0.82,1.08,1.08,"",0,0.0,34,12.0,3306970,15.7,1007525,19.6,34983,17.7,48,3.4,2529,3.4
"36013","5","2382","76","0","2025","A","",62,544,39945584,9420404,393800,1412,73418,"",1.00,0.71,0.87,0.83,0.76,1.23,1.23,"",-2,-3.1,25,4.8,4567000,12.9,1028405,12.3,64748,19.7,102,7.8,5284,7.8
"36015","5","2382","76","0","2025","A","",41,456,36713657,7648391,346150,1550,80586,"",1.12,0.82,0.94,0.97,0.98,1.16,1.16,"",-5,-10.9,-63,-12.1,-2926478,-7.4,-483167,-5.9,-13292,-3.7,82,5.6,4233,5.5
"36017","5","2382","76","0","2025","A","",31,186,12042771,3000875,135044,1247,64833,"",1.54,0.63,0.56,0.63,0.75,0.89,0.89,"",-1,-3.1,-3,-1.6,402097,3.5,92859,3.2,14464,12.0,60,5.1,3106,5.0
"36019","5","2382","76","0","2025","A","",33,317,23619465,5388210,255183,1434,74549,"",0.87,0.60,0.66,0.74,0.78,1.09,1.09,"",-2,-5.7,31,10.8,2951049,14.3,644184,13.6,34409,15.6,47,3.4,2408,3.3
"36021","5","2382","76","0","2025","A","",54,222,15537524,3766959,107624,1345,69963,"",1.25,0.64,0.69,0.68,0.45,1.09,1.09,"",3,5.9,20,9.9,3688450,31.1,647679,20.8,30652,39.8,216,19.1,11280,19.2
"36023","5","2382","76","0","2025","A","",17,68,4117867,1058563,38027,1172,60930,"",0.79,0.23,0.23,0.26,0.19,0.97,0.97,"",1,6.2,3,4.6,322855,8.5,-28920,-2.7,-1438,-3.6,46,4.1,2395,4.1
"36025","5","2382","76","0","2025","A","",27,140,10577959,2291871,113708,1455,75647,"",1.10,0.59,0.60,0.66,0.69,1.02,1.02,"",0,0.0,4,2.9,548038,5.5,-25882,-1.1,-2201,-1.9,42,3.0,2168,3.0
"36027","5","2382","76","0","2025","A","",270,1615,135469703,27343182,1005691,1613,83899,"",1.54,0.83,0.87,0.97,0.84,1.05,1.05,"",-7,-2.5,-163,-9.2,-9283789,-6.4,1364,0.0,77278,8.3,48,3.1,2501,3.1
"36029","5","2382","76","0","2025","A","",448,7017,698551249,125011553,5402573,1914,99550,"",0.93,0.90,1.18,1.01,0.95,1.31,1.31,"",-14,-3.0,494,7.6,146243438,26.5,14942613,13.6,784751,17.0,286,17.6,14874,17.6
"36031","5","2382","76","0","2025","A","",22,74,3671619,1206419,28929,960,49897,"",0.85,0.29,0.22,0.31,0.16,0.75,0.75,"",-1,-4.3,3,4.2,-153289,-4.0,-34022,-2.7,-7769,-21.2,-70,-6.8,-3661,-6.8
"36033","5","2382","76","0","2025","A","",19,137,8757714,2066385,94919,1229,63886,"",0.88,0.47,0.38,0.69,0.73,0.82,0.81,"",0,0.0,-10,-6.8,-902308,-9.3,-362535,-14.9,4300,4.7,-33,-2.6,-1717,-2.6
"36035","5","2382","76","0","2025","A","",16,77,4454931,1287884,45173,1110,57731,"",0.71,0.29,0.26,0.33,0.27,0.93,0.93,"",0,0.0,1,1.3,124112,2.9,135696,11.8,17130,61.1,18,1.6,933,1.6
"36037","5","2382","76","0","2025","A","",31,274,18320806,5511133,156274,1287,66925,"",1.06,0.70,0.73,0.93,0.59,1.03,1.03,"",3,10.7,59,27.4,5784335,46.1,1998824,56.9,38890,33.1,166,14.8,8616,14.8
"36039","5","2382","76","0","2025","A","",32,126,7873021,2183921,55158,1198,62319,"",1.18,0.53,0.47,0.59,0.32,0.90,0.90,"",0,0.0,-1,-0.8,567819,7.8,276828,14.5,4528,8.9,93,8.4,4835,8.4
"36041","5","2382","76","0","2025","A","N",1,0,0,0,0,0,0,"N",0.22,0,0,0,0,0,0,"N",-1,-50.0,0,0,0,0,0,0,0,0,0,0,0,0
"36043","5","2382","76","0","2025","A","",24,176,15633012,3324387,115789,1707,88740,"",0.95,0.66,1.03,0.89,0.62,1.55,1.55,"",-2,-7.7,40,29.4,5459557,53.7,783156,30.8,4569,4.1,268,18.6,13935,18.6
"36045","5","2382","76","0","2025","A","",42,446,32313899,7054858,385464,1392,72372,"",0.74,0.66,0.76,0.78,0.85,1.15,1.15,"",-3,-6.7,-20,-4.3,-1062607,-3.2,6130,0.1,-6221,-1.6,16,1.2,825,1.2
"36047","5","2382","76","0","2025","A","",1408,13079,927472390,226756303,8571600,1364,70911,"",0.97,0.85,0.90,0.80,0.69,1.06,1.06,"",-54,-3.7,-1017,-7.2,-60253240,-6.1,-7796486,-3.3,-211955,-2.4,16,1.2,840,1.2
"36049","5","2382","76","0","2025","A","",11,47,4116674,655691,17065,1681,87434,"",0.94,0.40,0.57,0.38,0.20,1.44,1.44,"",0,0.0,-7,-13.0,-162795,-3.8,-76451,-10.4,-2956,-14.8,169,11.2,8791,11.2
"36051","5","2382","76","0","2025","A","",26,143,10994575,2629606,112740,1479,76930,"",0.90,0.43,0.52,0.57,0.47,1.21,1.21,"",0,0.0,15,11.7,2486302,29.2,681228,35.0,36338,47.6,197,15.4,10286,15.4
"36053","5","2382","76","0","2025","A","",20,74,5323402,1149710,41080,1390,72263,"",0.63,0.21,0.24,0.27,0.20,1.15,1.15,"",-1,-4.8,1,1.4,296719,5.9,57016,5.2,4500,12.3,69,5.2,3561,5.2
"36055","5","2382","76","0","2025","A","",365,6400,553396698,108786348,4528480,1663,86468,"",0.96,0.99,1.14,1.13,1.05,1.15,1.15,"",-13,-3.4,135,2.2,51644390,10.3,5555299,5.4,456382,11.2,123,8.0,6382,8.0
"36057","5","2382","76","0","2025","A","",25,130,7829094,2161131,79493,1163,60456,"",1.04,0.40,0.40,0.40,0.33,1.00,1.00,"",-4,-13.8,-31,-19.3,-2367927,-23.2,-745415,-25.6,-45281,-36.3,-54,-4.4,-2847,-4.5
"36059","5","2382","76","0","2025","A","",1255,12132,1179707130,202895546,9780424,1870,97241,"",1.15,1.14,1.28,1.14,1.22,1.12,1.12,"",-27,-2.1,738,6.5,123605763,11.7,18006400,9.7,1612781,19.7,87,4.9,4550,4.9
"36061","5","2382","76","0","2025","A","",558,10772,1239639556,187115703,10715959,2213,115084,"",0.22,0.26,0.16,0.22,0.27,0.60,0.60,"",-11,-1.9,318,3.0,97888510,8.6,15361432,8.9,1300393,13.8,113,5.4,5869,5.4
"36063","5","2382","76","0","2025","A","",108,846,61660065,13717942,524876,1401,72870,"",1.13,0.74,0.84,0.76,0.61,1.14,1.14,"",-4,-3.6,-6,-0.7,6271779,11.3,-444802,-3.1,-14641,-2.7,150,12.0,7835,12.0
"36065","5","2382","76","0","2025","A","",81,611,45738981,10182757,455208,1440,74880,"",0.78,0.36,0.39,0.46,0.47,1.08,1.08,"",-5,-5.8,64,11.7,7090547,18.3,1327104,15.0,84224,22.7,82,6.0,4268,6.0
"36067","5","2382","76","0","2025","A","",232,3721,355234923,62020293,2831348,1836,95468,"",0.92,0.89,1.06,0.97,1.01,1.20,1.20,"",-6,-2.5,270,7.8,57233748,19.2,7854028,14.5,428343,17.8,175,10.5,9105,10.5
"36069","5","2382","76","0","2025","A","",56,1639,219779662,31441978,1355053,2578,134066,"",0.88,1.83,3.39,2.20,2.02,1.86,1.86,"",-2,-3.4,136,9.0,31081900,16.5,4543949,16.9,208302,18.2,163,6.7,8512,6.8
"36071","5","2382","76","0","2025","A","",316,2637,202894014,42737027,1614378,1479,76929,"",1.36,1.02,1.13,1.02,0.85,1.11,1.11,"",-12,-3.7,117,4.6,16562056,8.9,2663530,6.6,220112,15.8,57,4.0,2978,4.0
"36073","5","2382","76","0","2025","A","",16,51,3017563,882223,34733,1138,59168,"",0.99,0.27,0.24,0.32,0.26,0.89,0.89,"",0,0.0,-10,-16.4,-797696,-20.9,-89266,-9.2,-3898,-10.1,-66,-5.5,-3463,-5.5
"36075","5","2382","76","0","2025","A","",47,382,35928003,8262627,466805,1806,93929,"",1.05,0.70,0.95,1.10,1.27,1.34,1.34,"",1,2.2,46,13.7,11762092,48.7,2437888,41.9,166762,55.6,422,30.5,21971,30.5
"36077","5","2382","76","0","2025","A","",24,96,5624762,1754550,63547,1122,58338,"",0.81,0.25,0.22,0.41,0.32,0.87,0.87,"",-3,-11.1,-4,-4.0,209177,3.9,203303,13.1,7838,14.1,81,7.8,4182,7.7
"36079","5","2382","76","0","2025","A","",162,940,80365614,15215907,592756,1644,85465,"",2.52,2.09,2.37,2.04,1.78,1.13,1.13,"",-11,-6.4,-96,-9.3,-6423361,-7.4,-1682795,-10.0,-77287,-11.5,34,2.1,1726,2.1
"36081","5","2382","76","0","2025","A","",1613,20396,2164964973,345443818,17422784,2041,106148,"",1.43,1.63,2.23,1.55,1.74,1.37,1.37,"",-89,-5.2,-667,-3.2,47708991,2.3,-1327060,-0.4,400164,2.4,108,5.6,5629,5.6
"36083","5","2382","76","0","2025","A","",80,762,75148012,12822674,674681,1897,98619,"",1.19,0.81,0.99,1.02,1.17,1.23,1.22,"",-4,-4.8,38,5.2,11401264,17.9,1252215,10.8,88648,15.1,203,12.0,10541,12.0
"36085","5","2382","76","0","2025","A","",426,4780,444042369,80484197,4057358,1786,92896,"",2.06,2.11,2.64,2.32,2.44,1.25,1.25,"",-10,-2.3,-407,-7.8,-14297142,-3.1,-2924647,-3.5,-293861,-6.8,87,5.1,4533,5.1
"36087","5","2382","76","0","2025","A","",358,3357,251020774,55239854,2062044,1438,74775,"",1.44,1.45,1.48,1.45,1.20,1.02,1.02,"",1,0.3,107,3.3,15818945,6.7,2040069,3.8,115499,5.9,46,3.3,2411,3.3
"36089","5","2382","76","0","2025","A","",44,423,32598294,7426184,377842,1483,77095,"",1.10,0.73,0.80,1.10,1.16,1.10,1.10,"",-2,-4.3,-47,-10.0,-4250493,-11.5,-1223296,-14.1,-99321,-20.8,-25,-1.7,-1321,-1.7
"36091","5","2382","76","0","2025","A","",115,1469,139486643,24952728,1315080,1827,94980,"",0.91,0.94,1.18,0.94,1.12,1.26,1.26,"",-7,-5.7,-158,-9.7,-8603786,-5.8,-2235825,-8.2,-220447,-14.4,77,4.4,3955,4.3
"36093","5","2382","76","0","2025","A","",72,849,72601517,14425241,570906,1645,85539,"",1.05,0.84,0.88,0.91,0.85,1.04,1.04,"",-7,-8.9,-2,-0.2,6971717,10.6,1214181,9.2,104780,22.5,162,10.9,8426,10.9
"36095","5","2382","76","0","2025","A","",8,76,6872519,1228986,43969,1751,91027,"",0.59,0.54,0.79,0.63,0.42,1.49,1.48,"",-1,-11.1,15,24.6,1852827,36.9,237055,23.9,10972,33.3,166,10.5,8624,10.5
"36097","5","2382","76","0","2025","A","N",7,0,0,0,0,0,0,"N",0.76,0,0,0,0,0,0,"N",2,40.0,0,0,0,0,0,0,0,0,0,0,0,0
"36099","5","2382","76","0","2025","A","",15,47,3004102,708854,36208,1218,63355,"",1.02,0.27,0.25,0.27,0.33,0.92,0.92,"",-3,-16.7,-3,-6.0,-66553,-2.2,-77153,-9.8,-2920,-7.5,35,3.0,1839,3.0
"36101","5","2382","76","0","2025","A","",38,185,13024758,2755037,100115,1355,70468,"",0.91,0.32,0.27,0.32,0.26,0.84,0.84,"",-2,-5.0,4,2.2,1122445,9.4,-39212,-1.4,12870,14.8,90,7.1,4709,7.2
"36103","5","2382","76","0","2025","A","",1976,15746,1437143948,253776564,11371800,1755,91270,"",1.81,1.37,1.41,1.28,1.23,1.03,1.03,"",-68,-3.3,-47,-0.3,27862550,2.0,1434890,0.6,601599,5.6,39,2.3,2034,2.3
"36105","5","2382","76","0","2025","A","",59,291,19291550,4908233,147402,1276,66332,"",1.29,0.57,0.59,0.64,0.46,1.04,1.04,"",0,0.0,5,1.7,1144274,6.3,530244,12.1,10031,7.3,55,4.5,2824,4.4
"36107","5","2382","76","0","2025","A","",13,53,3048484,919585,33120,1106,57519,"",0.74,0.24,0.19,0.28,0.23,0.77,0.77,"",-1,-7.1,1,1.9,289853,10.5,164410,21.8,3769,12.8,81,7.9,4212,7.9
"36109","5","2382","76","0","2025","A","",51,204,14007334,3236551,127097,1321,68691,"",0.95,0.26,0.22,0.39,0.37,0.87,0.87,"",-3,-5.6,-17,-7.7,-1661701,-10.6,-201043,-5.8,-38092,-23.1,-44,-3.2,-2290,-3.2
"36111","5","2382","76","0","2025","A","",153,993,82382151,17304401,622900,1596,82970,"",1.34,0.98,1.18,1.10,0.89,1.20,1.20,"",-8,-5.0,-21,-2.1,2808916,3.5,421418,2.5,243,0.0,86,5.7,4470,5.7
"36113","5","2382","76","0","2025","A","",44,618,50790921,10880685,542097,1582,82241,"",0.94,1.00,1.22,1.06,1.15,1.22,1.22,"",-4,-8.3,-16,-2.5,2094883,4.3,255618,2.4,116620,27.4,105,7.1,5423,7.1
"36115","5","2382","76","0","2025","A","",24,185,15426362,4372462,238116,1603,83348,"",0.94,0.75,0.96,1.16,1.41,1.29,1.29,"",0,0.0,-17,-8.4,-971058,-5.9,15599,0.4,-21344,-8.2,46,3.0,2373,2.9
"36117","5","2382","76","0","2025","A","",58,332,22196325,5647133,197967,1287,66940,"",1.42,0.69,0.72,0.78,0.60,1.04,1.04,"",3,5.5,18,5.7,2033195,10.1,226668,4.2,49320,33.2,50,4.0,2624,4.1
"36119","5","2382","76","0","2025","A","",935,8174,776765861,145578647,6496497,1827,95025,"",1.27,1.13,1.04,1.17,1.14,0.92,0.92,"",-27,-2.8,-138,-1.7,19639156,2.6,10631355,7.9,253068,4.1,75,4.3,3936,4.3
"36121","5","2382","76","0","2025","A","",15,64,3500723,1415089,44746,1046,54415,"",0.83,0.31,0.24,0.48,0.34,0.76,0.76,"",0,0.0,-4,-5.9,-138213,-3.8,25393,1.8,-551,-1.2,14,1.4,770,1.4
"36123","5","2382","76","0","2025","A","",10,107,6994819,1528563,36069,1252,65119,"",0.74,0.88,1.01,0.88,0.46,1.15,1.15,"",0,0.0,18,20.2,1247889,21.7,239068,18.5,6371,21.5,15,1.2,788,1.2
"36999","5","2382","76","0","2025","A","",410,1868,231976580,36158808,1769249,2389,124212,"",0.30,0.52,0.43,0.39,0.37,0.82,0.82,"N",-31,-7.0,0,0,0,0,0,0,0,0,0,0,0,0
"37000","5","2382","56","0","2025","A","",9144,92194,6786746350,3284496047,24902770,1416,73614,"",1.30,1.12,1.06,1.13,0.88,0.95,0.95,"",-276,-2.9,1830,2.0,428355098,6.7,112686470,3.6,-538414,-2.1,63,4.7,3249,4.6
"37001","5","2382","76","0","2025","A","",146,1623,115125658,58365380,484186,1364,70916,"",1.76,1.46,1.77,1.53,1.52,1.21,1.21,"",-6,-3.9,166,11.4,24043696,26.4,9281344,18.9,160079,49.4,162,13.5,8403,13.4
"37003","5","2382","76","0","2025","A","",27,132,5605119,3863262,23999,819,42597,"",1.95,0.91,0.75,0.81,0.56,0.82,0.82,"",4,17.4,2,1.5,-365389,-6.1,-105224,-2.7,-9990,-29.4,-65,-7.4,-3389,-7.4
"37005","5","2382","76","0","2025","A","",17,65,3010037,2128827,17845,895,46547,"",2.64,1.14,1.04,1.14,0.97,0.91,0.91,"",2,13.3,22,51.2,1024683,51.6,709322,50.0,5262,41.8,12,1.4,643,1.4
"37007","5","2382","76","0","2025","A","",15,49,2351935,1452785,8546,926,48162,"",1.62,0.44,0.40,0.45,0.41,0.90,0.90,"",1,7.1,10,25.6,387282,19.7,268320,22.7,-1601,-15.8,-47,-4.8,-2430,-4.8
"37009","5","2382","76","0","2025","A","",29,148,8164769,4905352,40983,1065,55354,"",2.01,1.18,1.21,1.22,1.03,1.02,1.02,"",-4,-12.1,-8,-5.1,151249,1.9,-36297,-0.7,-55,-0.1,79,8.0,4095,8.0
"37011","5","2382","76","0","2025","A","",20,119,5325663,3776143,36320,860,44722,"",1.53,0.92,0.79,0.86,0.86,0.86,0.86,"",-1,-4.8,-109,-47.8,-8051822,-60.2,-3631697,-49.0,-23100,-38.9,-270,-23.9,-14016,-23.9
"37013","5","2382","76","0","2025","A","",32,162,9993009,5622328,37975,1186,61685,"",1.25,0.60,0.64,0.62,0.44,1.08,1.08,"",0,0.0,29,21.8,2604144,35.2,988433,21.3,4805,14.5,115,10.7,5990,10.8
"37015","5","2382","76","0","2025","A","N",6,0,0,0,0,0,0,"N",0.90,0,0,0,0,0,0,"N",0,0.0,0,0,0,0,0,0,0,0,0,0,0,0
"37017","5","2382","76","0","2025","A","",22,106,6238352,4392257,69446,1134,58992,"",1.68,0.51,0.54,0.56,1.12,1.06,1.06,"",0,0.0,-6,-5.4,196043,3.2,126881,3.0,10147,17.1,92,8.8,4801,8.9
"37019","5","2382","76","0","2025","A","",168,1223,84981044,42690351,306658,1336,69486,"",1.90,1.69,1.98,1.69,1.25,1.17,1.17,"",5,3.1,205,20.1,22930222,37.0,8198129,23.8,59453,24.1,164,14.0,8552,14.0
"37021","5","2382","76","0","2025","A","",288,2888,195380062,100546406,708170,1301,67641,"",1.16,1.28,1.30,1.18,0.90,1.01,1.01,"",-7,-2.4,221,8.3,27642539,16.5,10911733,12.2,149652,26.8,92,7.6,4749,7.6
"37023","5","2382","76","0","2025","A","",58,424,25590551,16119020,134937,1162,60414,"",1.71,0.85,0.93,1.01,1.10,1.09,1.09,"",-3,-4.9,-3,-0.7,-901063,-3.4,-1468437,-8.3,13104,10.8,-31,-2.6,-1627,-2.6
"37025","5","2382","76","0","2025","A","",204,1874,132204014,67376353,492992,1356,70537,"",1.55,1.23,1.37,1.36,1.03,1.12,1.12,"",-1,-0.5,182,10.8,19462863,17.3,9362149,16.1,67825,16.0,75,5.9,3915,5.9
"37027","5","2382","76","0","2025","A","",49,314,18394139,10940581,101035,1128,58658,"",1.58,0.74,0.77,0.76,0.84,1.04,1.04,"",-3,-5.8,-86,-21.5,-4998077,-21.4,-3422274,-23.8,-214562,-68.0,5,0.4,250,0.4
"37029","5","2382","76","0","2025","A","N",6,0,0,0,0,0,0,"N",1.47,0,0,0,0,0,0,"N",3,100.0,0,0,0,0,0,0,0,0,0,0,0,0
"37031","5","2382","76","0","2025","A","",90,542,29151961,18392515,125955,1035,53836,"",1.70,1.27,1.31,1.40,1.05,1.04,1.04,"",-7,-7.2,6,1.1,1344534,4.8,736233,4.2,9347,8.0,38,3.8,1981,3.8
"37033","5","2382","76","0","2025","A","N",13,0,0,0,0,0,0,"N",2.04,0,0,0,0,0,0,"N",2,18.2,0,0,0,0,0,0,0,0,0,0,0,0
"37035","5","2382","76","0","2025","A","",126,1098,64669260,36485713,218432,1133,58915,"",1.27,0.74,0.67,0.67,0.48,0.92,0.92,"",-4,-3.1,-231,-17.4,-32966802,-33.8,-16300442,-30.9,-886617,-80.2,-280,-19.8,-14551,-19.8
"37037","5","2382","76","0","2025","A","",63,891,55689686,34915504,304377,1202,62497,"",1.32,2.63,2.67,2.87,2.68,1.02,1.02,"",2,3.3,28,3.2,4198103,8.2,2880112,9.0,51612,20.4,54,4.7,2820,4.7
"37039","5","2382","76","0","2025","A","",38,127,6427290,4300285,46959,974,50642,"",2.12,0.97,0.95,1.09,1.35,0.98,0.98,"",-3,-7.3,-82,-39.2,-5143551,-44.5,-2932186,-40.5,-28995,-38.2,-89,-8.4,-4655,-8.4
"37041","5","2382","76","0","2025","A","",10,36,1969913,1135590,4789,1040,54094,"",1.20,0.43,0.42,0.43,0.21,0.97,0.97,"",0,0.0,-8,-18.2,-216890,-9.9,-184951,-14.0,-1298,-21.3,81,8.4,4205,8.4
"37043","5","2382","76","0","2025","A","",8,33,1290379,990727,8493,744,38711,"",1.15,0.88,0.65,0.86,0.83,0.72,0.72,"",0,0.0,-9,-21.4,-243139,-15.9,-127832,-11.4,-1690,-16.6,38,5.4,1980,5.4
"37045","5","2382","76","0","2025","A","",71,572,42198890,22637712,195631,1420,73839,"",1.66,0.95,1.20,1.17,1.17,1.26,1.26,"",-4,-5.3,-220,-27.8,-12081598,-22.3,-7966535,-26.0,-341087,-63.6,102,7.7,5296,7.7
"37047","5","2382","76","0","2025","A","",31,169,9125870,5594578,42124,1041,54133,"",1.37,0.71,0.71,0.78,0.74,1.01,1.01,"",1,3.3,17,11.2,1212707,15.3,910556,19.4,9508,29.2,37,3.7,1930,3.7
"37049","5","2382","76","0","2025","A","",66,476,26461509,16266757,95214,1070,55650,"",1.26,0.71,0.63,0.91,0.62,0.89,0.89,"",4,6.5,-17,-3.4,-1450,0.0,-905557,-5.3,-14629,-13.3,37,3.6,1945,3.6
"37051","5","2382","76","0","2025","A","",189,2346,171096199,85301377,809652,1403,72936,"",1.38,1.15,1.34,1.54,1.56,1.17,1.17,"",-5,-2.6,90,4.0,4564221,2.7,4491717,5.6,42906,5.6,-17,-1.2,-890,-1.2
"37053","5","2382","76","0","2025","A","",43,213,12668551,7310183,59143,1145,59547,"",2.19,1.74,1.99,1.79,1.27,1.14,1.14,"",1,2.4,-3,-1.4,857871,7.3,99173,1.4,-2192,-3.6,95,9.0,4952,9.1
"37055","5","2382","76","0","2025","A","",82,406,23362105,13709315,97375,1107,57566,"",1.86,1.17,1.27,1.17,0.59,1.09,1.09,"",0,0.0,-18,-4.2,51417,0.2,-119135,-0.9,5803,6.3,49,4.6,2566,4.7
"37057","5","2382","76","0","2025","A","",137,963,56614903,31914723,245375,1130,58780,"",2.00,1.25,1.23,1.19,1.00,0.98,0.98,"",5,3.8,54,5.9,7017527,14.1,2971270,10.3,31036,14.5,81,7.7,4212,7.7
"37059","5","2382","76","0","2025","A","",37,276,19817716,9736918,57839,1383,71890,"",1.70,1.13,1.38,1.14,0.71,1.22,1.22,"",-5,-11.9,-4,-1.4,1868233,10.4,328316,3.5,-1209,-2.0,149,12.1,7747,12.1
"37061","5","2382","76","0","2025","A","",43,368,21622551,12824314,77621,1129,58730,"",1.96,1.12,1.27,1.11,0.75,1.13,1.13,"",-1,-2.3,25,7.3,3086508,16.7,1883262,17.2,-15321,-16.5,90,8.7,4715,8.7
"37063","5","2382","76","0","2025","A","",178,2218,171264151,78492718,483914,1485,77227,"",0.81,0.57,0.39,0.62,0.39,0.68,0.68,"",-15,-7.8,-223,-9.1,-10415923,-5.7,-8461714,-9.7,-61442,-11.3,54,3.8,2798,3.8
"37065","5","2382","76","0","2025","A","",27,120,6839219,4064014,23123,1100,57192,"",1.60,0.48,0.51,0.61,0.38,1.05,1.05,"",-2,-6.9,-50,-29.4,-2367608,-25.7,-1547019,-27.6,-32797,-58.6,58,5.6,3008,5.6
"37067","5","2382","76","0","2025","A","",252,2861,201373933,100536777,619780,1353,70382,"",1.19,0.90,0.83,1.05,0.77,0.93,0.93,"",-12,-4.5,-186,-6.1,-5709414,-2.8,-4612562,-4.4,-31935,-4.9,46,3.5,2417,3.6
"37069","5","2382","76","0","2025","A","",79,603,34847326,20832885,136132,1111,57798,"",2.40,2.48,2.25,2.43,1.73,0.91,0.91,"",3,3.9,25,4.3,951722,2.8,1782510,9.4,16851,14.1,-16,-1.4,-811,-1.4
"37071","5","2382","76","0","2025","A","",199,1704,117733995,60446907,426010,1329,69113,"",1.85,1.25,1.40,1.33,0.76,1.12,1.12,"",-9,-4.3,-100,-5.5,875680,0.7,-2356961,-3.8,4697,1.1,84,6.7,4354,6.7
"37073","5","2382","76","0","2025","A","N",5,0,0,0,0,0,0,"N",1.36,0,0,0,0,0,0,"N",1,25.0,0,0,0,0,0,0,0,0,0,0,0,0
"37075","5","2382","76","0","2025","A","N",4,0,0,0,0,0,0,"N",0.96,0,0,0,0,0,0,"N",-2,-33.3,0,0,0,0,0,0,0,0,0,0,0,0
"37077","5","2382","76","0","2025","A","",54,252,12809740,8370908,55354,977,50782,"",2.40,0.72,0.54,0.78,0.58,0.75,0.75,"",1,1.9,-77,-23.4,-4226169,-24.8,-2064560,-19.8,-6718,-10.8,-20,-2.0,-1051,-2.0
"37079","5","2382","76","0","2025","A","",12,53,2884017,1673645,9925,1050,54587,"",1.59,0.71,0.72,0.93,0.63,1.01,1.01,"",4,50.0,16,43.2,871116,43.3,552744,49.3,4621,87.1,6,0.6,307,0.6
"37081","5","2382","76","0","2025","A","",373,5968,474824391,208442919,1314494,1530,79556,"",1.16,1.22,1.40,1.24,0.85,1.14,1.14,"",-19,-4.8,325,5.8,48362271,11.3,7035522,3.5,9413,0.7,77,5.3,3979,5.3
"37083","5","2382","76","0","2025","A","",30,239,14281069,8068112,47008,1148,59712,"",1.50,0.95,1.07,1.07,0.72,1.13,1.13,"",0,0.0,29,13.8,1935181,15.7,983070,13.9,3558,8.2,19,1.7,992,1.7
"37085","5","2382","76","0","2025","A","",99,742,46383819,23032619,161082,1202,62519,"",2.02,1.50,1.74,1.43,1.12,1.16,1.16,"",-4,-3.9,42,6.0,4099442,9.7,365597,1.6,-15897,-9.0,40,3.4,2091,3.5
"37087","5","2382","76","0","2025","A","",55,242,12895800,8017410,60256,1024,53252,"",1.45,0.83,0.82,0.80,0.67,0.99,0.99,"",1,1.9,8,3.4,470537,3.8,453566,6.0,4717,8.5,3,0.3,153,0.3
"37089","5","2382","76","0","2025","A","",140,922,59712954,32119848,221279,1245,64765,"",1.78,1.26,1.32,1.21,0.92,1.05,1.05,"",4,2.9,19,2.1,3799248,6.8,1440538,4.7,5057,2.3,55,4.6,2868,4.6
"37091","5","2382","76","0","2025","A","",13,56,2395090,1585560,31405,827,43026,"",1.49,0.40,0.31,0.41,1.08,0.79,0.79,"",-3,-18.8,-42,-42.9,-2660930,-52.6,-1483961,-48.3,-28363,-47.5,-164,-16.5,-8522,-16.5
"37093","5","2382","76","0","2025","A","",8,100,5481515,3269257,28642,1059,55091,"",0.58,0.64,0.68,0.80,0.69,1.05,1.05,"",-6,-42.9,-37,-27.0,-2817377,-33.9,-1164060,-26.3,-7483,-20.7,-105,-9.0,-5411,-8.9
"37095","5","2382","76","0","2025","A","",6,33,1461917,1117672,10375,850,44189,"",1.49,1.16,1.06,1.35,0.82,0.91,0.91,"",0,0.0,7,26.9,374383,34.4,214834,23.8,4965,91.8,33,4.0,1680,4.0
"37097","5","2382","76","0","2025","A","",187,1399,99548323,50969369,371106,1368,71161,"",1.35,1.03,1.03,0.99,0.79,1.00,1.00,"",-2,-1.1,-221,-13.6,-18819536,-15.9,-5094761,-9.1,-22618,-5.7,-37,-2.6,-1913,-2.6
"37099","5","2382","76","0","2025","A","",31,269,15167342,9373591,80272,1083,56332,"",1.28,0.84,0.87,1.20,0.97,1.04,1.04,"",3,10.7,52,24.0,4384486,40.7,2484528,36.1,19246,31.5,128,13.4,6680,13.5
"37101","5","2382","76","0","2025","A","",258,2450,161145608,83074272,527218,1265,65769,"",2.43,2.24,2.41,2.24,1.56,1.08,1.08,"",13,5.3,367,17.6,29836242,22.7,12731121,18.1,122444,30.2,53,4.4,2741,4.3
"37103","5","2382","76","0","2025","A","",10,54,2660938,1622985,12531,939,48825,"",2.73,2.04,1.83,2.35,2.09,0.89,0.89,"",-1,-9.1,22,68.8,1381556,108.0,723688,80.5,5738,84.5,176,23.1,9154,23.1
"37105","5","2382","76","0","2025","A","",46,604,34438991,21428352,141046,1097,57050,"",1.35,1.32,1.15,1.38,1.03,0.87,0.87,"",-6,-11.5,24,4.1,2638953,8.3,1353785,6.7,-27625,-16.4,43,4.1,2230,4.1
"37107","5","2382","76","0","2025","A","",46,815,64157762,29967767,230310,1514,78721,"",1.77,1.65,2.26,1.83,1.63,1.37,1.37,"",-4,-8.0,32,4.1,5633018,9.6,2890925,10.7,12113,5.6,76,5.3,3937,5.3
"37109","5","2382","76","0","2025","A","",100,595,37327935,21332274,149641,1207,62745,"",1.91,1.24,1.26,1.27,0.90,1.02,1.02,"",12,13.6,61,11.4,5701517,18.0,3053496,16.7,35463,31.1,68,6.0,3510,5.9
"37111","5","2382","76","0","2025","A","",36,317,17063893,10961272,154958,1034,53759,"",1.98,1.23,1.25,1.26,2.30,1.01,1.01,"",-3,-7.7,30,10.5,1694963,11.0,1655331,17.8,29369,23.4,5,0.5,271,0.5
"37113","5","2382","76","0","2025","A","",63,310,15240323,10164827,81225,946,49189,"",2.26,1.47,1.38,1.37,1.03,0.94,0.94,"",3,5.0,31,11.1,2191153,16.8,1406819,16.1,9448,13.2,47,5.2,2432,5.2
"37115","5","2382","76","0","2025","A","",24,57,3271933,2073066,14668,1097,57069,"",2.14,0.78,0.84,0.95,0.64,1.07,1.07,"",2,9.1,2,3.6,43358,1.3,25161,1.2,-972,-6.2,-37,-3.3,-1900,-3.2
"37117","5","2382","76","0","2025","A","",13,136,7827905,4226544,17426,1108,57593,"",1.40,1.33,1.72,1.49,0.84,1.30,1.30,"",1,8.3,12,9.7,511966,7.0,286570,7.3,298,1.7,-23,-2.0,-1209,-2.1
"37119","5","2382","76","0","2025","A","",806,13779,1199606703,505416906,4249912,1674,87061,"",0.82,1.04,0.91,0.98,0.83,0.88,0.88,"",-63,-7.2,320,2.4,114543600,10.6,21930207,4.5,456461,12.0,124,8.0,6441,8.0
"37121","5","2382","76","0","2025","A","",12,98,5589539,3584718,10621,1092,56795,"",1.45,1.26,1.31,1.31,0.44,1.03,1.03,"",-1,-7.7,8,8.9,1221999,28.0,684956,23.6,1725,19.4,155,16.5,8086,16.6
"37123","5","2382","76","0","2025","A","",20,166,8571418,5359492,40586,990,51506,"",1.73,1.13,1.07,1.09,0.92,0.94,0.94,"",-1,-4.8,17,11.4,1372831,19.1,469800,9.6,8674,27.2,60,6.5,3166,6.5
"37125","5","2382","76","0","2025","A","",82,640,34498802,21592427,138309,1037,53925,"",1.23,0.90,0.79,0.96,0.65,0.88,0.88,"",2,2.5,16,2.6,1628383,5.0,773037,3.7,8043,6.2,24,2.4,1269,2.4
"37127","5","2382","76","0","2025","A","",82,908,64337614,32061852,209668,1362,70850,"",1.78,1.35,1.59,1.51,1.05,1.17,1.17,"",10,13.9,348,62.1,28085076,77.5,13355953,71.4,96202,84.8,116,9.3,6065,9.4
"37129","5","2382","76","0","2025","A","",280,2485,160604428,85361252,635870,1243,64621,"",1.30,1.13,1.03,1.06,0.78,0.91,0.91,"",-3,-1.1,-30,-1.2,5178224,3.3,-756406,-0.9,25939,4.3,55,4.6,2830,4.6
"37131","5","2382","76","0","2025","A","N",9,0,0,0,0,0,0,"N",1.35,0,0,0,0,0,0,"N",-1,-10.0,0,0,0,0,0,0,0,0,0,0,0,0
"37133","5","2382","76","0","2025","A","",112,1032,60860702,35192370,188063,1134,58978,"",1.34,1.15,1.27,1.45,0.84,1.11,1.11,"",-7,-5.9,33,3.3,267262,0.4,2605967,8.0,-12409,-6.2,-32,-2.7,-1656,-2.7
"37135","5","2382","76","0","2025","A","",90,767,56976117,27254647,162553,1429,74301,"",0.91,0.58,0.49,0.95,0.58,0.85,0.85,"",-2,-2.2,102,15.3,8638737,17.9,3931520,16.9,18504,12.8,32,2.3,1650,2.3
"37137","5","2382","76","0","2025","A","",6,76,3988762,2407434,7069,1008,52426,"",0.92,1.12,1.42,1.43,0.53,1.27,1.27,"",1,20.0,-5,-6.2,-13099,-0.3,5835,0.2,42,0.6,61,6.4,3172,6.4
"37139","5","2382","76","0","2025","A","",23,186,12031210,6380928,37073,1243,64626,"",1.05,0.70,0.81,0.91,0.59,1.15,1.15,"",0,0.0,3,1.6,1124348,10.3,536413,9.2,5927,19.0,96,8.4,4999,8.4
"37141","5","2382","76","0","2025","A","",88,478,26336086,16450857,110643,1059,55077,"",2.21,1.78,1.80,1.86,1.26,1.01,1.01,"",6,7.3,55,13.0,3943996,17.6,2443364,17.4,10113,10.1,41,4.0,2151,4.1
"37143","5","2382","76","0","2025","A","",8,27,1343401,911456,5058,945,49149,"",1.52,0.71,0.71,0.89,0.53,0.98,0.98,"N",1,14.3,0,0,0,0,0,0,0,0,0,0,0,0
"37145","5","2382","76","0","2025","A","",38,182,10668893,6366590,45939,1126,58567,"",2.47,1.20,1.26,1.27,0.86,1.05,1.05,"",-2,-5.0,1,0.6,763956,7.7,184801,3.0,-3252,-6.6,76,7.2,3944,7.2
"37147","5","2382","76","0","2025","A","",122,1463,93690019,53725106,396307,1231,64025,"",1.44,1.08,1.00,1.49,1.22,0.93,0.93,"",6,5.2,60,4.3,6305520,7.2,4007082,8.1,27662,7.5,33,2.8,1730,2.8
"37149","5","2382","76","0","2025","A","",18,94,8763074,3442356,63199,1793,93224,"",1.30,1.01,1.86,1.23,2.34,1.85,1.85,"",-5,-21.7,-13,-12.1,-58200,-0.7,-196469,-5.4,1386,2.2,201,12.6,10460,12.6
"37151","5","2382","76","0","2025","A","",142,1451,123369605,62880399,555473,1635,85034,"",2.36,1.91,2.80,2.24,2.15,1.47,1.47,"",10,7.6,-32,-2.2,-12180981,-9.0,-1429950,-2.2,17730,3.3,-123,-7.0,-6364,-7.0
"37153","5","2382","76","0","2025","A","",32,226,12618063,7468225,71324,1072,55750,"",1.88,1.00,1.07,1.16,1.25,1.07,1.07,"",-2,-5.9,0,0.0,502328,4.1,291058,4.1,277,0.4,43,4.2,2239,4.2
"37155","5","2382","76","0","2025","A","",48,448,26070611,15738547,101174,1118,58161,"",1.22,0.72,0.82,0.89,0.69,1.13,1.13,"",-4,-7.7,44,10.9,4951563,23.4,2848374,22.1,29335,40.8,113,11.2,5908,11.3
"37157","5","2382","76","0","2025","A","",73,536,32514911,18154910,248875,1167,60690,"",2.04,1.34,1.55,1.36,2.11,1.16,1.16,"",0,0.0,62,13.1,5693214,21.2,3007603,19.9,66632,36.6,80,7.4,4164,7.4
"37159","5","2382","76","0","2025","A","",119,1313,88719152,45119204,339982,1300,67587,"",1.85,1.54,1.57,1.43,0.93,1.02,1.02,"",-9,-7.0,53,4.2,8690923,10.9,3775290,9.1,5620,1.7,79,6.5,4077,6.4
"37161","5","2382","76","0","2025","A","",42,619,46424148,22757583,141265,1443,75039,"",1.47,2.04,2.87,2.25,1.63,1.41,1.41,"",-3,-6.7,74,13.6,8282686,21.7,3719369,19.5,25645,22.2,97,7.2,5065,7.2
"37163","5","2382","76","0","2025","A","",36,132,7004983,4343301,27016,1021,53068,"",1.52,0.45,0.43,0.46,0.43,0.95,0.95,"",2,5.9,12,10.0,979728,16.3,632403,17.0,3291,13.9,57,5.9,2927,5.8
"37165","5","2382","76","0","2025","A","",15,170,11861849,5527142,61451,1346,69981,"",1.13,0.81,1.00,0.97,1.31,1.24,1.24,"",0,0.0,-10,-5.6,2489960,26.6,-510616,-8.5,-24300,-28.3,347,34.7,18035,34.7
"37167","5","2382","76","0","2025","A","",76,442,25926692,15448225,113083,1128,58669,"",2.33,1.11,1.26,1.34,1.06,1.13,1.13,"",2,2.7,3,0.7,610029,2.4,355797,2.4,-11571,-9.3,19,1.7,1022,1.8
"37169","5","2382","76","0","2025","A","",37,117,6610408,4157038,31993,1090,56701,"",2.25,0.93,1.14,1.20,1.19,1.23,1.24,"",-4,-9.8,13,12.5,932306,16.4,673047,19.3,6024,23.2,36,3.4,1884,3.4
"37171","5","2382","76","0","2025","A","",58,550,31331124,18802315,138282,1096,57000,"",1.52,1.15,1.17,1.18,1.17,1.02,1.02,"",-1,-1.7,12,2.2,2590578,9.0,1189565,6.8,6125,4.6,68,6.6,3554,6.6
"37173","5","2382","76","0","2025","A","",10,22,852619,781131,7579,742,38609,"",1.05,0.19,0.13,0.32,0.26,0.70,0.70,"",2,25.0,0,0.0,90816,11.9,133322,20.6,1856,32.4,76,11.4,3982,11.5
"37175","5","2382","76","0","2025","A","",54,308,17875713,10479118,81668,1115,57991,"",2.27,1.89,1.95,1.86,1.61,1.03,1.03,"",4,8.0,39,14.5,3511524,24.4,1962784,23.0,11805,16.9,89,8.7,4626,8.7
"37177","5","2382","76","0","2025","A","",5,51,2559333,1768294,8389,960,49938,"",2.46,3.14,2.94,4.05,2.07,0.93,0.93,"N",0,0.0,0,0,0,0,0,0,0,0,0,0,0,0
"37179","5","2382","76","0","2025","A","",282,2887,232889116,103995987,798480,1551,80678,"",1.82,2.21,2.50,2.13,1.61,1.13,1.13,"",10,3.7,123,4.5,16740354,7.7,4960935,5.0,18351,2.4,47,3.1,2491,3.2
"37181","5","2382","76","0","2025","A","",24,99,4925006,3635346,18838,954,49622,"",1.33,0.42,0.40,0.47,0.34,0.94,0.94,"",-1,-4.0,6,6.5,1218539,32.9,1077406,42.1,10236,119.0,188,24.5,9803,24.6
"37183","5","2382","76","0","2025","A","",984,13867,1150309636,497228297,3860434,1595,82951,"",1.02,1.25,1.17,1.19,0.91,0.94,0.94,"",-48,-4.7,-370,-2.6,24596350,2.2,-11915126,-2.3,-685985,-15.1,74,4.9,3882,4.9
"37185","5","2382","76","0","2025","A","N",9,0,0,0,0,0,0,"N",1.35,0,0,0,0,0,0,"N",-1,-10.0,0,0,0,0,0,0,0,0,0,0,0,0
"37187","5","2382","76","0","2025","A","",5,21,928945,662861,4296,844,43887,"",0.96,0.41,0.32,0.42,0.38,0.77,0.77,"",1,25.0,4,23.5,163527,21.4,191168,40.5,1410,48.9,-5,-0.6,-272,-0.6
"37189","5","2382","76","0","2025","A","",48,330,17550052,10638413,62564,1023,53209,"",1.29,0.80,0.77,1.07,0.69,0.96,0.95,"",-2,-4.0,17,5.4,1772153,11.2,898871,9.2,159,0.3,54,5.6,2827,5.6
"37191","5","2382","76","0","2025","A","",74,741,47672263,25800174,149778,1237,64299,"",1.53,1.08,1.27,1.25,0.92,1.18,1.18,"",-1,-1.3,39,5.6,4345696,10.0,2189359,9.3,24147,19.2,49,4.1,2544,4.1
"37193","5","2382","76","0","2025","A","",50,331,18068584,11315013,140806,1050,54588,"",1.91,1.05,1.01,1.15,1.98,0.97,0.97,"",0,0.0,-2,-0.6,366493,2.1,275359,2.5,-6178,-4.2,27,2.6,1375,2.6
"37195","5","2382","76","0","2025","A","",75,961,59982613,34358146,214002,1200,62401,"",1.88,1.65,1.72,1.76,1.23,1.04,1.04,"",-1,-1.3,-107,-10.0,-8933608,-13.0,-2024337,-5.6,-307,-0.1,-41,-3.3,-2117,-3.3
"37197","5","2382","76","0","2025","A","",33,468,35619932,16247496,86808,1463,76097,"",2.16,2.81,4.14,2.87,1.84,1.47,1.47,"",-3,-8.3,-20,-4.1,2424291,7.3,-353424,-2.1,10943,14.4,156,11.9,8131,12.0
"37199","5","2382","76","0","2025","A","N",13,0,0,0,0,0,0,"N",1.38,0,0,0,0,0,0,"N",1,8.3,0,0,0,0,0,0,0,0,0,0,0,0
"37999","5","2382","76","0","2025","A","",522,2798,252410658,107468096,1042668,1735,90214,"",0.90,0.68,0.49,0.51,0.39,0.71,0.71,"N",-107,-17.0,0,0,0,0,0,0,0,0,0,0,0,0
"38000","5","2382","56","0","2025","A","",978,9238,788974065,440533262,4043581,1642,85409,"",1.37,1.29,1.49,1.47,1.37,1.16,1.16,"",-1,-0.1,533,6.1,93060993,13.4,49036333,12.5,-145861,-3.5,105,6.8,5469,6.8
"38001","5","2382","76","0","2025","A","N",2,0,0,0,0,0,0,"N",0.85,0,0,0,0,0,0,"N",0,0.0,0,0,0,0,0,0,0,0,0,0,0,0
"38003","5","2382","76","0","2025","A","",14,82,5887851,3694793,31301,1372,71368,"",1.58,1.11,1.37,1.45,1.44,1.23,1.23,"",0,0.0,5,6.5,545667,10.2,331581,9.9,-31144,-49.9,38,2.8,1989,2.9
"38005","5","2382","76","0","2025","A","N",1,0,0,0,0,0,0,"N",0.35,0,0,0,0,0,0,"N",0,0.0,0,0,0,0,0,0,0,0,0,0,0,0
"38007","5","2382","76","0","2025","A","",8,69,6947587,3588627,135071,1946,101178,"",5.53,5.55,9.12,7.10,11.23,1.65,1.65,"N",5,166.7,0,0,0,0,0,0,0,0,0,0,0,0
"38009","5","2382","76","0","2025","A","",8,22,1579457,1070102,3142,1397,72619,"",1.21,0.52,0.64,0.72,0.12,1.24,1.24,"",-2,-20.0,-4,-15.4,-65919,-4.0,47198,4.6,-324,-9.3,180,14.8,9335,14.8
"38011","5","2382","76","0","2025","A","N",6,0,0,0,0,0,0,"N",1.51,0,0,0,0,0,0,"N",0,0.0,0,0,0,0,0,0,0,0,0,0,0,0
"38015","5","2382","76","0","2025","A","",104,1120,93764430,51249010,323642,1610,83706,"",1.20,1.15,1.34,1.47,1.00,1.17,1.17,"",-4,-3.7,105,10.3,15050797,19.1,7242299,16.5,75122,30.2,118,7.9,6124,7.9
"38017","5","2382","76","0","2025","A","",218,2821,220849345,125250000,863179,1505,78283,"",1.17,1.31,1.37,1.37,1.12,1.05,1.05,"",-10,-4.4,-19,-0.7,3809385,1.8,-2039763,-1.6,-178191,-17.1,36,2.5,1869,2.4
"38019","5","2382","76","0","2025","A","N",4,0,0,0,0,0,0,"N",1.16,0,0,0,0,0,0,"N",0,0.0,0,0,0,0,0,0,0,0,0,0,0,0
"38021","5","2382","76","0","2025","A","",20,446,52047086,36440242,59291,2242,116567,"",3.41,10.70,16.93,16.48,1.67,1.58,1.58,"",10,100.0,292,189.6,36812998,241.6,25960249,247.7,-5384,-8.3,338,17.8,17537,17.7
"38023","5","2382","76","0","2025","A","N",1,0,0,0,0,0,0,"N",0.41,0,0,0,0,0,0,"N",0,0.0,0,0,0,0,0,0,0,0,0,0,0,0
"38025","5","2382","76","0","2025","A","",5,94,11290386,4573740,28066,2302,119686,"",1.16,2.82,3.59,2.47,1.35,1.27,1.27,"N",0,0.0,0,0,0,0,0,0,0,0,0,0,0,0
"38027","5","2382","76","0","2025","A","",5,19,978005,791306,13688,990,51474,"",2.58,1.60,1.75,2.29,4.25,1.10,1.10,"N",1,25.0,0,0,0,0,0,0,0,0,0,0,0,0
"38029","5","2382","76","0","2025","A","",4,23,1345543,927777,5076,1109,57666,"",1.20,1.48,1.43,2.01,1.01,0.95,0.95,"",0,0.0,2,9.5,162629,13.7,129306,16.2,4439,696.9,38,3.5,1999,3.6
"38031","5","2382","76","0","2025","A","",4,26,1462522,1026705,2223,1068,55539,"",1.18,1.05,0.94,0.96,0.41,0.89,0.89,"",-1,-20.0,-1,-3.7,33205,2.3,30689,3.1,842,61.0,59,5.8,3087,5.9
"38033","5","2382","76","0","2025","A","N",3,0,0,0,0,0,0,"N",1.69,0,0,0,0,0,0,"N",-1,-25.0,0,0,0,0,0,0,0,0,0,0,0,0
"38035","5","2382","76","0","2025","A","",83,890,69720995,39406174,166250,1506,78331,"",1.51,1.30,1.52,1.63,0.65,1.17,1.17,"",0,0.0,46,5.5,8483568,13.9,3755519,10.5,-115182,-40.9,111,8.0,5782,8.0
"38037","5","2382","76","0","2025","A","N",2,0,0,0,0,0,0,"N",0.93,0,0,0,0,0,0,"N",0,0.0,0,0,0,0,0,0,0,0,0,0,0,0
"38039","5","2382","76","0","2025","A","N",1,0,0,0,0,0,0,"N",0.46,0,0,0,0,0,0,"N",0,0.0,0,0,0,0,0,0,0,0,0,0,0,0
"38041","5","2382","76","0","2025","A","N",1,0,0,0,0,0,0,"N",0.34,0,0,0,0,0,0,"N",0,0.0,0,0,0,0,0,0,0,0,0,0,0,0
"38043","5","2382","76","0","2025","A","N",2,0,0,0,0,0,0,"N",0.80,0,0,0,0,0,0,"N",1,100.0,0,0,0,0,0,0,0,0,0,0,0,0
"38045","5","2382","76","0","2025","A","",3,11,610604,459873,630,1076,55933,"",0.64,0.47,0.46,0.57,0.16,0.99,0.99,"N",-1,-25.0,0,0,0,0,0,0,0,0,0,0,0,0
"38047","5","2382","76","0","2025","A","N",3,0,0,0,0,0,0,"N",1.32,0,0,0,0,0,0,"N",0,0.0,0,0,0,0,0,0,0,0,0,0,0,0
"38049","5","2382","76","0","2025","A","N",5,0,0,0,0,0,0,"N",1.06,0,0,0,0,0,0,"N",-2,-28.6,0,0,0,0,0,0,0,0,0,0,0,0
"38051","5","2382","76","0","2025","A","N",2,0,0,0,0,0,0,"N",0.75,0,0,0,0,0,0,"N",-1,-33.3,0,0,0,0,0,0,0,0,0,0,0,0
"38053","5","2382","76","0","2025","A","",31,221,24346359,12785976,111709,2115,109999,"",1.89,1.13,1.24,1.04,0.83,1.10,1.10,"",1,3.3,-28,-11.2,-5384279,-18.1,-1695178,-11.7,-12697,-10.2,-178,-7.8,-9242,-7.8
"38055","5","2382","76","0","2025","A","",11,39,1216254,883194,12455,596,30987,"",1.35,0.66,0.26,0.40,0.47,0.39,0.39,"",3,37.5,19,95.0,214533,21.4,108018,13.9,-5740,-31.5,-344,-36.6,-17877,-36.6
"38057","5","2382","76","0","2025","A","",10,56,6100637,3386630,101365,2092,108778,"",1.54,0.77,0.93,0.98,2.53,1.21,1.21,"",1,11.1,27,93.1,3415056,127.2,1331183,64.8,12883,14.6,336,19.1,17483,19.2
"38059","5","2382","76","0","2025","A","",41,206,20222320,9643760,210978,1886,98048,"",1.69,1.00,1.50,1.18,2.64,1.49,1.49,"",-3,-6.8,-50,-19.5,1246317,6.6,-1439688,-13.0,-172100,-44.9,462,32.4,23995,32.4
"38061","5","2382","76","0","2025","A","",20,146,11130241,6394845,32980,1465,76191,"",2.00,1.62,1.44,1.35,0.56,0.89,0.89,"",0,0.0,79,117.9,7372217,196.2,3882805,154.6,-16059,-32.7,393,36.7,20448,36.7
"38063","5","2382","76","0","2025","A","N",3,0,0,0,0,0,0,"N",0.86,0,0,0,0,0,0,"N",0,0.0,0,0,0,0,0,0,0,0,0,0,0,0
"38065","5","2382","76","0","2025","A","N",3,0,0,0,0,0,0,"N",2.10,0,0,0,0,0,0,"N",0,0.0,0,0,0,0,0,0,0,0,0,0,0,0
"38067","5","2382","76","0","2025","A","",10,98,6668697,5023173,92425,1309,68048,"",1.29,1.76,1.81,2.07,1.75,1.03,1.03,"",1,11.1,40,69.0,3890483,140.0,2600931,107.4,30757,49.9,383,41.4,19871,41.2
"38069","5","2382","76","0","2025","A","",7,22,1168027,918707,4324,1041,54117,"",1.81,0.81,0.77,1.04,0.75,0.97,0.97,"",1,16.7,0,0.0,21179,1.8,54409,6.3,3631,524.0,23,2.3,1186,2.2
"38071","5","2382","76","0","2025","A","",10,77,6423918,3905909,25312,1599,83158,"",0.98,0.83,1.23,1.30,0.81,1.46,1.46,"",0,0.0,7,10.0,952806,17.4,793638,25.5,6013,31.2,89,5.9,4625,5.9
"38073","5","2382","76","0","2025","A","N",6,0,0,0,0,0,0,"N",1.16,0,0,0,0,0,0,"N",0,0.0,0,0,0,0,0,0,0,0,0,0,0,0
"38075","5","2382","76","0","2025","A","",4,11,627693,433975,7989,1106,57499,"",1.43,0.97,0.96,1.14,5.84,0.99,0.99,"N",2,100.0,0,0,0,0,0,0,0,0,0,0,0,0
"38077","5","2382","76","0","2025","A","",33,152,10675736,7553961,279945,1346,70005,"",2.40,1.16,1.31,1.38,6.41,1.13,1.13,"",7,26.9,24,18.8,2853159,36.5,2300646,43.8,217786,350.4,170,14.5,8851,14.5
"38079","5","2382","76","0","2025","A","",12,38,2616227,1361771,45621,1336,69457,"",2.15,0.49,0.58,0.61,1.73,1.19,1.19,"",1,9.1,7,22.6,1227430,88.4,358434,35.7,24897,120.1,484,56.8,25134,56.7
"38081","5","2382","76","0","2025","A","",5,94,6586405,4264145,3411,1344,69882,"",1.40,2.16,2.13,1.97,0.12,0.99,0.98,"",0,0.0,-6,-6.0,-272475,-4.0,-184098,-4.1,-145,-4.1,19,1.4,1006,1.5
"38083","5","2382","76","0","2025","A","N",1,0,0,0,0,0,0,"N",1.04,0,0,0,0,0,0,"N",0,0.0,0,0,0,0,0,0,0,0,0,0,0,0
"38085","5","2382","76","0","2025","A","N",1,0,0,0,0,0,0,"N",0.63,0,0,0,0,0,0,"N",0,0.0,0,0,0,0,0,0,0,0,0,0,0,0
"38089","5","2382","76","0","2025","A","",55,457,41081359,21422804,279932,1728,89861,"",1.79,1.40,1.56,1.32,1.91,1.12,1.12,"",5,10.0,23,5.3,1702579,4.3,1973156,10.1,-113494,-28.8,-16,-0.9,-839,-0.9
"38091","5","2382","76","0","2025","A","N",3,0,0,0,0,0,0,"N",1.78,0,0,0,0,0,0,"N",1,50.0,0,0,0,0,0,0,0,0,0,0,0,0
"38093","5","2382","76","0","2025","A","",16,103,7211237,4289267,17197,1352,70296,"",0.94,0.55,0.60,0.66,0.32,1.09,1.09,"",-6,-27.3,-3,-2.8,-556305,-7.2,-463409,-9.8,-4965,-22.4,-51,-3.6,-2639,-3.6
"38095","5","2382","76","0","2025","A","N",1,0,0,0,0,0,0,"N",0.52,0,0,0,0,0,0,"N",0,0.0,0,0,0,0,0,0,0,0,0,0,0,0
"38097","5","2382","76","0","2025","A","",13,122,12177180,8267212,526004,1922,99949,"",1.65,2.05,3.00,3.37,14.95,1.46,1.46,"",-1,-7.1,-14,-10.3,1160150,10.5,870545,11.8,196631,59.7,370,23.8,19238,23.8
"38099","5","2382","76","0","2025","A","",14,69,4750485,2815379,24525,1330,69182,"",1.36,0.87,0.97,0.97,0.73,1.12,1.12,"",-1,-6.7,-3,-4.2,174263,3.8,18182,0.7,-26641,-52.1,101,8.2,5253,8.2
"38101","5","2382","76","0","2025","A","",86,758,58725500,33335120,176889,1489,77449,"",1.64,1.46,1.66,1.69,0.97,1.14,1.14,"",-9,-9.5,-48,-6.0,391792,0.7,-273478,-0.8,9894,5.9,97,7.0,5067,7.0
"38103","5","2382","76","0","2025","A","N",4,0,0,0,0,0,0,"N",0.99,0,0,0,0,0,0,"N",0,0.0,0,0,0,0,0,0,0,0,0,0,0,0
"38105","5","2382","76","0","2025","A","",56,734,83772348,36035843,310755,2194,114067,"",1.31,1.65,1.88,1.38,1.23,1.14,1.14,"",2,3.7,-31,-4.1,958701,1.2,-871484,-2.4,-228133,-42.3,113,5.4,5849,5.4
"38999","5","2382","76","0","2025","A","",14,55,6963083,2992583,107115,2427,126219,"",0.97,1.19,1.33,0.83,1.02,1.12,1.12,"",-2,-12.5,11,25.0,1528845,28.1,626469,26.5,51666,93.2,25,1.0,1294,1.0
"39000","3","2382","56","0","2025","A","",7,32,2532297,0,0,1498,77917,"",4.89,2.10,2.69,0.00,0.00,1.26,1.26,"",0,0.0,-1,-3.0,167678,7.1,0,0.0,0,0.0,106,7.6,5531,7.6
"39000","5","2382","56","0","2025","A","",6429,92565,8061738185,1185515874,53171261,1675,87092,"",0.95,1.00,1.17,1.00,1.47,1.17,1.17,"",49,0.8,7678,9.0,1271712530,18.7,125589319,11.8,78356,0.1,137,8.9,7103,8.9
"39001","5","2382","76","0","2025","A","",15,185,10629247,2549992,274232,1105,57481,"",1.13,1.60,1.55,1.76,4.97,0.97,0.97,"",0,0.0,22,13.5,1526464,16.8,525384,25.9,62910,29.8,31,2.9,1607,2.9
"39003","5","2382","76","0","2025","A","",47,681,46181735,7729174,296294,1304,67806,"",0.93,0.82,0.84,0.70,0.77,1.03,1.03,"",-1,-2.1,-51,-7.0,-1285200,-2.7,-1435113,-15.7,-85901,-22.5,58,4.7,2997,4.6
"39005","5","2382","76","0","2025","A","",14,301,22983440,3821724,221511,1468,76315,"",0.59,0.97,1.35,1.07,2.53,1.39,1.39,"",-3,-17.6,14,4.9,4414420,23.8,711834,22.9,96342,77.0,223,17.9,11558,17.8
"39007","5","2382","76","0","2025","A","",55,384,25657535,4111718,107151,1286,66889,"",1.25,0.79,0.98,0.70,0.68,1.24,1.24,"",1,1.9,8,2.1,2415355,10.4,127690,3.2,-6130,-5.4,97,8.2,5075,8.2
"39009","3","2382","76","0","2025","A","",1,2,126778,0,0,1219,63389,"",176.19,33.87,46.55,0.00,0.00,1.38,1.37,"",0,0.0,0,0.0,5812,4.8,0,0.0,0,0.0,56,4.8,2906,4.8
"39009","5","2382","76","0","2025","A","",30,253,15438992,2873019,99533,1172,60943,"",1.12,0.71,0.78,0.96,1.36,1.10,1.10,"",0,0.0,36,16.6,3345490,27.7,550392,23.7,10497,11.8,102,9.5,5298,9.5
"39011","5","2382","76","0","2025","A","",25,220,14116846,2495136,40820,1235,64240,"",1.15,0.59,0.59,0.53,0.39,1.00,1.00,"",1,4.2,25,12.8,2152824,18.0,317580,14.6,-438,-1.1,53,4.5,2755,4.5
"39013","5","2382","76","0","2025","A","",22,148,8899310,1574301,92864,1156,60097,"",0.68,0.43,0.46,0.35,0.63,1.06,1.06,"",2,10.0,-2,-1.3,543017,6.5,-123899,-7.3,-17189,-15.6,83,7.7,4295,7.7
"39015","5","2382","76","0","2025","A","",17,58,3339136,623929,18619,1109,57654,"",1.11,0.43,0.50,0.41,0.40,1.16,1.16,"",-1,-5.6,-1,-1.7,194341,6.2,-40322,-6.1,-2892,-13.4,85,8.3,4428,8.3
"39017","3","2382","76","0","2025","A","",1,4,305881,0,0,1471,76470,"",26.08,8.87,11.16,0.00,0.00,1.26,1.26,"",0,0.0,0,0.0,33527,12.3,0,0.0,0,0.0,162,12.4,8382,12.3
"39017","5","2382","76","0","2025","A","",188,3016,309970231,37261940,1127358,1976,102758,"",1.03,1.10,1.55,0.98,0.98,1.40,1.40,"",6,3.3,257,9.3,74257257,31.5,1477865,4.1,-517983,-31.5,333,20.3,17332,20.3
"39019","5","2382","76","0","2025","A","",19,106,6798361,1289673,32480,1238,64389,"",1.75,1.04,1.19,1.01,0.94,1.15,1.15,"",0,0.0,8,8.2,1135861,20.1,150203,13.2,-416,-1.3,126,11.3,6559,11.3
"39021","5","2382","76","0","2025","A","",12,44,1996333,646234,11296,878,45630,"",0.82,0.23,0.18,0.27,0.19,0.77,0.77,"",2,20.0,1,2.3,197169,11.0,239427,58.9,5414,92.0,69,8.5,3544,8.4
"39023","5","2382","76","0","2025","A","",60,427,28386463,4919511,130110,1277,66427,"",1.20,0.56,0.64,0.48,0.39,1.15,1.15,"",1,1.7,13,3.1,1827795,6.9,216962,4.6,-25691,-16.5,43,3.5,2237,3.5
"39025","5","2382","76","0","2025","A","",134,1444,111699251,16545763,438720,1487,77341,"",1.34,1.37,1.63,1.13,1.00,1.18,1.18,"",9,7.2,267,22.7,27854532,33.2,2749517,19.9,37245,9.3,117,8.5,6105,8.6
"39027","5","2382","76","0","2025","A","",20,76,4326436,861596,26177,1101,57241,"",1.06,0.24,0.19,0.21,0.28,0.79,0.79,"",1,5.3,-28,-26.9,-4797339,-52.6,-329356,-27.7,-12747,-32.7,-589,-34.9,-30628,-34.9
"39029","5","2382","76","0","2025","A","",49,390,26748532,4295882,116058,1320,68659,"",1.12,0.82,1.01,0.73,0.76,1.23,1.23,"",-4,-7.5,-8,-2.0,2356330,9.7,-15685,-0.4,-38899,-25.1,142,12.1,7398,12.1
"39031","5","2382","76","0","2025","A","",15,117,7620777,1306864,89528,1251,65042,"",1.02,0.72,0.81,0.64,1.57,1.12,1.12,"",0,0.0,21,21.9,889867,13.2,122869,10.4,6850,8.3,-92,-6.9,-4769,-6.8
"39033","5","2382","76","0","2025","A","",20,132,7769650,1502161,41262,1136,59085,"",1.09,0.63,0.65,0.64,0.65,1.04,1.04,"",0,0.0,17,14.8,961352,14.1,330702,28.2,17939,76.9,1,0.1,54,0.1
"39035","5","2382","76","0","2025","A","",601,8927,766561064,109282472,5963196,1651,85868,"",0.79,0.77,0.79,0.78,1.38,1.02,1.02,"",-11,-1.8,511,6.1,86908817,12.8,8555273,8.5,-270066,-4.3,98,6.3,5114,6.3
"39037","5","2382","76","0","2025","A","",34,325,26135884,3997099,83561,1548,80480,"",1.31,1.06,1.47,1.03,0.91,1.39,1.39,"",-2,-5.6,33,11.3,2596353,11.0,577341,16.9,-6715,-7.4,-1,-0.1,-66,-0.1
"39039","5","2382","76","0","2025","A","",14,75,5671783,1181670,35329,1459,75877,"",0.76,0.29,0.37,0.36,0.31,1.27,1.27,"",1,7.7,17,29.3,2251554,65.8,620968,110.7,26203,287.1,315,27.5,16395,27.6
"39041","5","2382","76","0","2025","A","",101,1216,152545877,15520101,335274,2413,125475,"",0.69,0.72,1.10,0.65,0.53,1.52,1.52,"",1,1.0,104,9.4,22449631,17.3,1511778,10.8,-6271,-1.8,163,7.2,8464,7.2
"39043","5","2382","76","0","2025","A","",32,515,42161911,6894683,424738,1575,81894,"",0.79,0.85,1.22,0.89,1.61,1.44,1.44,"",-1,-3.0,40,8.4,9853052,30.5,1097459,18.9,121397,40.0,266,20.3,13840,20.3
"39045","5","2382","76","0","2025","A","",115,1655,160846124,19204781,480023,1869,97198,"",1.66,2.06,3.31,1.94,1.79,1.60,1.60,"",0,0.0,265,19.1,55925215,53.3,2445334,14.6,-32856,-6.4,417,28.7,21693,28.7
"39047","5","2382","76","0","2025","A","",12,129,11319415,1873407,38082,1693,88032,"",0.87,0.65,0.97,0.63,0.53,1.51,1.51,"",0,0.0,56,76.7,4632211,69.3,1105363,143.9,-5438,-12.5,-65,-3.7,-3365,-3.7
"39049","3","2382","76","0","2025","A","",1,4,400039,0,0,1710,88898,"",6.05,1.83,2.67,0.00,0.00,1.30,1.29,"",0,0.0,-1,-20.0,9547,2.4,0,0.0,0,0.0,208,13.8,10800,13.8
"39049","5","2382","76","0","2025","A","",585,15372,1505564999,198640428,9125558,1884,97944,"",0.75,1.16,1.38,1.19,1.81,1.19,1.19,"",10,1.7,1734,12.7,305331786,25.4,24544078,14.1,583212,6.8,192,11.3,9937,11.3
"39051","5","2382","76","0","2025","A","",30,171,10989821,1946097,74917,1237,64331,"",1.36,0.57,0.58,0.52,0.63,1.01,1.01,"",1,3.4,20,13.2,1712140,18.5,254452,15.0,-1600,-2.1,59,5.0,3058,5.0
"39053","5","2382","76","0","2025","A","",16,56,3277036,598562,21236,1117,58086,"",1.06,0.30,0.31,0.32,0.38,1.04,1.04,"",-1,-5.9,-8,-12.5,-51225,-1.5,-58693,-8.9,-4454,-17.3,109,10.8,5672,10.8
"39055","5","2382","76","0","2025","A","",100,738,49997537,8479671,188567,1304,67793,"",1.60,1.20,1.28,1.02,0.73,1.06,1.06,"",0,0.0,36,5.1,3752263,8.1,488063,6.1,-25105,-11.7,37,2.9,1917,2.9
"39057","5","2382","76","0","2025","A","",71,663,44231008,8116204,262061,1283,66739,"",0.86,0.49,0.41,0.60,0.76,0.84,0.84,"",-3,-4.1,-18,-2.6,634503,1.5,-1091489,-11.9,2460,0.9,52,4.2,2728,4.3
"39059","5","2382","76","0","2025","A","",10,23,1072949,232307,3187,884,45984,"",0.52,0.09,0.07,0.07,0.03,0.78,0.78,"",1,11.1,0,0.0,166434,18.4,19114,9.0,-756,-19.2,115,15.0,5991,15.0
"39061","5","2382","76","0","2025","A","",417,10051,854542975,120994229,5824626,1635,85020,"",0.78,1.17,1.16,1.08,1.75,0.99,0.99,"",-15,-3.5,215,2.2,61393893,7.7,1661878,1.4,-392632,-6.3,84,5.4,4379,5.4
"39063","5","2382","76","0","2025","A","",34,555,46650176,7974172,328159,1616,84029,"",0.89,0.76,0.90,0.83,1.38,1.19,1.19,"",-2,-5.6,62,12.6,9341304,25.0,2042938,34.4,112810,52.4,160,11.0,8326,11.0
"39065","5","2382","76","0","2025","A","",11,40,2053806,409917,6610,987,51345,"",0.99,0.31,0.28,0.30,0.20,0.90,0.91,"",0,0.0,-1,-2.4,143831,7.5,-32871,-7.4,-6421,-49.3,93,10.4,4855,10.4
"39067","5","2382","76","0","2025","A","",8,29,1139826,290180,2110,754,39192,"",1.17,0.44,0.25,0.38,0.07,0.56,0.56,"N",1,14.3,0,0,0,0,0,0,0,0,0,0,0,0
"39069","5","2382","76","0","2025","A","",13,199,17066104,2516729,43987,1650,85795,"",0.97,1.11,1.54,1.21,0.51,1.38,1.38,"",0,0.0,6,3.1,776361,4.8,223808,9.8,-5488,-11.1,27,1.7,1392,1.6
"39071","5","2382","76","0","2025","A","",17,133,7216894,1595549,39110,1044,54262,"",1.01,0.74,0.79,0.77,0.58,1.07,1.07,"",-1,-5.6,-27,-16.9,-2037373,-22.0,-346811,-17.9,-20109,-34.0,-68,-6.1,-3577,-6.2
"39073","5","2382","76","0","2025","A","",12,75,3695399,750793,12708,948,49272,"",1.04,0.60,0.67,0.53,0.38,1.13,1.13,"",-1,-7.7,2,2.7,298052,8.8,24479,3.4,-5544,-30.4,54,6.0,2786,6.0
"39075","5","2382","76","0","2025","A","",30,242,16238218,2617044,27395,1289,67054,"",0.99,0.66,0.72,0.49,0.26,1.09,1.09,"",0,0.0,-28,-10.4,-1570285,-8.8,-121127,-4.4,-15741,-36.5,22,1.7,1178,1.8
"39077","5","2382","76","0","2025","A","",28,209,12080259,2259457,73833,1110,57708,"",1.02,0.59,0.56,0.50,0.46,0.96,0.96,"",0,0.0,12,6.1,1550757,14.7,79098,3.6,9128,14.1,82,8.0,4259,8.0
"39079","5","2382","76","0","2025","A","",15,371,37752412,4896980,467063,1956,101690,"",1.01,2.17,4.24,2.29,6.42,1.95,1.95,"",2,15.4,84,29.3,6740020,21.7,-505146,-9.4,-78120,-14.3,-123,-5.9,-6430,-5.9
"39081","5","2382","76","0","2025","A","",30,264,23036644,4632259,392777,1679,87288,"",1.08,0.81,1.20,1.25,3.28,1.48,1.48,"",1,3.4,12,4.8,1791573,8.4,-189693,-3.9,-27916,-6.6,61,3.8,3149,3.7
"39083","5","2382","76","0","2025","A","",36,272,16767162,3053642,49073,1187,61739,"",1.35,0.80,0.78,0.81,0.44,0.98,0.98,"",3,9.1,33,13.8,2763853,19.7,160974,5.6,-9959,-16.9,61,5.4,3209,5.5
"39085","3","2382","76","0","2025","A","",1,12,940771,0,0,1508,78398,"",35.50,43.70,61.49,0.00,0.00,1.41,1.41,"",0,0.0,0,0.0,32680,3.6,0,0.0,0,0.0,73,5.1,3760,5.0
"39085","5","2382","76","0","2025","A","",136,1209,86757532,14729386,530050,1380,71740,"",1.02,0.73,0.78,0.67,0.84,1.07,1.07,"",0,0.0,16,1.3,4074580,4.9,511780,3.6,3117,0.6,48,3.6,2457,3.5
"39087","5","2382","76","0","2025","A","",22,169,11255495,2097452,77776,1279,66502,"",1.08,0.72,0.89,0.75,0.75,1.23,1.23,"",1,4.8,1,0.6,1417997,14.4,153156,7.9,332,0.4,156,13.9,8090,13.8
"39089","5","2382","76","0","2025","A","",131,1751,134896789,26624496,751140,1481,77025,"",1.66,1.39,1.60,1.53,1.46,1.15,1.15,"",7,5.6,614,54.0,56741685,72.6,11923013,81.1,289276,62.6,160,12.1,8312,12.1
"39091","5","2382","76","0","2025","A","",21,215,15246373,2277880,65403,1362,70804,"",1.03,0.66,0.73,0.57,0.79,1.11,1.11,"",1,5.0,0,0.0,-35039,-0.2,-27495,-1.2,4309,7.1,-7,-0.5,-383,-0.5
"39093","3","2382","76","0","2025","A","",1,6,468302,0,0,1501,78050,"",34.96,21.84,32.48,0.00,0.00,1.49,1.49,"",0,0.0,0,0.0,30346,6.9,0,0.0,0,0.0,97,6.9,5057,6.9
"39093","5","2382","76","0","2025","A","",139,1664,118315150,21664001,712567,1367,71089,"",1.03,1.00,1.12,1.05,0.98,1.13,1.13,"",-7,-4.8,122,7.9,13560897,12.9,1746021,8.8,-204184,-22.3,61,4.7,3155,4.6
"39095","5","2382","76","0","2025","A","",199,2845,252999540,35421529,2120960,1710,88925,"",0.92,0.87,1.11,0.86,1.37,1.26,1.27,"",-3,-1.5,127,4.7,20305543,8.7,1734869,5.2,-67368,-3.1,64,3.9,3323,3.9
"39097","5","2382","76","0","2025","A","",36,359,24792226,4245675,105725,1329,69107,"",1.72,0.89,0.99,0.73,0.71,1.12,1.12,"",0,0.0,56,18.5,4781667,23.9,654255,18.2,-5516,-5.0,58,4.6,3029,4.6
"39099","5","2382","76","0","2025","A","",120,1462,108355104,17726193,916269,1425,74093,"",0.98,0.94,1.19,0.86,1.31,1.26,1.26,"",-1,-0.8,-16,-1.1,4345462,4.2,220637,1.3,-39377,-4.1,71,5.2,3705,5.3
"39101","5","2382","76","0","2025","A","",23,182,11693494,2093163,45853,1234,64191,"",0.94,0.46,0.49,0.46,0.41,1.05,1.05,"",2,9.5,10,5.8,1253680,12.0,67251,3.3,-19865,-30.2,66,5.7,3465,5.7
"39103","5","2382","76","0","2025","A","",148,1204,85965024,13686331,385502,1373,71404,"",1.43,1.14,1.24,0.96,0.93,1.09,1.09,"",-4,-2.6,54,4.7,7584775,9.7,383167,2.9,-42910,-10.0,62,4.7,3242,4.8
"39105","5","2382","76","0","2025","A","",7,41,1806394,409836,4299,852,44329,"",1.00,0.70,0.65,0.65,0.25,0.93,0.93,"",1,16.7,8,24.2,373408,26.1,12278,3.1,-1417,-24.8,8,0.9,462,1.1
"39107","5","2382","76","0","2025","A","",32,320,20607965,3323364,38865,1237,64333,"",1.34,0.95,1.05,0.79,0.49,1.11,1.11,"",-1,-3.0,-23,-6.7,72724,0.4,-374132,-10.1,-17746,-31.3,86,7.5,4493,7.5
"39109","3","2382","76","0","2025","A","",1,3,280526,0,0,1798,93509,"",92.08,26.06,46.87,0.00,0.00,1.80,1.80,"",0,0.0,1,50.0,55766,24.8,0,0.0,0,0.0,69,4.0,3605,4.0
"39109","5","2382","76","0","2025","A","",76,679,62313617,8686484,460825,1766,91806,"",1.48,0.97,1.43,0.93,1.80,1.47,1.47,"",0,0.0,-54,-7.4,7825789,14.4,9097,0.1,2510,0.5,336,23.5,17454,23.5
"39111","5","2382","76","0","2025","A","",8,46,3936472,639300,13946,1661,86358,"",1.15,1.01,1.62,1.31,0.79,1.62,1.62,"",1,14.3,7,17.9,639194,19.4,145021,29.3,1820,15.0,25,1.5,1267,1.5
"39113","5","2382","76","0","2025","A","",288,4959,405307913,60874193,2250312,1572,81737,"",1.11,1.18,1.39,1.19,1.61,1.18,1.18,"",8,2.9,256,5.4,47316260,13.2,4201972,7.4,-147987,-6.2,108,7.4,5613,7.4
"39115","5","2382","76","0","2025","A","N",5,0,0,0,0,0,0,"N",1.07,0,0,0,0,0,0,"N",0,0.0,0,0,0,0,0,0,0,0,0,0,0,0
"39117","5","2382","76","0","2025","A","",18,85,4675371,957658,15512,1058,55004,"",1.63,0.96,1.02,0.98,0.50,1.07,1.07,"",-2,-10.0,5,6.2,402864,9.4,99547,11.6,-2770,-15.2,24,2.3,1262,2.3
"39119","5","2382","76","0","2025","A","",45,340,21866864,3793354,112085,1236,64267,"",1.15,0.57,0.62,0.53,0.55,1.09,1.09,"",-1,-2.2,-37,-9.8,-1138307,-4.9,-466392,-10.9,-4408,-3.8,62,5.3,3218,5.3
"39121","5","2382","76","0","2025","A","",8,24,1770195,273640,7694,1438,74797,"",1.53,0.48,0.61,0.56,0.47,1.30,1.30,"",0,0.0,-1,-4.0,30466,1.8,-382,-0.1,2362,44.3,117,8.9,6123,8.9
"39123","5","2382","76","0","2025","A","",22,243,18855658,3164208,107995,1494,77675,"",0.92,1.02,1.31,1.10,0.79,1.29,1.29,"",0,0.0,104,74.8,10750478,132.6,1568423,98.3,60998,129.8,371,33.0,19294,33.0
"39125","5","2382","76","0","2025","A","",10,64,3738970,712592,13333,1132,58881,"",1.21,0.74,0.72,0.66,0.53,0.98,0.98,"",-1,-9.1,9,16.4,653021,21.2,10442,1.5,-11270,-45.8,46,4.2,2431,4.3
"39127","5","2382","76","0","2025","A","",14,44,3543312,510818,33915,1543,80226,"",1.20,0.42,0.59,0.42,0.65,1.39,1.39,"",3,27.3,-3,-6.4,-507125,-12.5,-106136,-17.2,-9299,-21.5,-100,-6.1,-5196,-6.1
"39129","5","2382","76","0","2025","A","",35,232,14688799,3271701,88531,1216,63246,"",1.61,0.84,0.84,0.99,0.93,1.00,1.00,"",1,2.9,43,22.8,3174433,27.6,1025142,45.6,46970,113.0,45,3.8,2350,3.9
"39131","3","2382","76","0","2025","A","",1,1,10000,0,0,192,10000,"",390.74,34.13,5.99,0.00,0.00,0.18,0.18,"",0,0.0,0,0.0,0,0.0,0,0.0,0,0.0,0,0.0,0,0.0
"39131","5","2382","76","0","2025","A","",11,204,19819150,3727780,358276,1864,96915,"",0.91,1.15,1.63,1.52,3.05,1.41,1.41,"",1,10.0,51,33.3,7980682,67.4,1525909,69.3,145105,68.1,380,25.6,19750,25.6
"39133","5","2382","76","0","2025","A","",76,585,45011418,6290524,155966,1479,76921,"",1.03,0.62,0.72,0.55,0.45,1.16,1.16,"",2,2.7,42,7.7,8298051,22.6,219245,3.6,-15820,-9.2,179,13.8,9330,13.8
"39135","5","2382","76","0","2025","A","",22,217,13168395,2573023,95734,1166,60614,"",1.39,1.13,1.15,1.11,1.57,1.02,1.02,"",-2,-8.3,4,1.9,620817,4.9,-108056,-4.0,-6768,-6.6,33,2.9,1705,2.9
"39137","5","2382","76","0","2025","A","",22,336,22989150,3606157,41997,1315,68403,"",1.30,1.62,1.92,1.39,0.59,1.19,1.19,"",0,0.0,21,6.7,2500652,12.2,356053,11.0,-6846,-14.0,63,5.0,3308,5.1
"39139","5","2382","76","0","2025","A","",80,591,38030865,6675488,232286,1238,64386,"",1.41,0.73,0.82,0.68,0.93,1.12,1.12,"",5,6.7,-19,-3.1,229953,0.6,-549640,-7.6,-90975,-28.1,46,3.9,2426,3.9
"39141","5","2382","76","0","2025","A","",28,425,32149805,5692460,219224,1456,75706,"",0.92,0.89,1.04,1.13,1.53,1.18,1.17,"",-1,-3.4,68,19.0,7605323,31.0,1054951,22.7,56459,34.7,135,10.2,7034,10.2
"39143","5","2382","76","0","2025","A","",35,297,24210069,3424646,236392,1569,81607,"",1.21,0.73,1.00,0.63,1.45,1.37,1.37,"",0,0.0,8,2.8,1897084,8.5,-7215,-0.2,-19612,-7.7,86,5.8,4488,5.8
"39145","5","2382","76","0","2025","A","",32,190,12334819,2193423,164430,1251,65063,"",1.08,0.46,0.52,0.51,1.34,1.14,1.14,"",-3,-8.6,14,8.0,847400,7.4,120161,5.8,18520,12.7,-8,-0.6,-392,-0.6
"39147","5","2382","76","0","2025","A","",26,248,18763819,2626085,73421,1457,75788,"",1.06,0.79,1.08,0.70,0.73,1.36,1.36,"",0,0.0,0,0.0,1716389,10.1,71330,2.8,-8539,-10.4,137,10.4,7141,10.4
"39149","5","2382","76","0","2025","A","",32,1006,87043912,11614460,276970,1665,86568,"",1.41,2.28,2.85,1.94,1.70,1.25,1.25,"",2,6.7,103,11.4,10920347,14.3,1275418,12.3,-48244,-14.8,45,2.8,2306,2.7
"39151","5","2382","76","0","2025","A","",206,3493,321370260,45843371,2692915,1769,92006,"",1.10,1.33,1.96,1.34,2.65,1.47,1.47,"",4,2.0,537,18.2,89344322,38.5,9310998,25.5,509678,23.3,259,17.2,13506,17.2
"39153","5","2382","76","0","2025","A","",248,4991,465912374,63708102,3320588,1795,93351,"",0.80,1.15,1.51,1.12,1.93,1.31,1.31,"",-6,-2.4,261,5.5,54828387,13.3,5720640,9.9,-97990,-2.9,124,7.4,6440,7.4
"39155","5","2382","76","0","2025","A","",106,1131,90275365,14974115,875825,1535,79807,"",1.23,1.04,1.42,1.01,1.67,1.37,1.37,"",-1,-0.9,118,11.6,14420801,19.0,2362986,18.7,152843,21.1,95,6.6,4944,6.6
"39157","5","2382","76","0","2025","A","",56,438,31143333,4750026,220460,1367,71076,"",1.18,0.70,0.86,0.61,1.12,1.22,1.22,"",3,5.7,6,1.4,2523783,8.8,179935,3.9,-17068,-7.2,93,7.3,4840,7.3
"39159","5","2382","76","0","2025","A","",37,1141,113989755,21655279,776706,1921,99918,"",1.16,1.86,2.26,2.31,3.51,1.22,1.22,"",1,2.8,276,31.9,24824375,27.8,3431582,18.8,-154077,-16.6,-61,-3.1,-3124,-3.0
"39161","5","2382","76","0","2025","A","",11,85,5105387,836686,8940,1160,60300,"",0.83,0.46,0.49,0.39,0.18,1.07,1.07,"",1,10.0,8,10.4,493767,10.7,102773,14.0,-4424,-33.1,8,0.7,409,0.7
"39163","5","2382","76","0","2025","A","N",8,0,0,0,0,0,0,"N",1.89,0,0,0,0,0,0,"N",2,33.3,0,0,0,0,0,0,0,0,0,0,0,0
"39165","5","2382","76","0","2025","A","",105,1141,88654695,14788790,599570,1494,77705,"",0.81,0.67,0.68,0.63,0.93,1.02,1.02,"",1,1.0,-27,-2.3,-2082542,-2.3,583804,4.1,-132308,-18.1,0,0.0,19,0.0
"39167","5","2382","76","0","2025","A","",38,627,48673715,9041873,720182,1492,77588,"",1.20,1.48,1.71,1.83,4.55,1.16,1.16,"",0,0.0,38,6.5,7273477,17.6,1418234,18.6,128034,21.6,140,10.4,7299,10.4
"39169","5","2382","76","0","2025","A","",87,644,41970770,7030551,105973,1254,65197,"",1.48,0.80,0.80,0.68,0.44,1.01,1.01,"",-1,-1.1,55,9.3,5670230,15.6,710909,11.2,-16273,-13.3,68,5.7,3549,5.8
"39171","5","2382","76","0","2025","A","",18,108,6621947,1212569,20256,1183,61504,"",0.99,0.40,0.42,0.35,0.25,1.04,1.04,"",-1,-5.3,2,1.9,482646,7.9,10642,0.9,-13850,-40.6,72,6.5,3722,6.4
"39173","5","2382","76","0","2025","A","",70,1153,107204572,13487523,739392,1788,92999,"",1.02,0.92,1.35,0.80,1.22,1.46,1.46,"",-4,-5.4,71,6.6,14363839,15.5,831613,6.6,-55193,-6.9,138,8.4,7201,8.4
"39175","5","2382","76","0","2025","A","",19,858,77273035,8831003,91978,1732,90088,"",1.62,5.12,7.37,3.90,1.72,1.44,1.44,"",1,5.6,43,5.3,4312826,5.9,236370,2.8,-47650,-34.1,11,0.6,585,0.7
"39999","5","2382","76","0","2025","A","",398,4201,463684051,80976294,4800407,2123,110372,"",0.63,1.24,1.14,1.38,2.02,0.92,0.92,"N",41,11.5,0,0,0,0,0,0,0,0,0,0,0,0
"40000","5","2382","56","0","2025","A","",3498,30880,2114628407,998217701,14457944,1317,68479,"",1.38,1.09,1.12,1.04,1.01,1.03,1.03,"",24,0.7,1056,3.5,179737033,9.3,82606219,9.0,3178728,28.2,69,5.5,3602,5.6
"40001","5","2382","76","0","2025","A","",8,35,1855486,1076321,4584,1008,52390,"",1.14,0.49,0.54,0.47,0.15,1.10,1.10,"",0,0.0,5,16.7,126417,7.3,185920,20.9,1911,71.5,-113,-10.1,-5893,-10.1
"40003","5","2382","76","0","2025","A","N",2,0,0,0,0,0,0,"N",0.71,0,0,0,0,0,0,"N",-1,-33.3,0,0,0,0,0,0,0,0,0,0,0,0
"40005","5","2382","76","0","2025","A","N",8,0,0,0,0,0,0,"N",1.19,0,0,0,0,0,0,"N",0,0.0,0,0,0,0,0,0,0,0,0,0,0,0
"40007","5","2382","76","0","2025","A","N",2,0,0,0,0,0,0,"N",0.59,0,0,0,0,0,0,"N",0,0.0,0,0,0,0,0,0,0,0,0,0,0,0
"40009","5","2382","76","0","2025","A","",10,136,8593784,5010525,33814,1211,62997,"",0.66,0.85,0.84,0.84,0.17,0.99,0.99,"",0,0.0,45,49.5,3526820,69.6,2340199,87.6,5592,19.8,144,13.5,7519,13.6
"40011","5","2382","76","0","2025","A","",8,8,289437,209108,1505,682,35441,"",1.43,0.16,0.10,0.13,0.08,0.62,0.62,"",0,0.0,-1,-11.1,-19850,-6.4,-28209,-11.9,73,5.1,2,0.3,94,0.3
"40013","5","2382","76","0","2025","A","",40,259,13191699,7505594,67235,979,50884,"",1.62,0.71,0.61,0.54,0.57,0.87,0.87,"",-2,-4.8,27,11.6,1839464,16.2,945788,14.4,31496,88.1,38,4.0,1934,4.0
"40015","5","2382","76","0","2025","A","",18,79,3265344,2624398,33028,794,41290,"",1.57,0.64,0.44,0.65,0.37,0.69,0.69,"",-6,-25.0,-21,-21.0,-1255862,-27.8,-211849,-7.5,19365,141.7,-78,-8.9,-4073,-9.0
"40017","5","2382","76","0","2025","A","",170,738,42644590,22780845,301942,1112,57810,"",2.06,1.13,1.16,1.08,1.00,1.03,1.03,"",14,9.0,34,4.8,4183369,10.9,2303760,11.3,76815,34.1,62,5.9,3216,5.9
"40019","5","2382","76","0","2025","A","",44,440,25928460,13324172,191029,1133,58906,"",1.31,1.12,1.12,0.95,1.02,1.00,1.00,"",-1,-2.2,15,3.5,2075521,8.7,936113,7.6,44853,30.7,53,4.9,2737,4.9
"40021","5","2382","76","0","2025","A","",26,250,19975242,9835253,47039,1537,79901,"",1.42,0.80,1.14,0.93,0.57,1.42,1.42,"",0,0.0,145,138.1,15471354,343.5,6853587,229.9,25134,114.7,715,87.0,37143,86.9
"40023","5","2382","76","0","2025","A","N",10,0,0,0,0,0,0,"N",1.32,0,0,0,0,0,0,"N",-1,-9.1,0,0,0,0,0,0,0,0,0,0,0,0
"40025","5","2382","76","0","2025","A","N",3,0,0,0,0,0,0,"N",1.65,0,0,0,0,0,0,"N",0,0.0,0,0,0,0,0,0,0,0,0,0,0,0
"40027","5","2382","76","0","2025","A","",232,1837,111319531,57707437,607694,1166,60610,"",1.57,1.20,1.26,1.20,0.94,1.06,1.06,"",11,5.0,-18,-1.0,1695585,1.5,3193938,5.9,129852,27.2,30,2.6,1524,2.6
"40029","5","2382","76","0","2025","A","N",3,0,0,0,0,0,0,"N",1.17,0,0,0,0,0,0,"N",0,0.0,0,0,0,0,0,0,0,0,0,0,0,0
"40031","5","2382","76","0","2025","A","",68,558,30114920,17333457,175601,1038,54002,"",1.31,0.82,0.77,0.92,0.58,0.94,0.94,"",-2,-2.9,-93,-14.3,-6385923,-17.5,-3010314,-14.8,-13228,-7.0,-40,-3.7,-2031,-3.6
"40033","5","2382","76","0","2025","A","",4,31,1274419,782392,11882,799,41557,"",1.60,0.95,0.72,0.62,0.46,0.77,0.77,"",0,0.0,0,0.0,50206,4.1,40455,5.5,325,2.8,35,4.6,1853,4.7
"40035","5","2382","76","0","2025","A","",9,30,1459492,972082,8668,923,47983,"",1.08,0.36,0.35,0.38,0.36,0.95,0.95,"",-1,-10.0,-21,-41.2,-871987,-37.4,-479482,-33.0,-680,-7.3,37,4.2,1891,4.1
"40037","5","2382","76","0","2025","A","",80,818,57989854,27339334,385357,1363,70878,"",2.42,2.30,2.56,2.28,1.82,1.12,1.12,"",3,3.9,33,4.2,8682044,17.6,3022622,12.4,123863,47.4,155,12.8,8086,12.9
"40039","5","2382","76","0","2025","A","",23,127,5992555,3589870,21790,904,47031,"",1.17,0.59,0.50,0.53,0.25,0.84,0.84,"",1,4.5,-6,-4.5,72736,1.2,20706,0.6,-4975,-18.6,49,5.7,2577,5.8
"40041","5","2382","76","0","2025","A","",29,227,16591689,9514200,67827,1408,73226,"",1.55,1.40,2.12,1.85,1.06,1.52,1.52,"",1,3.6,24,11.8,200970,1.2,487274,5.4,30352,81.0,-145,-9.3,-7516,-9.3
"40043","5","2382","76","0","2025","A","N",4,0,0,0,0,0,0,"N",1.10,0,0,0,0,0,0,"N",0,0.0,0,0,0,0,0,0,0,0,0,0,0,0
"40047","5","2382","76","0","2025","A","",64,594,38582458,18833918,152584,1250,65008,"",1.88,1.52,1.75,1.49,0.85,1.15,1.15,"",2,3.2,46,8.4,5324110,16.0,2738008,17.0,-4076,-2.6,82,7.0,4281,7.0
"40049","5","2382","76","0","2025","A","",27,179,13529601,6428556,160921,1456,75725,"",1.68,1.14,1.35,1.10,1.97,1.19,1.19,"",-1,-3.6,24,15.5,3203870,31.0,866947,15.6,101080,168.9,178,13.9,9250,13.9
"40051","5","2382","76","0","2025","A","",54,338,21680403,10728765,132843,1235,64207,"",2.17,1.47,1.70,1.41,1.23,1.16,1.16,"",0,0.0,17,5.3,-1466392,-6.3,-112391,-1.0,-3118,-2.3,-150,-10.8,-7808,-10.8
"40053","5","2382","76","0","2025","A","N",3,0,0,0,0,0,0,"N",1.04,0,0,0,0,0,0,"N",1,50.0,0,0,0,0,0,0,0,0,0,0,0,0
"40055","5","2382","76","0","2025","A","N",3,0,0,0,0,0,0,"N",1.53,0,0,0,0,0,0,"N",0,0.0,0,0,0,0,0,0,0,0,0,0,0,0
"40057","5","2382","76","0","2025","A","N",2,0,0,0,0,0,0,"N",1.35,0,0,0,0,0,0,"N",0,0.0,0,0,0,0,0,0,0,0,0,0,0,0
"40059","5","2382","76","0","2025","A","N",2,0,0,0,0,0,0,"N",0.71,0,0,0,0,0,0,"N",0,0.0,0,0,0,0,0,0,0,0,0,0,0,0
"40061","5","2382","76","0","2025","A","",16,54,2490036,1647521,17266,891,46326,"",2.82,1.02,0.99,0.97,0.74,0.98,0.98,"",0,0.0,15,38.5,913118,57.9,494418,42.9,6413,59.1,107,13.6,5544,13.6
"40063","5","2382","76","0","2025","A","N",8,0,0,0,0,0,0,"N",1.45,0,0,0,0,0,0,"N",0,0.0,0,0,0,0,0,0,0,0,0,0,0,0
"40065","5","2382","76","0","2025","A","",18,73,2985721,1966707,10946,787,40947,"",1.36,0.46,0.31,0.48,0.17,0.68,0.68,"",0,0.0,-10,-12.0,-1220889,-29.0,-351247,-15.2,-16189,-59.7,-187,-19.2,-9684,-19.1
"40069","5","2382","76","0","2025","A","",11,26,1232805,744666,4457,909,47264,"",2.12,0.51,0.45,0.46,0.25,0.87,0.87,"",0,0.0,-10,-27.8,-260722,-17.5,-253777,-25.4,-1322,-22.9,113,14.2,5873,14.2
"40071","5","2382","76","0","2025","A","",35,321,18043581,10042712,137122,1081,56211,"",1.49,1.09,1.10,1.05,0.84,1.00,1.00,"",3,9.4,25,8.4,1803130,11.1,1444080,16.8,23828,21.0,25,2.4,1314,2.4
"40073","5","2382","76","0","2025","A","",18,86,4591906,2563411,24002,1032,53654,"",1.52,0.74,0.63,0.62,0.48,0.85,0.85,"",0,0.0,-3,-3.4,-160432,-3.4,-43106,-1.7,15056,168.3,1,0.1,56,0.1
"40075","5","2382","76","0","2025","A","",5,14,612573,409697,1766,812,42246,"",1.11,0.44,0.38,0.50,0.15,0.83,0.83,"",0,0.0,-7,-33.3,-237448,-27.9,-114682,-21.9,118,7.2,46,6.0,2401,6.0
"40077","5","2382","76","0","2025","A","",5,58,3430348,1889624,41147,1146,59572,"",1.20,1.12,1.06,0.89,2.21,0.95,0.95,"",-1,-16.7,0,0.0,88831,2.7,30754,1.7,6781,19.7,35,3.2,1794,3.1
"40079","5","2382","76","0","2025","A","",32,154,6586157,4255654,34922,823,42790,"",1.60,0.77,0.69,0.66,0.40,0.90,0.90,"",0,0.0,2,1.3,487729,8.0,291787,7.4,11602,49.8,50,6.5,2581,6.4
"40081","5","2382","76","0","2025","A","",30,146,7240064,4630709,80418,952,49505,"",2.12,1.17,0.99,1.06,1.29,0.85,0.85,"",3,11.1,8,5.8,1035030,16.7,909456,24.4,23340,40.9,89,10.3,4622,10.3
"40083","5","2382","76","0","2025","A","",49,228,12223857,6751930,46408,1031,53594,"",2.62,1.50,1.56,1.31,0.77,1.04,1.04,"",3,6.5,-6,-2.6,458536,3.9,52451,0.8,-4537,-8.9,63,6.5,3243,6.4
"40085","5","2382","76","0","2025","A","",11,28,1297406,733209,4749,907,47178,"",2.24,0.32,0.27,0.22,0.28,0.84,0.84,"",-1,-8.3,4,16.7,278745,27.4,76757,11.7,-140,-2.9,91,11.2,4734,11.2
"40087","5","2382","76","0","2025","A","",68,500,31890325,14401825,61104,1226,63738,"",2.64,2.38,2.78,2.07,0.88,1.17,1.17,"",-6,-8.1,-32,-6.0,-240972,-0.7,-399631,-2.7,-42689,-41.1,64,5.5,3322,5.5
"40089","5","2382","76","0","2025","A","",24,277,20155324,12061738,362212,1401,72829,"",1.38,1.33,1.83,1.68,2.87,1.38,1.38,"",0,0.0,13,4.9,3169776,18.7,1753444,17.0,160931,80.0,163,13.2,8449,13.1
"40091","5","2382","76","0","2025","A","",10,24,919769,655058,5598,724,37670,"",1.18,0.31,0.27,0.28,0.21,0.86,0.86,"",0,0.0,-1,-4.0,10249,1.1,16436,2.6,1646,41.6,34,4.9,1768,4.9
"40093","5","2382","76","0","2025","A","",8,33,1760433,1100618,20479,1018,52945,"",1.65,0.97,0.93,0.97,2.12,0.95,0.95,"",2,33.3,-1,-2.9,-32431,-1.8,199968,22.2,17775,657.4,16,1.6,852,1.6
"40095","5","2382","76","0","2025","A","",7,27,1289221,754337,2263,907,47167,"",0.97,0.29,0.25,0.23,0.04,0.83,0.83,"",0,0.0,-2,-6.9,-111237,-7.9,-71332,-8.6,-2272,-50.1,-32,-3.4,-1686,-3.5
"40097","5","2382","76","0","2025","A","",46,649,62030373,29701348,390794,1838,95591,"",2.27,2.70,3.93,3.43,2.92,1.46,1.46,"",4,9.5,86,15.3,15689313,33.9,9365810,46.1,160516,69.7,256,16.2,13317,16.2
"40099","5","2382","76","0","2025","A","",14,71,4196312,2296318,10910,1137,59103,"",1.95,0.87,0.92,0.87,0.40,1.06,1.06,"",-2,-12.5,4,6.0,164479,4.1,224792,10.9,-1236,-10.2,-25,-2.2,-1299,-2.2
"40101","5","2382","76","0","2025","A","",40,248,14751507,7770344,220168,1145,59562,"",1.29,0.56,0.55,0.61,1.14,0.99,0.99,"",2,5.3,-6,-2.4,-974026,-6.2,-212937,-2.7,14,0.0,-47,-3.9,-2411,-3.9
"40103","5","2382","76","0","2025","A","",10,88,6117293,2592772,27805,1336,69449,"",1.94,1.13,1.25,0.94,0.82,1.10,1.10,"",0,0.0,1,1.1,615775,11.2,219214,9.2,14881,115.1,119,9.8,6153,9.7
"40105","5","2382","76","0","2025","A","N",3,0,0,0,0,0,0,"N",0.75,0,0,0,0,0,0,"N",0,0.0,0,0,0,0,0,0,0,0,0,0,0,0
"40107","5","2382","76","0","2025","A","N",4,0,0,0,0,0,0,"N",0.96,0,0,0,0,0,0,"N",2,100.0,0,0,0,0,0,0,0,0,0,0,0,0
"40109","5","2382","76","0","2025","A","",759,8384,620248178,267580059,4419154,1423,73982,"",1.15,1.01,1.00,0.96,1.08,0.99,0.99,"",11,1.5,115,1.4,33388716,5.7,11475475,4.5,823715,22.9,58,4.2,3013,4.2
"40111","5","2382","76","0","2025","A","",33,82,4509732,2633949,34143,1055,54885,"",2.07,0.47,0.48,0.45,0.53,1.01,1.02,"",-1,-2.9,-3,-3.5,8356,0.2,216286,8.9,7257,27.0,42,4.1,2186,4.1
"40113","5","2382","76","0","2025","A","",16,71,3511844,2075503,12202,956,49696,"",1.47,0.53,0.44,0.44,0.17,0.84,0.84,"",0,0.0,13,22.4,420397,13.6,377902,22.3,5890,93.3,-69,-6.7,-3605,-6.8
"40115","5","2382","76","0","2025","A","",22,96,4666689,2821388,19797,938,48781,"",1.40,0.45,0.43,0.40,0.19,0.97,0.97,"",0,0.0,5,5.5,631079,15.6,299851,11.9,4310,27.8,89,10.5,4636,10.5
"40117","5","2382","76","0","2025","A","",16,52,2893555,1711483,14101,1070,55645,"",2.32,0.92,1.00,1.00,0.66,1.09,1.09,"",0,0.0,0,0.0,665559,29.9,275439,19.2,8385,146.7,249,30.3,12936,30.3
"40119","5","2382","76","0","2025","A","",62,378,21026449,11512954,118097,1071,55675,"",1.37,0.64,0.61,0.60,0.61,0.95,0.95,"",-2,-3.1,-8,-2.1,580590,2.8,570855,5.2,42194,55.6,51,5.0,2649,5.0
"40121","5","2382","76","0","2025","A","",26,155,8024160,4553493,67221,997,51852,"",1.27,0.63,0.58,0.65,0.73,0.92,0.92,"",2,8.3,2,1.3,710431,9.7,225575,5.2,12042,21.8,78,8.5,4050,8.5
"40123","5","2382","76","0","2025","A","",28,149,6319331,4184925,20667,814,42317,"",1.20,0.43,0.28,0.33,0.16,0.64,0.64,"",3,12.0,25,20.2,1397111,28.4,811148,24.0,7744,59.9,49,6.4,2515,6.3
"40125","5","2382","76","0","2025","A","",64,288,16820687,8742878,62036,1124,58422,"",2.23,0.75,0.84,0.70,0.32,1.12,1.12,"",2,3.2,-17,-5.6,-215773,-1.3,-300266,-3.3,-12500,-16.8,51,4.8,2626,4.7
"40127","5","2382","76","0","2025","A","N",4,0,0,0,0,0,0,"N",0.69,0,0,0,0,0,0,"N",1,33.3,0,0,0,0,0,0,0,0,0,0,0,0
"40131","5","2382","76","0","2025","A","",106,611,37134593,18792242,188701,1169,60793,"",2.44,1.18,1.08,0.95,0.71,0.92,0.92,"",4,3.9,58,10.5,5511090,17.4,2359600,14.4,7457,4.1,68,6.2,3565,6.2
"40133","5","2382","76","0","2025","A","",18,62,3529751,1840258,52732,1090,56703,"",1.84,0.53,0.56,0.46,0.72,1.05,1.05,"",-1,-5.3,-2,-3.1,28587,0.8,20745,1.1,13973,36.1,37,3.5,1926,3.5
"40135","5","2382","76","0","2025","A","",23,109,5163058,3115879,33383,914,47549,"",1.48,0.69,0.74,0.70,0.60,1.08,1.08,"",1,4.5,0,0.0,252293,5.1,131746,4.4,1914,6.1,46,5.3,2393,5.3
"40137","5","2382","76","0","2025","A","",36,312,22108292,9129749,142581,1362,70822,"",1.53,1.27,1.51,1.10,1.19,1.19,1.19,"",-3,-7.7,-26,-7.7,410488,1.9,-546058,-5.6,28545,25.0,128,10.4,6643,10.4
"40139","5","2382","76","0","2025","A","",20,64,4908674,1958965,10671,1487,77302,"",1.77,0.39,0.53,0.32,0.16,1.39,1.39,"",2,11.1,-10,-13.5,-1122443,-18.6,-278722,-12.5,2864,36.7,-79,-5.0,-4108,-5.0
"40141","5","2382","76","0","2025","A","N",3,0,0,0,0,0,0,"N",0.88,0,0,0,0,0,0,"N",-1,-25.0,0,0,0,0,0,0,0,0,0,0,0,0
"40143","5","2382","76","0","2025","A","",633,8175,590247697,265809871,4330553,1389,72204,"",1.21,1.32,1.32,1.20,1.19,1.00,1.00,"",-12,-1.9,485,6.3,66818692,12.8,24794435,10.3,984402,29.4,80,6.1,4142,6.1
"40145","5","2382","76","0","2025","A","",67,1198,87723524,38898995,413522,1409,73250,"",2.67,6.17,7.28,5.46,4.07,1.18,1.18,"",3,4.7,152,14.5,13848609,18.7,7412413,23.5,111852,37.1,51,3.8,2646,3.7
"40147","5","2382","76","0","2025","A","",34,157,8901926,4560542,57428,1088,56580,"",1.23,0.49,0.40,0.43,0.34,0.81,0.81,"",-2,-5.6,4,2.6,427547,5.0,259722,6.0,16240,39.4,21,2.0,1101,2.0
"40149","5","2382","76","0","2025","A","",8,26,1142136,718757,5774,850,44212,"",1.45,0.80,0.70,0.74,0.38,0.88,0.88,"",0,0.0,-11,-29.7,-551346,-32.6,-304185,-29.7,-9156,-61.3,-30,-3.4,-1558,-3.4
"40151","5","2382","76","0","2025","A","",6,11,374374,295710,4212,631,32792,"",1.02,0.20,0.13,0.20,0.28,0.60,0.60,"N",-1,-14.3,0,0,0,0,0,0,0,0,0,0,0,0
"40153","5","2382","76","0","2025","A","",21,160,8874097,4824772,27194,1070,55637,"",1.33,1.20,1.08,1.08,0.41,0.90,0.90,"",1,5.0,-11,-6.4,-1311700,-12.9,-152711,-3.1,8419,44.8,-78,-6.8,-4075,-6.8
"40999","5","2382","76","0","2025","A","",62,308,25898344,12445290,464323,1619,84199,"",0.52,0.63,0.53,0.52,0.86,0.85,0.85,"",-10,-13.9,-32,-9.4,-118134,-0.5,1181293,10.5,175174,60.6,150,10.2,7792,10.2
"41000","3","2382","56","0","2025","A","N",1,0,0,0,0,0,0,"N",1.36,0,0,0,0,0,0,"N",-1,-50.0,0,0,0,0,0,0,0,0,0,0,0,0
"41000","5","2382","56","0","2025","A","",3016,33242,3281181998,1899030376,47312643,1898,98706,"",0.87,1.00,1.23,1.17,1.03,1.23,1.23,"",-62,-2.0,-1131,-3.3,-35494096,-1.1,-19513026,-1.0,1066048,2.3,42,2.3,2214,2.3
"41001","5","2382","76","0","2025","A","",15,58,3770553,3025443,62834,1259,65480,"",1.09,0.62,0.68,0.84,0.68,1.12,1.12,"",0,0.0,5,9.4,795148,26.7,485274,19.1,19774,45.9,186,17.3,9691,17.4
"41003","5","2382","76","0","2025","A","",42,196,14092533,10019337,196191,1383,71931,"",0.72,0.30,0.29,0.45,0.33,0.95,0.95,"",-1,-2.3,12,6.5,323308,2.3,784231,8.5,-8885,-4.3,-58,-4.0,-3004,-4.0
"41005","5","2382","76","0","2025","A","",370,4110,395390107,228788059,5323619,1850,96214,"",1.13,1.41,1.70,1.44,1.21,1.21,1.21,"",-3,-0.8,77,1.9,22803376,6.1,7974312,3.6,593681,12.6,73,4.1,3833,4.1
"41007","5","2382","76","0","2025","A","",36,257,19427764,13366721,246989,1452,75521,"",0.99,0.80,1.02,0.95,0.65,1.28,1.28,"",-1,-2.7,-42,-14.0,-739329,-3.7,-513541,-3.7,12342,5.3,154,11.9,8035,11.9
"41009","5","2382","76","0","2025","A","",32,243,23110276,13002602,301993,1829,95104,"",1.18,1.19,1.83,1.35,1.15,1.54,1.54,"",4,14.3,85,53.8,9574802,70.7,4979375,62.1,145878,93.4,182,11.1,9436,11.0
"41011","5","2382","76","0","2025","A","",37,245,16193539,12146612,285859,1272,66164,"",0.95,0.63,0.70,0.76,0.60,1.11,1.11,"",1,2.8,21,9.4,2681212,19.8,1846171,17.9,11706,4.3,111,9.6,5774,9.6
"41013","5","2382","76","0","2025","A","",28,269,26912202,16555894,449236,1922,99952,"",1.67,2.17,2.96,2.76,2.53,1.36,1.36,"",1,3.7,-5,-1.8,1489286,5.9,909505,5.8,45967,11.4,140,7.9,7280,7.9
"41015","5","2382","76","0","2025","A","",14,32,1552376,1334237,13836,935,48638,"",0.80,0.29,0.25,0.29,0.11,0.86,0.86,"",0,0.0,8,33.3,406892,35.5,397948,42.5,2116,18.1,11,1.2,576,1.2
"41017","5","2382","76","0","2025","A","",234,1727,135733227,92440656,1861653,1512,78602,"",1.07,1.10,1.15,1.15,0.84,1.04,1.04,"",-15,-6.0,-27,-1.5,-861846,-0.6,591781,0.6,13395,0.7,15,1.0,744,1.0
"41019","5","2382","76","0","2025","A","",67,486,36215703,25085035,608864,1434,74543,"",1.01,0.76,0.92,0.96,0.80,1.22,1.22,"",-3,-4.3,16,3.4,2901525,8.7,2237238,9.8,40475,7.1,72,5.3,3725,5.3
"41021","5","2382","76","0","2025","A","N",3,0,0,0,0,0,0,"N",1.07,0,0,0,0,0,0,"N",1,50.0,0,0,0,0,0,0,0,0,0,0,0,0
"41023","5","2382","76","0","2025","A","N",5,0,0,0,0,0,0,"N",0.78,0,0,0,0,0,0,"N",0,0.0,0,0,0,0,0,0,0,0,0,0,0,0
"41025","5","2382","76","0","2025","A","",7,23,883828,848128,9085,744,38708,"",1.11,0.52,0.35,0.64,0.27,0.67,0.67,"",-2,-22.2,2,9.5,53725,6.5,63225,8.1,1019,12.6,-7,-0.9,-356,-0.9
"41027","5","2382","76","0","2025","A","",19,94,7182130,4912716,98170,1464,76136,"",0.69,0.41,0.52,0.46,0.33,1.28,1.28,"",2,11.8,0,0.0,248155,3.6,29885,0.6,15460,18.7,47,3.3,2436,3.3
"41029","5","2382","76","0","2025","A","",191,1685,131524050,89166872,2141976,1501,78044,"",1.22,1.10,1.31,1.27,1.07,1.19,1.19,"",-4,-2.1,35,2.1,8441122,6.9,4438535,5.2,228633,11.9,67,4.7,3460,4.6
"41031","5","2382","76","0","2025","A","",9,28,1824179,1262665,21792,1249,64956,"",0.71,0.24,0.24,0.27,0.17,1.02,1.02,"",-3,-25.0,2,7.7,319368,21.2,118543,10.4,-1371,-5.9,132,11.8,6893,11.9
"41033","5","2382","76","0","2025","A","",58,290,19480653,14651244,297410,1292,67194,"",1.12,0.56,0.68,0.68,0.47,1.20,1.20,"",-6,-9.4,22,8.2,3145642,19.3,2148390,17.2,17429,6.2,118,10.1,6129,10.0
"41035","5","2382","76","0","2025","A","",41,208,13431667,10282126,197549,1242,64601,"",0.93,0.52,0.56,0.65,0.40,1.08,1.08,"",-5,-10.9,-6,-2.8,354448,2.7,139140,1.4,-8562,-4.2,68,5.8,3564,5.8
"41037","5","2382","76","0","2025","A","N",2,0,0,0,0,0,0,"N",0.29,0,0,0,0,0,0,"N",0,0.0,0,0,0,0,0,0,0,0,0,0,0,0
"41039","5","2382","76","0","2025","A","",236,2267,180041938,117881210,2440875,1527,79422,"",0.94,0.86,1.02,1.02,0.76,1.18,1.18,"",-14,-5.6,-34,-1.5,1198163,0.7,900369,0.8,-63770,-2.5,32,2.1,1695,2.2
"41041","5","2382","76","0","2025","A","",33,194,13844339,10016077,182799,1375,71485,"",0.84,0.63,0.77,0.84,0.56,1.24,1.24,"",-1,-2.9,-8,-4.0,437705,3.3,281335,2.9,-13762,-7.0,98,7.7,5061,7.6
"41043","5","2382","76","0","2025","A","",84,1067,95451784,57716326,1358913,1720,89444,"",1.15,1.32,1.82,1.49,1.20,1.38,1.38,"",-5,-5.6,42,4.1,11596564,13.8,4983616,9.5,142427,11.7,147,9.3,7647,9.3
"41045","5","2382","76","0","2025","A","",23,89,6161565,4386627,87652,1326,68973,"",1.08,0.39,0.48,0.54,0.41,1.22,1.22,"",1,4.5,-18,-16.8,785407,14.6,406495,10.2,-11735,-11.8,357,36.8,18572,36.8
"41047","5","2382","76","0","2025","A","",232,2476,225681517,142367129,3531591,1753,91163,"",0.98,0.84,1.08,1.18,1.05,1.28,1.28,"",1,0.4,-39,-1.6,6925834,3.2,7599844,5.6,370726,11.7,81,4.8,4194,4.8
"41049","5","2382","76","0","2025","A","",10,73,9693305,4554987,116993,2554,132785,"",1.24,0.65,1.08,0.65,0.56,1.66,1.66,"",-1,-9.1,12,19.7,1936177,25.0,686036,17.7,36119,44.7,118,4.8,6138,4.8
"41051","3","2382","76","0","2025","A","N",1,0,0,0,0,0,0,"N",6.29,0,0,0,0,0,0,"N",0,0.0,0,0,0,0,0,0,0,0,0,0,0,0
"41051","5","2382","76","0","2025","A","",383,9332,1108192215,567904863,16245005,2284,118748,"",0.51,1.13,1.47,1.38,1.35,1.30,1.30,"",-1,-0.3,-1015,-9.8,-98230559,-8.1,-57013673,-9.1,-852923,-5.0,42,1.9,2152,1.8
"41053","5","2382","76","0","2025","A","",48,214,14775758,10647834,203380,1326,68938,"",1.10,0.61,0.71,0.76,0.51,1.17,1.17,"",0,0.0,-26,-10.8,-1174812,-7.4,-539094,-4.8,-1654,-0.8,47,3.7,2431,3.7
"41055","5","2382","76","0","2025","A","N",1,0,0,0,0,0,0,"N",0.45,0,0,0,0,0,0,"N",0,0.0,0,0,0,0,0,0,0,0,0,0,0,0
"41057","5","2382","76","0","2025","A","",12,44,2914996,2081025,28239,1279,66502,"",0.58,0.27,0.30,0.32,0.16,1.12,1.12,"",-4,-25.0,-2,-4.3,-58860,-2.0,-25306,-1.2,-5144,-15.4,38,3.1,1970,3.1
"41059","5","2382","76","0","2025","A","",53,348,31528772,19178504,356800,1741,90557,"",1.12,0.63,0.88,0.79,0.53,1.40,1.40,"",0,0.0,34,10.8,6165890,24.3,3086320,19.2,54333,18.0,190,12.3,9912,12.3
"41061","5","2382","76","0","2025","A","",24,125,8316569,6333695,96898,1275,66312,"",1.22,0.72,0.81,0.98,0.51,1.13,1.13,"",-1,-4.0,0,0.0,236977,2.9,510044,8.8,-21036,-17.8,30,2.4,1589,2.5
"41063","5","2382","76","0","2025","A","",9,33,2323656,1663760,32835,1361,70771,"",1.03,0.69,0.81,0.97,0.65,1.17,1.17,"",-1,-10.0,-1,-2.9,208638,9.9,42261,2.6,13762,72.2,162,13.5,8412,13.5
"41065","5","2382","76","0","2025","A","",17,101,7563332,5279078,114216,1442,75008,"",0.82,0.52,0.62,0.71,0.55,1.18,1.18,"",-1,-5.6,-11,-9.8,-335550,-4.2,-368089,-6.5,733,0.6,88,6.5,4587,6.5
"41067","5","2382","76","0","2025","A","",344,5692,610917183,337746359,8699110,2064,107321,"",0.81,1.13,1.23,1.15,1.07,1.10,1.10,"",-11,-3.1,-393,-6.5,-40522986,-6.2,-20369066,-5.7,-98625,-1.1,5,0.2,257,0.2
"41071","5","2382","76","0","2025","A","",69,500,42416472,27138146,579022,1633,84904,"",0.98,0.75,1.02,0.86,0.70,1.36,1.36,"",9,15.0,36,7.8,4859962,12.9,2931391,12.1,114017,24.5,77,4.9,3978,4.9
"41999","5","2382","76","0","2025","A","",230,679,70116471,44299353,1061633,1985,103214,"",0.78,0.91,0.69,0.74,0.59,0.75,0.75,"",4,1.8,61,9.9,15575419,28.6,9020835,25.6,233952,28.3,287,16.9,14912,16.9
"42000","3","2382","56","0","2025","A","N",3,0,0,0,0,0,0,"N",1.86,0,0,0,0,0,0,"N",0,0.0,0,0,0,0,0,0,0,0,0,0,0,0
"42000","5","2382","56","0","2025","A","",7752,82930,7497244523,1087130936,60156713,1739,90405,"",1.02,0.82,0.92,0.79,0.86,1.12,1.12,"",54,0.7,1566,1.9,474026263,6.7,24021837,2.3,2354760,4.1,79,4.8,4087,4.7
"42001","5","2382","76","0","2025","A","",68,402,30433245,4862277,156791,1457,75752,"",1.54,0.72,0.88,0.67,0.48,1.22,1.22,"",4,6.2,50,14.2,6519939,27.3,467268,10.6,12488,8.7,149,11.4,7752,11.4
"42003","5","2382","76","0","2025","A","",750,10090,913840212,132351057,8409858,1742,90571,"",1.05,0.90,0.92,0.92,1.12,1.02,1.02,"",-2,-0.3,481,5.0,110230740,13.7,6993385,5.6,442349,5.6,134,8.3,6940,8.3
"42005","5","2382","76","0","2025","A","",40,373,25451259,4692397,257224,1313,68295,"",1.42,1.44,1.70,1.40,1.38,1.18,1.18,"",2,5.3,16,4.5,2206583,9.5,26308,0.6,-547,-0.2,60,4.8,3138,4.8
"42007","5","2382","76","0","2025","A","",87,557,41729838,7438475,457743,1442,74964,"",1.24,0.69,0.78,0.70,0.78,1.13,1.13,"",2,2.4,-26,-4.5,-436926,-1.0,-133853,-1.8,-16843,-3.5,52,3.7,2678,3.7
"42009","5","2382","76","0","2025","A","",20,128,9239111,1498960,81683,1393,72416,"",0.82,0.47,0.61,0.38,0.40,1.32,1.32,"",0,0.0,13,11.3,1054447,12.9,212036,16.5,12149,17.5,24,1.8,1245,1.7
"42011","5","2382","76","0","2025","A","",249,2861,256402017,37251775,2194252,1723,89614,"",1.43,0.98,1.22,0.90,1.09,1.25,1.25,"",1,0.4,171,6.4,30566804,13.5,3201406,9.4,225316,11.4,109,6.8,5673,6.8
"42013","5","2382","76","0","2025","A","",71,608,40018096,7549178,401437,1265,65774,"",1.04,0.62,0.69,0.58,0.64,1.10,1.10,"",-3,-4.1,-30,-4.7,-408600,-1.0,-330098,-4.2,-33663,-7.7,47,3.9,2459,3.9
"42015","5","2382","76","0","2025","A","",24,162,9727064,2117069,71669,1156,60105,"",0.81,0.44,0.38,0.48,0.34,0.87,0.87,"",0,0.0,-11,-6.4,-73174,-0.7,27759,1.3,-5970,-7.7,68,6.2,3538,6.3
"42017","5","2382","76","0","2025","A","",683,6233,609547050,79337472,4464562,1881,97797,"",1.63,1.35,1.82,1.18,1.32,1.35,1.35,"",9,1.3,245,4.1,54208083,9.8,3424698,4.5,528291,13.4,98,5.5,5059,5.5
"42019","5","2382","76","0","2025","A","",124,1419,120583624,19173228,1220017,1634,84988,"",1.15,0.95,1.10,0.92,1.16,1.15,1.15,"",-6,-4.6,-31,-2.1,3150027,2.7,124101,0.7,-7018,-0.6,77,4.9,3999,4.9
"42021","5","2382","76","0","2025","A","",59,538,38409593,6677730,365043,1374,71426,"",0.93,0.69,0.86,0.67,0.75,1.26,1.26,"",1,1.7,-7,-1.3,2826265,7.9,-660156,-9.0,-43587,-10.7,118,9.4,6126,9.4
"42023","5","2382","76","0","2025","A","N",2,0,0,0,0,0,0,"N",0.66,0,0,0,0,0,0,"N",0,0.0,0,0,0,0,0,0,0,0,0,0,0,0
"42025","5","2382","76","0","2025","A","",33,182,12293852,2450081,124435,1298,67518,"",1.28,0.67,0.89,0.72,0.72,1.34,1.34,"",-1,-2.9,2,1.1,393063,3.3,170948,7.5,4010,3.3,25,2.0,1311,2.0
"42027","5","2382","76","0","2025","A","",48,566,38493241,7179784,265705,1307,67959,"",0.67,0.49,0.47,0.64,0.49,0.95,0.95,"",-2,-4.0,2,0.4,2545807,7.1,243953,3.5,3188,1.2,81,6.6,4232,6.6
"42029","5","2382","76","0","2025","A","",354,3817,363855343,47773712,1852548,1833,95315,"",1.08,0.90,0.87,0.77,0.62,0.96,0.96,"",-8,-2.2,93,2.5,10053918,2.8,-20977,0.0,64937,3.6,6,0.3,311,0.3
"42031","5","2382","76","0","2025","A","",15,63,3246101,745788,26883,986,51254,"",0.72,0.31,0.29,0.29,0.19,0.96,0.96,"",-3,-16.7,-7,-10.0,-252966,-7.2,-53492,-6.7,313,1.2,19,2.0,968,1.9
"42033","5","2382","76","0","2025","A","",24,220,14730995,2917947,187144,1288,66984,"",0.61,0.45,0.52,0.50,0.64,1.15,1.15,"",-2,-7.7,15,7.3,1466432,11.1,245539,9.2,7483,4.2,44,3.5,2279,3.5
"42035","5","2382","76","0","2025","A","",19,195,14012742,2271870,114179,1381,71799,"",1.06,0.92,1.11,0.80,0.84,1.21,1.21,"",-1,-5.0,29,17.5,2800370,25.0,258473,12.8,35875,45.8,83,6.4,4322,6.4
"42037","5","2382","76","0","2025","A","",33,354,29239413,4594631,277658,1589,82636,"",1.07,0.88,1.28,0.88,1.02,1.45,1.45,"",0,0.0,9,2.6,2149120,7.9,313336,7.3,39589,16.6,80,5.3,4170,5.3
"42039","5","2382","76","0","2025","A","",44,267,15701488,3468856,154612,1131,58825,"",1.07,0.56,0.57,0.58,0.54,1.03,1.03,"",1,2.3,4,1.5,1502261,10.6,241947,7.5,19527,14.5,94,9.1,4921,9.1
"42041","5","2382","76","0","2025","A","",120,1929,155569883,23930903,880128,1551,80665,"",0.87,0.84,0.94,0.72,0.58,1.12,1.12,"",2,1.7,63,3.4,13580589,9.6,537255,2.3,150490,20.6,87,5.9,4562,6.0
"42043","5","2382","76","0","2025","A","",116,2767,265424283,35618518,2153532,1845,95934,"",0.79,0.87,1.10,0.97,1.20,1.27,1.27,"",4,3.6,133,5.0,23097374,9.5,740457,2.1,140343,7.0,76,4.3,3952,4.3
"42045","5","2382","76","0","2025","A","",420,4342,423502389,58037631,3334294,1876,97547,"",1.48,1.19,1.42,1.13,1.31,1.20,1.20,"",-6,-1.4,-174,-3.9,-13312177,-3.0,-1439357,-2.4,56976,1.7,16,0.9,819,0.8
"42047","5","2382","76","0","2025","A","",18,111,7548792,1323448,89772,1303,67753,"",0.98,0.51,0.58,0.45,0.58,1.14,1.14,"",2,12.5,3,2.8,383402,5.4,-50072,-3.6,-12795,-12.5,27,2.1,1407,2.1
"42049","5","2382","76","0","2025","A","",140,1493,109695535,19926155,1325351,1413,73461,"",1.07,0.75,0.90,0.82,1.05,1.20,1.20,"",0,0.0,73,5.1,11857893,12.1,2538398,14.6,181695,15.9,88,6.6,4569,6.6
"42051","5","2382","76","0","2025","A","",48,335,22644808,4336231,234526,1299,67546,"",0.90,0.53,0.62,0.53,0.54,1.17,1.17,"",4,9.1,-284,-45.9,-18039160,-44.3,-3634956,-45.6,-376327,-61.6,35,2.8,1830,2.8
"42053","5","2382","76","0","2025","A","N",1,0,0,0,0,0,0,"N",0.36,0,0,0,0,0,0,"N",0,0.0,0,0,0,0,0,0,0,0,0,0,0,0
"42055","5","2382","76","0","2025","A","",79,621,45339899,7616928,272118,1403,72982,"",1.14,0.60,0.71,0.54,0.42,1.17,1.17,"",2,2.6,55,9.7,5704973,14.4,804918,11.8,22677,9.1,57,4.2,2997,4.3
"42057","5","2382","76","0","2025","A","",8,114,9748918,1355817,56035,1651,85831,"",1.26,1.27,1.72,1.14,0.77,1.36,1.36,"",0,0.0,13,12.9,1551992,18.9,139888,11.5,5200,10.2,85,5.4,4405,5.4
"42059","5","2382","76","0","2025","A","",11,45,2474750,541824,16608,1058,54994,"",0.72,0.23,0.17,0.21,0.12,0.72,0.72,"",-1,-8.3,-1,-2.2,145173,6.2,-10600,-1.9,-1997,-10.7,86,8.8,4443,8.8
"42061","5","2382","76","0","2025","A","",22,227,15595081,2806003,112880,1319,68600,"",1.09,1.06,1.33,1.22,0.85,1.25,1.25,"",0,0.0,0,0.0,-107058,-0.7,-142764,-4.8,-10134,-8.2,-9,-0.7,-471,-0.7
"42063","5","2382","76","0","2025","A","",31,201,11360760,2574760,108793,1087,56521,"",0.83,0.43,0.39,0.45,0.39,0.90,0.90,"",-3,-8.8,-9,-4.3,555255,5.1,-57338,-2.2,-673,-0.6,96,9.7,5005,9.7
"42065","5","2382","76","0","2025","A","",16,168,12617182,2263879,102126,1446,75214,"",0.69,0.71,0.95,0.73,0.59,1.35,1.35,"",0,0.0,5,3.1,1333754,11.8,-171815,-7.1,-29154,-22.2,115,8.6,6026,8.7
"42067","5","2382","76","0","2025","A","",7,18,768415,219976,5501,821,42690,"",0.62,0.17,0.14,0.14,0.07,0.81,0.81,"",0,0.0,-1,-5.3,27921,3.8,7182,3.4,-2403,-30.4,68,9.0,3545,9.1
"42069","5","2382","76","0","2025","A","",127,1319,102286676,17854798,1248891,1492,77563,"",1.17,0.80,1.03,0.83,1.12,1.29,1.29,"",1,0.8,77,6.2,11860221,13.1,1092099,6.5,62959,5.3,91,6.5,4727,6.5
"42071","5","2382","76","0","2025","A","",378,5262,432937648,64490456,2336827,1582,82281,"",1.32,1.24,1.50,1.09,0.90,1.21,1.21,"",-2,-0.5,119,2.3,27626172,6.8,2045536,3.3,55336,2.4,67,4.4,3475,4.4
"42073","5","2382","76","0","2025","A","",41,538,49720460,8006437,695550,1778,92460,"",1.04,1.18,1.82,1.39,2.24,1.54,1.54,"",1,2.5,17,3.3,6717785,15.6,910552,12.8,86781,14.3,190,12.0,9868,11.9
"42075","5","2382","76","0","2025","A","",92,842,69700900,10629608,469522,1592,82797,"",1.58,0.94,1.24,0.90,0.85,1.32,1.32,"",4,4.5,19,2.3,4279764,6.5,207994,2.0,-12627,-2.6,63,4.1,3266,4.1
"42077","5","2382","76","0","2025","A","",154,2646,242492878,33612589,2031880,1763,91654,"",0.87,0.78,0.90,0.77,0.92,1.16,1.16,"",-7,-4.3,-165,-5.9,1312630,0.5,-2530552,-7.0,-43968,-2.1,113,6.8,5845,6.8
"42079","5","2382","76","0","2025","A","",178,1815,141395832,24355141,1624933,1498,77918,"",1.21,0.75,0.92,0.71,0.88,1.23,1.23,"",-1,-0.6,-44,-2.4,6154061,4.6,-814577,-3.2,-66429,-3.9,99,7.1,5158,7.1
"42081","5","2382","76","0","2025","A","",66,604,42757797,7848095,459360,1362,70820,"",1.12,0.73,0.83,0.81,0.92,1.14,1.14,"",2,3.1,21,3.6,3541143,9.0,701308,9.8,72296,18.7,69,5.3,3563,5.3
"42083","5","2382","76","0","2025","A","",20,190,14181511,2674921,171338,1433,74509,"",0.97,0.83,1.09,0.99,1.25,1.32,1.32,"",0,0.0,-29,-13.2,-871779,-5.8,-188005,-6.6,-33404,-16.3,109,8.2,5641,8.2
"42085","5","2382","76","0","2025","A","",53,563,41491449,7041894,353458,1417,73664,"",0.95,0.79,0.97,0.77,0.76,1.23,1.23,"",1,1.9,21,3.9,4182853,11.2,515207,7.9,31167,9.7,94,7.1,4882,7.1
"42087","5","2382","76","0","2025","A","",19,114,5926004,1366563,45845,1000,52021,"",0.89,0.40,0.35,0.40,0.25,0.88,0.88,"",3,18.8,17,17.5,824223,16.2,226852,19.9,-3788,-7.6,-14,-1.4,-711,-1.3
"42089","5","2382","76","0","2025","A","",111,538,30674157,6969782,375672,1097,57068,"",1.53,0.56,0.53,0.55,0.60,0.95,0.95,"",2,1.8,38,7.6,3114835,11.3,618236,9.7,68020,22.1,37,3.5,1949,3.5
"42091","5","2382","76","0","2025","A","",653,8954,957592799,121075354,6555872,2057,106941,"",1.15,1.06,1.15,0.96,1.02,1.08,1.08,"",-2,-0.3,217,2.5,57003707,6.3,4316660,3.7,601718,10.1,75,3.8,3865,3.7
"42093","5","2382","76","0","2025","A","",6,26,1112266,278365,5884,820,42643,"",0.63,0.09,0.04,0.17,0.08,0.45,0.45,"N",-1,-14.3,0,0,0,0,0,0,0,0,0,0,0,0
"42095","5","2382","76","0","2025","A","",170,1322,101319789,16900321,758911,1474,76627,"",1.22,0.64,0.72,0.61,0.53,1.12,1.12,"",2,1.2,173,15.1,15540126,18.1,2451668,17.0,136413,21.9,38,2.6,1955,2.6
"42097","5","2382","76","0","2025","A","",36,226,12928688,2608946,88552,1101,57228,"",1.00,0.50,0.49,0.37,0.25,0.97,0.97,"",2,5.9,-12,-5.0,27984,0.2,-299088,-10.3,-4368,-4.7,58,5.6,3004,5.5
"42099","5","2382","76","0","2025","A","",28,161,11895138,2029773,118155,1422,73921,"",1.59,1.18,1.83,1.21,1.26,1.55,1.55,"",4,16.7,13,8.8,1191877,11.1,21938,1.1,17766,17.7,30,2.2,1520,2.1
"42101","3","2382","76","0","2025","A","N",3,0,0,0,0,0,0,"N",21.72,0,0,0,0,0,0,"N",0,0.0,0,0,0,0,0,0,0,0,0,0,0,0
"42101","5","2382","76","0","2025","A","",373,3945,446656658,53270221,3377782,2177,113223,"",0.57,0.33,0.39,0.37,0.45,1.21,1.21,"",-3,-0.8,-173,-4.2,6412551,1.5,-3378474,-6.0,-249721,-6.9,121,5.9,6327,5.9
"42103","5","2382","76","0","2025","A","",22,99,5110003,1203346,39924,994,51703,"",0.98,0.48,0.49,0.45,0.33,1.03,1.03,"",0,0.0,1,1.0,21775,0.4,2957,0.2,6116,18.1,-1,-0.1,-42,-0.1
"42105","5","2382","76","0","2025","A","N",4,0,0,0,0,0,0,"N",0.43,0,0,0,0,0,0,"N",0,0.0,0,0,0,0,0,0,0,0,0,0,0,0
"42107","5","2382","76","0","2025","A","",60,398,30548575,6024664,392469,1477,76803,"",1.04,0.47,0.60,0.49,0.62,1.26,1.26,"",2,3.4,17,4.5,3190573,11.7,132239,2.2,35055,9.8,96,7.0,4966,6.9
"42109","5","2382","76","0","2025","A","",22,227,15071485,2755723,90430,1277,66394,"",1.09,0.88,1.13,0.82,0.53,1.29,1.29,"",-1,-4.3,-4,-1.7,-910199,-5.7,113018,4.3,12033,15.3,-53,-4.0,-2766,-4.0
"42111","5","2382","76","0","2025","A","",35,235,14732409,2705110,107469,1204,62602,"",0.97,0.61,0.67,0.57,0.42,1.10,1.10,"",1,2.9,0,0.0,560232,4.0,-27977,-1.0,5624,5.5,45,3.9,2316,3.8
"42113","5","2382","76","0","2025","A","",4,16,667185,184563,4433,819,42586,"",1.16,0.65,0.57,0.62,0.32,0.89,0.89,"",0,0.0,1,6.7,107328,19.2,17055,10.2,-283,-6.0,85,11.6,4414,11.6
"42115","5","2382","76","0","2025","A","",12,41,2723377,509755,36043,1275,66289,"",0.64,0.29,0.33,0.29,0.38,1.16,1.16,"",0,0.0,-11,-21.2,-455578,-14.3,-185221,-26.7,-4445,-11.0,97,8.2,5057,8.3
"42117","5","2382","76","0","2025","A","N",14,0,0,0,0,0,0,"N",0.72,0,0,0,0,0,0,"N",2,16.7,0,0,0,0,0,0,0,0,0,0,0,0
"42119","5","2382","76","0","2025","A","",18,216,18276592,2777857,182544,1627,84581,"",0.90,0.75,0.95,0.91,1.13,1.27,1.27,"",0,0.0,26,13.7,3583461,24.4,525577,23.3,28373,18.4,139,9.3,7215,9.3
"42121","5","2382","76","0","2025","A","",22,81,3122606,1131113,43754,742,38590,"",0.93,0.30,0.21,0.36,0.29,0.69,0.69,"",3,15.8,-10,-11.0,-1241263,-28.4,50222,4.6,-2325,-5.0,-179,-19.4,-9321,-19.5
"42123","5","2382","76","0","2025","A","",10,65,3562441,731268,21342,1055,54877,"",0.57,0.30,0.28,0.27,0.17,0.95,0.95,"",-1,-9.1,1,1.6,257118,7.8,-61,0.0,-6977,-24.6,55,5.5,2893,5.6
"42125","5","2382","76","0","2025","A","",142,2021,182100633,25693088,1791926,1733,90104,"",1.26,1.35,1.52,1.18,1.50,1.13,1.12,"",4,2.9,15,0.7,6062720,3.4,58658,0.2,-67033,-3.6,45,2.7,2345,2.7
"42127","5","2382","76","0","2025","A","",30,204,12823084,2499303,129889,1207,62756,"",1.05,0.77,0.81,0.77,0.76,1.05,1.05,"",-2,-6.2,10,5.2,1342366,11.7,183297,7.9,17837,15.9,70,6.2,3628,6.1
"42129","5","2382","76","0","2025","A","",222,1682,118566035,21104021,1007723,1355,70481,"",1.25,0.78,0.86,0.72,0.65,1.10,1.10,"",7,3.3,86,5.4,10934664,10.2,1585056,8.1,86700,9.4,58,4.5,3057,4.5
"42131","5","2382","76","0","2025","A","",24,213,14707016,3135729,164218,1328,69047,"",1.71,1.34,1.35,1.32,1.44,1.01,1.01,"",3,14.3,-3,-1.4,643886,4.6,461619,17.3,10779,7.0,78,6.2,4065,6.3
"42133","5","2382","76","0","2025","A","",265,3381,310533744,43267609,1866959,1766,91840,"",1.44,1.11,1.44,1.03,0.89,1.30,1.30,"",-2,-0.7,108,3.3,15336861,5.2,642789,1.5,16873,0.9,31,1.8,1642,1.8
"42999","5","2382","76","0","2025","A","",561,3514,386301861,56658791,3751168,2114,109930,"",0.50,0.65,0.53,0.55,0.62,0.81,0.81,"",40,7.7,121,3.6,27491086,7.7,464705,0.8,87433,2.4,80,3.9,4187,4.0
"44000","5","2382","56","0","2025","A","",1076,7808,671775245,274212623,9065093,1655,86039,"",1.12,0.94,1.04,1.01,0.98,1.11,1.11,"",14,1.3,414,5.6,83419715,14.2,18782649,7.4,796453,9.6,125,8.2,6463,8.1
"44001","5","2382","76","0","2025","A","",46,286,21683680,9777075,233633,1459,75883,"",0.99,1.13,1.22,1.26,0.84,1.07,1.08,"",0,0.0,9,3.2,1908680,9.7,-76069,-0.8,26952,13.0,84,6.1,4407,6.2
"44003","5","2382","76","0","2025","A","",176,1823,153472584,63898308,2298139,1619,84187,"",1.27,1.42,1.68,1.45,1.57,1.18,1.18,"",2,1.1,174,10.6,25815781,20.2,7946472,14.2,479309,26.4,130,8.7,6757,8.7
"44005","5","2382","76","0","2025","A","",97,558,42999353,18462995,399669,1483,77106,"",1.10,0.78,0.78,0.84,0.50,1.00,1.00,"",-1,-1.0,-1,-0.2,4369535,11.3,833069,4.7,16889,4.4,155,11.7,8052,11.7
"44007","5","2382","76","0","2025","A","",552,4363,395120791,155621504,5294193,1742,90563,"",1.14,0.90,1.04,1.02,1.05,1.16,1.16,"",8,1.5,322,8.0,58705996,17.5,14065250,9.9,418800,8.6,141,8.8,7313,8.8
"44009","5","2382","76","0","2025","A","",152,566,37396011,18240245,499434,1271,66090,"",1.31,0.57,0.53,0.53,0.40,0.93,0.93,"",9,6.3,-31,-5.2,-1710981,-4.4,-691344,-3.7,-95219,-16.0,11,0.9,566,0.9
"44999","5","2382","76","0","2025","A","",52,213,21102826,8212496,340025,1908,99230,"",0.57,0.91,0.68,0.73,0.83,0.76,0.76,"",-4,-7.1,-58,-21.4,-5669296,-21.2,-3294729,-28.6,-50278,-12.9,9,0.5,470,0.5
"45000","5","2382","56","0","2025","A","",3340,33857,2480931889,616112215,4583634,1409,73276,"",0.88,0.87,0.92,0.82,0.60,1.06,1.06,"",13,0.4,1987,6.2,308551836,14.2,41705746,7.3,322319,7.6,98,7.5,5112,7.5
"45001","5","2382","76","0","2025","A","",5,18,702547,317249,330,747,38851,"",0.58,0.19,0.13,0.21,0.01,0.69,0.69,"",-1,-16.7,-22,-55.0,-1389764,-66.4,-450687,-58.7,-487,-59.6,-265,-26.2,-13786,-26.2
"45003","5","2382","76","0","2025","A","",97,645,35912939,11469225,65174,1071,55679,"",1.26,0.58,0.45,0.52,0.34,0.78,0.78,"",7,7.8,-23,-3.4,1821178,5.3,-139155,-1.2,-27050,-29.3,90,9.2,4656,9.1
"45005","5","2382","76","0","2025","A","N",2,0,0,0,0,0,0,"N",0.59,0,0,0,0,0,0,"N",0,0.0,0,0,0,0,0,0,0,0,0,0,0,0
"45007","5","2382","76","0","2025","A","",102,856,53368041,14103137,101354,1199,62358,"",1.13,0.70,0.74,0.62,0.54,1.06,1.06,"",-4,-3.8,32,3.9,4747191,9.8,-867430,-5.8,8615,9.3,65,5.7,3382,5.7
"45009","5","2382","76","0","2025","A","N",3,0,0,0,0,0,0,"N",0.49,0,0,0,0,0,0,"N",0,0.0,0,0,0,0,0,0,0,0,0,0,0,0
"45011","5","2382","76","0","2025","A","",8,56,3800102,1045258,2417,1307,67960,"",0.96,0.71,0.97,0.74,0.19,1.36,1.36,"",1,14.3,-3,-5.1,-137426,-3.5,-81337,-7.2,-10273,-81.0,27,2.1,1410,2.1
"45013","5","2382","76","0","2025","A","",149,1366,92682474,23492999,76195,1304,67829,"",0.98,1.13,1.23,0.98,0.47,1.09,1.09,"",0,0.0,101,8.0,7569380,8.9,1436297,6.5,5455,7.7,10,0.8,524,0.8
"45015","5","2382","76","0","2025","A","",132,1493,128732187,31519160,336381,1658,86209,"",1.26,1.27,1.44,1.33,1.22,1.13,1.13,"",0,0.0,270,22.1,42539329,49.4,8606904,37.6,49899,17.4,302,22.3,15723,22.3
"45017","5","2382","76","0","2025","A","N",6,0,0,0,0,0,0,"N",1.08,0,0,0,0,0,0,"N",1,20.0,0,0,0,0,0,0,0,0,0,0,0,0
"45019","5","2382","76","0","2025","A","",294,4655,370506839,86833716,791908,1531,79593,"",0.66,0.98,0.99,0.96,0.95,1.01,1.01,"",-12,-3.9,314,7.2,41631983,12.7,7426278,9.4,249650,46.0,74,5.1,3833,5.1
"45021","5","2382","76","0","2025","A","",28,268,21268659,4852728,23238,1524,79237,"",1.42,0.88,1.27,0.76,0.27,1.44,1.44,"",-2,-6.7,16,6.3,2817935,15.3,470531,10.7,4002,20.8,114,8.1,5899,8.0
"45023","5","2382","76","0","2025","A","",12,114,6681846,2145449,762,1126,58570,"",0.91,0.64,0.57,0.62,0.03,0.88,0.88,"",-1,-7.7,1,0.9,555947,9.1,66043,3.2,-383,-33.4,83,8.0,4359,8.0
"45025","5","2382","76","0","2025","A","",17,88,4741688,1503253,1612,1034,53781,"",1.10,0.38,0.37,0.33,0.04,0.96,0.96,"",1,6.2,-2,-2.2,-409008,-7.9,-175971,-10.5,-229,-12.4,-63,-5.7,-3238,-5.7
"45027","5","2382","76","0","2025","A","N",7,0,0,0,0,0,0,"N",0.56,0,0,0,0,0,0,"N",0,0.0,0,0,0,0,0,0,0,0,0,0,0,0
"45029","5","2382","76","0","2025","A","",21,106,5457629,1765289,2791,991,51528,"",1.16,0.63,0.61,0.56,0.09,0.96,0.96,"",1,5.0,6,6.0,371990,7.3,-7332,-0.4,-946,-25.3,13,1.3,672,1.3
"45031","5","2382","76","0","2025","A","",24,216,13778262,4249368,47595,1225,63690,"",0.98,0.65,0.63,0.71,0.84,0.97,0.97,"",0,0.0,-99,-31.4,-2209429,-13.8,-3236339,-43.2,-226979,-82.7,250,25.6,12976,25.6
"45033","5","2382","76","0","2025","A","",6,41,1727539,698299,4691,810,42135,"",0.59,0.26,0.23,0.24,0.15,0.88,0.88,"",0,0.0,-2,-4.7,33005,1.9,23785,3.5,2618,126.3,48,6.3,2497,6.3
"45035","5","2382","76","0","2025","A","",94,652,44586671,11928077,57140,1315,68376,"",1.30,0.93,1.05,0.87,0.49,1.13,1.13,"",-2,-2.1,-43,-6.2,-998473,-2.2,-322860,-2.6,-40819,-41.7,54,4.3,2802,4.3
"45037","5","2382","76","0","2025","A","",17,163,11543047,3288408,78183,1358,70636,"",1.85,1.59,1.91,1.78,4.01,1.20,1.20,"",0,0.0,44,37.0,5048854,77.7,1142085,53.2,52521,204.7,306,29.1,15910,29.1
"45039","5","2382","76","0","2025","A","",6,27,1522032,438299,915,1094,56898,"",0.71,0.25,0.22,0.21,0.02,0.87,0.87,"",1,20.0,2,8.0,255466,20.2,63902,17.1,-286,-23.8,136,14.2,7066,14.2
"45041","5","2382","76","0","2025","A","",60,787,63979097,12760979,83259,1563,81269,"",0.83,0.68,0.90,0.65,0.43,1.34,1.34,"",-4,-6.2,1,0.1,5862459,10.1,-597676,-4.5,-13285,-13.8,141,9.9,7345,9.9
"45043","5","2382","76","0","2025","A","",52,473,29723432,8434181,31186,1209,62885,"",1.09,1.14,1.24,1.04,0.30,1.09,1.09,"",-1,-1.9,22,4.9,3264668,12.3,537274,6.8,-8089,-20.6,80,7.1,4164,7.1
"45045","5","2382","76","0","2025","A","",360,5701,454786432,104512344,719420,1534,79772,"",0.90,1.13,1.25,1.00,0.71,1.11,1.11,"",-9,-2.4,339,6.3,54282773,13.6,8452939,8.8,27750,4.0,97,6.8,5072,6.8
"45047","5","2382","76","0","2025","A","",33,309,17618013,5148930,29626,1097,57047,"",1.04,0.66,0.63,0.67,0.44,0.95,0.95,"",3,10.0,21,7.3,1707017,10.7,138130,2.8,14933,101.6,33,3.1,1736,3.1
"45049","5","2382","76","0","2025","A","",6,45,2391053,810403,13759,1016,52841,"",0.75,0.58,0.53,0.59,2.11,0.91,0.91,"",0,0.0,3,7.1,93010,4.0,75678,10.3,1830,15.3,-28,-2.7,-1443,-2.7
"45051","5","2382","76","0","2025","A","",254,2540,158258824,44312781,246374,1198,62300,"",1.02,1.04,1.19,0.94,0.49,1.14,1.14,"",0,0.0,49,2.0,8073338,5.4,397614,0.9,-73191,-22.9,38,3.3,2005,3.3
"45053","5","2382","76","0","2025","A","",30,259,18032202,4515273,18737,1338,69578,"",1.57,1.39,1.61,1.20,0.49,1.16,1.16,"",-3,-9.1,-1,-0.4,1110111,6.6,-75458,-1.6,-26438,-58.5,87,7.0,4514,6.9
"45055","5","2382","76","0","2025","A","",37,241,11772481,3848736,19562,938,48798,"",1.19,0.78,0.69,0.64,0.46,0.88,0.88,"",1,2.8,-3,-1.2,232708,2.0,87178,2.3,-28057,-58.9,27,3.0,1423,3.0
"45057","5","2382","76","0","2025","A","",43,309,19811208,5261740,28364,1234,64183,"",0.94,0.64,0.56,0.57,0.30,0.88,0.88,"",3,7.5,28,10.0,2500319,14.4,716607,15.8,-5867,-17.1,48,4.0,2524,4.1
"45059","5","2382","76","0","2025","A","",19,184,12533811,3306225,3171,1309,68057,"",0.89,0.54,0.62,0.51,0.07,1.14,1.14,"",-1,-5.0,-24,-11.5,-1161635,-8.5,-526491,-13.7,-7678,-70.8,44,3.5,2266,3.4
"45061","5","2382","76","0","2025","A","",4,11,460521,186601,695,817,42510,"",0.68,0.18,0.14,0.20,0.07,0.79,0.79,"",0,0.0,2,22.2,91084,24.7,35337,23.4,-1926,-73.5,13,1.6,687,1.6
"45063","5","2382","76","0","2025","A","",244,2606,178598602,45593496,294116,1318,68523,"",1.39,1.16,1.26,1.10,0.82,1.08,1.08,"",7,3.0,53,2.1,12759716,7.7,632510,1.4,11421,4.0,69,5.5,3565,5.5
"45065","5","2382","76","0","2025","A","",10,30,1143013,426807,2416,743,38637,"",1.68,0.89,0.71,0.97,0.52,0.82,0.82,"",0,0.0,-4,-11.8,-312305,-21.5,-165047,-27.9,-9631,-79.9,-80,-9.7,-4166,-9.7
"45067","5","2382","76","0","2025","A","",6,41,2323383,648487,6104,1090,56668,"",0.66,0.36,0.39,0.37,0.29,1.09,1.09,"",-1,-14.3,1,2.5,467209,25.2,20438,3.3,5278,639.0,188,20.8,9775,20.8
"45069","5","2382","76","0","2025","A","",6,28,1374721,458162,2787,944,49097,"",0.92,0.31,0.26,0.34,0.22,0.83,0.83,"",0,0.0,-4,-12.5,-26468,-1.9,-44438,-8.8,-894,-24.3,93,10.9,4849,11.0
"45071","5","2382","76","0","2025","A","",22,160,10362413,2710215,1635,1249,64968,"",1.20,0.66,0.78,0.60,0.04,1.18,1.18,"",2,10.0,-2,-1.2,706485,7.3,-13661,-0.5,-509,-23.7,103,9.0,5394,9.1
"45073","5","2382","76","0","2025","A","",50,245,14969799,4135254,13785,1177,61184,"",1.25,0.57,0.53,0.50,0.17,0.93,0.93,"",-1,-2.0,-4,-1.6,699553,4.9,-21152,-0.5,-770,-5.3,77,7.0,3970,6.9
"45075","5","2382","76","0","2025","A","",23,166,11492412,2971498,15231,1328,69058,"",0.63,0.37,0.48,0.38,0.15,1.30,1.30,"",2,9.5,56,50.9,5728515,99.4,1185901,66.4,3539,30.3,325,32.4,16896,32.4
"45077","5","2382","76","0","2025","A","",64,352,20504373,6246681,30061,1122,58334,"",1.10,0.52,0.50,0.59,0.36,0.96,0.96,"",3,4.9,-54,-13.3,-2366000,-10.3,-1078087,-14.7,2784,10.2,39,3.6,2026,3.6
"45079","5","2382","76","0","2025","A","",174,2327,171407740,40419437,194769,1416,73647,"",0.70,0.61,0.63,0.63,0.28,1.04,1.04,"",0,0.0,213,10.1,26772661,18.5,2498345,6.6,587,0.3,100,7.6,5240,7.7
"45081","5","2382","76","0","2025","A","",5,64,3479038,1146313,0,1043,54219,"",0.84,0.84,0.84,0.80,0.00,1.00,1.00,"",-1,-16.7,-2,-3.0,-298117,-7.9,-228871,-16.6,0,0.0,-59,-5.4,-3083,-5.4
"45083","5","2382","76","0","2025","A","",179,2201,158513263,39205362,409324,1385,72027,"",1.07,0.84,0.89,0.77,0.78,1.06,1.06,"",4,2.3,245,12.5,31058435,24.4,4627114,13.4,93119,29.4,132,10.5,6869,10.5
"45085","5","2382","76","0","2025","A","",36,453,28690665,7524360,46023,1217,63277,"",0.80,0.77,0.82,0.71,0.51,1.07,1.07,"",-3,-7.7,-22,-4.6,1271408,4.6,-319752,-4.1,4907,11.9,106,9.5,5502,9.5
"45087","5","2382","76","0","2025","A","N",3,0,0,0,0,0,0,"N",0.32,0,0,0,0,0,0,"N",0,0.0,0,0,0,0,0,0,0,0,0,0,0,0
"45089","5","2382","76","0","2025","A","",12,69,4450444,1204155,7843,1237,64344,"",0.95,0.64,0.75,0.65,0.45,1.17,1.17,"",1,9.1,-2,-2.8,471165,11.8,15485,1.3,-1438,-15.5,155,14.3,8100,14.4
"45091","5","2382","76","0","2025","A","",185,1515,115390211,28058089,128012,1465,76182,"",1.03,0.85,0.95,0.79,0.37,1.11,1.11,"",9,5.1,21,1.4,2809981,2.5,-1019941,-3.5,-68735,-34.9,16,1.1,814,1.1
"45999","5","2382","76","0","2025","A","",391,1877,166832045,40939456,632837,1709,88878,"",0.54,0.87,0.68,0.70,0.73,0.78,0.78,"N",6,1.6,0,0,0,0,0,0,0,0,0,0,0,0
"46000","5","2382","56","0","2025","A","",928,8641,626827764,155666765,1176354,1395,72545,"",1.16,1.12,1.24,1.12,1.59,1.10,1.10,"",25,2.8,347,4.2,53617014,9.4,2697542,1.8,85961,7.9,66,5.0,3431,5.0
"46003","5","2382","76","0","2025","A","N",1,0,0,0,0,0,0,"N",0.50,0,0,0,0,0,0,"N",0,0.0,0,0,0,0,0,0,0,0,0,0,0,0
"46005","5","2382","76","0","2025","A","",17,92,6321173,1558940,7983,1317,68460,"",1.28,0.65,0.76,0.60,0.69,1.17,1.16,"",0,0.0,1,1.1,600950,10.5,-14900,-0.9,6121,328.7,104,8.6,5369,8.5
"46007","5","2382","76","0","2025","A","",3,42,2172598,770953,45,991,51524,"",1.60,2.98,3.21,3.38,0.06,1.07,1.07,"",0,0.0,6,16.7,602421,38.4,130835,20.4,-7,-13.5,162,19.5,8407,19.5
"46009","5","2382","76","0","2025","A","",5,32,2033377,464030,3011,1238,64381,"",1.05,1.14,1.32,1.35,3.54,1.18,1.18,"",0,0.0,13,68.4,826793,68.5,195025,72.5,2915,3036.5,43,3.6,2239,3.6
"46011","5","2382","76","0","2025","A","",40,238,14249308,3887414,33023,1153,59955,"",1.44,0.73,0.68,0.69,0.90,0.94,0.94,"",-1,-2.4,17,7.7,2016601,16.5,125904,3.3,258,0.8,87,8.2,4541,8.2
"46013","5","2382","76","0","2025","A","",49,286,16912876,4866765,4877,1138,59153,"",1.64,0.87,0.84,0.83,0.16,0.96,0.96,"",-1,-2.0,-2,-0.7,-55652,-0.3,-160862,-3.2,-13255,-73.1,6,0.5,286,0.5
"46015","5","2382","76","0","2025","A","",6,17,683941,301058,0,774,40232,"",1.20,0.52,0.45,0.64,0.00,0.87,0.87,"",0,0.0,2,13.3,70597,11.5,74535,32.9,0,0.0,1,0.1,13,0.0
"46019","5","2382","76","0","2025","A","",15,64,3788530,1090368,8558,1141,59350,"",1.59,1.31,1.49,1.16,2.03,1.14,1.14,"",-2,-11.8,-2,-3.0,375007,11.0,-34601,-3.1,-5664,-39.8,150,15.1,7825,15.2
"46021","5","2382","76","0","2025","A","N",2,0,0,0,0,0,0,"N",1.35,0,0,0,0,0,0,"N",0,0.0,0,0,0,0,0,0,0,0,0,0,0,0
"46023","5","2382","76","0","2025","A","",9,21,1435673,359328,788,1331,69189,"",1.22,0.36,0.45,0.44,0.18,1.25,1.25,"",1,12.5,-1,-4.5,151407,11.8,-1068,-0.3,-113,-12.5,225,20.3,11685,20.3
"46025","5","2382","76","0","2025","A","",5,16,707975,250234,15,825,42908,"",1.36,0.79,0.68,0.63,0.00,0.83,0.84,"",0,0.0,-3,-15.8,-38557,-5.2,-25369,-9.2,15,100.0,76,10.1,3959,10.2
"46027","5","2382","76","0","2025","A","",10,53,3380013,868206,800,1224,63674,"",1.08,0.52,0.60,0.76,0.26,1.16,1.16,"",-1,-9.1,4,8.2,365778,12.1,-80388,-8.5,117,17.1,49,4.2,2575,4.2
"46029","5","2382","76","0","2025","A","",36,422,29599308,7578443,5889,1350,70210,"",1.29,1.47,1.73,1.42,0.28,1.18,1.18,"",1,2.9,9,2.2,2278525,8.3,-33655,-0.4,-10864,-64.8,77,6.0,4005,6.0
"46031","5","2382","76","0","2025","A","N",1,0,0,0,0,0,0,"N",0.79,0,0,0,0,0,0,"N",0,0.0,0,0,0,0,0,0,0,0,0,0,0,0
"46033","5","2382","76","0","2025","A","",11,52,2883993,960167,5091,1060,55108,"",1.31,1.16,1.17,1.20,1.29,1.01,1.01,"",-2,-15.4,1,2.0,221877,8.3,102482,11.9,-580,-10.2,59,5.9,3080,5.9
"46035","5","2382","76","0","2025","A","",24,497,39403382,10488755,267486,1524,79269,"",1.45,2.39,3.03,2.79,10.67,1.27,1.27,"",4,20.0,43,9.5,9217309,30.5,1878211,21.8,141912,113.0,246,19.2,12804,19.3
"46037","5","2382","76","0","2025","A","",5,15,820487,246191,807,1082,56262,"",0.92,0.46,0.48,0.47,0.10,1.08,1.08,"",0,0.0,1,7.1,116889,16.6,864,0.4,807,100.0,121,12.6,6302,12.6
"46039","5","2382","76","0","2025","A","N",3,0,0,0,0,0,0,"N",0.77,0,0,0,0,0,0,"N",1,50.0,0,0,0,0,0,0,0,0,0,0,0,0
"46041","5","2382","76","0","2025","A","N",4,0,0,0,0,0,0,"N",1.33,0,0,0,0,0,0,"N",0,0.0,0,0,0,0,0,0,0,0,0,0,0,0
"46043","5","2382","76","0","2025","A","N",2,0,0,0,0,0,0,"N",0.76,0,0,0,0,0,0,"N",0,0.0,0,0,0,0,0,0,0,0,0,0,0,0
"46047","5","2382","76","0","2025","A","",7,20,1306294,502332,11555,1256,65315,"",0.99,0.48,0.55,0.82,3.94,1.15,1.15,"",-1,-12.5,-5,-20.0,-399527,-23.4,-89487,-15.1,-7093,-38.0,-47,-3.6,-2466,-3.6
"46049","5","2382","76","0","2025","A","N",2,0,0,0,0,0,0,"N",0.79,0,0,0,0,0,0,"N",0,0.0,0,0,0,0,0,0,0,0,0,0,0,0
"46051","5","2382","76","0","2025","A","N",15,0,0,0,0,0,0,"N",2.01,0,0,0,0,0,0,"N",1,7.1,0,0,0,0,0,0,0,0,0,0,0,0
"46053","5","2382","76","0","2025","A","",6,19,973270,325816,450,1007,52373,"",1.35,0.72,0.81,0.81,0.28,1.15,1.15,"",0,0.0,0,0.0,25883,2.7,46023,16.4,-175,-28.0,31,3.2,1620,3.2
"46055","5","2382","76","0","2025","A","",3,10,463495,196056,0,884,45966,"",1.42,0.72,0.58,1.05,0.00,0.80,0.80,"",0,0.0,1,11.1,62846,15.7,44936,29.7,0,0.0,20,2.3,1033,2.3
"46057","5","2382","76","0","2025","A","",17,120,8456844,2014847,6795,1356,70523,"",3.00,2.66,2.94,2.23,1.34,1.11,1.11,"",1,6.2,12,11.1,1241469,17.2,242566,13.7,2211,48.2,72,5.6,3765,5.6
"46059","5","2382","76","0","2025","A","N",2,0,0,0,0,0,0,"N",0.62,0,0,0,0,0,0,"N",0,0.0,0,0,0,0,0,0,0,0,0,0,0,0
"46061","5","2382","76","0","2025","A","N",3,0,0,0,0,0,0,"N",1.41,0,0,0,0,0,0,"N",0,0.0,0,0,0,0,0,0,0,0,0,0,0,0
"46063","5","2382","76","0","2025","A","N",2,0,0,0,0,0,0,"N",1.48,0,0,0,0,0,0,"N",1,100.0,0,0,0,0,0,0,0,0,0,0,0,0
"46065","5","2382","76","0","2025","A","",21,140,8929961,2387609,2616,1225,63710,"",1.15,0.78,0.71,0.98,0.26,0.91,0.91,"",0,0.0,-3,-2.1,303602,3.5,-72423,-2.9,-2413,-48.0,67,5.8,3491,5.8
"46067","5","2382","76","0","2025","A","N",8,0,0,0,0,0,0,"N",1.37,0,0,0,0,0,0,"N",-2,-20.0,0,0,0,0,0,0,0,0,0,0,0,0
"46069","5","2382","76","0","2025","A","N",1,0,0,0,0,0,0,"N",0.66,0,0,0,0,0,0,"N",0,0.0,0,0,0,0,0,0,0,0,0,0,0,0
"46071","5","2382","76","0","2025","A","N",1,0,0,0,0,0,0,"N",0.62,0,0,0,0,0,0,"N",0,0.0,0,0,0,0,0,0,0,0,0,0,0,0
"46073","5","2382","76","0","2025","A","N",1,0,0,0,0,0,0,"N",0.48,0,0,0,0,0,0,"N",0,0.0,0,0,0,0,0,0,0,0,0,0,0,0
"46077","5","2382","76","0","2025","A","",8,19,1112793,329901,5047,1141,59349,"",1.53,0.64,0.68,0.59,2.46,1.08,1.08,"",1,14.3,3,18.8,209466,23.2,50043,17.9,2941,139.6,44,4.0,2297,4.0
"46079","5","2382","76","0","2025","A","N",9,0,0,0,0,0,0,"N",0.91,0,0,0,0,0,0,"N",0,0.0,0,0,0,0,0,0,0,0,0,0,0,0
"46081","5","2382","76","0","2025","A","",30,170,10536674,3022273,20298,1192,61980,"",0.91,0.74,0.83,0.70,1.04,1.12,1.12,"",2,7.1,8,4.9,1352857,14.7,283915,10.4,4524,28.7,104,9.6,5406,9.6
"46083","5","2382","76","0","2025","A","",66,454,27503611,8245694,88811,1166,60647,"",1.26,0.89,0.71,0.82,1.39,0.80,0.80,"",5,8.2,-3,-0.7,151246,0.6,-275467,-3.2,-7293,-7.6,15,1.3,795,1.3
"46087","5","2382","76","0","2025","A","",6,20,1181387,324999,0,1141,59317,"",1.27,0.85,0.86,0.77,0.00,1.01,1.01,"",1,20.0,2,11.1,233317,24.6,-8868,-2.7,-2251,-100.0,114,11.1,5905,11.1
"46089","5","2382","76","0","2025","A","N",2,0,0,0,0,0,0,"N",1.08,0,0,0,0,0,0,"N",-1,-33.3,0,0,0,0,0,0,0,0,0,0,0,0
"46091","5","2382","76","0","2025","A","",5,26,1393393,430360,900,1024,53251,"",1.20,0.93,0.83,0.76,0.32,0.89,0.89,"",0,0.0,-7,-21.2,-242838,-14.8,-131619,-23.4,160,21.6,58,6.0,3034,6.0
"46093","5","2382","76","0","2025","A","",39,318,24424270,6659080,100361,1477,76806,"",1.83,2.07,2.47,2.75,6.12,1.19,1.19,"",4,11.4,24,8.2,3665250,17.7,603233,10.0,17305,20.8,118,8.7,6137,8.7
"46097","5","2382","76","0","2025","A","N",1,0,0,0,0,0,0,"N",0.48,0,0,0,0,0,0,"N",0,0.0,0,0,0,0,0,0,0,0,0,0,0,0
"46099","5","2382","76","0","2025","A","",198,3229,262403916,57686222,311352,1563,81263,"",1.00,1.38,1.54,1.37,1.48,1.12,1.12,"",4,2.1,29,0.9,8709801,3.4,-2235238,-3.7,-34589,-10.0,39,2.6,1990,2.5
"46101","5","2382","76","0","2025","A","",4,16,693423,223019,0,838,43566,"",0.96,0.38,0.27,0.25,0.00,0.72,0.72,"",0,0.0,0,0.0,34665,5.3,-20534,-8.4,0,0.0,34,4.2,1740,4.2
"46102","5","2382","76","0","2025","A","N",1,0,0,0,0,0,0,"N",0.38,0,0,0,0,0,0,"N",0,0.0,0,0,0,0,0,0,0,0,0,0,0,0
"46103","5","2382","76","0","2025","A","",126,1431,104859854,25800786,143003,1409,73282,"",1.10,1.37,1.55,1.31,1.49,1.13,1.13,"",4,3.3,132,10.2,14906105,16.6,1657913,6.9,-8692,-5.7,77,5.8,4042,5.8
"46105","5","2382","76","0","2025","A","",3,19,1119907,298512,1981,1124,58430,"",1.07,1.06,1.31,0.99,1.63,1.23,1.23,"",0,0.0,-1,-5.0,49983,4.7,-74894,-20.1,-4362,-68.8,104,10.2,5376,10.1
"46107","5","2382","76","0","2025","A","",4,45,2522538,650008,0,1082,56265,"",1.42,3.38,3.56,2.78,0.00,1.06,1.06,"",-1,-20.0,1,2.3,158671,6.7,27188,4.4,-16,-100.0,43,4.1,2234,4.1
"46109","5","2382","76","0","2025","A","",5,19,821296,301020,626,828,43037,"",0.84,0.33,0.28,0.27,0.07,0.83,0.83,"",0,0.0,1,5.6,27660,3.5,-30515,-9.2,-1079,-63.3,-1,-0.1,-56,-0.1
"46111","5","2382","76","0","2025","A","",3,10,543749,165270,255,1063,55297,"",1.72,0.96,1.07,0.90,0.37,1.14,1.14,"",0,0.0,-1,-9.1,-39565,-6.8,-3728,-2.2,-242,-48.7,51,5.0,2667,5.1
"46115","5","2382","76","0","2025","A","",7,37,2454145,459216,11833,1284,66779,"",1.36,0.93,1.09,0.73,3.12,1.17,1.17,"",0,0.0,-6,-14.0,32021,1.3,-198034,-30.1,3354,39.6,209,19.4,10884,19.5
"46117","5","2382","76","0","2025","A","",4,28,1808579,489373,2133,1224,63645,"",1.32,1.26,1.53,1.13,0.23,1.19,1.19,"",0,0.0,2,7.7,215839,13.6,31570,6.9,1569,278.2,46,3.9,2386,3.9
"46119","5","2382","76","0","2025","A","N",1,0,0,0,0,0,0,"N",0.53,0,0,0,0,0,0,"N",0,0.0,0,0,0,0,0,0,0,0,0,0,0,0
"46121","5","2382","76","0","2025","A","N",3,0,0,0,0,0,0,"N",1.46,0,0,0,0,0,0,"N",0,0.0,0,0,0,0,0,0,0,0,0,0,0,0
"46123","5","2382","76","0","2025","A","",4,30,1446775,529626,267,920,47827,"",0.77,0.77,0.66,0.82,0.15,0.85,0.85,"",0,0.0,-1,-3.2,3241,0.2,-3022,-0.6,-633,-70.3,34,3.8,1757,3.8
"46125","5","2382","76","0","2025","A","",14,40,1909731,667695,2539,909,47251,"",2.00,0.99,0.89,0.98,0.84,0.90,0.90,"",0,0.0,3,8.1,91884,5.1,22420,3.5,-995,-28.2,-40,-4.2,-2102,-4.3
"46127","5","2382","76","0","2025","A","",14,113,7246111,1909647,12100,1238,64362,"",0.80,0.71,0.56,0.50,0.76,0.79,0.79,"",1,7.7,7,6.6,352283,5.1,8592,0.5,172,1.4,-18,-1.4,-931,-1.4
"46129","5","2382","76","0","2025","A","",8,15,579768,265813,1350,747,38867,"",1.56,0.43,0.31,0.46,0.24,0.73,0.73,"",0,0.0,1,7.1,39952,7.4,1543,0.6,-1620,-54.5,1,0.1,78,0.2
"46135","5","2382","76","0","2025","A","",24,143,8175452,2508779,19807,1097,57038,"",1.41,0.67,0.61,0.64,1.95,0.91,0.91,"",3,14.3,14,10.9,1162640,16.6,328213,15.1,7540,61.5,52,5.0,2710,5.0
"46999","5","2382","76","0","2025","A","N",1,0,0,0,0,0,0,"N",0.12,0,0,0,0,0,0,"N",1,100.0,0,0,0,0,0,0,0,0,0,0,0,0
"47000","5","2382","56","0","2025","A","",4648,56928,4556948607,567244331,6812084,1539,80047,"",1.11,1.04,1.09,0.92,0.78,1.04,1.04,"",-86,-1.8,845,1.5,211798241,4.9,-1346252,-0.2,-202812,-2.9,49,3.3,2570,3.3
"47001","5","2382","76","0","2025","A","",45,868,74053021,10990902,453380,1641,85347,"",1.18,1.12,1.05,1.26,3.97,0.94,0.94,"",7,18.4,-86,-9.0,-15833868,-17.6,-3350759,-23.4,143752,46.4,-171,-9.4,-8866,-9.4
"47003","5","2382","76","0","2025","A","",41,209,12909165,2030061,26344,1185,61643,"",2.06,0.74,0.75,0.59,0.60,1.01,1.01,"",0,0.0,-15,-6.7,216105,1.7,-345430,-14.5,-8871,-25.2,94,8.6,4914,8.7
"47005","5","2382","76","0","2025","A","",7,26,2115876,221345,1620,1596,82976,"",1.01,0.35,0.54,0.28,0.16,1.58,1.58,"",0,0.0,5,23.8,939544,79.9,9961,4.7,400,32.8,506,46.4,26285,46.4
"47007","5","2382","76","0","2025","A","N",3,0,0,0,0,0,0,"N",0.84,0,0,0,0,0,0,"N",0,0.0,0,0,0,0,0,0,0,0,0,0,0,0
"47009","5","2382","76","0","2025","A","",86,1122,88376707,10226481,86626,1515,78802,"",1.37,1.18,1.35,0.96,0.65,1.15,1.15,"",-2,-2.3,17,1.5,11533972,15.0,273094,2.7,10954,14.5,177,13.2,9235,13.3
"47011","5","2382","76","0","2025","A","",59,481,32441951,5034920,46421,1296,67400,"",1.28,0.72,0.78,0.67,0.48,1.09,1.09,"",-3,-4.8,48,11.1,3582770,12.4,-192185,-3.7,-3697,-7.4,14,1.1,725,1.1
"47013","5","2382","76","0","2025","A","",17,57,3054256,547006,5728,1030,53583,"",1.21,0.37,0.40,0.34,0.26,1.10,1.10,"",1,6.2,-2,-3.4,341205,12.6,-50401,-8.4,-2689,-31.9,142,16.0,7403,16.0
"47015","5","2382","76","0","2025","A","",10,41,2046720,382316,4648,950,49418,"",1.83,1.11,1.01,1.07,0.98,0.90,0.90,"",-2,-16.7,-6,-12.8,-55605,-2.6,-66920,-14.9,850,22.4,82,9.4,4288,9.5
"47017","5","2382","76","0","2025","A","",14,68,3613295,644570,9570,1017,52877,"",1.35,0.54,0.51,0.54,0.54,0.94,0.94,"",1,7.7,5,7.9,347797,10.7,24716,4.0,2327,32.1,24,2.4,1249,2.4
"47019","5","2382","76","0","2025","A","",30,254,16222607,2309861,36108,1226,63764,"",1.88,1.20,1.35,1.10,0.79,1.12,1.12,"",-3,-9.1,1,0.4,-13066079,-44.6,-114043,-4.7,7744,27.3,-1000,-44.9,-52002,-44.9
"47021","5","2382","76","0","2025","A","",44,275,20776304,2589174,24221,1451,75436,"",2.49,1.65,1.91,1.39,0.78,1.15,1.15,"",-5,-10.2,-28,-9.2,507340,2.5,-403598,-13.5,-5135,-17.5,164,12.7,8523,12.7
"47023","5","2382","76","0","2025","A","",6,18,969922,158517,1457,1013,52665,"",1.05,0.28,0.29,0.25,0.15,1.03,1.03,"",-1,-14.3,4,28.6,328711,51.3,26411,20.0,307,26.7,153,17.8,7929,17.7
"47025","5","2382","76","0","2025","A","",14,75,6399146,611627,3158,1646,85607,"",1.23,0.52,0.83,0.45,0.19,1.61,1.61,"",0,0.0,25,50.0,3988407,165.4,111941,22.4,342,12.1,717,77.2,37312,77.3
"47027","5","2382","76","0","2025","A","N",2,0,0,0,0,0,0,"N",0.72,0,0,0,0,0,0,"N",-1,-33.3,0,0,0,0,0,0,0,0,0,0,0,0
"47029","5","2382","76","0","2025","A","",12,80,5488539,1095590,23320,1319,68607,"",1.12,0.65,0.84,0.87,1.29,1.29,1.29,"",0,0.0,16,25.0,2497203,83.5,508041,86.5,13718,142.9,417,46.2,21684,46.2
"47031","5","2382","76","0","2025","A","",28,249,20595303,2823111,45872,1588,82601,"",0.94,0.58,0.73,0.58,0.74,1.27,1.27,"",0,0.0,-131,-34.5,-8899623,-30.2,-1353032,-32.4,-139279,-75.2,97,6.5,5068,6.5
"47033","5","2382","76","0","2025","A","",4,35,1908226,280243,779,1048,54521,"",0.69,0.54,0.48,0.39,0.09,0.88,0.88,"N",-2,-33.3,0,0,0,0,0,0,0,0,0,0,0,0
"47035","5","2382","76","0","2025","A","",40,381,23995828,4157983,73398,1213,63050,"",1.40,1.19,1.42,1.13,1.18,1.20,1.20,"",-3,-7.0,13,3.5,536799,2.3,-61634,-1.5,372,0.5,-14,-1.1,-755,-1.2
"47037","5","2382","76","0","2025","A","",512,11837,1051116957,118564941,1225570,1708,88797,"",0.83,1.28,1.21,1.15,0.81,0.95,0.95,"",-20,-3.8,444,3.9,85493367,8.9,4338861,3.8,53308,4.5,78,4.8,4039,4.8
"47039","5","2382","76","0","2025","A","",7,21,1049915,257847,3649,943,49023,"",1.21,0.37,0.35,0.39,0.32,0.91,0.91,"",1,16.7,-24,-53.3,-1361103,-56.5,-251493,-49.4,-6679,-64.7,-84,-8.2,-4357,-8.2
"47041","5","2382","76","0","2025","A","",12,48,2443062,519086,4789,970,50459,"",1.43,0.55,0.51,0.53,0.40,0.91,0.91,"",-4,-25.0,-12,-20.0,-433447,-15.1,-103464,-16.6,-3858,-44.6,51,5.5,2650,5.5
"47043","5","2382","76","0","2025","A","",48,461,32318472,4087859,32686,1347,70054,"",1.85,1.47,1.77,1.14,0.84,1.20,1.21,"",2,4.3,18,4.1,4510674,16.2,345737,9.2,2405,7.9,140,11.6,7282,11.6
"47045","5","2382","76","0","2025","A","",20,230,14132243,1860582,11760,1181,61422,"",1.22,0.82,0.83,0.63,0.26,1.01,1.01,"",-2,-9.1,41,21.7,2887416,25.7,334585,21.9,556,5.0,37,3.2,1926,3.2
"47047","5","2382","76","0","2025","A","",44,293,19097375,2854032,17752,1252,65086,"",2.91,2.09,2.09,1.79,0.86,1.00,1.00,"",2,4.8,2,0.7,-473140,-2.4,123675,4.5,1293,7.9,-43,-3.3,-2244,-3.3
"47049","5","2382","76","0","2025","A","",6,32,1414877,353233,7089,857,44563,"",0.84,0.32,0.31,0.33,0.58,0.96,0.96,"",0,0.0,4,14.3,249824,21.4,56789,19.2,1903,36.7,69,8.8,3564,8.7
"47051","5","2382","76","0","2025","A","",20,90,7204926,1000371,16182,1534,79759,"",1.09,0.48,0.65,0.51,0.78,1.36,1.36,"",-2,-9.1,-1,-1.1,-752790,-9.5,-105200,-9.5,-1609,-9.0,-143,-8.5,-7449,-8.5
"47053","5","2382","76","0","2025","A","",34,258,15743983,2437819,40846,1173,60984,"",1.64,0.94,1.03,0.79,0.99,1.09,1.09,"",1,3.0,46,21.7,4317319,37.8,376932,18.3,13193,47.7,138,13.3,7148,13.3
"47055","5","2382","76","0","2025","A","",16,83,4696644,763086,8457,1086,56473,"",1.20,0.52,0.49,0.41,0.37,0.95,0.95,"",-1,-5.9,6,7.8,764781,19.5,14717,2.0,4581,118.2,104,10.6,5410,10.6
"47057","5","2382","76","0","2025","A","",15,192,13263148,1635239,15894,1327,69019,"",2.07,2.74,3.09,2.11,1.87,1.13,1.13,"",1,7.1,-6,-3.0,-521161,-3.8,-162876,-9.1,2561,19.2,-15,-1.1,-746,-1.1
"47059","5","2382","76","0","2025","A","",32,250,15623830,2483692,19126,1201,62454,"",1.10,0.60,0.66,0.54,0.29,1.10,1.10,"",0,0.0,9,3.7,1359407,9.5,82476,3.4,1535,8.7,64,5.6,3347,5.7
"47061","5","2382","76","0","2025","A","N",2,0,0,0,0,0,0,"N",0.44,0,0,0,0,0,0,"N",1,100.0,0,0,0,0,0,0,0,0,0,0,0,0
"47063","5","2382","76","0","2025","A","",29,221,14200434,1965193,12335,1235,64231,"",0.97,0.40,0.45,0.31,0.17,1.12,1.12,"",-1,-3.3,-50,-18.5,-3982049,-21.9,-496494,-20.2,-19073,-60.7,-55,-4.3,-2842,-4.2
"47065","5","2382","76","0","2025","A","",274,4790,388049142,47296835,648797,1558,81019,"",1.12,1.31,1.40,1.15,1.21,1.07,1.07,"",-12,-4.2,-76,-1.6,13221485,3.5,-30787,-0.1,9412,1.5,77,5.2,3997,5.2
"47067","5","2382","76","0","2025","A","N",3,0,0,0,0,0,0,"N",1.50,0,0,0,0,0,0,"N",0,0.0,0,0,0,0,0,0,0,0,0,0,0,0
"47069","5","2382","76","0","2025","A","",10,79,5668785,1360639,26020,1384,71985,"",1.43,0.74,0.91,1.27,2.32,1.24,1.24,"",0,0.0,24,43.6,2316736,69.1,350712,34.7,1823,7.5,214,18.3,11131,18.3
"47071","5","2382","76","0","2025","A","",14,68,3843164,596984,5769,1082,56241,"",1.21,0.49,0.48,0.43,0.33,0.98,0.98,"",0,0.0,4,6.2,527532,15.9,8470,1.4,1659,40.4,82,8.2,4231,8.1
"47073","5","2382","76","0","2025","A","",26,188,10823351,1942005,23053,1104,57418,"",1.60,0.85,0.75,0.71,0.28,0.89,0.88,"",-1,-3.7,-49,-20.7,-6080029,-36.0,-812829,-29.5,-27940,-54.8,-269,-19.6,-13954,-19.6
"47075","5","2382","76","0","2025","A","",15,166,15380109,2038550,43832,1784,92744,"",1.93,1.57,1.96,1.43,1.73,1.25,1.25,"",1,7.1,-625,-79.0,-77979259,-83.5,-7537761,-78.7,-213212,-82.9,-485,-21.4,-25246,-21.4
"47077","5","2382","76","0","2025","A","",15,69,4103226,590968,7134,1145,59539,"",1.34,0.50,0.56,0.39,0.31,1.11,1.11,"",1,7.1,3,4.5,461042,12.7,-69130,-10.5,-687,-8.8,78,7.3,4074,7.3
"47079","5","2382","76","0","2025","A","",20,198,11179845,1833059,10459,1085,56440,"",1.32,1.00,1.04,0.87,0.35,1.05,1.05,"",0,0.0,19,10.6,2007524,21.9,227326,14.2,3422,48.6,98,9.9,5126,10.0
"47081","5","2382","76","0","2025","A","",13,123,8167894,1339111,17665,1275,66316,"",1.74,1.79,2.04,2.01,1.73,1.14,1.14,"",1,8.3,10,8.8,-1010785,-11.0,-192831,-12.6,-2424,-12.1,-293,-18.7,-15212,-18.7
"47083","5","2382","76","0","2025","A","",6,34,1539720,284819,2856,877,45621,"",2.09,1.38,1.21,1.13,0.60,0.88,0.88,"",0,0.0,-6,-15.0,-118700,-7.2,-90862,-24.2,-606,-17.5,83,10.5,4333,10.5
"47085","5","2382","76","0","2025","A","",14,148,10680422,1684210,34625,1385,72003,"",1.82,1.54,1.62,1.52,2.31,1.05,1.05,"",-1,-6.7,2,1.4,188597,1.8,-68964,-3.9,-25696,-42.6,0,0.0,-23,0.0
"47087","5","2382","76","0","2025","A","",9,50,2645865,484824,6565,1023,53183,"",2.24,1.77,1.79,1.59,1.12,1.02,1.02,"",1,12.5,10,25.0,738483,38.7,127851,35.8,3343,103.8,115,12.7,5990,12.7
"47089","5","2382","76","0","2025","A","",27,135,7465757,1274998,12355,1065,55405,"",1.39,0.59,0.51,0.51,0.41,0.88,0.88,"",-1,-3.6,11,8.9,-1230688,-14.2,93611,7.9,-340,-2.7,-288,-21.3,-14964,-21.3
"47091","5","2382","76","0","2025","A","",4,14,630152,122968,958,898,46678,"",0.60,0.20,0.15,0.18,0.10,0.76,0.76,"",-2,-33.3,2,16.7,103439,19.6,7453,6.5,379,65.5,30,3.5,1531,3.4
"47093","5","2382","76","0","2025","A","",359,5566,425236575,52121897,458213,1469,76393,"",1.14,1.27,1.32,1.07,0.73,1.04,1.04,"",-19,-5.0,145,2.7,34754867,8.9,-177217,-0.3,-5263,-1.1,84,6.1,4357,6.0
"47095","5","2382","76","0","2025","A","N",1,0,0,0,0,0,0,"N",0.45,0,0,0,0,0,0,"N",-1,-50.0,0,0,0,0,0,0,0,0,0,0,0,0
"47097","5","2382","76","0","2025","A","",6,37,2099699,314667,2121,1089,56621,"",0.89,0.35,0.35,0.34,0.23,1.00,1.00,"",0,0.0,-5,-11.9,-310613,-12.9,-56766,-15.3,-1382,-39.5,-21,-1.9,-1111,-1.9
"47099","5","2382","76","0","2025","A","",16,104,6093672,950391,8514,1122,58359,"",0.90,0.54,0.61,0.45,0.33,1.13,1.13,"",0,0.0,-2,-1.9,-84401,-1.4,-78979,-7.7,-28,-0.3,0,0.0,29,0.0
"47101","5","2382","76","0","2025","A","",5,24,1104635,251401,1120,885,46026,"",0.93,0.44,0.35,0.43,0.12,0.80,0.80,"",-2,-28.6,-2,-7.7,-30104,-2.7,-9544,-3.7,-883,-44.1,56,6.8,2935,6.8
"47103","5","2382","76","0","2025","A","",21,78,4941098,687584,9785,1221,63483,"",1.42,0.48,0.53,0.38,0.40,1.12,1.12,"",-1,-4.5,8,11.4,1231777,33.2,-25001,-3.5,2378,32.1,196,19.1,10175,19.1
"47105","5","2382","76","0","2025","A","",40,329,21360089,3274039,31705,1249,64974,"",1.46,1.09,1.16,0.92,0.72,1.06,1.06,"",-3,-7.0,13,4.1,3524077,19.8,66309,2.1,2407,8.2,163,15.0,8501,15.1
"47107","5","2382","76","0","2025","A","",14,104,5874485,898768,7649,1081,56215,"",0.68,0.36,0.35,0.27,0.23,0.96,0.96,"",1,7.7,1,1.0,384668,7.0,-97311,-9.8,-2328,-23.3,58,5.7,3002,5.6
"47109","5","2382","76","0","2025","A","N",17,0,0,0,0,0,0,"N",1.64,0,0,0,0,0,0,"N",1,6.2,0,0,0,0,0,0,0,0,0,0,0,0
"47111","5","2382","76","0","2025","A","",12,79,5192784,1243207,16324,1259,65455,"",1.57,0.91,1.10,1.15,1.67,1.21,1.21,"",0,0.0,-11,-12.2,-443899,-7.9,242471,24.2,-5106,-23.8,52,4.3,2709,4.3
"47113","5","2382","76","0","2025","A","",66,1226,98997556,11548089,88179,1552,80721,"",1.21,1.20,1.47,1.07,0.65,1.23,1.23,"",-7,-9.6,-48,-3.8,-8100963,-7.6,180381,1.6,-2063,-2.3,-65,-4.0,-3349,-4.0
"47115","5","2382","76","0","2025","A","",7,55,3862584,457057,2415,1349,70123,"",0.62,0.39,0.48,0.31,0.11,1.22,1.21,"",0,0.0,5,10.0,446014,13.1,79642,21.1,804,49.9,41,3.1,2132,3.1
"47117","5","2382","76","0","2025","A","",19,164,8927549,1469254,7603,1050,54575,"",1.36,1.00,0.90,0.77,0.26,0.90,0.90,"",-2,-9.5,2,1.2,157465,1.8,-62362,-4.1,-798,-9.5,12,1.2,605,1.1
"47119","5","2382","76","0","2025","A","",82,524,35726799,5546233,145943,1312,68203,"",1.41,0.77,0.72,0.69,1.35,0.93,0.93,"",-2,-2.4,6,1.2,-2087608,-5.5,262681,5.0,-26929,-15.6,-92,-6.6,-4798,-6.6
"47121","5","2382","76","0","2025","A","",4,20,1084610,165989,508,1070,55621,"",1.31,0.62,0.52,0.49,0.10,0.86,0.85,"",1,33.3,1,5.3,230796,27.0,-50731,-23.4,113,28.6,213,24.9,11074,24.9
"47123","5","2382","76","0","2025","A","",18,76,3262181,715613,15450,823,42783,"",1.04,0.31,0.24,0.28,0.32,0.76,0.75,"",-5,-21.7,2,2.7,642180,24.5,-67936,-8.7,-2418,-13.5,140,20.5,7258,20.4
"47125","5","2382","76","0","2025","A","",123,978,68960402,9525661,119562,1356,70494,"",1.40,0.89,1.04,0.84,0.68,1.17,1.17,"",1,0.8,-6,-0.6,1890069,2.8,-75824,-0.8,-14730,-11.0,45,3.4,2345,3.4
"47127","5","2382","76","0","2025","A","N",2,0,0,0,0,0,0,"N",1.22,0,0,0,0,0,0,"N",0,0.0,0,0,0,0,0,0,0,0,0,0,0,0
"47129","5","2382","76","0","2025","A","",6,20,1144532,208918,3380,1114,57951,"",1.29,0.38,0.39,0.47,0.61,1.04,1.04,"",0,0.0,0,0.0,110815,10.7,2020,1.0,676,25.0,136,13.9,7112,14.0
"47131","5","2382","76","0","2025","A","",17,172,11620543,1441017,22238,1300,67594,"",1.23,0.86,1.06,0.60,0.76,1.23,1.23,"",1,6.2,10,6.2,433287,3.9,52851,3.8,-3473,-13.5,-29,-2.2,-1499,-2.2
"47133","5","2382","76","0","2025","A","",9,33,1813804,327508,2347,1062,55243,"",1.07,0.34,0.33,0.29,0.19,0.97,0.97,"",2,28.6,3,10.0,147890,8.9,70967,27.7,754,47.3,6,0.6,323,0.6
"47135","5","2382","76","0","2025","A","N",1,0,0,0,0,0,0,"N",0.32,0,0,0,0,0,0,"N",-1,-50.0,0,0,0,0,0,0,0,0,0,0,0,0
"47137","5","2382","76","0","2025","A","",3,21,597980,168591,3320,552,28703,"",1.39,1.40,0.89,1.10,0.97,0.64,0.64,"",-2,-40.0,0,0.0,69099,13.1,-12837,-7.1,1646,98.3,71,14.8,3716,14.9
"47139","5","2382","76","0","2025","A","",9,42,2100885,544212,10767,958,49823,"",1.44,0.94,0.98,1.17,1.41,1.04,1.04,"",-3,-25.0,-28,-40.0,-1158826,-35.5,-494176,-47.6,-5441,-33.6,69,7.8,3586,7.8
"47141","5","2382","76","0","2025","A","",62,891,56876766,8381405,63695,1228,63865,"",1.33,1.34,1.50,1.24,0.75,1.12,1.12,"",0,0.0,9,1.0,2499377,4.6,-130,0.0,-4547,-6.7,42,3.5,2218,3.6
"47143","5","2382","76","0","2025","A","",10,79,5267723,720894,9471,1284,66750,"",0.85,0.39,0.41,0.37,0.34,1.06,1.06,"",3,42.9,16,25.4,1161593,28.3,152603,26.9,4028,74.0,36,2.9,1831,2.8
"47145","5","2382","76","0","2025","A","",23,446,43784045,6605540,196254,1890,98262,"",1.19,1.35,1.37,1.99,5.46,1.02,1.02,"",-3,-11.5,378,555.9,40503326,1234.6,5883658,815.0,172092,712.2,960,103.2,49898,103.2
"47147","5","2382","76","0","2025","A","",57,422,35504461,4467859,43646,1616,84051,"",1.85,1.09,1.49,0.97,0.69,1.37,1.37,"",-1,-1.7,43,11.3,7268569,25.7,509348,12.9,-1330,-3.0,185,12.9,9632,12.9
"47149","5","2382","76","0","2025","A","",207,1824,142667795,18298893,194084,1504,78196,"",1.30,0.74,0.79,0.65,0.56,1.08,1.08,"",-5,-2.4,184,11.2,23974986,20.2,1896871,11.6,51175,35.8,112,8.0,5819,8.0
"47151","5","2382","76","0","2025","A","",7,16,578889,144378,2262,714,37148,"",0.82,0.17,0.13,0.13,0.16,0.78,0.78,"N",0,0.0,0,0,0,0,0,0,0,0,0,0,0,0
"47153","5","2382","76","0","2025","A","N",2,0,0,0,0,0,0,"N",0.35,0,0,0,0,0,0,"N",0,0.0,0,0,0,0,0,0,0,0,0,0,0,0
"47155","5","2382","76","0","2025","A","",86,481,27765341,4808893,65938,1111,57754,"",1.29,0.54,0.64,0.44,0.32,1.18,1.18,"",0,0.0,19,4.1,2566179,10.2,403421,9.2,7660,13.1,61,5.8,3171,5.8
"47157","5","2382","76","0","2025","A","",460,8297,714917556,77632005,785021,1657,86167,"",1.05,1.05,1.13,0.92,0.74,1.07,1.07,"",-21,-4.4,268,3.3,53664008,8.1,-1060287,-1.3,-50850,-6.1,73,4.6,3809,4.6
"47159","5","2382","76","0","2025","A","",10,39,1753450,390569,2515,861,44769,"",1.28,0.47,0.35,0.44,0.25,0.75,0.75,"",-3,-23.1,-3,-7.1,-242067,-12.1,-12433,-3.1,-247,-8.9,-47,-5.2,-2462,-5.2
"47161","5","2382","76","0","2025","A","",12,39,3048795,346530,4453,1520,79018,"",2.49,0.83,0.92,0.71,0.55,1.13,1.13,"N",-1,-7.7,0,0,0,0,0,0,0,0,0,0,0,0
"47163","5","2382","76","0","2025","A","",95,1811,141036909,17982484,172443,1497,77867,"",1.24,1.54,1.62,1.41,1.09,1.05,1.05,"",-3,-3.1,34,1.9,2648998,1.9,240695,1.4,16493,10.6,-1,-0.1,-21,0.0
"47165","5","2382","76","0","2025","A","",140,1213,103927375,12674970,113988,1647,85660,"",1.38,1.15,1.48,1.05,0.66,1.28,1.28,"",-9,-6.0,90,8.0,11499840,12.4,1793388,16.5,-26377,-18.8,64,4.0,3325,4.0
"47167","5","2382","76","0","2025","A","",48,334,21397525,3626459,53180,1231,64001,"",2.67,1.68,1.91,1.65,1.52,1.14,1.14,"",-2,-4.0,-67,-16.7,-9015712,-29.6,-1576425,-30.3,-47395,-47.1,-228,-15.6,-11858,-15.6
"47169","5","2382","76","0","2025","A","",4,11,463331,106001,1138,780,40584,"",1.14,0.25,0.17,0.21,0.14,0.65,0.65,"N",-1,-20.0,0,0,0,0,0,0,0,0,0,0,0,0
"47171","5","2382","76","0","2025","A","",9,40,1521107,411491,5414,724,37636,"",1.48,0.49,0.28,0.50,0.52,0.57,0.57,"",3,50.0,10,33.3,390224,34.5,118862,40.6,2795,106.7,-11,-1.5,-591,-1.5
"47173","5","2382","76","0","2025","A","",14,94,6442481,806908,7708,1315,68355,"",2.52,2.09,2.73,1.63,1.61,1.30,1.30,"",1,7.7,-10,-9.6,-20437,-0.3,-207424,-20.4,-2081,-21.3,114,9.5,5911,9.5
"47177","5","2382","76","0","2025","A","",20,162,9551501,1537644,16915,1134,58960,"",1.10,0.76,0.79,0.65,0.70,1.04,1.04,"",-4,-16.7,1,0.6,632780,7.1,118351,8.3,3250,23.8,67,6.3,3478,6.3
"47179","5","2382","76","0","2025","A","",86,689,40438858,6698207,86242,1129,58692,"",1.22,0.65,0.61,0.68,0.63,0.93,0.93,"",-5,-5.5,43,6.7,4119505,11.3,676975,11.2,-4523,-5.0,47,4.3,2427,4.3
"47181","5","2382","76","0","2025","A","",4,8,461138,65938,330,1169,60809,"",0.74,0.12,0.13,0.09,0.03,1.16,1.16,"N",-1,-20.0,0,0,0,0,0,0,0,0,0,0,0,0
"47183","5","2382","76","0","2025","A","",11,79,3702740,747529,9905,902,46920,"",0.89,0.44,0.42,0.44,0.18,0.94,0.94,"",-3,-21.4,1,1.3,210102,6.0,-36440,-4.6,-1179,-10.6,38,4.4,1999,4.5
"47185","5","2382","76","0","2025","A","",17,100,8739370,1005670,9833,1672,86959,"",1.56,0.85,1.43,0.79,0.73,1.68,1.68,"",4,30.8,21,26.6,4931029,129.5,91650,10.0,1379,16.3,743,80.0,38650,80.0
"47187","5","2382","76","0","2025","A","",158,2695,236744634,25435547,235953,1690,87859,"",0.61,1.07,0.95,0.77,0.47,0.89,0.89,"",-11,-6.5,18,0.7,20122112,9.3,181413,0.7,-6123,-2.5,134,8.6,6929,8.6
"47189","5","2382","76","0","2025","A","",124,891,68005526,10441530,148550,1468,76354,"",1.45,0.81,0.94,0.76,0.74,1.16,1.16,"",-6,-4.6,62,7.5,5976066,9.6,1492025,16.7,31085,26.5,29,2.0,1537,2.1
"47999","5","2382","76","0","2025","A","",412,2187,189994808,27290335,514538,1671,86888,"",0.84,0.96,0.71,0.76,0.73,0.74,0.74,"",68,19.8,52,2.4,5059838,2.7,-644137,-2.3,-71579,-12.2,5,0.3,271,0.3
"48000","3","2382","56","0","2025","A","",6,50,2453017,99046,694,939,48816,"",1.70,1.29,0.89,6.05,2.49,0.69,0.69,"",0,0.0,-19,-27.5,-488297,-16.6,4142,4.4,-540,-43.8,122,14.9,6342,14.9
"48000","5","2382","56","0","2025","A","",18649,254256,20854212100,3260770827,66961030,1577,82021,"",1.11,1.08,1.04,0.99,0.91,0.97,0.97,"",404,2.2,13150,5.5,2214324967,11.9,198452944,6.5,761253,1.1,90,6.1,4711,6.1
"48001","5","2382","76","0","2025","A","",41,209,11183648,2363061,27796,1031,53617,"",1.30,0.61,0.48,0.51,0.33,0.79,0.79,"",2,5.1,14,7.2,637246,6.0,217394,10.1,12710,84.3,-7,-0.7,-375,-0.7
"48003","5","2382","76","0","2025","A","",14,494,49947178,10420309,138737,1946,101210,"",1.32,3.78,4.31,5.31,4.10,1.14,1.14,"",-1,-6.7,14,2.9,1775357,3.7,-1506224,-12.6,-10716,-7.2,14,0.7,747,0.7
"48005","5","2382","76","0","2025","A","",57,878,63818770,11195066,175424,1398,72714,"",1.51,1.48,1.88,1.57,1.78,1.27,1.27,"",0,0.0,140,19.0,16411172,34.6,1080855,10.7,57251,48.4,163,13.2,8476,13.2
"48007","5","2382","76","0","2025","A","",28,111,5891443,1318350,12699,1022,53156,"",2.06,1.07,1.11,0.99,0.59,1.04,1.04,"",-3,-9.7,-6,-5.1,213213,3.8,-7112,-0.5,-2333,-15.5,92,9.9,4796,9.9
"48009","5","2382","76","0","2025","A","",11,71,4189490,795847,7759,1133,58938,"",2.30,2.22,2.22,2.04,1.39,1.00,1.00,"",1,10.0,7,10.9,1221736,41.2,156007,24.4,4805,162.7,238,26.6,12385,26.6
"48011","5","2382","76","0","2025","A","N",2,0,0,0,0,0,0,"N",1.15,0,0,0,0,0,0,"N",0,0.0,0,0,0,0,0,0,0,0,0,0,0,0
"48013","5","2382","76","0","2025","A","",23,77,4550970,945860,7591,1133,58912,"",1.25,0.32,0.27,0.29,0.11,0.84,0.84,"",1,4.5,2,2.7,448101,10.9,140631,17.5,3454,83.5,81,7.7,4207,7.7
"48015","5","2382","76","0","2025","A","",30,249,23207398,2718092,41498,1791,93109,"",1.02,1.10,1.28,0.78,0.63,1.16,1.16,"",0,0.0,74,42.3,7712931,49.8,718737,35.9,23768,134.1,92,5.4,4779,5.4
"48017","5","2382","76","0","2025","A","N",2,0,0,0,0,0,0,"N",0.43,0,0,0,0,0,0,"N",-1,-33.3,0,0,0,0,0,0,0,0,0,0,0,0
"48019","5","2382","76","0","2025","A","",23,136,7345689,1502776,15861,1037,53913,"",2.30,2.11,2.26,1.82,1.51,1.07,1.07,"",-2,-8.0,-13,-8.7,-905990,-11.0,-549691,-26.8,-10212,-39.2,-25,-2.4,-1313,-2.4
"48021","5","2382","76","0","2025","A","",82,1133,93150224,15132180,417931,1581,82234,"",2.25,2.90,4.00,3.11,4.80,1.38,1.38,"",-1,-1.2,-7,-0.6,-29221420,-23.9,-1493991,-9.0,-224124,-34.9,-484,-23.4,-25125,-23.4
"48023","5","2382","76","0","2025","A","",4,16,736270,143997,360,904,46996,"",1.11,0.60,0.47,0.47,0.06,0.79,0.79,"N",0,0.0,0,0,0,0,0,0,0,0,0,0,0,0
"48025","5","2382","76","0","2025","A","",10,35,1884230,435205,2912,1026,53327,"",0.93,0.25,0.25,0.31,0.12,1.01,1.01,"",1,11.1,0,0.0,42924,2.3,15177,3.6,804,38.1,9,0.9,467,0.9
"48027","5","2382","76","0","2025","A","",164,1622,94185856,18559716,202998,1117,58068,"",1.28,0.74,0.61,0.75,0.45,0.82,0.82,"",2,1.2,152,10.3,14328956,17.9,1022770,5.8,-7077,-3.4,72,6.9,3725,6.9
"48029","5","2382","76","0","2025","A","",991,17182,1319696627,214375140,4572082,1477,76806,"",1.12,1.10,1.14,1.03,1.18,1.04,1.04,"",-9,-0.9,251,1.5,60440378,4.8,8659379,4.2,58141,1.3,47,3.3,2430,3.3
"48031","5","2382","76","0","2025","A","",16,236,20177336,2489511,43184,1644,85497,"",1.64,3.44,4.05,2.48,2.54,1.18,1.18,"",0,0.0,9,4.0,688468,3.5,-153271,-5.8,-15544,-26.5,-9,-0.5,-452,-0.5
"48035","5","2382","76","0","2025","A","",9,214,27202020,2286459,17146,2441,126915,"",1.18,3.38,6.80,3.04,1.84,2.01,2.01,"",-1,-10.0,-10,-4.5,-341536,-1.2,-298091,-11.5,-22303,-56.5,72,3.0,3724,3.0
"48037","5","2382","76","0","2025","A","",52,735,47663510,8835729,127934,1246,64812,"",1.09,1.04,1.13,1.03,0.86,1.08,1.08,"",2,4.0,67,10.0,7106650,17.5,1485471,20.2,11953,10.3,78,6.7,4075,6.7
"48039","5","2382","76","0","2025","A","",206,2865,290691182,34975018,555017,1951,101454,"",1.53,1.37,1.82,1.22,0.67,1.32,1.32,"",3,1.5,17,0.6,44811970,18.2,152134,0.4,-81085,-12.7,290,17.5,15107,17.5
"48041","5","2382","76","0","2025","A","",138,1762,119056136,20122741,252837,1299,67553,"",1.33,0.84,0.91,1.02,0.71,1.09,1.09,"",3,2.2,-70,-3.8,1382254,1.2,-1321629,-6.2,-114875,-31.2,64,5.2,3315,5.2
"48043","5","2382","76","0","2025","A","",8,19,813774,212650,1066,831,43209,"",0.93,0.25,0.18,0.21,0.05,0.71,0.71,"",0,0.0,-2,-9.5,-45981,-5.3,-48863,-18.7,115,12.1,50,6.4,2591,6.4
"48045","5","2382","76","0","2025","A","N",1,0,0,0,0,0,0,"N",0.69,0,0,0,0,0,0,"N",-1,-50.0,0,0,0,0,0,0,0,0,0,0,0,0
"48047","5","2382","76","0","2025","A","N",2,0,0,0,0,0,0,"N",0.68,0,0,0,0,0,0,"N",-1,-33.3,0,0,0,0,0,0,0,0,0,0,0,0
"48049","5","2382","76","0","2025","A","",26,212,11801207,2650860,9875,1071,55666,"",1.42,0.82,0.83,0.81,0.17,1.02,1.02,"",-1,-3.7,5,2.4,1317305,12.6,327758,14.1,-1195,-10.8,99,10.2,5101,10.1
"48051","5","2382","76","0","2025","A","",15,46,2078911,604319,5350,874,45441,"",1.77,0.54,0.38,0.49,0.33,0.71,0.71,"",2,15.4,-4,-8.0,93039,4.7,55221,10.1,1346,33.6,109,14.2,5657,14.2
"48053","5","2382","76","0","2025","A","",81,531,32327474,6914878,63396,1170,60833,"",2.41,1.86,1.78,1.86,1.22,0.96,0.96,"",-5,-5.8,-87,-14.1,-4558731,-12.4,-533622,-7.2,-26216,-29.3,22,1.9,1139,1.9
"48055","5","2382","76","0","2025","A","",25,145,8252988,1843900,12267,1092,56787,"",1.42,0.78,0.71,0.75,0.23,0.91,0.91,"",1,4.2,20,16.0,1277852,18.3,229906,14.2,710,6.1,19,1.8,986,1.8
"48057","5","2382","76","0","2025","A","N",14,0,0,0,0,0,0,"N",1.11,0,0,0,0,0,0,"N",-2,-12.5,0,0,0,0,0,0,0,0,0,0,0,0
"48059","5","2382","76","0","2025","A","",12,55,3135340,677865,9378,1088,56578,"",1.84,1.08,1.03,1.05,0.77,0.94,0.94,"",-2,-14.3,-14,-20.3,-795879,-20.2,-174487,-20.5,2583,38.0,-8,-0.7,-396,-0.7
"48061","5","2382","76","0","2025","A","",130,1321,77223853,16136607,228303,1124,58448,"",0.92,0.51,0.58,0.51,0.40,1.14,1.14,"",6,4.8,73,5.8,13786169,21.7,817735,5.3,-27188,-10.6,146,14.9,7610,15.0
"48063","5","2382","76","0","2025","A","",10,67,4127139,805712,3097,1182,61446,"",1.76,1.00,1.17,0.94,0.27,1.16,1.16,"",-1,-9.1,-4,-5.6,-16550,-0.4,34657,4.5,-4727,-60.4,64,5.7,3289,5.7
"48065","5","2382","76","0","2025","A","N",4,0,0,0,0,0,0,"N",1.09,0,0,0,0,0,0,"N",0,0.0,0,0,0,0,0,0,0,0,0,0,0,0
"48067","5","2382","76","0","2025","A","",18,87,4553381,1122434,9940,1006,52338,"",1.65,0.66,0.63,0.70,0.39,0.96,0.96,"",4,28.6,5,6.1,629014,16.0,102681,10.1,4393,79.2,84,9.1,4382,9.1
"48069","5","2382","76","0","2025","A","N",6,0,0,0,0,0,0,"N",1.04,0,0,0,0,0,0,"N",2,50.0,0,0,0,0,0,0,0,0,0,0,0,0
"48071","5","2382","76","0","2025","A","",13,113,12376486,3153580,154973,2099,109124,"",0.69,0.29,0.37,0.50,0.71,1.28,1.28,"",-1,-7.1,-3,-2.6,-1250565,-9.2,-645022,-17.0,36091,30.4,-150,-6.7,-7846,-6.7
"48073","5","2382","76","0","2025","A","",16,170,10602475,1984754,22412,1199,62337,"",0.92,0.68,0.74,0.66,0.50,1.09,1.09,"",1,6.7,8,4.9,1089963,11.5,225231,12.8,17088,321.0,68,6.0,3527,6.0
"48075","5","2382","76","0","2025","A","",5,20,698099,224013,561,683,35497,"",1.11,0.40,0.24,0.40,0.07,0.61,0.61,"N",0,0.0,0,0,0,0,0,0,0,0,0,0,0,0
"48077","5","2382","76","0","2025","A","N",4,0,0,0,0,0,0,"N",1.01,0,0,0,0,0,0,"N",0,0.0,0,0,0,0,0,0,0,0,0,0,0,0
"48079","5","2382","76","0","2025","A","N",2,0,0,0,0,0,0,"N",0.83,0,0,0,0,0,0,"N",0,0.0,0,0,0,0,0,0,0,0,0,0,0,0
"48081","5","2382","76","0","2025","A","N",3,0,0,0,0,0,0,"N",1.47,0,0,0,0,0,0,"N",0,0.0,0,0,0,0,0,0,0,0,0,0,0,0
"48083","5","2382","76","0","2025","A","N",2,0,0,0,0,0,0,"N",0.42,0,0,0,0,0,0,"N",1,100.0,0,0,0,0,0,0,0,0,0,0,0,0
"48085","5","2382","76","0","2025","A","",510,5032,414996659,63001027,975237,1586,82467,"",0.74,0.54,0.44,0.44,0.29,0.82,0.82,"",-10,-1.9,54,1.1,17399492,4.4,1536859,2.5,-29307,-2.9,50,3.3,2600,3.3
"48087","5","2382","76","0","2025","A","N",1,0,0,0,0,0,0,"N",0.45,0,0,0,0,0,0,"N",0,0.0,0,0,0,0,0,0,0,0,0,0,0,0
"48089","5","2382","76","0","2025","A","",16,79,4592676,790872,4196,1112,57830,"",1.30,0.63,0.61,0.47,0.15,0.97,0.97,"",-1,-5.9,-1,-1.2,-117430,-2.5,-77313,-8.9,-111,-2.6,-19,-1.7,-985,-1.7
"48091","5","2382","76","0","2025","A","",184,2431,187663253,29829841,445867,1484,77185,"",1.78,1.88,2.23,1.59,1.26,1.18,1.18,"",18,10.8,220,10.0,31290651,20.0,2720016,10.0,-31996,-6.7,124,9.1,6468,9.1
"48093","5","2382","76","0","2025","A","",11,46,2082379,518315,1671,872,45351,"",1.43,0.62,0.53,0.56,0.16,0.85,0.85,"",-2,-15.4,0,0.0,252995,13.8,23972,4.8,-309,-15.6,113,14.9,5868,14.9
"48095","5","2382","76","0","2025","A","N",1,0,0,0,0,0,0,"N",0.56,0,0,0,0,0,0,"N",1,100.0,0,0,0,0,0,0,0,0,0,0,0,0
"48097","5","2382","76","0","2025","A","",38,199,10533770,2146941,10798,1018,52934,"",1.73,0.72,0.54,0.60,0.17,0.75,0.75,"",-2,-5.0,-11,-5.2,-1645569,-13.5,-296818,-12.1,-2383,-18.1,-99,-8.9,-5155,-8.9
"48099","5","2382","76","0","2025","A","",28,227,14261608,2413130,56955,1207,62780,"",1.43,0.90,0.93,1.02,1.34,1.04,1.04,"",0,0.0,35,18.2,2981003,26.4,536715,28.6,38463,208.0,75,6.6,3899,6.6
"48101","5","2382","76","0","2025","A","N",2,0,0,0,0,0,0,"N",0.62,0,0,0,0,0,0,"N",0,0.0,0,0,0,0,0,0,0,0,0,0,0,0
"48103","5","2382","76","0","2025","A","N",2,0,0,0,0,0,0,"N",0.93,0,0,0,0,0,0,"N",0,0.0,0,0,0,0,0,0,0,0,0,0,0,0
"48107","5","2382","76","0","2025","A","N",1,0,0,0,0,0,0,"N",0.30,0,0,0,0,0,0,"N",0,0.0,0,0,0,0,0,0,0,0,0,0,0,0
"48109","5","2382","76","0","2025","A","N",1,0,0,0,0,0,0,"N",0.47,0,0,0,0,0,0,"N",0,0.0,0,0,0,0,0,0,0,0,0,0,0,0
"48111","5","2382","76","0","2025","A","",10,42,2421616,485604,3924,1122,58352,"",1.29,0.53,0.47,0.42,0.30,0.91,0.91,"",0,0.0,-4,-8.7,-324549,-11.8,-179134,-26.9,-1079,-21.6,-22,-1.9,-1132,-1.9
"48113","5","2382","76","0","2025","A","",1477,35500,3289049761,465581839,9391908,1782,92648,"",0.91,1.16,1.07,1.00,0.83,0.92,0.92,"",13,0.9,571,1.6,253075213,8.3,36165345,8.4,-125823,-1.3,110,6.6,5730,6.6
"48115","5","2382","76","0","2025","A","",10,102,9223126,1108783,6828,1737,90349,"",1.09,1.48,2.22,1.35,0.53,1.50,1.50,"",2,25.0,45,78.9,6749617,272.9,480485,76.5,4176,157.5,899,107.3,46763,107.3
"48117","5","2382","76","0","2025","A","",12,111,6979581,1182292,4515,1209,62879,"",1.25,0.80,0.85,0.63,0.22,1.06,1.06,"",0,0.0,-6,-5.1,-624776,-8.2,-177693,-13.1,-659,-12.7,-44,-3.5,-2255,-3.5
"48119","5","2382","76","0","2025","A","N",2,0,0,0,0,0,0,"N",0.90,0,0,0,0,0,0,"N",-1,-33.3,0,0,0,0,0,0,0,0,0,0,0,0
"48121","5","2382","76","0","2025","A","",408,4860,388723029,65537094,855452,1538,79986,"",0.99,0.91,0.98,0.87,0.55,1.08,1.08,"",-4,-1.0,-13,-0.3,22519127,6.1,1033286,1.6,-63736,-6.9,93,6.4,4836,6.4
"48123","5","2382","76","0","2025","A","",11,48,2095834,577316,3449,846,43969,"",0.99,0.41,0.29,0.40,0.14,0.71,0.71,"",0,0.0,4,9.1,345105,19.7,63391,12.3,-3345,-49.2,82,10.7,4255,10.7
"48125","5","2382","76","0","2025","A","N",1,0,0,0,0,0,0,"N",0.77,0,0,0,0,0,0,"N",0,0.0,0,0,0,0,0,0,0,0,0,0,0,0
"48127","5","2382","76","0","2025","A","N",2,0,0,0,0,0,0,"N",0.33,0,0,0,0,0,0,"N",1,100.0,0,0,0,0,0,0,0,0,0,0,0,0
"48129","5","2382","76","0","2025","A","N",2,0,0,0,0,0,0,"N",0.82,0,0,0,0,0,0,"N",1,100.0,0,0,0,0,0,0,0,0,0,0,0,0
"48131","5","2382","76","0","2025","A","N",0,0,0,0,0,0,0,"N",0.00,0,0,0,0,0,0,"N",0,0,0,0,0,0,0,0,0,0,0,0,0,0
"48133","5","2382","76","0","2025","A","",14,69,4378964,797710,6797,1219,63387,"",1.31,0.72,0.74,0.62,0.33,1.03,1.03,"",0,0.0,-5,-6.8,-128621,-2.9,-135870,-14.6,-3439,-33.6,54,4.6,2815,4.6
"48135","5","2382","76","0","2025","A","",118,1836,166842555,24678573,335007,1747,90869,"",1.40,1.37,1.51,1.17,0.79,1.10,1.10,"",-1,-0.8,-98,-5.1,-3707748,-2.2,-2062916,-7.7,-141393,-29.7,52,3.1,2707,3.1
"48139","5","2382","76","0","2025","A","",186,1821,128568286,22291769,228497,1358,70603,"",2.35,1.69,1.84,1.47,0.85,1.09,1.09,"",7,3.9,71,4.1,9293609,7.8,-31480,-0.1,1652,0.7,47,3.6,2456,3.6
"48141","5","2382","76","0","2025","A","",423,4631,262431673,55390643,1025783,1090,56672,"",1.29,0.82,0.83,0.82,0.86,1.01,1.01,"",-11,-2.5,162,3.6,23746954,9.9,234868,0.4,-283,0.0,63,6.1,3266,6.1
"48143","5","2382","76","0","2025","A","",38,323,18514504,3985417,36571,1102,57320,"",1.50,0.99,1.04,1.00,0.62,1.05,1.05,"",0,0.0,39,13.7,3898123,26.7,588466,17.3,-7829,-17.6,112,11.3,5854,11.4
"48145","5","2382","76","0","2025","A","",7,36,1969873,334389,2811,1065,55359,"",1.18,0.71,0.65,0.68,0.36,0.93,0.93,"",-1,-12.5,-13,-26.5,-1035299,-34.5,-200449,-37.5,1243,79.3,-116,-9.8,-6076,-9.9
"48147","5","2382","76","0","2025","A","",26,214,13453268,2523936,14037,1208,62792,"",2.05,1.42,1.46,1.41,0.43,1.02,1.02,"",2,8.3,-19,-8.2,-497790,-3.6,-345808,-12.1,4193,42.6,58,5.0,3002,5.0
"48149","5","2382","76","0","2025","A","",23,464,46715067,7166263,290975,1937,100715,"",1.38,2.96,4.85,3.36,9.39,1.64,1.64,"",-1,-4.2,-80,-14.7,-6627449,-12.4,-3725549,-34.2,-216608,-42.7,50,2.6,2614,2.7
"48151","5","2382","76","0","2025","A","N",1,0,0,0,0,0,0,"N",0.45,0,0,0,0,0,0,"N",0,0.0,0,0,0,0,0,0,0,0,0,0,0,0
"48153","5","2382","76","0","2025","A","N",4,0,0,0,0,0,0,"N",0.84,0,0,0,0,0,0,"N",-1,-20.0,0,0,0,0,0,0,0,0,0,0,0,0
"48157","5","2382","76","0","2025","A","",319,4625,413592702,58888062,1298607,1720,89427,"",0.88,1.06,1.37,1.06,1.26,1.29,1.29,"",12,3.9,364,8.5,38022781,10.1,5466474,10.2,231979,21.7,25,1.5,1294,1.5
"48159","5","2382","76","0","2025","A","",6,44,2570555,493179,1629,1130,58756,"",0.58,0.71,0.77,0.49,0.07,1.08,1.08,"",1,20.0,6,15.8,483295,23.2,94166,23.6,373,29.7,64,6.0,3342,6.0
"48161","5","2382","76","0","2025","A","",9,31,2135465,346278,866,1307,67972,"",1.14,0.37,0.41,0.35,0.06,1.10,1.10,"",-1,-10.0,1,3.3,200196,10.3,445,0.1,-843,-49.3,45,3.6,2370,3.6
"48163","5","2382","76","0","2025","A","",5,25,1424608,244181,610,1111,57754,"",0.67,0.23,0.19,0.19,0.02,0.82,0.82,"",0,0.0,0,0.0,-74508,-5.0,-21699,-8.2,-54,-8.1,-42,-3.6,-2211,-3.7
"48165","5","2382","76","0","2025","A","",25,359,30944129,5457831,58081,1659,86275,"",1.91,2.97,3.57,2.99,2.13,1.20,1.20,"",1,4.2,71,24.7,5988025,24.0,970480,21.6,-45788,-44.1,-8,-0.5,-403,-0.5
"48167","5","2382","76","0","2025","A","",161,2324,201691434,33088281,1306090,1669,86789,"",1.19,1.10,1.37,1.34,2.21,1.25,1.25,"",-3,-1.8,148,6.8,26381856,15.0,2342956,7.6,114372,9.6,119,7.7,6215,7.7
"48169","5","2382","76","0","2025","A","N",4,0,0,0,0,0,0,"N",1.19,0,0,0,0,0,0,"N",0,0.0,0,0,0,0,0,0,0,0,0,0,0,0
"48171","5","2382","76","0","2025","A","",44,268,17404068,3093895,23637,1248,64880,"",1.81,1.28,1.45,1.01,0.71,1.14,1.14,"",-1,-2.2,-17,-6.0,-394465,-2.2,-237744,-7.1,-4831,-17.0,47,3.9,2411,3.9
"48173","5","2382","76","0","2025","A","N",2,0,0,0,0,0,0,"N",0.74,0,0,0,0,0,0,"N",0,0.0,0,0,0,0,0,0,0,0,0,0,0,0
"48175","5","2382","76","0","2025","A","",6,16,840261,188537,1575,989,51445,"",1.95,0.69,0.55,0.71,0.46,0.79,0.79,"",0,0.0,2,14.3,18083,2.2,49854,35.9,953,153.2,-101,-9.3,-5257,-9.3
"48177","5","2382","76","0","2025","A","",10,29,1407228,335940,1944,928,48248,"",0.94,0.24,0.19,0.20,0.08,0.79,0.79,"",0,0.0,-7,-19.4,-141716,-9.1,-66238,-16.5,-1177,-37.7,101,12.2,5222,12.1
"48179","5","2382","76","0","2025","A","",12,191,12072881,2150598,10367,1216,63236,"",1.12,1.50,1.40,1.34,0.42,0.94,0.94,"",0,0.0,9,4.9,834459,7.4,69626,3.3,-284,-2.7,31,2.6,1627,2.6
"48181","5","2382","76","0","2025","A","",117,910,63893192,10481136,126163,1351,70238,"",1.84,1.03,1.09,0.86,0.62,1.06,1.06,"",3,2.6,21,2.4,6498305,11.3,332417,3.3,8599,7.3,109,8.8,5665,8.8
"48183","5","2382","76","0","2025","A","",95,1668,119332864,21486468,600867,1376,71532,"",1.14,1.32,1.42,1.23,1.49,1.08,1.08,"",-7,-6.9,-10,-0.6,10070018,9.2,671411,3.2,67059,12.6,124,9.9,6436,9.9
"48185","5","2382","76","0","2025","A","",24,82,4065902,867781,5483,957,49787,"",1.99,0.58,0.42,0.50,0.17,0.72,0.72,"",1,4.3,5,6.5,244593,6.4,-115206,-11.7,-2809,-33.9,1,0.1,52,0.1
"48187","5","2382","76","0","2025","A","",115,1446,115170402,17649776,257487,1531,79629,"",2.11,1.74,2.08,1.56,1.39,1.20,1.20,"",0,0.0,97,7.2,20829339,22.1,1417797,8.7,49199,23.6,186,13.8,9678,13.8
"48189","5","2382","76","0","2025","A","",17,148,9724390,1596010,7428,1261,65595,"",1.04,0.82,0.96,0.65,0.21,1.17,1.17,"",1,6.2,0,0.0,414059,4.4,-169993,-9.6,-8565,-53.6,51,4.2,2652,4.2
"48191","5","2382","76","0","2025","A","N",1,0,0,0,0,0,0,"N",0.40,0,0,0,0,0,0,"N",0,0.0,0,0,0,0,0,0,0,0,0,0,0,0
"48193","5","2382","76","0","2025","A","",8,62,4750481,698870,16566,1483,77139,"",1.48,1.31,1.88,1.35,2.72,1.45,1.45,"",0,0.0,0,0.0,430688,10.0,-92152,-11.6,1476,9.8,148,11.1,7745,11.2
"48195","5","2382","76","0","2025","A","",5,112,8644694,1559329,58941,1489,77415,"",1.12,3.20,3.91,4.01,11.08,1.23,1.23,"N",-1,-16.7,0,0,0,0,0,0,0,0,0,0,0,0
"48199","5","2382","76","0","2025","A","",40,336,28700013,4461968,116972,1643,85417,"",2.12,1.65,2.37,1.66,1.94,1.44,1.44,"",-1,-2.4,8,2.4,3625033,14.5,780755,21.2,45150,62.9,175,11.9,9066,11.9
"48201","3","2382","76","0","2025","A","N",1,0,0,0,0,0,0,"N",1.97,0,0,0,0,0,0,"N",0,0.0,0,0,0,0,0,0,0,0,0,0,0,0
"48201","5","2382","76","0","2025","A","",2269,45528,4028126734,587706757,14815013,1701,88476,"",0.94,1.11,0.98,1.00,1.00,0.89,0.89,"",-24,-1.0,4463,10.9,666879911,19.8,72459220,14.1,1885831,14.6,127,8.1,6625,8.1
"48203","5","2382","76","0","2025","A","",41,253,13925438,2812919,27276,1060,55096,"",1.47,0.72,0.55,0.61,0.30,0.76,0.76,"",1,2.5,63,33.2,2998329,27.4,688654,32.4,6157,29.2,-47,-4.2,-2491,-4.3
"48205","5","2382","76","0","2025","A","N",2,0,0,0,0,0,0,"N",0.67,0,0,0,0,0,0,"N",0,0.0,0,0,0,0,0,0,0,0,0,0,0,0
"48207","5","2382","76","0","2025","A","N",2,0,0,0,0,0,0,"N",0.54,0,0,0,0,0,0,"N",1,100.0,0,0,0,0,0,0,0,0,0,0,0,0
"48209","5","2382","76","0","2025","A","",197,1394,97694717,17175082,208058,1347,70066,"",1.57,0.85,0.96,0.79,0.56,1.14,1.14,"",-3,-1.5,78,5.9,10723993,12.3,640591,3.9,-6169,-2.9,76,6.0,3996,6.0
"48211","5","2382","76","0","2025","A","N",5,0,0,0,0,0,0,"N",1.39,0,0,0,0,0,0,"N",0,0.0,0,0,0,0,0,0,0,0,0,0,0,0
"48213","5","2382","76","0","2025","A","",62,361,22617593,4635693,58813,1206,62696,"",1.89,1.08,1.19,1.05,0.88,1.10,1.10,"",3,5.1,43,13.5,5260639,30.3,868318,23.0,8602,17.1,157,15.0,8157,15.0
"48215","5","2382","76","0","2025","A","",247,2669,142881408,34588239,575828,1030,53535,"",0.89,0.54,0.60,0.57,0.57,1.12,1.12,"",4,1.6,125,4.9,12670090,9.7,1894271,5.8,12921,2.3,46,4.7,2355,4.6
"48217","5","2382","76","0","2025","A","",22,109,6449692,1284762,11717,1142,59399,"",1.37,0.55,0.51,0.49,0.27,0.94,0.94,"",0,0.0,-3,-2.7,-581355,-8.3,-65907,-4.9,-1182,-9.2,-61,-5.1,-3146,-5.0
"48219","5","2382","76","0","2025","A","",12,142,8226338,1567701,10193,1113,57898,"",1.02,0.95,0.73,0.85,0.33,0.77,0.77,"",-1,-7.7,-3,-2.1,375739,4.8,5177,0.3,5700,126.9,70,6.7,3662,6.8
"48221","5","2382","76","0","2025","A","",56,293,17453493,3879676,45036,1145,59517,"",1.65,0.93,0.94,0.87,0.69,1.01,1.01,"",2,3.7,-36,-10.9,-1569325,-8.2,-89759,-2.3,4691,11.6,33,3.0,1712,3.0
"48223","5","2382","76","0","2025","A","",25,198,13448225,2258915,26305,1307,67949,"",1.31,0.81,0.89,0.70,0.43,1.10,1.10,"",-1,-3.8,8,4.2,1666275,14.1,-895747,-28.4,-22900,-46.5,112,9.4,5830,9.4
"48225","5","2382","76","0","2025","A","",18,82,4681144,1105626,14205,1105,57437,"",0.96,0.64,0.49,0.65,0.45,0.78,0.78,"",0,0.0,16,24.2,1407449,43.0,371895,50.7,6119,75.7,147,15.3,7647,15.4
"48227","5","2382","76","0","2025","A","",17,64,3831449,791124,4635,1142,59402,"",0.97,0.32,0.26,0.30,0.10,0.82,0.82,"",1,6.2,7,12.3,858775,28.9,132378,20.1,-1636,-26.1,133,13.2,6943,13.2
"48231","3","2382","76","0","2025","A","N",1,0,0,0,0,0,0,"N",131.66,0,0,0,0,0,0,"N",0,0.0,0,0,0,0,0,0,0,0,0,0,0,0
"48231","5","2382","76","0","2025","A","",86,619,46586211,7589713,67141,1448,75281,"",2.39,1.11,1.19,1.16,0.58,1.08,1.08,"",3,3.6,87,16.4,10852436,30.4,1050797,16.1,3388,5.3,157,12.2,8133,12.1
"48233","5","2382","76","0","2025","A","",14,123,8655599,1425239,30125,1358,70610,"",1.60,0.96,0.78,0.92,0.88,0.82,0.82,"",2,16.7,-24,-16.3,-1007739,-10.4,-155955,-9.9,-3258,-9.8,93,7.4,4836,7.4
"48235","5","2382","76","0","2025","A","N",1,0,0,0,0,0,0,"N",0.69,0,0,0,0,0,0,"N",-1,-50.0,0,0,0,0,0,0,0,0,0,0,0,0
"48237","5","2382","76","0","2025","A","N",7,0,0,0,0,0,0,"N",1.45,0,0,0,0,0,0,"N",0,0.0,0,0,0,0,0,0,0,0,0,0,0,0
"48239","5","2382","76","0","2025","A","",7,95,6054131,1016617,11961,1227,63784,"",0.90,1.06,1.07,0.88,0.75,1.01,1.01,"",0,0.0,5,5.6,688417,12.8,-101818,-9.1,1156,10.7,76,6.6,3943,6.6
"48241","5","2382","76","0","2025","A","",16,137,8198906,1762214,31395,1151,59846,"",1.25,0.91,0.93,0.97,1.08,1.02,1.02,"",2,14.3,29,26.9,2614945,46.8,386866,28.1,5250,20.1,155,15.6,8063,15.6
"48245","5","2382","76","0","2025","A","",135,4393,429330035,68244974,3177171,1880,97738,"",1.20,2.11,2.57,2.30,3.26,1.22,1.22,"",0,0.0,8,0.2,26756769,6.6,2321852,3.5,-93858,-2.9,114,6.5,5922,6.4
"48249","5","2382","76","0","2025","A","",19,141,7791612,1624734,37611,1060,55097,"",1.13,0.58,0.59,0.51,0.66,1.02,1.02,"",0,0.0,-4,-2.8,187856,2.5,-32408,-2.0,4373,13.2,52,5.2,2657,5.1
"48251","5","2382","76","0","2025","A","",168,1406,100302288,17486164,220092,1372,71330,"",2.07,1.38,1.52,1.20,0.74,1.10,1.10,"",-4,-2.3,-69,-4.7,7307826,7.9,197287,1.1,8625,4.1,160,13.2,8294,13.2
"48253","5","2382","76","0","2025","A","",12,144,16217450,2498441,75414,2163,112491,"",1.80,2.64,4.95,3.91,5.28,1.87,1.87,"",-1,-7.7,53,58.2,9028120,125.6,1280663,105.2,54275,256.8,637,41.7,33124,41.7
"48255","5","2382","76","0","2025","A","N",2,0,0,0,0,0,0,"N",0.26,0,0,0,0,0,0,"N",1,100.0,0,0,0,0,0,0,0,0,0,0,0,0
"48257","5","2382","76","0","2025","A","",153,1642,122299025,20217544,191554,1432,74470,"",2.88,2.15,2.55,2.05,1.17,1.19,1.19,"",5,3.4,116,7.6,15551953,14.6,1927787,10.5,57916,43.3,87,6.5,4529,6.5
"48259","5","2382","76","0","2025","A","",54,470,31856325,5469924,39142,1303,67731,"",1.39,1.36,1.33,1.12,0.50,0.98,0.98,"",3,5.9,32,7.3,1677681,5.6,340388,6.6,-4943,-11.2,-23,-1.7,-1222,-1.8
"48265","5","2382","76","0","2025","A","",60,444,27148695,5083750,37789,1175,61077,"",1.99,1.35,1.29,1.22,0.60,0.96,0.96,"",3,5.3,29,7.0,3438297,14.5,400697,8.6,-1147,-2.9,76,6.9,3932,6.9
"48267","5","2382","76","0","2025","A","N",4,0,0,0,0,0,0,"N",1.28,0,0,0,0,0,0,"N",1,33.3,0,0,0,0,0,0,0,0,0,0,0,0
"48273","5","2382","76","0","2025","A","",11,67,3847854,654222,2185,1110,57718,"",0.90,0.33,0.32,0.34,0.07,0.97,0.97,"",1,10.0,32,91.4,1828343,90.5,248687,61.3,897,69.6,11,1.0,562,1.0
"48275","5","2382","76","0","2025","A","N",2,0,0,0,0,0,0,"N",0.73,0,0,0,0,0,0,"N",0,0.0,0,0,0,0,0,0,0,0,0,0,0,0
"48277","5","2382","76","0","2025","A","",42,309,18199454,3637950,40591,1133,58930,"",1.60,0.83,0.84,0.70,0.34,1.01,1.01,"",-2,-4.5,-36,-10.4,-2259915,-11.0,-669713,-15.5,-41539,-50.6,-6,-0.5,-315,-0.5
"48279","5","2382","76","0","2025","A","",4,12,528463,138593,1569,818,42561,"",0.50,0.18,0.13,0.13,0.11,0.73,0.73,"N",0,0.0,0,0,0,0,0,0,0,0,0,0,0,0
"48281","5","2382","76","0","2025","A","",31,266,14440127,2878434,49706,1043,54252,"",3.17,2.74,2.63,2.31,1.86,0.96,0.96,"",5,19.2,17,6.8,1494627,11.5,73927,2.6,-10099,-16.9,42,4.2,2210,4.2
"48283","5","2382","76","0","2025","A","N",1,0,0,0,0,0,0,"N",0.27,0,0,0,0,0,0,"N",0,0.0,0,0,0,0,0,0,0,0,0,0,0,0
"48285","5","2382","76","0","2025","A","",18,145,12346247,1776163,25904,1640,85294,"",1.87,1.45,2.22,1.60,1.69,1.53,1.53,"",4,28.6,13,9.8,-1735445,-12.3,194313,12.3,20423,372.6,-413,-20.1,-21453,-20.1
"48287","5","2382","76","0","2025","A","",26,127,7849602,1500442,8798,1189,61848,"",2.89,0.95,0.84,0.74,0.10,0.89,0.89,"",-2,-7.1,4,3.3,467763,6.3,58741,4.1,-483,-5.2,33,2.9,1711,2.8
"48289","5","2382","76","0","2025","A","",12,73,6564340,1164002,45628,1725,89718,"",1.46,0.71,0.78,0.70,1.69,1.11,1.11,"N",0,0.0,0,0,0,0,0,0,0,0,0,0,0,0
"48291","5","2382","76","0","2025","A","",49,404,37134869,6441974,258382,1769,91975,"",1.90,1.19,1.74,1.57,2.38,1.47,1.47,"",5,11.4,-111,-21.6,-7752980,-17.3,-1639059,-20.3,-98000,-27.5,92,5.5,4772,5.5
"48293","5","2382","76","0","2025","A","",8,32,1257064,354252,1037,755,39283,"",1.03,0.22,0.13,0.22,0.03,0.57,0.57,"",-1,-11.1,-3,-8.6,-33839,-2.6,-2628,-0.7,-1582,-60.4,47,6.6,2488,6.8
"48295","5","2382","76","0","2025","A","N",0,0,0,0,0,0,0,"N",0.00,0,0,0,0,0,0,"N",-1,-100.0,0,0,0,0,0,0,0,0,0,0,0,0
"48297","5","2382","76","0","2025","A","N",2,0,0,0,0,0,0,"N",0.33,0,0,0,0,0,0,"N",1,100.0,0,0,0,0,0,0,0,0,0,0,0,0
"48299","5","2382","76","0","2025","A","",20,154,8212251,1677934,14062,1029,53500,"",1.65,1.61,1.43,1.33,0.86,0.89,0.89,"",-2,-9.1,-2,-1.3,205960,2.6,-70938,-4.1,3903,38.4,40,4.0,2068,4.0
"48301","5","2382","76","0","2025","A","N",2,0,0,0,0,0,0,"N",4.87,0,0,0,0,0,0,"N",1,100.0,0,0,0,0,0,0,0,0,0,0,0,0
"48303","5","2382","76","0","2025","A","",257,2999,197505685,34804732,460231,1266,65857,"",1.59,1.17,1.25,1.15,1.04,1.07,1.07,"",-7,-2.7,-53,-1.7,2527458,1.3,-1015458,-2.8,-57473,-11.1,38,3.1,1977,3.1
"48305","5","2382","76","0","2025","A","N",2,0,0,0,0,0,0,"N",0.56,0,0,0,0,0,0,"N",0,0.0,0,0,0,0,0,0,0,0,0,0,0,0
"48307","5","2382","76","0","2025","A","",7,22,953024,270359,675,815,42357,"",1.32,0.60,0.47,0.56,0.11,0.77,0.77,"",0,0.0,-2,-8.3,71421,8.1,21029,8.4,-1143,-62.9,118,16.9,6127,16.9
"48309","3","2382","76","0","2025","A","N",1,0,0,0,0,0,0,"N",40.60,0,0,0,0,0,0,"N",0,0.0,0,0,0,0,0,0,0,0,0,0,0,0
"48309","5","2382","76","0","2025","A","",184,3375,255099743,41827968,654647,1453,75578,"",1.58,1.64,1.80,1.63,1.44,1.09,1.09,"",8,4.5,251,8.0,50183931,24.5,2459446,6.2,163215,33.2,191,15.1,9975,15.2
"48313","5","2382","76","0","2025","A","",8,26,2128983,309742,1836,1545,80339,"",1.37,0.36,0.50,0.37,0.09,1.37,1.37,"",0,0.0,-5,-16.1,415545,24.3,-26224,-7.8,-560,-23.4,476,44.5,24768,44.6
"48315","5","2382","76","0","2025","A","",5,20,1587869,269531,2815,1527,79393,"",1.53,0.54,0.82,0.54,0.33,1.52,1.52,"",1,25.0,-7,-25.9,-344005,-17.8,-58057,-17.7,1093,63.5,164,12.0,8499,12.0
"48317","5","2382","76","0","2025","A","N",2,0,0,0,0,0,0,"N",0.42,0,0,0,0,0,0,"N",0,0.0,0,0,0,0,0,0,0,0,0,0,0,0
"48319","5","2382","76","0","2025","A","",4,24,1390855,291700,2305,1103,57355,"",1.16,1.29,1.37,1.30,0.78,1.05,1.05,"",-2,-33.3,-9,-27.3,-353955,-20.3,-92305,-24.0,-221,-8.7,96,9.5,5011,9.6
"48321","5","2382","76","0","2025","A","",13,68,3521817,750430,5593,996,51791,"",0.83,0.35,0.25,0.31,0.09,0.69,0.69,"",1,8.3,10,17.2,859323,32.3,172615,29.9,3096,124.0,107,12.0,5554,12.0
"48323","5","2382","76","0","2025","A","",19,78,4540934,868932,18790,1114,57908,"",1.02,0.25,0.29,0.26,0.35,1.19,1.19,"",0,0.0,-51,-39.5,-3838668,-45.8,-1050509,-54.7,-1419,-7.0,-134,-10.7,-6966,-10.7
"48325","5","2382","76","0","2025","A","",34,136,7259903,1708105,15162,1028,53447,"",1.91,0.71,0.68,0.84,0.52,0.95,0.95,"",2,6.2,15,12.4,1504816,26.1,314935,22.6,1580,11.6,115,12.6,5982,12.6
"48327","5","2382","76","0","2025","A","N",2,0,0,0,0,0,0,"N",1.28,0,0,0,0,0,0,"N",0,0.0,0,0,0,0,0,0,0,0,0,0,0,0
"48329","5","2382","76","0","2025","A","",162,2500,236690875,36070306,609231,1821,94670,"",1.29,1.25,1.13,1.13,0.99,0.90,0.90,"",2,1.2,47,1.9,13278506,5.9,1672787,4.9,10040,1.7,70,4.0,3596,3.9
"48331","5","2382","76","0","2025","A","",21,96,5278151,1147388,9782,1058,55029,"",2.08,0.93,0.84,0.90,0.55,0.90,0.90,"",0,0.0,2,2.1,474002,9.9,-16160,-1.4,-2233,-18.6,71,7.2,3693,7.2
"48333","5","2382","76","0","2025","A","N",4,0,0,0,0,0,0,"N",1.31,0,0,0,0,0,0,"N",0,0.0,0,0,0,0,0,0,0,0,0,0,0,0
"48335","5","2382","76","0","2025","A","",4,9,627404,119672,299,1316,68444,"",1.11,0.25,0.24,0.28,0.02,0.94,0.94,"",1,33.3,1,12.5,78328,14.3,21425,21.8,-1105,-78.7,-61,-4.4,-3175,-4.4
"48337","5","2382","76","0","2025","A","",14,65,3280542,940851,5579,974,50665,"",1.39,0.81,0.76,0.99,0.46,0.94,0.94,"",0,0.0,2,3.2,290242,9.7,127427,15.7,739,15.3,59,6.4,3074,6.5
"48339","5","2382","76","0","2025","A","",447,4650,361224511,56364618,876458,1494,77676,"",1.47,1.18,1.16,1.00,0.73,0.98,0.98,"",16,3.7,556,13.6,56970924,18.7,7555383,15.5,80355,10.1,65,4.5,3358,4.5
"48341","5","2382","76","0","2025","A","",10,83,4529885,945311,7494,1045,54359,"",0.95,0.38,0.33,0.30,0.25,0.86,0.86,"",-1,-9.1,-2,-2.4,34670,0.8,45720,5.1,335,4.7,24,2.4,1266,2.4
"48343","5","2382","76","0","2025","A","",5,18,850562,181859,1186,905,47036,"",1.14,0.33,0.24,0.23,0.06,0.71,0.71,"",0,0.0,1,5.9,100000,13.3,-214,-0.1,101,9.3,64,7.6,3314,7.6
"48345","5","2382","76","0","2025","A","N",1,0,0,0,0,0,0,"N",0.82,0,0,0,0,0,0,"N",0,0.0,0,0,0,0,0,0,0,0,0,0,0,0
"48347","5","2382","76","0","2025","A","",25,267,14275111,3265490,20507,1027,53398,"",0.90,0.71,0.69,0.75,0.36,0.97,0.97,"",2,8.7,61,29.6,3918548,37.8,994955,43.8,61,0.3,63,6.5,3245,6.5
"48349","5","2382","76","0","2025","A","",27,137,9478672,1751763,22592,1326,68978,"",1.35,0.49,0.60,0.48,0.34,1.23,1.23,"",-1,-3.6,16,13.2,1980153,26.4,272537,18.4,13234,141.4,133,11.1,6964,11.2
"48351","5","2382","76","0","2025","A","N",1,0,0,0,0,0,0,"N",0.38,0,0,0,0,0,0,"N",1,100.0,0,0,0,0,0,0,0,0,0,0,0,0
"48353","5","2382","76","0","2025","A","",8,50,2950483,615675,6549,1146,59606,"",0.98,0.48,0.44,0.50,0.28,0.91,0.91,"",-2,-20.0,-6,-10.7,-391459,-11.7,-73535,-10.7,-621,-8.7,-12,-1.0,-609,-1.0
"48355","5","2382","76","0","2025","A","",212,2915,200020623,34232714,729674,1320,68622,"",1.29,1.05,1.06,0.93,0.78,1.01,1.01,"",-6,-2.8,166,6.0,23034005,13.0,1594584,4.9,-23056,-3.1,82,6.6,4246,6.6
"48357","5","2382","76","0","2025","A","",11,61,3370388,657958,2754,1055,54877,"",1.46,0.89,0.79,0.76,0.33,0.88,0.88,"",1,10.0,0,0.0,-140822,-4.0,-7037,-1.1,426,18.3,-50,-4.5,-2605,-4.5
"48359","5","2382","76","0","2025","A","N",2,0,0,0,0,0,0,"N",1.11,0,0,0,0,0,0,"N",0,0.0,0,0,0,0,0,0,0,0,0,0,0,0
"48361","5","2382","76","0","2025","A","",43,365,24514242,4734271,96823,1292,67178,"",1.51,0.86,0.78,0.76,0.51,0.91,0.91,"",-1,-2.3,45,14.1,3698196,17.8,-203904,-4.1,-42276,-30.4,41,3.3,2111,3.2
"48363","5","2382","76","0","2025","A","",17,72,4906374,824634,2985,1315,68382,"",1.18,0.50,0.63,0.47,0.14,1.25,1.25,"",0,0.0,1,1.4,1679720,52.1,70245,9.3,-1324,-30.7,442,50.6,22989,50.6
"48365","5","2382","76","0","2025","A","",15,101,6627419,1180881,4712,1261,65564,"",1.41,0.78,0.76,0.59,0.10,0.97,0.96,"",-1,-6.2,-35,-25.7,-131129,-1.9,-369204,-23.8,191,4.2,302,31.5,15685,31.4
"48367","5","2382","76","0","2025","A","",160,1418,92501880,17696902,205512,1255,65249,"",2.13,1.98,2.01,1.76,1.30,1.01,1.01,"",6,3.9,-129,-8.3,-5251332,-5.4,-1073125,-5.7,6415,3.2,40,3.3,2074,3.3
"48369","5","2382","76","0","2025","A","",8,42,2518592,526342,1805,1165,60567,"",1.20,0.39,0.37,0.31,0.13,0.96,0.96,"",0,0.0,8,23.5,-1376550,-35.3,69281,15.2,660,57.6,-1054,-47.5,-54845,-47.5
"48371","5","2382","76","0","2025","A","N",3,0,0,0,0,0,0,"N",0.35,0,0,0,0,0,0,"N",-2,-40.0,0,0,0,0,0,0,0,0,0,0,0,0
"48373","5","2382","76","0","2025","A","",29,176,12326734,2411984,77663,1345,69939,"",1.55,0.80,0.97,0.90,1.63,1.20,1.20,"",1,3.6,9,5.4,1035368,9.2,103554,4.5,14843,23.6,43,3.3,2258,3.3
"48375","5","2382","76","0","2025","A","",114,1278,86336749,15098402,126367,1300,67578,"",1.45,0.97,0.98,0.88,0.51,1.01,1.01,"",2,1.8,6,0.5,2738707,3.3,-86792,-0.6,-16601,-11.6,36,2.8,1835,2.8
"48377","5","2382","76","0","2025","A","N",1,0,0,0,0,0,0,"N",0.26,0,0,0,0,0,0,"N",1,100.0,0,0,0,0,0,0,0,0,0,0,0,0
"48379","5","2382","76","0","2025","A","",17,84,5601232,1154470,10368,1290,67081,"",3.32,2.23,3.05,2.58,1.39,1.38,1.38,"",-1,-5.6,14,20.0,1356159,31.9,285817,32.9,3269,46.0,127,10.9,6581,10.9
"48381","5","2382","76","0","2025","A","",86,1150,86779211,15509792,164739,1452,75493,"",1.61,1.85,2.30,1.84,1.57,1.24,1.24,"",-6,-6.5,126,12.3,16198144,22.9,2453139,18.8,-17757,-9.7,127,9.6,6589,9.6
"48383","5","2382","76","0","2025","A","N",2,0,0,0,0,0,0,"N",0.68,0,0,0,0,0,0,"N",0,0.0,0,0,0,0,0,0,0,0,0,0,0,0
"48385","5","2382","76","0","2025","A","N",2,0,0,0,0,0,0,"N",0.97,0,0,0,0,0,0,"N",-1,-33.3,0,0,0,0,0,0,0,0,0,0,0,0
"48387","5","2382","76","0","2025","A","",6,86,7464492,1513132,78778,1676,87134,"",1.26,1.89,3.21,2.62,7.10,1.70,1.70,"",-1,-14.3,14,19.4,1822299,32.3,457175,43.3,27879,54.8,164,10.8,8497,10.8
"48389","3","2382","76","0","2025","A","N",1,0,0,0,0,0,0,"N",475.95,0,0,0,0,0,0,"N",0,0.0,0,0,0,0,0,0,0,0,0,0,0,0
"48389","5","2382","76","0","2025","A","N",10,0,0,0,0,0,0,"N",1.00,0,0,0,0,0,0,"N",2,25.0,0,0,0,0,0,0,0,0,0,0,0,0
"48391","5","2382","76","0","2025","A","N",6,0,0,0,0,0,0,"N",1.50,0,0,0,0,0,0,"N",0,0.0,0,0,0,0,0,0,0,0,0,0,0,0
"48393","5","2382","76","0","2025","A","N",1,0,0,0,0,0,0,"N",1.14,0,0,0,0,0,0,"N",1,100.0,0,0,0,0,0,0,0,0,0,0,0,0
"48395","5","2382","76","0","2025","A","",11,40,2403737,515295,2838,1160,60345,"",1.42,0.42,0.38,0.40,0.16,0.89,0.89,"",1,10.0,0,0.0,493636,25.8,21596,4.4,-3330,-54.0,230,24.7,11988,24.8
"48397","5","2382","76","0","2025","A","",114,1258,83812735,15566667,119559,1281,66602,"",1.70,1.72,1.77,1.52,0.68,1.03,1.03,"",-4,-3.4,8,0.6,959330,1.2,-181484,-1.2,-7872,-6.2,6,0.5,293,0.4
"48399","5","2382","76","0","2025","A","",9,94,6991409,1628040,7505,1433,74509,"",1.70,1.82,2.35,2.75,1.20,1.29,1.29,"",1,12.5,45,91.8,4921406,237.7,1040368,177.0,4450,145.7,621,76.5,32264,76.4
"48401","5","2382","76","0","2025","A","",19,76,3299231,808211,3040,831,43221,"",1.12,0.34,0.24,0.30,0.06,0.71,0.71,"",-3,-13.6,-5,-6.2,-93926,-2.8,-15354,-1.9,-2137,-41.3,22,2.7,1157,2.8
"48403","5","2382","76","0","2025","A","",4,20,898505,249791,652,853,44371,"",0.95,0.49,0.43,0.51,0.08,0.87,0.87,"N",1,33.3,0,0,0,0,0,0,0,0,0,0,0,0
"48405","5","2382","76","0","2025","A","N",4,0,0,0,0,0,0,"N",1.35,0,0,0,0,0,0,"N",-1,-20.0,0,0,0,0,0,0,0,0,0,0,0,0
"48407","5","2382","76","0","2025","A","",16,95,4914419,1134715,17785,998,51913,"",2.66,2.28,2.31,2.71,2.81,1.02,1.02,"",3,23.1,25,35.7,1074684,28.0,351333,44.8,1197,7.2,-61,-5.8,-3137,-5.7
"48409","5","2382","76","0","2025","A","N",26,0,0,0,0,0,0,"N",1.10,0,0,0,0,0,0,"N",-1,-3.7,0,0,0,0,0,0,0,0,0,0,0,0
"48411","5","2382","76","0","2025","A","N",2,0,0,0,0,0,0,"N",0.51,0,0,0,0,0,0,"N",0,0.0,0,0,0,0,0,0,0,0,0,0,0,0
"48413","5","2382","76","0","2025","A","N",2,0,0,0,0,0,0,"N",1.18,0,0,0,0,0,0,"N",0,0.0,0,0,0,0,0,0,0,0,0,0,0,0
"48415","5","2382","76","0","2025","A","",9,27,1007803,295990,1179,711,36984,"",0.98,0.24,0.11,0.22,0.06,0.46,0.47,"N",1,12.5,0,0,0,0,0,0,0,0,0,0,0,0
"48417","5","2382","76","0","2025","A","N",3,0,0,0,0,0,0,"N",1.10,0,0,0,0,0,0,"N",3,100.0,0,0,0,0,0,0,0,0,0,0,0,0
"48419","5","2382","76","0","2025","A","",8,37,1832466,379330,5795,944,49084,"",0.67,0.25,0.21,0.17,0.16,0.84,0.84,"",0,0.0,-4,-9.8,60579,3.4,-13812,-3.5,3736,181.4,104,12.4,5424,12.4
"48421","5","2382","76","0","2025","A","N",5,0,0,0,0,0,0,"N",1.97,0,0,0,0,0,0,"N",2,66.7,0,0,0,0,0,0,0,0,0,0,0,0
"48423","5","2382","76","0","2025","A","",147,1507,95301978,18047931,257977,1216,63236,"",1.10,0.78,0.76,0.70,0.61,0.97,0.97,"",-15,-9.3,-41,-2.6,4429126,4.9,-406643,-2.2,40441,18.6,87,7.7,4517,7.7
"48425","5","2382","76","0","2025","A","",4,17,1027247,173286,435,1191,61945,"",0.76,0.27,0.19,0.22,0.02,0.73,0.73,"",-2,-33.3,-48,-73.8,-5069299,-83.2,-550206,-76.0,-17148,-97.5,-620,-34.2,-32210,-34.2
"48427","5","2382","76","0","2025","A","N",10,0,0,0,0,0,0,"N",0.76,0,0,0,0,0,0,"N",1,11.1,0,0,0,0,0,0,0,0,0,0,0,0
"48429","5","2382","76","0","2025","A","",16,122,5959095,1574002,7411,943,49012,"",2.63,2.21,2.09,2.52,0.62,0.95,0.95,"",0,0.0,-8,-6.2,-556726,-8.5,-116694,-6.9,3147,73.8,-18,-1.9,-950,-1.9
"48433","5","2382","76","0","2025","A","N",2,0,0,0,0,0,0,"N",1.50,0,0,0,0,0,0,"N",0,0.0,0,0,0,0,0,0,0,0,0,0,0,0
"48435","5","2382","76","0","2025","A","N",2,0,0,0,0,0,0,"N",0.65,0,0,0,0,0,0,"N",-1,-33.3,0,0,0,0,0,0,0,0,0,0,0,0
"48437","5","2382","76","0","2025","A","",4,21,895962,225285,1036,834,43353,"",1.16,0.70,0.58,0.84,0.24,0.83,0.83,"",0,0.0,-2,-8.7,-99812,-10.0,-24381,-9.8,-656,-38.8,10,1.2,524,1.2
"48439","3","2382","76","0","2025","A","N",1,0,0,0,0,0,0,"N",4.84,0,0,0,0,0,0,"N",0,0.0,0,0,0,0,0,0,0,0,0,0,0,0
"48439","5","2382","76","0","2025","A","",1166,21260,1880243472,266355812,4870353,1701,88440,"",1.19,1.25,1.36,1.12,1.05,1.08,1.08,"",-10,-0.9,2464,13.1,349425098,22.8,26592889,11.1,-177671,-3.5,135,8.6,6994,8.6
"48441","5","2382","76","0","2025","A","",110,1744,124792484,22824780,516417,1376,71545,"",1.46,1.52,1.71,1.57,2.04,1.13,1.13,"",-1,-0.9,88,5.3,11817182,10.5,-4585541,-16.7,63886,14.1,64,4.9,3320,4.9
"48443","5","2382","76","0","2025","A","N",1,0,0,0,0,0,0,"N",1.07,0,0,0,0,0,0,"N",-1,-50.0,0,0,0,0,0,0,0,0,0,0,0,0
"48445","5","2382","76","0","2025","A","",5,30,1554038,316964,1852,988,51373,"",0.73,0.58,0.55,0.54,0.24,0.94,0.94,"",2,66.7,3,11.1,238610,18.1,25617,8.8,139,8.1,63,6.8,3248,6.7
"48449","5","2382","76","0","2025","A","",20,221,19508835,2777333,17699,1698,88309,"",1.23,0.74,1.13,0.64,0.27,1.54,1.54,"",1,5.3,10,4.7,3565235,22.4,-17156,-0.6,3734,26.7,246,16.9,12807,17.0
"48451","5","2382","76","0","2025","A","",91,936,62608754,12142226,99732,1287,66908,"",1.53,1.12,1.19,1.29,0.72,1.06,1.06,"",3,3.4,84,9.9,5760420,10.1,1327644,12.3,12456,14.3,4,0.3,204,0.3
"48453","3","2382","76","0","2025","A","N",1,0,0,0,0,0,0,"N",4.70,0,0,0,0,0,0,"N",0,0.0,0,0,0,0,0,0,0,0,0,0,0,0
"48453","5","2382","76","0","2025","A","",792,16815,1464873556,214985371,5970706,1675,87115,"",0.79,1.08,0.85,0.97,1.03,0.79,0.79,"",-9,-1.1,1150,7.3,135606655,10.2,4798435,2.3,-483928,-7.5,43,2.6,2257,2.7
"48455","5","2382","76","0","2025","A","",6,29,1414073,421911,7477,949,49328,"",1.35,0.71,0.73,0.89,1.19,1.04,1.04,"",0,0.0,-3,-9.4,-291755,-17.1,39835,10.4,6132,455.9,-63,-6.2,-3294,-6.3
"48457","5","2382","76","0","2025","A","",6,23,971928,265164,663,819,42566,"",0.90,0.34,0.26,0.41,0.07,0.78,0.78,"",0,0.0,-5,-17.9,-124630,-11.4,-48371,-15.4,-2092,-75.9,61,8.0,3169,8.0
"48459","5","2382","76","0","2025","A","",20,287,18144118,3165033,25642,1218,63312,"",1.76,2.21,2.53,2.03,1.18,1.15,1.15,"",-2,-9.1,3,1.1,1539411,9.3,-246652,-7.2,-23722,-48.1,93,8.3,4810,8.2
"48463","5","2382","76","0","2025","A","",15,70,2991290,761457,3024,818,42530,"",1.08,0.43,0.35,0.41,0.10,0.80,0.80,"",1,7.1,4,6.1,226569,8.2,55456,7.9,1161,62.3,7,0.9,374,0.9
"48465","5","2382","76","0","2025","A","",20,145,8204309,1563832,12161,1089,56614,"",1.12,0.47,0.49,0.53,0.19,1.04,1.04,"",-2,-9.1,-19,-11.6,-441683,-5.1,-366036,-19.0,-10879,-47.2,75,7.4,3895,7.4
"48467","5","2382","76","0","2025","A","",49,498,31333120,6472292,93513,1210,62897,"",2.23,2.31,2.83,2.33,2.03,1.23,1.23,"",-1,-2.0,41,9.0,2965467,10.5,1027380,18.9,35898,62.3,16,1.3,835,1.3
"48469","5","2382","76","0","2025","A","",65,641,38073568,6914446,66053,1143,59436,"",1.39,1.04,1.00,0.91,0.54,0.96,0.96,"",4,6.6,39,6.5,4909539,14.8,275311,4.1,-18317,-21.7,83,7.8,4331,7.9
"48471","5","2382","76","0","2025","A","",44,325,19991326,3683841,42238,1184,61575,"",1.93,0.74,0.76,1.17,0.82,1.03,1.03,"",3,7.3,12,3.8,1752206,9.6,79632,2.2,1904,4.7,62,5.5,3225,5.5
"48473","5","2382","76","0","2025","A","",54,381,24677603,4545082,65513,1244,64714,"",2.35,0.82,0.76,0.72,0.58,0.93,0.93,"",4,8.0,14,3.8,1603822,7.0,102578,2.3,18713,40.0,34,2.8,1814,2.9
"48475","5","2382","76","0","2025","A","N",8,0,0,0,0,0,0,"N",1.04,0,0,0,0,0,0,"N",0,0.0,0,0,0,0,0,0,0,0,0,0,0,0
"48477","5","2382","76","0","2025","A","",38,232,13294216,2452705,13174,1104,57385,"",1.79,0.83,0.82,0.74,0.29,0.99,0.99,"",0,0.0,13,5.9,1234227,10.2,130900,5.6,-6717,-33.8,43,4.1,2233,4.0
"48479","5","2382","76","0","2025","A","",103,886,48751264,10962574,188057,1058,54993,"",0.88,0.49,0.52,0.49,0.61,1.06,1.06,"",8,8.4,112,14.5,11655663,31.4,2379219,27.7,45665,32.1,136,14.8,7035,14.7
"48481","5","2382","76","0","2025","A","",25,202,12756256,2034047,16045,1213,63072,"",1.11,0.75,0.80,0.59,0.27,1.07,1.07,"",-4,-13.8,-5,-2.4,-115247,-0.9,-39124,-1.9,-10607,-39.8,17,1.4,866,1.4
"48483","5","2382","76","0","2025","A","N",2,0,0,0,0,0,0,"N",0.52,0,0,0,0,0,0,"N",0,0.0,0,0,0,0,0,0,0,0,0,0,0,0
"48485","5","2382","76","0","2025","A","",88,847,51844477,9804414,227272,1177,61191,"",1.38,0.96,1.00,0.99,1.59,1.04,1.04,"",-4,-4.3,78,10.1,6652168,14.7,844543,9.4,78485,52.7,47,4.2,2449,4.2
"48487","5","2382","76","0","2025","A","",4,26,1148256,273546,682,836,43467,"",0.61,0.26,0.21,0.30,0.06,0.81,0.81,"",-1,-20.0,1,4.0,16621,1.5,2205,0.8,4,0.6,-32,-3.7,-1648,-3.7
"48489","5","2382","76","0","2025","A","N",1,0,0,0,0,0,0,"N",0.17,0,0,0,0,0,0,"N",0,0.0,0,0,0,0,0,0,0,0,0,0,0,0
"48491","5","2382","76","0","2025","A","",498,7628,602564608,94162855,1070582,1519,78997,"",1.60,1.92,1.68,1.65,0.95,0.88,0.88,"",0,0.0,251,3.4,31822303,5.6,2224509,2.4,-52730,-4.7,31,2.1,1626,2.1
"48493","5","2382","76","0","2025","A","",53,433,25682347,4721526,116882,1142,59370,"",2.93,2.70,2.76,2.33,3.36,1.02,1.02,"",5,10.4,19,4.6,2286316,9.8,799594,20.4,36859,46.1,56,5.2,2903,5.1
"48495","5","2382","76","0","2025","A","",5,85,7539760,945762,3326,1699,88357,"",1.11,1.21,1.04,0.87,0.20,0.86,0.86,"",-1,-16.7,1,1.2,638687,9.3,-92185,-8.9,-3983,-54.5,125,7.9,6526,8.0
"48497","5","2382","76","0","2025","A","",67,526,36248139,5784442,37557,1325,68924,"",2.03,1.44,1.47,1.11,0.44,1.02,1.02,"",7,11.7,24,4.8,292381,0.8,-205930,-3.4,748,2.0,-51,-3.7,-2642,-3.7
"48499","5","2382","76","0","2025","A","",27,106,5656134,1331612,10671,1030,53570,"",1.45,0.59,0.59,0.64,0.34,1.00,1.00,"",2,8.0,2,1.9,-48037,-0.8,10860,0.8,-2195,-17.1,-22,-2.1,-1146,-2.1
"48501","5","2382","76","0","2025","A","",8,90,8736857,1098594,8381,1877,97619,"",1.51,1.69,1.86,1.64,0.86,1.11,1.11,"",1,14.3,43,91.5,5515000,171.2,608197,124.0,3065,57.7,547,41.1,28456,41.1
"48503","5","2382","76","0","2025","A","",16,62,2580734,680673,3402,803,41737,"",1.36,0.53,0.33,0.43,0.18,0.62,0.62,"",-2,-11.1,-15,-19.5,-775357,-23.1,-173727,-20.3,-337,-9.0,-33,-3.9,-1754,-4.0
"48505","5","2382","76","0","2025","A","N",3,0,0,0,0,0,0,"N",0.89,0,0,0,0,0,0,"N",1,50.0,0,0,0,0,0,0,0,0,0,0,0,0
"48507","5","2382","76","0","2025","A","N",2,0,0,0,0,0,0,"N",0.60,0,0,0,0,0,0,"N",0,0.0,0,0,0,0,0,0,0,0,0,0,0,0
"48999","5","2382","76","0","2025","A","",1972,7672,651013833,110748667,2601176,1632,84853,"",0.88,0.77,0.54,0.60,0.43,0.70,0.70,"",380,23.9,1072,16.2,112277368,20.8,12033127,12.2,129539,5.2,62,3.9,3228,4.0
"49000","5","2382","56","0","2025","A","",3406,40818,3277804217,1949217887,13347860,1544,80302,"",1.23,1.40,1.49,1.45,1.27,1.06,1.06,"",117,3.6,1467,3.7,303327278,10.2,143241992,7.9,-432477,-3.1,90,6.2,4714,6.2
"49001","5","2382","76","0","2025","A","",9,66,3708617,2929322,26796,1072,55769,"",1.69,1.29,1.28,1.51,1.57,0.98,0.98,"",1,12.5,4,6.5,854425,29.9,574673,24.4,7841,41.4,193,22.0,10041,22.0
"49003","5","2382","76","0","2025","A","",52,242,11711920,9657269,56381,932,48446,"",1.63,0.59,0.42,0.48,0.44,0.72,0.72,"",3,6.1,38,18.6,1393769,13.5,1714178,21.6,17046,43.3,-41,-4.2,-2175,-4.3
"49005","5","2382","76","0","2025","A","",121,1032,56738288,41105846,211076,1057,54952,"",1.35,0.97,0.88,0.99,0.82,0.91,0.91,"",-3,-2.4,121,13.3,3439307,6.5,245277,0.6,-105280,-33.3,-68,-6.0,-3543,-6.1
"49007","5","2382","76","0","2025","A","",18,150,11221254,6803699,31044,1437,74725,"",1.44,1.03,1.35,1.19,0.70,1.31,1.31,"",-3,-14.3,-19,-11.2,15980,0.1,-887556,-11.5,-120299,-79.5,164,12.9,8552,12.9
"49009","5","2382","76","0","2025","A","N",2,0,0,0,0,0,0,"N",1.83,0,0,0,0,0,0,"N",1,100.0,0,0,0,0,0,0,0,0,0,0,0,0
"49011","5","2382","76","0","2025","A","",306,4059,279889250,188771156,1005613,1326,68958,"",1.49,1.69,1.78,1.94,1.57,1.05,1.05,"",2,0.7,386,10.5,34013991,13.8,23860880,14.5,-1872,-0.2,39,3.0,2012,3.0
"49013","5","2382","76","0","2025","A","",13,131,9790999,7008630,153326,1434,74551,"",0.76,0.85,0.95,1.06,2.71,1.11,1.11,"",3,30.0,26,24.8,2840596,40.9,2140742,44.0,130630,575.6,162,12.7,8409,12.7
"49015","5","2382","76","0","2025","A","",5,25,1381957,1014130,29029,1063,55278,"",0.92,0.41,0.35,0.39,0.88,0.85,0.85,"N",1,25.0,0,0,0,0,0,0,0,0,0,0,0,0
"49017","5","2382","76","0","2025","A","",11,27,1342999,1111865,5927,960,49895,"",1.98,0.62,0.39,0.76,0.17,0.63,0.63,"",2,22.2,3,12.5,112367,9.1,101807,10.1,-2371,-28.6,-13,-1.3,-679,-1.3
"49019","5","2382","76","0","2025","A","",17,74,3760372,3112087,18747,977,50816,"",1.26,0.65,0.62,0.63,0.26,0.96,0.96,"",2,13.3,2,2.8,203707,5.7,329701,11.8,5237,38.8,30,3.2,1589,3.2
"49021","5","2382","76","0","2025","A","",66,439,20671831,17956770,63045,905,47062,"",1.49,1.02,0.88,1.08,0.62,0.87,0.87,"",8,13.8,40,10.0,3147786,18.0,2497395,16.2,-5947,-8.6,61,7.2,3170,7.2
"49023","5","2382","76","0","2025","A","",16,115,5884879,4733506,24619,981,51025,"",1.98,1.47,1.41,1.71,1.25,0.95,0.95,"",2,14.3,6,5.5,373677,6.8,461143,10.8,-6627,-21.2,11,1.1,579,1.1
"49025","5","2382","76","0","2025","A","",11,39,1689908,1440176,9955,830,43147,"",1.28,0.56,0.48,0.61,0.46,0.87,0.87,"",-2,-15.4,1,2.6,164714,10.8,144607,11.2,717,7.8,65,8.5,3359,8.4
"49027","5","2382","76","0","2025","A","",13,54,4422013,2499966,18526,1580,82143,"",1.41,0.60,0.76,0.67,0.84,1.28,1.28,"",1,8.3,-5,-8.5,-1108742,-20.0,-454699,-15.4,-21252,-53.4,-223,-12.4,-11599,-12.4
"49029","5","2382","76","0","2025","A","",28,219,14220269,9709072,29170,1248,64908,"",3.06,3.60,3.31,3.72,1.61,0.92,0.92,"",0,0.0,3,1.4,69003,0.5,236362,2.5,-22319,-43.3,-15,-1.2,-759,-1.2
"49031","5","2382","76","0","2025","A","N",1,0,0,0,0,0,0,"N",0.84,0,0,0,0,0,0,"N",0,0.0,0,0,0,0,0,0,0,0,0,0,0,0
"49035","5","2382","76","0","2025","A","",1280,17961,1513673600,885641714,7602298,1621,84274,"",0.96,1.33,1.28,1.30,1.36,0.97,0.97,"",10,0.8,1063,6.3,138000592,10.0,62799358,7.6,-150152,-1.9,55,3.5,2864,3.5
"49037","5","2382","76","0","2025","A","",6,71,3142157,2860930,21161,846,43998,"",0.83,0.89,0.71,1.06,0.76,0.79,0.79,"",-2,-25.0,22,44.9,963088,44.2,884579,44.8,-217,-1.0,-3,-0.4,-172,-0.4
"49039","5","2382","76","0","2025","A","",24,142,7772515,5854577,24773,1056,54897,"",1.63,0.89,0.97,1.24,0.79,1.09,1.09,"",-2,-7.7,6,4.4,603479,8.4,428457,7.9,-1983,-7.4,45,4.5,2345,4.5
"49041","5","2382","76","0","2025","A","",18,109,5063230,4145823,17485,892,46381,"",1.12,0.65,0.56,0.64,0.40,0.86,0.86,"",1,5.9,-12,-9.9,-194577,-3.7,-198324,-4.6,-5848,-25.1,56,6.7,2898,6.7
"49043","5","2382","76","0","2025","A","",55,356,25123273,17726263,73494,1356,70538,"",0.78,0.66,0.61,0.62,0.25,0.93,0.93,"",-2,-3.5,33,10.2,3508825,16.2,2711681,18.1,-4582,-5.9,70,5.4,3672,5.5
"49045","5","2382","76","0","2025","A","",51,260,14302549,10764779,72164,1059,55080,"",1.65,0.76,0.71,0.77,0.72,0.94,0.94,"",4,8.5,-18,-6.5,-1256683,-8.1,-1271206,-10.6,-39378,-35.3,-16,-1.5,-821,-1.5
"49047","5","2382","76","0","2025","A","",26,900,68651438,45800272,192374,1467,76286,"",0.97,3.45,3.90,3.62,1.67,1.13,1.13,"",3,13.0,69,8.3,8516987,14.2,10398426,29.4,-18902,-8.9,75,5.4,3886,5.4
"49049","5","2382","76","0","2025","A","",660,9490,896483903,457696343,2601869,1817,94469,"",1.46,1.89,2.54,2.03,1.55,1.34,1.34,"",51,8.4,-601,-6.0,75862474,9.2,15228810,3.4,36260,1.4,253,16.2,13145,16.2
"49051","5","2382","76","0","2025","A","",44,171,9205964,6893389,42134,1033,53731,"",1.34,0.81,0.66,0.76,0.63,0.82,0.82,"",3,7.3,20,13.2,1237375,15.5,1032339,17.6,13057,44.9,18,1.8,930,1.8
"49053","5","2382","76","0","2025","A","",298,2159,127524341,94218650,441851,1136,59071,"",1.82,1.44,1.54,1.52,1.10,1.07,1.07,"",17,6.0,215,11.1,18537132,17.0,12786517,15.7,-20401,-4.4,58,5.4,3015,5.4
"49055","5","2382","76","0","2025","A","",5,32,1202497,1043147,2086,734,38175,"",1.62,1.50,1.09,1.24,0.16,0.74,0.74,"",0,0.0,3,10.3,-14536,-1.2,45790,4.6,-908,-30.3,-82,-10.0,-4280,-10.1
"49057","5","2382","76","0","2025","A","",250,2490,178911983,118532827,570599,1382,71867,"",1.71,1.21,1.31,1.33,0.89,1.08,1.08,"",16,6.8,110,4.6,14439291,8.8,9721546,8.9,-126156,-18.1,53,4.0,2751,4.0
"50000","5","2382","56","0","2025","A","",707,4525,335500912,80043925,1588789,1426,74149,"",1.09,0.88,0.89,0.92,0.65,1.01,1.01,"",22,3.2,166,3.8,30244160,9.9,3791432,5.0,116083,7.9,79,5.9,4124,5.9
"50001","5","2382","76","0","2025","A","",44,249,16848168,4217258,58515,1303,67754,"",1.22,0.96,0.95,1.02,0.58,0.99,0.99,"",2,4.8,18,7.8,1403603,9.1,547629,14.9,7253,14.1,18,1.4,919,1.4
"50003","5","2382","76","0","2025","A","",46,220,14705295,3689909,45082,1285,66842,"",1.16,0.79,0.78,0.75,0.30,0.99,0.99,"",1,2.2,2,0.9,1044695,7.6,67188,1.9,1222,2.8,78,6.5,4059,6.5
"50005","5","2382","76","0","2025","A","",30,119,8149249,2060600,24963,1322,68722,"",1.24,0.64,0.69,0.69,0.30,1.09,1.09,"",0,0.0,4,3.5,17723,0.2,54963,2.7,-2020,-7.5,-33,-2.4,-1732,-2.5
"50007","5","2382","76","0","2025","A","",164,1872,153713289,33540513,866051,1579,82094,"",0.87,1.09,1.07,1.14,1.14,0.98,0.98,"",0,0.0,-26,-1.4,8805162,6.1,-1199235,-3.5,11832,1.4,110,7.5,5729,7.5
"50009","5","2382","76","0","2025","A","",5,21,1110123,402181,14244,1025,53286,"",1.35,1.19,1.11,1.58,1.49,0.94,0.94,"",1,25.0,1,5.0,117023,11.8,56774,16.4,-572,-3.9,70,7.3,3631,7.3
"50011","5","2382","76","0","2025","A","",40,186,11844442,3361210,57444,1227,63794,"",1.27,0.67,0.62,0.70,0.47,0.93,0.93,"",3,8.1,15,8.8,1465083,14.1,364230,12.2,12210,27.0,60,5.1,3096,5.1
"50013","5","2382","76","0","2025","A","",5,47,3363744,977924,36151,1369,71190,"",0.82,2.00,2.55,2.18,2.82,1.27,1.27,"N",-1,-16.7,0,0,0,0,0,0,0,0,0,0,0,0
"50015","5","2382","76","0","2025","A","",35,168,11345371,2969188,18950,1300,67599,"",1.13,0.80,0.83,0.71,0.13,1.04,1.04,"",5,16.7,21,14.3,2015340,21.6,494274,20.0,2442,14.8,76,6.2,3949,6.2
"50017","5","2382","76","0","2025","A","",34,178,12631075,3095137,64016,1361,70762,"",1.64,1.37,1.55,1.52,1.12,1.13,1.13,"",0,0.0,8,4.7,1429619,12.8,290153,10.3,2531,4.1,94,7.4,4871,7.4
"50019","5","2382","76","0","2025","A","",28,221,15477669,3713195,92044,1349,70140,"",1.28,1.28,1.54,1.30,0.88,1.20,1.20,"",1,3.7,1,0.5,1520565,10.9,129663,3.6,-985,-1.1,127,10.4,6578,10.3
"50021","5","2382","76","0","2025","A","",81,273,17670590,4726562,71909,1247,64826,"",1.53,0.65,0.63,0.62,0.29,0.97,0.97,"",6,8.0,18,7.1,1967022,12.5,246421,5.5,3261,4.8,61,5.1,3163,5.1
"50023","5","2382","76","0","2025","A","",63,357,25278477,6170723,76353,1363,70858,"",1.00,0.64,0.59,0.71,0.32,0.92,0.92,"",1,1.6,43,13.7,4605805,22.3,851515,16.0,22245,41.1,96,7.6,4987,7.6
"50025","5","2382","76","0","2025","A","",56,279,20609113,4703767,54453,1419,73802,"",1.14,0.80,0.93,0.75,0.29,1.15,1.15,"",2,3.7,9,3.3,1468773,7.7,339645,7.8,1046,2.0,55,4.0,2868,4.0
"50027","5","2382","76","0","2025","A","",62,246,16315572,4266593,61866,1274,66234,"",1.02,0.63,0.60,0.65,0.35,0.94,0.94,"",-1,-1.6,19,8.4,2094639,14.7,604267,16.5,22724,58.1,71,5.9,3679,5.9
"50999","5","2382","76","0","2025","A","",14,89,6438735,2149165,46748,1386,72075,"",0.70,0.58,0.60,1.03,0.87,1.02,1.02,"N",2,16.7,0,0,0,0,0,0,0,0,0,0,0,0
"51000","3","2382","56","0","2025","A","",3,4,266422,0,0,1337,69501,"",2.27,0.35,0.32,0.00,0.00,0.96,0.96,"",0,0.0,2,100.0,99918,60.0,0,0.0,0,0.0,-35,-2.6,-1858,-2.6
"51000","5","2382","56","0","2025","A","",5225,77617,6599801887,861104948,6887752,1635,85030,"",0.84,1.12,1.09,1.04,0.88,0.98,0.98,"",-37,-0.7,6276,8.8,949089555,16.8,85430198,11.0,1338439,24.1,112,7.4,5823,7.4
"51001","5","2382","76","0","2025","A","",23,96,6078894,948821,3317,1219,63377,"",1.00,0.44,0.47,0.36,0.10,1.05,1.05,"",1,4.5,4,4.3,1158388,23.5,19334,2.1,121,3.8,193,18.8,10038,18.8
"51003","5","2382","76","0","2025","A","",46,546,37173774,5138122,60036,1308,68022,"",0.56,0.50,0.42,0.56,0.89,0.83,0.83,"",0,0.0,-4,-0.7,1419482,4.0,-247550,-4.6,7216,13.7,58,4.6,3004,4.6
"51005","5","2382","76","0","2025","A","",8,28,1554059,258497,4144,1087,56511,"",0.89,0.52,0.55,0.46,0.92,1.09,1.09,"",0,0.0,6,27.3,337728,27.8,-23382,-8.3,1000,31.8,44,4.2,2251,4.1
"51007","5","2382","76","0","2025","A","",26,151,8343079,1562445,2498,1060,55100,"",3.23,3.62,3.65,2.81,0.64,1.00,1.00,"",0,0.0,2,1.3,690056,9.0,-23003,-1.5,-5638,-69.3,73,7.4,3766,7.3
"51009","5","2382","76","0","2025","A","",17,140,7162341,1308813,4182,984,51190,"",1.13,1.07,1.02,0.97,0.44,0.95,0.95,"",0,0.0,12,9.4,523128,7.9,99984,8.3,-3122,-42.7,-11,-1.1,-544,-1.1
"51011","5","2382","76","0","2025","A","",14,140,7452712,1454985,4105,1022,53139,"",1.39,2.29,2.57,2.18,1.01,1.12,1.12,"",2,16.7,24,20.7,1384761,22.8,218203,17.6,2127,107.5,15,1.5,791,1.5
"51013","5","2382","76","0","2025","A","",36,183,25420433,1984460,8223,2673,138973,"",0.19,0.06,0.06,0.05,0.03,0.97,0.97,"",2,5.9,-3,-1.6,3533319,16.1,-37406,-1.9,3007,57.6,405,17.9,21036,17.8
"51015","5","2382","76","0","2025","A","",63,1102,87377512,11632546,42846,1525,79290,"",1.59,2.11,2.51,1.94,0.78,1.19,1.19,"",2,3.3,52,5.0,7264785,9.1,533347,4.8,7343,20.7,57,3.9,2968,3.9
"51017","5","2382","76","0","2025","A","N",3,0,0,0,0,0,0,"N",0.70,0,0,0,0,0,0,"N",-1,-25.0,0,0,0,0,0,0,0,0,0,0,0,0
"51019","5","2382","76","0","2025","A","",66,428,27740177,4638300,27692,1246,64813,"",1.46,1.36,1.62,1.31,1.02,1.19,1.19,"",2,3.1,6,1.4,1888618,7.3,-34704,-0.7,8009,40.7,68,5.8,3565,5.8
"51021","5","2382","76","0","2025","A","N",1,0,0,0,0,0,0,"N",0.35,0,0,0,0,0,0,"N",-1,-50.0,0,0,0,0,0,0,0,0,0,0,0,0
"51023","5","2382","76","0","2025","A","",24,211,17281915,2041002,8942,1572,81743,"",1.25,1.02,1.30,0.82,0.35,1.27,1.27,"",-1,-4.0,-7,-3.2,1221814,7.6,-239132,-10.5,2083,30.4,155,10.9,8045,10.9
"51025","5","2382","76","0","2025","A","N",5,0,0,0,0,0,0,"N",0.54,0,0,0,0,0,0,"N",-1,-16.7,0,0,0,0,0,0,0,0,0,0,0,0
"51027","5","2382","76","0","2025","A","N",2,0,0,0,0,0,0,"N",0.19,0,0,0,0,0,0,"N",-1,-33.3,0,0,0,0,0,0,0,0,0,0,0,0
"51029","5","2382","76","0","2025","A","",6,18,622308,145077,144,668,34733,"",0.64,0.35,0.21,0.35,0.05,0.61,0.61,"N",0,0.0,0,0,0,0,0,0,0,0,0,0,0,0
"51031","5","2382","76","0","2025","A","",59,1072,74356696,11145985,57742,1335,69395,"",1.73,3.43,2.90,2.57,1.95,0.85,0.85,"",-2,-3.3,26,2.5,5123320,7.4,324325,3.0,5032,9.5,62,4.9,3190,4.8
"51033","5","2382","76","0","2025","A","",17,132,8794517,1389088,14668,1277,66415,"",1.17,1.13,1.38,0.89,0.55,1.23,1.23,"",-1,-5.6,7,5.6,605172,7.4,162093,13.2,7304,99.2,20,1.6,1074,1.6
"51035","5","2382","76","0","2025","A","",5,24,1253889,306039,4182,984,51179,"",0.39,0.25,0.28,0.23,0.44,1.10,1.10,"",1,25.0,-10,-29.4,-248569,-16.5,-42109,-12.1,1583,60.9,147,17.6,7629,17.5
"51036","5","2382","76","0","2025","A","",10,131,9375395,1268996,1383,1373,71386,"",2.18,3.80,4.21,2.81,0.52,1.11,1.11,"",0,0.0,-2,-1.5,571911,6.5,40009,3.3,-2253,-62.0,102,8.0,5277,8.0
"51037","5","2382","76","0","2025","A","N",2,0,0,0,0,0,0,"N",0.23,0,0,0,0,0,0,"N",-2,-50.0,0,0,0,0,0,0,0,0,0,0,0,0
"51041","5","2382","76","0","2025","A","",220,3433,251882694,38068071,235076,1411,73369,"",1.08,1.38,1.48,1.23,0.75,1.07,1.07,"",-8,-3.5,58,1.7,23390206,10.2,821983,2.2,-28379,-10.8,109,8.4,5669,8.4
"51043","5","2382","76","0","2025","A","",19,124,6414246,1290470,8649,998,51902,"",2.03,1.79,1.48,1.54,1.45,0.83,0.83,"",1,5.6,15,13.8,704912,12.3,208937,19.3,-530,-5.8,-7,-0.7,-357,-0.7
"51045","5","2382","76","0","2025","A","N",1,0,0,0,0,0,0,"N",0.36,0,0,0,0,0,0,"N",0,0.0,0,0,0,0,0,0,0,0,0,0,0,0
"51047","5","2382","76","0","2025","A","",37,201,14351577,2114867,12747,1376,71549,"",1.21,0.73,0.84,0.73,0.46,1.14,1.14,"",-2,-5.1,9,4.7,1338859,10.3,-49117,-2.3,3779,42.1,70,5.4,3657,5.4
"51049","5","2382","76","0","2025","A","",7,16,594579,152427,506,697,36218,"",1.45,0.67,0.49,0.64,0.44,0.72,0.72,"",0,0.0,-3,-15.8,-132258,-18.2,-55129,-26.6,299,144.4,-32,-4.4,-1704,-4.5
"51051","5","2382","76","0","2025","A","N",3,0,0,0,0,0,0,"N",0.48,0,0,0,0,0,0,"N",1,50.0,0,0,0,0,0,0,0,0,0,0,0,0
"51053","5","2382","76","0","2025","A","",17,108,6028746,1033212,3233,1076,55951,"",1.59,0.70,0.55,0.55,0.20,0.79,0.79,"",-1,-5.6,0,0.0,204775,3.5,-100495,-8.9,-2973,-47.9,42,4.1,2191,4.1
"51057","5","2382","76","0","2025","A","N",5,0,0,0,0,0,0,"N",0.65,0,0,0,0,0,0,"N",1,25.0,0,0,0,0,0,0,0,0,0,0,0,0
"51059","3","2382","76","0","2025","A","",1,3,213269,0,0,1448,75271,"",6.25,1.72,1.17,0.00,0.00,0.72,0.72,"",0,0.0,2,200.0,92512,76.6,0,0.0,0,0.0,-294,-16.9,-15297,-16.9
"51059","5","2382","76","0","2025","A","",458,6779,628469101,71118265,338632,1783,92704,"",0.60,0.64,0.47,0.53,0.29,0.74,0.74,"",-12,-2.6,81,1.2,40948101,7.0,1732880,2.5,26540,8.5,96,5.7,4985,5.7
"51061","5","2382","76","0","2025","A","",84,804,59688220,8661421,53308,1427,74216,"",1.69,2.01,2.02,1.84,1.59,1.00,1.00,"",-1,-1.2,-42,-5.0,-1215120,-2.0,-651565,-7.0,15733,41.9,42,3.0,2191,3.0
"51063","5","2382","76","0","2025","A","",11,56,2904046,567399,568,1000,52013,"",1.10,0.88,0.96,0.67,0.11,1.10,1.10,"",-1,-8.3,0,0.0,139801,5.1,-130765,-18.7,-131,-18.7,48,5.0,2504,5.1
"51065","5","2382","76","0","2025","A","",20,137,9472300,2161985,9719,1326,68973,"",1.54,1.74,1.90,2.31,1.32,1.09,1.09,"",1,5.3,-196,-58.9,-18562987,-66.2,-2345609,-52.0,-1519,-13.5,-293,-18.1,-15238,-18.1
"51067","5","2382","76","0","2025","A","",46,530,33169573,5446738,17768,1202,62525,"",1.44,2.01,2.35,1.69,0.68,1.17,1.17,"",-1,-2.1,12,2.3,1761048,5.6,111324,2.1,7742,77.2,35,3.0,1842,3.0
"51069","5","2382","76","0","2025","A","",74,737,47945629,7252749,33420,1251,65070,"",1.69,1.15,1.10,0.95,0.46,0.95,0.95,"",4,5.7,89,13.7,7868665,19.6,669835,10.2,-458,-1.4,62,5.2,3263,5.3
"51071","5","2382","76","0","2025","A","",8,78,5325986,784775,4307,1306,67919,"",0.92,0.89,1.03,0.88,0.50,1.14,1.15,"",0,0.0,18,30.0,1956389,58.1,206297,35.7,-700,-14.0,224,20.7,11681,20.8
"51073","3","2382","76","0","2025","A","",1,0,1409,0,0,0,0,"",220.64,0.00,1.14,0.00,0.00,0.00,0.00,"",0,0.0,0,0.0,918,187.0,0,0.0,0,0.0,0,0.0,0,0.0
"51073","5","2382","76","0","2025","A","",36,182,10018068,2032269,5181,1061,55171,"",1.68,1.08,1.11,1.20,0.48,1.04,1.04,"",-2,-5.3,-1,-0.5,186632,1.9,41311,2.1,845,19.5,28,2.7,1447,2.7
"51075","5","2382","76","0","2025","A","",23,142,9198317,1713717,11397,1249,64929,"",1.16,0.45,0.21,0.38,0.27,0.46,0.46,"",1,4.5,8,6.0,1492468,19.4,300240,21.2,6175,118.2,142,12.8,7387,12.8
"51077","5","2382","76","0","2025","A","N",4,0,0,0,0,0,0,"N",0.57,0,0,0,0,0,0,"N",0,0.0,0,0,0,0,0,0,0,0,0,0,0,0
"51079","5","2382","76","0","2025","A","",27,151,8177924,1580490,5119,1039,54039,"",2.57,2.26,2.51,2.21,0.92,1.11,1.11,"",2,8.0,9,6.3,703489,9.4,49005,3.2,953,22.9,29,2.9,1525,2.9
"51081","5","2382","76","0","2025","A","N",3,0,0,0,0,0,0,"N",0.66,0,0,0,0,0,0,"N",-1,-25.0,0,0,0,0,0,0,0,0,0,0,0,0
"51083","5","2382","76","0","2025","A","",23,370,27697064,4153205,31642,1441,74908,"",1.18,1.88,2.42,1.71,1.61,1.29,1.29,"",2,9.5,-6,-1.6,2204424,8.6,-190692,-4.4,2537,8.7,139,10.7,7183,10.6
"51085","5","2382","76","0","2025","A","",195,2850,225254808,31827948,176041,1520,79023,"",2.34,2.96,3.57,2.53,1.45,1.20,1.20,"",-5,-2.5,124,4.5,17262454,8.3,1387323,4.6,19907,12.7,53,3.6,2731,3.6
"51087","5","2382","76","0","2025","A","",178,5579,490756720,65226606,1202860,1692,87962,"",0.71,1.73,1.91,1.54,2.62,1.10,1.10,"",2,1.1,1439,34.8,150454279,44.2,18087740,38.4,649821,117.5,111,7.0,5753,7.0
"51089","5","2382","76","0","2025","A","",22,171,8619243,1716202,3813,970,50454,"",0.66,0.67,0.66,0.53,0.14,0.99,0.99,"",1,4.8,9,5.6,731191,9.3,118083,7.4,-455,-10.7,33,3.5,1712,3.5
"51091","5","2382","76","0","2025","A","",5,10,325366,177387,178,606,31487,"",2.08,0.98,0.59,1.83,0.17,0.58,0.58,"",-1,-16.7,-1,-9.1,-51180,-13.6,49858,39.1,51,40.2,-33,-5.2,-1738,-5.2
"51093","5","2382","76","0","2025","A","",24,190,12766650,1987360,13102,1294,67281,"",1.32,1.15,1.11,0.93,0.71,0.96,0.96,"",0,0.0,9,5.0,1309306,11.4,23266,1.2,1384,11.8,79,6.5,4097,6.5
"51095","5","2382","76","0","2025","A","",36,352,20945378,3514928,8528,1143,59448,"",0.81,0.69,0.69,0.59,0.21,1.00,1.00,"",-1,-2.7,9,2.6,1806532,9.4,99066,2.9,243,2.9,69,6.4,3582,6.4
"51097","5","2382","76","0","2025","A","N",2,0,0,0,0,0,0,"N",0.49,0,0,0,0,0,0,"N",0,0.0,0,0,0,0,0,0,0,0,0,0,0,0
"51099","5","2382","76","0","2025","A","",23,129,7437941,1278927,2044,1107,57584,"",1.73,0.57,0.31,0.84,0.20,0.54,0.54,"",-1,-4.2,1,0.8,91820,1.2,-45535,-3.4,457,28.8,2,0.2,118,0.2
"51101","5","2382","76","0","2025","A","",20,83,4427486,848563,4498,1021,53077,"",2.07,1.15,0.92,1.02,0.60,0.79,0.79,"",1,5.3,10,13.7,352983,8.7,89264,11.8,1551,52.6,-49,-4.6,-2548,-4.6
"51103","5","2382","76","0","2025","A","",13,129,7959320,1349184,7396,1187,61740,"",1.20,1.63,1.73,1.44,0.82,1.06,1.06,"",0,0.0,11,9.3,867111,12.2,156110,13.1,-1737,-19.0,34,2.9,1806,3.0
"51105","5","2382","76","0","2025","A","",3,12,437424,96401,96,716,37228,"",0.30,0.17,0.12,0.12,0.02,0.72,0.72,"",-1,-25.0,-2,-14.3,-50859,-10.4,-42545,-30.6,-265,-73.4,57,8.6,2963,8.6
"51107","5","2382","76","0","2025","A","",197,15271,1681202578,177341770,1706296,2117,110093,"",0.67,4.46,5.18,4.20,4.66,1.16,1.16,"",5,2.6,3109,25.6,427273950,34.1,39621420,28.8,447713,35.6,134,6.8,6992,6.8
"51109","5","2382","76","0","2025","A","",35,256,20919188,3684945,48279,1574,81822,"",1.67,1.48,1.74,1.63,2.16,1.17,1.17,"",3,9.4,40,18.5,9004826,75.6,1366314,58.9,40371,510.5,516,48.8,26790,48.7
"51111","5","2382","76","0","2025","A","N",6,0,0,0,0,0,0,"N",0.87,0,0,0,0,0,0,"N",1,20.0,0,0,0,0,0,0,0,0,0,0,0,0
"51113","5","2382","76","0","2025","A","",12,109,6797569,1029821,2077,1195,62126,"",1.37,2.11,2.27,1.82,0.61,1.08,1.07,"",0,0.0,-1,-0.9,708287,11.6,531,0.1,789,61.3,127,11.9,6601,11.9
"51115","5","2382","76","0","2025","A","",6,19,850819,166561,386,877,45580,"",1.20,0.72,0.68,0.42,0.20,0.97,0.97,"",0,0.0,2,11.8,121909,16.7,10859,7.0,231,149.0,60,7.3,3119,7.3
"51117","5","2382","76","0","2025","A","",12,24,1113604,242244,339,886,46080,"",0.59,0.12,0.09,0.11,0.02,0.78,0.78,"",-3,-20.0,-2,-7.7,-7652,-0.7,-67592,-21.8,-537,-61.3,51,6.1,2677,6.2
"51119","5","2382","76","0","2025","A","",8,39,1873166,366158,2379,928,48236,"",1.03,0.72,0.66,0.59,0.64,0.92,0.92,"",0,0.0,9,30.0,440166,30.7,12354,3.5,1391,140.8,9,1.0,469,1.0
"51121","5","2382","76","0","2025","A","",40,344,21977948,3344475,14792,1228,63858,"",0.79,0.47,0.44,0.45,0.33,0.94,0.94,"",0,0.0,21,6.5,1873690,9.3,89871,2.8,2481,20.2,31,2.6,1632,2.6
"51125","5","2382","76","0","2025","A","",9,67,3356073,625531,1586,962,50028,"",0.87,1.01,0.91,0.82,0.35,0.90,0.90,"",-1,-10.0,10,17.5,525241,18.6,42501,7.3,-8139,-83.7,12,1.3,653,1.3
"51127","5","2382","76","0","2025","A","",20,79,4548133,852019,3175,1104,57390,"",1.73,0.75,0.74,0.66,0.27,0.99,0.99,"",4,25.0,32,68.1,2048800,82.0,325629,61.9,-3267,-50.7,80,7.8,4118,7.7
"51131","5","2382","76","0","2025","A","",8,35,1473085,362152,406,802,41691,"",0.69,0.47,0.40,0.36,0.03,0.85,0.85,"",0,0.0,-4,-10.3,-178265,-10.8,4657,1.3,-2609,-86.5,-18,-2.2,-924,-2.2
"51133","5","2382","76","0","2025","A","",16,49,2149423,483362,1182,844,43866,"",2.14,1.27,0.99,0.89,0.14,0.78,0.78,"",0,0.0,-1,-2.0,-180948,-7.8,-76402,-13.6,-1752,-59.7,-55,-6.1,-2897,-6.2
"51135","5","2382","76","0","2025","A","",13,52,3527283,509871,794,1313,68270,"",1.37,0.57,0.65,0.74,0.16,1.15,1.15,"",-1,-7.1,2,4.0,208559,6.3,-26756,-5.0,-675,-45.9,39,3.1,2006,3.0
"51137","5","2382","76","0","2025","A","",34,155,7853106,1909796,6489,976,50774,"",1.69,0.99,0.89,1.15,0.61,0.90,0.91,"",2,6.2,15,10.7,1079944,15.9,535618,39.0,2481,61.9,46,4.9,2423,5.0
"51139","5","2382","76","0","2025","A","",14,35,1710078,521960,2638,933,48513,"",1.16,0.38,0.38,0.55,0.21,0.99,0.99,"",3,27.3,-50,-58.8,-2684971,-61.1,-275865,-34.6,190,7.8,-61,-6.1,-3193,-6.2
"51141","5","2382","76","0","2025","A","N",7,0,0,0,0,0,0,"N",0.75,0,0,0,0,0,0,"N",0,0.0,0,0,0,0,0,0,0,0,0,0,0,0
"51143","5","2382","76","0","2025","A","",36,294,17469889,3031204,19668,1145,59523,"",1.30,1.35,1.44,1.15,0.60,1.06,1.06,"",0,0.0,13,4.6,2244808,14.7,174997,6.1,6569,50.1,102,9.8,5293,9.8
"51145","5","2382","76","0","2025","A","",50,423,27230298,4321018,20716,1239,64412,"",2.85,2.91,3.06,2.60,1.30,1.05,1.05,"",3,6.4,42,11.0,4341699,19.0,369602,9.4,2675,14.8,83,7.2,4297,7.1
"51147","5","2382","76","0","2025","A","",8,99,6010568,1094324,3940,1167,60662,"",0.57,0.68,0.75,0.75,0.29,1.09,1.09,"",-2,-20.0,5,5.3,284025,5.0,144218,15.2,-494,-11.1,-7,-0.6,-367,-0.6
"51149","5","2382","76","0","2025","A","",12,50,3186969,479824,3732,1214,63108,"",0.88,0.19,0.18,0.19,0.10,0.91,0.91,"",-1,-7.7,-85,-63.0,-5798225,-64.5,-977592,-67.1,-19538,-84.0,-62,-4.9,-3244,-4.9
"51153","5","2382","76","0","2025","A","",284,4057,342148169,44143180,298990,1622,84344,"",1.36,1.66,1.95,1.60,1.29,1.17,1.17,"",-1,-0.4,93,2.3,22521721,7.0,1769874,4.2,89835,43.0,71,4.6,3702,4.6
"51155","5","2382","76","0","2025","A","N",6,0,0,0,0,0,0,"N",0.35,0,0,0,0,0,0,"N",0,0.0,0,0,0,0,0,0,0,0,0,0,0,0
"51157","5","2382","76","0","2025","A","",10,45,3107818,439025,2734,1318,68555,"",1.83,1.72,2.14,1.48,1.66,1.24,1.24,"",-1,-9.1,4,9.8,336514,12.1,33117,8.2,1596,140.2,23,1.8,1236,1.8
"51159","5","2382","76","0","2025","A","N",2,0,0,0,0,0,0,"N",0.34,0,0,0,0,0,0,"N",0,0.0,0,0,0,0,0,0,0,0,0,0,0,0
"51161","5","2382","76","0","2025","A","",64,609,44066978,5983209,32520,1392,72409,"",1.21,0.97,1.15,0.82,0.55,1.18,1.18,"",-3,-4.5,-104,-14.6,-6805527,-13.4,-1084136,-15.3,9085,38.8,20,1.5,1067,1.5
"51163","5","2382","76","0","2025","A","",8,41,1881086,363686,430,875,45510,"",0.70,0.39,0.36,0.30,0.05,0.91,0.91,"",-2,-20.0,-5,-10.9,-168543,-8.2,-118541,-24.6,-5630,-92.9,9,1.0,463,1.0
"51165","5","2382","76","0","2025","A","",58,960,70290595,9861217,21920,1408,73194,"",1.43,1.65,1.86,1.44,0.55,1.13,1.13,"",0,0.0,-7,-0.7,4964963,7.6,143645,1.5,4705,27.3,109,8.4,5662,8.4
"51167","5","2382","76","0","2025","A","",7,45,3108238,523976,9055,1321,68690,"",0.63,0.44,0.55,0.47,1.00,1.25,1.25,"",3,75.0,2,4.7,439207,16.5,-87149,-14.3,90,1.0,125,10.5,6499,10.5
"51169","5","2382","76","0","2025","A","",5,41,2480953,386405,2655,1164,60511,"",0.64,0.50,0.58,0.36,0.33,1.17,1.17,"",0,0.0,-2,-4.7,299101,13.7,1128,0.3,-3486,-56.8,181,18.4,9374,18.3
"51171","5","2382","76","0","2025","A","",29,167,10058703,1722681,3743,1158,60202,"",1.28,0.76,0.83,0.65,0.20,1.08,1.08,"",-3,-9.4,-1,-0.6,408456,4.2,13143,0.8,-3949,-51.3,51,4.6,2646,4.6
"51173","5","2382","76","0","2025","A","",8,41,1667723,516289,14283,789,41010,"",0.52,0.22,0.16,0.22,0.65,0.75,0.75,"",-1,-11.1,-13,-24.1,-701056,-29.6,-179828,-25.8,13119,1127.1,-60,-7.1,-3129,-7.1
"51175","5","2382","76","0","2025","A","N",4,0,0,0,0,0,0,"N",0.60,0,0,0,0,0,0,"N",0,0.0,0,0,0,0,0,0,0,0,0,0,0,0
"51177","5","2382","76","0","2025","A","",76,456,29862184,5009098,31034,1260,65499,"",1.07,0.72,0.80,0.65,0.50,1.11,1.11,"",2,2.7,-26,-5.4,-1459746,-4.7,-437897,-8.0,7156,30.0,11,0.9,572,0.9
"51179","5","2382","76","0","2025","A","",82,613,37548995,7191685,32039,1177,61230,"",1.24,0.72,0.61,0.78,0.25,0.85,0.85,"",2,2.5,27,4.6,3675553,10.9,1231403,20.7,-9762,-23.4,66,5.9,3434,5.9
"51181","5","2382","76","0","2025","A","N",2,0,0,0,0,0,0,"N",0.73,0,0,0,0,0,0,"N",1,100.0,0,0,0,0,0,0,0,0,0,0,0,0
"51183","5","2382","76","0","2025","A","N",2,0,0,0,0,0,0,"N",0.37,0,0,0,0,0,0,"N",-1,-33.3,0,0,0,0,0,0,0,0,0,0,0,0
"51185","5","2382","76","0","2025","A","",9,51,2905588,499287,1461,1094,56879,"",0.46,0.23,0.26,0.20,0.07,1.12,1.12,"",0,0.0,2,4.1,252453,9.5,-25986,-4.9,-1175,-44.6,62,6.0,3190,5.9
"51187","5","2382","76","0","2025","A","",26,215,14319254,1850650,5207,1281,66627,"",1.13,0.99,1.10,0.74,0.29,1.11,1.11,"",-5,-16.1,-19,-8.1,-1699431,-10.6,-514661,-21.8,-3534,-40.4,-35,-2.7,-1805,-2.6
"51191","5","2382","76","0","2025","A","N",27,0,0,0,0,0,0,"N",0.86,0,0,0,0,0,0,"N",1,3.8,0,0,0,0,0,0,0,0,0,0,0,0
"51193","5","2382","76","0","2025","A","",12,61,3115858,728876,2752,989,51431,"",1.22,1.14,1.17,1.09,0.55,1.03,1.03,"",1,9.1,-9,-12.9,-566658,-15.4,-106343,-12.7,1590,136.8,-28,-2.8,-1428,-2.7
"51195","5","2382","76","0","2025","A","",15,100,5148299,1068512,3831,994,51698,"",0.98,0.55,0.53,0.55,0.27,0.98,0.98,"",0,0.0,7,7.5,405964,8.6,109585,11.4,1679,78.0,9,0.9,476,0.9
"51197","5","2382","76","0","2025","A","",10,98,6603592,1076093,3053,1295,67326,"",0.56,0.51,0.65,0.45,0.15,1.28,1.28,"",-1,-9.1,-2,-2.0,-255947,-3.7,35844,3.4,-2356,-43.6,-24,-1.8,-1269,-1.8
"51199","5","2382","76","0","2025","A","",38,428,27709594,4406342,24372,1245,64742,"",1.12,1.14,1.20,1.09,0.84,1.06,1.06,"",0,0.0,6,1.4,1501227,5.7,9105,0.2,-1616,-6.2,52,4.4,2698,4.3
"51510","5","2382","76","0","2025","A","",46,474,47043129,5246100,19829,1907,99177,"",0.37,0.35,0.34,0.35,0.16,0.97,0.97,"",-6,-11.5,-58,-10.9,-5197005,-9.9,-810542,-13.4,4700,31.1,19,1.0,981,1.0
"51520","5","2382","76","0","2025","A","N",1,0,0,0,0,0,0,"N",0.08,0,0,0,0,0,0,"N",-1,-50.0,0,0,0,0,0,0,0,0,0,0,0,0
"51530","5","2382","76","0","2025","A","N",2,0,0,0,0,0,0,"N",0.62,0,0,0,0,0,0,"N",0,0.0,0,0,0,0,0,0,0,0,0,0,0,0
"51540","5","2382","76","0","2025","A","",23,326,21499152,3187969,8775,1270,66033,"",0.46,0.53,0.43,0.51,0.16,0.81,0.81,"",-2,-8.0,-6,-1.8,290563,1.4,-93917,-2.9,-3098,-26.1,41,3.3,2136,3.3
"51550","5","2382","76","0","2025","A","",212,4178,308093423,46976965,337508,1418,73734,"",1.54,2.33,2.61,2.11,1.36,1.12,1.12,"",4,1.9,262,6.7,33168126,12.1,2403027,5.4,-326182,-49.1,68,5.0,3521,5.0
"51570","5","2382","76","0","2025","A","",9,102,6001370,1033653,1876,1132,58885,"",0.62,0.63,0.76,0.49,0.13,1.20,1.20,"",1,12.5,7,7.4,835716,16.2,117313,12.8,341,22.2,82,7.8,4270,7.8
"51580","3","2382","76","0","2025","A","",1,1,51744,0,0,995,51744,"",824.01,98.67,93.12,0.00,0.00,0.94,0.94,"",0,0.0,0,0.0,6488,14.3,0,0.0,0,0.0,125,14.4,6488,14.3
"51580","5","2382","76","0","2025","A","",8,226,15224769,2704044,47647,1295,67317,"",1.39,3.68,3.76,4.02,9.69,1.02,1.02,"",1,14.3,24,11.9,2455211,19.2,378793,16.3,4101,9.4,79,6.5,4101,6.5
"51590","5","2382","76","0","2025","A","",27,238,12736476,2506110,6133,1030,53571,"",0.76,0.57,0.54,0.49,0.15,0.95,0.95,"",-2,-6.9,-11,-4.4,-279084,-2.1,-281561,-10.1,-12863,-67.7,23,2.3,1212,2.3
"51595","5","2382","76","0","2025","A","N",1,0,0,0,0,0,0,"N",0.20,0,0,0,0,0,0,"N",0,0.0,0,0,0,0,0,0,0,0,0,0,0,0
"51600","5","2382","76","0","2025","A","",10,62,4894526,692494,3576,1514,78732,"",0.28,0.15,0.15,0.13,0.09,1.03,1.03,"",0,0.0,-6,-8.8,-730351,-13.0,-143741,-17.2,-3411,-48.8,-67,-4.2,-3483,-4.2
"51610","5","2382","76","0","2025","A","",9,134,11493930,1281094,4455,1644,85510,"",0.43,0.65,0.62,0.60,0.27,0.95,0.95,"",0,0.0,7,5.5,1385388,13.7,133035,11.6,-1819,-29.0,113,7.4,5915,7.4
"51620","5","2382","76","0","2025","A","N",2,0,0,0,0,0,0,"N",0.33,0,0,0,0,0,0,"N",0,0.0,0,0,0,0,0,0,0,0,0,0,0,0
"51630","5","2382","76","0","2025","A","",13,251,20305767,2864104,20126,1558,81007,"",0.38,0.60,0.68,0.68,0.66,1.13,1.13,"",1,8.3,56,28.7,4331952,27.1,543059,23.4,3473,20.9,-18,-1.1,-945,-1.2
"51640","5","2382","76","0","2025","A","N",5,0,0,0,0,0,0,"N",0.64,0,0,0,0,0,0,"N",0,0.0,0,0,0,0,0,0,0,0,0,0,0,0
"51650","5","2382","76","0","2025","A","",50,603,41305960,6462366,55273,1317,68501,"",0.81,0.71,0.68,0.81,0.65,0.96,0.96,"",0,0.0,14,2.4,1235822,3.1,-122477,-1.9,18181,49.0,10,0.8,518,0.8
"51660","5","2382","76","0","2025","A","",24,482,32085989,4985238,17725,1279,66511,"",0.70,0.92,1.06,0.96,0.45,1.15,1.15,"",-2,-7.7,33,7.3,2729051,9.3,87526,1.8,6220,54.1,22,1.8,1140,1.7
"51670","5","2382","76","0","2025","A","",6,80,4425227,877228,26750,1062,55200,"",0.57,0.65,0.48,0.59,2.35,0.74,0.74,"",-1,-14.3,10,14.3,599648,15.7,44315,5.3,-2296,-7.9,3,0.3,156,0.3
"51680","5","2382","76","0","2025","A","",20,598,58001744,5993516,19529,1864,96912,"",0.37,0.75,1.08,0.73,0.25,1.44,1.44,"",0,0.0,45,8.1,508199,0.9,418029,7.5,-4449,-18.6,-135,-6.8,-7055,-6.8
"51683","5","2382","76","0","2025","A","",45,715,74539790,9178997,127730,2006,104312,"",1.45,1.77,1.91,1.85,3.37,1.08,1.08,"",1,2.3,131,22.4,26634434,55.6,2628025,40.1,90968,247.5,429,27.2,22294,27.2
"51685","5","2382","76","0","2025","A","",15,224,14878632,2130688,2764,1279,66521,"",2.30,3.57,3.10,2.30,0.34,0.87,0.87,"",-2,-11.8,-16,-6.7,-896591,-5.7,-328940,-13.4,-1233,-30.8,17,1.3,905,1.4
"51690","5","2382","76","0","2025","A","N",3,0,0,0,0,0,0,"N",0.16,0,0,0,0,0,0,"N",0,0.0,0,0,0,0,0,0,0,0,0,0,0,0
"51700","5","2382","76","0","2025","A","",75,2770,263407927,30105893,349121,1829,95107,"",0.85,1.63,2.01,1.63,2.71,1.23,1.23,"",-3,-3.8,344,14.2,53571622,25.5,3478777,13.1,27921,8.7,166,10.0,8609,10.0
"51710","5","2382","76","0","2025","A","",100,1253,103389692,14278635,103779,1587,82508,"",0.78,0.52,0.53,0.62,0.38,1.01,1.01,"",-4,-3.8,-109,-8.0,520563,0.5,-154754,-1.1,20417,24.5,134,9.2,6975,9.2
"51720","5","2382","76","0","2025","A","",4,47,2093962,523979,1681,860,44711,"",0.88,0.89,0.75,0.81,0.26,0.85,0.85,"",0,0.0,2,4.4,278401,15.3,41701,8.6,1198,248.0,81,10.4,4215,10.4
"51730","5","2382","76","0","2025","A","",11,180,12316509,2150715,25072,1315,68393,"",0.55,0.92,1.05,0.99,1.29,1.14,1.14,"",-1,-8.3,-5,-2.7,-536643,-4.2,-74443,-3.3,-1898,-7.0,-22,-1.6,-1115,-1.6
"51735","5","2382","76","0","2025","A","",9,65,4375651,727374,3588,1290,67060,"",1.84,2.10,2.73,2.33,1.48,1.30,1.30,"",-1,-10.0,-15,-18.8,-542464,-11.0,-184779,-20.3,-2109,-37.0,110,9.3,5711,9.3
"51740","5","2382","76","0","2025","A","",43,640,45612984,6751553,37242,1372,71326,"",1.15,0.89,0.83,1.12,0.65,0.94,0.94,"",2,4.9,28,4.6,-1982100,-4.2,275110,4.2,11915,47.0,-123,-8.2,-6423,-8.3
"51750","5","2382","76","0","2025","A","N",1,0,0,0,0,0,0,"N",0.14,0,0,0,0,0,0,"N",-1,-50.0,0,0,0,0,0,0,0,0,0,0,0,0
"51760","5","2382","76","0","2025","A","",98,1752,142312264,18399070,107163,1562,81236,"",0.54,0.62,0.53,0.65,0.40,0.85,0.85,"",5,5.4,-4,-0.2,583211,0.4,-3909,0.0,-1858,-1.7,10,0.6,548,0.7
"51770","5","2382","76","0","2025","A","",60,1312,91165564,13086843,46724,1336,69482,"",0.85,1.18,1.17,1.14,0.45,0.99,0.99,"",8,15.4,241,22.5,18829772,26.0,2787416,27.1,5812,14.2,37,2.8,1952,2.9
"51775","5","2382","76","0","2025","A","",25,361,24795032,3225625,7663,1321,68700,"",1.14,1.05,1.00,0.81,0.31,0.95,0.95,"",1,4.2,-3,-0.8,312433,1.3,-245999,-7.1,-4407,-36.5,28,2.2,1456,2.2
"51790","5","2382","76","0","2025","A","",10,66,3509073,792824,3021,1025,53302,"",0.56,0.33,0.33,0.35,0.23,0.99,0.99,"",2,25.0,10,17.9,795702,29.3,133058,20.2,-2941,-49.3,89,9.5,4632,9.5
"51800","5","2382","76","0","2025","A","",30,318,27567850,3882812,28998,1668,86760,"",0.67,0.43,0.56,0.45,0.20,1.31,1.31,"",-2,-6.2,-46,-12.6,-4654030,-14.4,-672395,-14.8,-3780,-11.5,-33,-1.9,-1681,-1.9
"51810","5","2382","76","0","2025","A","",284,2829,203243492,29024666,178652,1382,71847,"",1.03,0.94,1.03,0.82,0.53,1.10,1.10,"",5,1.8,29,1.0,13483225,7.1,-43551,-0.1,43180,31.9,79,6.1,4082,6.0
"51820","5","2382","76","0","2025","A","N",8,0,0,0,0,0,0,"N",0.53,0,0,0,0,0,0,"N",-1,-11.1,0,0,0,0,0,0,0,0,0,0,0,0
"51830","5","2382","76","0","2025","A","",3,16,982147,132066,132,1206,62690,"",0.26,0.08,0.08,0.08,0.01,1.05,1.05,"",-1,-25.0,1,6.7,55122,5.9,-20782,-13.6,-22,-14.3,37,3.2,1901,3.1
"51840","5","2382","76","0","2025","A","",12,84,6974471,883455,2632,1590,82701,"",0.41,0.20,0.24,0.22,0.10,1.18,1.18,"",-2,-14.3,-12,-12.5,-1362901,-16.3,-88342,-9.1,682,35.0,-82,-4.9,-4222,-4.9
"51999","5","2382","76","0","2025","A","",514,3454,321153265,47239221,488018,1788,92969,"",0.52,0.89,0.63,0.75,0.52,0.71,0.71,"",-18,-3.4,480,16.1,77178050,31.6,12170382,34.7,159621,48.6,210,13.3,10931,13.3
"53000","3","2382","56","0","2025","A","N",2,0,0,0,0,0,0,"N",2.00,0,0,0,0,0,0,"N",0,0.0,0,0,0,0,0,0,0,0,0,0,0,0
"53000","5","2382","56","0","2025","A","",5110,58936,5956073667,4106505137,110635571,1943,101060,"",1.08,0.98,0.91,1.09,1.63,0.93,0.93,"",120,2.4,-300,-0.5,259220720,4.6,213435925,5.5,11120318,11.2,94,5.1,4888,5.1
"53001","5","2382","76","0","2025","A","",6,12,907102,769256,10843,1434,74556,"",0.44,0.07,0.09,0.09,0.07,1.24,1.24,"",0,0.0,0,0.0,83819,10.2,71056,10.2,916,9.2,115,8.7,5949,8.7
"53003","5","2382","76","0","2025","A","",18,236,21615577,15936239,431587,1764,91753,"",1.70,2.11,3.10,3.24,5.61,1.47,1.47,"",-2,-10.0,-53,-18.3,-3840644,-15.1,-2827000,-15.1,-134985,-23.8,68,4.0,3542,4.0
"53005","5","2382","76","0","2025","A","",145,2323,228840755,163391755,5324530,1895,98514,"",1.35,1.39,1.70,1.76,2.75,1.22,1.22,"",0,0.0,-230,-9.0,-15358573,-6.3,-9029421,-5.2,-1824035,-25.5,55,3.0,2853,3.0
"53007","5","2382","76","0","2025","A","",82,749,86199737,57117191,1508051,2213,115099,"",1.29,1.00,1.79,1.66,2.23,1.78,1.78,"",2,2.5,-107,-12.5,-44284130,-33.9,-2428236,-4.1,346698,29.9,-720,-24.5,-37425,-24.5
"53009","5","2382","76","0","2025","A","",55,372,30744549,22251734,419592,1590,82665,"",1.22,0.91,1.19,1.34,1.48,1.31,1.31,"",1,1.9,13,3.6,1008796,3.4,290942,1.3,130192,45.0,-5,-0.3,-261,-0.3
"53011","5","2382","76","0","2025","A","",451,5414,464505820,348935779,5323930,1650,85805,"",1.46,1.77,1.85,1.90,1.70,1.04,1.04,"",7,1.6,-152,-2.7,8010563,1.8,8530225,2.5,-205013,-3.7,73,4.6,3791,4.6
"53013","5","2382","76","0","2025","A","N",2,0,0,0,0,0,0,"N",0.57,0,0,0,0,0,0,"N",2,100.0,0,0,0,0,0,0,0,0,0,0,0,0
"53015","5","2382","76","0","2025","A","",100,1620,188009814,120404580,5202711,2232,116079,"",1.87,2.36,3.59,2.94,6.14,1.52,1.52,"",6,6.4,128,8.6,33280123,21.5,18802692,18.5,931525,21.8,238,11.9,12373,11.9
"53017","5","2382","76","0","2025","A","",24,100,7178815,5887809,49653,1383,71908,"",1.08,0.48,0.59,0.57,0.25,1.22,1.22,"",3,14.3,11,12.4,1020768,16.6,824556,16.3,4148,9.1,56,4.2,2910,4.2
"53019","5","2382","76","0","2025","A","N",6,0,0,0,0,0,0,"N",1.10,0,0,0,0,0,0,"N",1,20.0,0,0,0,0,0,0,0,0,0,0,0,0
"53021","5","2382","76","0","2025","A","",56,822,82772277,59820990,1557661,1936,100655,"",1.18,1.30,2.03,1.77,2.18,1.56,1.56,"",4,7.7,92,12.6,20202620,32.3,13781431,29.9,340310,28.0,288,17.5,14933,17.4
"53023","5","2382","76","0","2025","A","N",1,0,0,0,0,0,0,"N",0.72,0,0,0,0,0,0,"N",0,0.0,0,0,0,0,0,0,0,0,0,0,0,0
"53025","5","2382","76","0","2025","A","",45,458,41370321,30459422,1152722,1736,90295,"",0.84,0.65,0.81,0.80,1.46,1.25,1.25,"",0,0.0,-34,-6.9,-1710974,-4.0,-2225660,-6.8,71969,6.7,53,3.1,2761,3.2
"53027","5","2382","76","0","2025","A","",33,349,28812017,20242128,425897,1587,82517,"",0.91,0.88,1.11,1.09,1.27,1.26,1.26,"",-1,-2.9,55,18.7,600784,2.1,1230500,6.5,-22583,-5.0,-258,-14.0,-13412,-14.0
"53029","5","2382","76","0","2025","A","",64,264,19184963,15190862,189581,1400,72785,"",1.50,0.87,0.90,1.03,0.89,1.03,1.03,"",2,3.2,1,0.4,600723,3.2,611566,4.2,-8074,-4.1,40,2.9,2078,2.9
"53031","5","2382","76","0","2025","A","",25,128,9371259,7679035,120325,1407,73165,"",1.19,0.83,0.90,1.08,1.06,1.08,1.08,"",0,0.0,-3,-2.3,95229,1.0,-34048,-0.4,3265,2.8,47,3.5,2446,3.5
"53033","5","2382","76","0","2025","A","",1087,21649,2590140999,1625402150,51863625,2301,119645,"",0.67,0.90,0.72,0.90,1.63,0.80,0.80,"",20,1.9,129,0.6,161764794,6.7,98371970,6.4,8118906,18.6,131,6.0,6800,6.0
"53035","5","2382","76","0","2025","A","",162,1158,102194586,74841421,1522972,1698,88289,"",1.20,0.74,0.81,1.20,1.49,1.10,1.10,"",7,4.5,23,2.0,7454243,7.9,5581208,8.1,226186,17.4,92,5.7,4799,5.7
"53037","5","2382","76","0","2025","A","",37,152,10564109,9032203,107081,1332,69273,"",1.31,0.54,0.60,0.73,0.42,1.11,1.11,"",2,5.7,-13,-7.9,-77656,-0.7,-1084,0.0,-3804,-3.4,94,7.6,4875,7.6
"53039","5","2382","76","0","2025","A","",12,25,1584523,1368785,21367,1203,62547,"",0.73,0.21,0.18,0.20,0.15,0.86,0.86,"",1,9.1,5,25.0,422409,36.3,332609,32.1,12993,155.2,108,9.9,5627,9.9
"53041","5","2382","76","0","2025","A","",51,240,17254797,14211321,239271,1384,71945,"",1.14,0.52,0.57,0.60,0.61,1.09,1.09,"",2,4.1,21,9.6,2485223,16.8,2023949,16.6,21603,9.9,88,6.8,4555,6.8
"53043","5","2382","76","0","2025","A","",10,77,5120963,4662044,36282,1272,66148,"",1.16,1.71,1.85,2.78,1.23,1.08,1.08,"",0,0.0,7,10.0,364619,7.7,772927,19.9,6562,22.1,-25,-1.9,-1318,-2.0
"53045","5","2382","76","0","2025","A","",35,91,5872006,4809801,95778,1242,64587,"",1.41,0.36,0.35,0.47,0.58,0.97,0.97,"",1,2.9,3,3.4,765088,15.0,474096,10.9,17736,22.7,120,10.7,6222,10.7
"53047","5","2382","76","0","2025","A","",36,98,6333190,5047143,53914,1239,64405,"",1.12,0.33,0.39,0.45,0.22,1.17,1.17,"",2,5.9,-5,-4.9,69192,1.1,-170333,-3.3,-18116,-25.2,74,6.4,3835,6.3
"53049","5","2382","76","0","2025","A","",8,36,2678523,2176556,17734,1431,74403,"",0.58,0.33,0.44,0.47,0.22,1.32,1.32,"",2,33.3,-1,-2.7,422251,18.7,134964,6.6,3513,24.7,253,21.5,13147,21.5
"53051","5","2382","76","0","2025","A","",6,13,629592,629592,4517,937,48743,"",0.88,0.24,0.16,0.38,0.10,0.67,0.67,"",2,50.0,1,8.3,184245,41.4,184245,41.4,2400,113.4,208,28.5,10841,28.6
"53053","5","2382","76","0","2025","A","",634,5979,520470114,388656215,8111594,1674,87052,"",1.52,1.06,1.15,1.34,1.51,1.08,1.08,"",19,3.1,-151,-2.5,1199729,0.2,6162471,1.6,212112,2.7,45,2.8,2338,2.8
"53055","5","2382","76","0","2025","A","",32,110,7146343,6311933,47034,1251,65065,"",1.56,1.07,1.14,1.13,0.53,1.07,1.07,"",-1,-3.0,0,0.0,31220,0.4,188387,3.1,1035,2.3,11,0.9,577,0.9
"53057","5","2382","76","0","2025","A","",91,1383,150455545,100945682,3165862,2091,108756,"",1.20,1.53,2.22,2.07,3.28,1.45,1.45,"",3,3.4,32,2.4,5370027,3.7,6343733,6.7,-98117,-3.0,26,1.3,1352,1.3
"53059","5","2382","76","0","2025","A","",4,17,1573638,989557,19707,1825,94893,"",0.73,0.46,0.65,0.56,0.67,1.47,1.47,"N",0,0.0,0,0,0,0,0,0,0,0,0,0,0,0
"53061","3","2382","76","0","2025","A","N",1,0,0,0,0,0,0,"N",11.52,0,0,0,0,0,0,"N",0,0.0,0,0,0,0,0,0,0,0,0,0,0,0
"53061","5","2382","76","0","2025","A","",654,5389,489857378,366747246,7859724,1748,90905,"",1.59,1.08,1.07,1.14,1.34,0.99,0.99,"",22,3.5,-103,-1.9,11296370,2.4,16983762,4.9,910613,13.1,72,4.3,3759,4.3
"53063","5","2382","76","0","2025","A","",396,3754,296754999,235525804,5408408,1520,79040,"",1.26,0.92,0.97,1.13,1.49,1.05,1.05,"",5,1.3,45,1.2,24535183,9.0,18027244,8.3,877547,19.4,109,7.7,5642,7.7
"53065","5","2382","76","0","2025","A","",19,103,5603435,5171690,107174,1048,54490,"",0.93,0.55,0.49,0.62,0.67,0.90,0.90,"",-1,-5.0,10,10.8,834400,17.5,902690,21.1,30001,38.9,63,6.4,3256,6.4
"53067","3","2382","76","0","2025","A","N",1,0,0,0,0,0,0,"N",28.17,0,0,0,0,0,0,"N",0,0.0,0,0,0,0,0,0,0,0,0,0,0,0
"53067","5","2382","76","0","2025","A","",201,1806,168413082,122520763,3671770,1793,93248,"",1.19,0.83,0.94,1.30,2.06,1.12,1.12,"",-5,-2.4,-10,-0.6,8787909,5.5,7516081,6.5,430180,13.3,103,6.1,5349,6.1
"53069","5","2382","76","0","2025","A","N",2,0,0,0,0,0,0,"N",0.78,0,0,0,0,0,0,"N",1,100.0,0,0,0,0,0,0,0,0,0,0,0,0
"53071","5","2382","76","0","2025","A","",38,364,27279959,22413635,266143,1442,74979,"",1.06,0.77,0.90,1.11,0.79,1.17,1.16,"",3,8.6,-5,-1.4,655791,2.5,982099,4.6,12312,4.9,56,4.0,2892,4.0
"53073","5","2382","76","0","2025","A","",147,1799,182710883,129289569,4043501,1953,101562,"",1.01,1.15,1.54,1.50,2.37,1.34,1.34,"",-4,-2.6,5,0.3,24805345,15.7,14785672,12.9,815832,25.3,260,15.4,13531,15.4
"53075","5","2382","76","0","2025","A","",21,162,13426220,9727378,119178,1590,82665,"",0.86,0.51,0.57,0.77,0.88,1.11,1.11,"",0,0.0,7,4.5,845282,6.7,1177184,13.8,32165,37.0,32,2.1,1672,2.1
"53077","5","2382","76","0","2025","A","",166,1107,81941525,67215908,1233308,1423,73999,"",1.32,0.57,0.73,0.74,0.68,1.27,1.26,"",5,3.1,-37,-3.2,1819831,2.3,1572235,2.4,-70821,-5.4,77,5.7,3988,5.7
"53999","5","2382","76","0","2025","A","",146,561,57902414,40071080,892231,1985,103244,"",0.74,0.43,0.22,0.33,0.40,0.52,0.52,"",8,5.8,14,2.6,5625338,10.8,3613201,9.9,-53627,-5.7,146,7.9,7630,8.0
"54000","5","2382","56","0","2025","A","",1064,8147,615076729,114933599,5376887,1452,75494,"",0.87,0.70,0.81,0.82,1.10,1.15,1.15,"",35,3.4,459,6.0,71213499,13.1,10672937,10.2,670138,14.2,92,6.8,4757,6.7
"54001","5","2382","76","0","2025","A","",6,26,1169996,329409,8261,879,45733,"",0.78,0.39,0.28,0.40,0.30,0.73,0.74,"",0,0.0,3,13.0,196984,20.2,-4951,-1.5,-589,-6.7,57,6.9,2963,6.9
"54003","5","2382","76","0","2025","A","",74,365,21739266,4510883,136717,1147,59628,"",0.96,0.57,0.51,0.58,0.55,0.90,0.90,"",2,2.8,3,0.8,399027,1.9,-4910,-0.1,-4291,-3.0,13,1.1,636,1.1
"54005","5","2382","76","0","2025","A","",8,38,2172504,462020,12573,1095,56922,"",0.95,0.49,0.45,0.51,0.48,0.90,0.90,"",1,14.3,4,11.8,78277,3.7,-2306,-0.5,547,4.5,-92,-7.8,-4824,-7.8
"54007","5","2382","76","0","2025","A","",3,21,1186210,243557,14506,1086,56486,"",0.40,0.25,0.26,0.22,0.45,1.04,1.05,"",0,0.0,-2,-8.7,-106614,-8.2,6254,2.6,408,2.9,17,1.6,881,1.6
"54009","5","2382","76","0","2025","A","",8,104,9430970,2882005,222029,1738,90393,"",0.65,0.84,1.22,1.90,4.40,1.46,1.46,"",-1,-11.1,25,31.6,4053571,75.4,1066115,58.7,102618,85.9,432,33.1,22468,33.1
"54011","5","2382","76","0","2025","A","",58,839,73631994,11638391,714608,1688,87796,"",0.88,0.97,1.32,1.20,2.21,1.36,1.36,"",1,1.8,58,7.4,9641019,15.1,1185041,11.3,75181,11.8,113,7.2,5870,7.2
"54013","5","2382","76","0","2025","A","N",2,0,0,0,0,0,0,"N",0.70,0,0,0,0,0,0,"N",1,100.0,0,0,0,0,0,0,0,0,0,0,0,0
"54015","5","2382","76","0","2025","A","N",3,0,0,0,0,0,0,"N",0.77,0,0,0,0,0,0,"N",2,200.0,0,0,0,0,0,0,0,0,0,0,0,0
"54017","5","2382","76","0","2025","A","N",4,0,0,0,0,0,0,"N",1.54,0,0,0,0,0,0,"N",0,0.0,0,0,0,0,0,0,0,0,0,0,0,0
"54019","5","2382","76","0","2025","A","",19,92,4527677,1150904,49448,942,48992,"",0.79,0.53,0.50,0.60,0.74,0.93,0.93,"",1,5.6,-2,-2.1,30252,0.7,-64480,-5.3,-7084,-12.5,19,2.1,1019,2.1
"54021","5","2382","76","0","2025","A","N",1,0,0,0,0,0,0,"N",0.31,0,0,0,0,0,0,"N",0,0.0,0,0,0,0,0,0,0,0,0,0,0,0
"54023","5","2382","76","0","2025","A","",6,100,6817209,2075863,162773,1315,68400,"",0.83,1.60,1.85,2.85,4.32,1.16,1.16,"",0,0.0,29,40.8,2827428,70.9,820232,65.3,111557,217.8,241,22.4,12534,22.4
"54025","5","2382","76","0","2025","A","",24,65,2777986,765457,16720,822,42738,"",0.87,0.32,0.27,0.28,0.20,0.86,0.86,"",-1,-4.0,-4,-5.8,34670,1.3,-136270,-15.1,-1161,-6.5,58,7.6,3028,7.6
"54027","5","2382","76","0","2025","A","",14,52,2880683,598797,12049,1062,55221,"",1.28,0.73,0.83,0.78,0.43,1.13,1.13,"",-2,-12.5,-11,-17.5,-622191,-17.8,-153581,-20.4,-12068,-50.0,-9,-0.8,-454,-0.8
"54029","5","2382","76","0","2025","A","",19,111,6207693,1666776,63240,1073,55799,"",1.00,0.76,0.71,0.80,0.81,0.93,0.93,"",2,11.8,-47,-29.7,-4329001,-41.1,-962777,-36.6,-86186,-57.7,-209,-16.3,-10854,-16.3
"54031","5","2382","76","0","2025","A","",10,21,884948,254448,10442,820,42648,"",1.10,0.21,0.16,0.17,0.25,0.79,0.79,"",0,0.0,2,10.5,60559,7.3,44176,21.0,3690,54.7,-26,-3.1,-1319,-3.0
"54033","5","2382","76","0","2025","A","",35,210,13393545,2644554,97063,1226,63753,"",0.71,0.34,0.30,0.37,0.38,0.89,0.89,"",1,2.9,1,0.5,808696,6.4,-108842,-4.0,-16173,-14.3,66,5.7,3418,5.7
"54035","5","2382","76","0","2025","A","",14,96,7970685,1401817,84232,1590,82669,"",0.98,0.74,1.03,0.85,1.55,1.38,1.38,"",2,16.7,-27,-22.0,-981651,-11.0,-155453,-10.0,-14551,-14.7,186,13.2,9638,13.2
"54037","5","2382","76","0","2025","A","",41,213,13951602,2552882,62468,1258,65398,"",0.85,0.74,0.70,0.74,0.56,0.95,0.95,"",1,2.5,1,0.5,475644,3.5,-69884,-2.7,-23080,-27.0,35,2.9,1782,2.8
"54039","5","2382","76","0","2025","A","",122,1279,105021004,15789814,621517,1579,82112,"",0.91,0.80,0.94,0.87,1.07,1.17,1.17,"",3,2.5,-28,-2.1,-4389396,-4.0,-638394,-3.9,-69975,-10.1,-31,-1.9,-1610,-1.9
"54041","5","2382","76","0","2025","A","N",4,0,0,0,0,0,0,"N",0.38,0,0,0,0,0,0,"N",-2,-33.3,0,0,0,0,0,0,0,0,0,0,0,0
"54043","5","2382","76","0","2025","A","",8,54,3400297,773116,15762,1218,63360,"",1.21,1.24,1.73,2.08,1.22,1.40,1.40,"",0,0.0,3,5.9,297145,9.6,195718,33.9,4143,35.7,42,3.6,2214,3.6
"54045","5","2382","76","0","2025","A","",10,52,3353865,739220,17520,1250,65018,"",0.50,0.27,0.27,0.27,0.19,1.00,1.00,"",0,0.0,6,13.0,57234,1.7,56420,8.3,-1656,-8.6,-138,-9.9,-7171,-9.9
"54047","5","2382","76","0","2025","A","N",1,0,0,0,0,0,0,"N",0.14,0,0,0,0,0,0,"N",0,0.0,0,0,0,0,0,0,0,0,0,0,0,0
"54049","5","2382","76","0","2025","A","",31,223,17155350,2782181,108420,1480,76959,"",0.90,0.77,0.95,0.75,0.90,1.24,1.24,"",1,3.3,4,1.8,68032,0.4,118643,4.5,18165,20.1,-19,-1.3,-976,-1.3
"54051","5","2382","76","0","2025","A","",11,92,8038685,1187921,54908,1676,87140,"",0.80,0.53,0.63,0.57,0.78,1.19,1.19,"",0,0.0,2,2.2,1000035,14.2,55762,4.9,5845,11.9,173,11.5,9005,11.5
"54053","5","2382","76","0","2025","A","",11,62,2994894,769383,29488,933,48500,"",1.11,0.54,0.35,0.49,0.33,0.66,0.66,"",1,10.0,16,34.8,742853,33.0,64190,9.1,13637,86.0,-14,-1.5,-725,-1.5
"54055","5","2382","76","0","2025","A","",26,229,11724482,2562059,68479,983,51124,"",0.78,0.70,0.64,0.68,0.60,0.91,0.91,"",1,4.0,6,2.7,-114576,-1.0,-18206,-0.7,6657,10.8,-36,-3.5,-1867,-3.5
"54057","5","2382","76","0","2025","A","",9,121,10114107,1562564,63658,1611,83761,"",0.63,0.84,1.11,0.89,1.16,1.32,1.32,"",-1,-10.0,-36,-22.9,-823937,-7.5,-275828,-15.0,-42830,-40.2,268,20.0,13944,20.0
"54059","5","2382","76","0","2025","A","N",8,0,0,0,0,0,0,"N",0.77,0,0,0,0,0,0,"N",-1,-11.1,0,0,0,0,0,0,0,0,0,0,0,0
"54061","5","2382","76","0","2025","A","",82,719,51220709,9443109,395241,1369,71198,"",0.96,0.72,0.69,1.00,1.23,0.96,0.96,"",4,5.1,38,5.6,6475458,14.5,788312,9.1,58383,17.3,105,8.3,5477,8.3
"54063","5","2382","76","0","2025","A","N",6,0,0,0,0,0,0,"N",0.95,0,0,0,0,0,0,"N",-2,-25.0,0,0,0,0,0,0,0,0,0,0,0,0
"54065","5","2382","76","0","2025","A","",7,8,1007011,99295,1863,2347,122062,"",0.87,0.15,0.39,0.16,0.09,2.45,2.45,"",1,16.7,1,14.3,631019,167.8,11861,13.6,211,12.8,1262,116.3,65663,116.4
"54067","5","2382","76","0","2025","A","",18,77,5123211,1053009,25850,1281,66607,"",1.12,0.66,0.80,0.72,0.55,1.21,1.21,"",0,0.0,1,1.3,-417407,-7.5,76867,7.9,4200,19.4,-123,-8.8,-6376,-8.7
"54069","5","2382","76","0","2025","A","",26,343,25508958,4410432,294798,1430,74352,"",0.73,0.76,0.89,0.83,1.76,1.17,1.17,"",5,23.8,22,6.9,3081433,13.7,643771,17.1,43070,17.1,88,6.6,4557,6.5
"54071","5","2382","76","0","2025","A","N",4,0,0,0,0,0,0,"N",0.89,0,0,0,0,0,0,"N",-1,-20.0,0,0,0,0,0,0,0,0,0,0,0,0
"54073","5","2382","76","0","2025","A","N",2,0,0,0,0,0,0,"N",0.54,0,0,0,0,0,0,"N",0,0.0,0,0,0,0,0,0,0,0,0,0,0,0
"54075","5","2382","76","0","2025","A","N",2,0,0,0,0,0,0,"N",0.29,0,0,0,0,0,0,"N",0,0.0,0,0,0,0,0,0,0,0,0,0,0,0
"54077","5","2382","76","0","2025","A","",16,49,2490278,609974,25543,974,50650,"",0.93,0.40,0.32,0.44,0.51,0.81,0.81,"",1,6.7,8,19.5,480997,23.9,121335,24.8,7097,38.5,33,3.5,1743,3.6
"54079","5","2382","76","0","2025","A","",48,556,49814730,10491678,605456,1724,89649,"",1.27,1.49,1.80,1.91,2.59,1.21,1.21,"",3,6.7,48,9.4,10906871,28.0,1665618,18.9,105082,21.0,250,17.0,13008,17.0
"54081","5","2382","76","0","2025","A","",46,327,18656938,4669526,121977,1098,57099,"",0.89,0.61,0.58,0.65,0.55,0.95,0.95,"",0,0.0,4,1.2,1090946,6.2,91794,2.0,-25020,-17.0,52,5.0,2687,4.9
"54083","5","2382","76","0","2025","A","",12,58,3195322,706548,15336,1050,54621,"",0.62,0.34,0.36,0.37,0.26,1.07,1.07,"",2,20.0,3,5.5,-26717,-0.8,53952,8.3,-1679,-9.9,-85,-7.5,-4409,-7.5
"54085","5","2382","76","0","2025","A","N",1,0,0,0,0,0,0,"N",0.20,0,0,0,0,0,0,"N",0,0.0,0,0,0,0,0,0,0,0,0,0,0,0
"54087","5","2382","76","0","2025","A","N",5,0,0,0,0,0,0,"N",0.71,0,0,0,0,0,0,"N",0,0.0,0,0,0,0,0,0,0,0,0,0,0,0
"54089","5","2382","76","0","2025","A","N",2,0,0,0,0,0,0,"N",0.39,0,0,0,0,0,0,"N",0,0.0,0,0,0,0,0,0,0,0,0,0,0,0
"54091","5","2382","76","0","2025","A","",7,25,1180461,379102,9342,896,46597,"",1.03,0.43,0.32,0.58,0.48,0.73,0.73,"",0,0.0,5,25.0,180511,18.1,83220,28.1,791,9.3,-50,-5.3,-2581,-5.2
"54093","5","2382","76","0","2025","A","N",2,0,0,0,0,0,0,"N",0.36,0,0,0,0,0,0,"N",-1,-33.3,0,0,0,0,0,0,0,0,0,0,0,0
"54095","5","2382","76","0","2025","A","N",2,0,0,0,0,0,0,"N",0.60,0,0,0,0,0,0,"N",0,0.0,0,0,0,0,0,0,0,0,0,0,0,0
"54097","5","2382","76","0","2025","A","N",12,0,0,0,0,0,0,"N",0.72,0,0,0,0,0,0,"N",3,33.3,0,0,0,0,0,0,0,0,0,0,0,0
"54099","5","2382","76","0","2025","A","",16,114,8706640,1653351,82667,1466,76207,"",1.15,0.81,0.93,1.18,1.72,1.14,1.14,"",-1,-5.9,-29,-20.3,-1895423,-17.9,-612744,-27.0,-15831,-16.1,43,3.0,2196,3.0
"54101","5","2382","76","0","2025","A","N",1,0,0,0,0,0,0,"N",0.23,0,0,0,0,0,0,"N",0,0.0,0,0,0,0,0,0,0,0,0,0,0,0
"54103","5","2382","76","0","2025","A","",7,49,3642399,1760092,134971,1442,74972,"",0.81,0.66,0.85,1.99,4.01,1.29,1.29,"",-1,-12.5,-5,-9.3,-59084,-1.6,628759,55.6,65279,93.7,114,8.6,5893,8.5
"54105","5","2382","76","0","2025","A","N",2,0,0,0,0,0,0,"N",0.90,0,0,0,0,0,0,"N",0,0.0,0,0,0,0,0,0,0,0,0,0,0,0
"54107","5","2382","76","0","2025","A","",46,465,35962052,7408343,451913,1487,77338,"",0.88,0.79,0.99,1.02,1.76,1.25,1.25,"",-2,-4.2,59,14.5,7883495,28.1,1618087,27.9,151438,50.4,158,11.9,8222,11.9
"54109","5","2382","76","0","2025","A","N",5,0,0,0,0,0,0,"N",0.58,0,0,0,0,0,0,"N",0,0.0,0,0,0,0,0,0,0,0,0,0,0,0
"54999","5","2382","76","0","2025","A","",97,615,62735178,9092911,398729,1961,101967,"",1.00,1.34,1.47,1.06,0.96,1.10,1.10,"",13,15.5,272,79.3,32367670,106.6,4038880,79.9,189735,90.8,259,15.2,13475,15.2
"55000","3","2382","56","0","2025","A","",11,189,12192136,0,0,1240,64480,"",13.05,23.29,25.10,0.00,0.00,1.08,1.08,"",0,0.0,-1,-0.5,390307,3.3,0,0.0,0,0.0,46,3.9,2392,3.9
"55000","5","2382","56","0","2025","A","",4129,49500,4318665167,837728712,15550528,1678,87247,"",1.03,1.01,1.22,0.95,0.88,1.21,1.21,"",134,3.4,2689,5.7,508122657,13.3,48355255,6.1,-841510,-5.1,113,7.2,5844,7.2
"55001","5","2382","76","0","2025","A","",12,42,2078206,723969,11521,955,49678,"",1.24,0.57,0.53,0.60,0.39,0.94,0.94,"",0,0.0,1,2.4,159653,8.3,40663,6.0,1319,12.9,61,6.8,3168,6.8
"55003","5","2382","76","0","2025","A","",16,193,11955825,2935990,46859,1194,62081,"",1.32,1.47,1.56,1.40,0.97,1.07,1.07,"",-1,-5.9,8,4.3,1404349,13.3,223545,8.2,13824,41.8,95,8.6,4917,8.6
"55005","5","2382","76","0","2025","A","",38,218,14399567,3642404,56652,1273,66180,"",1.21,0.62,0.75,0.57,0.37,1.22,1.22,"",6,18.8,9,4.3,-699106,-4.6,407293,12.6,-4242,-7.0,-117,-8.4,-6120,-8.5
"55007","5","2382","76","0","2025","A","",18,59,3558705,925372,10734,1152,59894,"",1.58,0.82,0.98,0.82,0.24,1.18,1.18,"",2,12.5,5,9.3,472664,15.3,95609,11.5,897,9.1,53,4.8,2745,4.8
"55009","5","2382","76","0","2025","A","",163,3134,275449349,52750229,1148442,1690,87900,"",1.08,1.17,1.43,1.07,1.28,1.22,1.22,"",8,5.2,243,8.4,25699336,10.3,1423324,2.8,-14178,-1.2,29,1.7,1506,1.7
"55011","5","2382","76","0","2025","A","",14,60,3393989,1125084,13313,1080,56176,"",1.72,1.04,1.12,1.23,0.94,1.07,1.07,"",0,0.0,-3,-4.8,177927,5.5,133354,13.4,3785,39.7,98,10.0,5127,10.0
"55013","5","2382","76","0","2025","A","",10,68,4323517,1029641,15063,1223,63581,"",1.07,0.78,0.98,0.67,0.42,1.25,1.25,"",1,11.1,6,9.7,550600,14.6,80996,8.5,2147,16.6,53,4.5,2727,4.5
"55015","5","2382","76","0","2025","A","",30,217,14680116,3441457,26420,1299,67572,"",1.45,0.80,0.94,0.67,0.37,1.18,1.18,"",-1,-3.2,-26,-10.7,-1965251,-11.8,-709289,-17.1,-87743,-76.9,-19,-1.4,-974,-1.4
"55017","5","2382","76","0","2025","A","",52,531,42326516,9449490,347536,1532,79673,"",1.30,1.17,1.55,1.12,1.71,1.33,1.33,"",2,4.0,1,0.2,2056204,5.1,149181,1.6,19547,6.0,71,4.9,3715,4.9
"55019","5","2382","76","0","2025","A","",20,93,6340017,1496721,17530,1312,68233,"",1.06,0.49,0.57,0.44,0.21,1.17,1.17,"",1,5.3,9,10.7,785219,14.1,74572,5.2,-1745,-9.1,48,3.8,2496,3.8
"55021","5","2382","76","0","2025","A","",57,457,31765154,7487703,105172,1337,69508,"",1.63,1.26,1.46,1.18,0.72,1.16,1.16,"",1,1.8,30,7.0,4122606,14.9,243662,3.4,2993,2.9,91,7.3,4721,7.3
"55023","5","2382","76","0","2025","A","",14,36,1955829,552897,6234,1059,55094,"",1.44,0.33,0.35,0.32,0.22,1.08,1.08,"",0,0.0,2,5.9,248964,14.6,52350,10.5,-5396,-46.4,89,9.2,4645,9.2
"55025","3","2382","76","0","2025","A","N",1,0,0,0,0,0,0,"N",13.07,0,0,0,0,0,0,"N",0,0.0,0,0,0,0,0,0,0,0,0,0,0,0
"55025","5","2382","76","0","2025","A","",288,5946,546547377,101108141,1564521,1768,91913,"",0.79,0.99,1.08,1.01,0.84,1.09,1.09,"",2,0.7,246,4.3,51499015,10.4,4507783,4.7,-199337,-11.3,98,5.9,5065,5.8
"55027","5","2382","76","0","2025","A","",68,535,39684566,9015740,170412,1426,74177,"",1.72,0.87,0.94,0.76,0.58,1.08,1.08,"",6,9.7,6,1.1,2114421,5.6,282987,3.2,-10142,-5.6,60,4.4,3122,4.4
"55029","5","2382","76","0","2025","A","",34,205,13987254,3273874,27286,1312,68231,"",1.21,0.86,1.12,0.76,0.24,1.30,1.30,"",3,9.7,-15,-6.8,-994683,-6.6,-424669,-11.5,-7023,-20.5,4,0.3,234,0.3
"55031","5","2382","76","0","2025","A","",25,232,17425334,4532490,232341,1443,75028,"",1.02,0.89,1.14,0.98,1.93,1.29,1.29,"",-3,-10.7,-206,-47.0,-16755543,-49.0,-4337986,-48.9,-118456,-33.8,-58,-3.9,-3025,-3.9
"55033","5","2382","76","0","2025","A","",31,345,29741193,5496678,135568,1659,86290,"",1.34,1.14,1.64,1.01,1.27,1.44,1.44,"",2,6.9,65,23.2,7236001,32.2,942443,20.7,58130,75.1,116,7.5,6034,7.5
"55035","5","2382","76","0","2025","A","",51,661,50639011,10883204,194663,1474,76658,"",0.78,0.68,0.80,0.66,0.63,1.18,1.18,"",2,4.1,23,3.6,6203289,14.0,682094,6.7,-48010,-19.8,134,10.0,6991,10.0
"55037","5","2382","76","0","2025","A","N",1,0,0,0,0,0,0,"N",0.38,0,0,0,0,0,0,"N",-1,-50.0,0,0,0,0,0,0,0,0,0,0,0,0
"55039","3","2382","76","0","2025","A","N",1,0,0,0,0,0,0,"N",95.34,0,0,0,0,0,0,"N",0,0.0,0,0,0,0,0,0,0,0,0,0,0,0
"55039","5","2382","76","0","2025","A","",68,1046,101978193,16721703,242929,1875,97478,"",1.37,1.40,2.04,1.28,0.97,1.46,1.46,"",-6,-8.1,-2,-0.2,5809147,6.0,167375,1.0,-6497,-2.6,110,6.2,5677,6.2
"55041","5","2382","76","0","2025","A","N",3,0,0,0,0,0,0,"N",0.51,0,0,0,0,0,0,"N",1,50.0,0,0,0,0,0,0,0,0,0,0,0,0
"55043","5","2382","76","0","2025","A","",40,306,19138553,4679234,60703,1202,62510,"",1.32,1.07,1.25,1.13,0.82,1.17,1.17,"",2,5.3,-3,-1.0,1555556,8.8,115392,2.5,-25592,-29.7,107,9.8,5546,9.7
"55045","5","2382","76","0","2025","A","",29,126,7020482,1911545,20248,1074,55829,"",1.26,0.48,0.46,0.41,0.21,0.96,0.96,"",3,11.5,13,11.5,790976,12.7,88452,4.9,1587,8.5,15,1.4,782,1.4
"55047","5","2382","76","0","2025","A","",11,32,1613835,479091,3987,972,50564,"",1.05,0.33,0.30,0.32,0.10,0.92,0.92,"",0,0.0,-2,-5.9,17070,1.1,-26594,-5.3,520,15.0,55,6.0,2899,6.1
"55049","5","2382","76","0","2025","A","",23,98,6249386,1626018,19906,1232,64042,"",1.59,0.55,0.56,0.50,0.33,1.03,1.03,"",1,4.5,15,18.1,1718932,37.9,395414,32.1,6616,49.8,183,17.4,9513,17.4
"55051","5","2382","76","0","2025","A","",5,21,1457218,325284,3805,1329,69117,"",1.13,0.78,1.16,0.76,0.27,1.49,1.49,"",1,25.0,-1,-4.5,90606,6.6,3267,1.0,413,12.2,139,11.7,7233,11.7
"55053","5","2382","76","0","2025","A","",10,46,2570890,756625,11523,1079,56092,"",1.03,0.36,0.35,0.37,0.23,0.97,0.97,"",2,25.0,3,7.0,144721,6.0,99278,15.1,5157,81.0,-2,-0.2,-113,-0.2
"55055","5","2382","76","0","2025","A","",65,554,45257878,9574693,185779,1571,81681,"",1.41,0.99,1.32,0.95,1.00,1.33,1.33,"",4,6.6,49,9.7,6283882,16.1,1017783,11.9,-387,-0.2,88,5.9,4556,5.9
"55057","5","2382","76","0","2025","A","",14,92,5335029,1447456,12128,1115,57989,"",0.97,0.60,0.60,0.66,0.29,1.00,1.00,"",1,7.7,4,4.5,269786,5.3,51786,3.7,1653,15.8,4,0.4,211,0.4
"55059","5","2382","76","0","2025","A","",71,591,44994349,9882330,228658,1464,76143,"",0.81,0.47,0.54,0.41,0.47,1.17,1.17,"",-1,-1.4,20,3.5,2475806,5.8,-92942,-0.9,-4632,-2.0,32,2.2,1691,2.3
"55061","5","2382","76","0","2025","A","",18,76,4806332,1233411,17341,1222,63520,"",1.57,0.66,0.72,0.60,0.49,1.09,1.09,"",0,0.0,8,11.8,697986,17.0,118029,10.6,-682,-3.8,57,4.9,2955,4.9
"55063","5","2382","76","0","2025","A","",93,988,75100086,15780282,248339,1461,75987,"",1.31,0.84,0.97,0.83,0.72,1.14,1.14,"",7,8.1,30,3.1,5462258,7.8,279734,1.8,-72041,-22.5,63,4.5,3296,4.5
"55065","5","2382","76","0","2025","A","",16,93,6374814,1385856,16279,1322,68731,"",1.59,1.13,1.38,1.03,0.59,1.22,1.22,"",1,6.7,4,4.5,185485,3.0,-28186,-2.0,-3396,-17.3,-10,-0.8,-553,-0.8
"55067","5","2382","76","0","2025","A","",14,88,4628529,1379456,17309,1017,52897,"",1.08,0.74,0.79,0.70,0.46,1.08,1.08,"",0,0.0,0,0.0,307914,7.1,23721,1.7,-1679,-8.8,70,7.4,3659,7.4
"55069","5","2382","76","0","2025","A","",25,221,16442572,3400210,82053,1429,74317,"",1.56,1.33,1.68,1.20,1.54,1.26,1.26,"",3,13.6,23,11.6,2584605,18.7,399650,13.3,2171,2.7,84,6.2,4386,6.3
"55071","5","2382","76","0","2025","A","",59,469,31152277,7360484,109760,1277,66423,"",1.50,0.85,0.94,0.76,0.58,1.10,1.10,"",1,1.7,-12,-2.5,828354,2.7,-511747,-6.5,-16164,-12.8,64,5.3,3325,5.3
"55073","3","2382","76","0","2025","A","N",1,0,0,0,0,0,0,"N",59.49,0,0,0,0,0,0,"N",0,0.0,0,0,0,0,0,0,0,0,0,0,0,0
"55073","5","2382","76","0","2025","A","",110,1158,99091368,18975936,335459,1645,85559,"",1.38,0.99,1.29,0.91,0.88,1.30,1.30,"",12,12.2,0,0.0,8950877,9.9,314686,1.7,-31910,-8.7,148,9.9,7706,9.9
"55075","5","2382","76","0","2025","A","",34,306,18525372,4602575,63494,1164,60507,"",1.39,1.04,1.07,0.91,0.64,1.03,1.03,"",0,0.0,12,4.1,1891432,11.4,167582,3.8,-3159,-4.7,77,7.1,3993,7.1
"55077","5","2382","76","0","2025","A","N",6,0,0,0,0,0,0,"N",0.77,0,0,0,0,0,0,"N",0,0.0,0,0,0,0,0,0,0,0,0,0,0,0
"55079","3","2382","76","0","2025","A","N",1,0,0,0,0,0,0,"N",8.25,0,0,0,0,0,0,"N",0,0.0,0,0,0,0,0,0,0,0,0,0,0,0
"55079","5","2382","76","0","2025","A","",300,5485,546993021,95502179,2048034,1918,99730,"",0.52,0.70,0.89,0.72,0.78,1.27,1.27,"",6,2.0,380,7.4,70636511,14.8,5885803,6.6,-198425,-8.8,124,6.9,6426,6.9
"55081","5","2382","76","0","2025","A","",34,201,12560279,3282285,51638,1203,62541,"",1.29,0.57,0.59,0.57,0.45,1.03,1.03,"",0,0.0,-2,-1.0,210095,1.7,-51734,-1.6,-27160,-34.5,32,2.7,1653,2.7
"55083","5","2382","76","0","2025","A","",25,111,7593732,2002042,90776,1312,68207,"",1.38,0.73,0.94,0.77,1.18,1.28,1.28,"",3,13.6,0,0.0,496387,7.0,63133,3.3,8595,10.5,81,6.6,4171,6.5
"55085","5","2382","76","0","2025","A","",54,300,20538537,5097141,82637,1317,68462,"",1.82,1.04,1.20,1.10,0.73,1.16,1.16,"",0,0.0,8,2.7,1287152,6.7,335597,7.0,-13431,-14.0,49,3.9,2551,3.9
"55087","5","2382","76","0","2025","A","",182,4042,378543363,66390282,1198390,1801,93649,"",1.52,2.23,2.97,1.92,1.68,1.33,1.33,"",3,1.7,162,4.2,34295003,10.0,976090,1.5,-211900,-15.0,95,5.6,4919,5.5
"55089","5","2382","76","0","2025","A","",61,375,30708670,6265382,82897,1574,81835,"",0.97,0.55,0.67,0.52,0.37,1.21,1.21,"",-2,-3.2,20,5.6,3246386,11.8,309658,5.2,-5274,-6.0,87,5.9,4495,5.8
"55091","5","2382","76","0","2025","A","",9,77,5584857,1213479,24355,1395,72531,"",1.70,1.93,2.54,1.89,1.92,1.32,1.32,"",0,0.0,-65,-45.8,-5382596,-49.1,-1135284,-48.3,-30608,-55.7,-87,-5.9,-4524,-5.9
"55093","5","2382","76","0","2025","A","",20,144,11423245,2452621,34139,1522,79145,"",1.01,0.83,1.23,0.93,0.56,1.48,1.48,"",-2,-9.1,-8,-5.3,423639,3.9,-97015,-3.8,-4396,-11.4,133,9.6,6898,9.5
"55095","5","2382","76","0","2025","A","",34,159,11024019,2642192,79882,1332,69261,"",1.31,0.61,0.77,0.63,0.99,1.27,1.27,"",-2,-5.6,-7,-4.2,66313,0.6,-138161,-5.0,-9402,-10.5,66,5.2,3449,5.2
"55097","3","2382","76","0","2025","A","N",1,0,0,0,0,0,0,"N",123.54,0,0,0,0,0,0,"N",0,0.0,0,0,0,0,0,0,0,0,0,0,0,0
"55097","5","2382","76","0","2025","A","",37,419,29734963,6589598,112791,1364,70924,"",0.96,0.75,0.83,0.66,0.55,1.11,1.11,"",3,8.8,101,31.8,10766906,56.8,1597269,32.0,35638,46.2,218,19.0,11307,19.0
"55099","5","2382","76","0","2025","A","",10,59,4234421,847866,14485,1372,71367,"",1.19,0.75,0.99,0.67,0.69,1.30,1.31,"",-1,-9.1,-4,-6.3,-112944,-2.6,-180516,-17.6,-8897,-38.1,54,4.1,2815,4.1
"55101","5","2382","76","0","2025","A","",116,1656,181148764,31530633,728255,2104,109417,"",1.14,1.31,2.02,1.33,1.45,1.55,1.55,"",7,6.4,411,33.0,84464370,87.4,9751487,44.8,249712,52.2,610,40.8,31733,40.8
"55103","5","2382","76","0","2025","A","",15,90,4961479,1400020,11240,1056,54924,"",1.45,0.92,0.95,0.95,0.45,1.04,1.04,"",-1,-6.2,-4,-4.3,57159,1.2,-77056,-5.2,-780,-6.5,48,4.8,2518,4.8
"55105","5","2382","76","0","2025","A","",106,1500,101712787,21856780,397168,1304,67831,"",1.35,1.29,1.28,1.05,0.90,1.00,1.00,"",-2,-1.9,152,11.3,10554184,11.6,1278054,6.2,-80493,-16.9,4,0.3,231,0.3
"55107","5","2382","76","0","2025","A","N",6,0,0,0,0,0,0,"N",0.75,0,0,0,0,0,0,"N",0,0.0,0,0,0,0,0,0,0,0,0,0,0,0
"55109","3","2382","76","0","2025","A","N",1,0,0,0,0,0,0,"N",81.79,0,0,0,0,0,0,"N",0,0.0,0,0,0,0,0,0,0,0,0,0,0,0
"55109","5","2382","76","0","2025","A","",74,697,54293825,11958297,249760,1499,77943,"",1.28,1.12,1.41,1.09,1.14,1.26,1.26,"",6,8.8,226,48.0,21822852,67.2,4445308,59.2,128839,106.5,173,13.0,8990,13.0
"55111","3","2382","76","0","2025","A","N",1,0,0,0,0,0,0,"N",106.72,0,0,0,0,0,0,"N",0,0.0,0,0,0,0,0,0,0,0,0,0,0,0
"55111","5","2382","76","0","2025","A","",66,406,27078456,6396817,66545,1283,66696,"",1.49,0.67,0.78,0.56,0.31,1.17,1.17,"",4,6.5,6,1.5,1640062,6.4,194462,3.1,-9295,-12.3,60,4.9,3100,4.9
"55113","5","2382","76","0","2025","A","",23,82,3754530,1357554,22911,886,46068,"",1.63,0.67,0.56,0.67,0.45,0.83,0.83,"",1,4.5,4,5.1,212939,6.0,93245,7.4,-1794,-7.3,12,1.4,614,1.4
"55115","5","2382","76","0","2025","A","",22,115,7721726,1758003,14468,1296,67390,"",1.03,0.56,0.73,0.53,0.25,1.31,1.31,"",0,0.0,5,4.5,328695,4.4,137754,8.5,470,3.4,-2,-0.2,-126,-0.2
"55117","3","2382","76","0","2025","A","N",1,0,0,0,0,0,0,"N",78.27,0,0,0,0,0,0,"N",0,0.0,0,0,0,0,0,0,0,0,0,0,0,0
"55117","5","2382","76","0","2025","A","",76,1089,91911063,17066910,215091,1622,84367,"",1.26,1.07,1.24,0.89,0.69,1.17,1.16,"",1,1.3,48,4.6,9657180,11.7,683948,4.2,25597,13.5,103,6.8,5378,6.8
"55119","5","2382","76","0","2025","A","",12,38,2229200,535401,5774,1121,58280,"",1.14,0.29,0.30,0.23,0.13,1.03,1.03,"",2,20.0,5,15.2,157871,7.6,57448,12.0,917,18.9,-86,-7.1,-4488,-7.2
"55121","5","2382","76","0","2025","A","",15,59,3305144,935721,13914,1076,55940,"",0.93,0.29,0.27,0.26,0.25,0.96,0.96,"",0,0.0,4,7.3,559931,20.4,137476,17.2,3331,31.5,112,11.6,5799,11.6
"55123","5","2382","76","0","2025","A","",20,109,6574275,1746375,14409,1158,60222,"",1.22,0.75,0.86,0.82,0.36,1.14,1.14,"",1,5.3,0,0.0,268640,4.3,156629,9.9,-3982,-21.7,49,4.4,2549,4.4
"55125","5","2382","76","0","2025","A","",34,121,7264454,1972830,22950,1154,59995,"",1.66,0.86,1.00,0.76,0.31,1.17,1.17,"",1,3.0,6,5.2,400231,5.8,170670,9.5,6289,37.7,4,0.3,219,0.4
"55127","5","2382","76","0","2025","A","",88,665,46319293,11736281,191904,1340,69688,"",1.29,0.87,1.04,0.84,0.73,1.19,1.19,"",5,6.0,-9,-1.3,1766129,4.0,-17722,-0.2,-31016,-13.9,68,5.3,3561,5.4
"55129","5","2382","76","0","2025","A","",16,38,1880849,604123,12792,952,49496,"",1.34,0.42,0.41,0.41,0.40,0.97,0.97,"",1,6.7,4,11.8,342644,22.3,40073,7.1,2841,28.5,82,9.4,4255,9.4
"55131","3","2382","76","0","2025","A","N",1,0,0,0,0,0,0,"N",61.08,0,0,0,0,0,0,"N",0,0.0,0,0,0,0,0,0,0,0,0,0,0,0
"55131","5","2382","76","0","2025","A","",117,764,61259004,12395765,200686,1541,80147,"",1.51,0.79,0.96,0.70,0.64,1.21,1.21,"",1,0.9,25,3.4,6494855,11.9,411669,3.4,5269,2.7,115,8.1,6016,8.1
"55133","3","2382","76","0","2025","A","N",1,0,0,0,0,0,0,"N",16.30,0,0,0,0,0,0,"N",0,0.0,0,0,0,0,0,0,0,0,0,0,0,0
"55133","5","2382","76","0","2025","A","",398,7835,732469044,137731514,2660398,1798,93484,"",1.37,1.89,2.26,1.64,1.54,1.20,1.20,"",12,3.1,667,9.3,101717571,16.1,15610272,12.8,-143215,-5.1,106,6.3,5484,6.2
"55135","5","2382","76","0","2025","A","",40,150,8522866,2539269,46919,1093,56851,"",1.44,0.49,0.51,0.50,0.52,1.05,1.05,"",0,0.0,2,1.4,339760,4.2,165925,7.0,9001,23.7,27,2.5,1404,2.5
"55137","5","2382","76","0","2025","A","",15,58,3353960,975349,10607,1120,58245,"",1.34,0.60,0.70,0.66,0.31,1.17,1.17,"",1,7.1,6,11.5,522093,18.4,132775,15.8,1761,19.9,71,6.8,3699,6.8
"55139","3","2382","76","0","2025","A","N",1,0,0,0,0,0,0,"N",53.67,0,0,0,0,0,0,"N",0,0.0,0,0,0,0,0,0,0,0,0,0,0,0
"55139","5","2382","76","0","2025","A","",104,1656,165765198,28041659,365962,1925,100115,"",1.18,1.06,1.45,0.97,0.72,1.37,1.37,"",2,2.0,84,5.3,22892453,16.0,1725917,6.6,113874,45.2,177,10.1,9229,10.2
"55141","5","2382","76","0","2025","A","",44,752,63034652,12892851,258771,1613,83851,"",1.05,1.27,1.64,1.33,1.42,1.29,1.29,"",0,0.0,-110,-12.8,5986934,10.5,438221,3.5,-38971,-13.1,341,26.8,17709,26.8
"55999","5","2382","76","0","2025","A","",301,874,81684212,18144048,402364,1798,93487,"",0.59,0.47,0.39,0.40,0.34,0.83,0.83,"",26,9.5,9,1.0,52360,0.1,-1143584,-5.9,-72291,-15.2,-17,-0.9,-903,-1.0
"56000","5","2382","56","0","2025","A","",814,6027,452443873,226669347,4243841,1444,75071,"",1.35,1.28,1.39,1.43,1.00,1.09,1.09,"",21,2.6,202,3.5,42754837,10.4,21004059,10.2,1538627,56.9,91,6.7,4735,6.7
"56001","5","2382","76","0","2025","A","",42,275,16831228,9295658,119534,1178,61260,"",1.29,0.96,0.98,1.35,0.74,1.02,1.02,"",-1,-2.3,-15,-5.2,-510732,-2.9,-871003,-8.6,38711,47.9,27,2.3,1409,2.4
"56003","5","2382","76","0","2025","A","N",9,0,0,0,0,0,0,"N",0.90,0,0,0,0,0,0,"N",0,0.0,0,0,0,0,0,0,0,0,0,0,0,0
"56005","5","2382","76","0","2025","A","",56,580,46621039,21005907,326050,1545,80323,"",1.41,1.41,1.51,1.36,0.85,1.07,1.07,"",0,0.0,-21,-3.5,-2132871,-4.4,-2563447,-10.9,128700,65.2,-15,-1.0,-821,-1.0
"56007","5","2382","76","0","2025","A","",13,58,4983400,1901232,44832,1657,86168,"",0.97,0.55,0.71,0.55,0.44,1.30,1.30,"",-1,-7.1,4,7.4,829056,20.0,56020,3.0,25140,127.7,173,11.7,8998,11.7
"56009","5","2382","76","0","2025","A","",17,101,7806625,3189070,50023,1489,77421,"",1.31,0.94,0.98,0.85,0.50,1.05,1.05,"",4,30.8,10,11.0,1021037,15.0,238544,8.1,34098,214.1,55,3.8,2854,3.8
"56011","5","2382","76","0","2025","A","",13,43,2956760,1638497,17685,1330,69164,"",1.74,0.95,1.01,1.03,0.45,1.07,1.07,"",-1,-7.1,-6,-12.2,-793536,-21.2,160562,10.9,4585,35.0,-132,-9.0,-6856,-9.0
"56013","5","2382","76","0","2025","A","",45,164,9573355,5388785,60974,1124,58463,"",1.26,0.64,0.64,0.67,0.26,1.02,1.02,"",-1,-2.2,1,0.6,636187,7.1,507011,10.4,19287,46.3,72,6.8,3746,6.8
"56015","5","2382","76","0","2025","A","",15,47,2254902,1255687,18995,926,48147,"",1.48,0.68,0.61,0.81,0.55,0.90,0.90,"",1,7.1,-1,-2.1,-31402,-1.4,5510,0.4,7127,60.1,18,2.0,926,2.0
"56017","5","2382","76","0","2025","A","N",3,0,0,0,0,0,0,"N",0.62,0,0,0,0,0,0,"N",-2,-40.0,0,0,0,0,0,0,0,0,0,0,0,0
"56019","5","2382","76","0","2025","A","",11,33,1667517,930426,11667,977,50787,"",1.08,0.59,0.52,0.60,0.33,0.88,0.88,"",-1,-8.3,-2,-5.7,-111314,-6.3,-70596,-7.1,5996,105.7,0,0.0,-37,-0.1
"56021","5","2382","76","0","2025","A","",152,1444,109300060,56702792,1237746,1456,75719,"",1.60,1.76,1.93,2.19,1.73,1.10,1.10,"",16,11.8,288,24.9,30838606,39.3,16534710,41.2,727876,142.8,151,11.6,7846,11.6
"56023","5","2382","76","0","2025","A","",48,215,13197707,7012187,59197,1180,61385,"",1.99,1.76,1.53,1.66,0.56,0.87,0.87,"",-2,-4.0,5,2.4,892742,7.3,473440,7.2,28820,94.9,51,4.5,2673,4.6
"56025","5","2382","76","0","2025","A","",100,1235,102170554,49094804,1109263,1591,82729,"",1.27,1.84,2.21,1.98,1.64,1.20,1.20,"",8,8.7,-59,-4.6,-731913,-0.7,1318899,2.8,164490,17.4,62,4.1,3216,4.0
"56029","5","2382","76","0","2025","A","",54,249,14109757,8148177,126729,1090,56685,"",1.47,1.07,1.03,1.19,0.69,0.97,0.97,"",-2,-3.6,-13,-5.0,-494418,-3.4,57854,0.7,66431,110.2,18,1.7,944,1.7
"56031","5","2382","76","0","2025","A","N",11,0,0,0,0,0,0,"N",1.32,0,0,0,0,0,0,"N",1,10.0,0,0,0,0,0,0,0,0,0,0,0,0
"56033","5","2382","76","0","2025","A","",57,449,35980177,18519944,239270,1540,80104,"",1.62,1.83,2.24,2.38,1.29,1.22,1.22,"",3,5.6,99,28.3,14780157,69.7,7265851,64.6,134827,129.1,373,32.0,19446,32.1
"56035","5","2382","76","0","2025","A","",18,58,3354597,1892161,11361,1117,58088,"",1.52,0.90,0.71,0.84,0.23,0.80,0.80,"",-1,-5.3,-2,-3.3,-196133,-5.5,-59026,-3.0,-1837,-13.9,-29,-2.5,-1505,-2.5
"56037","5","2382","76","0","2025","A","",36,325,25117570,12784280,221525,1487,77305,"",1.06,0.96,0.96,1.07,0.70,1.01,1.01,"",-4,-10.0,-2,-0.6,1823206,7.8,354416,2.9,151634,217.0,116,8.5,5996,8.4
"56039","5","2382","76","0","2025","A","",63,406,32450524,15278796,203704,1539,80026,"",1.11,1.02,0.90,0.87,0.41,0.89,0.89,"",3,5.0,-14,-3.3,936905,3.0,499973,3.4,134580,194.7,98,6.8,5083,6.8
"56041","5","2382","76","0","2025","A","",17,61,3473887,1888630,33460,1101,57262,"",0.99,0.44,0.44,0.45,0.28,1.01,1.01,"",1,6.2,5,8.9,587223,20.3,183115,10.7,16130,93.1,114,11.6,5944,11.6
"56043","5","2382","76","0","2025","A","",14,70,3883376,2142752,9643,1068,55543,"",1.60,1.17,1.13,1.18,0.22,0.97,0.97,"",-1,-6.7,4,6.1,178619,4.8,6373,0.3,5762,148.5,-6,-0.6,-308,-0.6
"56045","5","2382","76","0","2025","A","N",5,0,0,0,0,0,0,"N",0.95,0,0,0,0,0,0,"N",-1,-16.7,0,0,0,0,0,0,0,0,0,0,0,0
"56999","5","2382","76","0","2025","A","",14,93,8480959,4512237,287253,1752,91111,"",1.40,1.39,1.24,1.25,2.55,0.89,0.89,"N",-2,-12.5,0,0,0,0,0,0,0,0,0,0,0,0
"72000","5","2382","56","0","2025","A","",814,12944,471998051,105458983,4198631,701,36466,"",0.79,0.82,0.75,0.75,0.60,0.92,0.92,"",33,4.2,1096,9.3,58407504,14.1,3473202,3.4,-51912,-1.2,30,4.5,1557,4.5
"72001","5","2382","76","0","2025","A","N",2,0,0,0,0,0,0,"N",0.44,0,0,0,0,0,0,"N",0,0.0,0,0,0,0,0,0,0,0,0,0,0,0
"72003","5","2382","76","0","2025","A","N",4,0,0,0,0,0,0,"N",0.32,0,0,0,0,0,0,"N",-1,-20.0,0,0,0,0,0,0,0,0,0,0,0,0
"72005","5","2382","76","0","2025","A","N",10,0,0,0,0,0,0,"N",0.49,0,0,0,0,0,0,"N",0,0.0,0,0,0,0,0,0,0,0,0,0,0,0
"72007","5","2382","76","0","2025","A","",9,114,3961955,928430,38830,666,34653,"",2.61,3.84,4.52,4.39,3.72,1.17,1.17,"",0,0.0,2,1.8,398434,11.2,60875,7.0,-432,-1.1,52,8.5,2717,8.5
"72009","5","2382","76","0","2025","A","N",2,0,0,0,0,0,0,"N",0.31,0,0,0,0,0,0,"N",-1,-33.3,0,0,0,0,0,0,0,0,0,0,0,0
"72011","5","2382","76","0","2025","A","",7,16,622243,134410,5505,764,39718,"",1.08,0.15,0.14,0.18,0.14,0.99,0.99,"",2,40.0,3,23.1,196905,46.3,34965,35.2,2002,57.2,139,22.2,7208,22.2
"72013","5","2382","76","0","2025","A","",17,167,4480888,1317864,61524,515,26765,"",0.72,0.45,0.34,0.45,0.45,0.76,0.76,"",1,6.2,4,2.5,85423,1.9,77103,6.2,2050,3.4,-2,-0.4,-132,-0.5
"72015","5","2382","76","0","2025","A","N",1,0,0,0,0,0,0,"N",0.46,0,0,0,0,0,0,"N",0,0.0,0,0,0,0,0,0,0,0,0,0,0,0
"72017","5","2382","76","0","2025","A","",10,33,819082,239545,9303,473,24572,"",1.57,0.18,0.11,0.15,0.11,0.57,0.57,"",1,11.1,-13,-28.3,-569612,-41.0,-113657,-32.2,-7507,-44.7,-111,-19.0,-5782,-19.0
"72019","5","2382","76","0","2025","A","",9,33,960569,254807,11483,553,28745,"",1.18,0.62,0.58,0.64,0.57,0.93,0.93,"",-1,-10.0,0,0.0,13301,1.4,8869,3.6,189,1.7,-3,-0.5,-179,-0.6
"72021","5","2382","76","0","2025","A","",59,442,18056468,3409305,119907,786,40852,"",0.97,0.49,0.55,0.42,0.30,1.14,1.13,"",3,5.4,36,8.9,2609667,16.9,27096,0.8,-10411,-8.0,54,7.4,2782,7.3
"72023","5","2382","76","0","2025","A","",6,40,692436,290215,10829,337,17530,"",0.44,0.38,0.26,0.29,0.19,0.68,0.68,"",0,0.0,13,48.1,86299,14.2,71788,32.9,1965,22.2,-91,-21.3,-4714,-21.2
"72025","5","2382","76","0","2025","A","",42,1848,60674194,14371548,614781,631,32829,"",0.89,2.47,2.25,1.90,1.60,0.91,0.91,"",2,5.0,511,38.2,19767861,48.3,2293595,19.0,142345,30.1,42,7.1,2226,7.3
"72027","5","2382","76","0","2025","A","N",6,0,0,0,0,0,0,"N",0.75,0,0,0,0,0,0,"N",-2,-25.0,0,0,0,0,0,0,0,0,0,0,0,0
"72029","5","2382","76","0","2025","A","N",11,0,0,0,0,0,0,"N",1.39,0,0,0,0,0,0,"N",1,10.0,0,0,0,0,0,0,0,0,0,0,0,0
"72031","5","2382","76","0","2025","A","",36,252,11724986,2160929,87387,894,46512,"",0.87,0.30,0.37,0.25,0.19,1.23,1.23,"",2,5.9,2,0.8,1312805,12.6,132609,6.5,349,0.4,93,11.6,4863,11.7
"72033","5","2382","76","0","2025","A","",12,156,7826441,1657797,53899,965,50196,"",1.86,0.84,0.95,0.80,0.59,1.13,1.13,"",1,9.1,-46,-22.8,-1235613,-13.6,-404750,-19.6,-27817,-34.0,103,11.9,5390,12.0
"72035","5","2382","76","0","2025","A","",10,74,1906691,607112,24883,494,25679,"",0.98,0.44,0.32,0.47,0.43,0.73,0.73,"",2,25.0,9,13.8,283054,17.4,99399,19.6,1519,6.5,12,2.5,604,2.4
"72037","5","2382","76","0","2025","A","N",2,0,0,0,0,0,0,"N",0.98,0,0,0,0,0,0,"N",1,100.0,0,0,0,0,0,0,0,0,0,0,0,0
"72039","5","2382","76","0","2025","A","N",1,0,0,0,0,0,0,"N",0.33,0,0,0,0,0,0,"N",0,0.0,0,0,0,0,0,0,0,0,0,0,0,0
"72041","5","2382","76","0","2025","A","",6,35,771791,375928,17819,420,21843,"",0.73,0.32,0.20,0.37,0.33,0.61,0.61,"N",0,0.0,0,0,0,0,0,0,0,0,0,0,0,0
"72043","5","2382","76","0","2025","A","",6,52,1776447,438350,17918,652,33891,"",0.88,0.80,0.93,0.81,0.66,1.15,1.15,"",1,20.0,-5,-8.8,101094,6.0,-23073,-5.0,-1144,-6.0,85,15.0,4413,15.0
"72045","5","2382","76","0","2025","A","N",6,0,0,0,0,0,0,"N",2.19,0,0,0,0,0,0,"N",1,20.0,0,0,0,0,0,0,0,0,0,0,0,0
"72047","5","2382","76","0","2025","A","N",9,0,0,0,0,0,0,"N",1.34,0,0,0,0,0,0,"N",3,50.0,0,0,0,0,0,0,0,0,0,0,0,0
"72049","5","2382","76","0","2025","A","N",1,0,0,0,0,0,0,"N",0.77,0,0,0,0,0,0,"N",0,0.0,0,0,0,0,0,0,0,0,0,0,0,0
"72051","5","2382","76","0","2025","A","",10,83,2836436,676461,17871,659,34277,"",0.68,0.44,0.38,0.33,0.17,0.85,0.85,"",2,25.0,11,15.3,367070,14.9,95111,16.4,-1059,-5.6,-2,-0.3,-99,-0.3
"72053","5","2382","76","0","2025","A","N",7,0,0,0,0,0,0,"N",0.70,0,0,0,0,0,0,"N",-2,-22.2,0,0,0,0,0,0,0,0,0,0,0,0
"72055","5","2382","76","0","2025","A","N",3,0,0,0,0,0,0,"N",1.37,0,0,0,0,0,0,"N",0,0.0,0,0,0,0,0,0,0,0,0,0,0,0
"72057","5","2382","76","0","2025","A","",8,44,1681584,547590,19265,736,38290,"",0.82,0.27,0.32,0.48,0.32,1.19,1.19,"",3,60.0,29,193.3,1413962,528.3,427058,354.3,13806,252.9,397,117.1,20645,117.0
"72059","5","2382","76","0","2025","A","N",4,0,0,0,0,0,0,"N",1.48,0,0,0,0,0,0,"N",0,0.0,0,0,0,0,0,0,0,0,0,0,0,0
"72061","5","2382","76","0","2025","A","",36,946,36643048,7329687,265587,745,38738,"",0.68,0.99,0.79,0.69,0.53,0.80,0.80,"",-1,-2.7,8,0.9,1352373,3.8,-117622,-1.6,-30141,-10.2,21,2.9,1108,2.9
"72063","5","2382","76","0","2025","A","",10,116,4949218,898891,34022,818,42513,"",1.21,0.85,0.95,0.71,0.48,1.12,1.12,"",1,11.1,16,16.0,-300152,-5.7,119150,15.3,10747,46.2,-196,-19.3,-10200,-19.4
"72065","5","2382","76","0","2025","A","N",7,0,0,0,0,0,0,"N",0.55,0,0,0,0,0,0,"N",1,16.7,0,0,0,0,0,0,0,0,0,0,0,0
"72067","5","2382","76","0","2025","A","N",2,0,0,0,0,0,0,"N",0.48,0,0,0,0,0,0,"N",0,0.0,0,0,0,0,0,0,0,0,0,0,0,0
"72069","5","2382","76","0","2025","A","",14,126,4112188,1014698,36152,629,32723,"",0.85,0.45,0.40,0.44,0.34,0.89,0.89,"",3,27.3,28,28.6,1147986,38.7,157415,18.4,5505,18.0,48,8.3,2502,8.3
"72071","5","2382","76","0","2025","A","",6,11,256864,107214,4145,449,23351,"",0.51,0.09,0.07,0.09,0.07,0.78,0.78,"",0,0.0,-4,-26.7,-39022,-13.2,-7341,-6.4,-601,-12.7,74,19.7,3842,19.7
"72073","5","2382","76","0","2025","A","N",2,0,0,0,0,0,0,"N",0.56,0,0,0,0,0,0,"N",-1,-33.3,0,0,0,0,0,0,0,0,0,0,0,0
"72075","5","2382","76","0","2025","A","",8,26,818576,208877,9613,615,31996,"",1.06,0.21,0.17,0.17,0.17,0.85,0.85,"",0,0.0,-2,-7.1,-30295,-3.6,5474,2.7,591,6.6,23,3.9,1221,4.0
"72077","5","2382","76","0","2025","A","",8,54,1585860,467498,21910,561,29188,"",1.42,0.37,0.17,0.32,0.34,0.44,0.44,"",2,33.3,2,3.8,224835,16.5,79585,20.5,2506,12.9,56,11.1,2930,11.2
"72079","5","2382","76","0","2025","A","N",4,0,0,0,0,0,0,"N",0.81,0,0,0,0,0,0,"N",-1,-20.0,0,0,0,0,0,0,0,0,0,0,0,0
"72081","5","2382","76","0","2025","A","N",2,0,0,0,0,0,0,"N",0.28,0,0,0,0,0,0,"N",1,100.0,0,0,0,0,0,0,0,0,0,0,0,0
"72085","5","2382","76","0","2025","A","",9,167,6611735,1167583,39089,761,39591,"",1.41,1.34,1.39,0.80,0.45,1.04,1.04,"",-1,-10.0,20,13.6,1469469,28.6,-355410,-23.3,-18443,-32.1,90,13.4,4689,13.4
"72087","5","2382","76","0","2025","A","N",1,0,0,0,0,0,0,"N",0.52,0,0,0,0,0,0,"N",0,0.0,0,0,0,0,0,0,0,0,0,0,0,0
"72089","5","2382","76","0","2025","A","N",4,0,0,0,0,0,0,"N",1.13,0,0,0,0,0,0,"N",1,33.3,0,0,0,0,0,0,0,0,0,0,0,0
"72091","5","2382","76","0","2025","A","",8,40,1244856,316800,14494,595,30928,"",0.63,0.17,0.13,0.13,0.13,0.79,0.79,"",1,14.3,1,2.6,-8603,-0.7,-13062,-4.0,-949,-6.1,-18,-2.9,-940,-2.9
"72095","5","2382","76","0","2025","A","N",1,0,0,0,0,0,0,"N",0.71,0,0,0,0,0,0,"N",0,0.0,0,0,0,0,0,0,0,0,0,0,0,0
"72097","5","2382","76","0","2025","A","",21,227,6329351,1796959,85991,536,27883,"",0.66,0.43,0.35,0.43,0.41,0.81,0.81,"",1,5.0,-31,-12.0,-352874,-5.3,-204921,-10.2,-10997,-11.3,38,7.6,1991,7.7
"72099","5","2382","76","0","2025","A","",13,124,2902523,978414,38257,451,23455,"",1.27,1.44,1.19,1.29,0.87,0.83,0.83,"",-2,-13.3,-22,-15.1,-437887,-13.1,-124342,-11.3,-9176,-19.3,9,2.0,497,2.2
"72101","5","2382","76","0","2025","A","N",10,0,0,0,0,0,0,"N",2.16,0,0,0,0,0,0,"N",2,25.0,0,0,0,0,0,0,0,0,0,0,0,0
"72103","5","2382","76","0","2025","A","",6,32,956661,247237,12659,576,29974,"",1.55,0.86,0.80,0.86,0.86,0.93,0.93,"",-1,-14.3,-15,-31.9,-647943,-40.4,-104478,-29.7,-4261,-25.2,-83,-12.6,-4288,-12.5
"72105","5","2382","76","0","2025","A","",14,153,4805607,1265335,59537,603,31341,"",1.99,2.24,2.20,2.40,2.02,0.98,0.98,"",-1,-6.7,0,0.0,57365,1.2,475,0.0,-23,0.0,7,1.2,324,1.0
"72107","5","2382","76","0","2025","A","N",3,0,0,0,0,0,0,"N",0.65,0,0,0,0,0,0,"N",-1,-25.0,0,0,0,0,0,0,0,0,0,0,0,0
"72109","5","2382","76","0","2025","A","N",2,0,0,0,0,0,0,"N",0.85,0,0,0,0,0,0,"N",0,0.0,0,0,0,0,0,0,0,0,0,0,0,0
"72111","5","2382","76","0","2025","A","N",9,0,0,0,0,0,0,"N",2.37,0,0,0,0,0,0,"N",1,12.5,0,0,0,0,0,0,0,0,0,0,0,0
"72113","5","2382","76","0","2025","A","",33,410,13738790,3349181,129746,644,33489,"",0.71,0.52,0.51,0.52,0.42,0.98,0.98,"",4,13.8,186,83.0,7637727,125.2,1442855,75.7,47712,58.2,121,23.1,6313,23.2
"72115","5","2382","76","0","2025","A","N",1,0,0,0,0,0,0,"N",0.19,0,0,0,0,0,0,"N",-1,-50.0,0,0,0,0,0,0,0,0,0,0,0,0
"72117","5","2382","76","0","2025","A","N",6,0,0,0,0,0,0,"N",1.07,0,0,0,0,0,0,"N",-1,-14.3,0,0,0,0,0,0,0,0,0,0,0,0
"72119","5","2382","76","0","2025","A","",4,16,552755,119999,4770,679,35282,"",0.48,0.15,0.16,0.14,0.10,1.04,1.04,"",1,33.3,2,14.3,68805,14.2,18024,17.7,336,7.6,14,2.1,714,2.1
"72121","5","2382","76","0","2025","A","N",2,0,0,0,0,0,0,"N",0.45,0,0,0,0,0,0,"N",1,100.0,0,0,0,0,0,0,0,0,0,0,0,0
"72123","5","2382","76","0","2025","A","N",0,0,0,0,0,0,0,"N",0.00,0,0,0,0,0,0,"N",0,0.0,0,0,0,0,0,0,0,0,0,0,0,0
"72125","5","2382","76","0","2025","A","N",2,0,0,0,0,0,0,"N",0.24,0,0,0,0,0,0,"N",0,0.0,0,0,0,0,0,0,0,0,0,0,0,0
"72127","5","2382","76","0","2025","A","",124,5161,208207061,43069513,1689938,776,40345,"",0.53,1.22,1.02,1.17,0.92,0.84,0.84,"",0,0.0,278,5.7,19626599,10.4,-610745,-1.4,-156946,-8.5,33,4.4,1728,4.5
"72129","5","2382","76","0","2025","A","N",6,0,0,0,0,0,0,"N",1.02,0,0,0,0,0,0,"N",1,20.0,0,0,0,0,0,0,0,0,0,0,0,0
"72131","5","2382","76","0","2025","A","N",8,0,0,0,0,0,0,"N",0.58,0,0,0,0,0,0,"N",0,0.0,0,0,0,0,0,0,0,0,0,0,0,0
"72133","5","2382","76","0","2025","A","",7,65,1871629,615040,26508,552,28684,"",1.34,0.58,0.45,0.69,0.53,0.78,0.78,"N",0,0.0,0,0,0,0,0,0,0,0,0,0,0,0
"72135","5","2382","76","0","2025","A","",17,78,2350279,647709,23782,576,29940,"",1.92,1.03,1.02,0.95,0.71,0.98,0.98,"",-2,-10.5,-3,-3.7,81530,3.6,-753,-0.1,-577,-2.4,37,6.9,1931,6.9
"72137","5","2382","76","0","2025","A","",21,159,6047430,1305008,44726,733,38094,"",1.31,0.66,0.72,0.53,0.37,1.09,1.09,"",3,16.7,3,1.9,317526,5.5,-35865,-2.7,-6914,-13.4,26,3.7,1305,3.5
"72139","5","2382","76","0","2025","A","",25,363,11456509,2810046,105860,607,31553,"",2.08,2.11,2.28,2.11,1.67,1.08,1.08,"",-1,-3.8,38,11.7,2246413,24.4,177864,6.8,-5048,-4.6,62,11.4,3192,11.3
"72141","5","2382","76","0","2025","A","N",5,0,0,0,0,0,0,"N",0.84,0,0,0,0,0,0,"N",2,66.7,0,0,0,0,0,0,0,0,0,0,0,0
"72143","5","2382","76","0","2025","A","",6,27,806174,215504,7102,571,29675,"",0.84,0.36,0.32,0.32,0.22,0.88,0.88,"",1,20.0,-1,-3.6,-36012,-4.3,-50110,-18.9,-2870,-28.8,-2,-0.3,-137,-0.5
"72145","5","2382","76","0","2025","A","N",14,0,0,0,0,0,0,"N",1.26,0,0,0,0,0,0,"N",0,0.0,0,0,0,0,0,0,0,0,0,0,0,0
"72149","5","2382","76","0","2025","A","N",5,0,0,0,0,0,0,"N",1.43,0,0,0,0,0,0,"N",0,0.0,0,0,0,0,0,0,0,0,0,0,0,0
"72151","5","2382","76","0","2025","A","N",2,0,0,0,0,0,0,"N",0.46,0,0,0,0,0,0,"N",0,0.0,0,0,0,0,0,0,0,0,0,0,0,0
"72153","5","2382","76","0","2025","A","N",4,0,0,0,0,0,0,"N",0.43,0,0,0,0,0,0,"N",1,33.3,0,0,0,0,0,0,0,0,0,0,0,0
"72999","5","2382","76","0","2025","A","N",4,0,0,0,0,0,0,"N",0.38,0,0,0,0,0,0,"N",0,0.0,0,0,0,0,0,0,0,0,0,0,0,0
"78000","5","2382","56","0","2025","A","",62,366,26749934,12120712,496849,1407,73187,"",1.05,0.64,0.79,0.87,0.60,1.24,1.24,"",-12,-16.2,-44,-10.7,100756,0.4,-1579201,-11.5,-59114,-10.6,156,12.5,8149,12.5
"78010","5","2382","76","0","2025","A","",24,151,8634021,4388521,184642,1099,57147,"",1.08,0.68,0.66,0.87,0.62,0.97,0.97,"",-7,-22.6,-14,-8.5,-282038,-3.2,-802632,-15.5,-30489,-14.2,59,5.7,3056,5.6
"78020","5","2382","76","0","2025","A","",7,30,2023659,1014765,44860,1283,66714,"",1.27,0.93,1.15,0.76,0.58,1.23,1.23,"",-1,-12.5,0,0.0,254245,14.4,58214,6.1,3675,8.9,164,14.7,8541,14.7
"78030","5","2382","76","0","2025","A","",31,184,16092254,6717426,267347,1681,87418,"",1.00,0.58,0.85,0.89,0.60,1.46,1.46,"",-5,-13.9,-30,-14.0,128549,0.8,-834783,-11.1,-32300,-10.8,250,17.5,12995,17.5
"US000","2","2382","16","0","2025","A","N",1,0,0,0,0,0,0,"N",1.00,0,0,0,0,0,0,"N",0,0.0,0,0,0,0,0,0,0,0,0,0,0,0
"US000","3","2382","16","0","2025","A","",50,429,30549633,261830,4850,1369,71197,"",1.00,1.00,1.00,1.00,1.00,1.00,1.00,"",-4,-7.4,-26,-5.7,208147,0.7,-236557,-47.5,-12007,-71.2,88,6.9,4573,6.9
"US000","5","2382","16","0","2025","A","",236924,2601097,222893827105,52807989431,1281994825,1648,85692,"",1.00,1.00,1.00,1.00,1.00,1.00,1.00,"",2736,1.2,64163,2.5,16011928161,7.7,2536117810,5.0,57629787,4.7,80,5.1,4144,5.1
