"area_fips","own_code","industry_code","agglvl_code","size_code","year","qtr","disclosure_code","annual_avg_estabs","annual_avg_emplvl","total_annual_wages","taxable_annual_wages","annual_contributions","annual_avg_wkly_wage","avg_annual_pay","lq_disclosure_code","lq_annual_avg_estabs","lq_annual_avg_emplvl","lq_total_annual_wages","lq_taxable_annual_wages","lq_annual_contributions","lq_annual_avg_wkly_wage","lq_avg_annual_pay","oty_disclosure_code","oty_annual_avg_estabs_chg","oty_annual_avg_estabs_pct_chg","oty_annual_avg_emplvl_chg","oty_annual_avg_emplvl_pct_chg","oty_total_annual_wages_chg","oty_total_annual_wages_pct_chg","oty_taxable_annual_wages_chg","oty_taxable_annual_wages_pct_chg","oty_annual_contributions_chg","oty_annual_contributions_pct_chg","oty_annual_avg_wkly_wage_chg","oty_annual_avg_wkly_wage_pct_chg","oty_avg_annual_pay_chg","oty_avg_annual_pay_pct_chg"
"01000","5","238","55","0","2025","A","",7918,66494,4701457373,774466636,4209390,1360,70705,"",0.99,0.94,1.03,0.90,0.72,1.10,1.10,"",192,2.5,2593,4.1,434423577,10.2,37327039,5.1,-654384,-13.5,76,5.9,3929,5.9
"01001","5","238","75","0","2025","A","",65,402,22302133,4246710,14703,1066,55409,"",1.12,0.93,0.97,0.88,0.40,1.04,1.04,"",2,3.2,-9,-2.2,494219,2.3,-346291,-7.5,-6587,-30.9,46,4.5,2359,4.4
"01003","5","238","75","0","2025","A","",592,3531,239818588,42600734,275340,1306,67920,"",1.29,1.20,1.53,1.09,0.98,1.27,1.27,"",22,3.9,-11,-0.3,6109250,2.6,-891038,-2.0,-58115,-17.4,37,2.9,1933,2.9
"01005","5","238","75","0","2025","A","",20,74,3626852,830855,2303,938,48792,"",0.69,0.29,0.30,0.28,0.12,1.04,1.04,"",0,0.0,-7,-8.6,-214903,-5.6,-49796,-5.7,-3895,-62.8,26,2.9,1363,2.9
"01007","5","238","75","0","2025","A","",34,136,6567302,1319720,8492,925,48112,"",1.49,0.83,0.71,0.74,0.78,0.86,0.86,"",0,0.0,4,3.0,-76852,-1.2,-135804,-9.3,559,7.0,-40,-4.1,-2064,-4.1
"01009","5","238","75","0","2025","A","",106,425,25429660,4538221,24738,1150,59823,"",2.15,1.38,1.72,1.33,0.99,1.25,1.25,"",7,7.1,11,2.7,1788438,7.6,22968,0.5,-13867,-35.9,52,4.7,2707,4.7
"01011","5","238","75","0","2025","A","N",2,0,0,0,0,0,0,"N",0.19,0,0,0,0,0,0,"N",0,0.0,0,0,0,0,0,0,0,0,0,0,0,0
"01013","5","238","75","0","2025","A","",20,129,7713691,1513068,11166,1146,59604,"",0.78,0.57,0.71,0.51,0.66,1.25,1.25,"",-1,-4.8,4,3.2,41579,0.5,-33015,-2.1,-6629,-37.3,-34,-2.9,-1732,-2.8
"01015","5","238","75","0","2025","A","",137,874,54277093,9839771,43581,1194,62078,"",0.96,0.60,0.71,0.64,0.47,1.18,1.18,"",13,10.5,126,16.8,9378349,20.9,1535609,18.5,515,1.2,40,3.5,2053,3.4
"01017","5","238","75","0","2025","A","",46,206,12649118,2172076,12548,1183,61528,"",1.14,0.66,0.77,0.57,0.38,1.17,1.17,"",1,2.2,20,10.8,1830630,16.9,229476,11.8,571,4.8,66,5.9,3442,5.9
"01019","5","238","75","0","2025","A","N",19,0,0,0,0,0,0,"N",0.74,0,0,0,0,0,0,"N",-1,-5.0,0,0,0,0,0,0,0,0,0,0,0,0
"01021","5","238","75","0","2025","A","",78,457,34302234,4931761,18629,1445,75114,"",1.68,1.45,2.21,1.33,0.63,1.52,1.52,"",2,2.6,5,1.1,3027600,9.7,85561,1.8,-8127,-30.4,115,8.6,5973,8.6
"01023","5","238","75","0","2025","A","N",16,0,0,0,0,0,0,"N",0.90,0,0,0,0,0,0,"N",1,6.7,0,0,0,0,0,0,0,0,0,0,0,0
"01025","5","238","75","0","2025","A","",10,38,2165874,395371,1360,1098,57122,"",0.28,0.15,0.16,0.13,0.07,1.10,1.10,"N",-3,-23.1,0,0,0,0,0,0,0,0,0,0,0,0
"01027","5","238","75","0","2025","A","",10,31,1198405,299734,1126,737,38349,"",0.78,0.22,0.18,0.17,0.13,0.82,0.82,"",1,11.1,7,29.2,226983,23.4,74922,33.3,-1764,-61.0,-47,-6.0,-2410,-5.9
"01029","5","238","75","0","2025","A","",15,57,3330060,533143,4082,1115,57998,"",1.04,0.60,0.62,0.49,0.64,1.02,1.02,"",-1,-6.2,13,29.5,641788,23.9,51259,10.6,-121,-2.9,-62,-5.3,-3215,-5.3
"01031","5","238","75","0","2025","A","",51,281,13099582,2727464,11652,897,46645,"",0.73,0.47,0.46,0.37,0.27,0.96,0.96,"",-1,-1.9,-18,-6.0,-642005,-4.7,-254399,-8.5,-2402,-17.1,12,1.4,648,1.4
"01033","5","238","75","0","2025","A","",86,1209,82956515,13646518,108274,1320,68621,"",1.03,1.46,1.68,1.41,1.41,1.15,1.15,"",2,2.4,2,0.2,6487373,8.5,-69010,-0.5,14041,14.9,102,8.4,5279,8.3
"01035","5","238","75","0","2025","A","",11,75,3535459,824090,1937,909,47244,"",0.77,0.66,0.63,0.59,0.29,0.95,0.94,"",0,0.0,-1,-1.3,70165,2.0,-100033,-10.8,-3098,-61.5,32,3.6,1648,3.6
"01037","5","238","75","0","2025","A","",8,23,1081278,245430,3329,898,46674,"",0.99,0.47,0.40,0.44,1.08,0.83,0.83,"",1,14.3,6,35.3,316204,41.3,83356,51.4,1369,69.8,15,1.7,770,1.7
"01039","5","238","75","0","2025","A","",48,272,14992275,3324968,12681,1059,55051,"",0.84,0.65,0.71,0.67,0.39,1.09,1.09,"",4,9.1,36,15.3,2775624,22.7,628563,23.3,-15788,-55.5,62,6.2,3194,6.2
"01041","5","238","75","0","2025","A","",18,93,5228294,928565,7379,1085,56420,"",1.20,0.81,0.91,0.68,0.65,1.13,1.13,"",0,0.0,7,8.1,-119476,-2.2,84262,10.0,846,12.9,-109,-9.1,-5643,-9.1
"01043","5","238","75","0","2025","A","",194,924,53849972,10201496,73947,1121,58269,"",1.67,0.89,0.97,0.79,1.02,1.09,1.09,"",12,6.6,53,6.1,5737251,11.9,879149,9.4,-12083,-14.0,59,5.6,3025,5.5
"01045","5","238","75","0","2025","A","",43,204,9918969,2224257,11103,933,48523,"",0.77,0.34,0.24,0.36,0.26,0.72,0.72,"",1,2.4,6,3.0,766265,8.4,68833,3.2,-2523,-18.5,43,4.8,2219,4.8
"01047","5","238","75","0","2025","A","",33,247,13832716,3341527,20369,1077,55984,"",0.68,0.64,0.70,0.74,0.53,1.09,1.09,"",-1,-2.9,-6,-2.4,1724751,14.2,321238,10.6,-15621,-43.4,155,16.8,8047,16.8
"01049","5","238","75","0","2025","A","",80,571,37408698,5890979,50662,1261,65553,"",1.04,0.72,0.89,0.59,0.89,1.25,1.25,"",6,8.1,19,3.4,-386788,-1.0,-43188,-0.7,3866,8.3,-55,-4.2,-2855,-4.2
"01051","5","238","75","0","2025","A","",132,805,54164616,9796400,53335,1294,67299,"",1.43,1.09,1.49,1.14,1.07,1.37,1.37,"",8,6.5,52,6.9,4558312,9.2,810914,9.0,6263,13.3,28,2.2,1443,2.2
"01053","5","238","75","0","2025","A","",50,281,16105663,3463140,33152,1101,57231,"",1.07,0.65,0.70,0.68,1.08,1.08,1.08,"",4,8.7,28,11.1,2766550,20.7,567607,19.6,11473,52.9,87,8.6,4525,8.6
"01055","5","238","75","0","2025","A","",116,856,45999864,8754740,52284,1033,53728,"",0.93,0.77,0.87,0.61,0.57,1.12,1.12,"",3,2.7,65,8.2,5007870,12.2,221433,2.6,-15906,-23.3,37,3.7,1927,3.7
"01057","5","238","75","0","2025","A","",20,122,7295491,1765186,7519,1152,59881,"",1.15,0.92,1.07,1.20,0.99,1.16,1.16,"",-4,-16.7,0,0.0,1317057,22.0,371503,26.7,-3214,-29.9,208,22.0,10777,21.9
"01059","5","238","75","0","2025","A","",45,182,9821226,1992229,16534,1035,53815,"",1.31,0.50,0.54,0.46,0.50,1.08,1.08,"",3,7.1,24,15.2,576252,6.2,321576,19.2,1712,11.6,-89,-7.9,-4636,-7.9
"01061","5","238","75","0","2025","A","",36,129,5114816,1394595,6795,763,39701,"",1.20,0.69,0.63,0.61,0.57,0.91,0.91,"",-2,-5.3,-4,-3.0,-378808,-6.9,-60358,-4.1,-3750,-35.6,-31,-3.9,-1579,-3.8
"01063","5","238","75","0","2025","A","N",2,0,0,0,0,0,0,"N",0.24,0,0,0,0,0,0,"N",0,0.0,0,0,0,0,0,0,0,0,0,0,0,0
"01065","5","238","75","0","2025","A","",20,171,10938492,1841029,6860,1233,64093,"",1.18,1.92,2.46,1.97,1.16,1.29,1.28,"",2,11.1,8,4.9,959903,9.6,-12871,-0.7,-7704,-52.9,56,4.8,2906,4.7
"01067","5","238","75","0","2025","A","",16,118,5956123,1232064,2960,974,50654,"",0.76,0.94,0.82,0.82,0.36,0.87,0.87,"",0,0.0,4,3.5,212584,3.7,127333,11.5,-751,-20.2,9,0.9,456,0.9
"01069","5","238","75","0","2025","A","",153,1289,75343568,13824747,51442,1124,58451,"",0.81,0.75,0.78,0.66,0.40,1.04,1.04,"",0,0.0,24,1.9,5775248,8.3,-299171,-2.1,-13596,-20.9,67,6.3,3474,6.3
"01071","5","238","75","0","2025","A","",80,667,37144256,7080820,26297,1070,55661,"",1.32,1.32,1.42,1.16,0.63,1.07,1.07,"",1,1.3,23,3.6,2532446,7.3,-222996,-3.1,-14426,-35.4,37,3.6,1937,3.6
"01073","5","238","75","0","2025","A","",958,12148,963076029,141926876,803080,1525,79282,"",0.83,0.98,1.04,0.94,0.79,1.06,1.06,"",12,1.3,548,4.7,91775250,10.5,9148955,6.9,-219808,-21.5,81,5.6,4173,5.6
"01075","5","238","75","0","2025","A","",13,56,3034387,655863,4845,1042,54185,"",0.90,0.50,0.52,0.51,0.64,1.03,1.03,"",1,8.3,-4,-6.7,41118,1.4,-61940,-8.6,-1370,-22.0,83,8.7,4297,8.6
"01077","5","238","75","0","2025","A","",130,1405,95285580,15673574,111092,1304,67819,"",0.99,1.36,1.90,1.28,1.33,1.40,1.40,"",4,3.2,111,8.6,19236680,25.3,2006468,14.7,-14945,-11.9,174,15.4,9037,15.4
"01079","5","238","75","0","2025","A","",40,226,13488672,2269025,14269,1146,59596,"",1.39,1.22,1.42,1.22,1.10,1.17,1.17,"",3,8.1,-19,-7.8,-161066,-1.2,-298883,-11.6,-5254,-26.9,75,7.0,3902,7.0
"01081","5","238","75","0","2025","A","",218,1796,105053063,19693061,79657,1125,58485,"",0.96,0.79,0.82,0.77,0.46,1.05,1.04,"",13,6.3,66,3.8,9116853,9.5,1048762,5.6,-8790,-9.9,58,5.4,3015,5.4
"01083","5","238","75","0","2025","A","",171,1759,117215143,20063117,91507,1282,66641,"",1.55,1.51,1.57,1.33,0.82,1.04,1.04,"",17,11.0,220,14.3,20151970,20.8,2352962,13.3,13238,16.9,69,5.7,3586,5.7
"01085","5","238","75","0","2025","A","",11,75,3787767,898750,3768,970,50448,"",1.04,0.93,0.79,0.97,0.45,0.84,0.84,"",1,10.0,-7,-8.5,-194750,-4.9,-99193,-9.9,753,25.0,32,3.4,1682,3.4
"01087","5","238","75","0","2025","A","N",5,0,0,0,0,0,0,"N",0.32,0,0,0,0,0,0,"N",1,25.0,0,0,0,0,0,0,0,0,0,0,0,0
"01089","5","238","75","0","2025","A","",580,5213,394173858,57209697,434788,1454,75617,"",0.81,0.66,0.63,0.62,0.69,0.95,0.95,"",36,6.6,449,9.4,66105839,20.2,4175390,7.9,69875,19.1,130,9.8,6752,9.8
"01091","5","238","75","0","2025","A","",18,143,9347834,1265843,4012,1260,65522,"",0.62,0.59,0.69,0.43,0.26,1.17,1.17,"",1,5.9,7,5.1,73103,0.8,-228558,-15.3,-4112,-50.6,-56,-4.3,-2884,-4.2
"01093","5","238","75","0","2025","A","",15,87,3965445,1021703,7049,879,45711,"",0.41,0.26,0.24,0.26,0.26,0.92,0.92,"",2,15.4,9,11.5,485745,14.0,161775,18.8,947,15.5,23,2.7,1195,2.7
"01095","5","238","75","0","2025","A","",139,701,39156508,7794363,48143,1075,55878,"",1.06,0.51,0.57,0.45,0.55,1.11,1.11,"",9,6.9,21,3.1,2761238,7.6,437003,5.9,-9092,-15.9,45,4.4,2329,4.3
"01097","5","238","75","0","2025","A","",659,8072,608183742,100256913,503915,1449,75348,"",1.08,1.38,1.63,1.39,1.03,1.18,1.18,"",20,3.1,-140,-1.7,18752686,3.2,385809,0.4,-61087,-10.8,69,5.0,3574,5.0
"01099","5","238","75","0","2025","A","",14,46,2326294,512130,2694,981,51034,"",0.58,0.23,0.21,0.22,0.15,0.91,0.91,"",2,16.7,3,7.0,283756,13.9,12595,2.5,1118,70.9,66,7.2,3441,7.2
"01101","5","238","75","0","2025","A","",244,3254,233066094,35702786,178764,1378,71634,"",0.67,0.74,0.82,0.77,0.55,1.12,1.12,"",5,2.1,135,4.3,20947077,9.9,1670727,4.9,30254,20.4,70,5.4,3631,5.3
"01103","5","238","75","0","2025","A","",238,2314,174055382,26971887,89443,1446,75205,"",1.43,1.27,1.52,1.11,0.61,1.20,1.20,"",3,1.3,64,2.8,16706676,10.6,-129427,-0.5,-67418,-43.0,101,7.5,5280,7.6
"01105","5","238","75","0","2025","A","N",6,0,0,0,0,0,0,"N",0.64,0,0,0,0,0,0,"N",1,20.0,0,0,0,0,0,0,0,0,0,0,0,0
"01107","5","238","75","0","2025","A","",17,67,3721487,645303,3818,1069,55614,"",0.92,0.54,0.57,0.51,0.44,1.05,1.05,"",-1,-5.6,-47,-41.2,-2916948,-43.9,-600382,-48.2,-1367,-26.4,-46,-4.1,-2364,-4.1
"01109","5","238","75","0","2025","A","",23,132,6859981,1341133,9836,996,51806,"",0.57,0.25,0.25,0.23,0.24,0.96,0.96,"",3,15.0,7,5.6,771072,12.7,19469,1.5,-1375,-12.3,56,6.0,2932,6.0
"01111","5","238","75","0","2025","A","",24,138,8389324,2160372,14286,1172,60939,"",1.00,0.84,1.15,1.19,0.96,1.36,1.36,"",2,9.1,7,5.3,1121845,15.4,691537,47.1,4712,49.2,106,9.9,5533,10.0
"01113","5","238","75","0","2025","A","",89,538,31465667,6323001,40713,1125,58495,"",1.46,1.15,1.36,1.14,1.19,1.18,1.18,"",5,6.0,-16,-2.9,-326128,-1.0,-398514,-5.9,-12763,-23.9,22,2.0,1135,2.0
"01115","5","238","75","0","2025","A","",198,1225,80205004,13496168,59637,1259,65487,"",1.92,1.64,1.87,1.44,1.13,1.14,1.14,"",12,6.5,109,9.8,10071487,14.4,1415910,11.7,-5814,-8.9,50,4.1,2639,4.2
"01117","5","238","75","0","2025","A","",416,3494,261602818,38259085,162074,1440,74861,"",1.11,1.23,1.33,1.01,0.64,1.08,1.08,"",22,5.6,32,0.9,11772551,4.7,767975,2.0,-13433,-7.7,52,3.7,2697,3.7
"01119","5","238","75","0","2025","A","",8,23,881866,277043,5847,735,38204,"",0.55,0.24,0.18,0.29,0.93,0.76,0.76,"",3,60.0,14,155.6,610457,224.9,184272,198.6,3542,153.7,127,20.9,6584,20.8
"01121","5","238","75","0","2025","A","",78,549,33780981,6816168,37296,1184,61579,"",0.98,0.52,0.52,0.52,0.48,1.01,1.01,"",0,0.0,-35,-6.0,-299181,-0.9,-332917,-4.7,-15938,-29.9,61,5.4,3173,5.4
"01123","5","238","75","0","2025","A","",60,355,18113002,3857687,26867,981,51011,"",1.14,0.82,0.86,0.69,0.63,1.05,1.05,"",5,9.1,11,3.2,1376797,8.2,195404,5.3,638,2.4,44,4.7,2312,4.7
"01125","5","238","75","0","2025","A","",312,3219,212752925,37512102,124254,1271,66098,"",1.15,0.98,1.04,1.03,0.56,1.07,1.07,"",10,3.3,175,5.7,27146036,14.6,3164883,9.2,-27655,-18.2,99,8.4,5132,8.4
"01127","5","238","75","0","2025","A","",62,239,12482961,2562953,15204,1005,52285,"",0.81,0.38,0.39,0.31,0.27,1.04,1.04,"",-4,-6.1,-37,-13.4,-1783092,-12.5,-516989,-16.8,-9490,-38.4,10,1.0,550,1.1
"01129","5","238","75","0","2025","A","",20,101,5145793,1167017,12141,981,51033,"",1.25,0.56,0.31,0.56,0.74,0.55,0.55,"",1,5.3,34,50.7,2054404,66.5,319845,37.8,-1345,-10.0,90,10.1,4720,10.2
"01131","5","238","75","0","2025","A","",9,91,5437316,1178966,3059,1149,59751,"",0.53,1.01,1.01,1.23,0.56,1.00,1.00,"",1,12.5,23,33.8,1347778,33.0,381571,47.9,194,6.8,-3,-0.3,-169,-0.3
"01133","5","238","75","0","2025","A","",24,144,9249511,1450994,7803,1235,64233,"",0.86,0.53,0.64,0.43,0.32,1.21,1.21,"",0,0.0,3,2.1,1378929,17.5,-15,0.0,-879,-10.1,164,15.3,8545,15.3
"01999","5","238","75","0","2025","A","",706,3678,304397597,52300128,315718,1592,82773,"",0.79,1.35,1.20,1.14,0.78,0.89,0.89,"",-80,-10.2,359,10.8,51523253,20.4,6063241,13.1,-121926,-27.9,127,8.7,6593,8.7
"02000","3","238","55","0","2025","A","",0,1,99050,99050,1486,1758,91431,"",0.00,0.46,0.74,29.94,27.68,1.47,1.47,"",-1,-100.0,1,100.0,63050,175.1,63050,175.1,889,148.9,-319,-15.4,-16569,-15.3
"02000","5","238","55","0","2025","A","",1466,7890,700534914,445069810,6699175,1708,88792,"",1.19,0.71,0.83,0.82,0.52,1.18,1.18,"",14,1.0,236,3.1,63281128,9.9,38502718,9.5,339718,5.3,107,6.7,5534,6.6
"02016","5","238","75","0","2025","A","N",3,0,0,0,0,0,0,"N",0.40,0,0,0,0,0,0,"N",1,50.0,0,0,0,0,0,0,0,0,0,0,0,0
"02020","5","238","75","0","2025","A","",536,3714,345688706,209004561,3140358,1790,93075,"",1.25,0.75,0.89,0.86,0.55,1.19,1.19,"",-5,-0.9,29,0.8,32239438,10.3,13035836,6.7,80495,2.6,154,9.4,8010,9.4
"02050","3","238","75","0","2025","A","",0,1,99050,99050,1486,1758,91431,"",0.00,24.72,52.59,2012.52,1793.76,1.96,1.96,"N",0,0,0,0,0,0,0,0,0,0,0,0,0,0
"02060","5","238","75","0","2025","A","N",1,0,0,0,0,0,0,"N",0.18,0,0,0,0,0,0,"N",-2,-66.7,0,0,0,0,0,0,0,0,0,0,0,0
"02063","5","238","75","0","2025","A","N",12,0,0,0,0,0,0,"N",0.62,0,0,0,0,0,0,"N",2,20.0,0,0,0,0,0,0,0,0,0,0,0,0
"02066","5","238","75","0","2025","A","N",5,0,0,0,0,0,0,"N",0.70,0,0,0,0,0,0,"N",0,0.0,0,0,0,0,0,0,0,0,0,0,0,0
"02068","5","238","75","0","2025","A","N",4,0,0,0,0,0,0,"N",0.55,0,0,0,0,0,0,"N",1,33.3,0,0,0,0,0,0,0,0,0,0,0,0
"02070","5","238","75","0","2025","A","N",2,0,0,0,0,0,0,"N",0.27,0,0,0,0,0,0,"N",1,100.0,0,0,0,0,0,0,0,0,0,0,0,0
"02090","5","238","75","0","2025","A","",181,1139,111161985,67185475,1009926,1878,97632,"",1.50,0.92,1.24,1.29,0.82,1.35,1.35,"",3,1.7,-9,-0.8,3443206,3.2,2373780,3.7,7788,0.8,74,4.1,3828,4.1
"02100","5","238","75","0","2025","A","",7,12,547856,441200,6619,860,44723,"",0.86,0.34,0.26,0.27,0.17,0.76,0.76,"N",-1,-12.5,0,0,0,0,0,0,0,0,0,0,0,0
"02105","5","238","75","0","2025","A","N",5,0,0,0,0,0,0,"N",0.73,0,0,0,0,0,0,"N",1,25.0,0,0,0,0,0,0,0,0,0,0,0,0
"02110","5","238","75","0","2025","A","",64,268,20308303,14540908,218108,1460,75895,"",1.12,0.45,0.47,0.61,0.39,1.05,1.05,"",3,4.9,-9,-3.2,656792,3.3,517799,3.7,-774,-0.4,95,7.0,4908,6.9
"02122","5","238","75","0","2025","A","",172,583,41076034,29768129,451377,1354,70416,"",1.46,0.80,0.85,0.98,0.62,1.06,1.06,"",2,1.2,20,3.6,1857995,4.7,2430765,8.9,12084,2.8,15,1.1,778,1.1
"02130","5","238","75","0","2025","A","",24,103,8168981,5400217,81006,1523,79182,"",0.78,0.43,0.51,0.51,0.33,1.20,1.20,"",-4,-14.3,-1,-1.0,907740,12.5,497776,10.2,6412,8.6,178,13.2,9250,13.2
"02150","5","238","75","0","2025","A","",19,68,5414888,3765972,56489,1526,79339,"",0.81,0.36,0.45,0.41,0.24,1.27,1.27,"",-2,-9.5,0,0.0,396433,7.9,398102,11.8,1642,3.0,96,6.7,4992,6.7
"02164","5","238","75","0","2025","A","N",1,0,0,0,0,0,0,"N",0.19,0,0,0,0,0,0,"N",0,0.0,0,0,0,0,0,0,0,0,0,0,0,0
"02170","5","238","75","0","2025","A","",343,1621,126695474,86176637,1303485,1503,78163,"",2.43,1.62,2.06,1.75,1.13,1.28,1.28,"",15,4.6,179,12.4,16031981,14.5,11964726,16.1,142098,12.2,27,1.8,1402,1.8
"02180","5","238","75","0","2025","A","N",4,0,0,0,0,0,0,"N",0.28,0,0,0,0,0,0,"N",1,33.3,0,0,0,0,0,0,0,0,0,0,0,0
"02185","5","238","75","0","2025","A","N",8,0,0,0,0,0,0,"N",0.72,0,0,0,0,0,0,"N",0,0.0,0,0,0,0,0,0,0,0,0,0,0,0
"02188","5","238","75","0","2025","A","",5,42,6935286,3503758,52556,3207,166780,"",0.67,0.42,0.72,0.57,0.36,1.75,1.75,"",1,25.0,-17,-28.8,-2291887,-24.8,-1705262,-32.7,-33207,-38.7,178,5.9,9275,5.9
"02195","5","238","75","0","2025","A","N",5,0,0,0,0,0,0,"N",0.58,0,0,0,0,0,0,"N",1,25.0,0,0,0,0,0,0,0,0,0,0,0,0
"02198","5","238","75","0","2025","A","",12,22,1461204,1224094,18363,1282,66671,"",1.02,0.31,0.36,0.50,0.32,1.16,1.16,"N",2,20.0,0,0,0,0,0,0,0,0,0,0,0,0
"02220","5","238","75","0","2025","A","N",16,0,0,0,0,0,0,"N",0.79,0,0,0,0,0,0,"N",-2,-11.1,0,0,0,0,0,0,0,0,0,0,0,0
"02230","5","238","75","0","2025","A","N",0,0,0,0,0,0,0,"N",0.00,0,0,0,0,0,0,"N",-1,-100.0,0,0,0,0,0,0,0,0,0,0,0,0
"02240","5","238","75","0","2025","A","",8,38,3582765,2248770,33733,1817,94491,"",0.65,0.37,0.38,0.39,0.25,1.03,1.03,"",-2,-20.0,-6,-13.6,-855307,-19.3,-609452,-21.3,-11459,-25.4,-105,-5.5,-5428,-5.4
"02275","5","238","75","0","2025","A","",5,17,799764,711046,10669,923,47986,"",1.03,0.64,0.50,0.91,0.59,0.79,0.79,"",-2,-28.6,-2,-10.5,-155104,-16.2,-90993,-11.3,-1854,-14.8,-27,-2.8,-1404,-2.8
"02282","5","238","75","0","2025","A","N",1,0,0,0,0,0,0,"N",0.48,0,0,0,0,0,0,"N",0,0.0,0,0,0,0,0,0,0,0,0,0,0,0
"02290","5","238","75","0","2025","A","N",4,0,0,0,0,0,0,"N",0.34,0,0,0,0,0,0,"N",1,33.3,0,0,0,0,0,0,0,0,0,0,0,0
"02999","5","238","75","0","2025","A","N",20,0,0,0,0,0,0,"N",0.20,0,0,0,0,0,0,"N",1,5.3,0,0,0,0,0,0,0,0,0,0,0,0
"04000","3","238","55","0","2025","A","N",7,0,0,0,0,0,0,"N",5.07,0,0,0,0,0,0,"N",0,0.0,0,0,0,0,0,0,0,0,0,0,0,0
"04000","5","238","55","0","2025","A","",12462,147899,11270494566,1763530059,22465324,1465,76204,"",1.13,1.37,1.43,1.26,0.96,1.04,1.04,"",293,2.4,-2734,-1.8,156315819,1.4,-38475552,-2.1,-1853569,-7.6,46,3.2,2421,3.3
"04001","5","238","75","0","2025","A","",29,229,15450690,2987450,62708,1298,67470,"",0.95,0.41,0.47,0.78,0.69,1.17,1.17,"N",1,3.6,0,0,0,0,0,0,0,0,0,0,0,0
"04003","5","238","75","0","2025","A","",141,996,55595641,11563578,125648,1073,55800,"",1.12,0.86,0.79,0.98,0.69,0.91,0.91,"",-4,-2.8,-138,-12.2,-7946153,-12.5,-1183776,-9.3,-75759,-37.6,-5,-0.5,-258,-0.5
"04005","3","238","75","0","2025","A","N",1,0,0,0,0,0,0,"N",39.32,0,0,0,0,0,0,"N",0,0.0,0,0,0,0,0,0,0,0,0,0,0,0
"04005","5","238","75","0","2025","A","",254,1997,117951161,23215729,256616,1136,59074,"",1.25,0.90,0.93,0.91,0.69,1.04,1.04,"",4,1.6,-19,-0.9,5895393,5.3,-528862,-2.2,-27803,-9.8,67,6.3,3477,6.3
"04007","5","238","75","0","2025","A","",88,457,27696242,4853636,29472,1164,60549,"",1.60,0.89,0.90,0.83,0.39,1.01,1.01,"",-5,-5.4,-33,-6.7,1036180,3.9,-704438,-12.7,-554,-1.8,117,11.2,6094,11.2
"04009","3","238","75","0","2025","A","N",2,0,0,0,0,0,0,"N",522.13,0,0,0,0,0,0,"N",0,0.0,0,0,0,0,0,0,0,0,0,0,0,0
"04009","5","238","75","0","2025","A","N",40,0,0,0,0,0,0,"N",1.30,0,0,0,0,0,0,"N",-4,-9.1,0,0,0,0,0,0,0,0,0,0,0,0
"04011","5","238","75","0","2025","A","N",6,0,0,0,0,0,0,"N",1.18,0,0,0,0,0,0,"N",0,0.0,0,0,0,0,0,0,0,0,0,0,0,0
"04012","5","238","75","0","2025","A","N",20,0,0,0,0,0,0,"N",0.95,0,0,0,0,0,0,"N",4,25.0,0,0,0,0,0,0,0,0,0,0,0,0
"04013","3","238","75","0","2025","A","N",4,0,0,0,0,0,0,"N",4.62,0,0,0,0,0,0,"N",0,0.0,0,0,0,0,0,0,0,0,0,0,0,0
"04013","5","238","75","0","2025","A","",7780,112986,9092408138,1358554511,17046867,1548,80473,"",1.12,1.48,1.55,1.33,1.06,1.05,1.05,"",125,1.6,-2739,-2.4,65021396,0.7,-36575690,-2.6,-1072569,-5.9,48,3.2,2466,3.2
"04015","5","238","75","0","2025","A","",542,3158,175195461,36957567,494202,1067,55472,"",2.16,1.68,1.75,1.54,1.31,1.04,1.04,"",19,3.6,-90,-2.8,-5819457,-3.2,-1373159,-3.6,-59970,-10.8,-5,-0.5,-253,-0.5
"04017","5","238","75","0","2025","A","",150,1037,55043980,11643778,170489,1021,53067,"",1.55,1.11,1.13,1.26,1.10,1.02,1.02,"",3,2.0,105,11.3,5644522,11.4,562508,5.1,-49113,-22.4,2,0.2,78,0.1
"04019","5","238","75","0","2025","A","",1442,14433,876863497,158824162,1700266,1168,60754,"",1.26,1.11,1.05,1.09,0.84,0.94,0.94,"",14,1.0,-352,-2.4,7521024,0.9,-6607312,-4.0,-449049,-20.9,37,3.3,1953,3.3
"04021","5","238","75","0","2025","A","",425,3624,251222011,45402333,629083,1333,69328,"",1.61,1.35,1.54,1.49,1.20,1.13,1.13,"",57,15.5,286,8.6,30639280,13.9,3496030,8.3,-174768,-21.7,62,4.9,3236,4.9
"04023","5","238","75","0","2025","A","N",39,0,0,0,0,0,0,"N",0.65,0,0,0,0,0,0,"N",0,0.0,0,0,0,0,0,0,0,0,0,0,0,0
"04025","5","238","75","0","2025","A","",649,4005,239921093,45713995,524370,1152,59912,"",1.79,1.68,1.77,1.50,1.10,1.06,1.06,"",7,1.1,-2,0.0,15460837,6.9,-358474,-0.8,2260,0.4,75,7.0,3895,7.0
"04027","3","238","75","0","2025","A","N",0,0,0,0,0,0,0,"N",0.00,0,0,0,0,0,0,"N",0,0,0,0,0,0,0,0,0,0,0,0,0,0
"04027","5","238","75","0","2025","A","",296,2478,135319621,28832937,736049,1050,54599,"",1.53,1.04,1.00,0.95,0.50,0.96,0.96,"",-4,-1.3,88,3.7,13340708,10.9,1720547,6.3,-13482,-1.8,69,7.0,3567,7.0
"04999","5","238","75","0","2025","A","",560,2004,197333145,27941250,582544,1894,98482,"",0.44,0.74,0.69,0.61,0.53,0.93,0.93,"N",75,15.5,0,0,0,0,0,0,0,0,0,0,0,0
"05000","3","238","55","0","2025","A","",1,2,82931,0,0,766,39807,"",1.49,0.24,0.19,0.00,0.00,0.79,0.79,"",0,0.0,0,0.0,2484,3.1,0,0.0,0,0.0,126,19.7,6519,19.6
"05000","5","238","55","0","2025","A","",5644,41814,2661879309,417661693,4844257,1224,63660,"",1.05,0.96,1.00,0.88,0.79,1.04,1.04,"",346,6.5,-15,0.0,81141911,3.1,-4315866,-1.0,-897114,-15.6,38,3.2,1963,3.2
"05001","5","238","75","0","2025","A","",23,129,6325190,1130346,6603,945,49128,"",0.75,0.42,0.38,0.32,0.15,0.90,0.90,"",0,0.0,-5,-3.7,-1523730,-19.4,13629,1.2,1628,32.7,-183,-16.2,-9519,-16.2
"05003","5","238","75","0","2025","A","",16,61,2246101,678132,5757,711,36973,"",0.65,0.30,0.21,0.30,0.17,0.71,0.71,"",0,0.0,-36,-37.1,-2175752,-49.2,-292810,-30.2,-1971,-25.5,-164,-18.7,-8535,-18.8
"05005","5","238","75","0","2025","A","",97,484,21993635,4814106,55656,875,45481,"",1.44,0.88,0.85,0.89,0.80,0.97,0.97,"",10,11.5,56,13.1,2105421,10.6,630965,15.1,8471,18.0,-18,-2.0,-969,-2.1
"05007","5","238","75","0","2025","A","",652,5746,377119815,56721121,614422,1262,65634,"",1.46,1.14,0.82,0.82,0.94,0.72,0.72,"",64,10.9,300,5.5,40247269,11.9,2067694,3.8,-81990,-11.8,73,6.1,3781,6.1
"05009","5","238","75","0","2025","A","",57,424,24219122,4085129,57252,1097,57053,"",1.12,0.90,1.04,0.83,0.90,1.16,1.16,"",4,7.5,-3,-0.7,-193801,-0.8,3783,0.1,-7517,-11.6,-2,-0.2,-87,-0.2
"05011","5","238","75","0","2025","A","N",10,0,0,0,0,0,0,"N",0.60,0,0,0,0,0,0,"N",0,0.0,0,0,0,0,0,0,0,0,0,0,0,0
"05013","5","238","75","0","2025","A","",7,13,561642,128897,636,842,43764,"",1.39,0.11,0.06,0.10,0.11,0.56,0.56,"",0,0.0,-2,-13.3,104132,22.8,8771,7.3,16,2.6,262,45.2,13599,45.1
"05015","5","238","75","0","2025","A","",60,330,17499579,3008419,25920,1020,53016,"",1.48,0.92,1.15,0.78,0.63,1.25,1.24,"",6,11.1,20,6.5,1575836,9.9,296699,10.9,10633,69.6,31,3.1,1566,3.0
"05017","5","238","75","0","2025","A","N",11,0,0,0,0,0,0,"N",0.61,0,0,0,0,0,0,"N",2,22.2,0,0,0,0,0,0,0,0,0,0,0,0
"05019","5","238","75","0","2025","A","",18,67,3940517,649945,13711,1132,58887,"",0.55,0.23,0.29,0.26,0.41,1.24,1.24,"",2,12.5,-5,-6.9,-1886875,-32.4,-28375,-4.2,-1735,-11.2,-421,-27.1,-21862,-27.1
"05021","5","238","75","0","2025","A","",21,104,4699378,1138228,59588,868,45150,"",1.20,1.03,1.08,1.10,2.60,1.05,1.05,"",1,5.0,2,2.0,591327,14.4,79820,7.5,4436,8.0,91,11.7,4743,11.7
"05023","5","238","75","0","2025","A","",46,206,9603179,1934550,27372,898,46674,"",1.45,0.94,1.02,0.77,0.95,1.09,1.09,"",4,9.5,33,19.1,1313223,15.8,389234,25.2,7606,38.5,-24,-2.6,-1268,-2.6
"05025","5","238","75","0","2025","A","N",2,0,0,0,0,0,0,"N",0.33,0,0,0,0,0,0,"N",0,0.0,0,0,0,0,0,0,0,0,0,0,0,0
"05027","5","238","75","0","2025","A","",22,91,4571923,814162,6114,964,50149,"",0.71,0.34,0.34,0.31,0.15,0.99,0.99,"",0,0.0,-11,-10.8,-239281,-5.0,-140080,-14.7,-27,-0.4,61,6.8,3172,6.8
"05029","5","238","75","0","2025","A","",42,444,28533869,3978643,41614,1235,64241,"",1.70,2.09,2.59,1.94,1.72,1.24,1.24,"",1,2.4,31,7.5,1551581,5.8,316197,8.6,-11503,-21.7,-20,-1.6,-1026,-1.6
"05031","5","238","75","0","2025","A","",193,1879,123491226,18835462,237171,1264,65719,"",1.28,1.01,1.25,1.03,1.00,1.24,1.24,"",3,1.6,-45,-2.3,1644145,1.3,-58271,-0.3,-43705,-15.6,46,3.8,2381,3.8
"05033","5","238","75","0","2025","A","",105,645,33952982,6177194,68811,1013,52661,"",1.61,1.08,1.13,0.88,1.03,1.05,1.05,"",10,10.5,-61,-8.6,-4047677,-10.7,-628476,-9.2,-33469,-32.7,-21,-2.0,-1133,-2.1
"05035","5","238","75","0","2025","A","",23,192,11172379,1983857,12691,1120,58215,"",0.42,0.32,0.37,0.27,0.11,1.16,1.16,"",1,4.5,-18,-8.6,-1589085,-12.5,-297360,-13.0,-7835,-38.2,-46,-3.9,-2410,-4.0
"05037","5","238","75","0","2025","A","",18,77,3963780,795477,5551,995,51758,"",0.81,0.49,0.58,0.54,0.24,1.20,1.20,"",2,12.5,0,0.0,227152,6.1,106497,15.5,1508,37.3,67,7.2,3492,7.2
"05039","5","238","75","0","2025","A","N",12,0,0,0,0,0,0,"N",1.13,0,0,0,0,0,0,"N",2,20.0,0,0,0,0,0,0,0,0,0,0,0,0
"05041","5","238","75","0","2025","A","",10,43,2198140,334446,745,985,51219,"",0.47,0.32,0.34,0.27,0.05,1.06,1.06,"",1,11.1,0,0.0,99366,4.7,-17783,-5.0,-454,-37.9,41,4.3,2125,4.3
"05043","5","238","75","0","2025","A","",20,133,7852748,1570060,15915,1136,59080,"",0.77,0.63,0.84,0.77,0.71,1.33,1.33,"",-1,-4.8,-21,-13.6,-962773,-10.9,-120340,-7.1,-2259,-12.4,33,3.0,1712,3.0
"05045","5","238","75","0","2025","A","",284,2217,128835035,21486016,220508,1118,58112,"",1.70,1.44,1.62,1.36,1.05,1.13,1.13,"",11,4.0,106,5.0,16096288,14.3,1722480,8.7,-22245,-9.2,91,8.9,4696,8.8
"05047","5","238","75","0","2025","A","",27,77,2807558,734993,10661,697,36266,"",1.42,0.47,0.37,0.45,0.71,0.79,0.79,"",1,3.8,-8,-9.4,-214231,-7.1,-88360,-10.7,-3673,-25.6,15,2.2,785,2.2
"05049","5","238","75","0","2025","A","",14,32,1367702,465236,7670,826,42964,"",1.32,0.53,0.54,0.94,1.10,1.02,1.02,"",0,0.0,0,0.0,195892,16.7,57041,14.0,1512,24.6,118,16.7,6153,16.7
"05051","5","238","75","0","2025","A","",275,1621,86927151,15449666,201605,1031,53634,"",1.65,1.26,1.43,1.10,1.17,1.14,1.14,"",7,2.6,43,2.7,5055033,6.2,-96314,-0.6,-24695,-10.9,33,3.3,1745,3.4
"05053","5","238","75","0","2025","A","",39,319,25357553,2982728,39804,1530,79574,"",2.13,2.07,3.08,1.82,1.82,1.48,1.49,"",6,18.2,47,17.3,2624367,11.5,365902,14.0,15655,64.8,-79,-4.9,-4106,-4.9
"05055","5","238","75","0","2025","A","",50,371,24834140,4648178,94419,1288,66953,"",1.05,0.72,0.98,0.86,0.80,1.36,1.36,"",1,2.0,30,8.8,3333254,15.5,207828,4.7,2040,2.2,76,6.3,3947,6.3
"05057","5","238","75","0","2025","A","",16,73,3624948,631106,7052,956,49714,"",0.65,0.28,0.30,0.24,0.34,1.06,1.06,"",-2,-11.1,-56,-43.4,-2663876,-42.4,-723162,-53.4,-4090,-36.7,15,1.6,805,1.6
"05059","5","238","75","0","2025","A","",56,212,8806865,2112337,39638,798,41493,"",1.81,0.83,0.69,0.88,1.44,0.82,0.83,"",4,7.7,37,21.1,1867025,26.9,524072,33.0,8986,29.3,35,4.6,1818,4.6
"05061","5","238","75","0","2025","A","",10,90,4604098,954960,10764,980,50968,"",0.60,0.47,0.51,0.49,0.70,1.08,1.08,"",-1,-9.1,22,32.4,1539949,50.3,276922,40.8,-4264,-28.4,120,14.0,6236,13.9
"05063","5","238","75","0","2025","A","",44,379,23664253,4071611,134818,1202,62480,"",0.93,0.64,0.78,0.66,1.69,1.22,1.22,"",1,2.3,-35,-8.5,-1633327,-6.5,-461500,-10.2,3376,2.6,25,2.1,1301,2.1
"05065","5","238","75","0","2025","A","",16,86,4845874,899059,12090,1087,56512,"",1.24,0.87,1.11,0.97,0.84,1.27,1.27,"",2,14.3,14,19.4,1470961,43.6,213381,31.1,6089,101.5,181,20.0,9420,20.0
"05067","5","238","75","0","2025","A","",13,77,4670446,679609,18963,1160,60329,"",0.64,0.45,0.53,0.44,0.71,1.17,1.17,"",0,0.0,3,4.1,407963,9.6,18999,2.9,2823,17.5,54,4.9,2793,4.9
"05069","5","238","75","0","2025","A","",67,301,15283263,2743650,17433,977,50803,"",0.82,0.36,0.34,0.37,0.21,0.94,0.94,"",2,3.1,-9,-2.9,-1248464,-7.6,-112397,-3.9,-6576,-27.4,-49,-4.8,-2539,-4.8
"05071","5","238","75","0","2025","A","",34,190,8436212,1846444,9346,852,44285,"",1.33,0.72,0.73,0.81,0.46,1.01,1.01,"",0,0.0,-18,-8.7,-525961,-5.9,-77074,-4.0,-9112,-49.4,22,2.7,1146,2.7
"05073","5","238","75","0","2025","A","N",9,0,0,0,0,0,0,"N",1.12,0,0,0,0,0,0,"N",1,12.5,0,0,0,0,0,0,0,0,0,0,0,0
"05075","5","238","75","0","2025","A","",20,128,10308993,1502036,25756,1554,80802,"",0.95,0.93,1.68,1.07,1.09,1.82,1.82,"",1,5.3,-10,-7.2,-1378566,-11.8,-7730,-0.5,15938,162.3,-71,-4.4,-3686,-4.4
"05077","5","238","75","0","2025","A","N",4,0,0,0,0,0,0,"N",0.38,0,0,0,0,0,0,"N",1,33.3,0,0,0,0,0,0,0,0,0,0,0,0
"05079","5","238","75","0","2025","A","",10,37,1453401,328976,8287,762,39638,"",0.90,0.44,0.36,0.47,0.80,0.82,0.82,"",-2,-16.7,-4,-9.8,-66808,-4.4,-9004,-2.7,2106,34.1,56,7.9,2933,8.0
"05081","5","238","75","0","2025","A","",8,27,1711471,261767,6847,1215,63193,"",0.64,0.27,0.28,0.26,0.65,1.04,1.04,"N",1,14.3,0,0,0,0,0,0,0,0,0,0,0,0
"05083","5","238","75","0","2025","A","",26,139,7598581,1414136,14748,1052,54699,"",1.13,0.82,1.05,0.96,1.04,1.27,1.27,"",3,13.0,24,20.9,1466691,23.9,296803,26.6,-3116,-17.4,27,2.6,1378,2.6
"05085","5","238","75","0","2025","A","",126,748,41687531,7391269,75881,1072,55769,"",1.72,1.40,1.79,1.32,1.08,1.28,1.28,"",7,5.9,-7,-0.9,2138920,5.4,161566,2.2,-6433,-7.8,64,6.3,3364,6.4
"05087","5","238","75","0","2025","A","",39,178,9258234,1728884,21551,1003,52159,"",2.66,1.47,1.65,1.20,1.62,1.12,1.12,"",2,5.4,8,4.7,-27095,-0.3,-19331,-1.1,-3243,-13.1,-46,-4.4,-2407,-4.4
"05089","5","238","75","0","2025","A","",31,66,3192736,595762,7999,928,48253,"",1.99,0.64,0.71,0.59,0.35,1.11,1.11,"",3,10.7,-9,-12.0,-2603,-0.1,-145216,-19.6,-464,-5.5,111,13.6,5790,13.6
"05091","5","238","75","0","2025","A","",51,398,23786429,3857239,72075,1150,59802,"",1.11,0.98,1.12,0.83,1.49,1.14,1.14,"",2,4.1,-43,-9.8,-822909,-3.3,-263841,-6.4,-21496,-23.0,77,7.2,3999,7.2
"05093","3","238","75","0","2025","A","",1,2,82931,0,0,766,39807,"",154.71,15.57,10.16,0.00,0.00,0.63,0.63,"",0,0.0,0,0.0,2484,3.1,0,0.0,0,0.0,126,19.7,6519,19.6
"05093","5","238","75","0","2025","A","",32,932,79445613,11901048,155485,1640,85257,"",0.62,1.41,1.55,1.38,0.96,1.10,1.10,"",4,14.3,-59,-6.0,-4141224,-5.0,-466700,-3.8,4294,2.8,18,1.1,904,1.1
"05095","5","238","75","0","2025","A","N",4,0,0,0,0,0,0,"N",0.35,0,0,0,0,0,0,"N",0,0.0,0,0,0,0,0,0,0,0,0,0,0,0
"05097","5","238","75","0","2025","A","",18,41,1670208,387816,8128,782,40654,"",1.96,0.96,1.03,0.99,1.40,1.08,1.08,"",1,5.9,3,7.9,222886,15.4,-19688,-4.8,-268,-3.2,50,6.8,2567,6.7
"05099","5","238","75","0","2025","A","N",5,0,0,0,0,0,0,"N",0.54,0,0,0,0,0,0,"N",-1,-16.7,0,0,0,0,0,0,0,0,0,0,0,0
"05101","5","238","75","0","2025","A","N",2,0,0,0,0,0,0,"N",0.33,0,0,0,0,0,0,"N",-1,-33.3,0,0,0,0,0,0,0,0,0,0,0,0
"05103","5","238","75","0","2025","A","N",32,0,0,0,0,0,0,"N",1.15,0,0,0,0,0,0,"N",1,3.2,0,0,0,0,0,0,0,0,0,0,0,0
"05105","5","238","75","0","2025","A","",18,62,2933007,606390,5828,909,47243,"",2.18,1.72,1.81,1.88,1.96,1.05,1.05,"",4,28.6,7,12.7,598287,25.6,37220,6.5,2190,60.2,96,11.8,4986,11.8
"05107","5","238","75","0","2025","A","",13,37,1668736,336657,4508,862,44798,"",0.46,0.26,0.27,0.23,0.19,1.05,1.05,"",-1,-7.1,-15,-28.8,-223327,-11.8,-96146,-22.2,-24,-0.5,165,23.7,8528,23.5
"05109","5","238","75","0","2025","A","",14,49,1505836,424963,7528,591,30731,"",1.10,0.60,0.43,0.54,0.85,0.72,0.72,"",3,27.3,-1,-2.0,-61032,-3.9,-83990,-16.5,-681,-8.3,-7,-1.2,-347,-1.1
"05111","5","238","75","0","2025","A","",22,71,3247064,707757,8881,874,45466,"",0.93,0.40,0.35,0.39,0.32,0.88,0.88,"",1,4.8,9,14.5,365076,12.7,-4386,-0.6,849,10.6,-14,-1.6,-707,-1.5
"05113","5","238","75","0","2025","A","",28,163,9220316,1520790,10208,1087,56509,"",1.12,0.85,1.11,0.86,0.45,1.31,1.31,"",2,7.7,-27,-14.2,-764818,-7.7,-493096,-24.5,-12519,-55.1,79,7.8,4071,7.8
"05115","5","238","75","0","2025","A","",110,661,41589911,6198883,66672,1210,62920,"",1.26,0.74,0.89,0.64,0.51,1.21,1.21,"",-4,-3.5,-36,-5.2,563965,1.4,-637406,-9.3,-4981,-7.0,78,6.9,4073,6.9
"05117","5","238","75","0","2025","A","",10,50,2544131,526264,5363,987,51310,"",0.97,1.04,1.14,1.18,0.89,1.11,1.11,"",0,0.0,11,28.2,602914,31.1,134812,34.4,1127,26.6,24,2.5,1214,2.4
"05119","5","238","75","0","2025","A","",611,6605,465267812,62733864,580732,1355,70446,"",0.85,0.75,0.81,0.74,0.54,1.07,1.07,"",14,2.3,193,3.0,32366185,7.5,-505175,-0.8,-82892,-12.5,57,4.4,2933,4.3
"05121","5","238","75","0","2025","A","",16,33,1278186,302987,1692,737,38346,"",0.82,0.15,0.14,0.13,0.06,0.92,0.92,"",3,23.1,5,17.9,282032,28.3,77611,34.4,191,12.7,63,9.3,3291,9.4
"05123","5","238","75","0","2025","A","",18,123,6713460,1020271,5005,1052,54692,"",0.62,0.55,0.60,0.48,0.22,1.10,1.10,"",3,20.0,29,30.9,1502714,28.8,180867,21.5,-7664,-60.5,-12,-1.1,-643,-1.2
"05125","5","238","75","0","2025","A","",267,1997,123446926,19123796,158402,1189,61824,"",2.06,2.09,2.66,1.76,1.17,1.27,1.27,"",18,7.2,31,1.6,9076017,7.9,938802,5.2,-5889,-3.6,70,6.3,3655,6.3
"05127","5","238","75","0","2025","A","N",8,0,0,0,0,0,0,"N",0.89,0,0,0,0,0,0,"N",1,14.3,0,0,0,0,0,0,0,0,0,0,0,0
"05129","5","238","75","0","2025","A","N",3,0,0,0,0,0,0,"N",0.35,0,0,0,0,0,0,"N",0,0.0,0,0,0,0,0,0,0,0,0,0,0,0
"05131","5","238","75","0","2025","A","",187,1856,104389835,17630949,168204,1082,56239,"",1.01,0.82,0.83,0.74,0.61,1.01,1.01,"",-5,-2.6,-34,-1.8,2386663,2.3,364733,2.1,4408,2.7,44,4.2,2281,4.2
"05133","5","238","75","0","2025","A","",13,149,9219571,1501198,6819,1191,61946,"",0.81,0.90,1.24,0.84,0.43,1.37,1.37,"",0,0.0,26,21.1,1160156,14.4,335192,28.7,-2940,-30.1,-65,-5.2,-3356,-5.1
"05135","5","238","75","0","2025","A","",20,131,6813714,1287220,58826,1002,52113,"",0.98,0.99,1.24,1.05,3.16,1.26,1.26,"",1,5.3,45,52.3,2874282,73.0,439903,51.9,14492,32.7,126,14.4,6570,14.4
"05137","5","238","75","0","2025","A","",18,32,1210479,386717,6258,724,37631,"",1.22,0.36,0.35,0.49,0.51,0.96,0.96,"",4,28.6,7,28.0,315450,35.2,88694,29.8,1726,38.1,40,5.8,2067,5.8
"05139","5","238","75","0","2025","A","",46,648,53196901,6877104,79860,1580,82147,"",0.79,1.21,1.58,1.15,1.05,1.31,1.31,"",2,4.5,-4,-0.6,3810646,7.7,-200188,-2.8,1724,2.2,122,8.4,6353,8.4
"05141","5","238","75","0","2025","A","",25,74,3033554,700315,14236,789,41040,"",1.48,0.60,0.54,0.62,0.83,0.90,0.90,"",0,0.0,-35,-32.1,-1731720,-36.3,-368645,-34.5,-6882,-32.6,-52,-6.2,-2678,-6.1
"05143","5","238","75","0","2025","A","",477,5917,394237365,56710349,520691,1281,66623,"",1.31,1.45,1.58,1.32,1.14,1.09,1.09,"",31,7.0,162,2.8,24442199,6.6,1441856,2.6,-82823,-13.7,45,3.6,2365,3.7
"05145","5","238","75","0","2025","A","",122,838,43442043,9634685,136275,997,51850,"",1.32,0.94,1.03,1.14,1.18,1.09,1.09,"",5,4.3,-120,-12.5,-4877175,-10.1,-2261087,-19.0,-59507,-30.4,27,2.8,1434,2.8
"05147","5","238","75","0","2025","A","N",5,0,0,0,0,0,0,"N",0.54,0,0,0,0,0,0,"N",0,0.0,0,0,0,0,0,0,0,0,0,0,0,0
"05149","5","238","75","0","2025","A","",32,221,10284479,2308390,17631,895,46554,"",1.53,1.03,1.10,1.13,1.39,1.07,1.07,"",5,18.5,3,1.4,228117,2.3,32956,1.4,2645,17.6,9,1.0,459,1.0
"05999","5","238","75","0","2025","A","",733,1927,151512640,25644742,437416,1512,78609,"",0.59,0.98,0.85,0.90,0.59,0.86,0.86,"",93,14.5,-569,-22.8,-52898957,-25.9,-7213824,-22.0,-451364,-50.8,-63,-4.0,-3287,-4.0
"06000","5","238","55","0","2025","A","",59271,589300,50778912782,6247277623,268900881,1657,86168,"",0.65,0.97,0.86,0.93,0.74,0.89,0.89,"",1755,3.1,-16316,-2.7,403221844,0.8,-191628524,-3.0,6219039,2.4,57,3.6,2987,3.6
"06001","5","238","75","0","2025","A","",2023,30452,3298769222,313576766,14821271,2083,108326,"",0.56,1.16,1.23,1.10,0.98,1.06,1.06,"",42,2.1,-1910,-5.9,-61338684,-1.8,-22183759,-6.6,-443788,-2.9,86,4.3,4498,4.3
"06003","5","238","75","0","2025","A","N",1,0,0,0,0,0,0,"N",0.22,0,0,0,0,0,0,"N",1,100.0,0,0,0,0,0,0,0,0,0,0,0,0
"06005","5","238","75","0","2025","A","",70,236,18249948,2491320,106716,1490,77494,"",1.05,0.58,0.73,0.75,0.59,1.26,1.26,"",0,0.0,-15,-6.0,4138772,29.3,-183555,-6.9,8160,8.3,407,37.6,21199,37.7
"06007","5","238","75","0","2025","A","",378,2348,166222115,25155721,1168192,1362,70806,"",0.86,0.89,1.06,1.05,0.86,1.19,1.19,"",9,2.4,-61,-2.5,-503163,-0.3,-1844852,-6.8,3360,0.3,31,2.3,1604,2.3
"06009","5","238","75","0","2025","A","",124,533,37475054,5763812,270819,1353,70365,"",1.73,1.57,1.84,1.82,1.46,1.17,1.17,"",-6,-4.6,-57,-9.7,-1831859,-4.7,-1046217,-15.4,-54760,-16.8,73,5.7,3790,5.7
"06011","5","238","75","0","2025","A","",24,81,6273545,820672,25793,1493,77611,"",0.47,0.26,0.32,0.21,0.09,1.26,1.26,"",-1,-4.0,-1,-1.2,900449,16.8,-8950,-1.1,-1704,-6.2,237,18.9,12285,18.8
"06013","5","238","75","0","2025","A","",1629,14636,1368101503,160413990,6938545,1798,93476,"",0.82,1.17,1.25,1.16,1.00,1.07,1.07,"",44,2.8,-1041,-6.6,-53652877,-3.8,-11689553,-6.8,-210627,-2.9,54,3.1,2784,3.1
"06015","5","238","75","0","2025","A","",25,134,8006502,1167406,41291,1153,59936,"",0.59,0.48,0.49,0.53,0.33,1.04,1.04,"",0,0.0,2,1.5,1011897,14.5,-153647,-11.6,-3359,-7.5,133,13.0,6880,13.0
"06017","5","238","75","0","2025","A","",480,4260,342646190,43970832,2012082,1547,80433,"",1.47,2.15,2.53,2.05,1.65,1.17,1.17,"",15,3.2,-227,-5.1,5563473,1.7,-2992191,-6.4,42020,2.1,102,7.1,5313,7.1
"06019","5","238","75","0","2025","A","",1320,15034,1127855278,155557103,7561890,1443,75019,"",0.60,1.05,1.30,1.02,0.81,1.24,1.24,"",44,3.4,-437,-2.8,14177312,1.3,-5910610,-3.7,205926,2.8,59,4.3,3033,4.2
"06021","5","238","75","0","2025","A","",38,176,11018709,1737189,78440,1207,62755,"",0.59,0.54,0.61,0.49,0.36,1.13,1.13,"",2,5.6,-10,-5.4,607059,5.8,-130091,-7.0,-2625,-3.2,132,12.3,6854,12.3
"06023","5","238","75","0","2025","A","",192,1323,97163682,14101615,616831,1412,73447,"",0.53,0.76,0.97,0.90,0.75,1.27,1.28,"",2,1.1,53,4.2,9643407,11.0,813552,6.1,54157,9.6,86,6.5,4515,6.5
"06025","5","238","75","0","2025","A","",128,1107,76726567,12325323,659522,1333,69300,"",0.26,0.49,0.60,0.53,0.43,1.23,1.23,"",4,3.2,-38,-3.3,3271607,4.5,3377,0.0,21635,3.4,99,8.0,5129,8.0
"06027","5","238","75","0","2025","A","",41,180,13092055,2076332,84921,1397,72633,"",1.00,0.70,0.81,0.87,0.71,1.16,1.16,"",6,17.1,-16,-8.2,-1437822,-9.9,-117212,-5.3,-8874,-9.5,-32,-2.2,-1689,-2.3
"06029","5","238","75","0","2025","A","",1020,10406,759335135,108146966,5164200,1403,72974,"",0.72,0.90,1.06,0.84,0.61,1.18,1.18,"",41,4.2,133,1.3,41316484,5.8,1112834,1.0,371127,7.7,59,4.4,3081,4.4
"06031","5","238","75","0","2025","A","",95,783,53292888,7873399,338208,1309,68070,"",0.36,0.45,0.53,0.46,0.30,1.19,1.19,"",4,4.4,81,11.5,6818622,14.7,844999,12.0,52271,18.3,36,2.8,1867,2.8
"06033","5","238","75","0","2025","A","",128,432,29614673,4505308,194147,1319,68605,"",0.70,0.73,0.89,0.79,0.57,1.22,1.22,"",4,3.2,-40,-8.5,-19899,-0.1,-436537,-8.8,4447,2.3,111,9.2,5776,9.2
"06035","5","238","75","0","2025","A","",26,100,5940113,1094654,48359,1139,59204,"",0.74,0.33,0.33,0.62,0.48,0.99,0.99,"",-2,-7.1,4,4.2,934631,18.7,18003,1.7,2371,5.2,141,14.1,7334,14.1
"06037","5","238","75","0","2025","A","",11621,93730,7517496237,988810740,39702487,1542,80204,"",0.41,0.62,0.58,0.59,0.46,0.93,0.93,"",385,3.4,-2886,-3.0,67259365,0.9,-34267329,-3.3,893250,2.3,59,4.0,3092,4.0
"06039","5","238","75","0","2025","A","",212,1532,111921591,15872344,698982,1405,73056,"",0.75,0.79,0.99,0.73,0.48,1.26,1.26,"",1,0.5,-6,-0.4,3551814,3.3,-401763,-2.5,-43455,-5.9,50,3.7,2575,3.7
"06041","5","238","75","0","2025","A","",509,3891,354821212,38801610,1481900,1754,91182,"",0.80,1.06,1.01,0.98,0.76,0.96,0.96,"",11,2.2,-39,-1.0,3431661,1.0,-1625844,-4.0,10128,0.7,35,2.0,1774,2.0
"06043","5","238","75","0","2025","A","",32,101,6336165,1273523,50276,1210,62942,"",1.01,0.49,0.57,0.69,0.37,1.16,1.16,"",0,0.0,0,0.0,528566,9.1,203046,19.0,8749,21.1,101,9.1,5298,9.2
"06045","5","238","75","0","2025","A","",148,807,55860394,8383201,358397,1331,69227,"",0.67,0.75,0.94,0.83,0.66,1.25,1.25,"",6,4.2,53,7.0,8197970,17.2,494430,6.3,48116,15.5,115,9.5,5993,9.5
"06047","5","238","75","0","2025","A","",309,2206,137727987,23455801,1062305,1201,62429,"",0.73,0.77,0.84,0.77,0.55,1.10,1.10,"",19,6.6,-21,-0.9,5389809,4.1,874235,3.9,141109,15.3,58,5.1,3011,5.1
"06049","5","238","75","0","2025","A","N",8,0,0,0,0,0,0,"N",0.41,0,0,0,0,0,0,"N",0,0.0,0,0,0,0,0,0,0,0,0,0,0,0
"06051","5","238","75","0","2025","A","",51,314,21115746,3623020,147591,1295,67355,"",1.43,1.15,1.43,1.12,0.67,1.25,1.25,"",0,0.0,18,6.1,1924715,10.0,389452,12.0,38443,35.2,48,3.8,2520,3.9
"06053","5","238","75","0","2025","A","",730,4465,342479190,46196368,1839875,1475,76704,"",0.94,0.67,0.81,0.59,0.35,1.20,1.20,"",28,4.0,126,2.9,30476993,9.8,1910751,4.3,174232,10.5,92,6.7,4793,6.7
"06055","5","238","75","0","2025","A","",284,2507,249658471,25306008,1140296,1915,99591,"",0.87,0.95,1.29,0.84,0.71,1.36,1.36,"",1,0.4,-24,-0.9,19068014,8.3,-863109,-3.3,10743,1.0,163,9.3,8470,9.3
"06057","5","238","75","0","2025","A","",338,1820,130134042,20902934,857643,1375,71515,"",1.53,1.57,1.71,1.66,1.26,1.09,1.09,"",12,3.7,-58,-3.1,303222,0.2,-389698,-1.8,23574,2.8,45,3.4,2376,3.4
"06059","5","238","75","0","2025","A","",5318,71320,6455705397,753076675,31244059,1741,90517,"",0.71,1.28,1.37,1.15,0.94,1.07,1.07,"",133,2.6,-1858,-2.5,141048306,2.2,-18071008,-2.3,124111,0.4,82,4.9,4225,4.9
"06061","5","238","75","0","2025","A","",1029,12091,934511424,130875514,5499584,1486,77291,"",1.30,1.92,1.96,1.89,1.49,1.02,1.02,"",21,2.1,-355,-2.9,4215924,0.5,-4302412,-3.2,-58519,-1.1,49,3.4,2547,3.4
"06063","5","238","75","0","2025","A","",54,264,19341710,3002102,162400,1407,73149,"",1.16,1.19,1.39,1.41,1.11,1.16,1.16,"",-1,-1.8,37,16.3,3269343,20.3,471550,18.6,26881,19.8,45,3.3,2320,3.3
"06065","5","238","75","0","2025","A","",4506,49762,3465203921,539977652,21760026,1339,69636,"",1.03,1.76,2.00,1.77,1.35,1.14,1.14,"",173,4.0,-3385,-6.4,-52093222,-1.5,-42870717,-7.4,-223238,-1.0,66,5.2,3456,5.2
"06067","5","238","75","0","2025","A","",2420,30922,2552403353,324352788,14764335,1587,82542,"",0.66,1.26,1.27,1.50,1.27,1.01,1.01,"",66,2.8,-1662,-5.1,-55495264,-2.1,-14978553,-4.4,123993,0.8,48,3.1,2505,3.1
"06069","5","238","75","0","2025","A","",176,1121,81094261,12856565,531412,1391,72352,"",1.78,1.79,2.12,1.91,1.25,1.18,1.18,"",14,8.6,-108,-8.8,-8439364,-9.4,235013,1.9,38058,7.7,-10,-0.7,-494,-0.7
"06071","5","238","75","0","2025","A","",2924,28028,2247130976,303004825,12798809,1542,80174,"",0.75,0.99,1.24,1.03,0.84,1.26,1.26,"",99,3.5,-1042,-3.6,25470561,1.1,-12014994,-3.8,189722,1.5,72,4.9,3748,4.9
"06073","5","238","75","0","2025","A","",5560,60453,4909371581,649168307,28613252,1562,81210,"",0.84,1.18,1.12,1.21,1.02,0.95,0.95,"",112,2.1,-682,-1.1,167749905,3.5,-3640491,-0.6,1344788,4.9,70,4.7,3650,4.7
"06075","5","238","75","0","2025","A","",842,9262,1092147759,103485462,5023370,2268,117920,"",0.26,0.40,0.24,0.39,0.33,0.60,0.60,"",-2,-0.2,141,1.5,9985631,0.9,-2332534,-2.2,30593,0.6,-14,-0.6,-731,-0.6
"06077","5","238","75","0","2025","A","",1012,9874,813800002,107126978,5023105,1585,82419,"",0.91,1.02,1.31,1.02,0.84,1.29,1.29,"",22,2.2,-440,-4.3,17725367,2.2,-4582337,-4.1,3118,0.1,101,6.8,5233,6.8
"06079","5","238","75","0","2025","A","",733,4921,374335219,48893565,1913312,1463,76066,"",1.27,1.21,1.42,1.15,0.93,1.18,1.18,"",12,1.7,-3,-0.1,27733258,8.0,-538296,-1.1,137674,7.8,109,8.1,5672,8.1
"06081","5","238","75","0","2025","A","",1139,9114,916863913,95630024,3743730,1935,100601,"",0.73,0.66,0.31,0.57,0.42,0.47,0.47,"",49,4.5,74,0.8,44696718,5.1,4593836,5.0,391668,11.7,80,4.3,4120,4.3
"06083","5","238","75","0","2025","A","",947,7125,503445633,73886022,2655349,1359,70656,"",1.09,0.99,0.96,0.95,0.65,0.97,0.97,"",37,4.1,-25,-0.3,24367578,5.1,44235,0.1,170026,6.8,70,5.4,3652,5.5
"06085","5","238","75","0","2025","A","",2551,36245,4548407800,399898309,18395789,2413,125489,"",0.62,0.97,0.57,0.91,0.79,0.59,0.59,"",79,3.2,-963,-2.6,-366447607,-7.5,-14985591,-3.6,975609,5.6,-127,-5.0,-6603,-5.0
"06087","5","238","75","0","2025","A","",546,3206,238611318,31288300,1214043,1431,74419,"",1.09,0.92,0.97,0.84,0.59,1.06,1.06,"",14,2.6,-20,-0.6,5187871,2.2,-346517,-1.1,95523,8.5,40,2.9,2070,2.9
"06089","5","238","75","0","2025","A","",378,2588,173937817,27468658,1301142,1293,67214,"",0.90,1.08,1.18,1.11,0.94,1.10,1.10,"",8,2.2,-28,-1.1,1499955,0.9,-266865,-1.0,-21301,-1.6,25,2.0,1297,2.0
"06091","5","238","75","0","2025","A","N",10,0,0,0,0,0,0,"N",1.51,0,0,0,0,0,0,"N",2,25.0,0,0,0,0,0,0,0,0,0,0,0,0
"06093","5","238","75","0","2025","A","",62,311,19918566,3110565,148745,1233,64116,"",0.74,0.67,0.76,0.66,0.50,1.14,1.14,"",0,0.0,11,3.7,1156292,6.2,56531,1.9,5352,3.7,32,2.7,1679,2.7
"06095","5","238","75","0","2025","A","",596,6754,584050612,68688282,3205781,1663,86478,"",0.87,1.40,1.65,1.33,1.16,1.18,1.18,"",9,1.5,-54,-0.8,7801592,1.4,-1643148,-2.3,-7200,-0.2,35,2.1,1836,2.2
"06097","5","238","75","0","2025","A","",1432,10718,917473165,109229049,4510596,1646,85602,"",1.34,1.55,1.81,1.46,1.19,1.17,1.17,"",37,2.7,-19,-0.2,36321654,4.1,2106306,2.0,329534,7.9,68,4.3,3533,4.3
"06099","5","238","75","0","2025","A","",796,7274,550832258,78230853,3581755,1456,75722,"",0.90,1.09,1.27,1.08,0.88,1.17,1.17,"",35,4.6,-20,-0.3,24427328,4.6,-225636,-0.3,133292,3.9,68,4.9,3553,4.9
"06101","5","238","75","0","2025","A","",160,907,61600557,10301842,444053,1307,67948,"",0.77,0.82,0.98,0.79,0.53,1.19,1.19,"",4,2.6,-72,-7.4,-406629,-0.7,-455942,-4.2,35674,8.7,89,7.3,4605,7.3
"06103","5","238","75","0","2025","A","",87,591,58337474,6126598,325400,1899,98752,"",0.74,0.90,1.47,0.93,0.78,1.64,1.64,"",3,3.6,42,7.7,7347757,14.4,467567,8.3,47470,17.1,112,6.3,5832,6.3
"06105","5","238","75","0","2025","A","N",10,0,0,0,0,0,0,"N",0.47,0,0,0,0,0,0,"N",-1,-9.1,0,0,0,0,0,0,0,0,0,0,0,0
"06107","5","238","75","0","2025","A","",536,5310,343655576,51267646,2408677,1245,64718,"",0.73,0.91,1.07,0.75,0.53,1.18,1.18,"",33,6.6,28,0.5,24741517,7.8,-1847214,-3.5,138839,6.1,84,7.2,4341,7.2
"06109","5","238","75","0","2025","A","",124,540,40641770,6002366,274899,1447,75263,"",1.35,0.88,1.09,1.04,0.83,1.24,1.24,"",3,2.5,-2,-0.4,3883755,10.6,192789,3.3,29913,12.2,143,11.0,7433,11.0
"06111","5","238","75","0","2025","A","",1710,11678,876535387,121305641,4493365,1443,75056,"",1.09,1.04,1.08,0.98,0.71,1.04,1.04,"",55,3.3,104,0.9,57481762,7.0,834957,0.7,295452,7.0,82,6.0,4290,6.1
"06113","5","238","75","0","2025","A","",270,2809,242278027,31715614,1463395,1659,86258,"",0.68,0.77,0.83,0.97,0.79,1.08,1.08,"",7,2.7,19,0.7,26120701,12.1,910852,3.0,114952,8.5,169,11.3,8782,11.3
"06115","5","238","75","0","2025","A","",111,715,50644319,8601839,381736,1362,70806,"",1.07,1.02,1.03,1.65,1.26,1.01,1.01,"",8,7.8,38,5.6,4905879,10.7,502117,6.2,50185,15.1,63,4.8,3262,4.8
"06999","5","238","75","0","2025","A","",1245,11696,1351963481,114176718,5496210,2223,115592,"",0.34,0.59,0.43,0.39,0.29,0.74,0.74,"N",51,4.3,0,0,0,0,0,0,0,0,0,0,0,0
"08000","5","238","55","0","2025","A","",14456,119548,9275015639,3853520178,101994212,1492,77584,"",1.18,1.24,1.14,1.11,0.90,0.92,0.92,"",-287,-1.9,-3177,-2.6,194954851,2.1,310854260,8.8,18788558,22.6,69,4.8,3597,4.9
"08001","5","238","75","0","2025","A","",1526,19605,1638978095,656428716,20044045,1608,83598,"",2.19,2.35,2.60,2.32,2.13,1.11,1.11,"",-22,-1.4,-468,-2.3,21954588,1.4,61028049,10.2,4642067,30.1,59,3.8,3042,3.8
"08003","5","238","75","0","2025","A","",32,252,14490235,6540260,140672,1104,57406,"",1.05,0.92,1.05,0.81,0.69,1.13,1.13,"",0,0.0,-4,-1.6,-126170,-0.9,588320,9.9,37752,36.7,5,0.5,255,0.4
"08005","5","238","75","0","2025","A","",1453,14058,1161505952,459641900,11215103,1589,82624,"",1.13,1.23,1.15,1.08,0.81,0.93,0.93,"",-33,-2.2,-875,-5.9,-20090262,-1.7,23359830,5.4,2092136,22.9,67,4.4,3500,4.4
"08007","5","238","75","0","2025","A","",56,376,25647153,12029883,320992,1313,68301,"",1.67,2.29,3.04,1.68,1.92,1.33,1.33,"",-5,-8.2,-39,-9.4,-2313380,-8.3,438571,3.8,52631,19.6,17,1.3,926,1.4
"08009","5","238","75","0","2025","A","",9,35,1645322,1020004,19379,893,46456,"",1.50,0.90,1.03,0.67,0.89,1.13,1.13,"",-1,-10.0,-3,-7.9,-66527,-3.9,-38602,-3.6,-3602,-15.7,23,2.6,1209,2.7
"08011","5","238","75","0","2025","A","N",2,0,0,0,0,0,0,"N",0.44,0,0,0,0,0,0,"N",0,0.0,0,0,0,0,0,0,0,0,0,0,0,0
"08013","5","238","75","0","2025","A","",459,3183,239152046,101286450,2172059,1445,75142,"",0.50,0.50,0.37,0.47,0.29,0.74,0.74,"",-36,-7.3,-268,-7.8,-4903599,-2.0,4572121,4.7,274012,14.4,85,6.2,4425,6.3
"08014","5","238","75","0","2025","A","",132,826,60737262,24926993,547752,1414,73547,"",0.76,0.61,0.37,0.44,0.25,0.62,0.62,"",7,5.6,-2,-0.2,4574228,8.1,2890605,13.1,126287,30.0,110,8.4,5724,8.4
"08015","5","238","75","0","2025","A","",102,309,18794917,9140746,234153,1170,60825,"",1.66,0.99,1.10,0.89,0.84,1.12,1.12,"",1,1.0,25,8.8,2236327,13.5,1510810,19.8,57445,32.5,50,4.5,2606,4.5
"08017","5","238","75","0","2025","A","N",2,0,0,0,0,0,0,"N",0.44,0,0,0,0,0,0,"N",0,0.0,0,0,0,0,0,0,0,0,0,0,0,0
"08019","5","238","75","0","2025","A","",17,43,2762545,1336905,47294,1238,64370,"",0.86,0.37,0.35,0.32,0.35,0.93,0.93,"",-2,-10.5,-6,-12.2,58627,2.2,-13378,-1.0,17407,58.2,170,15.9,8810,15.9
"08021","5","238","75","0","2025","A","",16,73,3365160,1871889,37892,890,46256,"",1.64,1.33,1.42,0.97,0.78,1.07,1.07,"",0,0.0,2,2.8,360335,12.0,205656,12.3,1388,3.8,80,9.9,4132,9.8
"08023","5","238","75","0","2025","A","N",2,0,0,0,0,0,0,"N",0.35,0,0,0,0,0,0,"N",-1,-33.3,0,0,0,0,0,0,0,0,0,0,0,0
"08025","5","238","75","0","2025","A","N",3,0,0,0,0,0,0,"N",0.84,0,0,0,0,0,0,"N",0,0.0,0,0,0,0,0,0,0,0,0,0,0,0
"08027","5","238","75","0","2025","A","",19,68,3633506,1967639,51350,1028,53434,"",1.85,1.98,2.25,1.62,1.81,1.14,1.14,"",-1,-5.0,4,6.2,467266,14.8,387562,24.5,15211,42.1,79,8.3,4090,8.3
"08029","5","238","75","0","2025","A","",94,501,33033213,15329214,359671,1267,65891,"",1.86,1.70,2.25,1.42,1.46,1.32,1.32,"",0,0.0,27,5.7,4385984,15.3,2253794,17.2,48000,15.4,106,9.1,5507,9.1
"08031","5","238","75","0","2025","A","",1214,13814,1217812388,455061351,12722125,1695,88160,"",0.58,0.74,0.61,0.63,0.51,0.83,0.83,"",-51,-4.0,-612,-4.2,29997515,2.5,36841165,8.8,2552022,25.1,112,7.1,5823,7.1
"08033","5","238","75","0","2025","A","N",4,0,0,0,0,0,0,"N",0.83,0,0,0,0,0,0,"N",0,0.0,0,0,0,0,0,0,0,0,0,0,0,0
"08035","5","238","75","0","2025","A","",735,6506,520857546,210189174,5421962,1540,80059,"",0.92,1.30,1.17,1.10,0.85,0.90,0.90,"",-15,-2.0,-272,-4.0,-6869871,-1.3,12512569,6.3,904616,20.0,43,2.9,2205,2.8
"08037","5","238","75","0","2025","A","",427,2741,212168731,88132699,2147635,1488,77396,"",2.23,2.30,2.64,1.68,1.57,1.15,1.15,"",-13,-3.0,-80,-2.8,8244279,4.0,7062068,8.7,549134,34.4,98,7.1,5110,7.1
"08039","5","238","75","0","2025","A","",134,885,60866864,27567229,548976,1323,68789,"",3.09,5.15,5.51,3.48,2.56,1.07,1.07,"",-4,-2.9,115,14.9,12752165,26.5,5699678,26.1,141786,34.8,122,10.2,6329,10.1
"08041","5","238","75","0","2025","A","",1433,11038,745858707,346499041,9734615,1299,67569,"",1.16,1.07,1.02,1.03,0.89,0.95,0.95,"",-35,-2.4,-343,-3.0,6492995,0.9,21752926,6.7,561279,6.1,50,4.0,2604,4.0
"08043","5","238","75","0","2025","A","",97,483,26556585,14138988,395547,1058,55002,"",1.77,0.99,0.95,1.20,1.11,0.96,0.96,"",-9,-8.5,-18,-3.6,911596,3.6,733600,5.5,22423,6.0,74,7.5,3848,7.5
"08045","5","238","75","0","2025","A","",482,2979,215030991,94239438,2150618,1388,72176,"",3.25,3.19,3.41,2.85,2.28,1.07,1.07,"",6,1.3,132,4.6,19562776,10.0,15258835,19.3,411973,23.7,68,5.2,3516,5.1
"08047","5","238","75","0","2025","A","N",19,0,0,0,0,0,0,"N",1.70,0,0,0,0,0,0,"N",-1,-5.0,0,0,0,0,0,0,0,0,0,0,0,0
"08049","5","238","75","0","2025","A","",114,541,39498747,17134710,417258,1404,72999,"",2.35,1.97,2.63,1.58,1.60,1.33,1.33,"",5,4.6,5,0.9,2708787,7.4,1672715,10.8,40373,10.7,83,6.3,4329,6.3
"08051","5","238","75","0","2025","A","",144,558,36103295,17746754,384681,1245,64750,"",2.20,1.77,2.01,1.46,1.24,1.14,1.14,"",0,0.0,-2,-0.4,2267862,6.7,2136032,13.7,72028,23.0,84,7.2,4366,7.2
"08053","5","238","75","0","2025","A","N",5,0,0,0,0,0,0,"N",1.33,0,0,0,0,0,0,"N",1,25.0,0,0,0,0,0,0,0,0,0,0,0,0
"08055","5","238","75","0","2025","A","",11,35,1962546,980874,36243,1071,55675,"",1.14,0.57,0.67,0.47,0.68,1.17,1.17,"",-4,-26.7,4,12.9,567410,40.7,137115,16.3,12772,54.4,212,24.7,11031,24.7
"08057","5","238","75","0","2025","A","N",4,0,0,0,0,0,0,"N",0.90,0,0,0,0,0,0,"N",-1,-20.0,0,0,0,0,0,0,0,0,0,0,0,0
"08059","5","238","75","0","2025","A","",1480,12463,1051454200,405820759,10284076,1622,84364,"",1.21,1.51,1.52,1.39,1.10,1.01,1.01,"",-14,-0.9,-289,-2.3,26033238,2.5,18853004,4.9,2110239,25.8,76,4.9,3950,4.9
"08061","5","238","75","0","2025","A","N",4,0,0,0,0,0,0,"N",1.57,0,0,0,0,0,0,"N",1,33.3,0,0,0,0,0,0,0,0,0,0,0,0
"08063","5","238","75","0","2025","A","N",9,0,0,0,0,0,0,"N",0.57,0,0,0,0,0,0,"N",-1,-10.0,0,0,0,0,0,0,0,0,0,0,0,0
"08065","5","238","75","0","2025","A","",28,94,5312838,2964812,76873,1086,56469,"",1.97,0.95,0.84,0.74,0.82,0.88,0.88,"",-4,-12.5,-7,-6.9,-230081,-4.2,142261,5.0,12788,20.0,31,2.9,1634,3.0
"08067","5","238","75","0","2025","A","",220,1378,88412986,42011030,1126830,1234,64168,"",1.45,1.51,1.50,1.15,1.22,1.00,1.00,"",1,0.5,66,5.0,8420693,10.5,4412983,11.7,156675,16.1,61,5.2,3183,5.2
"08069","5","238","75","0","2025","A","",932,7322,531858337,233031281,5488352,1397,72635,"",1.24,1.28,1.22,1.28,0.97,0.96,0.96,"",-54,-5.5,-198,-2.6,15526244,3.0,22205262,10.5,931678,20.4,77,5.8,3972,5.8
"08071","5","238","75","0","2025","A","",23,87,4353228,2538494,108470,964,50133,"",0.84,0.56,0.60,0.48,0.92,1.07,1.07,"",1,4.5,-2,-2.2,523260,13.7,274316,12.1,4336,4.2,138,16.7,7180,16.7
"08073","5","238","75","0","2025","A","N",5,0,0,0,0,0,0,"N",0.61,0,0,0,0,0,0,"N",0,0.0,0,0,0,0,0,0,0,0,0,0,0,0
"08075","5","238","75","0","2025","A","",32,137,8012391,3675589,67416,1125,58485,"",1.02,0.53,0.58,0.51,0.31,1.11,1.11,"",2,6.7,-2,-1.4,1127110,16.4,659901,21.9,29552,78.0,170,17.8,8802,17.7
"08077","5","238","75","0","2025","A","",430,3129,209771987,96233121,2919064,1289,67047,"",1.55,1.40,1.57,1.45,1.31,1.13,1.13,"",-14,-3.2,8,0.3,16481566,8.5,11314736,13.3,582827,24.9,98,8.2,5110,8.3
"08079","5","238","75","0","2025","A","N",1,0,0,0,0,0,0,"N",0.24,0,0,0,0,0,0,"N",-1,-50.0,0,0,0,0,0,0,0,0,0,0,0,0
"08081","5","238","75","0","2025","A","",40,180,11191398,5248720,112966,1199,62348,"",1.76,1.18,1.23,1.00,0.95,1.05,1.05,"",2,5.3,18,11.1,1952893,21.1,568911,12.2,-67935,-37.6,106,9.7,5496,9.7
"08083","5","238","75","0","2025","A","",77,303,14013747,8151642,238156,890,46288,"",1.54,0.97,0.93,0.76,0.83,0.96,0.96,"",3,4.1,-41,-11.9,-1966853,-12.3,-394200,-4.6,-37150,-13.5,-3,-0.3,-122,-0.3
"08085","5","238","75","0","2025","A","",212,1557,95751345,48144117,1215025,1183,61514,"",2.50,2.66,2.94,2.58,2.03,1.11,1.11,"",12,6.0,94,6.4,7189806,8.1,7418782,18.2,283523,30.4,19,1.6,976,1.6
"08087","5","238","75","0","2025","A","",76,402,25405293,12307301,303778,1216,63210,"",1.75,0.91,0.99,0.83,0.79,1.09,1.09,"",1,1.3,26,6.9,2470667,10.8,1551550,14.4,79088,35.2,42,3.6,2160,3.5
"08089","5","238","75","0","2025","A","",22,70,2899971,1902539,36366,794,41281,"",0.89,0.35,0.30,0.31,0.25,0.85,0.85,"",-1,-4.3,-2,-2.8,-397583,-12.1,143545,8.2,5997,19.7,-81,-9.3,-4203,-9.2
"08091","5","238","75","0","2025","A","",22,87,5928280,2784747,73347,1307,67946,"",1.16,1.19,1.54,0.84,0.85,1.30,1.30,"",1,4.8,-3,-3.3,-463201,-7.2,357078,14.7,6221,9.3,-57,-4.2,-3005,-4.2
"08093","5","238","75","0","2025","A","",93,217,13074730,6500941,115165,1157,60160,"",2.77,2.08,2.15,1.40,1.06,1.03,1.03,"",-3,-3.1,-6,-2.7,-523036,-3.8,579051,9.8,12009,11.6,-13,-1.1,-703,-1.2
"08095","5","238","75","0","2025","A","N",10,0,0,0,0,0,0,"N",1.10,0,0,0,0,0,0,"N",1,11.1,0,0,0,0,0,0,0,0,0,0,0,0
"08097","5","238","75","0","2025","A","N",64,0,0,0,0,0,0,"N",0.64,0,0,0,0,0,0,"N",-2,-3.0,0,0,0,0,0,0,0,0,0,0,0,0
"08099","5","238","75","0","2025","A","",22,110,4594662,3042529,64097,800,41612,"",1.15,0.70,0.63,0.54,0.59,0.90,0.90,"",2,10.0,-10,-8.3,-183148,-3.8,311048,11.4,26315,69.6,33,4.3,1742,4.4
"08101","5","238","75","0","2025","A","",269,2133,130985810,64675841,2009944,1181,61421,"",1.43,1.04,1.09,1.09,0.98,1.05,1.06,"",-20,-6.9,58,2.8,13092423,11.1,8366836,14.9,356023,21.5,88,8.1,4603,8.1
"08103","5","238","75","0","2025","A","",11,79,5028102,2189156,35408,1230,63984,"",0.85,0.83,0.82,0.56,0.55,1.00,1.00,"",-1,-8.3,-8,-9.2,-194749,-3.7,-126842,-5.5,-9051,-20.4,74,6.4,3894,6.5
"08105","5","238","75","0","2025","A","",38,122,5472474,3160774,68662,861,44795,"",1.57,0.83,0.74,0.62,0.44,0.89,0.89,"",2,5.6,0,0.0,241001,4.6,198240,6.7,-5937,-8.0,36,4.4,1885,4.4
"08107","5","238","75","0","2025","A","",226,962,64946338,30432687,785864,1298,67494,"",2.20,1.76,1.85,1.44,1.31,1.05,1.05,"",-4,-1.7,24,2.6,4455550,7.4,4428452,17.0,114578,17.1,58,4.7,2999,4.6
"08109","5","238","75","0","2025","A","",15,40,1919043,1107362,36976,915,47580,"",1.32,0.72,0.77,0.45,0.71,1.07,1.07,"",3,25.0,0,0.0,125064,7.0,22427,2.1,2372,6.9,58,6.8,3009,6.8
"08111","5","238","75","0","2025","A","N",5,0,0,0,0,0,0,"N",1.07,0,0,0,0,0,0,"N",1,25.0,0,0,0,0,0,0,0,0,0,0,0,0
"08113","5","238","75","0","2025","A","",49,295,20664826,8964554,198054,1346,69971,"",1.27,1.45,1.68,0.85,0.60,1.15,1.15,"",0,0.0,-8,-2.6,720909,3.6,685917,8.3,5957,3.1,79,6.2,4077,6.2
"08115","5","238","75","0","2025","A","N",2,0,0,0,0,0,0,"N",0.44,0,0,0,0,0,0,"N",-1,-33.3,0,0,0,0,0,0,0,0,0,0,0,0
"08117","5","238","75","0","2025","A","",209,938,68700958,29967264,912463,1409,73255,"",1.72,1.25,1.52,1.04,1.16,1.22,1.22,"",-9,-4.1,25,2.7,4327534,6.7,3902869,15.0,194610,27.1,53,3.9,2747,3.9
"08119","5","238","75","0","2025","A","",86,224,12888244,6523678,143160,1104,57430,"",1.65,0.83,0.86,0.65,0.61,1.04,1.04,"",-2,-2.3,-20,-8.2,437794,3.5,302101,4.9,9610,7.2,124,12.7,6456,12.7
"08121","5","238","75","0","2025","A","",6,12,566488,310567,5328,934,48556,"",0.80,0.30,0.31,0.25,0.22,1.06,1.06,"",1,20.0,-1,-7.7,-23369,-4.0,26505,9.3,1158,27.8,78,9.1,4038,9.1
"08123","5","238","75","0","2025","A","",949,7458,541891698,239396644,5670484,1397,72660,"",1.98,1.81,1.88,1.55,1.24,1.04,1.04,"",25,2.7,-123,-1.6,18248059,3.5,22442719,10.3,1308409,30.0,69,5.2,3588,5.2
"08125","5","238","75","0","2025","A","",16,60,3643254,1863986,33672,1168,60721,"",0.77,0.44,0.53,0.33,0.35,1.19,1.19,"",-1,-5.9,-10,-14.3,-47170,-1.3,115051,6.6,8710,34.9,157,15.5,8126,15.5
"08999","5","238","75","0","2025","A","",26,160,19097051,7772548,295372,2303,119731,"",0.12,0.16,0.13,0.14,0.14,0.83,0.83,"",-2,-7.1,-30,-15.8,-5043906,-20.9,257747,3.4,-5316,-1.8,-139,-5.7,-7271,-5.7
"09000","5","238","55","0","2025","A","",6752,45498,3903714880,1437699111,54877884,1650,85801,"",0.93,0.80,0.76,0.86,1.00,0.94,0.94,"",4,0.1,656,1.5,237149096,6.5,90091189,6.7,8264040,17.7,78,5.0,4034,4.9
"09110","5","238","75","0","2025","A","",1624,14118,1300766180,448829124,17969140,1772,92134,"",0.89,0.79,0.86,0.86,1.07,1.09,1.09,"",8,0.5,431,3.1,103417853,8.6,36534925,8.9,2869611,19.0,90,5.4,4655,5.3
"09120","5","238","75","0","2025","A","",460,3068,257747301,94182765,3379140,1616,84025,"",0.85,0.79,0.85,0.86,0.91,1.08,1.08,"",-17,-3.6,-112,-3.5,4888145,1.9,1463103,1.6,388955,13.0,87,5.7,4501,5.7
"09130","5","238","75","0","2025","A","",393,3033,271131089,98896767,4070083,1719,89384,"",1.17,1.22,1.49,1.41,1.75,1.22,1.22,"",-11,-2.7,103,3.5,32646100,13.7,10895927,12.4,740254,22.2,154,9.8,7997,9.8
"09140","5","238","75","0","2025","A","",907,5930,497193253,189004563,7036473,1612,83848,"",1.36,1.11,1.28,1.15,1.27,1.15,1.15,"",23,2.6,107,1.8,30272362,6.5,12648227,7.2,1070178,17.9,70,4.5,3658,4.6
"09150","5","238","75","0","2025","A","",207,798,60768072,24126351,998162,1465,76174,"",1.40,0.82,1.03,0.87,1.12,1.26,1.26,"",7,3.5,-8,-1.0,3349328,5.8,-359296,-1.5,-32698,-3.2,96,7.0,4972,7.0
"09160","5","238","75","0","2025","A","",352,1404,107792967,43433108,1036958,1477,76780,"",1.52,1.10,1.28,1.25,0.89,1.16,1.16,"",11,3.2,76,5.7,11967623,12.5,5589822,14.8,133762,14.8,90,6.5,4640,6.4
"09170","5","238","75","0","2025","A","",958,7160,597063501,225181928,9444237,1604,83387,"",0.93,0.77,0.80,0.95,1.18,1.04,1.04,"",2,0.2,138,2.0,33096690,5.9,15366004,7.3,1400827,17.4,60,3.9,3077,3.8
"09180","5","238","75","0","2025","A","",457,2258,179255154,72795455,2819524,1527,79390,"",1.02,0.53,0.56,0.61,0.81,1.07,1.07,"",13,2.9,74,3.4,14566795,8.8,6273337,9.4,562965,24.9,77,5.3,3980,5.3
"09190","5","238","75","0","2025","A","",1241,6980,557507484,215359118,6909065,1536,79869,"",0.75,0.72,0.42,0.66,0.67,0.59,0.59,"",18,1.5,-207,-2.9,-5060648,-0.9,-1301422,-0.6,704019,11.3,31,2.1,1592,2.0
"09999","5","238","75","0","2025","A","",152,749,74489879,25889932,1215102,1913,99486,"",0.38,0.48,0.30,0.37,0.48,0.62,0.62,"",-51,-25.1,55,7.9,8004848,12.0,2980562,13.0,426167,54.0,70,3.8,3675,3.8
"10000","2","238","55","0","2025","A","N",1,0,0,0,0,0,0,"N",42.29,0,0,0,0,0,0,"N",0,0.0,0,0,0,0,0,0,0,0,0,0,0,0
"10000","5","238","55","0","2025","A","",2376,16074,1209478149,254583381,1844950,1447,75244,"",1.02,1.00,0.99,0.94,0.60,0.99,0.99,"",21,0.9,228,1.4,40480251,3.5,31968289,14.4,458434,33.1,28,2.0,1470,2.0
"10001","5","238","75","0","2025","A","",318,1656,118258346,25210631,161473,1374,71423,"",1.06,0.70,0.82,0.76,0.41,1.17,1.17,"",3,1.0,-59,-3.4,591230,0.5,2289290,10.0,42213,35.4,55,4.2,2816,4.1
"10003","5","238","75","0","2025","A","",1327,10015,799801836,161501871,1142640,1536,79861,"",0.94,0.98,0.93,0.93,0.59,0.95,0.95,"",19,1.5,313,3.2,39128184,5.1,26417283,19.6,306496,36.7,28,1.9,1459,1.9
"10005","5","238","75","0","2025","A","",688,4234,272517007,64749040,513120,1238,64356,"",1.20,1.31,1.47,1.09,0.76,1.12,1.12,"",0,0.0,53,1.3,12194795,4.7,7730307,13.6,123644,31.7,41,3.4,2088,3.4
"10999","2","238","75","0","2025","A","N",1,0,0,0,0,0,0,"N",1855.53,0,0,0,0,0,0,"N",0,0.0,0,0,0,0,0,0,0,0,0,0,0,0
"10999","5","238","75","0","2025","A","",44,169,18900960,3121839,27717,2153,111950,"",0.83,0.62,0.63,0.51,0.42,1.02,1.02,"",1,2.3,-79,-31.9,-11433958,-37.7,-4468591,-58.9,-13919,-33.4,-201,-8.5,-10450,-8.5
"11000","5","238","55","0","2025","A","",657,8078,732141046,112255015,3229119,1743,90639,"",0.26,0.33,0.23,0.43,0.35,0.70,0.70,"",-18,-2.7,-100,-1.2,31464933,4.5,-1035956,-0.9,279076,9.5,95,5.8,4963,5.8
"11001","5","238","75","0","2025","A","",657,8078,732141046,112255015,3229119,1743,90639,"",0.26,0.33,0.23,0.43,0.35,0.70,0.70,"",-18,-2.7,-100,-1.2,31464933,4.5,-1035956,-0.9,279076,9.5,95,5.8,4963,5.8
"12000","3","238","55","0","2025","A","",1,9,473459,95287,2573,1051,54630,"",0.19,0.14,0.12,4.05,17.17,0.91,0.91,"",-1,-50.0,3,50.0,136700,40.6,4245,4.7,116,4.7,15,1.4,749,1.4
"12000","5","238","55","0","2025","A","",58219,435112,28379324272,4394366593,25445121,1254,65223,"",1.37,1.31,1.17,1.13,0.70,0.90,0.90,"",545,0.9,3500,0.8,1516173301,5.6,29309960,0.7,-10771838,-29.7,57,4.8,2984,4.8
"12001","5","238","75","0","2025","A","",444,4173,250168041,40756376,163422,1153,59955,"",1.11,0.89,0.80,1.00,0.53,0.91,0.91,"",20,4.7,55,1.3,18038099,7.8,1113923,2.8,-103058,-38.7,69,6.4,3583,6.4
"12003","5","238","75","0","2025","A","",57,427,24473648,5436584,40478,1103,57338,"",2.21,1.71,2.06,2.36,2.37,1.20,1.20,"",-2,-3.4,49,13.0,4886454,24.9,1403343,34.8,1724,4.4,107,10.7,5543,10.7
"12005","5","238","75","0","2025","A","",594,3933,237405029,39187145,230667,1161,60367,"",1.78,1.41,1.53,1.24,0.90,1.09,1.09,"",-14,-2.3,-31,-0.8,17296493,7.9,-2462951,-5.9,-106587,-31.6,93,8.7,4847,8.7
"12007","5","238","75","0","2025","A","",58,300,22488762,2756736,8913,1443,75025,"",2.13,0.93,1.79,0.76,0.50,1.94,1.94,"",0,0.0,12,4.2,4365347,24.1,-67049,-2.4,-13223,-59.7,231,19.1,12005,19.0
"12009","5","238","75","0","2025","A","",1460,10932,688719345,108711735,616428,1212,63000,"",1.59,1.34,1.19,1.20,0.83,0.89,0.89,"",-8,-0.5,-202,-1.8,18120222,2.7,-3831597,-3.4,-409349,-39.9,54,4.7,2768,4.6
"12011","5","238","75","0","2025","A","",4624,35823,2495675249,352543653,2070197,1340,69666,"",1.18,1.24,1.16,1.04,0.63,0.93,0.93,"",31,0.7,29,0.1,111437399,4.7,-4297578,-1.2,-1428030,-40.8,59,4.6,3057,4.6
"12013","5","238","75","0","2025","A","",25,128,6145760,1205592,2074,927,48202,"",1.96,1.18,1.28,1.31,0.29,1.09,1.09,"",-3,-10.7,-22,-14.7,-758302,-11.0,-260528,-17.8,-4549,-68.7,43,4.9,2252,4.9
"12015","5","238","75","0","2025","A","",700,3851,224776935,39617254,235504,1122,58368,"",2.39,2.01,2.13,1.75,1.28,1.06,1.06,"",20,2.9,-177,-4.4,-5505823,-2.4,-1482424,-3.6,-114968,-32.8,23,2.1,1198,2.1
"12017","5","238","75","0","2025","A","",366,2275,130471911,21827776,92476,1103,57346,"",2.03,1.93,2.19,1.67,0.81,1.14,1.14,"",0,0.0,-125,-5.2,-1111480,-0.8,-1067665,-4.7,-50151,-35.2,48,4.5,2508,4.6
"12019","5","238","75","0","2025","A","",569,3548,216787477,37414541,197323,1175,61108,"",2.16,1.84,1.83,1.63,0.94,1.00,1.00,"",5,0.9,-48,-1.3,9187361,4.4,121369,0.3,-88843,-31.0,65,5.9,3373,5.8
"12021","5","238","75","0","2025","A","",1849,13938,860287179,143071679,648626,1187,61721,"",2.05,2.42,2.12,2.00,1.06,0.88,0.88,"",67,3.8,-647,-4.4,-11083717,-1.3,-6926886,-4.6,-246934,-27.6,38,3.3,1977,3.3
"12023","5","238","75","0","2025","A","",142,1057,60189831,10725502,40541,1095,56940,"",1.64,1.27,1.36,1.25,0.64,1.07,1.07,"",10,7.6,88,9.1,10030737,20.0,1407420,15.1,-9901,-19.6,100,10.1,5190,10.0
"12027","5","238","75","0","2025","A","",99,533,30450404,5307842,39555,1098,57086,"",2.65,1.62,1.78,1.41,1.21,1.10,1.10,"",9,10.0,26,5.1,7980608,35.5,570470,12.0,-6424,-14.0,246,28.9,12803,28.9
"12029","5","238","75","0","2025","A","",23,99,4849111,1164544,3412,943,49022,"",1.74,0.99,1.01,1.21,0.67,1.02,1.02,"",-3,-11.5,6,6.5,786103,19.3,-29682,-2.5,-7014,-67.3,100,11.9,5177,11.8
"12031","5","238","75","0","2025","A","",2539,25743,1834303722,259604127,1530549,1370,71254,"",1.51,1.37,1.29,1.21,0.84,0.94,0.94,"",-4,-0.2,1083,4.4,198593852,12.1,12366868,5.0,-509230,-25.0,94,7.4,4922,7.4
"12033","5","238","75","0","2025","A","",702,6304,417262044,60564248,318708,1273,66187,"",1.50,1.28,1.35,1.16,0.65,1.05,1.05,"",-8,-1.1,-55,-0.9,22106612,5.6,-1148522,-1.9,-127293,-28.5,78,6.5,4045,6.5
"12035","5","238","75","0","2025","A","",343,1622,81667313,15278841,75932,968,50358,"",2.06,1.70,1.62,1.51,0.90,0.95,0.95,"",-9,-2.6,-84,-4.9,687951,0.8,-1101932,-6.7,-24108,-24.1,55,6.0,2900,6.1
"12037","5","238","75","0","2025","A","",34,217,9372098,1948890,15851,831,43223,"",1.68,1.85,1.74,1.65,1.66,0.94,0.94,"",-2,-5.6,-15,-6.5,-531060,-5.4,-230886,-10.6,-1604,-9.2,8,1.0,445,1.0
"12039","5","238","75","0","2025","A","",102,574,28712141,5863044,23876,963,50065,"",2.38,1.11,1.11,0.89,0.32,1.00,1.00,"",2,2.0,4,0.7,2357463,8.9,-51609,-0.9,-21338,-47.2,74,8.3,3835,8.3
"12041","5","238","75","0","2025","A","",47,303,16648391,2923579,11087,1058,55021,"",2.48,2.36,2.63,2.44,1.14,1.12,1.12,"",1,2.2,-2,-0.7,826490,5.2,39970,1.4,-13943,-55.7,59,5.9,3075,5.9
"12043","5","238","75","0","2025","A","",21,82,4538042,837197,4985,1058,55007,"",2.08,1.10,1.00,0.87,0.56,0.91,0.91,"",1,5.0,-2,-2.4,67566,1.5,-151442,-15.3,-1978,-28.4,30,2.9,1575,2.9
"12045","5","238","75","0","2025","A","",68,251,11970304,2253494,9152,917,47690,"",2.61,1.63,1.38,1.45,0.49,0.85,0.85,"",2,3.0,-38,-13.1,-831893,-6.5,-695714,-23.6,-4948,-35.1,66,7.8,3430,7.7
"12047","5","238","75","0","2025","A","N",13,0,0,0,0,0,0,"N",1.05,0,0,0,0,0,0,"N",-1,-7.1,0,0,0,0,0,0,0,0,0,0,0,0
"12049","5","238","75","0","2025","A","",48,277,14003424,2969141,17819,972,50554,"",1.64,1.15,1.20,1.13,0.73,1.04,1.04,"",4,9.1,-3,-1.1,-286485,-2.0,-274127,-8.5,-5239,-22.7,-11,-1.1,-573,-1.1
"12051","5","238","75","0","2025","A","",131,1036,64978014,11005105,51759,1206,62715,"",2.48,2.43,2.65,2.34,0.82,1.09,1.09,"",15,12.9,130,14.3,10914445,20.2,1514891,16.0,-14723,-22.1,59,5.1,3048,5.1
"12053","5","238","75","0","2025","A","",494,2893,158748864,27545954,197313,1055,54866,"",2.17,1.71,1.81,1.43,1.28,1.06,1.06,"",2,0.4,-76,-2.6,-1866521,-1.2,-3359461,-10.9,-61315,-23.7,15,1.4,761,1.4
"12055","5","238","75","0","2025","A","",198,1232,65865362,12342481,79088,1028,53469,"",1.57,1.28,1.36,1.28,0.97,1.06,1.06,"",-10,-4.8,-190,-13.4,-8537666,-11.5,-1290834,-9.5,-62739,-44.2,22,2.2,1149,2.2
"12057","5","238","75","0","2025","A","",3754,31923,2251585529,327993949,1913048,1356,70532,"",1.34,1.20,1.08,1.06,0.73,0.90,0.90,"",18,0.5,558,1.8,124761553,5.9,9293825,2.9,-746878,-28.1,52,4.0,2724,4.0
"12059","5","238","75","0","2025","A","",41,227,10072069,1981021,8956,855,44452,"",2.13,1.87,1.89,2.13,1.06,1.01,1.01,"",-3,-6.8,-1,-0.4,807667,8.7,-158594,-7.4,-4716,-34.5,74,9.5,3848,9.5
"12061","5","238","75","0","2025","A","",568,3611,205257561,36485390,162253,1093,56838,"",1.98,1.88,1.68,1.68,0.87,0.90,0.90,"",20,3.6,-17,-0.5,10251550,5.3,-191185,-0.5,-69281,-29.9,59,5.7,3089,5.7
"12063","5","238","75","0","2025","A","",72,609,43469067,6454348,21568,1373,71388,"",1.45,1.26,1.78,1.54,0.61,1.41,1.41,"",5,7.5,52,9.3,4593355,11.8,677974,11.7,-4820,-18.3,31,2.3,1604,2.3
"12065","5","238","75","0","2025","A","",32,130,7086340,1444975,9459,1046,54406,"",1.71,1.31,1.44,1.43,1.08,1.10,1.10,"",1,3.2,17,15.0,1829418,34.8,281107,24.2,-3474,-26.9,152,17.0,7919,17.0
"12067","5","238","75","0","2025","A","N",9,0,0,0,0,0,0,"N",1.24,0,0,0,0,0,0,"N",-2,-18.2,0,0,0,0,0,0,0,0,0,0,0,0
"12069","5","238","75","0","2025","A","",1048,8183,521369442,82743011,443626,1225,63717,"",1.96,2.06,2.43,1.87,1.14,1.18,1.18,"",24,2.3,-82,-1.0,15075259,3.0,-1557846,-1.8,-152215,-25.5,47,4.0,2458,4.0
"12071","5","238","75","0","2025","A","",3613,29449,1801074718,296976706,1623066,1176,61159,"",2.54,2.92,2.80,2.42,1.22,0.96,0.96,"",88,2.5,-981,-3.2,-17251680,-0.9,-13607604,-4.4,-552420,-25.4,27,2.3,1404,2.3
"12073","5","238","75","0","2025","A","",596,5684,346794409,57809377,360507,1173,61018,"",1.12,1.03,0.96,1.21,0.91,0.94,0.94,"",-11,-1.8,283,5.2,37638748,12.2,4254188,7.9,-14629,-3.9,72,6.5,3780,6.6
"12075","5","238","75","0","2025","A","",137,580,28528114,6734860,73667,945,49158,"",2.50,1.91,2.02,2.07,2.12,1.06,1.06,"",15,12.3,70,13.7,4613370,19.3,1392704,26.1,13997,23.5,43,4.8,2243,4.8
"12077","5","238","75","0","2025","A","N",14,0,0,0,0,0,0,"N",2.15,0,0,0,0,0,0,"N",-1,-6.7,0,0,0,0,0,0,0,0,0,0,0,0
"12079","5","238","75","0","2025","A","",30,94,4407240,997791,6825,902,46927,"",1.43,0.57,0.58,0.63,0.62,1.03,1.03,"",0,0.0,-5,-5.1,-191556,-4.2,-20353,-2.0,-3736,-35.4,5,0.6,278,0.6
"12081","5","238","75","0","2025","A","",1400,10276,662774901,114926980,721896,1240,64497,"",1.94,2.10,2.13,1.89,1.33,1.01,1.01,"",26,1.9,932,10.0,72255100,12.2,13261435,13.0,-127362,-15.0,25,2.1,1300,2.1
"12083","5","238","75","0","2025","A","",1008,6690,380652152,65579005,406148,1094,56903,"",1.99,1.64,1.71,1.46,1.15,1.04,1.04,"",25,2.5,545,8.9,38701117,11.3,4441510,7.3,-94880,-18.9,24,2.2,1254,2.3
"12085","5","238","75","0","2025","A","",678,4802,289244472,48728446,262383,1158,60232,"",1.82,1.84,1.78,1.58,0.96,0.97,0.97,"",26,4.0,290,6.4,30204916,11.7,3972388,8.9,-112030,-29.9,54,4.9,2824,4.9
"12086","5","238","75","0","2025","A","",5409,36217,2220157774,360462045,2153215,1179,61302,"",0.90,0.85,0.63,0.72,0.37,0.75,0.75,"",15,0.3,1286,3.7,196458380,9.7,23538591,7.0,-1153053,-34.9,65,5.8,3368,5.8
"12087","5","238","75","0","2025","A","",364,1959,121253562,20559367,95068,1190,61904,"",1.51,1.24,1.23,1.06,0.64,0.99,0.99,"",-2,-0.5,-16,-0.8,4828305,4.1,-65171,-0.3,-34493,-26.6,56,4.9,2945,5.0
"12089","5","238","75","0","2025","A","",264,1216,63771775,13127275,81453,1008,52426,"",1.80,1.31,1.16,1.30,0.82,0.88,0.89,"",2,0.8,66,5.7,6639936,11.6,1536891,13.3,13787,20.4,53,5.5,2743,5.5
"12091","5","238","75","0","2025","A","",520,2973,175699780,30198208,170950,1137,59102,"",1.42,0.99,0.92,0.95,0.73,0.92,0.92,"",-13,-2.4,-106,-3.4,3765899,2.2,-1138191,-3.6,-41302,-19.5,63,5.9,3255,5.8
"12093","5","238","75","0","2025","A","",122,618,35288386,6468053,30872,1097,57062,"",2.28,1.49,1.69,1.42,1.02,1.14,1.14,"",-1,-0.8,52,9.2,6393602,22.1,335531,5.5,-10751,-25.8,115,11.7,5989,11.7
"12095","5","238","75","0","2025","A","",3285,30220,2101056708,302642480,2119417,1337,69524,"",1.22,0.95,0.93,0.83,0.74,0.98,0.98,"",-55,-1.6,-681,-2.2,46408135,2.3,-12532054,-4.0,-1121572,-34.6,58,4.5,3032,4.6
"12097","5","238","75","0","2025","A","",784,4861,290634928,48062199,267707,1150,59788,"",1.52,1.23,1.34,1.10,0.68,1.09,1.09,"",-2,-0.3,205,4.4,29113679,11.1,128769,0.3,-174119,-39.4,70,6.5,3620,6.4
"12099","5","238","75","0","2025","A","",4268,28358,1903259104,285863160,1639651,1291,67115,"",1.25,1.26,1.03,1.01,0.61,0.82,0.82,"",-36,-0.8,-131,-0.5,68978658,3.8,3211877,1.1,-582811,-26.2,53,4.3,2729,4.2
"12101","5","238","75","0","2025","A","",1276,8308,475034789,81587664,447504,1100,57180,"",1.71,1.65,1.62,1.47,0.86,0.98,0.98,"",26,2.1,259,3.2,26638047,5.9,-212272,-0.3,-202682,-31.2,29,2.7,1472,2.6
"12103","5","238","75","0","2025","A","",2523,19206,1268414892,200277109,1104154,1270,66044,"",1.26,1.30,1.21,1.19,0.75,0.93,0.93,"",73,3.0,909,5.0,132099581,11.6,9719955,5.1,-312444,-22.1,76,6.4,3941,6.3
"12105","3","238","75","0","2025","A","",1,9,473459,95287,2573,1051,54630,"",9.50,5.23,5.79,152.67,817.03,1.15,1.15,"",0,0.0,3,50.0,136700,40.6,4245,4.7,116,4.7,15,1.4,749,1.4
"12105","5","238","75","0","2025","A","",1550,11210,720068094,115354756,756275,1235,64233,"",1.84,1.27,1.40,1.12,1.00,1.11,1.11,"",18,1.2,184,1.7,48904694,7.3,128165,0.1,-300508,-28.4,64,5.5,3365,5.5
"12107","5","238","75","0","2025","A","",220,1148,59642720,11357299,63562,999,51950,"",2.85,1.95,1.88,1.84,1.15,0.96,0.96,"",-6,-2.7,-39,-3.3,1384972,2.4,-461027,-3.9,-26851,-29.7,55,5.8,2863,5.8
"12109","5","238","75","0","2025","A","",668,3540,215956519,36619289,246493,1173,60996,"",1.22,1.05,1.03,0.96,0.69,0.98,0.98,"",18,2.8,-148,-4.0,-3739290,-1.7,-1383721,-3.6,-62017,-20.1,27,2.4,1423,2.4
"12111","5","238","75","0","2025","A","",1072,5833,334719776,58596679,360005,1104,57384,"",2.43,1.89,1.98,1.69,1.16,1.05,1.04,"",37,3.6,262,4.7,34861190,11.6,2182282,3.9,-118195,-24.7,69,6.7,3559,6.6
"12113","5","238","75","0","2025","A","",444,2651,154985420,27788209,183893,1124,58456,"",1.95,1.78,1.95,1.75,1.31,1.10,1.10,"",0,0.0,-15,-0.6,9434380,6.5,-145166,-0.5,-31732,-14.7,74,7.0,3859,7.1
"12115","5","238","75","0","2025","A","",1870,13342,874513018,135984761,770631,1260,65544,"",1.82,2.05,1.99,1.67,1.21,0.97,0.97,"",32,1.7,-219,-1.6,33426397,4.0,-2932405,-2.1,-151816,-16.5,67,5.6,3523,5.7
"12117","5","238","75","0","2025","A","",1344,16632,1155107792,163253332,767856,1336,69453,"",1.53,2.32,2.37,1.97,1.05,1.02,1.02,"",16,1.2,154,0.9,51386412,4.7,-1923433,-1.2,-437983,-36.3,48,3.7,2470,3.7
"12119","5","238","75","0","2025","A","",170,2868,229543171,28912909,114018,1539,80029,"",1.21,2.05,2.69,1.89,0.89,1.32,1.32,"",6,3.7,167,6.2,32249394,16.3,2882470,11.1,-57396,-33.5,134,9.5,6975,9.5
"12121","5","238","75","0","2025","A","",92,489,25997291,4986021,25510,1022,53164,"",2.04,1.24,1.35,1.25,0.67,1.09,1.09,"",2,2.2,-35,-6.7,1419792,5.8,-546560,-9.9,-14994,-37.0,121,13.4,6290,13.4
"12123","5","238","75","0","2025","A","N",30,0,0,0,0,0,0,"N",1.31,0,0,0,0,0,0,"N",4,15.4,0,0,0,0,0,0,0,0,0,0,0,0
"12125","5","238","75","0","2025","A","",16,125,7492211,1378871,4243,1154,60018,"",1.53,1.06,1.18,2.15,1.03,1.12,1.12,"",-6,-27.3,-31,-19.9,-1531059,-17.0,-396521,-22.3,-5183,-55.0,44,4.0,2300,4.0
"12127","5","238","75","0","2025","A","",1478,8631,505348417,83250764,438813,1126,58553,"",1.82,1.36,1.42,1.28,0.86,1.04,1.04,"",-19,-1.3,-238,-2.7,9281137,1.9,-3925262,-4.5,-242861,-35.6,50,4.6,2619,4.7
"12129","5","238","75","0","2025","A","",91,536,28332509,5230706,35493,1016,52851,"",2.92,2.39,2.50,2.56,1.84,1.05,1.05,"",-5,-5.2,37,7.4,3090933,12.2,385072,7.9,5147,17.0,42,4.3,2224,4.4
"12131","5","238","75","0","2025","A","",356,2403,141952045,25201119,163110,1136,59083,"",1.73,2.03,2.02,1.72,1.17,1.00,1.00,"",16,4.7,88,3.8,6350445,4.7,908716,3.7,-21391,-11.6,10,0.9,512,0.9
"12133","5","238","75","0","2025","A","",68,249,10512316,2262261,9986,812,42204,"",2.53,1.16,1.03,1.20,0.61,0.89,0.89,"",0,0.0,-9,-3.5,712290,7.3,-293217,-11.5,-12054,-54.7,82,11.2,4219,11.1
"12999","5","238","75","0","2025","A","",1182,7450,734743117,80682753,640728,1896,98617,"",0.36,0.45,0.37,0.33,0.21,0.82,0.82,"N",62,5.5,0,0,0,0,0,0,0,0,0,0,0,0
"13000","5","238","55","0","2025","A","",17359,145950,11428830270,1978949731,23453083,1506,78307,"",0.90,0.89,0.96,0.83,0.62,1.07,1.07,"",590,3.5,4640,3.3,989437541,9.5,106016940,5.7,-493353,-2.1,85,6.0,4431,6.0
"13001","5","238","75","0","2025","A","",26,330,17936532,4459636,35384,1046,54394,"",1.05,1.27,1.08,1.07,0.75,0.85,0.85,"",0,0.0,7,2.2,881522,5.2,153481,3.6,-29385,-45.4,31,3.1,1606,3.0
"13003","5","238","75","0","2025","A","N",2,0,0,0,0,0,0,"N",0.32,0,0,0,0,0,0,"N",0,0.0,0,0,0,0,0,0,0,0,0,0,0,0
"13005","5","238","75","0","2025","A","",7,14,593123,189248,2807,845,43935,"",0.50,0.11,0.09,0.11,0.18,0.88,0.88,"",1,16.7,4,40.0,194998,49.0,80125,73.4,2028,260.3,46,5.8,2392,5.8
"13009","5","238","75","0","2025","A","",36,220,13963043,2822272,40103,1219,63396,"",0.73,0.40,0.56,0.43,0.32,1.40,1.40,"",-4,-10.0,1,0.5,-125358,-0.9,107286,4.0,4284,12.0,-20,-1.6,-1008,-1.6
"13011","5","238","75","0","2025","A","",30,158,9185230,2144668,22572,1120,58226,"",1.59,0.92,1.15,0.76,0.50,1.25,1.25,"",2,7.1,10,6.8,1168581,14.6,360256,20.2,8329,58.5,79,7.6,4090,7.6
"13013","5","238","75","0","2025","A","",171,1360,104732785,18235975,175982,1481,77024,"",1.94,1.64,2.25,1.50,1.08,1.37,1.37,"",9,5.6,56,4.3,7589294,7.8,1057842,6.2,10964,6.6,49,3.4,2542,3.4
"13015","5","238","75","0","2025","A","",272,1704,126431230,23470842,271072,1427,74186,"",1.82,1.07,1.29,0.96,0.73,1.21,1.21,"",18,7.1,11,0.6,8977906,7.6,1945578,9.0,59829,28.3,93,7.0,4800,6.9
"13017","5","238","75","0","2025","A","",11,58,3796389,665471,9099,1248,64896,"",0.61,0.31,0.43,0.27,0.28,1.40,1.40,"",-1,-8.3,-3,-4.9,267063,7.6,-116459,-14.9,715,8.5,140,12.6,7274,12.6
"13019","5","238","75","0","2025","A","",13,91,5867734,1093871,9963,1243,64658,"",0.83,0.69,0.92,0.61,0.37,1.34,1.34,"N",0,0.0,0,0,0,0,0,0,0,0,0,0,0,0
"13021","5","238","75","0","2025","A","",149,1614,123058346,23099543,263493,1467,76264,"",0.64,0.60,0.80,0.65,0.54,1.32,1.32,"",-3,-2.0,-50,-3.0,2136440,1.8,589693,2.6,-26277,-9.1,69,4.9,3576,4.9
"13023","5","238","75","0","2025","A","",10,45,2077344,725397,35028,889,46249,"",0.91,0.41,0.39,0.57,1.34,0.96,0.96,"",2,25.0,4,9.8,156415,8.1,123896,20.6,12261,53.9,-10,-1.1,-508,-1.1
"13025","5","238","75","0","2025","A","",30,178,9535407,2830473,59870,1033,53721,"",2.40,1.97,2.25,2.48,3.59,1.15,1.15,"",4,15.4,36,25.4,3094876,48.1,900423,46.7,29101,94.6,163,18.7,8471,18.7
"13027","5","238","75","0","2025","A","",12,70,3871021,906409,17088,1060,55104,"",0.78,0.62,0.71,0.59,0.98,1.14,1.14,"",0,0.0,8,12.9,466153,13.7,241337,36.3,8013,88.3,8,0.8,407,0.7
"13029","5","238","75","0","2025","A","",72,583,39373855,8574810,81310,1298,67517,"",1.29,1.31,1.56,1.10,0.40,1.19,1.19,"",5,7.5,-101,-14.8,-3672089,-8.5,-1394472,-14.0,-45952,-36.1,88,7.3,4607,7.3
"13031","5","238","75","0","2025","A","",112,808,50554126,10512797,96189,1203,62580,"",1.16,0.84,1.07,0.83,0.59,1.27,1.27,"",11,10.9,61,8.2,7406911,17.2,1087676,11.5,5854,6.5,93,8.4,4852,8.4
"13033","5","238","75","0","2025","A","",27,140,8305361,2493213,26678,1144,59466,"",1.13,0.57,0.42,0.77,0.71,0.73,0.73,"",0,0.0,-8,-5.4,-356702,-4.1,177231,7.7,-1565,-5.5,17,1.5,873,1.5
"13035","5","238","75","0","2025","A","",46,377,26058204,4804596,46572,1328,69074,"",1.71,1.32,1.82,1.18,0.79,1.37,1.38,"",1,2.2,118,45.6,8120032,45.3,1502077,45.5,-12825,-21.6,-3,-0.2,-119,-0.2
"13037","5","238","75","0","2025","A","N",2,0,0,0,0,0,0,"N",0.32,0,0,0,0,0,0,"N",0,0.0,0,0,0,0,0,0,0,0,0,0,0,0
"13039","5","238","75","0","2025","A","",66,336,21267324,4946020,54824,1216,63249,"",1.10,0.62,0.68,0.83,0.55,1.10,1.10,"",-5,-7.0,-64,-16.0,-2934027,-12.1,-1233020,-20.0,-15588,-22.1,53,4.6,2783,4.6
"13043","5","238","75","0","2025","A","",22,153,7901139,2152929,32892,994,51698,"",1.62,1.43,1.64,1.55,1.69,1.14,1.14,"",2,10.0,7,4.8,812738,11.5,329093,18.0,-5414,-14.1,61,6.5,3175,6.5
"13045","5","238","75","0","2025","A","",207,2476,218742335,33459334,419358,1699,88363,"",1.53,1.60,2.34,1.65,1.58,1.46,1.46,"",11,5.6,110,4.6,19462831,9.8,2584994,8.4,125697,42.8,79,4.9,4119,4.9
"13047","5","238","75","0","2025","A","",88,634,36811489,8439387,84396,1116,58055,"",1.42,1.15,1.42,1.08,0.81,1.23,1.23,"",12,15.8,38,6.4,4934999,15.5,1133176,15.5,11555,15.9,87,8.5,4549,8.5
"13049","5","238","75","0","2025","A","",8,56,2947249,727416,3200,1005,52241,"",0.88,0.77,0.83,0.70,0.37,1.07,1.07,"",-3,-27.3,-5,-8.2,303475,11.5,11242,1.6,-12436,-79.5,168,20.1,8722,20.0
"13051","5","238","75","0","2025","A","",423,4593,336588377,64453739,784167,1409,73288,"",0.79,0.80,0.90,0.74,0.62,1.14,1.14,"",1,0.2,-234,-4.8,-976410,-0.3,-2933133,-4.4,-74465,-8.7,64,4.8,3357,4.8
"13053","5","238","75","0","2025","A","N",6,0,0,0,0,0,0,"N",0.90,0,0,0,0,0,0,"N",-1,-14.3,0,0,0,0,0,0,0,0,0,0,0,0
"13055","5","238","75","0","2025","A","",33,190,10305440,2699651,34132,1040,54097,"",1.69,1.12,1.33,1.31,1.59,1.19,1.19,"",3,10.0,9,5.0,231154,2.3,462801,20.7,7179,26.6,-33,-3.1,-1690,-3.0
"13057","5","238","75","0","2025","A","",658,4361,332904158,60288160,722184,1468,76340,"",1.63,1.77,2.38,1.73,1.41,1.35,1.35,"",26,4.1,271,6.6,36020651,12.1,5779727,10.6,54540,8.2,72,5.2,3743,5.2
"13059","5","238","75","0","2025","A","",103,1236,87072715,15010319,98025,1354,70423,"",0.53,0.50,0.59,0.59,0.29,1.18,1.18,"",7,7.3,56,4.7,5497157,6.7,-363072,-2.4,16328,20.0,25,1.9,1320,1.9
"13061","5","238","75","0","2025","A","N",2,0,0,0,0,0,0,"N",0.54,0,0,0,0,0,0,"N",0,0.0,0,0,0,0,0,0,0,0,0,0,0,0
"13063","5","238","75","0","2025","A","",187,2232,193892685,27639718,309369,1671,86869,"",0.74,0.51,0.56,0.43,0.33,1.08,1.08,"",-3,-1.6,-341,-13.3,-20833297,-9.7,-5364298,-16.3,-62758,-16.9,66,4.1,3429,4.1
"13065","5","238","75","0","2025","A","N",6,0,0,0,0,0,0,"N",0.69,0,0,0,0,0,0,"N",1,20.0,0,0,0,0,0,0,0,0,0,0,0,0
"13067","5","238","75","0","2025","A","",1344,21265,1969862817,279121756,3431530,1781,92633,"",0.97,1.67,1.94,1.39,1.16,1.17,1.17,"",26,2.0,808,3.9,226948346,13.0,11515720,4.3,-315692,-8.4,143,8.7,7433,8.7
"13069","5","238","75","0","2025","A","",46,434,22218639,6804317,115967,985,51215,"",0.93,0.72,0.74,0.77,1.22,1.03,1.03,"",0,0.0,-43,-9.0,-1582946,-6.7,99018,1.5,28001,31.8,25,2.6,1308,2.6
"13071","5","238","75","0","2025","A","",58,270,11527069,3689356,40828,821,42680,"",1.03,0.51,0.46,0.54,0.38,0.89,0.89,"",1,1.8,27,11.1,1052842,10.1,589302,19.0,9144,28.9,-7,-0.8,-380,-0.9
"13073","5","238","75","0","2025","A","",257,2070,125815337,25929265,243904,1169,60788,"",1.46,1.45,1.73,1.31,0.82,1.20,1.20,"",10,4.0,22,1.1,7829208,6.6,231964,0.9,12108,5.2,61,5.5,3168,5.5
"13075","5","238","75","0","2025","A","",26,268,16070834,3509248,18893,1154,60022,"",1.28,1.77,2.30,1.60,0.54,1.30,1.30,"",0,0.0,-3,-1.1,-141386,-0.9,136992,4.1,231,1.2,2,0.2,125,0.2
"13077","5","238","75","0","2025","A","",209,1373,92296560,21694412,314515,1293,67235,"",1.13,0.83,0.98,0.90,0.88,1.18,1.18,"",13,6.6,91,7.1,9183395,11.0,2310092,11.9,-7205,-2.2,46,3.7,2379,3.7
"13079","5","238","75","0","2025","A","",18,78,4150872,985871,11748,1020,53046,"",2.33,1.75,1.93,1.75,1.53,1.10,1.10,"",-1,-5.3,-17,-17.9,-599187,-12.6,-59229,-5.7,-6136,-34.3,58,6.0,3045,6.1
"13081","5","238","75","0","2025","A","",17,281,20692588,3834775,45138,1416,73617,"",0.58,1.00,1.54,1.10,0.89,1.54,1.54,"",1,6.2,17,6.4,2350667,12.8,187131,5.1,-488,-1.1,80,6.0,4162,6.0
"13083","5","238","75","0","2025","A","",15,115,5029595,1610828,20775,844,43895,"",0.94,0.75,0.69,0.72,0.64,0.93,0.93,"N",-2,-11.8,0,0,0,0,0,0,0,0,0,0,0,0
"13085","5","238","75","0","2025","A","",72,362,23831890,4269099,47893,1267,65895,"",1.40,0.94,1.41,0.79,0.53,1.50,1.50,"",5,7.5,3,0.8,1907839,8.7,-88434,-2.0,-1738,-3.5,92,7.8,4811,7.9
"13087","5","238","75","0","2025","A","",43,270,15192145,3282454,22886,1080,56181,"",1.10,0.93,1.12,0.88,0.47,1.20,1.20,"",0,0.0,20,8.0,1629578,12.0,665861,25.4,-956,-4.0,35,3.3,1822,3.4
"13089","5","238","75","0","2025","A","",590,6686,590260049,90563280,1071215,1698,88283,"",0.51,0.64,0.71,0.69,0.50,1.10,1.10,"",12,2.1,58,0.9,37030485,6.7,1371978,1.5,15964,1.5,93,5.8,4813,5.8
"13091","5","238","75","0","2025","A","",23,190,11654534,2467497,34378,1178,61232,"",1.24,1.13,1.64,1.29,1.61,1.44,1.44,"",1,4.5,16,9.2,2336111,25.1,596530,31.9,9192,36.5,149,14.5,7703,14.4
"13093","5","238","75","0","2025","A","N",4,0,0,0,0,0,0,"N",0.36,0,0,0,0,0,0,"N",1,33.3,0,0,0,0,0,0,0,0,0,0,0,0
"13095","5","238","75","0","2025","A","",80,977,67814866,12387335,121267,1335,69411,"",0.63,0.65,0.79,0.66,0.46,1.22,1.22,"",-2,-2.4,10,1.0,5317077,8.5,-703643,-5.4,-11400,-8.6,92,7.4,4775,7.4
"13097","5","238","75","0","2025","A","",239,2071,161826263,28087458,400234,1503,78133,"",1.40,1.24,1.64,1.07,0.97,1.32,1.32,"",-4,-1.6,-26,-1.2,9091123,6.0,2174624,8.4,32406,8.8,102,7.3,5292,7.3
"13099","5","238","75","0","2025","A","",12,72,4974356,1427365,87398,1332,69249,"",0.91,0.61,0.73,1.04,3.29,1.20,1.20,"",1,9.1,-11,-13.3,942827,23.4,74559,5.5,27755,46.5,394,42.0,20481,42.0
"13101","5","238","75","0","2025","A","N",6,0,0,0,0,0,0,"N",2.15,0,0,0,0,0,0,"N",0,0.0,0,0,0,0,0,0,0,0,0,0,0,0
"13103","5","238","75","0","2025","A","",119,781,49184611,10096020,121323,1211,62970,"",1.95,1.60,1.80,1.39,0.89,1.12,1.12,"",4,3.5,26,3.4,4290803,9.6,45156,0.4,-23526,-16.2,67,5.9,3495,5.9
"13105","5","238","75","0","2025","A","",34,113,5163354,1408516,19449,877,45593,"",1.27,0.57,0.55,0.51,0.64,0.96,0.96,"",1,3.0,-5,-4.2,54946,1.1,108318,8.3,882,4.8,47,5.7,2454,5.7
"13107","5","238","75","0","2025","A","",20,166,8412806,2198240,39179,974,50629,"",0.86,0.69,0.74,0.72,0.90,1.08,1.08,"",0,0.0,8,5.1,794872,10.4,306138,16.2,8639,28.3,44,4.7,2261,4.7
"13109","5","238","75","0","2025","A","",20,167,11771517,2790837,38102,1354,70418,"",1.44,1.08,1.67,1.29,2.46,1.54,1.54,"",1,5.3,12,7.7,1823671,18.3,175581,6.7,1266,3.4,117,9.5,6100,9.5
"13111","5","238","75","0","2025","A","",48,284,17044903,3364750,37221,1156,60105,"",1.17,1.11,1.45,0.83,0.56,1.31,1.31,"",-2,-4.0,16,6.0,1746085,11.4,-65657,-1.9,6205,20.0,59,5.4,3038,5.3
"13113","5","238","75","0","2025","A","",231,1882,146860570,28710706,387077,1501,78034,"",0.98,1.16,1.50,1.16,1.00,1.30,1.30,"",-2,-0.9,68,3.7,11252229,8.3,5197197,22.1,78593,25.5,64,4.5,3284,4.4
"13115","5","238","75","0","2025","A","",94,630,36708156,7821217,109593,1121,58305,"",0.79,0.43,0.48,0.39,0.37,1.12,1.12,"",-6,-6.0,6,1.0,1471908,4.2,194162,2.5,-4270,-3.8,34,3.1,1791,3.2
"13117","5","238","75","0","2025","A","",522,5666,495782656,72649241,613599,1683,87501,"",1.15,1.88,2.47,1.61,0.86,1.32,1.32,"",8,1.6,62,1.1,37501710,8.2,1470593,2.1,-35654,-5.5,110,7.0,5719,7.0
"13119","5","238","75","0","2025","A","",39,258,14998229,3672595,37923,1116,58058,"",1.30,0.94,1.14,0.84,0.75,1.21,1.21,"",3,8.3,22,9.3,1309560,9.6,518735,16.4,7225,23.5,2,0.2,137,0.2
"13121","5","238","75","0","2025","A","",1718,11203,1026110377,162523003,2217987,1761,91591,"",0.43,0.35,0.31,0.33,0.25,0.88,0.88,"",307,21.8,745,7.1,119418980,13.2,13012473,8.7,-183272,-7.6,94,5.6,4894,5.6
"13123","5","238","75","0","2025","A","",68,246,14816430,3645475,53647,1160,60311,"",1.64,0.89,1.18,0.93,0.98,1.33,1.33,"",3,4.6,2,0.8,647933,4.6,683445,23.1,-10727,-16.7,44,3.9,2263,3.9
"13125","5","238","75","0","2025","A","N",2,0,0,0,0,0,0,"N",0.83,0,0,0,0,0,0,"N",0,0.0,0,0,0,0,0,0,0,0,0,0,0,0
"13127","5","238","75","0","2025","A","",164,945,53851229,12190895,97440,1096,56970,"",1.01,0.65,0.66,0.63,0.34,1.01,1.01,"",-2,-1.2,69,7.9,6871978,14.6,1110107,10.0,-4409,-4.3,65,6.3,3341,6.2
"13129","5","238","75","0","2025","A","",74,428,24977325,6428987,63325,1122,58358,"",1.19,0.51,0.50,0.50,0.39,0.98,0.98,"",4,5.7,7,1.7,29419,0.1,1537679,31.4,6985,12.4,-19,-1.7,-959,-1.6
"13131","5","238","75","0","2025","A","",42,230,12980136,3490536,50783,1083,56313,"",1.61,1.18,1.43,1.32,1.42,1.21,1.21,"",-7,-14.3,11,5.0,1125048,9.5,449255,14.8,20315,66.7,41,3.9,2118,3.9
"13133","5","238","75","0","2025","A","",40,229,15310228,2800821,32913,1285,66808,"",1.25,0.93,1.15,0.73,0.80,1.23,1.23,"",6,17.6,-4,-1.7,1174263,8.3,74609,2.7,5595,20.5,117,10.0,6052,10.0
"13135","5","238","75","0","2025","A","",2169,18291,1545611477,241376185,2996761,1625,84502,"",1.29,1.40,1.73,1.18,0.93,1.24,1.24,"",67,3.2,976,5.6,154950330,11.1,16350793,7.3,230891,8.3,80,5.2,4186,5.2
"13137","5","238","75","0","2025","A","",65,289,16005187,3826390,31617,1064,55349,"",1.15,0.55,0.59,0.52,0.29,1.07,1.07,"",-5,-7.1,-2,-0.7,748311,4.9,875,0.0,-17371,-35.5,55,5.5,2890,5.5
"13139","5","238","75","0","2025","A","",416,3293,237913865,44004242,413277,1389,72241,"",1.41,0.95,1.04,0.91,0.65,1.09,1.09,"",30,7.8,167,5.3,24594354,11.5,4786161,12.2,28240,7.3,77,5.9,4001,5.9
"13141","5","238","75","0","2025","A","N",4,0,0,0,0,0,0,"N",0.85,0,0,0,0,0,0,"N",0,0.0,0,0,0,0,0,0,0,0,0,0,0,0
"13143","5","238","75","0","2025","A","",63,447,30156610,5987852,52556,1298,67502,"",2.04,1.64,1.99,1.61,0.80,1.21,1.21,"",7,12.5,28,6.7,3131896,11.6,131222,2.2,2505,5.0,58,4.7,3017,4.7
"13145","5","238","75","0","2025","A","",64,408,21571529,4984311,59988,1017,52893,"",2.16,1.76,1.85,1.37,0.93,1.05,1.05,"",2,3.2,98,31.6,6031565,38.8,987473,24.7,14864,32.9,54,5.6,2791,5.6
"13147","5","238","75","0","2025","A","",44,290,17005318,3653637,44997,1129,58723,"",1.48,1.05,1.17,0.91,0.74,1.12,1.12,"",-3,-6.4,14,5.1,2023894,13.5,145543,4.1,-4776,-9.6,86,8.2,4475,8.2
"13149","5","238","75","0","2025","A","",18,134,10716023,2374083,51847,1541,80120,"",2.07,1.84,2.40,2.71,3.43,1.30,1.30,"",0,0.0,6,4.7,946935,9.7,140337,6.3,5928,12.9,79,5.4,4096,5.4
"13151","5","238","75","0","2025","A","",280,1422,98886792,17921544,211174,1337,69545,"",1.05,0.56,0.74,0.49,0.38,1.31,1.31,"",-2,-0.7,20,1.4,3155910,3.3,-572452,-3.1,-38035,-15.3,24,1.8,1263,1.8
"13153","5","238","75","0","2025","A","",136,1125,65257123,15106785,196591,1116,58024,"",0.79,0.51,0.50,0.69,0.64,0.98,0.97,"",0,0.0,-77,-6.4,1749727,2.8,-807276,-5.1,1384,0.7,100,9.8,5171,9.8
"13155","5","238","75","0","2025","A","N",4,0,0,0,0,0,0,"N",0.50,0,0,0,0,0,0,"N",0,0.0,0,0,0,0,0,0,0,0,0,0,0,0
"13157","5","238","75","0","2025","A","",191,1137,101100431,15476678,153643,1710,88899,"",1.76,0.78,1.29,0.63,0.36,1.65,1.65,"",4,2.1,85,8.1,24206133,31.5,1842525,13.5,9811,6.8,304,21.6,15788,21.6
"13159","5","238","75","0","2025","A","",35,116,6153391,1617807,20310,1017,52894,"",2.49,1.41,1.76,1.69,1.20,1.24,1.24,"",3,9.4,-6,-4.9,56684,0.9,113423,7.5,3199,18.7,59,6.2,3057,6.1
"13161","5","238","75","0","2025","A","N",9,0,0,0,0,0,0,"N",0.63,0,0,0,0,0,0,"N",2,28.6,0,0,0,0,0,0,0,0,0,0,0,0
"13163","5","238","75","0","2025","A","",29,170,9455741,2262015,25800,1071,55677,"",1.44,1.04,1.12,0.97,0.96,1.08,1.08,"",1,3.6,-12,-6.6,-496647,-5.0,-211379,-8.5,-399,-1.5,17,1.6,893,1.6
"13165","5","238","75","0","2025","A","",5,16,987638,291842,5836,1225,63719,"",0.75,0.28,0.37,0.39,0.61,1.36,1.36,"",0,0.0,5,45.5,275070,38.6,193801,197.7,3561,156.5,-60,-4.7,-3084,-4.6
"13167","5","238","75","0","2025","A","N",9,0,0,0,0,0,0,"N",1.30,0,0,0,0,0,0,"N",1,12.5,0,0,0,0,0,0,0,0,0,0,0,0
"13169","5","238","75","0","2025","A","",45,290,19432388,3581701,39734,1288,66951,"",2.22,2.05,2.77,2.09,1.77,1.35,1.35,"",1,2.3,6,2.1,1340324,7.4,187032,5.5,959,2.5,61,5.0,3153,4.9
"13171","5","238","75","0","2025","A","",34,156,10950261,2207723,22419,1353,70382,"",1.88,1.05,1.43,1.07,0.85,1.37,1.37,"",2,6.2,6,4.0,629308,6.1,121634,5.8,6024,36.7,34,2.6,1804,2.6
"13173","5","238","75","0","2025","A","",10,45,2146253,579243,9083,909,47257,"",1.51,0.98,1.02,1.17,1.61,1.03,1.03,"",-2,-16.7,6,15.4,612118,39.9,60361,11.6,591,7.0,159,21.2,8254,21.2
"13175","5","238","75","0","2025","A","",59,532,31399476,8371023,125572,1136,59059,"",0.97,0.78,0.85,0.97,1.01,1.09,1.09,"",5,9.3,10,1.9,951515,3.1,1836063,28.1,39739,46.3,14,1.2,692,1.2
"13177","5","238","75","0","2025","A","",58,650,38420494,8318924,103595,1137,59124,"",1.85,2.56,3.12,2.36,2.22,1.22,1.22,"",6,11.5,61,10.4,4628375,13.7,753827,10.0,-5211,-4.8,34,3.1,1760,3.1
"13179","5","238","75","0","2025","A","",36,193,9554126,2187254,15144,953,49567,"",0.66,0.29,0.27,0.29,0.15,0.92,0.92,"",1,2.9,22,12.9,1333611,16.2,82860,3.9,-4829,-24.2,29,3.1,1517,3.2
"13181","5","238","75","0","2025","A","",9,93,5738965,1020655,2784,1186,61654,"",0.95,1.92,2.72,1.78,0.39,1.42,1.42,"",0,0.0,-2,-2.1,258376,4.7,-21630,-2.1,-641,-18.7,72,6.5,3709,6.4
"13183","5","238","75","0","2025","A","",12,81,2703073,1000361,12139,640,33303,"",1.59,1.75,1.35,2.84,2.05,0.77,0.77,"",0,0.0,4,5.2,301300,12.5,93101,10.3,741,6.5,43,7.2,2279,7.3
"13185","5","238","75","0","2025","A","",176,1980,129800330,26699740,263203,1260,65539,"",1.09,1.20,1.57,1.20,0.94,1.31,1.31,"",4,2.3,-103,-4.9,-9295836,-6.7,-2090602,-7.3,-104530,-28.4,-24,-1.9,-1249,-1.9
"13187","5","238","75","0","2025","A","",57,403,28827002,5428879,112053,1374,71457,"",1.58,1.37,1.95,1.53,1.91,1.42,1.42,"",7,14.0,46,12.9,4112817,16.6,996023,22.5,60921,119.1,43,3.2,2262,3.3
"13189","5","238","75","0","2025","A","",36,231,13191596,2627005,47730,1098,57106,"",1.47,0.97,1.20,0.80,0.77,1.23,1.23,"",2,5.9,32,16.1,3404727,34.8,379743,16.9,13138,38.0,151,15.9,7885,16.0
"13191","5","238","75","0","2025","A","",18,114,4763470,1725608,38244,801,41663,"",1.44,1.85,1.79,2.33,3.23,0.97,0.97,"",-1,-5.3,36,46.2,772190,19.3,420592,32.2,13753,56.2,-185,-18.8,-9617,-18.8
"13193","5","238","75","0","2025","A","N",8,0,0,0,0,0,0,"N",0.71,0,0,0,0,0,0,"N",2,33.3,0,0,0,0,0,0,0,0,0,0,0,0
"13195","5","238","75","0","2025","A","",75,359,20464188,4751300,68517,1096,57003,"",2.97,2.54,3.00,2.57,1.99,1.18,1.18,"",7,10.3,81,29.1,6606801,47.7,1187671,33.3,24535,55.8,136,14.2,7066,14.1
"13197","5","238","75","0","2025","A","N",4,0,0,0,0,0,0,"N",0.72,0,0,0,0,0,0,"N",0,0.0,0,0,0,0,0,0,0,0,0,0,0,0
"13199","5","238","75","0","2025","A","",39,594,42808471,8624106,69806,1385,72008,"",1.84,3.52,4.82,3.80,1.57,1.37,1.37,"",3,8.3,56,10.4,5922617,16.1,1894401,28.1,-22620,-24.5,67,5.1,3489,5.1
"13201","5","238","75","0","2025","A","N",9,0,0,0,0,0,0,"N",1.10,0,0,0,0,0,0,"N",0,0.0,0,0,0,0,0,0,0,0,0,0,0,0
"13205","5","238","75","0","2025","A","",21,116,6203107,1539666,16708,1028,53437,"",0.91,0.53,0.60,0.50,0.35,1.12,1.12,"",-3,-12.5,9,8.4,865847,16.2,314835,25.7,2156,14.8,66,6.9,3400,6.8
"13207","5","238","75","0","2025","A","",57,506,29366260,6779652,74340,1116,58046,"",1.63,1.81,1.84,2.08,1.56,1.02,1.02,"",3,5.6,6,1.2,1580671,5.7,164415,2.5,2408,3.3,46,4.3,2428,4.4
"13209","5","238","75","0","2025","A","N",3,0,0,0,0,0,0,"N",0.42,0,0,0,0,0,0,"N",1,50.0,0,0,0,0,0,0,0,0,0,0,0,0
"13211","5","238","75","0","2025","A","",64,320,21171915,4385361,64043,1272,66145,"",1.81,1.05,1.25,0.91,0.78,1.19,1.18,"",4,6.7,28,9.6,471618,2.3,769810,21.3,15125,30.9,-91,-6.7,-4746,-6.7
"13213","5","238","75","0","2025","A","",30,124,5276431,1749767,31599,822,42724,"",1.12,0.45,0.42,0.49,0.67,0.92,0.92,"",0,0.0,-11,-8.1,-449057,-7.8,-167226,-8.7,-17598,-35.8,8,1.0,417,1.0
"13215","5","238","75","0","2025","A","",194,1869,111328327,25060496,294942,1145,59552,"",0.75,0.63,0.66,0.68,0.56,1.05,1.05,"",0,0.0,-25,-1.3,3769753,3.5,1603183,6.8,-33272,-10.1,53,4.9,2778,4.9
"13217","5","238","75","0","2025","A","",194,1635,123183763,21793408,187727,1449,75323,"",1.83,1.76,2.26,1.72,1.03,1.29,1.28,"",2,1.0,31,1.9,11855965,10.6,1241562,6.0,25093,15.4,114,8.5,5920,8.5
"13219","5","238","75","0","2025","A","",86,511,33761151,7274631,88520,1271,66112,"",1.04,0.89,1.09,0.84,0.71,1.23,1.23,"",4,4.9,33,6.9,2047316,6.5,897463,14.1,3796,4.5,-4,-0.3,-212,-0.3
"13221","5","238","75","0","2025","A","",36,209,12928460,2799916,54758,1192,61982,"",2.83,3.19,4.36,3.68,4.48,1.37,1.37,"",1,2.9,-84,-28.7,-3508253,-21.3,-2087978,-42.7,-38204,-41.1,112,10.4,5804,10.3
"13223","5","238","75","0","2025","A","",334,2089,137899319,28072237,334937,1270,66020,"",2.26,2.02,2.59,2.16,1.64,1.28,1.28,"",10,3.1,60,3.0,9568327,7.5,2206344,8.5,9058,2.8,54,4.4,2779,4.4
"13225","5","238","75","0","2025","A","",50,463,32447112,6425825,70263,1349,70131,"",1.55,1.28,1.57,1.26,0.64,1.22,1.22,"",6,13.6,25,5.7,1491174,4.8,806012,14.3,36185,106.2,-10,-0.7,-531,-0.8
"13227","5","238","75","0","2025","A","",75,537,34578871,8325640,108901,1239,64443,"",1.64,1.66,1.85,1.79,1.59,1.12,1.12,"",2,2.7,11,2.1,2103897,6.5,1514557,22.2,11270,11.5,52,4.4,2723,4.4
"13229","5","238","75","0","2025","A","",36,266,11505735,3764444,26112,833,43309,"",1.64,1.71,1.53,1.67,0.93,0.90,0.90,"",2,5.9,33,14.2,1060328,10.2,654414,21.0,-13278,-33.7,-28,-3.3,-1473,-3.3
"13231","5","238","75","0","2025","A","",62,627,41763748,9490419,97232,1282,66644,"",3.06,5.29,6.86,5.71,3.35,1.30,1.30,"",5,8.8,72,13.0,6449251,18.3,2459526,35.0,9345,10.6,58,4.7,2976,4.7
"13233","5","238","75","0","2025","A","",56,394,28292551,5094518,57720,1382,71854,"",1.46,1.06,1.50,0.96,0.78,1.42,1.42,"",2,3.7,45,12.9,3111135,12.4,611317,13.6,5364,10.2,-4,-0.3,-213,-0.3
"13235","5","238","75","0","2025","A","",11,78,4217049,1427683,7099,1039,54007,"",0.99,0.81,0.91,0.89,0.55,1.12,1.12,"",3,37.5,32,69.6,2179615,107.0,855704,149.6,-282,-3.8,189,22.2,9795,22.2
"13237","5","238","75","0","2025","A","",69,369,20924226,5130161,62194,1091,56731,"",2.23,1.73,2.01,1.79,1.54,1.16,1.16,"",9,15.0,41,12.5,3491554,20.0,843922,19.7,20079,47.7,67,6.5,3501,6.6
"13241","5","238","75","0","2025","A","",58,319,16667766,4069110,51990,1005,52277,"",1.91,1.67,2.00,1.44,1.01,1.20,1.20,"",4,7.4,39,13.9,2106169,14.5,566548,16.2,4899,10.4,5,0.5,271,0.5
"13243","5","238","75","0","2025","A","",6,13,575629,165719,1780,841,43719,"",0.77,0.23,0.24,0.24,0.20,0.99,0.99,"",0,0.0,1,8.3,70796,14.0,-1927,-1.1,-289,-14.0,32,4.0,1650,3.9
"13245","5","238","75","0","2025","A","",202,1779,106220160,24010286,186822,1148,59719,"",0.80,0.51,0.50,0.60,0.31,0.99,0.99,"",3,1.5,104,6.2,14420964,15.7,1596528,7.1,-20959,-10.1,94,8.9,4903,8.9
"13247","5","238","75","0","2025","A","",164,2310,223273735,29380603,257042,1859,96652,"",1.31,1.98,3.03,1.71,1.13,1.53,1.53,"",4,2.5,272,13.3,48419111,27.7,2074373,7.6,-4145,-1.6,209,12.7,10876,12.7
"13249","5","238","75","0","2025","A","",5,28,1728518,399045,8013,1205,62665,"",1.33,0.68,0.91,0.57,0.56,1.35,1.35,"",0,0.0,10,55.6,632463,57.7,144241,56.6,2755,52.4,60,5.2,3151,5.3
"13251","5","238","75","0","2025","A","",22,158,7788460,2026113,34897,946,49216,"",1.53,1.60,1.79,1.53,1.76,1.11,1.11,"",1,4.8,7,4.6,469357,6.4,128434,6.8,3153,9.9,11,1.2,611,1.3
"13253","5","238","75","0","2025","A","N",6,0,0,0,0,0,0,"N",0.55,0,0,0,0,0,0,"N",-2,-25.0,0,0,0,0,0,0,0,0,0,0,0,0
"13255","5","238","75","0","2025","A","",88,491,34009776,6573957,90204,1333,69313,"",1.20,0.62,0.83,0.66,0.68,1.34,1.34,"",7,8.6,2,0.4,5688112,20.1,867448,15.2,14488,19.1,220,19.8,11415,19.7
"13257","5","238","75","0","2025","A","",39,178,9328270,2217079,35061,1005,52284,"",1.24,0.65,0.68,0.58,0.84,1.04,1.04,"",2,5.4,-2,-1.1,195754,2.1,-181313,-7.6,-12083,-25.6,28,2.9,1501,3.0
"13259","5","238","75","0","2025","A","N",2,0,0,0,0,0,0,"N",0.45,0,0,0,0,0,0,"N",0,0.0,0,0,0,0,0,0,0,0,0,0,0,0
"13261","5","238","75","0","2025","A","",28,195,9894931,2346753,35911,976,50765,"",0.80,0.60,0.67,0.60,0.77,1.11,1.11,"",2,7.7,-1,-0.5,82570,0.8,69795,3.1,-8474,-19.1,14,1.5,723,1.4
"13263","5","238","75","0","2025","A","",7,124,5253181,1268696,5964,812,42222,"",1.40,3.77,3.12,2.73,1.11,0.83,0.83,"",0,0.0,-11,-8.1,-101702,-1.9,-117445,-8.5,-647,-9.8,51,6.7,2654,6.7
"13267","5","238","75","0","2025","A","",27,186,9497066,2430911,31880,984,51151,"",1.23,0.98,1.02,0.99,1.06,1.04,1.04,"",3,12.5,19,11.4,1139257,13.6,190035,8.5,8677,37.4,23,2.4,1204,2.4
"13269","5","238","75","0","2025","A","",11,74,4779895,1046149,15410,1242,64593,"",1.22,1.39,1.60,1.34,1.18,1.15,1.15,"",0,0.0,-4,-5.1,-227707,-4.5,-251042,-19.4,-5357,-25.8,2,0.2,117,0.2
"13271","5","238","75","0","2025","A","",6,44,3007769,714867,24424,1330,69144,"",0.54,0.62,0.97,0.91,1.96,1.58,1.58,"",1,20.0,1,2.3,568321,23.3,123285,20.8,-1917,-7.3,245,22.6,12741,22.6
"13273","5","238","75","0","2025","A","",8,60,4123279,855803,1930,1327,69009,"",0.74,0.85,1.26,0.96,0.11,1.48,1.48,"",0,0.0,-4,-6.2,-25839,-0.6,31909,3.9,-8444,-81.4,84,6.8,4347,6.7
"13275","5","238","75","0","2025","A","",64,426,23534164,5646283,38835,1062,55223,"",0.85,0.61,0.60,0.63,0.34,0.99,0.99,"",-23,-26.4,28,7.0,1387420,6.3,873145,18.3,-6138,-13.6,-7,-0.7,-376,-0.7
"13277","5","238","75","0","2025","A","",41,230,12911909,3222931,42215,1082,56241,"",0.70,0.32,0.34,0.35,0.36,1.06,1.06,"",0,0.0,-10,-4.2,39752,0.3,-113874,-3.4,-1466,-3.4,52,5.0,2663,5.0
"13279","5","238","75","0","2025","A","",28,127,6004994,1602183,20773,912,47439,"",0.73,0.32,0.32,0.28,0.29,1.02,1.02,"",2,7.7,-9,-6.6,25991,0.4,14898,0.9,12,0.1,66,7.8,3422,7.8
"13281","5","238","75","0","2025","A","",25,130,6649147,1490184,14319,985,51246,"",1.40,1.15,1.24,0.91,0.60,1.08,1.08,"",5,25.0,37,39.8,2375219,55.6,364072,32.3,1370,10.6,105,11.9,5495,12.0
"13283","5","238","75","0","2025","A","N",2,0,0,0,0,0,0,"N",0.39,0,0,0,0,0,0,"N",0,0.0,0,0,0,0,0,0,0,0,0,0,0,0
"13285","5","238","75","0","2025","A","",100,1138,95300133,16999004,97225,1610,83713,"",1.12,0.79,1.11,0.74,0.35,1.39,1.39,"",3,3.1,123,12.1,15594374,19.6,2904735,20.6,14126,17.0,99,6.6,5153,6.6
"13287","5","238","75","0","2025","A","N",3,0,0,0,0,0,0,"N",0.34,0,0,0,0,0,0,"N",-1,-25.0,0,0,0,0,0,0,0,0,0,0,0,0
"13289","5","238","75","0","2025","A","N",6,0,0,0,0,0,0,"N",1.06,0,0,0,0,0,0,"N",0,0.0,0,0,0,0,0,0,0,0,0,0,0,0
"13291","5","238","75","0","2025","A","",63,198,9451134,2663270,36116,919,47773,"",1.63,0.75,0.74,0.71,0.77,0.98,0.98,"",-2,-3.1,-12,-5.7,-562259,-5.6,-57474,-2.1,-13653,-27.4,0,0.0,-5,0.0
"13293","5","238","75","0","2025","A","",28,168,12838807,2138650,43352,1469,76384,"",1.07,0.69,1.08,0.76,1.03,1.55,1.55,"",3,12.0,-2,-1.2,364990,2.9,-75100,-3.4,-8240,-16.0,59,4.2,3080,4.2
"13295","5","238","75","0","2025","A","",60,444,29162911,6557948,130422,1264,65732,"",1.32,0.89,1.23,0.97,1.49,1.38,1.38,"",5,9.1,-14,-3.1,-1995393,-6.4,-345291,-5.0,-116399,-47.2,-43,-3.3,-2250,-3.3
"13297","5","238","75","0","2025","A","",281,1997,139624165,27359367,235518,1345,69917,"",2.40,2.26,2.81,2.07,1.42,1.25,1.25,"",8,2.9,137,7.4,14705319,11.8,2865104,11.7,-5346,-2.2,53,4.1,2753,4.1
"13299","5","238","75","0","2025","A","",43,284,13868679,3697642,34967,937,48748,"",0.89,0.59,0.61,0.62,0.52,1.02,1.02,"",-2,-4.4,-70,-19.8,-2240504,-13.9,-832276,-18.4,-9314,-21.0,61,7.0,3210,7.0
"13301","5","238","75","0","2025","A","N",1,0,0,0,0,0,0,"N",0.21,0,0,0,0,0,0,"N",0,0.0,0,0,0,0,0,0,0,0,0,0,0,0
"13303","5","238","75","0","2025","A","",15,327,21721399,5891033,50706,1277,66392,"",0.72,1.51,1.92,1.75,1.47,1.27,1.27,"",-3,-16.7,89,37.4,6932867,46.9,2926483,98.7,27312,116.7,83,7.0,4299,6.9
"13305","5","238","75","0","2025","A","",58,610,36443617,8465960,108622,1148,59695,"",1.70,2.02,2.29,2.22,2.28,1.14,1.14,"",1,1.8,16,2.7,2923021,8.7,467613,5.8,10568,10.8,63,5.8,3287,5.8
"13309","5","238","75","0","2025","A","N",3,0,0,0,0,0,0,"N",0.76,0,0,0,0,0,0,"N",0,0.0,0,0,0,0,0,0,0,0,0,0,0,0
"13311","5","238","75","0","2025","A","",66,459,27583867,5652067,44861,1155,60085,"",1.57,1.46,2.13,1.40,0.89,1.46,1.46,"",-2,-2.9,-23,-4.8,377558,1.4,-200940,-3.4,-5231,-10.4,69,6.4,3631,6.4
"13313","5","238","75","0","2025","A","",148,967,60143383,12117772,123564,1196,62217,"",1.11,0.52,0.57,0.43,0.36,1.10,1.10,"",6,4.2,32,3.4,1194190,2.0,337532,2.9,-4153,-3.3,-17,-1.4,-853,-1.4
"13315","5","238","75","0","2025","A","N",5,0,0,0,0,0,0,"N",0.87,0,0,0,0,0,0,"N",0,0.0,0,0,0,0,0,0,0,0,0,0,0,0
"13317","5","238","75","0","2025","A","",12,388,34245082,4909265,43778,1696,88204,"",0.99,4.19,7.12,4.43,3.18,1.70,1.70,"",0,0.0,11,2.9,1345118,4.1,144224,3.0,-3306,-7.0,17,1.0,917,1.1
"13319","5","238","75","0","2025","A","N",14,0,0,0,0,0,0,"N",1.63,0,0,0,0,0,0,"N",0,0.0,0,0,0,0,0,0,0,0,0,0,0,0
"13321","5","238","75","0","2025","A","",20,91,4077605,1193603,14120,859,44645,"",1.11,0.88,0.92,1.02,0.90,1.04,1.04,"",1,5.3,18,24.7,687467,20.3,244986,25.8,3590,34.1,-32,-3.6,-1689,-3.6
"13999","5","238","75","0","2025","A","",857,4129,364479861,64496915,1022676,1697,88268,"",0.39,0.53,0.42,0.42,0.32,0.80,0.80,"",-108,-11.2,-90,-2.1,8848184,2.5,-2361459,-3.5,-371501,-26.6,76,4.7,3967,4.7
"15000","5","238","55","0","2025","A","",2601,21389,1896241520,1286907829,26652782,1705,88655,"",0.86,0.99,1.24,1.21,1.65,1.25,1.25,"",31,1.2,380,1.8,112052877,6.3,73867087,6.1,-5617799,-17.4,72,4.4,3730,4.4
"15001","5","238","75","0","2025","A","N",418,0,0,0,0,0,0,"N",1.15,0,0,0,0,0,0,"N",10,2.5,0,0,0,0,0,0,0,0,0,0,0,0
"15003","5","238","75","0","2025","A","",1524,15928,1473075812,976735870,21333957,1779,92484,"",0.96,1.05,1.32,1.35,2.00,1.26,1.26,"",18,1.2,325,2.1,93159909,6.8,60740513,6.6,-4288179,-16.7,78,4.6,4046,4.6
"15007","5","238","75","0","2025","A","N",202,0,0,0,0,0,0,"N",1.17,0,0,0,0,0,0,"N",4,2.0,0,0,0,0,0,0,0,0,0,0,0,0
"15009","5","238","75","0","2025","A","",449,2336,189091697,137740130,2494064,1557,80950,"",1.16,0.94,1.18,1.00,1.16,1.26,1.26,"",-3,-0.7,10,0.4,4463499,2.4,1917072,1.4,-661446,-21.0,30,2.0,1557,2.0
"15999","5","238","75","0","2025","A","N",8,0,0,0,0,0,0,"N",0.02,0,0,0,0,0,0,"N",2,33.3,0,0,0,0,0,0,0,0,0,0,0,0
"16000","5","238","55","0","2025","A","",8499,47242,3123316890,2377873840,19791515,1271,66113,"",1.71,1.62,1.71,1.69,1.41,1.06,1.06,"",-298,-3.4,2428,5.4,412309842,15.2,254429663,12.0,-952028,-4.6,108,9.3,5619,9.3
"16001","5","238","75","0","2025","A","",1634,14647,1119837336,795838501,6278142,1470,76455,"",1.30,1.48,1.54,1.58,1.28,1.03,1.03,"",-258,-13.6,1191,8.9,211014571,23.2,121795552,18.1,185866,3.1,171,13.2,8917,13.2
"16003","5","238","75","0","2025","A","",33,64,3126376,2907477,20901,946,49170,"",3.15,1.90,1.55,2.21,1.15,0.82,0.82,"",0,0.0,-5,-7.2,-17286,-0.5,35268,1.2,-4899,-19.0,69,7.9,3555,7.8
"16005","5","238","75","0","2025","A","",274,2005,127834100,103023295,1327085,1226,63744,"",1.70,1.57,1.99,1.90,2.46,1.27,1.27,"",6,2.2,149,8.0,24735247,24.0,17288944,20.2,252224,23.5,158,14.8,8210,14.8
"16007","5","238","75","0","2025","A","N",26,0,0,0,0,0,0,"N",1.78,0,0,0,0,0,0,"N",2,8.3,0,0,0,0,0,0,0,0,0,0,0,0
"16009","5","238","75","0","2025","A","",30,64,3134039,2659138,21300,934,48590,"",1.46,0.55,0.46,0.57,0.48,0.83,0.83,"",-4,-11.8,1,1.6,447456,16.7,331210,14.2,-422,-1.9,110,13.3,5719,13.3
"16011","5","238","75","0","2025","A","",154,948,55415833,43014858,392532,1124,58471,"",2.06,1.71,2.05,1.79,1.78,1.20,1.20,"",2,1.3,-3,-0.3,2598250,4.9,1545507,3.7,-71949,-15.5,56,5.2,2956,5.3
"16013","5","238","75","0","2025","A","",264,1619,101730041,79214126,530113,1208,62835,"",2.41,3.35,3.36,3.13,1.91,1.00,1.00,"",-5,-1.9,-45,-2.7,1424180,1.4,846087,1.1,-138357,-20.7,49,4.2,2555,4.2
"16015","5","238","75","0","2025","A","",32,74,4056122,3395158,28596,1058,54998,"",2.50,1.21,1.29,1.88,1.16,1.07,1.07,"",-2,-5.9,-4,-5.1,-396696,-8.9,-297307,-8.1,-9554,-25.0,-37,-3.4,-1968,-3.5
"16017","5","238","75","0","2025","A","",233,662,35056664,30314884,295185,1019,52969,"",1.90,1.22,1.19,1.18,0.96,0.98,0.98,"",3,1.3,14,2.2,1876170,5.7,1344450,4.6,-56903,-16.2,35,3.6,1797,3.5
"16019","5","238","75","0","2025","A","",553,3146,192776158,153551413,1239460,1178,61277,"",1.96,1.48,1.77,1.51,1.30,1.20,1.20,"",18,3.4,221,7.6,23851942,14.1,19028344,14.1,-100183,-7.5,67,6.0,3528,6.1
"16021","5","238","75","0","2025","A","",69,202,10722080,8919316,82885,1021,53080,"",2.32,1.45,1.43,1.45,1.09,0.99,0.99,"",-2,-2.8,8,4.1,677247,6.7,701370,8.5,-9822,-10.6,27,2.7,1391,2.7
"16023","5","238","75","0","2025","A","",8,43,3019607,2118093,19983,1364,70911,"",1.12,0.13,0.07,0.20,0.22,0.59,0.59,"",-1,-11.1,6,16.2,655693,27.7,599773,39.5,2130,11.9,130,10.5,6732,10.5
"16025","5","238","75","0","2025","A","N",6,0,0,0,0,0,0,"N",1.64,0,0,0,0,0,0,"N",-1,-14.3,0,0,0,0,0,0,0,0,0,0,0,0
"16027","5","238","75","0","2025","A","",1501,9273,572795015,451432323,3331838,1188,61771,"",3.51,3.07,3.49,3.04,2.16,1.14,1.14,"",-111,-6.9,378,4.2,59489762,11.6,35497158,8.5,-476982,-12.5,78,7.0,4067,7.0
"16029","5","238","75","0","2025","A","N",18,0,0,0,0,0,0,"N",1.14,0,0,0,0,0,0,"N",1,5.9,0,0,0,0,0,0,0,0,0,0,0,0
"16031","5","238","75","0","2025","A","",64,296,14840712,13176214,87096,964,50152,"",1.14,0.70,0.67,0.62,0.47,0.96,0.96,"",2,3.2,16,5.7,625096,4.4,950325,7.8,-12290,-12.4,-14,-1.4,-694,-1.4
"16033","5","238","75","0","2025","A","N",3,0,0,0,0,0,0,"N",1.31,0,0,0,0,0,0,"N",0,0.0,0,0,0,0,0,0,0,0,0,0,0,0
"16035","5","238","75","0","2025","A","",27,78,4199667,3577643,30120,1039,54015,"",1.62,0.85,0.88,1.22,0.71,1.04,1.04,"",-3,-10.0,-10,-11.4,-444971,-9.6,-326865,-8.4,-13550,-31.0,27,2.7,1385,2.6
"16037","5","238","75","0","2025","A","",18,32,1185368,1127095,10675,701,36473,"",1.31,0.60,0.44,0.52,0.59,0.73,0.73,"",0,0.0,-5,-13.5,-67031,-5.4,-68184,-5.7,-2732,-20.4,49,7.5,2548,7.5
"16039","5","238","75","0","2025","A","",55,240,12792461,11055103,83715,1026,53358,"",1.48,0.95,1.03,1.14,0.95,1.08,1.08,"",1,1.9,8,3.4,907712,7.6,699941,6.8,-16133,-16.2,43,4.4,2222,4.3
"16041","5","238","75","0","2025","A","",64,249,18147787,11668059,75270,1401,72834,"",2.30,1.79,2.75,2.23,1.50,1.54,1.54,"",4,6.7,-1,-0.4,2239378,14.1,460519,4.1,-13085,-14.8,179,14.6,9285,14.6
"16043","5","238","75","0","2025","A","",64,225,11220438,9714630,92507,958,49795,"",2.21,1.77,1.86,2.12,1.82,1.05,1.05,"",0,0.0,-5,-2.2,924326,9.0,556572,6.1,-8169,-8.1,97,11.3,5046,11.3
"16045","5","238","75","0","2025","A","",98,274,14307490,12053910,97781,1005,52281,"",2.93,1.78,2.01,1.94,1.39,1.13,1.13,"",-13,-11.7,-12,-4.2,-17846,-0.1,-3067,0.0,-16530,-14.5,43,4.5,2251,4.5
"16047","5","238","75","0","2025","A","",54,202,10255022,8712343,71214,976,50767,"",1.74,0.91,0.88,0.81,0.92,0.97,0.97,"",-2,-3.6,6,3.1,741220,7.8,593569,7.3,-6748,-8.7,41,4.4,2165,4.5
"16049","5","238","75","0","2025","A","",51,260,13941408,11714343,92106,1032,53672,"",1.44,1.70,1.84,2.23,1.63,1.09,1.09,"",-7,-12.1,-4,-1.5,1021911,7.9,445950,4.0,-16894,-15.5,92,9.8,4781,9.8
"16051","5","238","75","0","2025","A","",164,920,49446399,41407140,344652,1033,53722,"",2.71,3.30,3.99,3.40,2.85,1.21,1.21,"",0,0.0,87,10.4,6555979,15.3,5291605,14.7,-25019,-6.8,42,4.2,2207,4.3
"16053","5","238","75","0","2025","A","",94,480,30410913,23596629,161416,1217,63301,"",2.03,1.16,1.36,1.02,0.83,1.16,1.16,"",4,4.4,19,4.1,1945617,6.8,1916900,8.8,-23655,-12.8,30,2.5,1588,2.6
"16055","5","238","75","0","2025","A","",1006,4664,294060516,235013944,2123876,1213,63054,"",2.31,1.94,2.06,2.05,1.72,1.07,1.06,"",15,1.5,142,3.1,23772716,8.8,18428098,8.5,-268936,-11.2,64,5.6,3283,5.5
"16057","5","238","75","0","2025","A","",104,412,21706743,17901890,133563,1014,52729,"",1.49,0.82,0.86,1.16,0.83,1.05,1.05,"",3,3.0,-6,-1.4,211082,1.0,96689,0.5,-39129,-22.7,25,2.5,1304,2.5
"16059","5","238","75","0","2025","A","",24,158,9579149,7772642,67474,1169,60788,"",1.09,1.69,1.99,2.45,2.00,1.18,1.18,"",-3,-11.1,2,1.3,370407,4.0,273720,3.7,-13555,-16.7,32,2.8,1663,2.8
"16061","5","238","75","0","2025","A","N",15,0,0,0,0,0,0,"N",1.28,0,0,0,0,0,0,"N",-2,-11.8,0,0,0,0,0,0,0,0,0,0,0,0
"16063","5","238","75","0","2025","A","",32,122,6276973,5301090,42475,991,51521,"",3.18,2.11,2.15,2.11,1.66,1.02,1.02,"",0,0.0,3,2.5,573102,10.0,436171,9.0,-6841,-13.9,72,7.8,3723,7.8
"16065","5","238","75","0","2025","A","",147,477,23201155,20808713,169699,935,48640,"",1.72,0.80,0.89,1.08,0.94,1.11,1.11,"",9,6.5,42,9.7,3551183,18.1,3128144,17.7,-6983,-4.0,66,7.6,3468,7.7
"16067","5","238","75","0","2025","A","",59,399,26469416,19465873,124669,1275,66326,"",1.55,1.29,1.64,1.28,0.90,1.27,1.27,"",-1,-1.7,-1,-0.2,1018550,4.0,870486,4.7,-27038,-17.8,50,4.1,2646,4.2
"16069","5","238","75","0","2025","A","",96,724,50978001,35605517,447191,1355,70436,"",1.35,0.99,1.24,0.97,1.40,1.25,1.25,"",-10,-9.4,56,8.4,9616276,23.2,3488056,10.9,118802,36.2,164,13.8,8502,13.7
"16071","5","238","75","0","2025","A","",12,33,1722292,1429846,10863,994,51669,"",1.36,0.60,0.70,1.06,0.91,1.15,1.15,"",0,0.0,6,22.2,608389,54.6,459760,47.4,1730,18.9,188,23.3,9767,23.3
"16073","5","238","75","0","2025","A","",42,172,9424489,7703889,64016,1057,54953,"",2.23,1.50,1.66,1.48,1.20,1.11,1.11,"",-1,-2.3,39,29.3,3084085,48.6,2231330,40.8,12055,23.2,139,15.1,7221,15.1
"16075","5","238","75","0","2025","A","",81,326,18232817,14774975,142084,1076,55929,"",1.89,1.35,1.46,1.31,1.16,1.08,1.08,"",7,9.5,31,10.5,3584655,24.5,1679325,12.8,-12929,-8.3,120,12.6,6204,12.5
"16077","5","238","75","0","2025","A","",16,61,3150591,2767893,16354,988,51368,"",1.18,0.47,0.41,0.41,0.25,0.89,0.89,"",-3,-15.8,5,8.9,155158,5.2,315240,12.9,-2346,-12.5,-41,-4.0,-2122,-4.0
"16079","5","238","75","0","2025","A","",37,130,8746501,7277216,115130,1293,67238,"",1.55,0.79,0.93,0.93,1.57,1.18,1.18,"",-2,-5.1,-6,-4.4,-356416,-3.9,68646,1.0,-19311,-14.4,4,0.3,223,0.3
"16081","5","238","75","0","2025","A","",100,516,32251694,26574462,218119,1203,62544,"",2.23,3.15,3.60,3.22,2.36,1.15,1.14,"",2,2.0,15,3.0,2361809,7.9,913676,3.6,-27193,-11.1,56,4.9,2923,4.9
"16083","5","238","75","0","2025","A","",324,1539,95793856,74295087,701045,1197,62244,"",1.66,1.08,1.34,1.18,1.18,1.24,1.24,"",-10,-3.0,148,10.6,19472821,25.5,12454199,20.1,61211,9.6,142,13.5,7366,13.4
"16085","5","238","75","0","2025","A","",102,285,16548177,13891600,142172,1118,58132,"",2.35,1.48,1.59,1.77,1.57,1.08,1.08,"",-4,-3.8,-10,-3.4,-193714,-1.2,-65325,-0.5,-21406,-13.1,28,2.6,1428,2.5
"16087","5","238","75","0","2025","A","N",37,0,0,0,0,0,0,"N",2.04,0,0,0,0,0,0,"N",2,5.7,0,0,0,0,0,0,0,0,0,0,0,0
"16999","5","238","75","0","2025","A","",671,890,76758516,48573413,421676,1660,86294,"",0.75,1.08,0.85,0.78,0.57,0.79,0.79,"",59,9.6,-36,-3.9,3622376,5.0,113066,0.2,-86786,-17.1,141,9.3,7328,9.3
"17000","5","238","55","0","2025","A","",19478,156648,14096215863,2934788828,153800566,1731,89986,"",1.05,0.77,0.87,0.77,0.97,1.12,1.12,"",-538,-2.7,1101,0.7,444369071,3.3,94583527,3.3,-9052405,-5.6,43,2.5,2219,2.5
"17001","5","238","75","0","2025","A","",133,818,52995375,13179836,332847,1246,64787,"",1.55,0.76,0.87,0.74,0.67,1.15,1.15,"",-3,-2.2,36,4.6,3150980,6.3,900584,7.3,-78570,-19.1,20,1.6,1054,1.7
"17003","5","238","75","0","2025","A","N",2,0,0,0,0,0,0,"N",0.44,0,0,0,0,0,0,"N",1,100.0,0,0,0,0,0,0,0,0,0,0,0,0
"17005","5","238","75","0","2025","A","",26,77,3559540,1468453,69714,885,46029,"",1.65,0.51,0.44,0.60,0.78,0.86,0.87,"",2,8.3,-2,-2.5,-280056,-7.3,-17937,-1.2,-11655,-14.3,-46,-4.9,-2369,-4.9
"17007","5","238","75","0","2025","A","",94,1154,85419289,21768856,1109217,1423,74004,"",2.19,3.05,3.94,2.80,2.65,1.29,1.29,"",2,2.2,-94,-7.5,-6093269,-6.7,-871844,-3.9,-200258,-15.3,13,0.9,696,0.9
"17009","5","238","75","0","2025","A","",8,15,646541,220261,3270,843,43833,"",1.30,0.09,0.06,0.07,0.04,0.63,0.63,"N",0,0.0,0,0,0,0,0,0,0,0,0,0,0,0
"17011","5","238","75","0","2025","A","",39,205,12699138,4224415,190579,1192,61997,"",1.05,0.61,0.67,0.62,0.78,1.10,1.10,"",-5,-11.4,12,6.2,1405585,12.4,511989,13.8,13265,7.5,69,6.1,3607,6.2
"17013","5","238","75","0","2025","A","",5,21,1661099,397312,21371,1552,80701,"",1.16,0.84,1.78,1.07,2.14,2.15,2.15,"",-1,-16.7,0,0.0,-200013,-10.7,-71092,-15.2,-717,-3.2,-146,-8.6,-7573,-8.6
"17015","5","238","75","0","2025","A","",33,145,8136355,2668269,113040,1079,56113,"",1.70,1.06,1.15,1.30,1.60,1.08,1.08,"",0,0.0,19,15.1,1503869,22.7,317611,13.5,3098,2.8,65,6.4,3370,6.4
"17017","5","238","75","0","2025","A","",17,79,4535810,1354921,66323,1108,57598,"",1.32,0.51,0.53,0.43,0.64,1.04,1.04,"N",0,0.0,0,0,0,0,0,0,0,0,0,0,0,0
"17019","5","238","75","0","2025","A","",222,2506,192473230,45778852,2492136,1477,76792,"",1.10,0.79,0.92,1.06,1.45,1.17,1.17,"",-2,-0.9,-18,-0.7,10902030,6.0,1205904,2.7,-15034,-0.6,94,6.8,4856,6.8
"17021","5","238","75","0","2025","A","",52,216,12851048,3630506,142829,1143,59450,"",1.53,0.70,0.79,0.75,0.89,1.13,1.14,"",1,2.0,-14,-6.1,-830061,-6.1,-238826,-6.2,-33448,-19.0,0,0.0,10,0.0
"17023","5","238","75","0","2025","A","",22,79,3741870,1348279,45963,915,47566,"",1.33,0.55,0.55,0.53,0.49,1.02,1.02,"N",1,4.8,0,0,0,0,0,0,0,0,0,0,0,0
"17025","5","238","75","0","2025","A","",13,30,1475107,549549,15994,951,49445,"",0.89,0.19,0.18,0.18,0.14,0.95,0.95,"",3,30.0,3,11.1,290289,24.5,143727,35.4,3846,31.7,102,12.0,5290,12.0
"17027","5","238","75","0","2025","A","",92,640,42055504,12369978,540950,1264,65729,"",2.03,1.50,1.83,1.75,2.31,1.22,1.22,"",-2,-2.1,-17,-2.6,2457917,6.2,263626,2.2,-87992,-14.0,106,9.2,5497,9.1
"17029","5","238","75","0","2025","A","",70,464,31356282,7948340,310689,1301,67651,"",1.41,0.59,0.70,0.61,0.79,1.20,1.20,"",4,6.1,-18,-3.7,-30218,-0.1,-139795,-1.7,-69720,-18.3,49,3.9,2534,3.9
"17031","5","238","75","0","2025","A","",6080,49027,4783821054,912384549,49203651,1876,97576,"",0.91,0.56,0.61,0.56,0.70,1.08,1.08,"",-84,-1.4,-779,-1.6,-220178871,-4.4,1666250,0.2,-4468789,-8.3,-56,-2.9,-2894,-2.9
"17033","5","238","75","0","2025","A","",22,170,12949388,3389725,180219,1469,76398,"",1.07,0.67,0.76,0.66,1.17,1.14,1.14,"",0,0.0,-9,-5.0,2010357,18.4,-131517,-3.7,-79180,-30.5,293,24.9,15258,25.0
"17035","5","238","75","0","2025","A","",17,76,4746983,1595823,57152,1202,62529,"",1.76,0.79,0.99,0.85,1.00,1.27,1.27,"",3,21.4,-3,-3.8,497369,11.7,253847,18.9,-13802,-19.5,166,16.0,8680,16.1
"17037","5","238","75","0","2025","A","",173,1142,93368311,21948656,973797,1572,81765,"",1.78,0.94,1.29,1.16,1.31,1.37,1.37,"",-3,-1.7,40,3.6,9722487,11.6,1980189,9.9,-18587,-1.9,112,7.7,5867,7.7
"17039","5","238","75","0","2025","A","",28,226,15351479,3678600,135602,1304,67802,"",1.70,1.33,1.25,1.15,1.20,0.94,0.94,"",-1,-3.4,1,0.4,539168,3.6,57310,1.6,17668,15.0,37,2.9,1896,2.9
"17041","5","238","75","0","2025","A","",46,279,18756158,4885006,124355,1292,67186,"",1.58,1.10,1.26,0.97,0.97,1.15,1.15,"",-3,-6.1,12,4.5,1020453,5.8,330781,7.3,-15150,-10.9,14,1.1,719,1.1
"17043","5","238","75","0","2025","A","",1890,22002,2247068940,406667296,22587219,1964,102132,"",1.14,1.05,1.30,0.95,1.25,1.25,1.25,"",-26,-1.4,502,2.3,200309734,9.8,19491060,5.0,-284757,-1.2,133,7.3,6932,7.3
"17045","5","238","75","0","2025","A","",24,67,3157893,1136756,28406,912,47428,"",1.42,0.28,0.23,0.28,0.17,0.82,0.83,"",-1,-4.0,8,13.6,414219,15.1,125968,12.5,-1328,-4.5,23,2.6,1186,2.6
"17047","5","238","75","0","2025","A","",10,51,2592860,904669,38975,978,50840,"",1.41,0.90,0.98,0.83,1.05,1.09,1.09,"",0,0.0,-2,-3.8,29519,1.2,26367,3.0,4237,12.2,45,4.8,2323,4.8
"17049","5","238","75","0","2025","A","",86,843,56529226,14416939,582454,1290,67077,"",1.43,1.08,1.30,0.97,1.23,1.21,1.21,"",-3,-3.4,57,7.3,4987064,9.7,1368619,10.5,-29622,-4.8,30,2.4,1543,2.4
"17051","5","238","75","0","2025","A","",30,196,11206627,3562483,140402,1097,57031,"",1.35,1.18,1.44,1.29,1.49,1.22,1.22,"",-4,-11.8,-23,-10.5,-421219,-3.6,-252422,-6.6,-10303,-6.8,75,7.3,3895,7.3
"17053","5","238","75","0","2025","A","",25,98,5654868,1566588,52598,1115,57999,"",1.40,0.53,0.52,0.53,0.56,0.99,0.99,"",-1,-3.8,3,3.2,284384,5.3,36583,2.4,-10186,-16.2,29,2.7,1517,2.7
"17055","5","238","75","0","2025","A","",41,390,23510367,6587890,367396,1158,60206,"",1.21,1.30,1.63,1.29,1.68,1.25,1.25,"",-3,-6.8,-9,-2.3,582123,2.5,-79181,-1.2,-89394,-19.6,52,4.7,2694,4.7
"17057","5","238","75","0","2025","A","",28,176,10973962,3088585,123729,1196,62175,"",0.90,0.61,0.80,0.73,0.92,1.30,1.30,"",-4,-12.5,-3,-1.7,454798,4.3,42437,1.4,-9723,-7.3,66,5.8,3436,5.8
"17059","5","238","75","0","2025","A","N",4,0,0,0,0,0,0,"N",0.66,0,0,0,0,0,0,"N",1,33.3,0,0,0,0,0,0,0,0,0,0,0,0
"17061","5","238","75","0","2025","A","",11,39,1776233,602144,19944,867,45063,"",0.91,0.52,0.55,0.56,0.64,1.05,1.05,"N",0,0.0,0,0,0,0,0,0,0,0,0,0,0,0
"17063","5","238","75","0","2025","A","",98,759,64655129,13675269,800923,1639,85203,"",1.67,0.99,1.17,0.96,1.32,1.19,1.19,"",0,0.0,-3,-0.4,431079,0.7,3466,0.0,-92007,-10.3,19,1.2,947,1.1
"17065","5","238","75","0","2025","A","",10,34,1905474,675945,33732,1080,56181,"",0.99,0.49,0.50,0.59,1.02,1.02,1.02,"",0,0.0,-6,-15.0,-66210,-3.4,-71407,-9.6,-4130,-10.9,132,13.9,6889,14.0
"17067","5","238","75","0","2025","A","",12,178,14835142,4184607,58148,1605,83461,"",0.60,1.25,2.15,1.88,0.94,1.72,1.72,"",-1,-7.7,77,76.2,6675754,81.8,1965691,88.6,-26136,-31.0,46,3.0,2407,3.0
"17071","5","238","75","0","2025","A","N",4,0,0,0,0,0,0,"N",0.58,0,0,0,0,0,0,"N",0,0.0,0,0,0,0,0,0,0,0,0,0,0,0
"17073","5","238","75","0","2025","A","",70,870,73648110,16002446,948985,1628,84653,"",1.42,1.86,3.01,2.23,3.23,1.62,1.62,"",-8,-10.3,83,10.5,8343713,12.8,1254024,8.5,-28366,-2.9,33,2.1,1700,2.0
"17075","5","238","75","0","2025","A","",33,199,15206362,3398576,160860,1472,76542,"",1.04,0.85,1.25,0.88,1.30,1.48,1.48,"",-7,-17.5,8,4.2,2166288,16.6,194142,6.1,9100,6.0,162,12.4,8418,12.4
"17077","5","238","75","0","2025","A","",62,758,56915358,15496800,995330,1443,75061,"",1.13,0.82,1.12,1.38,2.20,1.36,1.36,"",-3,-4.6,50,7.1,7207525,14.5,1831029,13.4,33287,3.5,93,6.9,4844,6.9
"17079","5","238","75","0","2025","A","",24,150,12482487,3077610,194495,1605,83448,"",2.01,2.09,3.38,2.60,4.83,1.62,1.62,"",2,9.1,20,15.4,706699,6.0,159333,5.5,-3930,-2.0,-131,-7.5,-6846,-7.6
"17081","5","238","75","0","2025","A","",49,351,26547264,6981443,340060,1453,75561,"",1.17,0.54,0.68,0.56,0.64,1.26,1.26,"",2,4.3,65,22.7,6135464,30.1,1773125,34.0,68501,25.2,80,5.8,4170,5.8
"17083","5","238","75","0","2025","A","",26,233,16647547,4405953,240441,1374,71449,"",1.38,1.36,2.05,1.76,2.52,1.50,1.51,"",-2,-7.1,-3,-1.3,746251,4.7,-228867,-4.9,-20821,-8.0,77,5.9,4023,6.0
"17085","5","238","75","0","2025","A","",53,438,31793990,8041338,480778,1395,72520,"",1.47,1.73,2.54,1.75,2.80,1.46,1.46,"",-2,-3.6,23,5.5,2958495,10.3,704420,9.6,-10733,-2.2,60,4.5,3107,4.5
"17087","5","238","75","0","2025","A","",13,65,4807070,1067128,47851,1426,74145,"",1.38,0.72,0.86,1.06,1.20,1.21,1.21,"",1,8.3,-5,-7.1,-503454,-9.5,-74491,-6.5,-28693,-37.5,-33,-2.3,-1720,-2.3
"17089","5","238","75","0","2025","A","",1116,9205,828429633,172946421,8593429,1731,89994,"",1.76,1.29,1.78,1.31,1.61,1.38,1.38,"",24,2.2,501,5.8,78442294,10.5,14932715,9.5,-186559,-2.1,74,4.5,3826,4.4
"17091","5","238","75","0","2025","A","",140,1106,87898504,19821015,939520,1529,79510,"",1.34,0.79,1.07,0.83,1.03,1.36,1.36,"",-2,-1.4,-28,-2.5,1295881,1.5,-388747,-1.9,-96461,-9.3,60,4.1,3141,4.1
"17093","5","238","75","0","2025","A","",242,1065,79701220,18682180,844554,1439,74837,"",2.00,1.03,1.44,1.01,1.32,1.40,1.40,"",-2,-0.8,-7,-0.7,1561032,2.0,-788839,-4.1,-64900,-7.1,37,2.6,1934,2.7
"17095","5","238","75","0","2025","A","",50,428,28103659,7008862,364392,1262,65599,"",1.06,0.74,0.99,0.89,1.29,1.33,1.32,"",-2,-3.8,18,4.4,1952808,7.5,59301,0.9,-48374,-11.7,35,2.9,1816,2.8
"17097","5","238","75","0","2025","A","",1243,8568,745149027,161308288,7859330,1673,86971,"",1.27,0.79,0.74,0.75,0.86,0.94,0.94,"",-15,-1.2,55,0.6,40518449,5.8,5891161,3.8,-392582,-4.8,81,5.1,4199,5.1
"17099","5","238","75","0","2025","A","",145,950,85185381,17844368,995281,1723,89622,"",1.22,0.73,1.08,0.75,1.08,1.47,1.47,"",2,1.4,-9,-0.9,6922684,8.8,-126462,-0.7,-98301,-9.0,154,9.8,8035,9.8
"17101","5","238","75","0","2025","A","N",8,0,0,0,0,0,0,"N",0.68,0,0,0,0,0,0,"N",-1,-11.1,0,0,0,0,0,0,0,0,0,0,0,0
"17103","5","238","75","0","2025","A","",36,99,6061287,1979839,59800,1179,61328,"",1.09,0.23,0.23,0.31,0.25,0.97,0.97,"",-3,-7.7,-6,-5.7,20642,0.3,9402,0.5,10622,21.6,69,6.2,3615,6.3
"17105","5","238","75","0","2025","A","",54,476,35870346,7959261,196051,1450,75424,"",1.30,1.02,1.31,1.12,0.75,1.28,1.28,"",-2,-3.6,78,19.6,5957687,19.9,1384494,21.1,-20416,-9.4,4,0.3,219,0.3
"17107","5","238","75","0","2025","A","",30,129,5884449,2237796,79995,880,45734,"",1.11,0.51,0.43,0.57,0.55,0.85,0.85,"",0,0.0,-14,-9.8,-355795,-5.7,-220164,-9.0,-40505,-33.6,41,4.9,2121,4.9
"17109","5","238","75","0","2025","A","",19,114,5040413,1973720,97116,847,44021,"",0.72,0.34,0.30,0.41,0.62,0.88,0.88,"",-3,-13.6,3,2.7,427533,9.3,135169,7.4,-11227,-10.4,48,6.0,2495,6.0
"17111","5","238","75","0","2025","A","",744,4906,406746672,94623597,4489713,1595,82915,"",1.92,1.50,2.17,1.56,1.81,1.45,1.45,"",-16,-2.1,-38,-0.8,13506727,3.4,5756517,6.5,-171639,-3.7,65,4.2,3378,4.2
"17113","5","238","75","0","2025","A","",215,1619,118043578,27618318,1192244,1402,72908,"",1.31,0.56,0.59,0.54,0.68,1.06,1.06,"",-6,-2.7,97,6.4,14986684,14.5,1477329,5.7,1908,0.2,100,7.7,5193,7.7
"17115","5","238","75","0","2025","A","",120,1712,141411560,32589707,1507710,1588,82592,"",1.26,1.13,1.36,1.20,1.26,1.20,1.20,"",-4,-3.2,64,3.9,11102256,8.5,916552,2.9,-185593,-11.0,68,4.5,3537,4.5
"17117","5","238","75","0","2025","A","",70,292,17255181,4884547,166753,1138,59194,"",1.60,0.88,1.08,0.86,0.88,1.23,1.23,"",-2,-2.8,-9,-3.0,1023437,6.3,-23523,-0.5,-29985,-15.2,102,9.8,5342,9.9
"17119","5","238","75","0","2025","A","",359,3294,264233151,61484510,3306298,1543,80225,"",1.36,0.92,1.23,0.92,1.20,1.34,1.34,"",-3,-0.8,76,2.4,28069916,11.9,2640370,4.5,-179936,-5.2,132,9.4,6831,9.3
"17121","5","238","75","0","2025","A","",46,276,18881597,5021231,193747,1316,68432,"",1.21,0.67,0.89,0.76,0.77,1.32,1.33,"",2,4.5,24,9.5,2496629,15.2,656233,15.0,49085,33.9,63,5.0,3283,5.0
"17123","5","238","75","0","2025","A","",13,65,4120772,1129099,40228,1224,63641,"",1.03,0.68,0.86,0.61,0.48,1.27,1.27,"",-2,-13.3,-1,-1.5,-125053,-2.9,42376,3.9,149,0.4,-13,-1.1,-690,-1.1
"17125","5","238","75","0","2025","A","",9,40,2657503,694330,36423,1264,65753,"",0.65,0.42,0.64,0.51,0.94,1.50,1.50,"",-2,-18.2,-5,-11.1,20865,0.8,9949,1.5,14916,69.4,143,12.8,7485,12.8
"17127","5","238","75","0","2025","A","",10,46,2236890,813243,14423,945,49162,"",1.03,0.48,0.43,0.49,0.29,0.90,0.90,"",0,0.0,-2,-4.2,40139,1.8,18778,2.4,-9846,-40.6,69,7.9,3633,8.0
"17129","5","238","75","0","2025","A","",20,80,4869451,1406627,63304,1178,61251,"",1.76,1.29,1.82,1.55,1.92,1.42,1.42,"",1,5.3,5,6.7,623532,14.7,56012,4.1,-6300,-9.1,91,8.4,4702,8.3
"17131","5","238","75","0","2025","A","",22,64,3149020,1166901,61030,939,48822,"",1.49,0.60,0.68,0.66,1.01,1.12,1.12,"",1,4.8,4,6.7,482643,18.1,146658,14.4,5051,9.0,91,10.7,4750,10.8
"17133","5","238","75","0","2025","A","",55,259,16836516,4712231,181662,1249,64922,"",1.37,0.90,1.13,0.89,0.99,1.25,1.25,"",1,1.9,12,4.9,1223460,7.8,217083,4.8,-11042,-5.7,34,2.8,1754,2.8
"17135","5","238","75","0","2025","A","",42,160,9337682,2752514,102634,1121,58269,"",1.25,0.54,0.64,0.56,0.62,1.18,1.18,"",-6,-12.5,-13,-7.5,104999,1.1,-534107,-16.3,-48422,-32.1,96,9.4,4978,9.3
"17137","5","238","75","0","2025","A","",44,282,18652782,4846264,227090,1274,66262,"",1.27,0.59,0.74,0.60,0.82,1.24,1.24,"",2,4.8,23,8.9,2565334,15.9,639718,15.2,-9566,-4.0,78,6.5,4088,6.6
"17139","5","238","75","0","2025","A","",34,345,23279555,5945809,130240,1299,67542,"",1.97,2.00,2.48,1.71,1.14,1.24,1.24,"",2,6.2,18,5.5,964825,4.3,400997,7.2,22654,21.1,-15,-1.1,-768,-1.1
"17141","5","238","75","0","2025","A","",80,369,23988045,7184606,342345,1250,65023,"",1.60,0.76,0.80,0.79,0.96,1.05,1.05,"",-3,-3.6,-9,-2.4,212366,0.9,592636,9.0,5148,1.5,40,3.3,2111,3.4
"17143","5","238","75","0","2025","A","",194,2664,221960627,47072208,2828192,1602,83324,"",1.02,0.78,0.85,0.87,1.40,1.08,1.08,"",-6,-3.0,124,4.9,22808249,11.5,4500507,10.6,104252,3.8,94,6.2,4925,6.3
"17145","5","238","75","0","2025","A","",19,131,8077812,2527389,171938,1189,61820,"",1.21,0.88,1.07,1.25,2.62,1.21,1.21,"",-3,-13.6,11,9.2,953127,13.4,191975,8.2,9245,5.7,43,3.8,2241,3.8
"17147","5","238","75","0","2025","A","",32,128,7664226,2184612,87647,1154,60033,"",1.70,1.01,1.21,0.97,1.27,1.19,1.19,"",-2,-5.9,2,1.6,903735,13.4,-51745,-2.3,-13597,-13.4,121,11.7,6307,11.7
"17149","5","238","75","0","2025","A","",27,111,4920132,1709558,50666,852,44292,"",1.33,0.87,0.81,0.86,0.74,0.93,0.93,"",1,3.8,2,1.8,-183426,-3.6,-90812,-5.0,-4990,-9.0,-49,-5.4,-2565,-5.5
"17151","5","238","75","0","2025","A","N",4,0,0,0,0,0,0,"N",1.74,0,0,0,0,0,0,"N",1,33.3,0,0,0,0,0,0,0,0,0,0,0,0
"17153","5","238","75","0","2025","A","N",1,0,0,0,0,0,0,"N",0.19,0,0,0,0,0,0,"N",0,0.0,0,0,0,0,0,0,0,0,0,0,0,0
"17155","5","238","75","0","2025","A","",18,123,9320359,2091997,90772,1460,75930,"",2.24,1.84,1.90,1.49,2.03,1.04,1.04,"",2,12.5,-3,-2.4,28617,0.3,-115677,-5.2,-33607,-27.0,38,2.7,1990,2.7
"17157","5","238","75","0","2025","A","",42,291,20683399,6715687,399387,1369,71179,"",1.44,0.77,0.92,1.09,1.94,1.19,1.19,"",1,2.4,-33,-10.2,-791615,-3.7,165978,2.5,-7750,-1.9,95,7.5,4915,7.4
"17159","5","238","75","0","2025","A","",21,63,3233615,1099045,26410,994,51669,"",1.13,0.33,0.33,0.30,0.26,1.01,1.01,"",-2,-8.7,-6,-8.7,-168922,-5.0,-24545,-2.2,-8483,-24.3,40,4.2,2057,4.1
"17161","5","238","75","0","2025","A","",156,1673,128611298,29622361,1689940,1478,76878,"",1.13,0.72,0.77,0.76,1.09,1.06,1.06,"",4,2.6,40,2.4,3136582,2.5,1697090,6.1,-108866,-6.1,0,0.0,45,0.1
"17163","5","238","75","0","2025","A","",306,3107,251375293,61991758,3367463,1556,80902,"",1.30,1.04,1.43,1.18,1.71,1.37,1.37,"",9,3.0,-201,-6.1,4139828,1.7,-6007243,-8.8,-974308,-22.4,119,8.3,6173,8.3
"17165","5","238","75","0","2025","A","",32,371,33988230,7702055,187579,1762,91633,"",1.29,1.35,2.49,1.44,1.06,1.84,1.84,"",-1,-3.0,59,18.9,9845103,40.8,1875661,32.2,27546,17.2,272,18.3,14168,18.3
"17167","5","238","75","0","2025","A","",278,2036,152303900,36471857,1933014,1439,74818,"",1.14,0.46,0.48,0.76,1.11,1.03,1.03,"",-8,-2.8,-88,-4.1,3511241,2.4,292692,0.8,-191960,-9.0,92,6.8,4779,6.8
"17169","5","238","75","0","2025","A","",8,27,882792,430591,9644,631,32797,"",1.00,0.47,0.28,0.58,0.36,0.61,0.61,"",-1,-11.1,-1,-3.6,-187190,-17.5,3656,0.9,-4371,-31.2,-104,-14.1,-5417,-14.2
"17171","5","238","75","0","2025","A","N",4,0,0,0,0,0,0,"N",0.83,0,0,0,0,0,0,"N",0,0.0,0,0,0,0,0,0,0,0,0,0,0,0
"17173","5","238","75","0","2025","A","",30,141,7338962,2397926,60855,1000,52019,"",1.31,0.86,0.89,0.82,0.64,1.03,1.03,"",-2,-6.2,6,4.4,698831,10.5,234472,10.8,7654,14.4,57,6.0,2984,6.1
"17175","5","238","75","0","2025","A","",10,46,2600052,899332,50060,1081,56217,"",1.37,0.82,0.81,0.77,0.89,0.98,0.98,"",1,11.1,-3,-6.1,146830,6.0,27475,3.2,23641,89.5,120,12.5,6236,12.5
"17177","5","238","75","0","2025","A","",68,982,94360843,18279805,1259227,1847,96066,"",1.36,1.69,2.84,1.71,2.53,1.68,1.68,"",-2,-2.9,-92,-8.6,-16029136,-14.5,-2359655,-11.4,-330557,-20.8,-129,-6.5,-6694,-6.5
"17179","5","238","75","0","2025","A","",180,2238,174775337,40110128,2177286,1502,78106,"",1.44,1.43,1.94,1.43,2.00,1.36,1.36,"",-6,-3.2,-160,-6.7,-5121150,-2.8,-2109962,-5.0,-668916,-23.5,59,4.1,3094,4.1
"17181","5","238","75","0","2025","A","",18,55,2907662,866546,43697,1014,52707,"",1.18,0.31,0.34,0.30,0.45,1.08,1.08,"",-6,-25.0,-14,-20.3,-388277,-11.8,-232664,-21.2,-21251,-32.7,99,10.8,5112,10.7
"17183","5","238","75","0","2025","A","",52,296,20014576,5162027,279986,1301,67655,"",0.83,0.35,0.42,0.35,0.51,1.22,1.22,"",-4,-7.1,-4,-1.3,-1169520,-5.5,-623957,-10.8,-77099,-21.6,-57,-4.2,-2978,-4.2
"17185","5","238","75","0","2025","A","N",11,0,0,0,0,0,0,"N",0.80,0,0,0,0,0,0,"N",1,10.0,0,0,0,0,0,0,0,0,0,0,0,0
"17187","5","238","75","0","2025","A","",24,98,5052362,1651339,31362,989,51424,"",1.34,0.46,0.51,0.45,0.28,1.11,1.11,"",0,0.0,12,14.0,509644,11.2,295349,21.8,2051,7.0,-33,-3.2,-1707,-3.2
"17189","5","238","75","0","2025","A","",22,122,7993935,2276039,44174,1258,65390,"",1.17,0.59,0.62,0.55,0.21,1.06,1.06,"",0,0.0,-34,-21.8,-2056708,-20.5,-377005,-14.2,-57585,-56.6,15,1.2,756,1.2
"17191","5","238","75","0","2025","A","",10,27,1345678,463488,9779,947,49232,"",0.56,0.20,0.23,0.25,0.18,1.11,1.11,"",-4,-28.6,-10,-27.0,-269313,-16.7,-201573,-30.3,-7666,-43.9,113,13.5,5877,13.6
"17193","5","238","75","0","2025","A","",15,126,9851383,2075695,106994,1498,77877,"",0.93,0.92,1.46,0.76,1.18,1.57,1.57,"",-3,-16.7,-5,-3.8,189895,2.0,-32137,-1.5,3657,3.5,77,5.4,3984,5.4
"17195","5","238","75","0","2025","A","",62,572,47194312,10329132,624704,1585,82435,"",1.09,0.84,1.28,0.90,1.22,1.51,1.51,"",-6,-8.8,-34,-5.6,-316306,-0.7,-45283,-0.4,-37111,-5.6,79,5.2,4099,5.2
"17197","5","238","75","0","2025","A","",1228,10689,1012832881,206208067,11850679,1822,94755,"",1.58,1.19,1.81,1.14,1.56,1.52,1.52,"",-43,-3.4,217,2.1,74803857,8.0,11078519,5.7,-43690,-0.4,99,5.7,5181,5.8
"17199","5","238","75","0","2025","A","",108,730,47044605,13028700,526549,1239,64415,"",1.53,0.74,0.86,0.73,0.90,1.17,1.16,"",1,0.9,33,4.7,4516555,10.6,1341924,11.5,13931,2.7,66,5.6,3399,5.6
"17201","5","238","75","0","2025","A","",375,3472,309796424,64780830,3722153,1716,89234,"",1.32,0.83,1.20,0.87,1.32,1.45,1.45,"",2,0.5,141,4.2,26033114,9.2,5026920,8.4,-130009,-3.4,78,4.8,4048,4.8
"17203","5","238","75","0","2025","A","",88,622,47696134,11570401,637677,1473,76620,"",2.26,1.65,2.24,1.74,2.75,1.35,1.36,"",-2,-2.2,-79,-11.3,-2436464,-4.9,-210118,-1.8,130094,25.6,97,7.0,5087,7.1
"17999","5","238","75","0","2025","A","",1274,4383,409001295,104240329,5032745,1795,93319,"",0.43,0.58,0.44,0.51,0.49,0.75,0.75,"",-275,-17.8,371,9.2,59099223,16.9,12005459,13.0,441812,9.6,118,7.0,6116,7.0
"18000","5","238","55","0","2025","A","",11000,111529,8788839358,1516761377,41207534,1515,78803,"",1.15,1.05,1.26,1.01,1.38,1.21,1.21,"",271,2.5,4508,4.2,877137929,11.1,81430994,5.7,334901,0.8,93,6.5,4876,6.6
"18001","5","238","75","0","2025","A","",56,311,21125588,3556787,89759,1305,67855,"",1.44,0.71,0.96,0.66,0.69,1.35,1.35,"",-2,-3.4,11,3.7,2944315,16.2,43837,1.2,8070,9.9,139,11.9,7217,11.9
"18003","5","238","75","0","2025","A","",668,7733,647869643,100909414,2831458,1611,83778,"",1.27,1.16,1.54,1.09,1.52,1.33,1.33,"",10,1.5,232,3.1,56758505,9.6,2793087,2.8,-112338,-3.8,96,6.3,4975,6.3
"18005","5","238","75","0","2025","A","",111,984,60899718,12211874,347898,1190,61895,"",1.05,0.59,0.49,0.51,0.96,0.82,0.82,"",5,4.7,17,1.8,4534724,8.0,368891,3.1,41751,13.6,69,6.2,3591,6.2
"18007","5","238","75","0","2025","A","",20,66,3072157,703191,7529,893,46431,"",1.89,0.96,0.82,0.79,0.62,0.85,0.85,"",1,5.3,2,3.1,399443,14.9,7479,1.1,1811,31.7,89,11.1,4615,11.0
"18009","5","238","75","0","2025","A","",13,155,13769321,1783606,20872,1713,89074,"",1.05,1.61,2.90,1.52,1.17,1.80,1.80,"",-1,-7.1,-3,-1.9,877523,6.8,6603,0.4,-1702,-7.5,144,9.2,7480,9.2
"18011","5","238","75","0","2025","A","",120,1815,147831750,23294818,307640,1566,81446,"",0.91,1.13,1.57,0.89,0.63,1.38,1.38,"",2,1.7,172,10.5,18907333,14.7,2466762,11.8,-27094,-8.1,57,3.8,2985,3.8
"18013","5","238","75","0","2025","A","",27,138,7304309,1627174,28919,1015,52770,"",1.50,1.25,1.64,1.08,0.98,1.30,1.30,"",1,3.8,11,8.7,934669,14.7,118566,7.9,4444,18.2,50,5.2,2582,5.1
"18015","5","238","75","0","2025","A","",35,274,20698805,3272563,44816,1454,75612,"",1.61,1.45,2.10,1.15,1.24,1.45,1.45,"",1,2.9,16,6.2,2457533,13.5,149955,4.8,8082,22.0,93,6.8,4841,6.8
"18017","5","238","75","0","2025","A","",32,554,50284766,6409944,50568,1746,90794,"",0.88,1.15,2.04,1.08,0.55,1.77,1.77,"",2,6.7,10,1.8,7376107,17.2,-110154,-1.7,-4264,-7.8,229,15.1,11918,15.1
"18019","5","238","75","0","2025","A","",204,2036,136879904,24883504,442938,1293,67230,"",1.28,1.02,1.22,0.81,0.81,1.20,1.20,"",-2,-1.0,100,5.2,14768206,12.1,1581316,6.8,5907,1.4,80,6.6,4161,6.6
"18021","5","238","75","0","2025","A","",41,195,10806797,2452808,56836,1066,55443,"",1.58,0.75,0.90,0.70,1.04,1.20,1.20,"",4,10.8,9,4.8,1493432,16.0,-29471,-1.2,-4291,-7.0,104,10.8,5438,10.9
"18023","5","238","75","0","2025","A","",52,419,30998157,5191727,138653,1422,73967,"",1.65,1.09,1.46,0.98,1.68,1.34,1.34,"",3,6.1,-7,-1.6,542879,1.8,-422584,-7.5,-4898,-3.4,46,3.3,2392,3.3
"18025","5","238","75","0","2025","A","N",12,0,0,0,0,0,0,"N",1.44,0,0,0,0,0,0,"N",-1,-7.7,0,0,0,0,0,0,0,0,0,0,0,0
"18027","5","238","75","0","2025","A","",101,901,56125173,10269141,117393,1198,62309,"",2.08,2.02,2.42,1.68,1.32,1.20,1.20,"",7,7.4,45,5.3,5296649,10.4,435153,4.4,3688,3.2,56,4.9,2913,4.9
"18029","5","238","75","0","2025","A","",98,382,22294956,5152830,113171,1123,58389,"",1.62,0.76,0.83,0.77,0.94,1.09,1.09,"",1,1.0,-41,-9.7,-374634,-1.7,-733173,-12.5,-22735,-16.7,91,8.8,4744,8.8
"18031","5","238","75","0","2025","A","",45,260,15923857,3218785,100473,1176,61148,"",1.27,0.57,0.58,0.47,0.79,1.02,1.02,"",-2,-4.3,-1,-0.4,671041,4.4,14605,0.5,-7095,-6.6,51,4.5,2652,4.5
"18033","5","238","75","0","2025","A","",85,546,37218427,6791914,187175,1312,68228,"",1.55,0.76,0.79,0.62,1.04,1.05,1.05,"",3,3.7,60,12.3,5425170,17.1,703318,11.6,-17525,-8.6,55,4.4,2877,4.4
"18035","5","238","75","0","2025","A","",106,917,59968526,11796373,364727,1258,65390,"",0.91,0.62,0.76,0.66,1.14,1.23,1.23,"",-4,-3.6,-32,-3.4,-798465,-1.3,-822262,-6.5,-52651,-12.6,26,2.1,1340,2.1
"18037","5","238","75","0","2025","A","",99,696,43908987,7876860,73108,1214,63110,"",1.43,0.75,0.85,0.59,0.48,1.14,1.14,"",3,3.1,17,2.5,2803252,6.8,-68757,-0.9,-8981,-10.9,50,4.3,2579,4.3
"18039","5","238","75","0","2025","A","",369,3172,241150181,41256992,700536,1462,76017,"",1.40,0.75,0.86,0.62,0.44,1.16,1.16,"",13,3.7,262,9.0,27081757,12.7,2266544,5.8,23855,3.5,47,3.3,2446,3.3
"18041","5","238","75","0","2025","A","",14,53,1730313,573149,9346,631,32802,"",0.68,0.27,0.19,0.24,0.27,0.71,0.71,"",2,16.7,7,15.2,107183,6.6,77977,15.7,-21,-0.2,-53,-7.7,-2741,-7.7
"18043","5","238","75","0","2025","A","",126,1309,90837338,16703969,409480,1334,69372,"",1.21,1.19,1.43,1.11,1.43,1.21,1.21,"",11,9.6,124,10.5,13022085,16.7,2138753,14.7,69644,20.5,71,5.6,3696,5.6
"18045","5","238","75","0","2025","A","",20,76,4421176,966310,11516,1114,57919,"",1.11,0.48,0.59,0.45,0.24,1.21,1.21,"",0,0.0,-2,-2.6,528693,13.6,-21504,-2.2,-4596,-28.5,151,15.7,7855,15.7
"18047","5","238","75","0","2025","A","",30,128,6691421,1600261,34910,1008,52413,"",1.66,0.85,0.93,0.85,1.04,1.10,1.10,"",-2,-6.2,-8,-5.9,176889,2.7,-41245,-2.5,-4424,-11.2,90,9.8,4658,9.8
"18049","5","238","75","0","2025","A","",30,147,7881570,1698242,25728,1030,53586,"",1.29,0.70,0.74,0.65,0.49,1.05,1.05,"",-2,-6.2,12,8.9,1015385,14.8,95322,5.9,-117,-0.5,53,5.4,2788,5.5
"18051","5","238","75","0","2025","A","",42,239,15804395,3522362,104608,1270,66035,"",1.06,0.33,0.30,0.32,0.77,0.91,0.91,"",3,7.7,25,11.7,3247154,25.9,785978,28.7,28457,37.4,142,12.6,7402,12.6
"18053","5","238","75","0","2025","A","",58,533,35001320,7656634,269083,1264,65710,"",0.92,0.58,0.72,0.61,1.33,1.26,1.26,"",-1,-1.7,36,7.2,4716132,15.6,1194241,18.5,37295,16.1,93,7.9,4805,7.9
"18055","5","238","75","0","2025","A","",49,210,11843226,2743553,72588,1083,56329,"",1.62,0.97,1.17,1.23,1.75,1.20,1.20,"",4,8.9,-3,-1.4,-586687,-4.7,-191486,-6.5,-8050,-10.0,-40,-3.6,-2050,-3.5
"18057","5","238","75","0","2025","A","",467,5699,457012514,76234746,1893509,1542,80191,"",0.70,1.02,1.12,0.86,1.10,1.11,1.11,"",17,3.8,217,4.0,33014606,7.8,4664709,6.5,-58445,-3.0,55,3.7,2844,3.7
"18059","5","238","75","0","2025","A","",176,1188,78456255,15948317,289598,1269,66013,"",1.68,1.17,1.32,1.06,1.12,1.13,1.13,"",4,2.3,49,4.3,5798856,8.0,1031386,6.9,33721,13.2,42,3.4,2232,3.5
"18061","5","238","75","0","2025","A","",75,477,25605141,5782674,107306,1031,53633,"",1.99,1.41,1.49,1.33,1.69,1.06,1.06,"",2,2.7,-69,-12.6,-2132521,-7.7,-1404666,-19.5,-34868,-24.5,55,5.6,2870,5.7
"18063","5","238","75","0","2025","A","",291,3420,281743537,46642883,848150,1584,82385,"",1.33,1.26,1.87,1.13,1.29,1.49,1.49,"",1,0.3,183,5.7,26309392,10.3,3918838,9.2,-39464,-4.4,66,4.3,3464,4.4
"18065","5","238","75","0","2025","A","",77,423,29644403,5666819,90102,1346,70012,"",1.70,0.91,1.25,0.91,0.86,1.38,1.38,"",7,10.0,67,18.8,11073504,59.6,1079811,23.5,24281,36.9,342,34.1,17810,34.1
"18067","5","238","75","0","2025","A","",99,1262,114238902,19755164,642943,1740,90498,"",1.04,1.08,1.54,1.24,1.26,1.42,1.42,"",1,1.0,-106,-7.7,-7291771,-6.0,-4041004,-17.0,-262031,-29.0,31,1.8,1644,1.9
"18069","5","238","75","0","2025","A","",74,374,23326961,4809738,79918,1199,62358,"",1.51,0.81,0.97,0.78,0.70,1.20,1.21,"",3,4.2,27,7.8,2750371,13.4,615676,14.7,9208,13.0,58,5.1,3045,5.1
"18071","5","238","75","0","2025","A","",72,640,45196987,8314388,175563,1359,70657,"",1.40,0.86,1.02,0.76,1.29,1.18,1.18,"",4,5.9,14,2.2,6446008,16.6,245821,3.0,1738,1.0,168,14.1,8746,14.1
"18073","5","238","75","0","2025","A","",57,341,23677164,4436102,126159,1335,69401,"",1.33,0.90,1.19,0.80,1.34,1.33,1.33,"",-6,-9.5,-34,-9.1,-865240,-3.5,-370179,-7.7,-26591,-17.4,75,6.0,3896,5.9
"18075","5","238","75","0","2025","A","",27,189,11207514,2522894,94408,1138,59169,"",1.28,0.81,0.97,0.77,1.67,1.19,1.19,"",1,3.8,-13,-6.4,559908,5.3,-50305,-2.0,-3681,-3.8,122,12.0,6349,12.0
"18077","5","238","75","0","2025","A","",37,188,11290933,2350291,60324,1157,60138,"",1.02,0.44,0.49,0.43,0.76,1.12,1.11,"",5,15.6,7,3.9,1220715,12.1,89127,3.9,4294,7.7,90,8.4,4629,8.3
"18079","5","238","75","0","2025","A","",39,474,29569125,5448480,82915,1201,62426,"",1.69,1.79,2.22,1.39,0.95,1.24,1.24,"",1,2.6,52,12.3,3962069,15.5,611025,12.6,-278,-0.3,35,3.0,1794,3.0
"18081","5","238","75","0","2025","A","",307,3974,298158073,50589199,1109937,1443,75033,"",1.46,1.79,2.56,1.56,1.98,1.43,1.43,"",17,5.9,26,0.7,3923793,1.3,-849482,-1.7,-123688,-10.0,10,0.7,496,0.7
"18083","5","238","75","0","2025","A","",49,313,18862478,4293925,62211,1158,60215,"",1.06,0.56,0.63,0.63,0.60,1.12,1.12,"",3,6.5,-8,-2.5,-218958,-1.1,246426,6.1,7251,13.2,15,1.3,802,1.3
"18085","5","238","75","0","2025","A","",144,1242,79971246,15366149,201053,1238,64376,"",1.34,1.04,1.12,0.89,0.69,1.08,1.08,"",6,4.3,74,6.3,7276680,10.0,378610,2.5,-24919,-11.0,42,3.5,2160,3.5
"18087","5","238","75","0","2025","A","",115,703,45660699,8524363,108225,1248,64920,"",2.20,1.44,1.64,1.13,0.57,1.14,1.14,"",9,8.5,69,10.9,6178831,15.6,1038833,13.9,21448,24.7,51,4.3,2678,4.3
"18089","5","238","75","0","2025","A","",718,8370,765980700,118011285,4938959,1760,91512,"",1.20,1.31,1.91,1.36,2.49,1.46,1.46,"",21,3.0,289,3.6,76549665,11.1,2574761,2.2,68387,1.4,119,7.3,6197,7.3
"18091","5","238","75","0","2025","A","",156,1010,76781438,14187502,450726,1462,76015,"",1.27,0.75,1.06,0.77,1.23,1.41,1.40,"",5,3.3,11,1.1,5881714,8.3,814021,6.1,-37069,-7.6,97,7.1,5032,7.1
"18093","5","238","75","0","2025","A","",60,338,20192141,4401103,86697,1147,59652,"",1.33,0.72,0.85,0.67,0.57,1.18,1.18,"",3,5.3,33,10.8,3270353,19.3,466709,11.9,-6964,-7.4,79,7.4,4140,7.5
"18095","5","238","75","0","2025","A","",175,1316,89133524,17112161,306531,1302,67705,"",1.39,0.98,1.30,0.98,0.89,1.34,1.34,"",11,6.7,84,6.8,8643947,10.7,1781675,11.6,44080,16.8,46,3.7,2399,3.7
"18097","5","238","75","0","2025","A","",1456,22916,1889560065,300495288,7240039,1586,82454,"",1.03,1.10,1.12,1.02,1.22,1.02,1.02,"",47,3.3,1348,6.2,198057978,11.7,18573910,6.6,-68262,-0.9,78,5.2,4026,5.1
"18099","5","238","75","0","2025","A","",81,444,26141504,5235177,78628,1132,58844,"",1.40,0.68,0.73,0.58,0.55,1.09,1.09,"",1,1.2,-22,-4.7,-333174,-1.3,-345287,-6.2,-6964,-8.1,41,3.8,2092,3.7
"18101","5","238","75","0","2025","A","N",23,0,0,0,0,0,0,"N",1.59,0,0,0,0,0,0,"N",4,21.1,0,0,0,0,0,0,0,0,0,0,0,0
"18103","5","238","75","0","2025","A","",44,422,35382939,6477921,116824,1612,83813,"",1.41,1.39,2.26,1.79,1.50,1.63,1.63,"",-1,-2.2,-4,-0.9,-795439,-2.2,-202486,-3.0,-33390,-22.2,-21,-1.3,-1080,-1.3
"18105","5","238","75","0","2025","A","",162,1996,152716345,25580828,704502,1471,76511,"",0.93,0.88,1.10,1.02,1.37,1.24,1.24,"",4,2.5,236,13.4,27622860,22.1,2972198,13.1,39871,6.0,104,7.6,5452,7.7
"18107","5","238","75","0","2025","A","",54,421,31869770,6553924,208771,1455,75655,"",1.18,0.79,0.99,0.84,1.59,1.26,1.26,"",0,0.0,-28,-6.2,-897482,-2.7,-1573875,-19.4,-136506,-39.5,52,3.7,2717,3.7
"18109","5","238","75","0","2025","A","",151,813,55421046,10602509,238111,1311,68176,"",2.17,1.56,2.03,1.58,2.00,1.30,1.30,"",1,0.7,-8,-1.0,2325076,4.4,2858,0.0,-20788,-8.0,67,5.4,3491,5.4
"18111","5","238","75","0","2025","A","",25,89,5863018,1125402,26973,1273,66186,"",1.72,0.82,1.10,0.77,1.24,1.34,1.34,"",1,4.2,11,14.1,1649782,39.2,-53607,-4.5,-3446,-11.3,233,22.4,12112,22.4
"18113","5","238","75","0","2025","A","",65,358,20936307,4266489,78241,1125,58495,"",1.32,0.64,0.72,0.57,0.66,1.13,1.13,"",1,1.6,27,8.2,2027492,10.7,133000,3.2,346,0.4,26,2.4,1340,2.3
"18115","5","238","75","0","2025","A","N",6,0,0,0,0,0,0,"N",1.32,0,0,0,0,0,0,"N",0,0.0,0,0,0,0,0,0,0,0,0,0,0,0
"18117","5","238","75","0","2025","A","",23,163,9948961,2144828,21288,1172,60943,"",1.16,0.66,0.86,0.59,0.37,1.30,1.30,"",-1,-4.2,27,19.9,2515069,33.8,355826,19.9,1919,9.9,122,11.6,6349,11.6
"18119","5","238","75","0","2025","A","",32,125,6729352,1639837,17779,1032,53656,"",1.68,0.72,0.64,0.70,0.29,0.89,0.89,"",-2,-5.9,9,7.8,764835,12.8,182765,12.5,-2462,-12.2,39,3.9,2015,3.9
"18121","5","238","75","0","2025","A","",24,117,6421647,1516326,44578,1059,55043,"",1.51,0.99,1.23,1.10,1.47,1.25,1.25,"",0,0.0,-2,-1.7,84032,1.3,-31370,-2.0,-2872,-6.1,34,3.3,1748,3.3
"18123","5","238","75","0","2025","A","",20,169,11854168,2043329,46619,1346,69970,"",1.04,0.80,1.06,0.78,1.18,1.32,1.32,"",-4,-16.7,10,6.3,971421,8.9,43875,2.2,5265,12.7,31,2.4,1597,2.3
"18125","5","238","75","0","2025","A","",14,183,17899112,4280999,75987,1881,97809,"",1.33,2.03,3.00,3.23,2.13,1.48,1.48,"",1,7.7,140,325.6,14636744,448.7,3236418,309.8,52760,227.1,419,28.7,21793,28.7
"18127","5","238","75","0","2025","A","",268,2996,262935744,40994230,1710953,1688,87755,"",1.26,1.40,1.97,1.33,2.58,1.40,1.40,"",-1,-0.4,-198,-6.2,235593,0.1,-5610050,-12.0,-170417,-9.1,106,6.7,5505,6.7
"18129","5","238","75","0","2025","A","",50,407,27833807,5649406,171471,1316,68444,"",1.79,1.41,1.36,1.37,1.95,0.96,0.96,"",-5,-9.1,39,10.6,5623649,25.3,898321,18.9,15419,9.9,157,13.5,8159,13.5
"18131","5","238","75","0","2025","A","",18,72,3249242,917140,12316,869,45181,"",1.05,0.36,0.28,0.29,0.18,0.79,0.79,"",0,0.0,-10,-12.2,-412599,-11.3,-116652,-11.3,369,3.1,14,1.6,705,1.6
"18133","5","238","75","0","2025","A","",68,440,29422504,5479527,130452,1286,66882,"",1.80,1.05,1.32,0.97,1.48,1.26,1.26,"",0,0.0,20,4.8,2925522,11.0,353806,6.9,13446,11.5,74,6.1,3869,6.1
"18135","5","238","75","0","2025","A","",46,577,59698587,10448363,178608,1988,103389,"",1.62,2.44,4.72,3.02,2.56,1.94,1.94,"",0,0.0,37,6.9,7642213,14.7,1159442,12.5,3682,2.1,134,7.2,6988,7.2
"18137","5","238","75","0","2025","A","",68,328,18447761,3745138,119484,1080,56172,"",1.71,0.89,0.94,0.77,1.45,1.05,1.05,"",12,21.4,38,13.1,2004869,12.2,272086,7.8,-1477,-1.2,-10,-0.9,-495,-0.9
"18139","5","238","75","0","2025","A","",32,151,8111261,1764362,30730,1034,53776,"",1.51,0.92,0.94,0.87,0.97,1.02,1.02,"N",-4,-11.1,0,0,0,0,0,0,0,0,0,0,0,0
"18141","5","238","75","0","2025","A","",335,4514,383489779,65284018,2506812,1634,84954,"",1.02,1.11,1.51,1.23,2.20,1.37,1.37,"",14,4.4,681,17.8,110184357,40.3,16138371,32.8,910326,57.0,263,19.2,13651,19.1
"18143","5","238","75","0","2025","A","",22,155,6945921,1687381,24406,859,44692,"",1.03,0.56,0.52,0.43,0.43,0.92,0.92,"",2,10.0,20,14.8,1028218,17.4,250782,17.5,-760,-3.0,19,2.3,992,2.3
"18145","5","238","75","0","2025","A","",90,498,29804009,6694372,136629,1151,59837,"",1.77,0.79,0.80,0.73,0.78,1.02,1.02,"",5,5.9,4,0.8,2318685,8.4,371463,5.9,-4318,-3.1,81,7.6,4208,7.6
"18147","5","238","75","0","2025","A","",32,270,15536373,3701323,74623,1107,57560,"",1.31,1.17,1.34,1.20,1.57,1.14,1.14,"",0,0.0,-32,-10.6,-1390824,-8.2,-656704,-15.1,-49176,-39.7,29,2.7,1510,2.7
"18149","5","238","75","0","2025","A","",20,144,9694404,1916657,41469,1295,67361,"",1.19,1.05,1.53,1.06,1.38,1.46,1.46,"",2,11.1,46,46.9,3900272,67.3,613020,47.0,16446,65.7,161,14.2,8388,14.2
"18151","5","238","75","0","2025","A","",58,328,20483751,3987474,84778,1203,62546,"",1.14,0.61,0.75,0.55,0.67,1.23,1.24,"",1,1.8,-4,-1.2,-161464,-0.8,57209,1.5,-5007,-5.6,8,0.7,424,0.7
"18153","5","238","75","0","2025","A","",18,72,6824353,2095888,54718,1810,94129,"",1.01,0.38,0.66,1.07,1.87,1.72,1.72,"",-1,-5.3,-3,-4.0,1336353,24.4,368373,21.3,11887,27.8,406,28.9,21118,28.9
"18155","5","238","75","0","2025","A","N",6,0,0,0,0,0,0,"N",0.81,0,0,0,0,0,0,"N",2,50.0,0,0,0,0,0,0,0,0,0,0,0,0
"18157","5","238","75","0","2025","A","",230,2517,178605051,32472482,806867,1364,70950,"",1.08,0.82,0.93,0.86,1.09,1.14,1.14,"",7,3.1,-25,-1.0,11814845,7.1,401045,1.3,-165092,-17.0,102,8.1,5343,8.1
"18159","5","238","75","0","2025","A","",33,316,19951501,3763379,56763,1215,63204,"",1.93,2.06,2.35,1.79,1.74,1.14,1.14,"",3,10.0,59,23.0,4555104,29.6,562037,17.6,12808,29.1,65,5.7,3393,5.7
"18161","5","238","75","0","2025","A","",8,39,2211883,444964,3353,1098,57081,"",1.02,0.69,0.87,0.67,0.38,1.28,1.28,"N",0,0.0,0,0,0,0,0,0,0,0,0,0,0,0
"18163","5","238","75","0","2025","A","",289,4570,342661676,61492001,2068353,1442,74979,"",1.13,1.27,1.60,1.26,2.16,1.26,1.26,"",-5,-1.7,-57,-1.2,15497412,4.7,-124892,-0.2,-42949,-2.0,82,6.0,4265,6.0
"18165","5","238","75","0","2025","A","",26,175,11986398,2074135,61852,1320,68657,"",1.80,1.16,1.29,0.91,0.67,1.12,1.12,"",2,8.3,4,2.3,1223604,11.4,35694,1.8,-5400,-8.0,110,9.1,5747,9.1
"18167","5","238","75","0","2025","A","",134,1551,117959552,22082355,1138413,1463,76066,"",1.08,0.99,1.37,1.13,2.86,1.38,1.38,"",-2,-1.5,100,6.9,17592503,17.5,1813893,8.9,156685,16.0,133,10.0,6911,10.0
"18169","5","238","75","0","2025","A","",49,345,19454943,4222226,71385,1085,56405,"",1.26,0.84,0.92,0.85,0.90,1.09,1.09,"",1,2.1,0,0.0,1130561,6.2,61904,1.5,-5266,-6.9,63,6.2,3239,6.1
"18171","5","238","75","0","2025","A","",15,73,4420923,790264,8570,1171,60908,"",1.78,1.10,1.23,1.02,0.88,1.12,1.12,"",0,0.0,-6,-7.6,-538385,-10.9,-179648,-18.5,-5243,-38.0,-39,-3.2,-2001,-3.2
"18173","5","238","75","0","2025","A","",104,741,53337995,11780993,497188,1384,71981,"",1.48,1.22,1.41,1.34,2.86,1.16,1.16,"",-4,-3.7,7,1.0,4182303,8.5,754722,6.8,49776,11.1,95,7.4,4973,7.4
"18175","5","238","75","0","2025","A","",46,269,15803465,3326039,121688,1130,58749,"",1.92,1.42,1.83,1.40,2.78,1.29,1.29,"",2,4.5,22,8.9,1718129,12.2,380210,12.9,13716,12.7,34,3.1,1743,3.1
"18177","5","238","75","0","2025","A","",84,728,41374177,9102822,205340,1093,56813,"",1.14,0.74,0.80,0.77,1.11,1.07,1.07,"",5,6.3,-11,-1.5,1125714,2.8,-131402,-1.4,-1828,-0.9,46,4.4,2374,4.4
"18179","5","238","75","0","2025","A","",52,357,22936832,4369819,56552,1236,64264,"",1.50,0.96,1.19,0.84,0.64,1.25,1.25,"",0,0.0,-1,-0.3,1499860,7.0,140749,3.3,2348,4.3,85,7.4,4412,7.4
"18181","5","238","75","0","2025","A","",66,240,14042155,3057997,48710,1124,58428,"",1.89,0.81,0.92,0.74,0.76,1.12,1.12,"",7,11.9,21,9.6,2175253,18.3,478810,18.6,3133,6.9,83,8.0,4282,7.9
"18183","5","238","75","0","2025","A","",52,479,38232699,6475721,109621,1535,79846,"",1.38,1.01,1.34,0.99,0.87,1.33,1.33,"",-3,-5.5,22,4.8,3484390,10.0,191658,3.0,-64275,-37.0,74,5.1,3880,5.1
"18999","5","238","75","0","2025","A","",628,3598,415904562,84370775,3026793,2223,115599,"",0.66,1.06,1.21,1.26,1.68,1.14,1.14,"N",15,2.4,0,0,0,0,0,0,0,0,0,0,0,0
"19000","3","238","55","0","2025","A","N",1,0,0,0,0,0,0,"N",1.47,0,0,0,0,0,0,"N",0,0.0,0,0,0,0,0,0,0,0,0,0,0,0
"19000","5","238","55","0","2025","A","",6030,56183,4197146371,2383714115,71835720,1437,74705,"",1.11,1.08,1.27,1.17,2.42,1.18,1.18,"",-73,-1.2,-249,-0.4,216154183,5.4,108491042,4.8,-1567770,-2.1,80,5.9,4160,5.9
"19001","5","238","75","0","2025","A","",22,118,7257419,5145601,231124,1184,61547,"",1.36,1.05,1.05,0.97,1.19,1.00,1.00,"",2,10.0,-6,-4.8,220140,3.1,139793,2.8,9754,4.4,89,8.1,4603,8.1
"19003","5","238","75","0","2025","A","N",8,0,0,0,0,0,0,"N",1.12,0,0,0,0,0,0,"N",0,0.0,0,0,0,0,0,0,0,0,0,0,0,0
"19005","5","238","75","0","2025","A","",37,146,7623969,5871951,316085,1002,52100,"",1.60,0.91,0.99,0.97,3.81,1.09,1.09,"",0,0.0,11,8.1,1236496,19.4,790327,15.6,60858,23.8,92,10.1,4785,10.1
"19007","5","238","75","0","2025","A","",22,111,6243955,4437781,165055,1083,56294,"",1.15,0.73,0.85,0.76,1.65,1.16,1.16,"",0,0.0,-3,-2.6,208372,3.5,-58312,-1.3,-17178,-9.4,67,6.6,3466,6.6
"19009","5","238","75","0","2025","A","",15,43,2070963,1498625,15636,928,48255,"",1.31,0.72,0.63,0.69,1.22,0.88,0.88,"",0,0.0,-4,-8.5,-48422,-2.3,7777,0.5,6825,77.5,62,7.2,3242,7.2
"19011","5","238","75","0","2025","A","",46,279,18804986,10582095,308581,1298,67482,"",1.32,1.38,1.79,1.49,2.89,1.29,1.30,"",-4,-8.0,-30,-9.7,-232795,-1.2,-874431,-7.6,-52193,-14.5,112,9.4,5805,9.4
"19013","5","238","75","0","2025","A","",170,1668,116924387,67011847,1559560,1348,70120,"",0.88,0.71,0.82,0.77,1.29,1.17,1.17,"",-2,-1.2,-9,-0.5,2212438,1.9,1798352,2.8,28301,1.8,33,2.5,1717,2.5
"19015","5","238","75","0","2025","A","",50,448,32739119,18480409,297593,1406,73092,"",1.38,1.52,2.02,1.85,2.25,1.33,1.33,"",-6,-10.7,-14,-3.0,219907,0.7,150833,0.8,-24980,-7.7,52,3.8,2691,3.8
"19017","5","238","75","0","2025","A","",44,264,14731855,9964993,376210,1072,55732,"",1.18,0.83,0.86,1.04,2.99,1.03,1.03,"",0,0.0,-14,-5.0,-317361,-2.1,-393615,-3.8,-56377,-13.0,31,3.0,1598,3.0
"19019","5","238","75","0","2025","A","",56,245,12421321,8909303,348768,973,50613,"",1.80,1.08,1.05,1.12,3.03,0.97,0.97,"",2,3.7,4,1.7,506551,4.3,377796,4.4,-37649,-9.7,24,2.5,1259,2.6
"19021","5","238","75","0","2025","A","",28,157,9276206,6385354,175501,1134,58959,"",0.96,0.46,0.49,0.46,1.38,1.06,1.06,"N",0,0.0,0,0,0,0,0,0,0,0,0,0,0,0
"19023","5","238","75","0","2025","A","",23,84,5506598,3488240,179680,1263,65685,"",1.09,0.68,0.83,0.72,3.04,1.22,1.22,"",1,4.5,-2,-2.3,277421,5.3,101484,3.0,-6691,-3.6,90,7.7,4703,7.7
"19025","5","238","75","0","2025","A","",16,63,3538849,2380167,96657,1077,56024,"",1.02,0.69,0.77,0.88,4.52,1.11,1.11,"",-1,-5.9,-4,-6.0,-199359,-5.3,-54782,-2.2,1454,1.5,7,0.7,368,0.7
"19027","5","238","75","0","2025","A","",64,343,21146755,12746416,118539,1186,61682,"",1.40,0.94,1.10,1.01,1.27,1.18,1.18,"",1,1.6,25,7.9,2843525,15.5,1562915,14.0,13136,12.5,79,7.1,4140,7.2
"19029","5","238","75","0","2025","A","",28,173,12731570,6637996,153445,1417,73664,"",1.09,0.91,1.28,1.07,1.77,1.41,1.41,"",2,7.7,20,13.1,3587005,39.2,1140789,20.8,19164,14.3,266,23.1,13830,23.1
"19031","5","238","75","0","2025","A","",37,184,10561254,6823466,160178,1104,57398,"",1.28,1.06,1.18,1.09,2.01,1.12,1.12,"",-5,-11.9,-18,-8.9,-516697,-4.7,-566996,-7.7,-68372,-29.9,49,4.6,2534,4.6
"19033","5","238","75","0","2025","A","",93,606,39642718,23888145,678165,1258,65426,"",1.13,0.77,0.89,0.85,2.06,1.15,1.15,"",3,3.3,-116,-16.1,-13271799,-25.1,-7135758,-23.0,-587179,-46.4,-152,-10.8,-7888,-10.8
"19035","5","238","75","0","2025","A","",26,125,6596112,4593277,114850,1018,52945,"",1.19,0.76,0.78,0.84,2.12,1.03,1.03,"",0,0.0,25,25.0,1946758,41.9,1243279,37.1,26017,29.3,125,14.0,6490,14.0
"19037","5","238","75","0","2025","A","",33,154,8524172,5750132,91831,1068,55532,"",1.63,0.89,0.84,0.75,0.49,0.94,0.94,"",-1,-2.9,1,0.7,933225,12.3,460380,8.7,-3097,-3.3,115,12.1,5972,12.1
"19039","5","238","75","0","2025","A","",15,106,4011327,2730399,72525,728,37843,"",1.25,0.66,0.48,0.42,1.46,0.72,0.72,"",3,25.0,15,16.5,891608,28.6,623200,29.6,-25269,-25.8,67,10.1,3466,10.1
"19041","5","238","75","0","2025","A","",37,313,19651615,12697143,220419,1206,62735,"",1.06,1.10,1.25,1.24,2.09,1.14,1.14,"",-2,-5.1,-2,-0.6,571986,3.0,296192,2.4,4840,2.2,41,3.5,2149,3.5
"19043","5","238","75","0","2025","A","",38,226,13036111,8577000,523208,1108,57639,"",1.26,1.10,1.18,1.14,3.06,1.08,1.08,"",-1,-2.6,-34,-13.1,-1059369,-7.5,-745584,-8.0,-58694,-10.1,67,6.4,3495,6.5
"19045","5","238","75","0","2025","A","",86,457,29449256,18924816,599313,1240,64464,"",1.18,0.72,0.85,0.79,1.45,1.17,1.17,"",0,0.0,-23,-4.8,-732719,-2.4,172506,0.9,-10922,-1.8,31,2.6,1574,2.5
"19047","5","238","75","0","2025","A","",35,235,20966471,10200998,421529,1715,89187,"",1.43,1.09,1.74,1.22,3.43,1.59,1.59,"",1,2.9,15,6.8,3856236,22.5,635794,6.6,-13537,-3.1,223,14.9,11590,14.9
"19049","5","238","75","0","2025","A","",167,1423,91503575,59034761,2461954,1237,64315,"",0.92,0.75,0.61,0.70,2.57,0.81,0.81,"",1,0.6,-21,-1.5,3027597,3.4,980242,1.7,-113478,-4.4,59,5.0,3058,5.0
"19051","5","238","75","0","2025","A","",16,58,3480988,2295375,46711,1149,59759,"",1.33,0.88,1.01,0.99,2.31,1.15,1.15,"",-1,-5.9,-6,-9.4,-8255,-0.2,-111721,-4.6,-13984,-23.0,109,10.5,5662,10.5
"19053","5","238","75","0","2025","A","",17,62,2818614,2261666,86144,873,45400,"",1.54,0.80,0.84,1.11,1.40,1.05,1.05,"",1,6.2,-2,-3.1,-53941,-1.9,-11517,-0.5,8090,10.4,11,1.3,575,1.3
"19055","5","238","75","0","2025","A","",36,204,12099123,7737264,247065,1139,59237,"",1.23,0.89,0.95,0.88,1.56,1.07,1.07,"",2,5.9,-12,-5.6,294197,2.5,129318,1.7,-64921,-20.8,90,8.6,4711,8.6
"19057","5","238","75","0","2025","A","",62,564,36728307,23145655,780305,1253,65140,"",0.90,0.84,1.00,0.97,1.49,1.19,1.19,"",4,6.9,-96,-14.5,-6923177,-15.9,-3489540,-13.1,-414393,-34.7,-19,-1.5,-1007,-1.5
"19059","3","238","75","0","2025","A","N",1,0,0,0,0,0,0,"N",172.30,0,0,0,0,0,0,"N",0,0.0,0,0,0,0,0,0,0,0,0,0,0,0
"19059","5","238","75","0","2025","A","",62,341,20930532,13128948,436110,1179,61320,"",1.33,1.04,1.33,1.01,1.53,1.28,1.28,"",-2,-3.1,13,4.0,1124953,5.7,519959,4.1,24941,6.1,19,1.6,998,1.7
"19061","5","238","75","0","2025","A","",192,1477,104366960,61248202,2732580,1359,70681,"",1.06,0.77,0.89,0.79,2.19,1.17,1.17,"",-3,-1.5,8,0.5,7485239,7.7,3358318,5.8,142568,5.5,90,7.1,4715,7.1
"19063","5","238","75","0","2025","A","",27,103,5810864,4108728,135789,1087,56508,"",1.66,0.93,1.05,1.13,3.16,1.13,1.13,"",0,0.0,7,7.3,611871,11.8,452573,12.4,33132,32.3,48,4.6,2492,4.6
"19065","5","238","75","0","2025","A","",34,215,13499047,8074268,221032,1208,62835,"",1.03,0.92,1.15,1.02,1.81,1.25,1.25,"",0,0.0,-2,-0.9,-1047213,-7.2,-551510,-6.4,8627,4.1,-80,-6.2,-4121,-6.2
"19067","5","238","75","0","2025","A","",19,114,7623504,4626297,184628,1292,67167,"",0.82,0.61,0.72,0.58,2.54,1.18,1.18,"",0,0.0,-9,-7.3,-223739,-2.9,-288965,-5.9,55904,43.4,61,5.0,3151,4.9
"19069","5","238","75","0","2025","A","",18,113,6971216,4630513,116746,1182,61466,"",1.02,0.87,0.98,0.90,2.19,1.12,1.12,"",1,5.9,-4,-3.4,199244,2.9,28801,0.6,-124145,-51.5,67,6.0,3462,6.0
"19071","5","238","75","0","2025","A","",12,30,1193783,976325,53212,776,40353,"",0.86,0.41,0.32,0.32,1.52,0.79,0.79,"",0,0.0,5,20.0,343685,40.4,201621,26.0,9451,21.6,133,20.7,6907,20.7
"19073","5","238","75","0","2025","A","",14,43,1481885,1278904,26706,664,34529,"",0.95,0.41,0.25,0.31,0.45,0.61,0.61,"",0,0.0,0,0.0,-103647,-6.5,-35995,-2.7,-11724,-30.5,-44,-6.2,-2273,-6.2
"19075","5","238","75","0","2025","A","",28,124,7796647,5490848,262744,1206,62708,"",1.48,0.91,0.93,1.03,1.35,1.02,1.02,"",0,0.0,2,1.6,307476,4.1,451176,9.0,11958,4.8,24,2.0,1237,2.0
"19077","5","238","75","0","2025","A","",23,156,10592249,6496514,155236,1304,67827,"",1.22,1.46,1.79,1.80,3.10,1.23,1.23,"",-2,-8.0,-14,-8.2,223087,2.2,229209,3.7,-65109,-29.5,128,10.9,6682,10.9
"19079","5","238","75","0","2025","A","",27,157,8249537,6061216,117363,1009,52489,"",1.15,0.82,0.80,0.83,1.57,0.97,0.97,"",0,0.0,-20,-11.3,-1271891,-13.4,-820367,-11.9,-128450,-52.3,-27,-2.6,-1406,-2.6
"19081","5","238","75","0","2025","A","N",16,0,0,0,0,0,0,"N",0.88,0,0,0,0,0,0,"N",0,0.0,0,0,0,0,0,0,0,0,0,0,0,0
"19083","5","238","75","0","2025","A","",43,308,19121424,11950144,227895,1194,62099,"",1.40,1.41,1.54,1.53,2.55,1.10,1.10,"",-3,-6.5,-22,-6.7,159542,0.8,-243339,-2.0,-22320,-8.9,90,8.2,4668,8.1
"19085","5","238","75","0","2025","A","",34,124,5969245,4232982,161555,927,48204,"",1.42,0.91,0.81,0.88,2.94,0.90,0.90,"",4,13.3,23,22.8,1452545,32.2,929244,28.1,67349,71.5,66,7.7,3447,7.7
"19087","5","238","75","0","2025","A","",30,187,10653817,7114187,101641,1094,56871,"",0.97,0.69,0.72,0.63,0.86,1.04,1.04,"",-1,-3.2,-10,-5.1,-699868,-6.2,-260704,-3.5,-20797,-17.0,-13,-1.2,-713,-1.2
"19089","5","238","75","0","2025","A","",29,107,6048028,4063184,89441,1088,56568,"",1.70,0.73,0.82,0.74,1.31,1.12,1.12,"",0,0.0,2,1.9,440212,7.8,265627,7.0,-46688,-34.3,62,6.0,3203,6.0
"19091","5","238","75","0","2025","A","N",20,0,0,0,0,0,0,"N",1.14,0,0,0,0,0,0,"N",-2,-9.1,0,0,0,0,0,0,0,0,0,0,0,0
"19093","5","238","75","0","2025","A","",9,43,2357279,1747040,3768,1052,54714,"",0.62,0.35,0.31,0.33,0.06,0.89,0.89,"",1,12.5,0,0.0,-77963,-3.2,143486,8.9,-16357,-81.3,-33,-3.0,-1701,-3.0
"19095","5","238","75","0","2025","A","",49,218,11904981,8300475,244634,1050,54610,"",1.39,0.78,0.83,0.71,0.75,1.06,1.06,"",2,4.3,8,3.8,1804804,17.9,1369209,19.8,23971,10.9,126,13.6,6571,13.7
"19097","5","238","75","0","2025","A","",36,124,7074943,4738509,171538,1102,57287,"",1.11,0.64,0.77,0.69,1.69,1.21,1.21,"",1,2.9,10,8.8,1332691,23.2,425713,9.9,21836,14.6,130,13.4,6732,13.3
"19099","5","238","75","0","2025","A","",56,615,42006367,23462484,245122,1314,68303,"",1.17,1.72,2.26,1.82,0.88,1.31,1.31,"",-2,-3.4,17,2.8,2723317,6.9,1457358,6.6,-31733,-11.5,51,4.0,2603,4.0
"19101","5","238","75","0","2025","A","",29,168,13034517,8378064,246933,1488,77394,"",0.78,0.71,0.95,0.95,1.99,1.34,1.34,"",1,3.6,26,18.3,5260694,67.7,2466398,41.7,92304,59.7,439,41.8,22841,41.9
"19103","5","238","75","0","2025","A","",228,1602,104348648,65722493,1502989,1253,65150,"",0.91,0.56,0.55,0.85,1.55,0.98,0.98,"",-7,-3.0,-15,-0.9,3728980,3.7,3564127,5.7,-95820,-6.0,56,4.7,2908,4.7
"19105","5","238","75","0","2025","A","",43,326,18303086,12154149,359246,1078,56058,"",1.35,1.55,1.68,1.74,2.64,1.08,1.08,"",-3,-6.5,-18,-5.2,87187,0.5,-108446,-0.9,-33878,-8.6,60,5.9,3143,5.9
"19107","5","238","75","0","2025","A","",19,66,3317766,2481072,89398,974,50653,"",1.25,0.87,0.88,0.94,2.61,1.02,1.02,"",1,5.6,-3,-4.3,-339713,-9.3,-72743,-2.8,-8298,-8.5,-39,-3.8,-2036,-3.9
"19109","5","238","75","0","2025","A","",38,168,10549893,6429994,219687,1204,62611,"",1.22,0.78,0.90,0.78,2.61,1.16,1.16,"",-2,-5.0,-72,-30.0,-4441287,-29.6,-3238622,-33.5,-55581,-20.2,1,0.1,61,0.1
"19111","5","238","75","0","2025","A","",62,771,61092058,39136035,1436808,1524,79246,"",1.23,1.70,2.25,2.12,3.01,1.32,1.32,"",-1,-1.6,136,21.4,14319553,30.6,10847003,38.3,-23668,-1.6,108,7.6,5598,7.6
"19113","5","238","75","0","2025","A","",402,6073,485406419,263939189,8755237,1537,79926,"",1.05,1.45,1.64,1.50,3.01,1.13,1.13,"",5,1.3,110,1.8,45071685,10.2,26789407,11.3,506301,6.1,117,8.2,6082,8.2
"19115","5","238","75","0","2025","A","",17,54,2496228,1934237,52929,888,46155,"",1.22,0.44,0.38,0.37,1.03,0.88,0.88,"N",0,0.0,0,0,0,0,0,0,0,0,0,0,0,0
"19117","5","238","75","0","2025","A","",15,62,3072661,2288384,82475,949,49360,"",1.26,0.58,0.54,0.53,2.91,0.92,0.92,"",-1,-6.2,9,17.0,588071,23.7,498329,27.8,23676,40.3,47,5.2,2481,5.3
"19119","5","238","75","0","2025","A","",49,240,13153039,9018288,280496,1052,54690,"",1.82,1.45,1.52,1.47,5.19,1.05,1.05,"",0,0.0,38,18.8,1952065,17.4,1096314,13.8,46241,19.7,-15,-1.4,-806,-1.5
"19121","5","238","75","0","2025","A","",51,238,13133067,9052788,275619,1060,55104,"",1.86,1.70,1.80,1.88,3.27,1.06,1.06,"",1,2.0,17,7.7,1392108,11.9,938604,11.6,-29510,-9.7,40,3.9,2077,3.9
"19123","5","238","75","0","2025","A","",34,151,8461431,5524717,121715,1079,56098,"",1.13,0.56,0.52,0.56,1.22,0.94,0.94,"",-2,-5.6,-1,-0.7,28827,0.3,203663,3.8,-11315,-8.5,9,0.8,468,0.8
"19125","5","238","75","0","2025","A","",64,452,32592165,19410681,583929,1386,72053,"",1.22,0.69,0.75,0.67,2.64,1.09,1.09,"",0,0.0,-57,-11.2,-2227682,-6.4,-2122767,-9.9,-30165,-4.9,70,5.3,3633,5.3
"19127","5","238","75","0","2025","A","",63,242,13790783,9703283,298614,1097,57026,"",1.29,0.45,0.44,0.46,1.05,0.97,0.97,"",-7,-10.0,-11,-4.3,307863,2.3,-3487,0.0,-56772,-16.0,73,7.1,3769,7.1
"19129","5","238","75","0","2025","A","",40,147,8326025,5941791,193883,1090,56704,"",1.72,1.40,1.40,1.61,3.91,1.00,1.00,"",2,5.3,19,14.8,1411144,20.4,1171506,24.6,3463,1.8,54,5.2,2857,5.3
"19131","5","238","75","0","2025","A","",31,165,11203120,6627114,33794,1309,68070,"",1.71,1.27,1.58,1.33,0.66,1.24,1.24,"",1,3.3,-21,-11.3,-1150440,-9.3,-642513,-8.8,-92194,-73.2,32,2.5,1683,2.5
"19133","5","238","75","0","2025","A","",16,48,2260687,1819356,72187,907,47180,"",1.10,0.56,0.56,0.71,2.26,1.00,1.00,"",1,6.7,8,20.0,374915,19.9,366506,25.2,7692,11.9,0,0.0,36,0.1
"19135","5","238","75","0","2025","A","",18,132,9418692,5681126,164136,1369,71174,"",1.48,1.11,1.11,0.98,2.48,1.00,1.00,"",2,12.5,2,1.5,918501,10.8,807447,16.6,16928,11.5,115,9.2,5955,9.1
"19137","5","238","75","0","2025","A","",33,222,13128643,8525767,89479,1136,59049,"",1.84,1.66,1.86,1.87,1.82,1.12,1.12,"",0,0.0,1,0.5,641535,5.1,419881,5.2,-11521,-11.4,51,4.7,2610,4.6
"19139","5","238","75","0","2025","A","",53,364,21452393,14233897,560404,1133,58895,"",0.89,0.52,0.47,0.46,1.32,0.92,0.92,"",-1,-1.9,-11,-2.9,-984779,-4.4,-186682,-1.3,-26517,-4.5,-18,-1.6,-951,-1.6
"19141","5","238","75","0","2025","A","",28,145,10050456,6521984,157774,1337,69513,"",0.94,0.66,0.92,0.84,2.26,1.40,1.40,"",2,7.7,7,5.1,2001195,24.9,1239226,23.5,27123,20.8,217,19.4,11255,19.3
"19143","5","238","75","0","2025","A","",15,78,4044889,2817478,29298,999,51969,"",1.14,0.88,0.86,0.78,1.10,0.98,0.98,"",1,7.1,-8,-9.3,-356346,-8.1,-166957,-5.6,-21133,-41.9,17,1.7,891,1.7
"19145","5","238","75","0","2025","A","",27,114,5472272,3921620,77079,927,48178,"",1.19,0.55,0.49,0.59,1.59,0.91,0.91,"",0,0.0,2,1.8,450449,9.0,72200,1.9,-20696,-21.2,67,7.8,3473,7.8
"19147","5","238","75","0","2025","A","",16,141,7917282,5458940,111292,1080,56184,"",0.99,1.15,1.31,1.16,2.46,1.14,1.14,"",-3,-15.8,0,0.0,-547338,-6.5,105565,2.0,-57542,-34.1,-72,-6.2,-3743,-6.2
"19149","5","238","75","0","2025","A","",45,226,14296278,8752051,135110,1218,63351,"",1.06,0.58,0.59,0.51,0.54,1.01,1.01,"",-3,-6.2,6,2.7,1198779,9.2,920267,11.8,12990,10.6,75,6.6,3907,6.6
"19151","5","238","75","0","2025","A","N",6,0,0,0,0,0,0,"N",0.48,0,0,0,0,0,0,"N",-1,-14.3,0,0,0,0,0,0,0,0,0,0,0,0
"19153","5","238","75","0","2025","A","",965,15121,1266986341,670399733,20134975,1611,83791,"",0.96,1.44,1.60,1.48,3.03,1.11,1.11,"",-11,-1.1,43,0.3,80674699,6.8,34210910,5.4,20749,0.1,98,6.5,5113,6.5
"19155","5","238","75","0","2025","A","",171,1528,116345047,66492518,2688569,1464,76138,"",1.28,1.09,1.43,1.20,3.30,1.31,1.31,"",-10,-5.5,81,5.6,8597748,8.0,2371217,3.7,219453,8.9,32,2.2,1663,2.2
"19157","5","238","75","0","2025","A","",48,162,8428686,6247858,250863,1002,52083,"",1.41,0.53,0.45,0.56,0.98,0.86,0.86,"",0,0.0,-4,-2.4,366381,4.5,373931,6.4,10867,4.5,71,7.6,3661,7.6
"19159","5","238","75","0","2025","A","",15,83,7005403,3736898,59890,1615,83981,"",1.69,1.78,3.05,2.58,4.10,1.70,1.70,"",-1,-6.2,3,3.8,390524,5.9,299121,8.7,-45039,-42.9,33,2.1,1723,2.1
"19161","5","238","75","0","2025","A","",16,50,2385305,1623655,22750,917,47706,"",0.86,0.51,0.45,0.45,0.36,0.89,0.89,"",-2,-11.1,-7,-12.3,-235796,-9.0,-175170,-9.7,-13998,-38.1,35,4.0,1856,4.0
"19163","5","238","75","0","2025","A","",318,4874,421228869,221459477,8191619,1662,86416,"",1.04,1.57,2.16,1.73,3.65,1.38,1.38,"",0,0.0,-187,-3.7,8163155,2.0,6485818,3.0,-86572,-1.0,92,5.9,4796,5.9
"19165","5","238","75","0","2025","A","",15,72,3420971,2561319,47603,917,47679,"",0.71,0.39,0.34,0.35,0.54,0.89,0.89,"",1,7.1,-5,-6.5,-48687,-1.4,14834,0.6,-37110,-43.8,49,5.6,2521,5.6
"19167","5","238","75","0","2025","A","",119,1658,147073907,68217164,1147981,1706,88688,"",1.56,2.16,3.29,2.16,4.04,1.53,1.53,"",-2,-1.7,28,1.7,10209468,7.5,2510631,3.8,-128480,-10.1,91,5.6,4709,5.6
"19169","5","238","75","0","2025","A","",124,1189,81081644,47823542,964925,1311,68184,"",0.84,0.76,0.79,0.96,1.71,1.04,1.04,"",-4,-3.1,43,3.8,6088539,8.1,2391873,5.3,-48680,-4.8,52,4.1,2721,4.2
"19171","5","238","75","0","2025","A","",23,99,6166075,4156944,97856,1195,62127,"",1.08,0.55,0.69,0.77,1.44,1.25,1.25,"",0,0.0,0,0.0,410106,7.1,106588,2.6,-37411,-27.7,76,6.8,3937,6.8
"19173","5","238","75","0","2025","A","N",11,0,0,0,0,0,0,"N",1.18,0,0,0,0,0,0,"N",0,0.0,0,0,0,0,0,0,0,0,0,0,0,0
"19175","5","238","75","0","2025","A","",23,86,5836136,3647960,109149,1299,67535,"",1.05,0.44,0.57,0.56,1.67,1.29,1.29,"",-2,-8.0,-11,-11.3,-370028,-6.0,-358622,-9.0,-41250,-27.4,71,5.8,3664,5.7
"19177","5","238","75","0","2025","A","",14,48,2115607,1682941,90791,842,43771,"",1.28,0.74,0.68,0.76,2.25,0.90,0.90,"",0,0.0,-4,-7.7,-259839,-10.9,-189389,-10.1,-12058,-11.7,-31,-3.6,-1620,-3.6
"19179","5","238","75","0","2025","A","",47,409,29681736,17325947,501228,1396,72616,"",1.10,0.80,1.08,0.87,1.64,1.35,1.35,"",1,2.2,4,1.0,3669323,14.1,1540515,9.8,34429,7.4,160,12.9,8322,12.9
"19181","5","238","75","0","2025","A","",124,799,52504482,32641275,1153913,1264,65713,"",1.78,1.76,2.17,2.09,3.65,1.24,1.23,"",-4,-3.1,-43,-5.1,-911795,-1.7,-916914,-2.7,-41487,-3.5,44,3.6,2286,3.6
"19183","5","238","75","0","2025","A","",74,511,29725896,20453775,807858,1119,58200,"",1.76,1.74,1.92,1.93,4.99,1.10,1.10,"",2,2.8,1,0.2,1620109,5.8,941290,4.8,-45348,-5.3,59,5.6,3100,5.6
"19185","5","238","75","0","2025","A","N",7,0,0,0,0,0,0,"N",0.80,0,0,0,0,0,0,"N",1,16.7,0,0,0,0,0,0,0,0,0,0,0,0
"19187","5","238","75","0","2025","A","",70,663,49699360,29995938,561424,1441,74914,"",1.23,1.14,1.46,1.39,1.97,1.28,1.28,"",-3,-4.1,-29,-4.2,2608757,5.5,1529097,5.4,-20566,-3.5,133,10.2,6880,10.1
"19189","5","238","75","0","2025","A","",21,120,7525660,4911861,97334,1207,62757,"",1.12,0.93,1.20,1.07,2.08,1.29,1.29,"",0,0.0,1,0.8,432511,6.1,510877,11.6,1244,1.3,57,5.0,2941,4.9
"19191","5","238","75","0","2025","A","",41,260,16819851,10151131,243065,1246,64796,"",1.10,0.74,0.89,0.88,0.95,1.20,1.20,"",-1,-2.4,-1,-0.4,662294,4.1,113166,1.1,-57742,-19.2,54,4.5,2830,4.6
"19193","5","238","75","0","2025","A","",202,2137,162947031,93550732,1943950,1467,76259,"",1.27,1.25,1.70,1.45,2.40,1.36,1.35,"",-8,-3.8,-10,-0.5,11020101,7.3,7245703,8.4,242188,14.2,106,7.8,5491,7.8
"19195","5","238","75","0","2025","A","",17,60,3413147,2236428,42942,1102,57284,"",1.53,0.79,0.92,0.74,1.29,1.18,1.18,"",2,13.3,-6,-9.1,-443911,-11.5,-204039,-8.4,-21495,-33.4,-25,-2.2,-1304,-2.2
"19197","5","238","75","0","2025","A","",22,121,6411963,4215266,58498,1018,52955,"",0.98,0.57,0.50,0.51,0.66,0.87,0.87,"",0,0.0,-4,-3.2,-703261,-9.9,-287027,-6.4,-22049,-27.4,-80,-7.3,-4157,-7.3
"19999","5","238","75","0","2025","A","",4,52,3414568,2272085,33720,1257,65351,"",0.37,0.22,0.15,0.16,0.18,0.67,0.67,"N",2,100.0,0,0,0,0,0,0,0,0,0,0,0,0
"20000","3","238","55","0","2025","A","",2,2,57468,57468,57,553,28734,"",3.34,0.21,0.12,7.18,1.55,0.55,0.55,"",0,0.0,0,0.0,5843,11.3,5843,11.3,6,11.8,-74,-11.8,-3871,-11.9
"20000","5","238","55","0","2025","A","",4931,46774,3453540861,864887603,15221124,1420,73835,"",1.03,0.98,1.14,0.66,1.72,1.17,1.17,"",-78,-1.6,1311,2.9,269663156,8.5,34778091,4.2,-3029935,-16.6,73,5.4,3803,5.4
"20001","5","238","75","0","2025","A","",21,106,4677523,1648869,14112,851,44267,"",1.07,0.56,0.52,0.27,0.63,0.93,0.93,"",-3,-12.5,3,2.9,20516,0.4,-3499,-0.2,-10727,-43.2,-21,-2.4,-1093,-2.4
"20003","5","238","75","0","2025","A","N",21,0,0,0,0,0,0,"N",1.75,0,0,0,0,0,0,"N",-1,-4.5,0,0,0,0,0,0,0,0,0,0,0,0
"20005","5","238","75","0","2025","A","",30,180,12095095,3237318,22229,1294,67288,"",1.48,0.95,1.21,0.80,0.53,1.28,1.28,"",2,7.1,3,1.7,799227,7.1,34675,1.1,-26378,-54.3,69,5.6,3589,5.6
"20007","5","238","75","0","2025","A","",6,10,331511,151475,478,627,32608,"",0.60,0.19,0.14,0.08,0.09,0.70,0.70,"",-1,-14.3,-4,-28.6,-114846,-25.7,-74506,-33.0,-4440,-90.3,-9,-1.4,-455,-1.4
"20009","5","238","75","0","2025","A","",42,306,18690438,5102174,6347,1173,61013,"",0.98,0.80,0.98,0.53,0.12,1.22,1.22,"",-2,-4.5,2,0.7,-684218,-3.5,133910,2.7,-31266,-83.1,-51,-4.2,-2632,-4.1
"20011","5","238","75","0","2025","A","",26,205,12608865,3234432,148179,1182,61482,"",1.35,1.11,1.52,0.75,5.10,1.36,1.36,"",-1,-3.7,9,4.6,195605,1.6,-64143,-1.9,-14102,-8.7,-39,-3.2,-1986,-3.1
"20013","5","238","75","0","2025","A","",17,56,2082821,781721,12372,718,37360,"",1.03,0.39,0.27,0.21,0.52,0.71,0.71,"",-1,-5.6,5,9.8,284971,15.9,47963,6.5,-2204,-15.1,40,5.9,2108,6.0
"20015","5","238","75","0","2025","A","",132,662,37875268,12466075,161798,1101,57257,"",1.67,0.99,1.10,0.61,1.27,1.11,1.11,"",4,3.1,-38,-5.4,-3494354,-8.4,-861118,-6.5,-59139,-26.8,-36,-3.2,-1871,-3.2
"20017","5","238","75","0","2025","A","N",4,0,0,0,0,0,0,"N",0.97,0,0,0,0,0,0,"N",-3,-42.9,0,0,0,0,0,0,0,0,0,0,0,0
"20019","5","238","75","0","2025","A","N",1,0,0,0,0,0,0,"N",0.20,0,0,0,0,0,0,"N",0,0.0,0,0,0,0,0,0,0,0,0,0,0,0
"20021","5","238","75","0","2025","A","",13,40,1584816,625077,7380,757,39374,"",0.63,0.20,0.13,0.12,0.35,0.65,0.65,"",-1,-7.1,1,2.6,95507,6.4,-11275,-1.8,-6280,-46.0,26,3.6,1349,3.5
"20023","5","238","75","0","2025","A","N",6,0,0,0,0,0,0,"N",0.89,0,0,0,0,0,0,"N",-1,-14.3,0,0,0,0,0,0,0,0,0,0,0,0
"20025","5","238","75","0","2025","A","N",2,0,0,0,0,0,0,"N",0.47,0,0,0,0,0,0,"N",-1,-33.3,0,0,0,0,0,0,0,0,0,0,0,0
"20027","5","238","75","0","2025","A","",19,79,3440398,1336998,29608,837,43549,"",1.41,0.83,0.88,0.52,2.39,1.06,1.07,"",-1,-5.0,-4,-4.8,-81082,-2.3,-19415,-1.4,-14057,-32.2,18,2.2,950,2.2
"20029","5","238","75","0","2025","A","",13,96,4544936,1465771,17109,915,47591,"",0.88,0.90,0.99,0.52,1.89,1.11,1.11,"",0,0.0,4,4.3,58082,1.3,12766,0.9,-7100,-29.3,-23,-2.5,-1179,-2.4
"20031","5","238","75","0","2025","A","",14,114,8480400,3548396,142091,1425,74119,"",1.14,0.99,1.01,1.04,5.38,1.02,1.02,"",-3,-17.6,10,9.6,1522446,21.9,687101,24.0,23904,20.2,143,11.2,7429,11.1
"20033","5","238","75","0","2025","A","N",1,0,0,0,0,0,0,"N",0.23,0,0,0,0,0,0,"N",0,0.0,0,0,0,0,0,0,0,0,0,0,0,0
"20035","5","238","75","0","2025","A","",30,177,10674316,3125971,11227,1158,60194,"",0.80,0.40,0.47,0.26,0.13,1.17,1.17,"",-4,-11.8,-1,-0.6,603371,6.0,112268,3.7,-22470,-66.7,69,6.3,3563,6.3
"20037","5","238","75","0","2025","A","",69,609,39184158,12644815,146858,1237,64324,"",1.34,1.07,1.43,0.81,1.63,1.34,1.34,"",3,4.5,-34,-5.3,5731301,17.1,1632686,14.8,-191317,-56.6,236,23.6,12271,23.6
"20039","5","238","75","0","2025","A","N",3,0,0,0,0,0,0,"N",0.49,0,0,0,0,0,0,"N",-1,-25.0,0,0,0,0,0,0,0,0,0,0,0,0
"20041","5","238","75","0","2025","A","",36,199,10398134,3167072,36842,1003,52143,"",1.36,0.90,1.03,0.55,0.85,1.14,1.14,"",-2,-5.3,12,6.4,197498,1.9,-20108,-0.6,-28481,-43.6,-44,-4.2,-2309,-4.2
"20043","5","238","75","0","2025","A","N",9,0,0,0,0,0,0,"N",0.80,0,0,0,0,0,0,"N",-1,-10.0,0,0,0,0,0,0,0,0,0,0,0,0
"20045","5","238","75","0","2025","A","",174,1076,60851230,18090210,153426,1088,56571,"",1.00,0.63,0.64,0.40,0.60,1.02,1.02,"",-2,-1.1,25,2.4,-856116,-1.4,-1291889,-6.7,-168784,-52.4,-41,-3.6,-2137,-3.6
"20047","5","238","75","0","2025","A","N",4,0,0,0,0,0,0,"N",0.63,0,0,0,0,0,0,"N",-1,-20.0,0,0,0,0,0,0,0,0,0,0,0,0
"20049","5","238","75","0","2025","A","N",1,0,0,0,0,0,0,"N",0.26,0,0,0,0,0,0,"N",-1,-50.0,0,0,0,0,0,0,0,0,0,0,0,0
"20051","5","238","75","0","2025","A","",66,491,31516104,8223694,56259,1233,64133,"",1.25,0.97,1.26,0.82,1.35,1.31,1.31,"",3,4.8,32,7.0,3833351,13.8,454653,5.9,-32027,-36.3,74,6.4,3855,6.4
"20053","5","238","75","0","2025","A","",9,158,21667140,3687290,215315,2639,137206,"",1.01,2.06,5.03,2.18,9.78,2.44,2.44,"",1,12.5,129,444.8,20321378,1510.0,3227384,701.7,211300,5262.8,1754,198.2,91197,198.2
"20055","5","238","75","0","2025","A","",77,552,33072180,9607933,82926,1153,59968,"",1.42,0.80,0.92,0.50,1.11,1.15,1.15,"",-1,-1.3,48,9.5,3932076,13.5,800300,9.1,-11649,-12.3,41,3.7,2150,3.7
"20057","5","238","75","0","2025","A","",48,280,14383562,5513275,46870,990,51462,"",1.17,0.46,0.45,0.35,0.82,0.98,0.98,"",1,2.1,-51,-15.4,-2690290,-15.8,-674894,-10.9,-49179,-51.2,-3,-0.3,-160,-0.3
"20059","5","238","75","0","2025","A","",62,313,19110862,5510433,64542,1173,60992,"",1.85,0.93,1.07,0.55,1.32,1.15,1.15,"",0,0.0,15,5.0,1524082,8.7,173800,3.3,-30164,-31.9,39,3.4,2025,3.4
"20061","5","238","75","0","2025","A","",24,98,7005194,1933556,66945,1376,71542,"",0.68,0.24,0.33,0.19,1.27,1.38,1.38,"",-2,-7.7,16,19.5,1487985,27.0,238239,14.1,3080,4.8,89,6.9,4599,6.9
"20063","5","238","75","0","2025","A","N",4,0,0,0,0,0,0,"N",0.51,0,0,0,0,0,0,"N",1,33.3,0,0,0,0,0,0,0,0,0,0,0,0
"20065","5","238","75","0","2025","A","N",8,0,0,0,0,0,0,"N",1.44,0,0,0,0,0,0,"N",0,0.0,0,0,0,0,0,0,0,0,0,0,0,0
"20067","5","238","75","0","2025","A","",16,113,6169519,1878846,10630,1052,54719,"",1.47,1.27,1.29,0.90,0.84,1.02,1.02,"",1,6.7,19,20.2,1160784,23.2,262687,16.3,-10120,-48.8,22,2.1,1150,2.1
"20069","5","238","75","0","2025","A","",20,248,21619204,4601543,14489,1676,87145,"",1.39,2.44,3.94,1.52,1.79,1.62,1.62,"",0,0.0,13,5.5,1774468,8.9,519497,12.7,-24293,-62.6,54,3.3,2819,3.3
"20071","5","238","75","0","2025","A","N",2,0,0,0,0,0,0,"N",0.58,0,0,0,0,0,0,"N",-1,-33.3,0,0,0,0,0,0,0,0,0,0,0,0
"20073","5","238","75","0","2025","A","",11,32,1639595,624699,2340,980,50972,"",1.11,0.64,0.79,0.46,0.45,1.23,1.23,"",0,0.0,-6,-15.8,-299584,-15.4,-163073,-20.7,-6881,-74.6,11,1.1,604,1.2
"20075","5","238","75","0","2025","A","N",2,0,0,0,0,0,0,"N",0.39,0,0,0,0,0,0,"N",-1,-33.3,0,0,0,0,0,0,0,0,0,0,0,0
"20077","5","238","75","0","2025","A","",6,61,6280097,1114502,46154,1980,102952,"",0.56,0.74,1.50,0.44,2.71,2.03,2.03,"",-3,-33.3,17,38.6,2830575,82.1,223902,25.1,16576,56.0,484,32.4,25143,32.3
"20079","5","238","75","0","2025","A","",52,356,23874378,5913823,32523,1289,67016,"",1.29,0.76,1.04,0.55,0.38,1.38,1.38,"",-3,-5.5,-30,-7.8,-1497265,-5.9,-583275,-9.0,-43050,-57.0,27,2.1,1371,2.1
"20081","5","238","75","0","2025","A","",8,93,5788662,1475818,3012,1201,62468,"",0.97,1.54,1.78,0.74,0.45,1.16,1.16,"",-1,-11.1,-6,-6.1,569836,10.9,-210120,-12.5,-11740,-79.6,184,18.1,9574,18.1
"20085","5","238","75","0","2025","A","N",24,0,0,0,0,0,0,"N",1.49,0,0,0,0,0,0,"N",-3,-11.1,0,0,0,0,0,0,0,0,0,0,0,0
"20087","5","238","75","0","2025","A","",50,379,23342440,6495973,77524,1183,61535,"",2.41,2.96,3.24,1.60,1.69,1.09,1.09,"",2,4.2,16,4.4,1555462,7.1,508715,8.5,-32497,-29.5,29,2.5,1530,2.5
"20089","5","238","75","0","2025","A","N",2,0,0,0,0,0,0,"N",0.37,0,0,0,0,0,0,"N",0,0.0,0,0,0,0,0,0,0,0,0,0,0,0
"20091","5","238","75","0","2025","A","",1011,13237,1165617816,251730174,4315756,1693,88059,"",0.73,1.06,1.20,0.70,1.58,1.13,1.13,"",-38,-3.6,219,1.7,73103573,6.7,4045648,1.6,-1315568,-23.4,79,4.9,4135,4.9
"20093","5","238","75","0","2025","A","N",3,0,0,0,0,0,0,"N",0.41,0,0,0,0,0,0,"N",-1,-25.0,0,0,0,0,0,0,0,0,0,0,0,0
"20095","5","238","75","0","2025","A","",16,424,26974173,9508474,424044,1223,63581,"",1.37,4.87,6.50,3.83,10.69,1.34,1.34,"",-3,-15.8,-162,-27.6,-9824656,-26.7,-725820,-7.1,-34784,-7.6,15,1.2,766,1.2
"20097","5","238","75","0","2025","A","N",3,0,0,0,0,0,0,"N",0.62,0,0,0,0,0,0,"N",0,0.0,0,0,0,0,0,0,0,0,0,0,0,0
"20099","5","238","75","0","2025","A","",24,95,5483777,1754160,34267,1113,57876,"",0.99,0.33,0.39,0.20,0.75,1.17,1.17,"",2,9.1,14,17.3,923840,20.3,203768,13.1,-11131,-24.5,25,2.3,1289,2.3
"20101","5","238","75","0","2025","A","N",2,0,0,0,0,0,0,"N",0.48,0,0,0,0,0,0,"N",1,100.0,0,0,0,0,0,0,0,0,0,0,0,0
"20103","5","238","75","0","2025","A","",127,905,56738254,16597378,302429,1206,62712,"",1.57,1.24,1.30,0.90,2.13,1.04,1.04,"",-9,-6.6,12,1.3,3197057,6.0,240017,1.5,-203228,-40.2,53,4.6,2755,4.6
"20105","5","238","75","0","2025","A","",6,39,2704669,751048,26468,1331,69203,"",1.15,1.35,2.02,0.87,6.70,1.50,1.50,"",0,0.0,-7,-15.2,-993705,-26.9,-724853,-49.1,-46341,-63.6,-204,-13.3,-10618,-13.3
"20107","5","238","75","0","2025","A","",18,140,9804336,2718425,79490,1349,70156,"",1.39,1.96,2.60,1.16,4.91,1.33,1.33,"",-1,-5.3,18,14.8,2390190,32.2,213550,8.5,-1099,-1.4,179,15.3,9301,15.3
"20109","5","238","75","0","2025","A","N",5,0,0,0,0,0,0,"N",0.78,0,0,0,0,0,0,"N",-1,-16.7,0,0,0,0,0,0,0,0,0,0,0,0
"20111","5","238","75","0","2025","A","",42,201,11555651,3622108,36571,1107,57562,"",1.00,0.41,0.48,0.25,0.58,1.16,1.16,"",-1,-2.3,8,4.1,359801,3.2,282829,8.5,-13758,-27.3,-10,-0.9,-548,-0.9
"20113","5","238","75","0","2025","A","",54,391,25665873,8501680,157148,1261,65572,"",1.16,0.71,0.75,0.60,1.84,1.05,1.05,"",-1,-1.8,54,16.0,5356701,26.4,2125141,33.3,69915,80.1,102,8.8,5307,8.8
"20115","5","238","75","0","2025","A","",22,129,7396469,2067943,25289,1101,57263,"",1.32,1.06,1.41,0.67,1.59,1.33,1.33,"",2,10.0,30,30.3,2109092,39.9,526379,34.1,2698,11.9,71,6.9,3720,6.9
"20117","5","238","75","0","2025","A","",18,51,1970147,802123,4860,745,38757,"",0.93,0.35,0.27,0.22,0.27,0.76,0.76,"",-4,-18.2,-7,-12.1,-317659,-13.9,-98001,-10.9,-6055,-55.5,-15,-2.0,-745,-1.9
"20119","5","238","75","0","2025","A","N",7,0,0,0,0,0,0,"N",0.88,0,0,0,0,0,0,"N",-2,-22.2,0,0,0,0,0,0,0,0,0,0,0,0
"20121","5","238","75","0","2025","A","",104,667,45647677,11787336,247947,1316,68446,"",2.27,2.15,2.65,1.29,3.17,1.24,1.24,"",-2,-1.9,83,14.2,6679116,17.1,1734980,17.3,-38527,-13.4,32,2.5,1671,2.5
"20123","5","238","75","0","2025","A","",13,102,5807701,1685575,6915,1100,57219,"",1.00,1.00,1.17,0.51,0.45,1.18,1.18,"N",-2,-13.3,0,0,0,0,0,0,0,0,0,0,0,0
"20125","5","238","75","0","2025","A","",43,308,19618122,6209931,114413,1223,63609,"",0.43,0.65,0.83,0.49,1.26,1.28,1.29,"",0,0.0,-65,-17.4,-2992186,-13.2,-1122591,-15.3,-8261,-6.7,58,5.0,3019,5.0
"20127","5","238","75","0","2025","A","N",10,0,0,0,0,0,0,"N",1.27,0,0,0,0,0,0,"N",0,0.0,0,0,0,0,0,0,0,0,0,0,0,0
"20129","5","238","75","0","2025","A","N",5,0,0,0,0,0,0,"N",1.07,0,0,0,0,0,0,"N",1,25.0,0,0,0,0,0,0,0,0,0,0,0,0
"20131","5","238","75","0","2025","A","N",22,0,0,0,0,0,0,"N",1.06,0,0,0,0,0,0,"N",1,4.8,0,0,0,0,0,0,0,0,0,0,0,0
"20133","5","238","75","0","2025","A","",12,54,2513512,830532,3653,890,46261,"",0.51,0.25,0.24,0.11,0.10,0.96,0.96,"",-3,-20.0,-9,-14.3,-164562,-6.1,-256822,-23.6,-5932,-61.9,74,9.1,3808,9.0
"20135","5","238","75","0","2025","A","N",9,0,0,0,0,0,0,"N",1.31,0,0,0,0,0,0,"N",-1,-10.0,0,0,0,0,0,0,0,0,0,0,0,0
"20137","5","238","75","0","2025","A","",8,23,977981,426078,5222,821,42676,"",0.84,0.30,0.26,0.23,0.85,0.87,0.87,"",0,0.0,1,4.5,98361,11.2,37717,9.7,2369,83.0,64,8.5,3290,8.4
"20139","5","238","75","0","2025","A","",31,114,4751204,1934060,47992,804,41799,"",1.76,1.17,1.22,0.63,2.85,1.05,1.05,"",-2,-6.1,-5,-4.2,-217170,-4.4,-79374,-3.9,-10238,-17.6,0,0.0,-11,0.0
"20141","5","238","75","0","2025","A","N",6,0,0,0,0,0,0,"N",0.76,0,0,0,0,0,0,"N",0,0.0,0,0,0,0,0,0,0,0,0,0,0,0
"20143","5","238","75","0","2025","A","N",4,0,0,0,0,0,0,"N",0.55,0,0,0,0,0,0,"N",0,0.0,0,0,0,0,0,0,0,0,0,0,0,0
"20145","5","238","75","0","2025","A","",10,119,7822046,1833992,447,1268,65916,"",1.00,1.37,1.70,1.14,0.09,1.24,1.24,"N",2,25.0,0,0,0,0,0,0,0,0,0,0,0,0
"20147","5","238","75","0","2025","A","",9,22,750413,352072,2877,644,33476,"",0.81,0.30,0.21,0.16,0.43,0.70,0.70,"",2,28.6,4,22.2,117965,18.7,68942,24.3,68,2.4,-32,-4.7,-1660,-4.7
"20149","5","238","75","0","2025","A","",60,401,26606434,6991995,53393,1275,66323,"",1.69,1.20,1.50,0.85,1.13,1.25,1.25,"",-4,-6.2,-29,-6.7,714864,2.8,-479662,-6.4,-60216,-53.0,118,10.2,6168,10.3
"20151","5","238","75","0","2025","A","",17,103,6811520,1663439,13884,1277,66400,"",0.89,0.66,0.89,0.41,0.85,1.35,1.35,"",-2,-10.5,7,7.3,445661,7.0,27194,1.7,-12401,-47.2,7,0.6,376,0.6
"20153","5","238","75","0","2025","A","N",5,0,0,0,0,0,0,"N",0.86,0,0,0,0,0,0,"N",0,0.0,0,0,0,0,0,0,0,0,0,0,0,0
"20155","5","238","75","0","2025","A","",107,688,47223254,11322068,83554,1321,68672,"",1.33,0.77,1.00,0.50,0.64,1.30,1.30,"",-2,-1.8,35,5.4,11233426,31.2,14258,0.1,-94719,-53.1,261,24.6,13571,24.6
"20157","5","238","75","0","2025","A","N",4,0,0,0,0,0,0,"N",0.39,0,0,0,0,0,0,"N",1,33.3,0,0,0,0,0,0,0,0,0,0,0,0
"20159","3","238","75","0","2025","A","",1,1,33170,33170,32,638,33170,"",469.02,40.19,31.57,1416.71,576.27,0.79,0.79,"",0,0.0,0,0.0,8805,36.1,8805,36.1,8,33.3,13,2.1,683,2.1
"20159","5","238","75","0","2025","A","",16,61,2895123,1120220,5270,919,47787,"",0.94,0.48,0.44,0.29,0.39,0.93,0.93,"",-2,-11.1,-74,-54.8,-10294930,-78.1,-2178125,-66.0,-136490,-96.3,-954,-50.9,-49616,-50.9
"20161","5","238","75","0","2025","A","",94,937,59356351,16277511,144614,1218,63330,"",1.00,0.92,1.08,0.77,1.26,1.17,1.17,"",-8,-7.8,13,1.4,1780587,3.1,-152027,-0.9,-109461,-43.1,20,1.7,1052,1.7
"20163","5","238","75","0","2025","A","",9,29,1190508,423520,5891,780,40586,"",0.94,0.49,0.43,0.22,0.97,0.86,0.86,"",-1,-10.0,2,7.4,202963,20.6,47399,12.6,-514,-8.0,79,11.3,4123,11.3
"20165","5","238","75","0","2025","A","",8,53,2593797,1005014,2069,949,49327,"",1.51,1.54,1.64,0.99,0.99,1.07,1.07,"N",-1,-11.1,0,0,0,0,0,0,0,0,0,0,0,0
"20167","5","238","75","0","2025","A","",16,59,3446451,991815,11041,1117,58086,"",1.11,0.70,0.91,0.51,0.58,1.29,1.29,"",1,6.7,2,3.5,333930,10.7,77005,8.4,845,8.3,59,5.6,3078,5.6
"20169","5","238","75","0","2025","A","",82,856,56138383,14916388,85873,1262,65621,"",1.08,0.84,1.06,0.60,0.78,1.26,1.25,"",-3,-3.5,0,0.0,594141,1.1,-47648,-0.3,-108430,-55.8,14,1.1,739,1.1
"20171","5","238","75","0","2025","A","",22,93,4532653,1548998,10952,940,48870,"",1.79,1.29,1.15,0.92,1.75,0.89,0.89,"",2,10.0,8,9.4,604190,15.4,135523,9.6,-4849,-30.7,51,5.7,2653,5.7
"20173","5","238","75","0","2025","A","",858,10147,671765303,178061646,2561153,1273,66203,"",1.25,1.14,1.20,0.77,1.67,1.05,1.05,"",-7,-0.8,369,3.8,41709657,6.6,4643052,2.7,-895506,-25.9,34,2.7,1765,2.7
"20175","5","238","75","0","2025","A","",26,137,8834301,3086706,76390,1240,64484,"",0.93,0.37,0.46,0.27,2.07,1.25,1.25,"",0,0.0,22,19.1,1762929,24.9,1086689,54.3,38122,99.6,58,4.9,3038,4.9
"20177","5","238","75","0","2025","A","",331,2998,218566446,55165926,1229140,1402,72916,"",0.97,0.88,1.00,0.80,2.03,1.15,1.15,"",56,20.4,235,8.5,30133742,16.0,6862430,14.2,11431,0.9,90,6.9,4711,6.9
"20179","5","238","75","0","2025","A","N",4,0,0,0,0,0,0,"N",0.67,0,0,0,0,0,0,"N",0,0.0,0,0,0,0,0,0,0,0,0,0,0,0
"20181","5","238","75","0","2025","A","N",9,0,0,0,0,0,0,"N",0.67,0,0,0,0,0,0,"N",-2,-18.2,0,0,0,0,0,0,0,0,0,0,0,0
"20183","5","238","75","0","2025","A","",10,24,837647,345558,3346,657,34190,"",1.26,0.54,0.43,0.31,0.82,0.78,0.78,"",0,0.0,-4,-14.3,4533,0.5,-86017,-19.9,-4990,-59.9,78,13.5,4077,13.5
"20185","5","238","75","0","2025","A","N",7,0,0,0,0,0,0,"N",0.86,0,0,0,0,0,0,"N",2,40.0,0,0,0,0,0,0,0,0,0,0,0,0
"20189","5","238","75","0","2025","A","N",6,0,0,0,0,0,0,"N",0.61,0,0,0,0,0,0,"N",0,0.0,0,0,0,0,0,0,0,0,0,0,0,0
"20191","3","238","75","0","2025","A","",1,1,24298,24298,25,467,24298,"",272.81,24.22,15.51,593.17,141.38,0.64,0.64,"",0,0.0,0,0.0,-2962,-10.9,-2962,-10.9,-2,-7.4,-162,-25.8,-8414,-25.7
"20191","5","238","75","0","2025","A","",28,106,4371959,1717140,9396,793,41212,"",0.95,0.50,0.45,0.25,0.22,0.89,0.89,"",0,0.0,8,8.2,391055,9.8,109308,6.8,-21160,-69.2,11,1.4,556,1.4
"20193","5","238","75","0","2025","A","",18,126,6999588,2145866,4960,1067,55479,"",0.91,0.92,1.02,0.58,0.26,1.11,1.11,"",-1,-5.3,-5,-3.8,-44630,-0.6,-153606,-6.7,-10348,-67.6,32,3.1,1672,3.1
"20195","5","238","75","0","2025","A","N",2,0,0,0,0,0,0,"N",0.32,0,0,0,0,0,0,"N",0,0.0,0,0,0,0,0,0,0,0,0,0,0,0
"20197","5","238","75","0","2025","A","",16,77,3828447,1269819,42394,961,49991,"",1.78,1.65,1.86,0.90,3.46,1.14,1.14,"",0,0.0,4,5.5,205877,5.7,29841,2.4,-2554,-5.7,12,1.3,648,1.3
"20199","5","238","75","0","2025","A","N",1,0,0,0,0,0,0,"N",0.22,0,0,0,0,0,0,"N",0,0.0,0,0,0,0,0,0,0,0,0,0,0,0
"20201","5","238","75","0","2025","A","",15,68,2911424,1006870,6262,817,42503,"",1.10,1.00,1.01,0.61,0.76,1.00,1.00,"",-2,-11.8,-7,-9.3,-238854,-7.6,-41263,-3.9,-4298,-40.7,6,0.7,312,0.7
"20203","5","238","75","0","2025","A","N",1,0,0,0,0,0,0,"N",0.18,0,0,0,0,0,0,"N",0,0.0,0,0,0,0,0,0,0,0,0,0,0,0
"20205","5","238","75","0","2025","A","",11,163,13457076,3078154,14546,1584,82348,"",0.97,1.68,2.88,1.10,1.10,1.71,1.71,"",-1,-8.3,-85,-34.3,-7978690,-37.2,-2220066,-41.9,-33251,-69.6,-79,-4.8,-4116,-4.8
"20207","5","238","75","0","2025","A","N",4,0,0,0,0,0,0,"N",0.89,0,0,0,0,0,0,"N",0,0.0,0,0,0,0,0,0,0,0,0,0,0,0
"20209","5","238","75","0","2025","A","",294,4490,403254506,91556251,2939477,1727,89815,"",1.53,1.43,1.87,0.76,3.17,1.30,1.30,"",-14,-4.5,410,10.0,72594306,22.0,13092058,16.7,520405,21.5,169,10.8,8777,10.8
"20999","5","238","75","0","2025","A","N",19,0,0,0,0,0,0,"N",0.46,0,0,0,0,0,0,"N",-2,-9.5,0,0,0,0,0,0,0,0,0,0,0,0
"21000","5","238","55","0","2025","A","",7707,58817,4146013087,945125622,27958775,1356,70490,"",0.98,0.88,0.99,0.87,1.07,1.13,1.13,"",98,1.3,-312,-0.5,7835294,0.2,-49592461,-5.0,-5974472,-17.6,10,0.7,505,0.7
"21001","5","238","75","0","2025","A","",25,73,3095412,964470,30139,820,42646,"",0.96,0.43,0.41,0.43,0.56,0.97,0.97,"",4,19.0,6,9.0,599078,24.0,41613,4.5,8402,38.7,100,13.9,5201,13.9
"21003","5","238","75","0","2025","A","",30,124,8209426,2294955,67169,1274,66250,"",1.36,0.72,0.96,0.83,1.16,1.34,1.34,"",4,15.4,5,4.2,1265241,18.2,501713,28.0,36506,119.1,156,14.0,8099,13.9
"21005","5","238","75","0","2025","A","",28,136,7101881,2047391,78354,1005,52284,"",0.97,0.79,0.80,0.78,1.16,1.02,1.02,"",-2,-6.7,13,10.6,1041029,17.2,275920,15.6,11812,17.8,57,6.0,2975,6.0
"21007","5","238","75","0","2025","A","",17,97,5084991,1122336,84746,1009,52468,"",1.61,1.51,1.23,1.09,2.61,0.81,0.81,"N",-1,-5.6,0,0,0,0,0,0,0,0,0,0,0,0
"21009","5","238","75","0","2025","A","",64,546,32419929,7519041,214193,1142,59395,"",0.98,1.04,1.21,0.99,1.34,1.16,1.16,"",0,0.0,57,11.7,4568835,16.4,836859,12.5,46656,27.8,47,4.3,2430,4.3
"21011","5","238","75","0","2025","A","",19,64,3804300,981670,60171,1145,59520,"",1.25,0.99,1.25,1.03,1.56,1.26,1.26,"",0,0.0,1,1.6,-568003,-13.0,79197,8.8,6329,11.8,-183,-13.8,-9516,-13.8
"21013","5","238","75","0","2025","A","",11,47,2508987,770480,24564,1019,53007,"",0.37,0.17,0.21,0.20,0.33,1.21,1.21,"",1,10.0,6,14.6,789496,45.9,177536,29.9,7126,40.9,208,25.6,10811,25.6
"21015","5","238","75","0","2025","A","",282,1956,146202089,29968428,755024,1437,74742,"",0.90,0.55,0.68,0.44,0.50,1.23,1.23,"",-5,-1.7,123,6.7,15388078,11.8,870073,3.0,19048,2.6,65,4.7,3382,4.7
"21017","5","238","75","0","2025","A","N",38,0,0,0,0,0,0,"N",1.21,0,0,0,0,0,0,"N",0,0.0,0,0,0,0,0,0,0,0,0,0,0,0
"21019","5","238","75","0","2025","A","",84,930,78239018,22592654,713345,1617,84083,"",0.95,1.05,1.43,1.86,2.27,1.36,1.36,"",-3,-3.4,110,13.4,21656782,38.3,8538221,60.8,84935,13.5,290,21.9,15101,21.9
"21021","5","238","75","0","2025","A","",50,262,14423308,4212526,112122,1057,54963,"",0.95,0.54,0.54,0.61,0.70,0.99,1.00,"",3,6.4,43,19.6,2567369,21.7,812726,23.9,53366,90.8,18,1.7,929,1.7
"21023","5","238","75","0","2025","A","",13,86,4325971,1321621,69303,964,50108,"",1.15,1.64,1.67,2.07,4.12,1.01,1.01,"",4,44.4,11,14.7,918874,27.0,128286,10.8,36299,110.0,86,9.8,4477,9.8
"21025","5","238","75","0","2025","A","N",6,0,0,0,0,0,0,"N",0.36,0,0,0,0,0,0,"N",0,0.0,0,0,0,0,0,0,0,0,0,0,0,0
"21027","5","238","75","0","2025","A","",27,236,15027789,3917846,102383,1226,63745,"",1.25,1.87,2.59,2.41,2.68,1.38,1.38,"",-3,-10.0,7,3.1,1712932,12.9,878504,28.9,30605,42.6,108,9.7,5602,9.6
"21029","5","238","75","0","2025","A","",177,1353,103651000,20298468,556750,1473,76599,"",1.91,1.38,1.90,1.12,1.44,1.38,1.38,"",5,2.9,-17,-1.2,2026838,2.0,-109302,-0.5,-8920,-1.6,47,3.3,2425,3.3
"21031","5","238","75","0","2025","A","",16,68,3399483,1196353,48235,959,49870,"",1.04,0.69,0.71,0.80,1.41,1.03,1.03,"",2,14.3,-8,-10.5,-428242,-11.2,47471,4.1,7508,18.4,-12,-1.2,-605,-1.2
"21033","5","238","75","0","2025","A","",18,62,2640543,984534,16244,822,42762,"",1.00,0.40,0.38,0.39,0.25,0.97,0.97,"",0,0.0,4,6.9,180387,7.3,145277,17.3,-226,-1.4,0,0.0,39,0.1
"21035","5","238","75","0","2025","A","",77,528,25527655,7714913,309979,930,48371,"",1.16,1.01,1.02,1.00,1.94,1.01,1.01,"",1,1.3,32,6.5,1894775,8.0,636002,9.0,-8500,-2.7,14,1.5,732,1.5
"21037","5","238","75","0","2025","A","",182,1153,84113420,16550947,474667,1403,72957,"",1.04,1.08,1.35,1.01,1.26,1.25,1.25,"",-2,-1.1,-6,-0.5,-4868471,-5.5,135092,0.8,16419,3.6,-73,-4.9,-3812,-5.0
"21039","5","238","75","0","2025","A","",11,59,4109818,905227,25984,1343,69855,"",1.58,1.67,2.44,1.68,2.08,1.46,1.46,"",1,10.0,-7,-10.6,-510131,-11.0,-28418,-3.0,-4002,-13.3,-10,-0.7,-500,-0.7
"21041","5","238","75","0","2025","A","N",24,0,0,0,0,0,0,"N",1.33,0,0,0,0,0,0,"N",2,9.1,0,0,0,0,0,0,0,0,0,0,0,0
"21043","5","238","75","0","2025","A","",42,203,11482508,3418780,174024,1088,56587,"",1.29,1.09,1.37,1.20,1.93,1.26,1.26,"",0,0.0,9,4.6,1387963,13.7,186074,5.8,-235,-0.1,85,8.5,4441,8.5
"21045","5","238","75","0","2025","A","",20,200,9956841,3018256,94319,958,49805,"",1.08,1.51,1.58,1.49,2.29,1.04,1.04,"",1,5.3,31,18.3,1257936,14.5,374924,14.2,-67932,-41.9,-32,-3.2,-1668,-3.2
"21047","5","238","75","0","2025","A","",86,309,21335817,5301558,166711,1326,68955,"",0.80,0.30,0.36,0.30,0.43,1.23,1.23,"",1,1.2,-8,-2.5,-1880604,-8.1,-111847,-2.1,11450,7.4,-81,-5.8,-4225,-5.8
"21049","5","238","75","0","2025","A","",66,502,32576679,8182208,210240,1248,64905,"",1.22,1.11,1.26,1.03,1.14,1.13,1.13,"",-1,-1.5,10,2.0,1813412,5.9,312865,4.0,13371,6.8,46,3.8,2399,3.8
"21051","5","238","75","0","2025","A","",15,67,2920463,977708,42745,837,43535,"",0.72,0.49,0.44,0.77,1.34,0.90,0.90,"",1,7.1,11,19.6,166887,6.1,21468,2.2,-13671,-24.2,-110,-11.6,-5709,-11.6
"21053","5","238","75","0","2025","A","",10,18,804326,328615,14294,848,44073,"",0.68,0.15,0.16,0.17,0.40,1.05,1.05,"",-1,-9.1,-4,-18.2,-23884,-2.9,-21258,-6.1,43,0.3,113,15.4,5848,15.3
"21055","5","238","75","0","2025","A","",8,23,1024345,395238,22423,872,45358,"",0.78,0.36,0.37,0.42,0.99,1.05,1.05,"N",-1,-11.1,0,0,0,0,0,0,0,0,0,0,0,0
"21057","5","238","75","0","2025","A","",8,21,859858,365272,6248,803,41774,"",0.83,0.25,0.21,0.31,0.22,0.85,0.86,"",-1,-11.1,0,0.0,-345695,-28.7,-174872,-32.4,-29673,-82.6,-301,-27.3,-15633,-27.2
"21059","5","238","75","0","2025","A","",216,1544,95938890,23366971,525411,1195,62127,"",1.21,0.97,1.06,0.92,0.95,1.10,1.10,"",-2,-0.9,78,5.3,13228338,16.0,1593127,7.3,63085,13.6,110,10.1,5705,10.1
"21061","5","238","75","0","2025","A","",16,102,5936668,1435044,65576,1114,57919,"",1.70,1.80,2.35,2.03,3.02,1.30,1.30,"",2,14.3,4,4.1,811721,15.8,138877,10.7,11620,21.5,104,10.3,5400,10.3
"21063","5","238","75","0","2025","A","N",5,0,0,0,0,0,0,"N",1.04,0,0,0,0,0,0,"N",1,25.0,0,0,0,0,0,0,0,0,0,0,0,0
"21065","5","238","75","0","2025","A","",14,19,805861,351732,18060,809,42045,"",1.09,0.25,0.22,0.38,0.55,0.87,0.87,"N",2,16.7,0,0,0,0,0,0,0,0,0,0,0,0
"21067","5","238","75","0","2025","A","",547,5797,421112098,89554696,2377573,1397,72642,"",0.73,0.84,0.91,0.87,0.99,1.09,1.09,"",1,0.2,10,0.2,16286536,4.0,1690399,1.9,69515,3.0,52,3.9,2684,3.8
"21069","5","238","75","0","2025","A","N",24,0,0,0,0,0,0,"N",1.10,0,0,0,0,0,0,"N",0,0.0,0,0,0,0,0,0,0,0,0,0,0,0
"21071","5","238","75","0","2025","A","",43,142,7364817,1987753,70684,999,51956,"",0.75,0.38,0.40,0.38,0.56,1.06,1.06,"",1,2.4,2,1.4,-221866,-2.9,-87212,-4.2,14254,25.3,-43,-4.1,-2235,-4.1
"21073","5","238","75","0","2025","A","",124,666,39332760,10390044,264167,1135,59021,"",0.91,0.56,0.53,0.68,0.71,0.94,0.94,"",1,0.8,6,0.9,1850083,4.9,-18175,-0.2,-68201,-20.5,43,3.9,2236,3.9
"21075","5","238","75","0","2025","A","",5,14,187637,119252,6368,267,13899,"",0.47,0.19,0.06,0.10,0.26,0.31,0.31,"N",1,25.0,0,0,0,0,0,0,0,0,0,0,0,0
"21077","5","238","75","0","2025","A","",8,18,904525,294149,10789,945,49114,"",0.97,0.21,0.15,0.21,0.39,0.67,0.67,"N",0,0.0,0,0,0,0,0,0,0,0,0,0,0,0
"21079","5","238","75","0","2025","A","",59,381,29669886,6538854,207558,1497,77840,"",2.67,4.24,6.49,4.53,4.35,1.53,1.53,"",7,13.5,23,6.4,5904356,24.8,1281160,24.4,22212,12.0,219,17.1,11394,17.1
"21081","5","238","75","0","2025","A","",42,269,21626926,4347502,124898,1546,80397,"",1.31,1.48,2.46,1.73,2.05,1.66,1.66,"",0,0.0,20,8.0,-3614520,-14.3,-978820,-18.4,-21397,-14.6,-405,-20.8,-21042,-20.7
"21083","5","238","75","0","2025","A","",74,327,18579434,4947748,115442,1093,56818,"",1.46,0.82,0.89,0.74,0.91,1.09,1.09,"",1,1.4,23,7.6,1714675,10.2,354842,7.7,16597,16.8,24,2.2,1250,2.2
"21085","5","238","75","0","2025","A","",62,215,10323279,3028907,82859,923,47978,"",1.81,0.89,0.92,0.83,0.97,1.04,1.04,"",0,0.0,-9,-4.0,-663493,-6.0,-176572,-5.5,-10953,-11.7,-20,-2.1,-1034,-2.1
"21087","5","238","75","0","2025","A","",12,32,1586313,567406,29784,941,48935,"",0.97,0.50,0.55,0.92,2.06,1.08,1.08,"",0,0.0,5,18.5,338705,27.1,130299,29.8,19243,182.6,52,5.8,2727,5.9
"21089","5","238","75","0","2025","A","",35,116,6031386,1562545,42867,996,51809,"",0.87,0.50,0.53,0.42,0.51,1.07,1.07,"",3,9.4,13,12.6,929691,18.2,103635,7.1,14029,48.6,40,4.2,2077,4.2
"21091","5","238","75","0","2025","A","",16,128,10236559,2396263,46839,1536,79869,"",1.37,1.06,0.93,1.10,1.07,0.88,0.88,"",3,23.1,8,6.7,1187690,13.1,434991,22.2,3442,7.9,84,5.8,4357,5.8
"21093","5","238","75","0","2025","A","",174,1310,93203932,22497079,786319,1368,71130,"",0.94,0.80,1.02,0.86,1.25,1.27,1.27,"",2,1.2,-246,-15.8,-57832020,-38.3,-29910837,-57.1,-2819054,-78.2,-499,-26.7,-25937,-26.7
"21095","5","238","75","0","2025","A","",16,60,2051707,792875,13343,661,34386,"",0.62,0.29,0.22,0.32,0.27,0.79,0.79,"",1,6.7,5,9.1,134031,7.0,108470,15.8,-6012,-31.1,-9,-1.3,-428,-1.2
"21097","5","238","75","0","2025","A","",28,65,5247674,1499105,84536,1545,80322,"",1.28,0.37,0.58,0.54,1.38,1.54,1.54,"",3,12.0,18,38.3,2199682,72.2,810945,117.8,56447,201.0,300,24.1,15586,24.1
"21099","5","238","75","0","2025","A","N",32,0,0,0,0,0,0,"N",1.57,0,0,0,0,0,0,"N",-4,-11.1,0,0,0,0,0,0,0,0,0,0,0,0
"21101","5","238","75","0","2025","A","",84,824,66000744,14010639,324147,1541,80139,"",1.16,1.32,1.79,1.23,1.22,1.35,1.35,"",-2,-2.3,46,5.9,11264660,20.6,1176155,9.2,-60589,-15.7,187,13.8,9754,13.9
"21103","5","238","75","0","2025","A","",30,72,4062622,1207261,41136,1089,56622,"",1.46,0.71,0.76,0.77,1.12,1.08,1.08,"",5,20.0,5,7.5,457275,12.7,33150,2.8,2094,5.4,53,5.1,2744,5.1
"21105","5","238","75","0","2025","A","N",3,0,0,0,0,0,0,"N",0.54,0,0,0,0,0,0,"N",1,50.0,0,0,0,0,0,0,0,0,0,0,0,0
"21107","5","238","75","0","2025","A","",56,397,24102798,6175895,189673,1167,60687,"",0.93,0.69,0.74,0.75,0.88,1.08,1.08,"",2,3.7,36,10.0,3478505,16.9,440833,7.7,-17437,-8.4,69,6.3,3582,6.3
"21109","5","238","75","0","2025","A","",7,34,1702830,653039,7500,949,49357,"",0.67,0.57,0.68,0.94,0.51,1.16,1.16,"",-1,-12.5,-4,-10.5,40855,2.5,82479,14.5,-728,-8.8,102,12.0,5331,12.1
"21111","5","238","75","0","2025","A","",1338,15635,1246084071,247063093,6605156,1533,79698,"",0.80,0.97,1.04,0.89,0.92,1.07,1.07,"",-4,-0.3,-823,-5.0,-64328547,-4.9,-23020590,-8.5,-2249546,-25.4,2,0.1,77,0.1
"21113","5","238","75","0","2025","A","",166,958,59721043,14795283,453620,1199,62328,"",1.64,1.51,1.70,1.40,1.76,1.13,1.12,"",12,7.8,51,5.6,3689435,6.6,374920,2.6,85598,23.3,11,0.9,568,0.9
"21115","5","238","75","0","2025","A","",20,86,5407251,1294815,41089,1209,62875,"",0.65,0.48,0.66,0.50,0.85,1.37,1.37,"",-2,-9.1,3,3.6,1188631,28.2,83020,6.9,13670,49.9,229,23.4,11895,23.3
"21117","5","238","75","0","2025","A","",289,2084,150296316,31287559,750442,1387,72122,"",0.96,0.83,0.82,0.80,0.87,0.99,0.99,"",-1,-0.3,28,1.4,7774914,5.5,252622,0.8,633,0.1,54,4.1,2811,4.1
"21119","5","238","75","0","2025","A","",10,46,1997933,664447,14602,841,43750,"",0.67,0.62,0.63,0.75,0.80,1.01,1.01,"",0,0.0,-11,-19.3,-639390,-24.2,-157648,-19.2,-14319,-49.5,-46,-5.2,-2384,-5.2
"21121","5","238","75","0","2025","A","",19,187,13057358,3907366,279990,1345,69919,"",0.63,0.74,1.14,1.12,3.06,1.53,1.53,"",3,18.8,59,46.1,4912047,60.3,1488168,61.5,125222,80.9,116,9.4,6034,9.4
"21123","5","238","75","0","2025","A","",26,158,10206679,2197820,71657,1239,64429,"",1.59,1.81,2.59,1.68,2.41,1.43,1.43,"",1,4.0,30,23.4,1866733,22.4,411755,23.1,35432,97.8,-16,-1.3,-854,-1.3
"21125","5","238","75","0","2025","A","",73,602,51732072,13182948,209202,1651,85874,"",0.82,0.69,1.18,0.82,0.69,1.71,1.70,"",3,4.3,30,5.2,1450137,2.9,835048,6.8,-121301,-36.7,-40,-2.4,-2057,-2.3
"21127","5","238","75","0","2025","A","",17,69,4128835,1203127,59806,1155,60056,"",0.96,0.55,0.73,0.58,1.26,1.34,1.34,"",0,0.0,12,21.1,1390419,50.8,309319,34.6,27958,87.8,230,24.9,11943,24.8
"21129","5","238","75","0","2025","A","N",2,0,0,0,0,0,0,"N",0.25,0,0,0,0,0,0,"N",0,0.0,0,0,0,0,0,0,0,0,0,0,0,0
"21131","5","238","75","0","2025","A","N",2,0,0,0,0,0,0,"N",0.23,0,0,0,0,0,0,"N",0,0.0,0,0,0,0,0,0,0,0,0,0,0,0
"21133","5","238","75","0","2025","A","",12,37,1471142,533057,15606,768,39941,"",0.49,0.27,0.23,0.30,0.36,0.85,0.85,"",2,20.0,0,0.0,98770,7.2,-95541,-15.2,5145,49.2,55,7.7,2850,7.7
"21135","5","238","75","0","2025","A","N",8,0,0,0,0,0,0,"N",0.59,0,0,0,0,0,0,"N",0,0.0,0,0,0,0,0,0,0,0,0,0,0,0
"21137","5","238","75","0","2025","A","",34,160,8149397,2274985,66928,983,51093,"",1.30,1.20,1.30,1.25,1.59,1.09,1.09,"",2,6.2,3,1.9,-1185046,-12.7,-757828,-25.0,-18992,-22.1,-162,-14.1,-8457,-14.2
"21139","5","238","75","0","2025","A","",13,86,5527950,1321450,69130,1236,64278,"",1.01,0.74,0.73,0.66,0.86,0.99,0.99,"",0,0.0,4,4.9,366492,7.1,-72459,-5.2,-5708,-7.6,33,2.7,1715,2.7
"21141","5","238","75","0","2025","A","",52,358,17546811,6092926,216197,941,48956,"",1.31,1.22,0.97,1.24,2.10,0.80,0.80,"",2,4.0,16,4.7,214811,1.2,404967,7.1,26065,13.7,-35,-3.6,-1784,-3.5
"21143","5","238","75","0","2025","A","",17,96,5616076,1478912,55954,1130,58756,"",1.19,1.11,1.31,1.27,1.81,1.19,1.19,"",0,0.0,0,0.0,-405814,-6.7,12400,0.8,-1737,-3.0,-76,-6.3,-3972,-6.3
"21145","5","238","75","0","2025","A","",142,1691,116522146,25580747,953627,1325,68907,"",1.00,1.23,1.43,1.14,1.82,1.16,1.16,"",0,0.0,-61,-3.5,-7053255,-5.7,-3363602,-11.6,-70647,-6.9,-31,-2.3,-1630,-2.3
"21147","5","238","75","0","2025","A","N",9,0,0,0,0,0,0,"N",0.62,0,0,0,0,0,0,"N",2,28.6,0,0,0,0,0,0,0,0,0,0,0,0
"21149","5","238","75","0","2025","A","",16,96,5190342,1625259,50313,1042,54207,"",1.30,1.67,2.00,1.97,2.90,1.20,1.20,"",-2,-11.1,-1,-1.0,10493,0.2,15332,1.0,1308,2.7,14,1.4,761,1.4
"21151","5","238","75","0","2025","A","",191,1235,75601944,20646531,545290,1177,61212,"",1.22,1.00,1.13,1.09,1.15,1.12,1.13,"",1,0.5,-91,-6.9,-5904093,-7.2,-2120598,-9.3,-18365,-3.3,-6,-0.5,-279,-0.5
"21153","5","238","75","0","2025","A","",9,29,1201631,448070,15940,797,41436,"",0.60,0.44,0.45,0.48,0.68,1.02,1.02,"",1,12.5,-2,-6.5,36429,3.1,-96173,-17.7,-6044,-27.5,74,10.2,3849,10.2
"21155","5","238","75","0","2025","A","",31,113,5282079,1856835,32132,902,46882,"",1.14,0.38,0.34,0.36,0.29,0.91,0.91,"",-1,-3.1,-19,-14.4,-1022007,-16.2,-110050,-5.6,-5332,-14.2,-18,-2.0,-967,-2.0
"21157","5","238","75","0","2025","A","",80,612,34323519,8726575,347605,1079,56084,"",1.53,1.60,1.43,1.34,1.86,0.90,0.90,"",3,3.9,-175,-22.2,-29503340,-46.2,-17234437,-66.4,-1537267,-81.6,-480,-30.8,-24983,-30.8
"21159","5","238","75","0","2025","A","",4,20,856854,306950,12952,804,41798,"",0.37,0.34,0.28,0.50,1.15,0.80,0.80,"",0,0.0,-12,-37.5,-489853,-36.4,-291199,-48.7,-26029,-66.8,1,0.1,40,0.1
"21161","5","238","75","0","2025","A","",28,366,29361043,5520699,163848,1544,80276,"",0.79,1.39,2.15,1.36,2.11,1.55,1.54,"",1,3.7,16,4.6,2649624,9.9,84055,1.5,-8692,-5.0,76,5.2,3939,5.2
"21163","5","238","75","0","2025","A","",45,749,55198049,17059822,1230101,1417,73671,"",1.65,4.17,4.96,5.46,8.74,1.19,1.19,"",-4,-8.2,97,14.9,11517639,26.4,5512019,47.7,492715,66.8,128,9.9,6659,9.9
"21165","5","238","75","0","2025","A","N",5,0,0,0,0,0,0,"N",0.74,0,0,0,0,0,0,"N",-1,-16.7,0,0,0,0,0,0,0,0,0,0,0,0
"21167","5","238","75","0","2025","A","",42,211,10780706,3595318,112477,983,51093,"",1.42,0.98,0.81,1.04,1.33,0.82,0.82,"",1,2.4,15,7.7,1102976,11.4,487469,15.7,14731,15.1,31,3.3,1591,3.2
"21169","5","238","75","0","2025","A","",7,31,1920260,516457,33894,1201,62447,"",0.54,0.44,0.58,0.50,0.98,1.33,1.33,"",1,16.7,11,55.0,1030438,115.8,242820,88.7,18897,126.0,327,37.4,17009,37.4
"21171","5","238","75","0","2025","A","",18,79,7064209,1234936,24480,1723,89609,"",1.18,0.73,1.31,0.78,0.69,1.80,1.80,"",2,12.5,10,14.5,350376,5.2,246376,24.9,4939,25.3,-157,-8.4,-8165,-8.4
"21173","5","238","75","0","2025","A","",45,202,11567102,3666223,153946,1101,57239,"",1.01,0.60,0.68,0.66,1.04,1.13,1.13,"",-2,-4.3,-4,-1.9,847040,7.9,77615,2.2,39276,34.3,99,9.9,5158,9.9
"21175","5","238","75","0","2025","A","N",15,0,0,0,0,0,0,"N",1.03,0,0,0,0,0,0,"N",1,7.1,0,0,0,0,0,0,0,0,0,0,0,0
"21177","5","238","75","0","2025","A","",44,133,6939576,2187103,61088,1006,52308,"",1.21,0.51,0.49,0.56,0.49,0.97,0.96,"",1,2.3,-28,-17.4,-3289695,-32.2,-417219,-16.0,-44899,-42.4,-213,-17.5,-11064,-17.5
"21179","5","238","75","0","2025","A","",138,937,53319876,13761606,322876,1095,56915,"",1.81,1.52,1.48,1.27,1.15,0.97,0.97,"",4,3.0,43,4.8,2985723,5.9,628950,4.8,15819,5.2,12,1.1,592,1.1
"21181","5","238","75","0","2025","A","",8,41,2789184,626124,12930,1303,67753,"",1.20,1.27,2.33,1.46,1.19,1.82,1.82,"",0,0.0,-1,-2.4,7349,0.3,-5859,-0.9,4491,53.2,19,1.5,989,1.5
"21183","5","238","75","0","2025","A","",32,98,5086382,1609066,61491,999,51946,"",1.23,0.40,0.43,0.42,0.80,1.08,1.08,"",2,6.7,-1,-1.0,-30142,-0.6,184415,12.9,27860,82.8,3,0.3,177,0.3
"21185","5","238","75","0","2025","A","",154,1003,74193108,14858753,300301,1423,73977,"",1.23,1.76,1.95,1.71,1.47,1.10,1.10,"",-1,-0.6,-22,-2.1,3126559,4.4,-1100354,-6.9,-47611,-13.7,90,6.8,4649,6.7
"21187","5","238","75","0","2025","A","",10,31,2508085,411108,2356,1548,80473,"",1.09,0.58,0.89,0.61,0.16,1.53,1.53,"",1,11.1,0,0.0,258553,11.5,22405,5.8,210,9.8,160,11.5,8296,11.5
"21189","5","238","75","0","2025","A","N",1,0,0,0,0,0,0,"N",0.22,0,0,0,0,0,0,"N",-1,-50.0,0,0,0,0,0,0,0,0,0,0,0,0
"21191","5","238","75","0","2025","A","",28,100,5385560,1515131,33701,1037,53901,"",1.95,1.34,1.28,1.47,1.43,0.95,0.95,"",1,3.7,15,17.6,1087087,25.3,225794,17.5,4412,15.1,64,6.6,3331,6.6
"21193","5","238","75","0","2025","A","",20,177,10434104,2818833,77838,1132,58839,"",0.43,0.47,0.52,0.56,0.67,1.11,1.11,"",2,11.1,1,0.6,-26699,-0.3,-14757,-0.5,19730,34.0,-8,-0.7,-429,-0.7
"21195","5","238","75","0","2025","A","",52,365,19257688,5534725,129194,1014,52749,"",0.66,0.54,0.54,0.67,0.62,0.99,0.99,"",-4,-7.1,-13,-3.4,179794,0.9,143152,2.7,9374,7.8,43,4.4,2278,4.5
"21197","5","238","75","0","2025","A","",20,136,8111442,2092288,36184,1145,59534,"",1.29,1.35,1.89,1.31,0.80,1.39,1.39,"",1,5.3,18,15.3,1248652,18.2,-102893,-4.7,11711,47.9,27,2.4,1375,2.4
"21199","5","238","75","0","2025","A","",116,924,54219624,14361294,385801,1128,58674,"",1.05,1.03,1.23,0.96,1.18,1.19,1.19,"",3,2.7,19,2.1,6386042,13.4,1887606,15.1,76370,24.7,112,11.0,5839,11.1
"21201","5","238","75","0","2025","A","N",4,0,0,0,0,0,0,"N",1.39,0,0,0,0,0,0,"N",0,0.0,0,0,0,0,0,0,0,0,0,0,0,0
"21203","5","238","75","0","2025","A","",20,108,5745471,1685849,57994,1026,53364,"",1.42,0.84,1.02,0.86,1.43,1.22,1.22,"",0,0.0,18,20.0,1237768,27.5,350706,26.3,17699,43.9,68,7.1,3555,7.1
"21205","5","238","75","0","2025","A","",36,113,6156808,1742610,56553,1047,54445,"",0.89,0.32,0.35,0.39,0.52,1.09,1.09,"",4,12.5,1,0.9,538706,9.6,-261117,-13.0,-11101,-16.4,85,8.8,4432,8.9
"21207","5","238","75","0","2025","A","N",26,0,0,0,0,0,0,"N",0.95,0,0,0,0,0,0,"N",0,0.0,0,0,0,0,0,0,0,0,0,0,0,0
"21209","5","238","75","0","2025","A","",99,588,43815834,13273604,565293,1434,74570,"",1.08,0.56,0.55,0.68,1.24,0.99,0.99,"",3,3.1,90,18.1,10399891,31.1,3930473,42.1,237541,72.5,143,11.1,7436,11.1
"21211","5","238","75","0","2025","A","",106,566,34530966,8105225,183984,1174,61063,"",1.32,1.02,1.05,0.82,0.78,1.03,1.03,"",2,1.9,-1,-0.2,2115196,6.5,-40415,-0.5,-21356,-10.4,75,6.8,3901,6.8
"21213","5","238","75","0","2025","A","",47,316,16170046,4900974,184696,983,51131,"",1.31,1.02,0.96,0.85,1.20,0.95,0.95,"",3,6.8,48,17.9,2775704,20.7,500627,11.4,45548,32.7,23,2.4,1214,2.4
"21215","5","238","75","0","2025","A","",65,227,12666441,3625955,108646,1075,55902,"",2.80,2.97,3.50,3.51,3.92,1.18,1.18,"",6,10.2,33,17.0,1822780,16.8,496243,15.9,34488,46.5,0,0.0,7,0.0
"21217","5","238","75","0","2025","A","",51,170,7660418,2694838,91267,865,44973,"",1.12,0.44,0.42,0.47,0.89,0.96,0.96,"",1,2.0,-7,-4.0,343789,4.7,146411,5.7,44787,96.4,69,8.7,3597,8.7
"21219","5","238","75","0","2025","A","",19,103,6877717,1634851,64680,1284,66774,"",1.16,1.05,1.41,1.05,1.59,1.34,1.34,"",3,18.8,-4,-3.7,-674923,-8.9,-366342,-18.3,-5846,-8.3,-78,-5.7,-4032,-5.7
"21221","5","238","75","0","2025","A","",19,92,4364691,1510695,71288,908,47228,"",1.06,0.93,1.06,1.09,1.80,1.13,1.13,"",-1,-5.0,7,8.2,209991,5.1,180740,13.6,13463,23.3,-27,-2.9,-1412,-2.9
"21223","5","238","75","0","2025","A","",16,37,1495039,522122,27878,768,39956,"",2.02,1.08,0.70,0.94,1.93,0.64,0.64,"",-1,-5.9,-5,-11.9,-47301,-3.1,-113091,-17.8,-2191,-7.3,59,8.3,3087,8.4
"21225","5","238","75","0","2025","A","",19,98,5770448,1908932,70368,1138,59184,"",0.99,0.55,0.54,0.62,1.09,0.97,0.97,"",0,0.0,-4,-3.9,-3885,-0.1,171040,9.8,3351,5.0,45,4.1,2341,4.1
"21227","5","238","75","0","2025","A","",265,1786,121835619,27930475,781027,1312,68230,"",0.98,0.74,0.89,0.70,0.76,1.20,1.20,"",7,2.7,22,1.2,9142848,8.1,907093,3.4,87075,12.5,83,6.8,4327,6.8
"21229","5","238","75","0","2025","A","",34,217,13623045,3346166,83914,1208,62827,"",1.89,1.82,2.15,1.65,1.70,1.18,1.18,"",1,3.0,18,9.0,1110301,8.9,472583,16.4,28452,51.3,1,0.1,80,0.1
"21231","5","238","75","0","2025","A","",17,25,1360192,374393,22369,1050,54590,"",0.75,0.15,0.19,0.15,0.38,1.31,1.31,"",5,41.7,9,56.2,774981,132.4,128431,52.2,10019,81.1,350,50.0,18204,50.0
"21233","5","238","75","0","2025","A","",21,432,33784054,7759769,92652,1503,78159,"",1.45,4.52,6.31,5.07,2.89,1.39,1.39,"",1,5.0,80,22.7,6798154,25.2,1581365,25.6,14044,17.9,28,1.9,1476,1.9
"21235","5","238","75","0","2025","A","",34,116,5745758,1932651,71437,957,49747,"",0.65,0.23,0.24,0.30,0.49,1.05,1.05,"",6,21.4,3,2.7,278476,5.1,79607,4.3,-14413,-16.8,29,3.1,1506,3.1
"21237","5","238","75","0","2025","A","N",3,0,0,0,0,0,0,"N",0.32,0,0,0,0,0,0,"N",1,50.0,0,0,0,0,0,0,0,0,0,0,0,0
"21239","5","238","75","0","2025","A","",60,289,16607062,4338358,121702,1105,57480,"",1.10,0.87,0.90,0.80,0.90,1.04,1.04,"",1,1.7,10,3.6,1113076,7.2,-10659,-0.2,-8957,-6.9,35,3.3,1863,3.3
"21999","5","238","75","0","2025","A","",149,1068,84881589,19713075,855077,1528,79452,"",0.69,0.84,0.74,0.69,1.05,0.88,0.88,"",-16,-9.7,-279,-20.7,-14333271,-14.4,-6664442,-25.3,-180752,-17.4,112,7.9,5814,7.9
"22000","2","238","55","0","2025","A","N",1,0,0,0,0,0,0,"N",12.83,0,0,0,0,0,0,"N",0,0.0,0,0,0,0,0,0,0,0,0,0,0,0
"22000","3","238","55","0","2025","A","N",6,0,0,0,0,0,0,"N",6.24,0,0,0,0,0,0,"N",0,0.0,0,0,0,0,0,0,0,0,0,0,0,0
"22000","5","238","55","0","2025","A","",8082,67441,5010249137,793248132,15223659,1429,74291,"",1.05,1.05,1.23,1.06,1.06,1.18,1.18,"",187,2.4,-1512,-2.2,110948965,2.3,-31837664,-3.9,-2330481,-13.3,63,4.6,3238,4.6
"22001","5","238","75","0","2025","A","",101,562,32617776,6272714,103483,1117,58090,"",1.41,1.13,1.42,1.09,0.93,1.26,1.26,"",-4,-3.8,27,5.0,3165581,10.7,653664,11.6,13000,14.4,59,5.6,3082,5.6
"22003","5","238","75","0","2025","A","N",10,0,0,0,0,0,0,"N",0.47,0,0,0,0,0,0,"N",0,0.0,0,0,0,0,0,0,0,0,0,0,0,0
"22005","5","238","75","0","2025","A","",256,4057,296333700,51068121,1246750,1405,73040,"",1.29,2.41,2.41,2.14,2.29,1.00,1.00,"",11,4.5,-482,-10.6,-26375692,-8.2,-10775980,-17.4,-460448,-27.0,38,2.8,1943,2.7
"22007","5","238","75","0","2025","A","",16,147,8481007,1371182,13483,1106,57531,"",0.99,1.10,1.08,0.85,0.42,0.98,0.98,"",-2,-11.1,14,10.5,1184747,16.2,85948,6.7,197,1.5,54,5.1,2809,5.1
"22009","5","238","75","0","2025","A","",63,243,11521037,2482734,29597,913,47493,"",1.34,0.74,0.82,0.79,0.56,1.11,1.11,"",1,1.6,-16,-6.2,-437431,-3.7,-211021,-7.8,-5584,-15.9,26,2.9,1381,3.0
"22011","5","238","75","0","2025","A","",52,174,9245686,2083651,27778,1022,53136,"",1.21,0.58,0.58,0.62,0.46,0.99,0.99,"",-1,-1.9,-35,-16.7,-2228793,-19.4,-1171347,-36.0,-32043,-53.6,-33,-3.1,-1700,-3.1
"22013","5","238","75","0","2025","A","",14,40,2057065,441960,8754,1001,52078,"",0.89,0.30,0.28,0.28,0.26,0.96,0.96,"",2,16.7,2,5.3,286522,16.2,42405,10.6,-604,-6.5,93,10.2,4864,10.3
"22015","5","238","75","0","2025","A","",211,1318,78596707,14027554,213369,1147,59630,"",1.16,0.87,0.97,0.82,0.67,1.11,1.11,"",11,5.5,128,10.8,11011211,16.3,1424402,11.3,15042,7.6,54,4.9,2812,4.9
"22017","5","238","75","0","2025","A","",408,3487,227600167,35143331,500624,1255,65263,"",1.04,0.94,1.03,0.89,0.71,1.09,1.09,"",6,1.5,32,0.9,19096832,9.2,1684924,5.0,-42171,-7.8,94,8.1,4915,8.1
"22019","5","238","75","0","2025","A","",403,3795,275912399,47349151,944364,1398,72703,"",1.34,1.27,1.46,1.34,1.49,1.15,1.15,"",19,4.9,-86,-2.2,17772652,6.9,-881787,-1.8,-152393,-13.9,119,9.3,6195,9.3
"22021","5","238","75","0","2025","A","",11,19,739245,192519,4804,758,39426,"",0.98,0.25,0.23,0.29,0.44,0.92,0.92,"",0,0.0,1,5.6,85447,13.1,-22637,-10.5,-1121,-18.9,56,8.0,2935,8.0
"22023","5","238","75","0","2025","A","N",17,0,0,0,0,0,0,"N",2.09,0,0,0,0,0,0,"N",4,30.8,0,0,0,0,0,0,0,0,0,0,0,0
"22025","5","238","75","0","2025","A","N",6,0,0,0,0,0,0,"N",0.45,0,0,0,0,0,0,"N",-1,-14.3,0,0,0,0,0,0,0,0,0,0,0,0
"22027","5","238","75","0","2025","A","N",12,0,0,0,0,0,0,"N",0.91,0,0,0,0,0,0,"N",1,9.1,0,0,0,0,0,0,0,0,0,0,0,0
"22029","5","238","75","0","2025","A","N",11,0,0,0,0,0,0,"N",0.46,0,0,0,0,0,0,"N",1,10.0,0,0,0,0,0,0,0,0,0,0,0,0
"22031","5","238","75","0","2025","A","",49,501,28301081,6179855,108136,1086,56489,"",1.51,1.78,1.50,1.83,1.39,0.84,0.84,"",1,2.1,24,5.0,2409043,9.3,655411,11.9,13162,13.9,41,3.9,2170,4.0
"22033","5","238","75","0","2025","A","",893,10058,805735063,121812775,2621343,1540,80106,"",0.95,1.11,1.31,1.16,1.18,1.18,1.18,"",11,1.2,-1472,-12.8,-144905792,-15.2,-29249716,-19.4,-1165241,-30.8,-46,-2.9,-2346,-2.8
"22035","5","238","75","0","2025","A","N",3,0,0,0,0,0,0,"N",0.35,0,0,0,0,0,0,"N",1,50.0,0,0,0,0,0,0,0,0,0,0,0,0
"22037","5","238","75","0","2025","A","",26,114,6940428,1175022,17888,1176,61149,"",1.34,0.65,0.63,0.86,0.76,0.97,0.97,"",4,18.2,58,103.6,4426768,176.1,600819,104.6,8931,99.7,318,37.1,16528,37.0
"22039","5","238","75","0","2025","A","",26,82,3149173,886241,14838,735,38210,"",0.83,0.31,0.26,0.30,0.28,0.85,0.85,"",-2,-7.1,6,7.9,647102,25.9,2367,0.3,2358,18.9,102,16.1,5288,16.1
"22041","5","238","75","0","2025","A","",24,140,7932271,1549952,22008,1089,56625,"",1.02,0.90,1.26,1.05,0.96,1.40,1.40,"",-3,-11.1,48,52.2,4615604,139.2,594890,62.3,2118,10.6,397,57.4,20639,57.4
"22043","5","238","75","0","2025","A","",29,171,13016876,1635463,26649,1460,75937,"",2.04,1.50,1.72,1.75,1.17,1.15,1.15,"",-1,-3.3,11,6.9,1205336,10.2,155755,10.5,2816,11.8,42,3.0,2192,3.0
"22045","5","238","75","0","2025","A","",96,1033,70469653,11234445,159780,1312,68229,"",1.03,1.26,1.44,1.15,0.84,1.14,1.14,"",9,10.3,100,10.7,9305532,15.2,1493777,15.3,29917,23.0,51,4.0,2673,4.1
"22047","5","238","75","0","2025","A","",42,527,43701325,6192529,155299,1596,82977,"",1.04,0.96,0.89,0.86,0.84,0.93,0.93,"",-1,-2.3,-13,-2.4,2013620,4.8,-437018,-6.6,-7086,-4.4,110,7.4,5718,7.4
"22049","5","238","75","0","2025","A","",15,85,4826137,1080583,24959,1087,56501,"",0.95,0.64,0.66,0.78,1.06,1.02,1.02,"",1,7.1,9,11.8,888721,22.6,162078,17.6,1791,7.7,94,9.5,4863,9.4
"22051","2","238","75","0","2025","A","N",1,0,0,0,0,0,0,"N",125.69,0,0,0,0,0,0,"N",0,0.0,0,0,0,0,0,0,0,0,0,0,0,0
"22051","3","238","75","0","2025","A","N",2,0,0,0,0,0,0,"N",20.38,0,0,0,0,0,0,"N",0,0.0,0,0,0,0,0,0,0,0,0,0,0,0
"22051","5","238","75","0","2025","A","",918,6623,469156082,74456758,1245919,1362,70837,"",1.17,1.06,1.14,1.01,0.99,1.07,1.07,"",3,0.3,-325,-4.7,-17016051,-3.5,-1211479,-1.6,-52288,-4.0,16,1.2,867,1.2
"22053","3","238","75","0","2025","A","N",1,0,0,0,0,0,0,"N",203.59,0,0,0,0,0,0,"N",0,0.0,0,0,0,0,0,0,0,0,0,0,0,0
"22053","5","238","75","0","2025","A","",44,222,11605190,2356678,31104,1006,52295,"",1.12,0.84,0.96,0.84,0.77,1.15,1.15,"",-1,-2.2,4,1.8,807413,7.5,78448,3.4,6090,24.3,53,5.6,2745,5.5
"22055","5","238","75","0","2025","A","",564,4244,294285632,48910676,786984,1333,69342,"",0.94,0.91,1.06,0.86,0.75,1.16,1.16,"",25,4.6,363,9.4,39900375,15.7,6408589,15.1,139714,21.6,72,5.7,3791,5.8
"22057","5","238","75","0","2025","A","",132,2132,153445707,21443304,383948,1384,71973,"",1.22,1.82,1.92,1.63,1.84,1.06,1.06,"",6,4.8,-32,-1.5,8320986,5.7,1821515,9.3,45272,13.4,94,7.3,4897,7.3
"22059","5","238","75","0","2025","A","",19,109,4475571,1109268,26762,793,41218,"",0.82,0.69,0.57,0.67,0.89,0.84,0.84,"",-2,-9.5,11,11.2,494816,12.4,198001,21.7,4929,22.6,12,1.5,598,1.5
"22061","5","238","75","0","2025","A","",73,532,27082439,5159474,65647,979,50899,"",0.98,0.83,0.88,0.77,0.58,1.05,1.05,"",4,5.8,37,7.5,2723565,11.2,304996,6.3,5053,8.3,33,3.5,1714,3.5
"22063","5","238","75","0","2025","A","",340,1443,87493476,15755820,217119,1166,60644,"",2.13,1.38,1.77,1.29,1.02,1.28,1.28,"",15,4.6,80,5.9,7198501,9.0,750469,5.0,2731,1.3,33,2.9,1741,3.0
"22065","5","238","75","0","2025","A","",5,22,822381,245894,3564,719,37381,"",0.38,0.22,0.21,0.23,0.15,0.95,0.95,"N",1,25.0,0,0,0,0,0,0,0,0,0,0,0,0
"22067","5","238","75","0","2025","A","",29,200,14527814,3066311,83376,1396,72609,"",1.05,0.96,1.48,1.26,1.43,1.55,1.55,"",-1,-3.3,25,14.3,2568389,21.5,904990,41.9,22879,37.8,84,6.4,4399,6.4
"22069","5","238","75","0","2025","A","",47,329,16986835,3463668,52985,994,51684,"",0.92,0.70,0.76,0.70,0.49,1.09,1.09,"",0,0.0,1,0.3,1053302,6.6,-45923,-1.3,50,0.1,61,6.5,3155,6.5
"22071","3","238","75","0","2025","A","N",1,0,0,0,0,0,0,"N",9.37,0,0,0,0,0,0,"N",0,0.0,0,0,0,0,0,0,0,0,0,0,0,0
"22071","5","238","75","0","2025","A","",351,1940,252206972,23344568,505956,2500,129981,"",0.41,0.31,0.57,0.34,0.41,1.84,1.84,"",8,2.3,-56,-2.8,89854358,55.3,444132,1.9,23369,4.8,936,59.8,48656,59.8
"22073","5","238","75","0","2025","A","",326,2819,177714136,33807709,610558,1212,63032,"",1.22,1.21,1.46,1.24,1.14,1.21,1.21,"",13,4.2,282,11.1,30648516,20.8,4563949,15.6,55205,9.9,97,8.7,5060,8.7
"22075","5","238","75","0","2025","A","",54,1000,122448242,15135511,382078,2355,122438,"",1.25,2.23,2.93,2.51,2.59,1.31,1.31,"",1,1.9,486,94.6,73355840,149.4,8792852,138.6,259693,212.2,519,28.3,26989,28.3
"22077","5","238","75","0","2025","A","",36,88,4372707,869239,9913,956,49737,"",1.38,0.50,0.46,0.44,0.27,0.91,0.91,"",1,2.9,2,2.3,136262,3.2,1260,0.1,-1689,-14.6,12,1.3,666,1.4
"22079","5","238","75","0","2025","A","",188,1203,68437215,12890260,224433,1094,56905,"",0.93,0.63,0.67,0.64,0.69,1.06,1.06,"",4,2.2,20,1.7,4691876,7.4,269458,2.1,-4729,-2.1,58,5.6,3013,5.6
"22081","5","238","75","0","2025","A","N",9,0,0,0,0,0,0,"N",0.90,0,0,0,0,0,0,"N",2,28.6,0,0,0,0,0,0,0,0,0,0,0,0
"22083","5","238","75","0","2025","A","",42,251,20451310,3660350,84236,1567,81506,"",1.45,1.18,2.05,1.52,1.54,1.74,1.74,"",10,31.2,107,74.3,13401873,190.1,2233576,156.5,55836,196.6,623,66.0,32438,66.1
"22085","5","238","75","0","2025","A","",39,80,3718763,914130,12685,893,46436,"",1.37,0.44,0.44,0.46,0.40,0.99,0.99,"",-2,-4.9,-17,-17.5,-501574,-11.9,-74191,-7.5,-2782,-18.0,56,6.7,2890,6.6
"22087","5","238","75","0","2025","A","",81,527,42969122,9250961,191366,1568,81535,"",1.57,1.40,1.87,2.21,2.62,1.34,1.34,"",6,8.0,68,14.8,9221847,27.3,3049423,49.2,58026,43.5,153,10.8,7958,10.8
"22089","5","238","75","0","2025","A","",117,1574,119565623,18580335,380340,1461,75983,"",1.63,2.03,1.75,2.03,2.36,0.86,0.86,"",9,8.3,314,24.9,28836591,31.8,4601276,32.9,108713,40.0,76,5.5,3952,5.5
"22091","5","238","75","0","2025","A","N",6,0,0,0,0,0,0,"N",0.83,0,0,0,0,0,0,"N",0,0.0,0,0,0,0,0,0,0,0,0,0,0,0
"22093","5","238","75","0","2025","A","",19,254,17667288,3951561,82779,1337,69511,"",0.84,0.97,0.84,1.36,1.42,0.86,0.86,"",3,18.8,38,17.6,3467372,24.4,-14012,-0.4,6221,8.1,71,5.6,3669,5.6
"22095","5","238","75","0","2025","A","",62,792,61410417,9740475,218879,1491,77555,"",1.23,1.77,1.82,1.68,1.96,1.03,1.03,"",4,6.9,115,17.0,7547322,14.0,-1393316,-12.5,-41332,-15.9,-40,-2.6,-2036,-2.6
"22097","5","238","75","0","2025","A","",126,831,50046590,9459998,194738,1158,60212,"",1.21,1.04,1.29,1.01,1.24,1.24,1.24,"",7,5.9,42,5.3,5153320,11.5,1002781,11.9,13423,7.4,64,5.9,3313,5.8
"22099","5","238","75","0","2025","A","",87,452,25536614,4711547,51713,1087,56549,"",1.55,1.10,1.10,1.01,0.72,1.01,1.01,"",-3,-3.3,29,6.9,2647763,11.6,124848,2.7,927,1.8,47,4.5,2460,4.5
"22101","5","238","75","0","2025","A","",74,567,41888654,6568029,125717,1421,73867,"",1.06,0.88,1.02,0.87,0.87,1.17,1.17,"",1,1.4,-95,-14.4,-5558398,-11.7,-1768893,-21.2,-33142,-20.9,42,3.0,2159,3.0
"22103","3","238","75","0","2025","A","N",1,0,0,0,0,0,0,"N",14.57,0,0,0,0,0,0,"N",0,0.0,0,0,0,0,0,0,0,0,0,0,0,0
"22103","5","238","75","0","2025","A","",648,3614,233689008,39113659,483523,1244,64665,"",1.18,1.10,1.16,1.03,0.79,1.05,1.05,"",6,0.9,28,0.8,13522321,6.1,1279827,3.4,21858,4.7,63,5.3,3260,5.3
"22105","5","238","75","0","2025","A","",223,1147,70826179,11956918,168649,1187,61740,"",1.17,0.73,0.91,0.70,0.57,1.26,1.26,"",1,0.5,-29,-2.5,-1435649,-2.0,-718733,-5.7,-21487,-11.3,6,0.5,319,0.5
"22107","5","238","75","0","2025","A","N",1,0,0,0,0,0,0,"N",0.15,0,0,0,0,0,0,"N",-1,-50.0,0,0,0,0,0,0,0,0,0,0,0,0
"22109","5","238","75","0","2025","A","",189,1030,60207451,10606595,129025,1124,58449,"",1.15,0.64,0.59,0.54,0.39,0.91,0.91,"",-1,-0.5,22,2.2,4596380,8.3,114330,1.1,-2697,-2.0,63,5.9,3252,5.9
"22111","5","238","75","0","2025","A","",30,129,8149376,1356664,17548,1213,63092,"",1.32,0.70,1.01,0.55,0.32,1.44,1.44,"",-1,-3.2,5,4.0,476823,6.2,152967,12.7,1017,6.2,19,1.6,1008,1.6
"22113","3","238","75","0","2025","A","N",1,0,0,0,0,0,0,"N",118.44,0,0,0,0,0,0,"N",0,0.0,0,0,0,0,0,0,0,0,0,0,0,0
"22113","5","238","75","0","2025","A","",83,558,34190303,5683014,87406,1178,61273,"",1.23,1.29,1.59,1.25,1.08,1.24,1.24,"",1,1.2,31,5.9,4919852,16.8,537052,10.4,7476,9.4,110,10.3,5749,10.4
"22115","5","238","75","0","2025","A","",37,300,18958173,4151722,104979,1217,63264,"",0.72,0.72,0.90,1.02,1.23,1.26,1.26,"",1,2.8,33,12.4,2391299,14.4,453650,12.3,9355,9.8,25,2.1,1274,2.1
"22117","5","238","75","0","2025","A","",46,381,19892502,3594480,68495,1004,52211,"",1.04,1.04,1.15,0.95,0.94,1.10,1.10,"",0,0.0,-67,-15.0,-1467244,-6.9,-679166,-15.9,-16512,-19.4,87,9.5,4533,9.5
"22119","5","238","75","0","2025","A","",59,214,11224238,2028678,18782,1011,52552,"",1.18,0.57,0.55,0.47,0.22,0.98,0.98,"",0,0.0,8,3.9,1315395,13.3,78618,4.0,-112,-0.6,87,9.4,4509,9.4
"22121","5","238","75","0","2025","A","",66,1740,142599219,20953887,484360,1576,81977,"",1.55,3.90,4.82,3.56,3.35,1.24,1.24,"",3,4.8,-226,-11.5,-7743563,-5.2,-3331869,-13.7,-95279,-16.4,105,7.1,5496,7.2
"22123","5","238","75","0","2025","A","N",9,0,0,0,0,0,0,"N",0.79,0,0,0,0,0,0,"N",-2,-18.2,0,0,0,0,0,0,0,0,0,0,0,0
"22125","5","238","75","0","2025","A","",16,44,2258835,499438,7751,980,50951,"",1.02,0.26,0.17,0.28,0.22,0.66,0.66,"",0,0.0,-2,-4.3,152170,7.2,-11240,-2.2,-862,-10.0,91,10.2,4735,10.2
"22127","5","238","75","0","2025","A","",16,34,1757906,343982,5733,980,50954,"",0.95,0.23,0.23,0.19,0.19,1.01,1.01,"",2,14.3,3,9.7,402260,29.7,71175,26.1,2601,83.0,132,15.6,6868,15.6
"22999","5","238","75","0","2025","A","",77,2600,332130259,39966426,1079896,2457,127759,"",0.71,1.89,2.43,1.64,1.59,1.29,1.29,"",-4,-4.9,-1062,-29.0,-110775001,-25.0,-23255656,-36.8,-1045110,-49.2,131,5.6,6818,5.6
"23000","3","238","55","0","2025","A","",1,6,378133,0,0,1265,65762,"",2.46,1.42,1.65,0.00,0.00,1.22,1.21,"",0,0.0,2,50.0,52165,16.0,0,0.0,0,0.0,-154,-10.9,-8042,-10.9
"23000","5","238","55","0","2025","A","",4064,22512,1615618670,347613087,10618404,1380,71768,"",1.25,1.03,1.13,1.01,0.97,1.09,1.09,"",-10,-0.2,397,1.8,120167495,8.0,2816907,0.8,74607,0.7,80,6.2,4148,6.1
"23001","5","238","75","0","2025","A","",333,2515,191588013,39772706,1066905,1465,76181,"",1.91,1.55,1.96,1.52,1.40,1.26,1.26,"",-1,-0.3,164,7.0,24280263,14.5,1765246,4.6,51308,5.1,96,7.0,5011,7.0
"23003","5","238","75","0","2025","A","",118,638,41990826,10965065,395310,1266,65825,"",1.01,0.74,0.91,0.91,0.99,1.23,1.23,"",-2,-1.7,25,4.1,5365756,14.7,991804,9.9,-3858,-1.0,117,10.2,6094,10.2
"23005","5","238","75","0","2025","A","",906,6379,518521758,96078886,2639309,1563,81283,"",1.03,0.98,1.07,0.90,0.84,1.09,1.09,"",-13,-1.4,197,3.2,58815674,12.8,2239046,2.4,91822,3.6,133,9.3,6916,9.3
"23007","5","238","75","0","2025","A","",96,414,25636996,6483785,203818,1189,61850,"",1.75,1.18,1.45,1.28,1.18,1.23,1.23,"",4,4.3,2,0.5,1073073,4.4,-285342,-4.2,-14123,-6.5,42,3.7,2229,3.7
"23009","5","238","75","0","2025","A","",200,1041,62554105,15350901,418946,1155,60086,"",1.39,1.32,1.41,1.18,0.79,1.07,1.07,"",5,2.6,28,2.8,4410874,7.6,23116,0.2,-636,-0.2,51,4.6,2679,4.7
"23011","5","238","75","0","2025","A","",316,1887,128241929,30314637,1119544,1307,67949,"",1.48,0.91,0.98,1.13,1.42,1.08,1.08,"",-2,-0.6,28,1.5,1918574,1.5,1876193,6.6,73196,7.0,0,0.0,-3,0.0
"23013","5","238","75","0","2025","A","",129,616,36624258,9440083,332544,1144,59495,"",1.16,1.08,1.12,1.04,1.18,1.04,1.04,"",3,2.4,-10,-1.6,1383373,3.9,482416,5.4,9336,2.9,61,5.6,3185,5.7
"23015","5","238","75","0","2025","A","",143,490,28773103,7184709,158507,1129,58731,"",1.64,1.29,1.36,1.19,0.84,1.05,1.06,"",1,0.7,36,7.9,2792680,10.7,549665,8.3,15721,11.0,29,2.6,1547,2.7
"23017","5","238","75","0","2025","A","",159,647,37943632,9959628,307166,1128,58645,"",1.79,1.14,1.25,1.14,1.12,1.10,1.10,"",1,0.6,0,0.0,1258556,3.4,-53473,-0.5,-9076,-2.9,38,3.5,1945,3.4
"23019","3","238","75","0","2025","A","",1,6,378133,0,0,1265,65762,"",31.27,12.86,17.15,0.00,0.00,1.39,1.39,"",0,0.0,2,50.0,52165,16.0,0,0.0,0,0.0,-154,-10.9,-8042,-10.9
"23019","5","238","75","0","2025","A","",368,2673,199542158,40384613,1441869,1436,74649,"",1.44,1.11,1.45,1.19,1.36,1.30,1.30,"",2,0.5,-26,-1.0,8334255,4.4,-1846314,-4.4,-97550,-6.3,74,5.4,3805,5.4
"23021","5","238","75","0","2025","A","N",45,0,0,0,0,0,0,"N",1.51,0,0,0,0,0,0,"N",1,2.3,0,0,0,0,0,0,0,0,0,0,0,0
"23023","5","238","75","0","2025","A","",108,474,28490532,7088924,222541,1157,60170,"",1.68,0.83,0.74,0.72,0.93,0.89,0.89,"",-5,-4.4,9,1.9,1980319,7.5,12156,0.2,-9259,-4.0,60,5.5,3128,5.5
"23025","5","238","75","0","2025","A","",130,583,37956502,9536995,359188,1252,65115,"",1.68,1.10,1.23,1.11,1.26,1.12,1.12,"",0,0.0,45,8.4,4391999,13.1,517091,5.7,32808,10.1,53,4.4,2785,4.5
"23027","5","238","75","0","2025","A","",110,568,34271774,8794933,286371,1160,60329,"",1.56,1.50,1.60,1.44,1.45,1.06,1.06,"",-8,-6.8,-10,-1.7,1413125,4.3,-394137,-4.3,-3675,-1.3,67,6.1,3480,6.1
"23029","5","238","75","0","2025","A","",70,224,11135778,3321323,115285,957,49769,"",1.21,0.66,0.62,0.65,0.62,0.94,0.94,"",0,0.0,3,1.4,383697,3.6,38478,1.2,1734,1.5,22,2.4,1135,2.3
"23031","5","238","75","0","2025","A","",665,2786,187417817,42267734,1165787,1294,67273,"",1.56,1.05,1.10,1.02,0.84,1.05,1.05,"",2,0.3,-15,-0.5,8983580,5.0,-988283,-2.3,-34035,-2.8,69,5.6,3569,5.6
"23999","5","238","75","0","2025","A","N",167,0,0,0,0,0,0,"N",0.41,0,0,0,0,0,0,"N",1,0.6,0,0,0,0,0,0,0,0,0,0,0,0
"24000","2","238","55","0","2025","A","N",4,0,0,0,0,0,0,"N",40.48,0,0,0,0,0,0,"N",0,0.0,0,0,0,0,0,0,0,0,0,0,0,0
"24000","5","238","55","0","2025","A","",10045,110712,9290304287,1248315247,24930051,1614,83914,"",1.03,1.20,1.24,1.19,1.02,1.03,1.03,"",63,0.6,628,0.6,517824394,5.9,4920154,0.4,2997602,13.7,82,5.4,4225,5.3
"24001","5","238","75","0","2025","A","",62,530,33337927,6025763,277616,1210,62941,"",0.81,0.60,0.70,0.68,1.17,1.17,1.17,"",-4,-6.1,-31,-5.5,-824730,-2.4,-398092,-6.2,-5586,-2.0,38,3.2,2018,3.3
"24003","5","238","75","0","2025","A","",993,14008,1246499427,154882644,2825279,1711,88985,"",1.25,1.43,1.55,1.32,1.11,1.08,1.08,"",-20,-2.0,529,3.9,100448362,8.8,4760788,3.2,350475,14.2,76,4.6,3958,4.7
"24005","5","238","75","0","2025","A","",1263,16317,1390091224,189016667,3821420,1638,85194,"",1.08,1.32,1.51,1.28,1.11,1.15,1.15,"",16,1.3,-208,-1.3,62461355,4.7,-4780325,-2.5,-144032,-3.6,93,6.0,4854,6.0
"24009","5","238","75","0","2025","A","",222,1186,89100888,14340562,223445,1445,75159,"",2.21,1.57,1.88,1.75,1.21,1.20,1.20,"",7,3.3,-103,-8.0,-6938739,-7.2,-1250626,-8.0,20664,10.2,12,0.8,642,0.9
"24011","5","238","75","0","2025","A","",86,889,63006453,9602381,138881,1362,70847,"",2.39,2.95,3.75,2.83,1.84,1.27,1.27,"",-4,-4.4,27,3.1,4614070,7.9,192986,2.1,47751,52.4,60,4.6,3133,4.6
"24013","5","238","75","0","2025","A","",482,4718,348521525,51372706,988144,1421,73878,"",2.11,2.37,2.95,2.25,2.13,1.24,1.24,"",12,2.6,-71,-1.5,13834898,4.1,-1086418,-2.1,55567,6.0,77,5.7,3989,5.7
"24015","5","238","75","0","2025","A","",132,705,48434601,8081118,182011,1321,68685,"",1.32,0.57,0.59,0.56,0.60,1.03,1.03,"",4,3.1,-1,-0.1,2714343,5.9,220113,2.8,-7384,-3.9,75,6.0,3910,6.0
"24017","5","238","75","0","2025","A","",265,2391,189560511,25879791,467203,1525,79295,"",1.64,1.64,2.10,1.60,1.32,1.28,1.28,"",-3,-1.1,-12,-0.5,10338065,5.8,-757104,-2.8,-4632,-1.0,91,6.3,4710,6.3
"24019","5","238","75","0","2025","A","",59,316,17448040,3792658,62243,1060,55143,"",1.49,0.80,0.80,0.78,0.55,1.00,1.00,"",2,3.5,-19,-5.7,24387,0.1,-230579,-5.7,11185,21.9,61,6.1,3171,6.1
"24021","5","238","75","0","2025","A","",569,6674,520516283,71797112,1183985,1500,77989,"",1.56,1.87,2.05,1.71,1.43,1.10,1.10,"",4,0.7,-31,-0.5,13464608,2.7,-1704883,-2.3,85659,7.8,46,3.2,2363,3.1
"24023","2","238","75","0","2025","A","N",1,0,0,0,0,0,0,"N",1687.98,0,0,0,0,0,0,"N",0,0.0,0,0,0,0,0,0,0,0,0,0,0,0
"24023","5","238","75","0","2025","A","",95,456,25865462,5142813,137216,1091,56743,"",1.62,1.13,1.28,1.04,1.08,1.13,1.13,"",1,1.1,-18,-3.8,969822,3.9,-611725,-10.6,-6382,-4.4,82,8.1,4257,8.1
"24025","5","238","75","0","2025","A","",504,3714,279979554,39408608,662382,1450,75387,"",1.62,1.16,1.27,1.08,0.80,1.10,1.10,"",1,0.2,42,1.1,12562977,4.7,-1995311,-4.8,10590,1.6,50,3.6,2569,3.5
"24027","5","238","75","0","2025","A","",494,7376,659550752,82642911,1543260,1720,89421,"",0.87,1.27,1.26,1.12,0.92,0.99,0.99,"",-12,-2.4,-238,-3.1,-2167721,-0.3,-2816032,-3.3,198894,14.8,49,2.9,2507,2.9
"24029","2","238","75","0","2025","A","N",1,0,0,0,0,0,0,"N",2615.05,0,0,0,0,0,0,"N",0,0.0,0,0,0,0,0,0,0,0,0,0,0,0
"24029","5","238","75","0","2025","A","",44,167,10166170,1795111,18230,1174,61028,"",1.17,0.66,0.73,0.64,0.27,1.10,1.10,"",0,0.0,5,3.1,696604,7.4,88646,5.2,99,0.5,49,4.4,2544,4.3
"24031","5","238","75","0","2025","A","",1356,13077,1032821830,143468817,1966827,1519,78980,"",0.76,0.86,0.70,0.83,0.53,0.82,0.82,"",35,2.6,-335,-2.5,28181091,2.8,-5126215,-3.4,227884,13.1,79,5.5,4075,5.4
"24033","5","238","75","0","2025","A","",1206,21463,2038174650,249857746,6342013,1826,94963,"",1.30,1.96,2.43,2.12,2.21,1.24,1.24,"",-13,-1.1,825,4.0,190176006,10.3,16430892,7.0,1713445,37.0,104,6.0,5417,6.0
"24035","5","238","75","0","2025","A","",162,689,41829540,7833534,118204,1168,60747,"",2.05,1.26,1.34,1.16,0.94,1.06,1.06,"",0,0.0,29,4.4,3165523,8.2,144812,1.9,48616,69.9,41,3.6,2150,3.7
"24037","5","238","75","0","2025","A","",168,1667,133283892,18769895,379850,1538,79958,"",1.53,1.04,0.95,1.23,1.29,0.91,0.91,"",0,0.0,71,4.4,12749096,10.6,-166261,-0.9,126529,49.9,85,5.8,4415,5.8
"24039","5","238","75","0","2025","A","",34,192,10555736,2072627,17463,1060,55097,"",1.51,0.81,0.74,1.20,0.46,0.91,0.91,"",0,0.0,-4,-2.0,613928,6.2,25939,1.3,462,2.7,86,8.8,4460,8.8
"24041","5","238","75","0","2025","A","",98,678,42794709,7499948,112035,1214,63119,"",1.28,1.10,1.17,1.04,0.76,1.06,1.06,"",-2,-2.0,-40,-5.6,-611234,-1.4,-224100,-2.9,13627,13.8,51,4.4,2623,4.3
"24043","2","238","75","0","2025","A","N",1,0,0,0,0,0,0,"N",539.50,0,0,0,0,0,0,"N",0,0.0,0,0,0,0,0,0,0,0,0,0,0,0
"24043","5","238","75","0","2025","A","",227,2148,137878914,22314710,364037,1234,64189,"",1.24,0.97,1.05,0.84,0.58,1.08,1.08,"",5,2.3,52,2.5,8434015,6.5,230124,1.0,5392,1.5,47,4.0,2443,4.0
"24045","5","238","75","0","2025","A","",190,2001,130268562,21465096,408948,1252,65110,"",1.44,1.29,1.43,1.31,1.16,1.11,1.11,"",5,2.7,46,2.4,9945777,8.3,767162,3.7,46882,12.9,68,5.7,3551,5.8
"24047","2","238","75","0","2025","A","N",1,0,0,0,0,0,0,"N",805.27,0,0,0,0,0,0,"N",0,0.0,0,0,0,0,0,0,0,0,0,0,0,0
"24047","5","238","75","0","2025","A","",139,725,40119345,8132985,107440,1064,55318,"",1.13,0.83,0.97,0.67,0.24,1.17,1.17,"",5,3.7,-45,-5.8,-1670157,-4.0,-524104,-6.1,-10602,-9.0,21,2.0,1075,2.0
"24510","5","238","75","0","2025","A","",432,5904,502689414,66164329,1768871,1637,85150,"",0.58,0.51,0.50,0.66,0.68,0.97,0.98,"",18,4.3,-28,-0.5,27388828,5.8,-175966,-0.3,64737,3.8,96,6.2,5018,6.3
"24999","5","238","75","0","2025","A","",764,2724,257808878,36954715,813048,1820,94652,"",0.50,0.65,0.48,0.54,0.41,0.75,0.75,"",6,0.8,187,7.4,27253220,11.8,3906433,11.8,147762,22.2,72,4.1,3769,4.1
"25000","3","238","55","0","2025","A","N",2,0,0,0,0,0,0,"N",1.11,0,0,0,0,0,0,"N",0,0.0,0,0,0,0,0,0,0,0,0,0,0,0
"25000","5","238","55","0","2025","A","",15461,116422,11423901312,2301975617,142120621,1887,98125,"",1.07,0.96,0.94,0.79,1.23,0.98,0.98,"",465,3.1,-3515,-2.9,193620359,1.7,-44519468,-1.9,23802552,20.1,86,4.8,4490,4.8
"25001","5","238","75","0","2025","A","",963,4461,367547247,82709149,2957508,1585,82396,"",1.98,1.38,1.69,1.05,0.82,1.23,1.22,"",44,4.8,-64,-1.4,10930456,3.1,-1025444,-1.2,575786,24.2,69,4.6,3589,4.6
"25003","5","238","75","0","2025","A","",373,2087,158675567,39254398,2074527,1462,76043,"",1.37,1.08,1.21,0.96,1.44,1.12,1.13,"",11,3.0,54,2.7,13548911,9.3,755380,2.0,369699,21.7,89,6.5,4669,6.5
"25005","5","238","75","0","2025","A","",1244,9754,867253131,191793961,11351513,1710,88917,"",1.39,1.30,1.72,1.09,1.67,1.33,1.33,"",50,4.2,-145,-1.5,28008843,3.3,-1977647,-1.0,2159777,23.5,80,4.9,4138,4.9
"25007","5","238","75","0","2025","A","",169,535,48390987,9898222,302967,1739,90408,"",2.37,1.76,2.10,0.91,0.67,1.19,1.19,"",3,1.8,-12,-2.2,1569381,3.4,-124789,-1.2,41601,15.9,92,5.6,4746,5.5
"25009","5","238","75","0","2025","A","",1711,11307,1037521239,222828893,11722065,1765,91756,"",1.18,1.03,1.21,0.92,1.25,1.17,1.17,"",45,2.7,-793,-6.6,-38413079,-3.6,-14909246,-6.3,1045675,9.8,55,3.2,2832,3.2
"25011","5","238","75","0","2025","A","",124,739,50973819,13710473,869927,1326,68938,"",0.97,0.88,1.08,0.63,1.41,1.22,1.22,"",0,0.0,3,0.4,1967959,4.0,287031,2.1,172470,24.7,46,3.6,2392,3.6
"25013","5","238","75","0","2025","A","",658,5659,495003648,108359701,7731856,1682,87478,"",0.70,0.84,1.14,0.73,1.42,1.35,1.35,"",12,1.9,119,2.1,27003899,5.8,3713768,3.5,1762032,29.5,58,3.6,3008,3.6
"25015","5","238","75","0","2025","A","",272,1676,137314158,31632912,1705665,1576,81930,"",1.11,0.77,1.01,0.43,1.26,1.30,1.30,"",10,3.8,80,5.0,15124605,12.4,1237727,4.1,339314,24.8,103,7.0,5358,7.0
"25017","3","238","75","0","2025","A","N",2,0,0,0,0,0,0,"N",5.48,0,0,0,0,0,0,"N",0,0.0,0,0,0,0,0,0,0,0,0,0,0,0
"25017","5","238","75","0","2025","A","",3330,30290,3093589121,594733537,35647499,1964,102132,"",1.14,1.00,0.86,0.86,1.16,0.86,0.86,"",56,1.7,-777,-2.5,48869112,1.6,-6624086,-1.1,6514194,22.4,79,4.2,4128,4.2
"25019","5","238","75","0","2025","A","",278,728,67486022,13778476,358043,1783,92732,"",4.13,2.51,2.80,1.15,0.60,1.12,1.12,"",13,4.9,-20,-2.7,1428298,2.2,-656802,-4.5,-7488,-2.0,84,4.9,4370,4.9
"25021","5","238","75","0","2025","A","",1570,15879,1763285899,306629574,19334978,2135,111044,"",1.17,1.36,1.74,1.15,1.69,1.27,1.27,"",36,2.3,-410,-2.5,53331765,3.1,-6942247,-2.2,3471644,21.9,116,5.7,6067,5.8
"25023","5","238","75","0","2025","A","",1423,11316,1137345715,227576268,15183068,1933,100512,"",1.69,1.71,2.36,1.43,2.36,1.38,1.38,"",40,2.9,-642,-5.4,-26256385,-2.3,-11041091,-4.6,2446037,19.2,62,3.3,3207,3.3
"25025","5","238","75","0","2025","A","",699,7304,838089761,155714639,13927356,2207,114740,"",0.42,0.31,0.25,0.27,0.65,0.83,0.83,"",18,2.6,-604,-7.6,-5252652,-0.6,-5714017,-3.5,1816747,15.0,156,7.6,8100,7.6
"25027","5","238","75","0","2025","A","",1866,11590,1051490032,226458888,13463100,1745,90722,"",1.34,0.97,1.19,0.75,1.36,1.22,1.22,"",64,3.6,-234,-2.0,49332528,4.9,-2658409,-1.2,2221457,19.8,115,7.1,5965,7.0
"25999","5","238","75","0","2025","A","",782,3097,309934966,76896526,5490549,1924,100062,"",0.46,0.92,0.57,0.77,0.96,0.62,0.62,"",64,8.9,-70,-2.2,12426718,4.2,1160404,1.5,873607,18.9,117,6.5,6112,6.5
"26000","5","238","55","0","2025","A","",14471,129084,10803010799,1611866348,80204097,1609,83690,"",0.94,0.88,1.03,0.84,0.99,1.18,1.18,"",550,4.0,4041,3.2,868623904,8.7,2078112,0.1,2222746,2.9,81,5.3,4242,5.3
"26001","5","238","75","0","2025","A","",12,32,1350367,416010,22037,814,42309,"",1.15,0.62,0.65,0.62,0.70,1.05,1.05,"",2,20.0,3,10.3,107466,8.6,26971,6.9,3984,22.1,1,0.1,57,0.1
"26003","5","238","75","0","2025","A","N",16,0,0,0,0,0,0,"N",1.23,0,0,0,0,0,0,"N",2,14.3,0,0,0,0,0,0,0,0,0,0,0,0
"26005","5","238","75","0","2025","A","",267,2255,164309861,26516091,1000588,1401,72867,"",1.96,1.54,1.78,1.32,1.25,1.15,1.15,"",1,0.4,74,3.4,11758836,7.7,-142763,-0.5,-36910,-3.6,56,4.2,2922,4.2
"26007","5","238","75","0","2025","A","",50,268,15578058,3270691,187268,1119,58199,"",1.10,0.66,0.72,0.67,0.82,1.08,1.08,"",4,8.7,-7,-2.5,441824,2.9,-70028,-2.1,11887,6.8,61,5.8,3208,5.8
"26009","5","238","75","0","2025","A","",50,214,12028176,2499842,86792,1082,56250,"",1.63,1.26,1.60,1.13,0.69,1.27,1.27,"",1,2.0,5,2.4,741923,6.6,-275283,-9.9,-18909,-17.9,43,4.1,2206,4.1
"26011","5","238","75","0","2025","A","",29,91,4711824,1211375,58750,994,51684,"",1.64,0.69,0.73,0.67,0.77,1.06,1.06,"",2,7.4,9,11.0,-38149,-0.8,113144,10.3,10456,21.7,-118,-10.6,-6125,-10.6
"26013","5","238","75","0","2025","A","N",7,0,0,0,0,0,0,"N",0.66,0,0,0,0,0,0,"N",0,0.0,0,0,0,0,0,0,0,0,0,0,0,0
"26015","5","238","75","0","2025","A","",98,453,28290701,5432694,170294,1201,62440,"",1.82,1.02,1.21,1.00,0.98,1.18,1.18,"",5,5.4,42,10.2,3376625,13.6,241656,4.7,-4493,-2.6,35,3.0,1822,3.0
"26017","5","238","75","0","2025","A","",112,861,57448957,10457467,616607,1284,66756,"",1.05,0.75,0.88,0.73,0.98,1.16,1.16,"",3,2.8,-27,-3.0,2416911,4.4,-653528,-5.9,9886,1.6,92,7.7,4754,7.7
"26019","5","238","75","0","2025","A","",49,417,27750556,5189207,221862,1278,66482,"",1.94,2.48,3.56,2.16,1.98,1.43,1.43,"",1,2.1,45,12.1,4081817,17.2,207960,4.2,18481,9.1,54,4.4,2828,4.4
"26021","5","238","75","0","2025","A","",195,1202,80998363,14478221,532593,1296,67382,"",0.93,0.59,0.69,0.54,0.55,1.16,1.16,"",10,5.4,27,2.3,6433530,8.6,-44363,-0.3,24230,4.8,76,6.2,3936,6.2
"26023","5","238","75","0","2025","A","",51,410,24154833,5082361,229709,1132,58854,"",1.17,0.80,0.82,0.67,0.96,1.03,1.03,"",2,4.1,26,6.8,2402219,11.0,342494,7.2,22951,11.1,43,3.9,2243,4.0
"26025","5","238","75","0","2025","A","",143,1463,120668281,20154317,1226030,1586,82475,"",1.06,0.80,0.96,0.92,1.51,1.21,1.21,"",11,8.3,123,9.2,16216912,15.5,2716863,15.6,178965,17.1,88,5.9,4555,5.8
"26027","5","238","75","0","2025","A","",52,192,12186132,2486029,93088,1221,63469,"",1.09,0.60,0.71,0.62,0.57,1.18,1.18,"",0,0.0,-10,-5.0,324259,2.7,-218554,-8.1,13130,16.4,91,8.1,4723,8.0
"26029","5","238","75","0","2025","A","",73,292,16626866,3456121,153889,1097,57039,"",1.61,0.80,0.77,0.68,0.69,0.96,0.96,"",5,7.4,20,7.4,1260255,8.2,192617,5.9,20198,15.1,12,1.1,596,1.1
"26031","5","238","75","0","2025","A","",71,315,20703552,4908558,247769,1265,65778,"",1.72,1.54,1.98,1.67,1.11,1.29,1.29,"",1,1.4,22,7.5,1179704,6.0,336051,7.3,48569,24.4,-18,-1.4,-951,-1.4
"26033","5","238","75","0","2025","A","",60,276,16415918,3416797,224014,1144,59478,"",1.42,0.64,0.67,0.83,0.94,1.05,1.05,"",2,3.4,10,3.8,1791810,12.3,89908,2.7,11043,5.2,86,8.1,4466,8.1
"26035","5","238","75","0","2025","A","",39,225,13961460,2852833,163771,1192,61982,"",1.24,0.88,1.08,0.96,1.32,1.23,1.23,"",1,2.6,0,0.0,488117,3.6,-74839,-2.6,-5411,-3.2,38,3.3,1989,3.3
"26037","5","238","75","0","2025","A","",134,1700,129268503,20628416,1032277,1463,76063,"",1.80,2.71,3.70,2.46,2.99,1.36,1.36,"",4,3.1,106,6.6,14614192,12.7,568089,2.8,33607,3.4,80,5.8,4153,5.8
"26039","5","238","75","0","2025","A","",9,46,2346668,589956,50264,983,51107,"",0.65,0.34,0.30,0.42,0.95,0.89,0.89,"",0,0.0,2,4.5,164863,7.6,47573,8.8,1805,3.7,20,2.1,1046,2.1
"26041","5","238","75","0","2025","A","",66,285,16702948,3395441,179043,1129,58693,"",1.25,0.61,0.71,0.64,0.85,1.16,1.16,"",4,6.5,-13,-4.4,-1011955,-5.7,-394273,-10.4,-37283,-17.2,-13,-1.1,-703,-1.2
"26043","5","238","75","0","2025","A","",44,707,72559322,9067084,488632,1974,102654,"",1.05,1.54,2.63,1.58,1.99,1.70,1.70,"",0,0.0,64,10.0,12857413,21.5,747903,9.0,66119,15.6,188,10.5,9793,10.5
"26045","5","238","75","0","2025","A","",130,1140,90019773,13540534,577971,1518,78942,"",1.22,0.75,0.92,0.69,0.69,1.23,1.23,"",5,4.0,60,5.6,4967713,5.8,-43738,-0.3,-7581,-1.3,4,0.3,190,0.2
"26047","5","238","75","0","2025","A","",154,847,54313576,9873398,505640,1233,64131,"",1.95,1.42,1.55,1.24,1.34,1.09,1.09,"",7,4.8,-2,-0.2,2952981,5.7,-294721,-2.9,-12003,-2.3,70,6.0,3642,6.0
"26049","5","238","75","0","2025","A","",436,5228,453791077,66260020,4378334,1669,86793,"",1.18,1.16,1.74,1.18,1.84,1.50,1.50,"",24,5.8,336,6.9,52557378,13.1,2975483,4.7,423403,10.7,92,5.8,4770,5.8
"26051","5","238","75","0","2025","A","",38,277,18381665,3257377,173395,1278,66460,"",1.64,1.84,2.47,1.69,2.10,1.34,1.34,"",1,2.7,-33,-10.6,-882962,-4.6,-722431,-18.2,-47477,-21.5,83,6.9,4299,6.9
"26053","5","238","75","0","2025","A","",26,133,7855376,1604845,91613,1137,59137,"",1.26,0.82,1.00,0.85,1.18,1.22,1.22,"",0,0.0,5,3.9,673942,9.4,91189,6.0,12978,16.5,56,5.2,2922,5.2
"26055","5","238","75","0","2025","A","",259,1727,119922081,19939450,796596,1335,69429,"",1.36,0.99,1.12,0.92,0.93,1.13,1.13,"",13,5.3,20,1.2,7845783,7.0,-1072103,-5.1,-39806,-4.8,72,5.7,3769,5.7
"26057","5","238","75","0","2025","A","",44,151,8218060,1865941,51027,1047,54424,"",1.09,0.35,0.33,0.40,0.30,0.94,0.94,"",2,4.8,-12,-7.4,220368,2.8,-244414,-11.6,-12719,-20.0,101,10.7,5258,10.7
"26059","5","238","75","0","2025","A","",60,205,9871520,2515201,102934,925,48095,"",1.35,0.49,0.44,0.50,0.49,0.89,0.89,"",5,9.1,11,5.7,682461,7.4,137615,5.8,12501,13.8,13,1.4,688,1.5
"26061","5","238","75","0","2025","A","",64,356,20723070,4350908,197353,1119,58184,"",1.32,0.85,0.86,0.97,1.09,1.01,1.01,"",4,6.7,28,8.5,2480141,13.6,8867,0.2,832,0.4,49,4.6,2565,4.6
"26063","5","238","75","0","2025","A","",72,341,19019118,3769718,134831,1071,55706,"",1.45,0.90,0.95,0.85,0.77,1.06,1.06,"",0,0.0,1,0.3,620125,3.4,-291005,-7.2,-14710,-9.8,29,2.8,1538,2.8
"26065","5","238","75","0","2025","A","",238,2651,208478358,34804620,1847413,1513,78651,"",0.68,0.51,0.56,0.70,0.94,1.11,1.11,"",7,3.0,2,0.1,8075173,4.0,-361602,-1.0,-35813,-1.9,58,4.0,3003,4.0
"26067","5","238","75","0","2025","A","",71,656,52440922,7604100,400689,1538,79961,"",1.27,1.04,1.67,0.93,1.38,1.61,1.61,"",2,2.9,-3,-0.5,3881624,8.0,-547558,-6.7,-25290,-5.9,122,8.6,6312,8.6
"26069","5","238","75","0","2025","A","",45,147,7512809,1736289,103221,985,51195,"",1.43,0.58,0.48,0.56,0.78,0.84,0.84,"",1,2.3,5,3.5,312299,4.3,-83300,-4.6,-5786,-5.3,7,0.7,338,0.7
"26071","5","238","75","0","2025","A","",28,91,4081618,1198010,61532,863,44853,"",1.44,0.81,0.77,0.93,1.34,0.95,0.95,"",0,0.0,-4,-4.2,-128628,-3.1,-45856,-3.7,7286,13.4,11,1.3,573,1.3
"26073","5","238","75","0","2025","A","",101,1190,95590103,15318551,967325,1544,80300,"",1.42,1.32,2.03,1.71,2.59,1.53,1.53,"",6,6.3,59,5.2,15452560,19.3,63819,0.4,3726,0.4,181,13.3,9424,13.3
"26075","5","238","75","0","2025","A","",186,1730,132552070,20222208,1118599,1474,76631,"",1.19,0.93,1.10,0.86,1.27,1.18,1.18,"",3,1.6,11,0.6,9868667,8.0,-585059,-2.8,72938,7.0,102,7.4,5276,7.4
"26077","5","238","75","0","2025","A","",288,4400,363989595,51266751,2420359,1591,82733,"",0.95,1.08,1.30,1.01,1.30,1.21,1.21,"",6,2.1,-328,-6.9,-9093041,-2.4,-7078170,-12.1,-354678,-12.8,74,4.9,3832,4.9
"26079","5","238","75","0","2025","A","",30,317,31919183,4317556,217815,1937,100718,"",1.52,1.93,2.98,1.84,1.72,1.55,1.55,"",1,3.4,20,6.7,5461611,20.6,389977,9.9,44631,25.8,225,13.1,11685,13.1
"26081","5","238","75","0","2025","A","",974,13928,1169343252,160458824,5340329,1615,83955,"",1.08,1.00,1.29,0.87,0.81,1.29,1.29,"",32,3.4,309,2.3,94596448,8.8,-2470713,-1.5,-76467,-1.4,97,6.4,5039,6.4
"26083","5","238","75","0","2025","A","N",4,0,0,0,0,0,0,"N",0.94,0,0,0,0,0,0,"N",0,0.0,0,0,0,0,0,0,0,0,0,0,0,0
"26085","5","238","75","0","2025","A","",13,48,2410050,556820,22724,957,49777,"",1.37,0.85,0.99,0.85,0.92,1.16,1.16,"",2,18.2,-1,-2.0,65823,2.8,-10690,-1.9,-4670,-17.0,34,3.7,1772,3.7
"26087","5","238","75","0","2025","A","",166,938,66341008,10971896,490519,1360,70695,"",1.91,1.26,1.67,1.13,1.12,1.32,1.32,"",-3,-1.8,-39,-4.0,-4883398,-6.9,-1765809,-13.9,-135673,-21.7,-42,-3.0,-2212,-3.0
"26089","5","238","75","0","2025","A","N",62,0,0,0,0,0,0,"N",1.44,0,0,0,0,0,0,"N",4,6.9,0,0,0,0,0,0,0,0,0,0,0,0
"26091","5","238","75","0","2025","A","",113,546,34323153,6274643,290961,1208,62815,"",1.15,0.63,0.71,0.63,0.76,1.13,1.13,"",4,3.7,-12,-2.2,329052,1.0,-528487,-7.8,1831,0.6,37,3.2,1921,3.2
"26093","5","238","75","0","2025","A","",459,3374,267928094,41523249,2122454,1527,79400,"",1.89,1.56,2.08,1.35,1.63,1.33,1.33,"",19,4.3,78,2.4,11971872,4.7,-1641093,-3.8,-23051,-1.1,34,2.3,1749,2.3
"26095","5","238","75","0","2025","A","N",7,0,0,0,0,0,0,"N",0.75,0,0,0,0,0,0,"N",2,40.0,0,0,0,0,0,0,0,0,0,0,0,0
"26097","5","238","75","0","2025","A","",27,89,4244279,1149064,48954,915,47555,"",1.07,0.55,0.50,0.48,0.22,0.91,0.91,"N",1,3.8,0,0,0,0,0,0,0,0,0,0,0,0
"26099","5","238","75","0","2025","A","",1380,12658,1067033626,155741763,7513006,1621,84297,"",1.39,1.14,1.33,0.99,1.02,1.17,1.17,"",20,1.5,274,2.2,57909088,5.7,-2883184,-1.8,74550,1.0,54,3.4,2811,3.4
"26101","5","238","75","0","2025","A","",40,196,12081153,2369603,108183,1185,61612,"",1.35,0.79,0.89,0.90,0.93,1.13,1.13,"",2,5.3,10,5.4,1862098,18.2,134112,6.0,6742,6.6,127,12.0,6572,11.9
"26103","5","238","75","0","2025","A","",94,755,50156126,9666193,558941,1277,66403,"",1.05,0.84,0.97,0.88,1.36,1.16,1.16,"",5,5.6,7,0.9,2093807,4.4,-305068,-3.1,15687,2.9,41,3.3,2141,3.3
"26105","5","238","75","0","2025","A","",54,230,11121843,2612650,125030,930,48356,"",1.47,0.68,0.65,0.62,0.66,0.96,0.96,"",3,5.9,2,0.9,206951,1.9,-212504,-7.5,8810,7.6,9,1.0,484,1.0
"26107","5","238","75","0","2025","A","",31,111,5929663,1459400,88902,1028,53461,"",0.87,0.27,0.32,0.35,0.63,1.17,1.17,"",0,0.0,14,14.4,758010,14.7,100747,7.4,453,0.5,4,0.4,191,0.4
"26109","5","238","75","0","2025","A","",23,96,5201449,1124596,57659,1039,54041,"",0.92,0.40,0.44,0.45,0.58,1.08,1.08,"",1,4.5,4,4.3,364156,7.5,23517,2.1,2940,5.4,24,2.4,1271,2.4
"26111","5","238","75","0","2025","A","",115,1140,80098536,12934392,614170,1351,70277,"",0.57,0.89,0.88,0.88,1.18,0.99,0.99,"",4,3.6,-53,-4.4,-671707,-0.8,-1184919,-8.4,20390,3.4,49,3.8,2588,3.8
"26113","5","238","75","0","2025","A","",29,134,8030800,1614521,116134,1150,59820,"",1.52,0.97,1.20,0.81,1.25,1.23,1.23,"",0,0.0,7,5.5,1087120,15.7,87510,5.7,5212,4.7,97,9.2,5074,9.3
"26115","5","238","75","0","2025","A","",171,1461,139279595,20260888,1149397,1833,95332,"",1.34,1.08,1.65,1.10,1.65,1.53,1.53,"",11,6.9,105,7.7,29789741,27.2,1680247,9.0,240696,26.5,280,18.0,14597,18.1
"26117","5","238","75","0","2025","A","",85,504,32970370,5740467,213055,1259,65482,"",1.52,0.92,1.20,0.93,0.97,1.30,1.30,"",4,4.9,25,5.2,2434820,8.0,-58952,-1.0,-1821,-0.8,33,2.7,1756,2.8
"26119","5","238","75","0","2025","A","N",23,0,0,0,0,0,0,"N",1.99,0,0,0,0,0,0,"N",-1,-4.2,0,0,0,0,0,0,0,0,0,0,0,0
"26121","5","238","75","0","2025","A","",182,1898,160683824,23237081,1303772,1628,84641,"",1.14,0.92,1.32,0.91,1.38,1.44,1.44,"",1,0.6,60,3.3,13338309,9.1,-321608,-1.4,-64821,-4.7,86,5.6,4468,5.6
"26123","5","238","75","0","2025","A","",69,412,25127385,4990643,218360,1173,60976,"",1.57,1.04,1.26,1.10,1.29,1.20,1.20,"",5,7.8,18,4.6,1412349,6.0,205092,4.3,25313,13.1,16,1.4,824,1.4
"26125","5","238","75","0","2025","A","",1772,21304,2031777487,281478268,15378566,1834,95370,"",0.81,0.88,1.05,0.80,0.98,1.19,1.19,"",54,3.1,396,1.9,111610903,5.8,3692180,1.3,486374,3.3,68,3.9,3533,3.8
"26127","5","238","75","0","2025","A","",36,214,13019524,2669427,143284,1168,60721,"",1.25,0.98,1.24,0.88,0.76,1.26,1.26,"",1,2.9,15,7.5,1707639,15.1,118480,4.6,-571,-0.4,75,6.9,3901,6.9
"26129","5","238","75","0","2025","A","",46,156,7640917,1890180,160743,939,48850,"",1.49,0.77,0.80,0.74,1.50,1.04,1.04,"",2,4.5,-9,-5.5,-244699,-3.1,-278704,-12.9,-21084,-11.6,22,2.4,1179,2.5
"26131","5","238","75","0","2025","A","N",12,0,0,0,0,0,0,"N",1.25,0,0,0,0,0,0,"N",1,9.1,0,0,0,0,0,0,0,0,0,0,0,0
"26133","5","238","75","0","2025","A","",35,144,7848538,1742597,79127,1047,54441,"",1.46,0.56,0.52,0.48,0.41,0.93,0.93,"N",-1,-2.8,0,0,0,0,0,0,0,0,0,0,0,0
"26135","5","238","75","0","2025","A","",10,45,2783081,636346,41143,1189,61846,"",0.99,0.99,1.49,1.15,1.16,1.51,1.51,"",0,0.0,4,9.8,299217,12.0,103884,19.5,6427,18.5,14,1.2,767,1.3
"26137","5","238","75","0","2025","A","",59,302,19569007,3731156,216723,1248,64905,"",1.45,0.86,0.99,0.79,1.11,1.16,1.16,"",2,3.5,8,2.7,-178134,-0.9,-396110,-9.6,-28781,-11.7,-43,-3.3,-2205,-3.3
"26139","5","238","75","0","2025","A","",649,4614,341952343,52104741,1827221,1425,74104,"",1.85,1.07,1.28,0.89,0.88,1.20,1.20,"",16,2.5,45,1.0,14646339,4.5,-2583834,-4.7,-95376,-5.0,47,3.4,2468,3.4
"26141","5","238","75","0","2025","A","",22,59,2834779,634921,33088,921,47912,"",1.29,0.69,0.64,0.60,0.47,0.92,0.92,"",1,4.8,-3,-4.8,-9829,-0.3,-74737,-10.5,-5695,-14.7,32,3.6,1658,3.6
"26143","5","238","75","0","2025","A","",47,202,14317707,3081959,178868,1364,70909,"",1.60,0.99,1.66,1.13,1.40,1.67,1.67,"",5,11.9,22,12.2,1627846,12.8,222814,7.8,17170,10.6,6,0.4,312,0.4
"26145","5","238","75","0","2025","A","",229,1846,148660052,23809915,1461569,1549,80538,"",1.15,0.69,0.91,0.72,1.10,1.32,1.32,"",2,0.9,-78,-4.1,3098195,2.1,-1557507,-6.1,-153148,-9.5,94,6.5,4899,6.5
"26147","5","238","75","0","2025","A","",284,1678,120605216,20324170,892354,1382,71889,"",1.70,1.20,1.49,1.21,1.35,1.24,1.24,"",14,5.2,85,5.3,11385182,10.4,895277,4.6,55302,6.6,64,4.9,3337,4.9
"26149","5","238","75","0","2025","A","",66,525,42347934,5970206,179865,1550,80599,"",0.58,0.75,1.09,0.67,0.57,1.45,1.45,"",2,3.1,14,2.7,5890893,16.2,-319955,-5.1,4467,2.5,178,13.0,9231,12.9
"26151","5","238","75","0","2025","A","",58,261,16810267,3050223,150034,1238,64387,"",1.32,0.75,0.95,0.70,0.79,1.26,1.26,"",0,0.0,10,4.0,766135,4.8,17351,0.6,-5894,-3.8,10,0.8,551,0.9
"26153","5","238","75","0","2025","A","",18,84,4740287,985679,69873,1082,56265,"",1.53,0.91,0.98,1.15,1.62,1.08,1.08,"",1,5.9,-4,-4.5,319964,7.2,-51424,-5.0,-2847,-3.9,120,12.5,6224,12.4
"26155","5","238","75","0","2025","A","",112,508,32475719,6963869,272506,1230,63971,"",1.87,0.98,1.15,1.23,1.26,1.17,1.17,"",4,3.7,3,0.6,2508466,8.4,198107,2.9,-5860,-2.1,89,7.8,4620,7.8
"26157","5","238","75","0","2025","A","",84,456,23984467,5191073,209068,1011,52569,"",1.81,1.12,1.13,1.16,1.24,1.01,1.01,"",8,10.5,4,0.9,-612147,-2.5,-166238,-3.1,-18308,-8.1,-37,-3.5,-1909,-3.5
"26159","5","238","75","0","2025","A","",85,513,32664685,6229666,317633,1224,63643,"",1.01,0.71,0.84,0.67,0.86,1.18,1.18,"",5,6.2,62,13.7,4107437,14.4,613138,10.9,58316,22.5,7,0.6,335,0.5
"26161","5","238","75","0","2025","A","",368,3154,264984420,39298227,1806809,1616,84026,"",0.75,0.43,0.47,0.63,0.77,1.09,1.09,"",24,7.0,37,1.2,15414337,6.2,-1903975,-4.6,-183945,-9.2,76,4.9,3956,4.9
"26163","5","238","75","0","2025","A","",1431,16808,1548841177,218826850,12779947,1772,92147,"",0.77,0.70,0.81,0.70,0.91,1.16,1.16,"",33,2.4,1119,7.1,184679796,13.5,10007759,4.8,1298366,11.3,100,6.0,5195,6.0
"26165","5","238","75","0","2025","A","N",37,0,0,0,0,0,0,"N",0.83,0,0,0,0,0,0,"N",3,8.8,0,0,0,0,0,0,0,0,0,0,0,0
"26999","5","238","75","0","2025","A","",996,3846,414809088,55033007,2165752,2074,107852,"",0.32,0.62,0.61,0.50,0.44,0.97,0.97,"N",114,12.9,0,0,0,0,0,0,0,0,0,0,0,0
"27000","5","238","55","0","2025","A","",11879,90140,7884774380,4219858859,138083321,1682,87473,"",1.14,0.92,1.04,1.03,2.35,1.13,1.14,"",-61,-0.5,2690,3.1,723644400,10.1,232586543,5.8,9745078,7.6,107,6.8,5585,6.8
"27001","5","238","75","0","2025","A","",44,154,9093271,6180551,181362,1139,59207,"",1.89,1.05,1.23,1.35,2.22,1.18,1.18,"",0,0.0,0,0.0,523678,6.1,60619,1.0,-3145,-1.7,69,6.4,3560,6.4
"27003","5","238","75","0","2025","A","",843,7249,633900225,338821196,11298096,1682,87449,"",1.96,1.63,2.10,1.76,4.03,1.29,1.29,"",-11,-1.3,284,4.1,60865941,10.6,20912121,6.6,1010290,9.8,100,6.3,5180,6.3
"27005","5","238","75","0","2025","A","",112,580,41454712,25284171,867720,1374,71463,"",2.04,1.13,1.47,1.32,2.73,1.30,1.30,"",-1,-0.9,-53,-8.4,-4217544,-9.2,-2315414,-8.4,-100446,-10.4,-14,-1.0,-727,-1.0
"27007","5","238","75","0","2025","A","",108,712,57299653,32672253,1546319,1548,80477,"",1.67,1.03,1.43,1.60,3.29,1.39,1.39,"",6,5.9,15,2.2,4360000,8.2,564198,1.8,128833,9.1,87,6.0,4496,5.9
"27009","5","238","75","0","2025","A","",130,1809,153489741,79644818,1795221,1632,84856,"",2.51,3.16,4.56,3.04,3.26,1.44,1.44,"",-4,-3.0,55,3.1,16511818,12.1,3231711,4.2,150124,9.1,130,8.7,6773,8.7
"27011","5","238","75","0","2025","A","",13,58,3107939,2191768,27777,1032,53662,"",1.19,1.00,0.98,1.42,0.55,0.98,0.98,"",-2,-13.3,-5,-7.9,-40728,-1.3,-240877,-9.9,-41728,-60.0,77,8.1,4012,8.1
"27013","5","238","75","0","2025","A","",160,1313,108145726,57460234,1264126,1584,82371,"",1.53,0.95,1.31,1.13,2.05,1.39,1.38,"",0,0.0,-3,-0.2,5088656,4.9,1248431,2.2,36117,2.9,78,5.2,4050,5.2
"27015","5","238","75","0","2025","A","",72,332,19144820,13358813,404994,1108,57622,"",1.64,0.74,0.76,0.80,1.76,1.02,1.02,"",0,0.0,-8,-2.4,-553909,-2.8,-80048,-0.6,16876,4.3,-7,-0.6,-344,-0.6
"27017","5","238","75","0","2025","A","",59,440,41950505,24555123,1098070,1834,95378,"",1.52,1.00,1.60,1.91,3.39,1.60,1.60,"",-3,-4.8,26,6.3,2589089,6.6,2393802,10.8,116968,11.9,5,0.3,245,0.3
"27019","5","238","75","0","2025","A","",236,1779,155172108,82478444,1940529,1678,87233,"",1.69,1.31,1.49,1.43,2.68,1.14,1.14,"",-7,-2.9,-22,-1.2,6942665,4.7,1434233,1.8,70525,3.8,95,6.0,4929,6.0
"27021","5","238","75","0","2025","A","",89,262,16789398,12416642,621006,1234,64184,"",1.91,0.74,1.03,1.25,2.44,1.39,1.39,"",-3,-3.3,-19,-6.8,-613393,-3.5,-322137,-2.5,-39587,-6.0,42,3.5,2216,3.6
"27023","5","238","75","0","2025","A","",25,148,11885975,6987059,131045,1543,80220,"",1.23,0.86,1.26,1.12,1.41,1.46,1.46,"",-1,-3.8,-17,-10.3,-775566,-6.1,-219373,-3.0,-12576,-8.8,71,4.8,3677,4.8
"27025","5","238","75","0","2025","A","",158,763,65155312,35522572,1519390,1641,85347,"",2.33,1.40,2.00,1.80,3.60,1.43,1.43,"",1,0.6,-19,-2.4,4847229,8.0,269635,0.8,100574,7.1,158,10.7,8251,10.7
"27027","5","238","75","0","2025","A","",125,660,39397336,27677291,929267,1149,59723,"",1.72,1.01,1.06,1.27,2.37,1.06,1.06,"",1,0.8,-14,-2.1,377046,1.0,961802,3.6,65354,7.6,35,3.1,1801,3.1
"27029","5","238","75","0","2025","A","",27,210,16659471,11903508,824323,1522,79142,"",2.34,2.45,3.34,3.22,4.52,1.36,1.36,"",1,3.8,4,1.9,721858,4.5,344893,3.0,78250,10.5,36,2.4,1869,2.4
"27031","5","238","75","0","2025","A","N",25,0,0,0,0,0,0,"N",1.56,0,0,0,0,0,0,"N",0,0.0,0,0,0,0,0,0,0,0,0,0,0,0
"27033","5","238","75","0","2025","A","",14,136,9125631,5991745,298497,1286,66895,"",0.66,0.84,1.12,1.28,3.80,1.32,1.32,"",-1,-6.7,-6,-4.2,361625,4.1,85754,1.5,-3315,-1.1,101,8.5,5249,8.5
"27035","5","238","75","0","2025","A","",212,1114,76550410,48503187,1244663,1321,68686,"",1.85,1.07,1.33,1.27,1.86,1.24,1.24,"",5,2.4,14,1.3,4432490,6.1,2301553,5.0,53245,4.5,60,4.8,3129,4.8
"27037","5","238","75","0","2025","A","",749,6693,620682902,325597278,10609158,1783,92730,"",1.29,1.06,1.31,1.14,2.27,1.24,1.24,"",5,0.7,30,0.5,29364482,5.0,10308200,3.3,804591,8.2,76,4.5,3985,4.5
"27039","5","238","75","0","2025","A","",60,239,17149460,10617483,494317,1382,71880,"",2.40,1.19,1.37,1.23,3.11,1.15,1.15,"",0,0.0,-5,-2.0,-5777,0.0,-185506,-1.7,-14164,-2.8,27,2.0,1427,2.0
"27041","5","238","75","0","2025","A","",120,701,49834958,31245772,1067543,1367,71083,"",1.66,1.06,1.26,1.28,2.56,1.19,1.19,"",-4,-3.2,1,0.1,1243642,2.6,1060125,3.5,5806,0.5,32,2.4,1642,2.4
"27043","5","238","75","0","2025","A","",29,157,8550946,5984704,118653,1049,54523,"",1.23,1.05,1.07,1.11,1.09,1.02,1.02,"",-1,-3.3,-5,-3.1,-453268,-5.0,-213160,-3.4,-2775,-2.3,-22,-2.1,-1144,-2.1
"27045","5","238","75","0","2025","A","",56,174,9324524,6873721,138293,1030,53564,"",1.44,0.84,0.99,1.03,1.15,1.17,1.17,"",0,0.0,-4,-2.2,483045,5.5,286494,4.3,18904,15.8,73,7.6,3823,7.7
"27047","5","238","75","0","2025","A","",59,329,22511340,13342385,297951,1318,68510,"",1.46,0.84,1.03,0.89,1.70,1.23,1.23,"",1,1.7,32,10.8,3377450,17.7,1576594,13.4,24914,9.1,79,6.4,4104,6.4
"27049","5","238","75","0","2025","A","",96,777,74618168,39986092,867733,1847,96065,"",1.44,1.07,1.62,1.47,2.16,1.52,1.52,"",-2,-2.0,145,22.9,21418579,40.3,10982906,37.9,277280,47.0,228,14.1,11888,14.1
"27051","5","238","75","0","2025","A","",18,94,5573676,4066089,236559,1138,59189,"",1.43,1.48,1.69,1.94,5.45,1.14,1.14,"",1,5.9,-5,-5.1,-332456,-5.6,402250,11.0,29324,14.2,-9,-0.8,-469,-0.8
"27053","5","238","75","0","2025","A","",1564,21844,2151669851,1040397311,30799789,1894,98504,"",0.73,0.71,0.76,0.72,1.76,1.07,1.07,"",-37,-2.3,1015,4.9,220397303,11.4,50139006,5.1,1315835,4.5,111,6.2,5782,6.2
"27055","5","238","75","0","2025","A","N",39,0,0,0,0,0,0,"N",1.67,0,0,0,0,0,0,"N",-1,-2.5,0,0,0,0,0,0,0,0,0,0,0,0
"27057","5","238","75","0","2025","A","",63,277,15639163,11251247,301613,1087,56510,"",1.91,1.32,1.52,1.55,1.81,1.16,1.16,"",0,0.0,1,0.4,1131683,7.8,500390,4.7,29294,10.8,76,7.5,3963,7.5
"27059","5","238","75","0","2025","A","",128,555,36125334,24315325,685905,1252,65120,"",2.68,1.49,1.85,1.96,3.79,1.25,1.25,"",3,2.4,24,4.5,3519760,10.8,1457022,6.4,122406,21.7,71,6.0,3726,6.1
"27061","5","238","75","0","2025","A","",104,582,46832422,29603088,1828854,1549,80526,"",1.58,1.06,1.49,1.60,3.44,1.41,1.41,"",2,2.0,93,19.0,11282415,31.7,5807812,24.4,467368,34.3,150,10.7,7765,10.7
"27063","5","238","75","0","2025","A","",26,55,2689293,2063080,34597,935,48602,"",1.47,0.34,0.33,0.32,0.31,0.97,0.97,"",2,8.3,1,1.9,290767,12.1,158246,8.3,14661,73.5,82,9.6,4253,9.6
"27065","5","238","75","0","2025","A","",38,200,17584933,10733658,561820,1690,87888,"",2.12,1.43,2.29,2.70,4.26,1.60,1.59,"",3,8.6,11,5.8,2419249,16.0,1051861,10.9,-17784,-3.1,147,9.5,7646,9.5
"27067","5","238","75","0","2025","A","",134,472,27261768,19363526,627750,1112,57799,"",1.91,0.61,0.64,0.66,1.27,1.05,1.05,"",-3,-2.2,-42,-8.2,-70093,-0.3,-623523,-3.1,8205,1.3,89,8.7,4624,8.7
"27069","5","238","75","0","2025","A","",13,62,3204493,2485543,104191,997,51825,"",1.32,1.24,1.28,1.67,5.44,1.03,1.03,"",0,0.0,10,19.2,606914,23.4,451030,22.2,18699,21.9,46,4.8,2347,4.7
"27071","5","238","75","0","2025","A","",18,101,7931476,4609579,281578,1506,78336,"",0.88,0.73,1.00,1.04,3.34,1.38,1.38,"",2,12.5,1,1.0,333350,4.4,94246,2.1,4624,1.7,42,2.9,2228,2.9
"27073","5","238","75","0","2025","A","",24,48,2255435,1688965,69971,907,47152,"",2.03,0.67,0.65,0.91,2.33,0.98,0.98,"",0,0.0,0,0.0,125975,5.9,16143,1.0,-9660,-12.1,55,6.5,2865,6.5
"27075","5","238","75","0","2025","A","",21,57,2978619,2278796,48878,1009,52487,"",1.13,0.43,0.40,0.52,0.77,0.94,0.94,"",3,16.7,3,5.6,321428,12.1,149017,7.0,-10051,-17.1,58,6.1,3051,6.2
"27077","5","238","75","0","2025","A","N",12,0,0,0,0,0,0,"N",1.36,0,0,0,0,0,0,"N",2,20.0,0,0,0,0,0,0,0,0,0,0,0,0
"27079","5","238","75","0","2025","A","",96,414,35362332,20583954,1056330,1645,85520,"",2.52,1.46,2.19,1.73,3.92,1.50,1.50,"",1,1.1,-7,-1.7,3519726,11.1,1440532,7.5,68933,7.0,189,13.0,9824,13.0
"27081","5","238","75","0","2025","A","",21,79,4983940,3377572,36103,1212,63021,"",1.91,1.41,1.93,2.19,2.15,1.36,1.36,"",1,5.0,6,8.2,1304437,35.5,761303,29.1,6707,22.8,246,25.5,12789,25.5
"27083","5","238","75","0","2025","A","",59,245,16817345,10612245,300815,1322,68759,"",1.41,0.54,0.67,0.71,1.66,1.23,1.23,"",1,1.7,4,1.7,1712257,11.3,736833,7.5,7315,2.5,115,9.5,5974,9.5
"27085","5","238","75","0","2025","A","",72,314,22294594,13118111,336432,1365,70983,"",1.41,0.59,0.70,0.67,1.25,1.18,1.18,"",0,0.0,1,0.3,903858,4.2,448473,3.5,-1416,-0.4,50,3.8,2606,3.8
"27087","5","238","75","0","2025","A","N",4,0,0,0,0,0,0,"N",0.68,0,0,0,0,0,0,"N",-1,-20.0,0,0,0,0,0,0,0,0,0,0,0,0
"27089","5","238","75","0","2025","A","",23,85,5819605,3974705,174989,1315,68399,"",1.32,1.05,1.24,1.46,1.85,1.18,1.18,"",1,4.5,2,2.4,942095,19.3,417466,11.7,28427,19.4,188,16.7,9810,16.7
"27091","5","238","75","0","2025","A","",29,187,12599182,7379028,99616,1296,67405,"",0.83,0.67,0.82,0.75,0.95,1.23,1.23,"",-3,-9.4,-10,-5.1,369766,3.0,264146,3.7,8144,8.9,103,8.6,5353,8.6
"27093","5","238","75","0","2025","A","",70,366,25388406,16507915,531622,1336,69446,"",2.04,1.40,1.79,1.60,3.89,1.28,1.28,"",-1,-1.4,-9,-2.4,562581,2.3,219726,1.3,132001,33.0,64,5.0,3317,5.0
"27095","5","238","75","0","2025","A","",98,354,22865771,15302328,762027,1244,64669,"",2.51,1.12,1.48,1.91,5.00,1.33,1.33,"",3,3.2,16,4.7,2394648,11.7,659909,4.5,-226,0.0,78,6.7,4014,6.6
"27097","5","238","75","0","2025","A","",92,300,20183141,12653768,684820,1293,67240,"",1.69,0.80,1.09,1.05,3.25,1.36,1.36,"",0,0.0,-10,-3.2,927010,4.8,391728,3.2,38320,5.9,97,8.1,5040,8.1
"27099","5","238","75","0","2025","A","",72,399,28201284,17009491,448573,1358,70606,"",1.65,0.70,0.78,0.77,2.51,1.11,1.11,"",0,0.0,-72,-15.3,-5003413,-15.1,-2982415,-14.9,-134996,-23.1,3,0.2,133,0.2
"27101","5","238","75","0","2025","A","",27,92,4624131,3419365,84308,970,50445,"",1.69,0.96,0.91,0.96,1.47,0.95,0.95,"",2,8.0,3,3.4,396709,9.4,232306,7.3,9882,13.3,61,6.7,3167,6.7
"27103","5","238","75","0","2025","A","",60,228,15382034,9161170,192041,1296,67367,"",1.45,0.47,0.54,0.55,0.99,1.16,1.16,"",0,0.0,5,2.2,1535262,11.1,463200,5.3,28935,17.7,100,8.4,5181,8.3
"27105","5","238","75","0","2025","A","",30,113,7491625,4561388,167979,1278,66445,"",0.96,0.34,0.38,0.32,1.32,1.13,1.13,"",0,0.0,-1,-0.9,239730,3.3,57618,1.3,3144,1.9,51,4.2,2645,4.1
"27107","5","238","75","0","2025","A","",11,29,1215411,1003955,14646,799,41553,"",0.86,0.46,0.34,0.57,0.93,0.73,0.73,"N",-2,-15.4,0,0,0,0,0,0,0,0,0,0,0,0
"27109","5","238","75","0","2025","A","",266,3049,243309854,134355986,3339937,1534,79793,"",1.35,0.87,0.83,1.64,2.93,0.96,0.96,"",-2,-0.7,117,4.0,18485662,8.2,5992366,4.7,147576,4.6,59,4.0,3118,4.1
"27111","5","238","75","0","2025","A","",172,684,40635238,28347991,967465,1143,59452,"",1.87,0.91,0.99,1.04,2.12,1.09,1.09,"",-4,-2.3,32,4.9,4312871,11.9,2053970,7.8,89835,10.2,72,6.7,3736,6.7
"27113","5","238","75","0","2025","A","",19,119,7045437,4788988,49395,1140,59288,"",0.93,0.38,0.39,0.37,0.33,1.03,1.03,"",0,0.0,12,11.2,317833,4.7,343809,7.7,2023,4.3,-65,-5.4,-3392,-5.4
"27115","5","238","75","0","2025","A","",78,258,16584077,11504323,539401,1237,64342,"",2.18,0.98,1.35,1.61,2.92,1.39,1.39,"",-6,-7.1,7,2.8,1825921,12.4,993170,9.4,31942,6.3,105,9.3,5486,9.3
"27117","5","238","75","0","2025","A","",32,268,19314468,12717506,840460,1385,72024,"",1.70,1.89,2.59,2.60,6.24,1.37,1.37,"",-3,-8.6,3,1.1,37813,0.2,941443,8.0,84047,11.1,-15,-1.1,-787,-1.1
"27119","5","238","75","0","2025","A","",62,194,11669727,7687121,196927,1159,60257,"",1.22,0.48,0.51,0.58,0.67,1.06,1.06,"",1,1.6,6,3.2,862881,8.0,400604,5.5,-4429,-2.2,55,5.0,2850,5.0
"27121","5","238","75","0","2025","A","",28,90,5733562,3949321,131052,1222,63530,"",1.51,0.61,0.68,0.75,1.93,1.11,1.11,"",-3,-9.7,-9,-9.1,217861,3.9,-115058,-2.8,-1612,-1.2,149,13.9,7722,13.8
"27123","5","238","75","0","2025","A","",539,9056,961125910,449859827,16226509,2041,106136,"",0.73,0.82,1.07,1.04,2.89,1.30,1.30,"",-14,-2.5,406,4.7,125697781,15.0,34401956,8.3,1514602,10.3,184,9.9,9558,9.9
"27125","5","238","75","0","2025","A","N",5,0,0,0,0,0,0,"N",0.82,0,0,0,0,0,0,"N",0,0.0,0,0,0,0,0,0,0,0,0,0,0,0
"27127","5","238","75","0","2025","A","",36,146,9261433,5754925,117155,1220,63434,"",1.27,0.73,0.87,0.79,1.60,1.19,1.19,"",-2,-5.3,-29,-16.6,-1409695,-13.2,-986110,-14.6,-43882,-27.2,49,4.2,2543,4.2
"27129","5","238","75","0","2025","A","",32,98,6815782,4246826,127730,1331,69196,"",1.11,0.52,0.64,0.57,0.67,1.21,1.21,"",-1,-3.0,15,18.1,2028632,42.4,994610,30.6,89057,230.3,221,19.9,11462,19.9
"27131","5","238","75","0","2025","A","",142,674,49213887,31003309,932490,1404,73018,"",1.65,0.76,0.90,0.99,2.30,1.19,1.19,"",-3,-2.1,18,2.7,4425860,9.9,2389988,8.4,10121,1.1,91,6.9,4735,6.9
"27133","5","238","75","0","2025","A","",19,104,5863737,4059907,52317,1086,56473,"",1.20,0.80,0.81,0.90,1.54,1.01,1.01,"",-2,-9.5,13,14.3,999575,20.5,593283,17.1,10347,24.7,60,5.8,3118,5.8
"27135","5","238","75","0","2025","A","",25,55,2466369,2045059,35822,864,44911,"",1.08,0.21,0.15,0.20,0.33,0.71,0.71,"",-2,-7.4,-2,-3.5,44373,1.8,7621,0.4,-7688,-17.7,53,6.5,2728,6.5
"27137","5","238","75","0","2025","A","",384,2672,212164869,125964402,5493040,1527,79418,"",1.42,0.84,1.06,1.19,3.09,1.27,1.27,"",-1,-0.3,28,1.1,10203558,5.1,4179087,3.4,120315,2.2,58,3.9,3026,4.0
"27139","5","238","75","0","2025","A","",409,3459,308238057,164736514,6105178,1713,89101,"",2.10,1.62,2.18,1.83,3.52,1.35,1.35,"",4,1.0,130,3.9,28598204,10.2,7948536,5.1,142745,2.4,98,6.1,5098,6.1
"27141","5","238","75","0","2025","A","",326,1804,131012830,82176368,2001006,1397,72634,"",2.65,1.89,2.29,2.18,3.08,1.22,1.21,"",-5,-1.5,45,2.6,9094414,7.5,4945440,6.4,327854,19.6,64,4.8,3323,4.8
"27143","5","238","75","0","2025","A","",29,101,6216916,4135027,88335,1187,61706,"",1.48,0.80,0.91,0.80,0.53,1.13,1.13,"",1,3.6,-12,-10.6,-344334,-5.2,-325011,-7.3,78,0.1,70,6.3,3642,6.3
"27145","5","238","75","0","2025","A","",323,2946,235193736,132549354,4072185,1536,79846,"",1.41,1.01,1.23,1.19,2.66,1.22,1.22,"",6,1.9,83,2.9,16140844,7.4,9287794,7.5,210416,5.4,65,4.4,3339,4.4
"27147","5","238","75","0","2025","A","",71,439,34009113,19827919,589109,1490,77470,"",1.26,0.68,0.84,0.73,1.73,1.22,1.22,"",-1,-1.4,13,3.1,2520557,8.0,1598805,8.8,19761,3.5,68,4.8,3510,4.7
"27149","5","238","75","0","2025","A","",27,66,4154366,2723473,36632,1215,63184,"",1.40,0.34,0.32,0.35,0.39,0.94,0.94,"",2,8.0,-2,-2.9,-660191,-13.7,176134,6.9,-1561,-4.1,-157,-11.4,-8143,-11.4
"27151","5","238","75","0","2025","A","",36,156,9475141,6059998,135336,1164,60544,"",1.99,1.29,1.43,1.46,1.57,1.11,1.10,"",3,9.1,17,12.2,1237631,15.0,599465,11.0,11019,8.9,27,2.4,1423,2.4
"27153","5","238","75","0","2025","A","",48,212,12409126,9172934,342783,1126,58534,"",1.56,0.89,0.91,1.17,3.66,1.03,1.03,"",-2,-4.0,9,4.4,1507903,13.8,1185517,14.8,43341,14.5,95,9.2,4899,9.1
"27155","5","238","75","0","2025","A","N",8,0,0,0,0,0,0,"N",1.08,0,0,0,0,0,0,"N",0,0.0,0,0,0,0,0,0,0,0,0,0,0,0
"27157","5","238","75","0","2025","A","",44,106,6539484,4341312,198732,1192,61986,"",1.49,0.49,0.60,0.59,1.42,1.24,1.24,"",-4,-8.3,-6,-5.4,305032,4.9,-112850,-2.5,8716,4.6,125,11.7,6528,11.8
"27159","5","238","75","0","2025","A","",35,87,4345896,3747175,112341,958,49810,"",1.62,0.48,0.46,0.76,1.61,0.95,0.95,"",4,12.9,5,6.1,480674,12.4,418730,12.6,14126,14.4,49,5.4,2529,5.3
"27161","5","238","75","0","2025","A","",38,169,9966141,7055517,151247,1132,58855,"",1.47,0.93,0.99,1.12,1.15,1.07,1.07,"",0,0.0,-5,-2.9,276526,2.9,382609,5.7,18543,14.0,60,5.6,3114,5.6
"27163","5","238","75","0","2025","A","",434,3021,282856290,152519020,6121407,1801,93638,"",1.26,0.93,1.37,1.12,3.13,1.47,1.47,"",0,0.0,202,7.2,52399209,22.7,21222525,16.2,1477984,31.8,229,14.6,11899,14.6
"27165","5","238","75","0","2025","A","",28,121,7182505,4830665,117067,1143,59441,"",1.72,0.81,0.96,0.82,1.85,1.19,1.19,"",-3,-9.7,-7,-5.5,-442762,-5.8,-250510,-4.9,-31351,-21.1,-7,-0.6,-365,-0.6
"27167","5","238","75","0","2025","A","",15,79,4329847,2950899,52706,1048,54521,"",1.47,1.43,1.35,1.57,2.48,0.94,0.94,"",0,0.0,7,9.7,756724,21.2,400045,15.7,-7214,-12.0,90,9.4,4721,9.5
"27169","5","238","75","0","2025","A","",84,504,31414423,20846588,600576,1198,62320,"",1.37,0.63,0.72,0.71,1.98,1.14,1.15,"",-2,-2.3,26,5.4,3440006,12.3,2119676,11.3,89358,17.5,72,6.4,3765,6.4
"27171","5","238","75","0","2025","A","",478,2674,197151454,121473408,3752437,1418,73743,"",2.44,1.62,2.08,1.80,2.84,1.28,1.28,"",-2,-0.4,51,1.9,12427874,6.7,5788960,5.0,110168,3.0,64,4.7,3312,4.7
"27173","5","238","75","0","2025","A","N",16,0,0,0,0,0,0,"N",0.86,0,0,0,0,0,0,"N",0,0.0,0,0,0,0,0,0,0,0,0,0,0,0
"27999","5","238","75","0","2025","A","",999,2041,183093616,103198447,4036361,1725,89715,"",0.46,0.61,0.41,0.45,1.18,0.67,0.67,"N",11,1.1,0,0,0,0,0,0,0,0,0,0,0,0
"28000","3","238","55","0","2025","A","",2,6,467766,98000,980,1542,80188,"",3.60,0.79,1.40,22.14,58.86,1.83,1.83,"",0,0.0,0,0.0,64231,15.9,13783,16.4,138,16.4,249,19.3,12932,19.2
"28000","5","238","55","0","2025","A","",4260,30544,2014604775,588304733,3106259,1268,65956,"",0.96,0.78,0.96,0.81,0.77,1.24,1.24,"",106,2.6,2031,7.1,242851355,13.7,41811108,7.7,-201639,-6.1,73,6.1,3818,6.1
"28001","5","238","75","0","2025","A","",26,160,8796952,2568060,8884,1056,54895,"",0.69,0.48,0.60,0.38,0.21,1.24,1.24,"",0,0.0,-8,-4.8,190230,2.2,-141937,-5.2,991,12.6,73,7.4,3766,7.4
"28003","5","238","75","0","2025","A","",28,244,16388169,3908066,1446,1293,67234,"",0.69,0.55,0.76,0.46,0.05,1.39,1.40,"",-2,-6.7,-8,-3.2,922460,6.0,-106835,-2.7,-5571,-79.4,111,9.4,5781,9.4
"28005","5","238","75","0","2025","A","",15,47,1997925,748929,2449,823,42813,"",1.47,0.67,0.62,0.57,0.29,0.93,0.93,"",1,7.1,2,4.4,34561,1.8,-2874,-0.4,-2931,-54.5,-8,-1.0,-417,-1.0
"28007","5","238","75","0","2025","A","",16,235,16418498,3835834,6350,1342,69767,"",0.79,1.53,2.37,1.52,0.57,1.55,1.55,"",1,6.7,43,22.4,4272693,35.2,709622,22.7,2418,61.5,128,10.5,6645,10.5
"28009","5","238","75","0","2025","A","N",3,0,0,0,0,0,0,"N",0.65,0,0,0,0,0,0,"N",0,0.0,0,0,0,0,0,0,0,0,0,0,0,0
"28011","5","238","75","0","2025","A","",22,160,8548779,2655591,4104,1030,53541,"",0.53,0.46,0.55,0.41,0.09,1.20,1.20,"",0,0.0,2,1.3,570575,7.2,-121785,-4.4,-5311,-56.4,57,5.9,2939,5.8
"28013","5","238","75","0","2025","A","N",4,0,0,0,0,0,0,"N",0.31,0,0,0,0,0,0,"N",-1,-20.0,0,0,0,0,0,0,0,0,0,0,0,0
"28015","5","238","75","0","2025","A","",14,49,1994154,820104,594,780,40559,"",2.20,1.43,1.42,1.48,0.21,0.99,0.99,"",-1,-6.7,-3,-5.8,-78593,-3.8,-26596,-3.1,531,842.9,12,1.6,634,1.6
"28017","5","238","75","0","2025","A","",13,107,5383714,2705936,12356,965,50159,"",0.72,0.74,0.94,1.11,1.08,1.27,1.27,"",-1,-7.1,-32,-23.0,-1011598,-15.8,240886,9.8,10474,556.5,78,8.8,4011,8.7
"28019","5","238","75","0","2025","A","",10,24,1073200,587177,3019,860,44717,"",1.34,0.32,0.26,0.49,0.65,0.81,0.81,"",0,0.0,-20,-45.5,-2654815,-71.2,-1728525,-74.6,-20325,-87.1,-757,-46.8,-39374,-46.8
"28021","5","238","75","0","2025","A","N",1,0,0,0,0,0,0,"N",0.15,0,0,0,0,0,0,"N",0,0.0,0,0,0,0,0,0,0,0,0,0,0,0
"28023","5","238","75","0","2025","A","",7,34,1591076,493095,1823,898,46682,"",0.57,0.36,0.38,0.34,0.21,1.06,1.06,"",0,0.0,-1,-2.9,-33524,-2.1,-32367,-6.2,-81,-4.3,1,0.1,43,0.1
"28025","5","238","75","0","2025","A","",23,111,5062773,1835971,6166,879,45714,"",1.17,0.51,0.48,0.46,0.25,0.95,0.95,"",1,4.5,-125,-53.0,-6981252,-58.0,-2094630,-53.3,-4369,-41.5,-102,-10.4,-5320,-10.4
"28027","5","238","75","0","2025","A","",16,73,4182452,1228888,4673,1099,57163,"",0.56,0.36,0.45,0.34,0.13,1.26,1.26,"",0,0.0,1,1.4,384874,10.1,-29332,-2.3,-10864,-69.9,78,7.6,4050,7.6
"28029","3","238","75","0","2025","A","",1,0,0,0,0,0,0,"",338.90,0.00,0.00,0.00,0.00,0.00,0.00,"",0,0.0,0,0.0,0,0.0,0,0.0,0,0.0,0,0.0,0,0.0
"28029","5","238","75","0","2025","A","",25,169,10489523,3663258,10770,1192,61977,"",1.06,0.79,1.12,0.95,0.58,1.43,1.43,"",1,4.2,-6,-3.4,320072,3.1,-222723,-5.7,739,7.4,73,6.5,3783,6.5
"28031","5","238","75","0","2025","A","",22,41,1557930,572784,1619,732,38076,"",1.15,0.22,0.18,0.17,0.15,0.84,0.84,"",1,4.8,-2,-4.7,-204933,-11.6,-241655,-29.7,-9188,-85.0,-64,-8.0,-3322,-8.0
"28033","5","238","75","0","2025","A","",204,1895,131151038,34043339,66299,1331,69197,"",1.07,0.77,1.12,0.67,0.27,1.44,1.44,"",14,7.4,192,11.3,22199660,20.4,3518211,11.5,-1368,-2.0,101,8.2,5224,8.2
"28035","5","238","75","0","2025","A","",84,956,62404255,17613779,49469,1255,65276,"",0.84,0.73,0.88,0.85,0.44,1.20,1.20,"",-1,-1.2,121,14.5,12927778,26.1,2989635,20.4,-6084,-11.0,116,10.2,6029,10.2
"28037","5","238","75","0","2025","A","",4,11,571157,154175,0,999,51923,"",0.61,0.21,0.22,0.21,0.00,1.05,1.05,"",0,0.0,1,10.0,114415,25.1,-6783,-4.2,0,0.0,98,10.9,5078,10.8
"28039","5","238","75","0","2025","A","",24,150,10716963,3274318,15079,1370,71249,"",1.18,0.84,1.30,1.04,0.67,1.54,1.55,"",2,9.1,-8,-5.1,140227,1.3,-241779,-6.9,-4726,-23.9,82,6.4,4272,6.4
"28041","5","238","75","0","2025","A","",6,60,4923083,1160263,11432,1591,82741,"",0.78,0.90,1.65,1.22,1.94,1.84,1.84,"",0,0.0,-6,-9.1,-65540,-1.3,-43403,-3.6,-3477,-23.3,132,9.0,6868,9.1
"28043","5","238","75","0","2025","A","",27,173,9613195,3084237,6918,1068,55514,"",0.93,0.53,0.64,0.49,0.18,1.20,1.20,"",0,0.0,11,6.8,1001253,11.6,48316,1.6,-17321,-71.5,43,4.2,2189,4.1
"28045","5","238","75","0","2025","A","",49,425,30828414,9432776,109662,1395,72537,"",0.92,0.88,1.03,1.15,2.21,1.17,1.17,"",1,2.1,-81,-16.0,-2318686,-7.0,-1412141,-13.0,13013,13.5,136,10.8,7094,10.8
"28047","5","238","75","0","2025","A","",268,2165,125532502,38830375,168659,1115,57994,"",1.05,0.72,0.82,0.73,0.70,1.14,1.14,"",0,0.0,192,9.7,15761613,14.4,3243954,9.1,-9049,-5.1,45,4.2,2346,4.2
"28049","5","238","75","0","2025","A","",235,2351,148706231,40607659,126194,1216,63250,"",0.84,0.64,0.66,0.78,0.47,1.03,1.03,"",3,1.3,28,1.2,-6071702,-3.9,318386,0.8,-37543,-22.9,-65,-5.1,-3374,-5.1
"28051","5","238","75","0","2025","A","",5,18,1021517,376012,2455,1107,57550,"",0.36,0.18,0.23,0.29,0.16,1.29,1.29,"",1,25.0,8,80.0,548848,116.1,184006,95.8,1684,218.4,206,22.9,10674,22.8
"28053","5","238","75","0","2025","A","N",6,0,0,0,0,0,0,"N",0.68,0,0,0,0,0,0,"N",0,0.0,0,0,0,0,0,0,0,0,0,0,0,0
"28057","5","238","75","0","2025","A","",19,323,20108944,4963389,3578,1196,62209,"",0.96,1.61,2.26,1.39,0.31,1.40,1.40,"",-1,-5.0,-9,-2.7,1439964,7.7,152945,3.2,-4598,-56.2,115,10.6,5977,10.6
"28059","5","238","75","0","2025","A","",154,1623,105519798,34815846,248384,1250,65025,"",1.11,0.97,1.02,1.10,1.63,1.05,1.05,"",2,1.3,-431,-21.0,-35006028,-24.9,-9615049,-21.6,-81651,-24.7,-66,-5.0,-3385,-4.9
"28061","5","238","75","0","2025","A","",11,78,3835473,1356226,2388,943,49016,"",0.93,0.59,0.59,0.54,0.21,0.99,0.99,"",2,22.2,10,14.7,461201,13.7,347341,34.4,985,70.2,-14,-1.5,-728,-1.5
"28063","5","238","75","0","2025","A","N",1,0,0,0,0,0,0,"N",0.27,0,0,0,0,0,0,"N",0,0.0,0,0,0,0,0,0,0,0,0,0,0,0
"28065","5","238","75","0","2025","A","N",10,0,0,0,0,0,0,"N",1.32,0,0,0,0,0,0,"N",1,11.1,0,0,0,0,0,0,0,0,0,0,0,0
"28067","5","238","75","0","2025","A","",78,562,30490106,10778251,28412,1044,54277,"",1.11,0.59,0.59,0.60,0.47,1.00,1.00,"",0,0.0,42,8.1,2656176,9.5,1919684,21.7,-2673,-8.6,14,1.4,733,1.4
"28069","5","238","75","0","2025","A","N",5,0,0,0,0,0,0,"N",0.77,0,0,0,0,0,0,"N",0,0.0,0,0,0,0,0,0,0,0,0,0,0,0
"28071","5","238","75","0","2025","A","",61,337,21124527,6178547,22285,1204,62622,"",0.79,0.39,0.46,0.48,0.35,1.18,1.19,"",1,1.7,17,5.3,4390053,26.2,-201536,-3.2,-15327,-40.8,200,19.9,10408,19.9
"28073","5","238","75","0","2025","A","",86,394,20642739,6580846,14962,1007,52348,"",1.10,0.56,0.66,0.46,0.26,1.17,1.17,"",3,3.6,-15,-3.7,-119771,-0.6,-398864,-5.7,-8527,-36.3,31,3.2,1594,3.1
"28075","5","238","75","0","2025","A","",77,700,39310147,12135984,62241,1079,56131,"",0.84,0.68,0.76,0.70,0.57,1.12,1.12,"",-3,-3.8,76,12.2,5154173,15.1,1593776,15.1,18384,41.9,26,2.5,1387,2.5
"28077","5","238","75","0","2025","A","N",6,0,0,0,0,0,0,"N",0.59,0,0,0,0,0,0,"N",-1,-14.3,0,0,0,0,0,0,0,0,0,0,0,0
"28079","5","238","75","0","2025","A","N",16,0,0,0,0,0,0,"N",0.93,0,0,0,0,0,0,"N",2,14.3,0,0,0,0,0,0,0,0,0,0,0,0
"28081","5","238","75","0","2025","A","",97,909,49692801,15431711,45230,1051,54663,"",0.74,0.52,0.53,0.48,0.31,1.02,1.02,"",1,1.0,31,3.5,4892395,10.9,561260,3.8,-21604,-32.3,69,7.0,3618,7.1
"28083","5","238","75","0","2025","A","",27,358,22370512,6610807,58624,1202,62487,"",0.68,0.89,1.24,0.91,1.15,1.40,1.40,"",1,3.8,18,5.3,177214,0.8,252932,4.0,6543,12.6,-52,-4.1,-2708,-4.2
"28085","5","238","75","0","2025","A","",42,266,13655361,4811252,5044,989,51416,"",1.01,0.63,0.71,0.58,0.18,1.12,1.12,"",0,0.0,16,6.4,1446196,11.8,259734,5.7,-269,-5.1,48,5.1,2481,5.1
"28087","5","238","75","0","2025","A","",88,1212,86593830,27295564,490144,1374,71442,"",1.16,1.39,1.67,1.59,4.42,1.20,1.20,"",4,4.8,26,2.2,-2219975,-2.5,-3197820,-10.5,-205684,-29.6,-67,-4.6,-3475,-4.6
"28089","5","238","75","0","2025","A","",196,1494,111193412,28849633,90767,1431,74410,"",0.98,0.75,0.97,0.66,0.41,1.29,1.29,"",13,7.1,133,9.8,20825395,23.0,4791620,19.9,-4547,-4.8,154,12.1,8028,12.1
"28091","5","238","75","0","2025","A","",35,364,28540766,6686544,5908,1509,78445,"",1.19,1.30,2.10,1.27,0.32,1.61,1.61,"",-1,-2.8,-7,-1.9,3447291,13.7,-394081,-5.6,-5960,-50.2,209,16.1,10823,16.0
"28093","5","238","75","0","2025","A","",50,383,25818909,8549192,47207,1295,67354,"",1.74,0.98,1.32,1.02,0.98,1.35,1.35,"",7,16.3,95,33.0,9165420,55.0,3698079,76.2,35068,288.9,181,16.2,9429,16.3
"28095","5","238","75","0","2025","A","",40,437,26687055,7641228,15941,1174,61034,"",1.24,1.44,1.64,1.40,0.62,1.14,1.14,"",2,5.3,49,12.6,4983477,23.0,785546,11.5,-2896,-15.4,98,9.1,5097,9.1
"28097","5","238","75","0","2025","A","",8,90,4941038,1516944,1800,1053,54748,"",0.71,1.11,1.39,1.09,0.26,1.25,1.25,"",0,0.0,5,5.9,393281,8.6,99342,7.0,-4798,-72.7,23,2.2,1192,2.2
"28099","5","238","75","0","2025","A","",23,516,44368778,9337725,18877,1653,85944,"",0.80,1.21,2.02,1.08,0.65,1.67,1.67,"N",-2,-8.0,0,0,0,0,0,0,0,0,0,0,0,0
"28101","5","238","75","0","2025","A","",20,99,4968637,1893047,2890,961,49978,"",1.09,0.58,0.68,0.73,0.25,1.17,1.17,"",2,11.1,-17,-14.7,-562844,-10.2,-215780,-10.2,-10364,-78.2,42,4.6,2190,4.6
"28103","5","238","75","0","2025","A","N",15,0,0,0,0,0,0,"N",1.31,0,0,0,0,0,0,"N",1,7.1,0,0,0,0,0,0,0,0,0,0,0,0
"28105","5","238","75","0","2025","A","",40,300,15617187,5503479,114357,1000,51985,"",0.75,0.44,0.46,0.62,1.96,1.06,1.06,"",0,0.0,39,14.9,1995783,14.7,915052,19.9,94749,483.2,-5,-0.5,-288,-0.6
"28107","5","238","75","0","2025","A","",28,299,18528602,4781418,5791,1191,61934,"",0.85,0.83,1.12,0.72,0.18,1.35,1.35,"",2,7.7,3,1.0,2980074,19.2,81673,1.7,-4002,-40.9,179,17.7,9316,17.7
"28109","5","238","75","0","2025","A","",64,284,17598075,5195802,11191,1190,61874,"",1.26,0.72,1.05,0.80,0.45,1.45,1.45,"",5,8.5,16,6.0,2235742,14.6,480818,10.2,-2972,-21.0,87,7.9,4498,7.8
"28111","5","238","75","0","2025","A","N",3,0,0,0,0,0,0,"N",0.34,0,0,0,0,0,0,"N",0,0.0,0,0,0,0,0,0,0,0,0,0,0,0
"28113","5","238","75","0","2025","A","",46,154,6407888,2481081,4448,799,41542,"",0.91,0.31,0.30,0.29,0.13,0.95,0.95,"",0,0.0,-12,-7.2,-644358,-9.1,-349545,-12.3,-6540,-59.5,-16,-2.0,-814,-1.9
"28115","5","238","75","0","2025","A","",27,160,7741715,2823666,9469,931,48411,"",0.98,0.42,0.47,0.36,0.25,1.12,1.12,"",1,3.8,10,6.7,613011,8.6,68169,2.5,13,0.1,17,1.9,860,1.8
"28117","5","238","75","0","2025","A","",40,167,8392210,3006258,5909,968,50328,"",1.48,0.70,0.81,0.73,0.33,1.16,1.16,"",2,5.3,-6,-3.5,-409113,-4.6,-100894,-3.2,-2102,-26.2,-11,-1.1,-596,-1.2
"28119","5","238","75","0","2025","A","N",1,0,0,0,0,0,0,"N",0.14,0,0,0,0,0,0,"N",0,0.0,0,0,0,0,0,0,0,0,0,0,0,0
"28121","5","238","75","0","2025","A","",352,2852,187191820,51865791,140312,1262,65647,"",1.53,1.26,1.52,1.14,0.78,1.20,1.20,"",10,2.9,273,10.6,24898057,15.3,-729474,-1.4,-103302,-42.4,52,4.3,2728,4.3
"28123","5","238","75","0","2025","A","",25,100,6010102,1657921,1792,1157,60151,"",0.96,0.22,0.27,0.16,0.02,1.25,1.25,"",0,0.0,-63,-38.7,-4211280,-41.2,-1133788,-40.6,-7378,-80.5,-51,-4.2,-2653,-4.2
"28125","5","238","75","0","2025","A","N",1,0,0,0,0,0,0,"N",0.15,0,0,0,0,0,0,"N",0,0.0,0,0,0,0,0,0,0,0,0,0,0,0
"28127","5","238","75","0","2025","A","",37,377,23905291,7605142,23925,1218,63353,"",1.47,1.59,2.59,2.07,1.67,1.63,1.63,"",1,2.8,-23,-5.8,-1534448,-6.0,-1406416,-15.6,-407,-1.7,-5,-0.4,-260,-0.4
"28129","5","238","75","0","2025","A","",12,25,601744,336848,0,463,24070,"",1.25,0.28,0.13,0.21,0.00,0.49,0.49,"",0,0.0,3,13.6,-47864,-7.4,-18001,-5.1,-1533,-100.0,-111,-19.3,-5797,-19.4
"28131","5","238","75","0","2025","A","",13,128,6701968,2219954,6030,1007,52359,"",0.79,0.76,0.90,0.81,0.32,1.19,1.19,"",-1,-7.1,-1,-0.8,190967,2.9,-90968,-3.9,-7376,-55.0,39,4.0,2016,4.0
"28133","5","238","75","0","2025","A","",19,172,10328504,3695543,36692,1156,60137,"",0.72,0.64,0.90,0.88,1.15,1.41,1.42,"",-1,-5.0,91,112.3,5171386,100.3,1668337,82.3,17892,95.2,-71,-5.8,-3662,-5.7
"28135","5","238","75","0","2025","A","N",4,0,0,0,0,0,0,"N",0.37,0,0,0,0,0,0,"N",0,0.0,0,0,0,0,0,0,0,0,0,0,0,0
"28137","5","238","75","0","2025","A","",28,131,7593714,2347005,7559,1118,58152,"",1.25,0.59,0.76,0.64,0.34,1.29,1.29,"",2,7.7,7,5.6,837923,12.4,17638,0.8,-836,-10.0,74,7.1,3889,7.2
"28139","5","238","75","0","2025","A","",18,125,7492210,2132952,5455,1153,59978,"",0.94,0.52,0.68,0.45,0.22,1.31,1.31,"N",0,0.0,0,0,0,0,0,0,0,0,0,0,0,0
"28141","5","238","75","0","2025","A","",18,96,5212539,1666548,6695,1040,54063,"",0.76,0.45,0.51,0.40,0.33,1.13,1.13,"",1,5.9,-5,-5.0,445805,9.4,-84549,-4.8,80,1.2,132,14.5,6868,14.6
"28143","5","238","75","0","2025","A","",6,62,5366498,1169502,6126,1676,87142,"",0.46,0.34,0.69,0.40,0.32,2.04,2.04,"N",0,0.0,0,0,0,0,0,0,0,0,0,0,0,0
"28145","5","238","75","0","2025","A","",31,121,6282470,2219576,4195,1001,52029,"",1.06,0.30,0.28,0.26,0.14,0.94,0.94,"",3,10.7,3,2.5,800925,14.6,240340,12.1,-2786,-39.9,104,11.6,5378,11.5
"28147","5","238","75","0","2025","A","N",10,0,0,0,0,0,0,"N",0.93,0,0,0,0,0,0,"N",-1,-9.1,0,0,0,0,0,0,0,0,0,0,0,0
"28149","3","238","75","0","2025","A","",1,6,467766,98000,980,1542,80188,"",151.84,50.05,80.95,1479.83,4143.03,1.66,1.66,"",0,0.0,0,0.0,64231,15.9,13783,16.4,138,16.4,249,19.3,12932,19.2
"28149","5","238","75","0","2025","A","",45,249,14722367,4368938,16858,1139,59225,"",0.85,0.40,0.41,0.40,0.30,1.01,1.01,"",1,2.3,48,23.9,3570423,32.0,761942,21.1,-76,-0.4,71,6.6,3697,6.7
"28151","5","238","75","0","2025","A","",50,217,10859261,3839189,13880,962,50004,"",0.86,0.45,0.49,0.44,0.21,1.10,1.09,"",1,2.0,-8,-3.6,740787,7.3,422653,12.4,-3290,-19.2,97,11.2,5000,11.1
"28153","5","238","75","0","2025","A","N",11,0,0,0,0,0,0,"N",0.58,0,0,0,0,0,0,"N",1,10.0,0,0,0,0,0,0,0,0,0,0,0,0
"28155","5","238","75","0","2025","A","N",14,0,0,0,0,0,0,"N",1.40,0,0,0,0,0,0,"N",1,7.7,0,0,0,0,0,0,0,0,0,0,0,0
"28157","5","238","75","0","2025","A","N",4,0,0,0,0,0,0,"N",0.67,0,0,0,0,0,0,"N",0,0.0,0,0,0,0,0,0,0,0,0,0,0,0
"28159","5","238","75","0","2025","A","",18,90,4463107,1480681,4128,953,49544,"",1.00,0.53,0.51,0.47,0.31,0.98,0.97,"",1,5.9,6,7.1,440370,10.9,55317,3.9,-3940,-48.8,33,3.6,1702,3.6
"28161","5","238","75","0","2025","A","",9,44,2148884,686704,76,941,48931,"",0.89,0.50,0.56,0.46,0.01,1.12,1.12,"",0,0.0,-2,-4.3,92997,4.5,25254,3.8,-56,-42.4,91,10.7,4718,10.7
"28163","5","238","75","0","2025","A","",12,185,12696254,4189903,5413,1320,68659,"",0.54,0.89,1.11,1.36,0.31,1.25,1.25,"",-2,-14.3,-11,-5.6,-167768,-1.3,131943,3.3,-137,-2.5,55,4.3,2886,4.4
"28999","5","238","75","0","2025","A","",952,3034,251273484,73605639,740808,1592,82806,"",0.90,1.41,1.54,1.23,1.20,1.09,1.09,"",27,2.9,601,24.7,68902152,37.8,20329696,38.2,211785,40.0,151,10.5,7856,10.5
"29000","5","238","55","0","2025","A","",11174,95945,7454513198,1270745143,23892870,1494,77696,"",0.90,0.99,1.16,0.96,1.11,1.17,1.17,"",365,3.4,1366,1.4,423438119,6.0,-27232329,-2.1,-2337669,-8.9,64,4.5,3355,4.5
"29001","5","238","75","0","2025","A","",24,107,5139522,1219365,17510,923,47996,"",0.58,0.34,0.36,0.37,0.43,1.04,1.04,"",0,0.0,5,4.9,-16972,-0.3,-114252,-8.6,-757,-4.1,-49,-5.0,-2558,-5.1
"29003","5","238","75","0","2025","A","",30,104,4522373,1341764,28450,839,43624,"",1.25,1.09,1.13,1.13,1.24,1.04,1.04,"",-1,-3.2,-4,-3.7,-388951,-7.9,32153,2.5,-1266,-4.3,-33,-3.8,-1711,-3.8
"29005","5","238","75","0","2025","A","",9,20,975340,243179,6629,930,48364,"",0.80,0.35,0.36,0.37,0.91,1.03,1.03,"",0,0.0,-1,-4.8,-52838,-5.1,-22879,-8.6,-1291,-16.3,3,0.3,168,0.3
"29007","5","238","75","0","2025","A","",38,211,12494251,2580151,36980,1141,59308,"",1.21,0.80,0.94,0.77,0.95,1.18,1.18,"",2,5.6,0,0.0,942528,8.2,-168352,-6.1,-2125,-5.4,87,8.3,4496,8.2
"29009","5","238","75","0","2025","A","",62,175,6931215,2345635,35123,761,39569,"",1.28,0.40,0.33,0.38,0.39,0.82,0.82,"",4,6.9,-8,-4.4,-186865,-2.6,-420847,-15.2,-10013,-22.2,12,1.6,601,1.5
"29011","5","238","75","0","2025","A","",17,144,7991713,1668920,20034,1066,55434,"",1.00,1.23,1.50,1.10,1.07,1.22,1.22,"",-3,-15.0,-12,-7.7,358078,4.7,-169184,-9.2,-4717,-19.1,124,13.2,6448,13.2
"29013","5","238","75","0","2025","A","",33,178,8985619,2141931,30078,969,50410,"",1.39,1.42,1.61,1.48,1.38,1.13,1.13,"",1,3.1,30,20.3,943923,11.7,57871,2.8,-207,-0.7,-78,-7.4,-4018,-7.4
"29015","5","238","75","0","2025","A","",43,151,8291437,2059957,39269,1053,54759,"",1.55,1.18,1.62,1.35,1.44,1.37,1.37,"",-1,-2.3,-4,-2.6,225006,2.8,-74965,-3.5,-5579,-12.4,54,5.4,2801,5.4
"29017","5","238","75","0","2025","A","",19,48,3209063,624997,9000,1286,66855,"",1.54,0.80,1.22,0.83,0.85,1.53,1.53,"",1,5.6,-12,-20.0,-339078,-9.6,-131889,-17.4,-3619,-28.7,144,12.6,7472,12.6
"29019","5","238","75","0","2025","A","",332,2224,140529251,27532985,382068,1215,63185,"",1.29,0.66,0.67,0.75,0.66,1.01,1.01,"",2,0.6,12,0.5,7051112,5.3,-1799833,-6.1,-94993,-19.9,55,4.7,2845,4.7
"29021","5","238","75","0","2025","A","",123,1388,126835775,19316443,376734,1757,91358,"",0.92,0.90,1.32,0.93,1.45,1.47,1.47,"",3,2.5,148,11.9,24437200,23.9,2037889,11.8,20146,5.6,168,10.6,8745,10.6
"29023","5","238","75","0","2025","A","",43,206,9693775,2452476,39704,904,47019,"",0.56,0.34,0.33,0.30,0.29,0.96,0.96,"",-1,-2.3,13,6.7,761297,8.5,17401,0.7,834,2.1,14,1.6,757,1.6
"29025","5","238","75","0","2025","A","N",16,0,0,0,0,0,0,"N",1.36,0,0,0,0,0,0,"N",0,0.0,0,0,0,0,0,0,0,0,0,0,0,0
"29027","5","238","75","0","2025","A","",83,493,35940388,6477949,144042,1402,72914,"",1.75,1.00,1.19,0.97,1.61,1.19,1.19,"",7,9.2,75,17.9,8381744,30.4,681328,11.8,4156,3.0,134,10.6,6984,10.6
"29029","5","238","75","0","2025","A","",150,804,62940499,10366525,224720,1505,78244,"",1.73,1.35,2.19,1.20,1.31,1.62,1.62,"",3,2.0,5,0.6,1438028,2.3,-585890,-5.3,-3209,-1.4,25,1.7,1310,1.7
"29031","5","238","75","0","2025","A","",123,1094,71109135,13404451,212621,1250,64974,"",0.87,0.79,0.94,0.79,0.96,1.20,1.20,"",3,2.5,20,1.9,4286389,6.4,-94740,-0.7,-3448,-1.6,53,4.4,2755,4.4
"29033","5","238","75","0","2025","A","",16,77,5482942,1031248,13799,1363,70900,"",1.02,0.87,1.35,0.95,0.80,1.55,1.55,"",0,0.0,4,5.5,566080,11.5,60953,6.3,-1720,-11.1,74,5.7,3852,5.7
"29035","5","238","75","0","2025","A","N",5,0,0,0,0,0,0,"N",0.40,0,0,0,0,0,0,"N",2,66.7,0,0,0,0,0,0,0,0,0,0,0,0
"29037","5","238","75","0","2025","A","",290,1623,114194741,22049310,403456,1353,70349,"",2.20,1.54,2.16,1.37,1.38,1.40,1.40,"",0,0.0,7,0.4,7577014,7.1,-653444,-2.9,-20853,-4.9,84,6.6,4386,6.6
"29039","5","238","75","0","2025","A","",27,96,5243982,1238022,21928,1056,54911,"",1.35,0.80,1.06,0.97,1.13,1.32,1.32,"",2,8.0,9,10.3,883649,20.3,100744,8.9,1483,7.3,90,9.3,4696,9.4
"29041","5","238","75","0","2025","A","",11,40,1852829,486472,11627,889,46224,"",0.85,0.66,0.68,0.67,1.41,1.03,1.03,"",0,0.0,0,0.0,119341,6.9,1072,0.2,127,1.1,59,7.1,3067,7.1
"29043","5","238","75","0","2025","A","",246,1635,96767619,21801410,332973,1138,59179,"",2.02,2.34,3.00,2.20,1.98,1.28,1.28,"",12,5.1,-4,-0.2,3359260,3.6,-970839,-4.3,-10463,-3.0,42,3.8,2197,3.9
"29045","5","238","75","0","2025","A","",4,14,841549,201415,6024,1170,60835,"",0.46,0.30,0.48,0.38,0.87,1.61,1.61,"N",0,0.0,0,0,0,0,0,0,0,0,0,0,0,0
"29047","5","238","75","0","2025","A","",381,3500,258141200,45930549,676714,1418,73760,"",1.13,0.94,1.07,0.85,0.60,1.14,1.14,"",7,1.9,177,5.3,14157961,5.8,351721,0.8,-27583,-3.9,6,0.4,334,0.5
"29049","5","238","75","0","2025","A","",51,223,12307246,3026699,46029,1063,55251,"",2.07,1.35,1.51,1.75,1.60,1.12,1.11,"",1,2.0,-1,-0.4,368688,3.1,-373183,-11.0,-5487,-10.7,37,3.6,1914,3.6
"29051","5","238","75","0","2025","A","",189,2285,171340559,29619756,586943,1442,74999,"",1.40,1.25,1.58,1.62,1.99,1.26,1.26,"",-1,-0.5,206,9.9,25005048,17.1,2465633,9.1,28809,5.2,89,6.6,4626,6.6
"29053","5","238","75","0","2025","A","",37,190,11829087,2315252,29718,1195,62149,"",1.52,1.12,1.56,1.08,0.95,1.40,1.40,"",2,5.7,-28,-12.8,-288803,-2.4,-373856,-13.9,-11437,-27.8,125,11.7,6499,11.7
"29055","5","238","75","0","2025","A","",36,144,7530800,1969356,46183,1003,52146,"",1.05,0.63,0.66,0.63,0.99,1.04,1.04,"",-2,-5.3,-27,-15.8,-1505796,-16.7,-460168,-18.9,-15364,-25.0,-11,-1.1,-597,-1.1
"29057","5","238","75","0","2025","A","",12,47,2525409,600053,14631,1024,53260,"",1.29,0.83,1.08,0.83,1.83,1.29,1.29,"",0,0.0,-8,-14.5,-415755,-14.1,-142875,-19.2,-4449,-23.3,-8,-0.8,-378,-0.7
"29059","5","238","75","0","2025","A","",31,88,4001001,1351567,25413,873,45380,"",1.38,0.92,1.11,1.09,1.13,1.20,1.20,"",3,10.7,21,31.3,1229636,44.4,241685,21.8,4499,21.5,76,9.5,3913,9.4
"29061","5","238","75","0","2025","A","N",24,0,0,0,0,0,0,"N",1.70,0,0,0,0,0,0,"N",2,9.1,0,0,0,0,0,0,0,0,0,0,0,0
"29063","5","238","75","0","2025","A","",16,44,1927223,620521,14249,849,44135,"",1.18,0.55,0.51,0.56,1.16,0.94,0.94,"",-1,-5.9,-8,-15.4,-293317,-13.2,-121727,-16.4,-7580,-34.7,34,4.2,1772,4.2
"29065","5","238","75","0","2025","A","",22,96,4050499,1206718,16570,807,41974,"",0.80,0.78,0.74,0.78,0.75,0.94,0.94,"",0,0.0,11,12.9,498002,14.0,60845,5.3,509,3.2,1,0.1,57,0.1
"29067","5","238","75","0","2025","A","",18,81,3596569,1055990,21507,855,44448,"",1.27,0.98,1.10,0.95,0.55,1.11,1.11,"",2,12.5,0,0.0,663135,22.6,-238189,-18.4,-7673,-26.3,162,23.4,8418,23.4
"29069","5","238","75","0","2025","A","",12,68,6658462,788595,4198,1872,97322,"",0.14,0.23,0.58,0.19,0.06,2.56,2.56,"",1,9.1,-2,-2.9,-7328726,-52.4,-142372,-15.3,-619,-12.9,-1971,-51.3,-102495,-51.3
"29071","5","238","75","0","2025","A","",279,1849,114604694,23554983,347334,1192,61971,"",1.83,1.39,1.61,1.24,1.37,1.15,1.15,"",12,4.5,-36,-1.9,847471,0.7,-1678381,-6.7,-64511,-15.7,32,2.8,1636,2.7
"29073","5","238","75","0","2025","A","",26,125,6075912,1579219,19398,932,48478,"",0.97,0.74,0.87,0.70,0.75,1.17,1.17,"",1,4.0,7,5.9,673145,12.5,141812,9.9,2506,14.8,54,6.2,2821,6.2
"29075","5","238","75","0","2025","A","N",11,0,0,0,0,0,0,"N",0.93,0,0,0,0,0,0,"N",0,0.0,0,0,0,0,0,0,0,0,0,0,0,0
"29077","5","238","75","0","2025","A","",527,5256,346766549,67295462,937153,1269,65976,"",0.94,0.88,0.99,0.86,0.89,1.13,1.13,"",18,3.5,-3,-0.1,12565282,3.8,-995408,-1.5,-72828,-7.2,47,3.8,2431,3.8
"29079","5","238","75","0","2025","A","",9,18,898320,220782,1458,960,49907,"",0.63,0.19,0.22,0.26,0.13,1.16,1.16,"",1,12.5,2,12.5,9691,1.1,9208,4.4,212,17.0,-97,-9.2,-5060,-9.2
"29081","5","238","75","0","2025","A","",9,21,907389,252076,6253,828,43038,"",0.65,0.25,0.25,0.25,0.62,1.01,1.01,"",0,0.0,1,5.0,-64555,-6.6,-18206,-6.7,-754,-10.8,-84,-9.2,-4374,-9.2
"29083","5","238","75","0","2025","A","",32,175,9451653,2437807,38073,1036,53881,"",0.91,0.63,0.67,0.81,0.90,1.06,1.06,"",-2,-5.9,5,2.9,-42597,-0.4,-18036,-0.7,-799,-2.1,-41,-3.8,-2132,-3.8
"29085","5","238","75","0","2025","A","",15,28,1241293,341826,5720,855,44464,"",1.45,0.54,0.64,0.69,0.71,1.18,1.18,"",1,7.1,2,7.7,73927,6.3,3272,1.0,1225,27.3,-8,-0.9,-435,-1.0
"29087","5","238","75","0","2025","A","N",7,0,0,0,0,0,0,"N",0.80,0,0,0,0,0,0,"N",-1,-12.5,0,0,0,0,0,0,0,0,0,0,0,0
"29089","5","238","75","0","2025","A","",14,30,1588093,420628,5584,1010,52499,"",1.19,0.36,0.43,0.46,0.68,1.18,1.18,"N",2,16.7,0,0,0,0,0,0,0,0,0,0,0,0
"29091","5","238","75","0","2025","A","",50,252,11532333,3189995,38796,881,45794,"",0.70,0.49,0.48,0.52,0.47,0.98,0.98,"",-1,-2.0,-7,-2.7,69089,0.6,-102799,-3.1,-3968,-9.3,31,3.6,1605,3.6
"29093","5","238","75","0","2025","A","",6,70,3251382,948661,16624,891,46338,"",0.21,0.61,0.57,0.63,0.92,0.92,0.92,"",0,0.0,22,45.8,1501716,85.8,341894,56.3,7655,85.3,189,26.9,9823,26.9
"29095","5","238","75","0","2025","A","",1101,14997,1332586947,203350100,4331913,1709,88854,"",0.86,1.20,1.43,1.20,1.59,1.19,1.19,"",20,1.9,361,2.5,97059542,7.9,-6085347,-2.9,-587666,-11.9,86,5.3,4436,5.3
"29097","5","238","75","0","2025","A","",155,1635,126376893,21124274,269704,1487,77303,"",0.89,0.86,1.27,0.77,0.79,1.48,1.48,"",7,4.7,75,4.8,11454768,10.0,-293861,-1.4,-31526,-10.5,70,4.9,3627,4.9
"29099","5","238","75","0","2025","A","",460,3075,225843369,39781947,778621,1412,73435,"",1.99,1.85,2.60,1.82,2.36,1.40,1.40,"",6,1.3,68,2.3,19485618,9.4,553974,1.4,-30270,-3.7,92,7.0,4815,7.0
"29101","5","238","75","0","2025","A","",99,462,28696157,5606880,72537,1194,62090,"",1.52,0.84,1.08,1.00,0.82,1.28,1.28,"",9,10.0,60,14.9,6161046,27.3,514180,10.1,8789,13.8,116,10.8,6021,10.7
"29103","5","238","75","0","2025","A","N",4,0,0,0,0,0,0,"N",0.74,0,0,0,0,0,0,"N",0,0.0,0,0,0,0,0,0,0,0,0,0,0,0
"29105","5","238","75","0","2025","A","",48,188,10120684,2191750,31548,1033,53691,"",1.09,0.43,0.48,0.36,0.21,1.10,1.10,"",1,2.1,-7,-3.6,-597974,-5.6,-347841,-13.7,-11119,-26.1,-25,-2.4,-1347,-2.4
"29107","5","238","75","0","2025","A","",74,421,23897466,5135567,80948,1091,56730,"",1.57,1.44,1.74,1.38,1.53,1.21,1.21,"",0,0.0,-21,-4.8,-636275,-2.6,-1045800,-16.9,-25990,-24.3,25,2.3,1276,2.3
"29109","5","238","75","0","2025","A","",59,278,16677047,3680661,52093,1153,59935,"",1.23,0.93,1.13,0.94,0.79,1.22,1.22,"",-3,-4.8,-14,-4.8,746536,4.7,-506178,-12.1,-12556,-19.4,102,9.7,5285,9.7
"29111","5","238","75","0","2025","A","",12,27,1114876,353549,5394,792,41165,"",0.96,0.34,0.30,0.33,0.46,0.88,0.88,"",0,0.0,1,3.8,172946,18.4,40291,12.9,1115,26.1,95,13.6,4937,13.6
"29113","5","238","75","0","2025","A","",148,685,42282767,8676443,141217,1188,61757,"",2.39,1.58,1.77,1.48,1.59,1.12,1.12,"",9,6.5,6,0.9,721973,1.7,-108888,-1.2,-19752,-12.3,11,0.9,556,0.9
"29115","5","238","75","0","2025","A","",20,39,1956660,532969,12387,957,49746,"",1.03,0.29,0.31,0.30,0.42,1.07,1.07,"",2,11.1,-2,-4.9,60285,3.2,-11937,-2.2,-328,-2.6,64,7.2,3304,7.1
"29117","5","238","75","0","2025","A","",27,123,6413930,1600828,20995,1000,52005,"",1.14,0.60,0.68,0.64,0.69,1.12,1.12,"",1,3.8,-5,-3.9,148340,2.4,-90212,-5.3,-4006,-16.0,57,6.0,2991,6.1
"29119","5","238","75","0","2025","A","",30,165,9749068,2515793,41225,1138,59175,"",1.27,0.86,1.10,0.84,1.03,1.28,1.28,"",-2,-6.2,-14,-7.8,-217100,-2.2,101224,4.2,6038,17.2,69,6.5,3576,6.4
"29121","5","238","75","0","2025","A","",26,79,4081868,915532,14761,988,51398,"",1.20,0.49,0.55,0.49,0.73,1.13,1.13,"",0,0.0,-11,-12.2,-177403,-4.2,-246098,-21.2,-6617,-31.0,73,8.0,3808,8.0
"29123","5","238","75","0","2025","A","",21,150,7568172,1920236,16877,967,50287,"",1.23,1.26,1.48,1.24,0.86,1.17,1.17,"",1,5.0,-7,-4.5,395375,5.5,-25331,-1.3,-1172,-6.5,90,10.3,4697,10.3
"29125","5","238","75","0","2025","A","",20,95,5291456,1348069,20353,1074,55847,"",2.11,2.03,2.67,2.15,2.35,1.32,1.32,"",2,11.1,15,18.8,1366705,34.8,157433,13.2,7,0.0,129,13.7,6685,13.6
"29127","5","238","75","0","2025","A","",18,129,9585852,1583861,22601,1426,74165,"",0.36,0.30,0.41,0.32,0.36,1.39,1.39,"",2,12.5,2,1.6,408876,4.5,-127615,-7.5,-7429,-24.7,41,3.0,2142,3.0
"29129","5","238","75","0","2025","A","",4,11,523796,148273,1318,937,48725,"",0.68,0.41,0.42,0.45,0.46,1.04,1.04,"N",-1,-20.0,0,0,0,0,0,0,0,0,0,0,0,0
"29131","5","238","75","0","2025","A","",96,564,30357550,7204971,98574,1036,53873,"",2.47,2.16,2.49,1.91,1.23,1.15,1.15,"",-3,-3.0,26,4.8,3468538,12.9,-318561,-4.2,-11507,-10.5,75,7.8,3917,7.8
"29133","5","238","75","0","2025","A","N",7,0,0,0,0,0,0,"N",0.34,0,0,0,0,0,0,"N",0,0.0,0,0,0,0,0,0,0,0,0,0,0,0
"29135","5","238","75","0","2025","A","",45,242,13684799,3221371,49306,1089,56607,"",2.51,1.80,2.07,1.82,1.89,1.15,1.15,"",-2,-4.3,11,4.8,1700939,14.2,208637,6.9,-560,-1.1,92,9.2,4748,9.2
"29137","5","238","75","0","2025","A","N",10,0,0,0,0,0,0,"N",0.79,0,0,0,0,0,0,"N",3,42.9,0,0,0,0,0,0,0,0,0,0,0,0
"29139","5","238","75","0","2025","A","",26,132,7882256,1682758,28146,1148,59676,"",1.56,1.24,1.45,1.13,1.26,1.17,1.17,"",0,0.0,-14,-9.6,-164014,-2.0,-174567,-9.4,-5147,-15.5,90,8.5,4659,8.5
"29141","5","238","75","0","2025","A","",72,272,14847516,3459104,47257,1050,54620,"",2.25,1.75,2.33,1.54,1.21,1.33,1.33,"",1,1.4,18,7.1,1585414,12.0,-18364,-0.5,-3874,-7.6,45,4.5,2338,4.5
"29143","5","238","75","0","2025","A","",10,44,2232139,577160,4488,974,50635,"",0.22,0.18,0.20,0.15,0.07,1.10,1.10,"N",0,0.0,0,0,0,0,0,0,0,0,0,0,0,0
"29145","5","238","75","0","2025","A","",96,472,25375075,6509536,96247,1033,53723,"",1.28,0.61,0.60,0.75,0.91,0.97,0.97,"",3,3.2,10,2.2,2457820,10.7,256571,4.1,2848,3.0,79,8.3,4110,8.3
"29147","5","238","75","0","2025","A","",48,159,8762360,1865962,31984,1058,54994,"",1.54,0.58,0.71,0.62,0.72,1.21,1.21,"",-1,-2.0,8,5.3,782032,9.8,-34950,-1.8,-1824,-5.4,40,3.9,2057,3.9
"29149","5","238","75","0","2025","A","N",3,0,0,0,0,0,0,"N",0.22,0,0,0,0,0,0,"N",1,50.0,0,0,0,0,0,0,0,0,0,0,0,0
"29151","5","238","75","0","2025","A","",31,183,11138008,2228606,29750,1171,60891,"",2.27,1.23,1.38,1.07,1.10,1.12,1.12,"",3,10.7,26,16.6,1951407,21.2,120125,5.7,6925,30.3,46,4.1,2378,4.1
"29153","5","238","75","0","2025","A","",10,19,456350,228507,4180,454,23604,"",0.76,0.37,0.26,0.36,0.34,0.68,0.68,"",1,11.1,5,35.7,-715,-0.2,32738,16.7,87,2.1,-156,-25.6,-8100,-25.5
"29155","5","238","75","0","2025","A","N",3,0,0,0,0,0,0,"N",0.06,0,0,0,0,0,0,"N",1,50.0,0,0,0,0,0,0,0,0,0,0,0,0
"29157","5","238","75","0","2025","A","",53,285,16088114,3546979,40915,1086,56466,"",1.82,0.89,0.92,0.74,0.89,1.04,1.04,"",1,1.9,-3,-1.0,261042,1.6,-264354,-6.9,-3540,-8.0,29,2.7,1479,2.7
"29159","5","238","75","0","2025","A","",62,409,23124232,5342746,63943,1088,56573,"",0.95,0.62,0.68,0.60,0.52,1.10,1.10,"",3,5.1,11,2.8,988465,4.5,-116978,-2.1,-9381,-12.8,20,1.9,1014,1.8
"29161","5","238","75","0","2025","A","",64,300,15020136,4252674,78428,961,49998,"",0.95,0.46,0.43,0.55,0.76,0.93,0.94,"",5,8.5,22,7.9,1604330,12.0,489293,13.0,11558,17.3,34,3.7,1812,3.8
"29163","5","238","75","0","2025","A","N",22,0,0,0,0,0,0,"N",0.88,0,0,0,0,0,0,"N",-2,-8.3,0,0,0,0,0,0,0,0,0,0,0,0
"29165","5","238","75","0","2025","A","",166,1274,93378360,17442746,347006,1410,73319,"",1.05,0.79,0.96,0.72,0.82,1.22,1.22,"",7,4.4,46,3.7,4916690,5.6,272052,1.6,3443,1.0,25,1.8,1311,1.8
"29167","5","238","75","0","2025","A","",65,338,17708268,4180260,45918,1009,52443,"",1.60,1.10,1.20,1.38,1.01,1.09,1.09,"",3,4.8,18,5.6,1891286,12.0,24941,0.6,-425,-0.9,60,6.3,3092,6.3
"29169","5","238","75","0","2025","A","",37,220,9672623,2751898,38016,846,44016,"",0.82,0.50,0.45,0.60,0.44,0.90,0.90,"",1,2.8,1,0.5,782738,8.8,-78334,-2.8,-10758,-22.1,66,8.5,3454,8.5
"29171","5","238","75","0","2025","A","N",8,0,0,0,0,0,0,"N",1.17,0,0,0,0,0,0,"N",2,33.3,0,0,0,0,0,0,0,0,0,0,0,0
"29173","5","238","75","0","2025","A","",17,94,5504759,1302711,24248,1125,58509,"",1.25,0.78,0.83,0.73,0.77,1.06,1.06,"",0,0.0,9,10.6,622798,12.8,-12549,-1.0,-3554,-12.8,22,2.0,1130,2.0
"29175","5","238","75","0","2025","A","",40,212,13109184,2790555,64072,1191,61909,"",1.20,0.69,0.85,0.65,1.04,1.24,1.24,"",6,17.6,10,5.0,650308,5.2,-48407,-1.7,-2667,-4.0,5,0.4,257,0.4
"29177","5","238","75","0","2025","A","",37,148,9093821,1917326,34770,1179,61307,"",1.63,1.10,1.39,1.21,1.66,1.26,1.26,"N",-5,-11.9,0,0,0,0,0,0,0,0,0,0,0,0
"29179","5","238","75","0","2025","A","",6,20,1164506,289572,5441,1115,57984,"",0.45,0.35,0.41,0.37,0.42,1.16,1.16,"",0,0.0,-1,-4.8,108782,10.3,17611,6.5,117,2.2,163,17.1,8497,17.2
"29181","5","238","75","0","2025","A","",9,24,1026963,350389,8560,834,43393,"",0.27,0.26,0.32,0.29,0.39,1.28,1.28,"N",0,0.0,0,0,0,0,0,0,0,0,0,0,0,0
"29183","5","238","75","0","2025","A","",748,6796,514939143,91357636,1637692,1457,75773,"",1.36,1.25,1.51,1.16,1.10,1.21,1.21,"",16,2.2,70,1.0,21436947,4.3,-1817472,-2.0,-179151,-9.9,46,3.3,2399,3.3
"29185","5","238","75","0","2025","A","N",7,0,0,0,0,0,0,"N",0.55,0,0,0,0,0,0,"N",1,16.7,0,0,0,0,0,0,0,0,0,0,0,0
"29186","5","238","75","0","2025","A","",48,438,33691675,5560135,169746,1480,76951,"",1.92,2.12,2.68,2.04,4.29,1.26,1.26,"",3,6.7,62,16.5,8018628,31.2,682705,14.0,-12415,-6.8,169,12.9,8762,12.8
"29187","5","238","75","0","2025","A","",110,864,62031336,11370273,233824,1381,71789,"",1.16,1.12,1.75,1.24,1.65,1.56,1.56,"",6,5.8,83,10.6,10394597,20.1,167975,1.5,-19924,-7.9,109,8.6,5652,8.5
"29189","5","238","75","0","2025","A","",1326,21744,1944825955,280605245,5509306,1720,89441,"",0.57,1.10,1.25,0.98,1.29,1.13,1.13,"",26,2.0,-465,-2.1,51980621,2.7,-13911886,-4.7,-668798,-10.8,81,4.9,4211,4.9
"29195","5","238","75","0","2025","A","",26,128,6974463,1412565,14023,1051,54666,"",0.79,0.43,0.50,0.39,0.36,1.15,1.15,"",3,13.0,2,1.6,235516,3.5,-24330,-1.7,705,5.3,22,2.1,1147,2.1
"29197","5","238","75","0","2025","A","",6,14,824566,177067,5597,1106,57528,"",1.21,0.47,0.63,0.45,0.75,1.32,1.32,"",0,0.0,-4,-22.2,-125503,-13.2,-66344,-27.3,-2595,-31.7,91,9.0,4746,9.0
"29199","5","238","75","0","2025","A","N",6,0,0,0,0,0,0,"N",0.80,0,0,0,0,0,0,"N",0,0.0,0,0,0,0,0,0,0,0,0,0,0,0
"29201","5","238","75","0","2025","A","",60,382,21736087,4378494,61879,1096,56975,"",0.93,0.71,0.77,0.56,0.47,1.10,1.10,"",0,0.0,-12,-3.0,342361,1.6,-625313,-12.5,-11328,-15.5,53,5.1,2734,5.0
"29203","5","238","75","0","2025","A","N",2,0,0,0,0,0,0,"N",0.17,0,0,0,0,0,0,"N",0,0.0,0,0,0,0,0,0,0,0,0,0,0,0
"29205","5","238","75","0","2025","A","N",4,0,0,0,0,0,0,"N",0.39,0,0,0,0,0,0,"N",2,100.0,0,0,0,0,0,0,0,0,0,0,0,0
"29207","5","238","75","0","2025","A","",38,223,13817668,2977639,66063,1192,61986,"",0.88,0.66,0.85,0.64,0.74,1.30,1.30,"",2,5.6,16,7.7,2306371,20.0,18151,0.6,-4026,-5.7,120,11.2,6264,11.2
"29209","5","238","75","0","2025","A","",91,425,23618547,5165022,103111,1068,55551,"",2.05,1.72,2.29,1.44,0.84,1.33,1.33,"",1,1.1,-8,-1.8,849190,3.7,-531723,-9.3,-16688,-13.9,56,5.5,2915,5.5
"29211","5","238","75","0","2025","A","",10,24,874797,279403,11280,708,36834,"",1.42,0.31,0.22,0.28,2.40,0.71,0.71,"",-1,-9.1,-4,-14.3,-168314,-16.1,-113928,-29.0,-3570,-24.0,-13,-1.8,-643,-1.7
"29213","5","238","75","0","2025","A","",120,787,44296394,9657658,186116,1082,56273,"",1.10,0.82,1.06,0.68,0.56,1.29,1.29,"",5,4.3,44,5.9,4717122,11.9,-653545,-6.3,-11915,-6.0,58,5.7,3009,5.6
"29215","5","238","75","0","2025","A","",30,139,6794868,1694940,33951,941,48913,"",0.95,0.71,0.80,0.83,1.29,1.12,1.12,"",5,20.0,5,3.7,793400,13.2,-12895,-0.8,-1118,-3.2,78,9.0,4014,8.9
"29217","5","238","75","0","2025","A","",32,136,8568587,1865735,26110,1208,62812,"",0.88,0.58,0.76,0.67,0.53,1.31,1.31,"",-1,-3.0,-14,-9.3,-567917,-6.2,-409439,-18.0,-9428,-26.5,40,3.4,2071,3.4
"29219","5","238","75","0","2025","A","",90,582,39653564,7757462,129806,1310,68143,"",2.28,1.93,2.48,1.60,1.39,1.28,1.28,"",6,7.1,54,10.2,5382181,15.7,735833,10.5,4895,3.9,62,5.0,3225,5.0
"29221","5","238","75","0","2025","A","",32,157,6394229,2119396,23602,784,40793,"",0.84,0.94,0.93,1.06,0.70,0.99,0.99,"",2,6.7,10,6.8,337523,5.6,-82630,-3.8,-5163,-17.9,-7,-0.9,-339,-0.8
"29223","5","238","75","0","2025","A","N",10,0,0,0,0,0,0,"N",0.52,0,0,0,0,0,0,"N",0,0.0,0,0,0,0,0,0,0,0,0,0,0,0
"29225","5","238","75","0","2025","A","",97,516,27072521,6633085,103504,1010,52500,"",2.14,1.79,1.96,1.68,1.57,1.10,1.10,"",7,7.8,32,6.6,3891746,16.8,288160,4.5,-14913,-12.6,88,9.5,4565,9.5
"29227","5","238","75","0","2025","A","N",3,0,0,0,0,0,0,"N",0.93,0,0,0,0,0,0,"N",0,0.0,0,0,0,0,0,0,0,0,0,0,0,0
"29229","5","238","75","0","2025","A","N",26,0,0,0,0,0,0,"N",0.87,0,0,0,0,0,0,"N",-2,-7.1,0,0,0,0,0,0,0,0,0,0,0,0
"29510","5","238","75","0","2025","A","",243,5141,499080085,69507808,1552236,1867,97072,"",0.31,0.70,0.82,0.84,1.22,1.17,1.17,"",1,0.4,-158,-3.0,11033553,2.3,-6742247,-8.8,-477122,-23.5,96,5.4,4965,5.4
"29999","5","238","75","0","2025","A","",1080,3518,290010796,60828973,1539525,1585,82425,"",0.54,0.73,0.60,0.67,0.72,0.82,0.82,"",121,12.6,397,12.7,34025392,13.3,7985866,15.1,214392,16.2,8,0.5,402,0.5
"30000","5","238","55","0","2025","A","",4496,21543,1474252051,992940768,19337743,1316,68434,"",1.51,1.26,1.37,1.22,1.32,1.09,1.09,"",-105,-2.3,7,0.0,67250090,4.8,45698947,4.8,761512,4.1,60,4.8,3100,4.7
"30001","5","238","75","0","2025","A","",35,164,9316821,6656538,88683,1095,56926,"",1.29,1.21,1.34,1.08,1.03,1.11,1.11,"",-4,-10.3,1,0.6,309305,3.4,290957,4.6,9158,11.5,32,3.0,1665,3.0
"30003","5","238","75","0","2025","A","",9,13,458843,429644,6277,658,34199,"",0.68,0.11,0.07,0.09,0.04,0.61,0.61,"",1,12.5,1,8.3,108426,30.9,102309,31.3,2042,48.2,72,12.3,3728,12.2
"30005","5","238","75","0","2025","A","",10,30,1452496,1243988,25215,936,48687,"",1.08,0.68,0.70,0.83,1.40,1.04,1.04,"",-1,-9.1,3,11.1,-45583,-3.0,-2905,-0.2,1901,8.2,-118,-11.2,-6121,-11.2
"30007","5","238","75","0","2025","A","",38,112,7048620,4766349,80328,1213,63075,"",2.82,2.14,2.79,2.14,2.19,1.31,1.31,"",1,2.7,7,6.7,862515,13.9,485040,11.3,8629,12.0,76,6.7,3972,6.7
"30009","5","238","75","0","2025","A","",51,111,5524590,4159309,72969,956,49734,"",1.66,1.06,1.02,0.91,0.81,0.97,0.97,"",3,6.2,14,14.4,762476,16.0,569786,15.9,13550,22.8,16,1.7,850,1.7
"30013","5","238","75","0","2025","A","",206,1496,104780374,71479684,1344965,1347,70021,"",1.35,1.24,1.48,1.37,1.39,1.20,1.20,"",2,1.0,121,8.8,13395806,14.7,10708490,17.6,197855,17.2,69,5.4,3559,5.4
"30015","5","238","75","0","2025","A","N",5,0,0,0,0,0,0,"N",0.46,0,0,0,0,0,0,"N",-3,-37.5,0,0,0,0,0,0,0,0,0,0,0,0
"30017","5","238","75","0","2025","A","",32,114,7411249,4917453,82820,1253,65154,"",1.21,0.65,0.81,0.64,0.75,1.25,1.25,"",-1,-3.0,6,5.6,1048314,16.5,439055,9.8,-9492,-10.3,119,10.5,6192,10.5
"30019","5","238","75","0","2025","A","N",3,0,0,0,0,0,0,"N",0.64,0,0,0,0,0,0,"N",0,0.0,0,0,0,0,0,0,0,0,0,0,0,0
"30021","5","238","75","0","2025","A","",18,53,2806872,2027080,44583,1027,53379,"",0.94,0.47,0.49,0.47,0.77,1.03,1.03,"",-5,-21.7,-4,-7.0,-78696,-2.7,-47862,-2.3,1113,2.6,55,5.7,2829,5.6
"30023","5","238","75","0","2025","A","",18,89,7106587,3881803,85405,1540,80074,"",1.11,0.79,1.14,0.91,1.30,1.44,1.44,"",-3,-14.3,0,0.0,656607,10.2,236845,6.5,-497,-0.6,142,10.2,7398,10.2
"30025","5","238","75","0","2025","A","",11,38,2843992,1666148,12609,1442,75006,"",1.27,0.98,1.29,0.97,0.61,1.32,1.32,"",-1,-8.3,-6,-13.6,-341936,-10.7,-106574,-6.0,-561,-4.3,36,2.6,1906,2.6
"30027","5","238","75","0","2025","A","",42,153,8336356,6411365,128387,1048,54486,"",1.55,0.97,1.04,0.96,0.95,1.06,1.06,"",-10,-19.2,3,2.0,567402,7.3,437299,7.3,-2918,-2.2,50,5.0,2578,5.0
"30029","5","238","75","0","2025","A","",701,3103,197217123,138631083,2897877,1222,63559,"",2.08,1.82,1.91,1.62,1.63,1.05,1.05,"",-1,-0.1,71,2.3,9113116,4.8,7356588,5.6,134518,4.9,29,2.4,1526,2.5
"30031","5","238","75","0","2025","A","",898,4678,357907466,224864408,3374967,1471,76500,"",1.91,1.88,2.04,1.63,1.42,1.08,1.08,"",-4,-0.4,-102,-2.1,9827396,2.8,4913152,2.2,-22635,-0.7,70,5.0,3672,5.0
"30033","5","238","75","0","2025","A","N",2,0,0,0,0,0,0,"N",0.63,0,0,0,0,0,0,"N",0,0.0,0,0,0,0,0,0,0,0,0,0,0,0
"30035","5","238","75","0","2025","A","N",11,0,0,0,0,0,0,"N",0.71,0,0,0,0,0,0,"N",-1,-8.3,0,0,0,0,0,0,0,0,0,0,0,0
"30037","5","238","75","0","2025","A","N",2,0,0,0,0,0,0,"N",0.93,0,0,0,0,0,0,"N",1,100.0,0,0,0,0,0,0,0,0,0,0,0,0
"30039","5","238","75","0","2025","A","N",12,0,0,0,0,0,0,"N",1.40,0,0,0,0,0,0,"N",-1,-7.7,0,0,0,0,0,0,0,0,0,0,0,0
"30041","5","238","75","0","2025","A","",39,150,9551786,6387233,77855,1221,63467,"",1.36,0.66,0.81,0.84,0.72,1.22,1.22,"",-3,-7.1,2,1.4,384480,4.2,266697,4.4,-4800,-5.8,28,2.3,1456,2.3
"30043","5","238","75","0","2025","A","",58,269,16888493,12345761,261868,1207,62783,"",2.36,2.89,3.15,2.47,2.98,1.09,1.09,"",0,0.0,48,21.7,4044429,31.5,2699330,28.0,31823,13.8,87,7.8,4555,7.8
"30045","5","238","75","0","2025","A","N",3,0,0,0,0,0,0,"N",0.57,0,0,0,0,0,0,"N",0,0.0,0,0,0,0,0,0,0,0,0,0,0,0
"30047","5","238","75","0","2025","A","",138,360,16877022,13633900,262633,902,46891,"",2.22,1.11,0.96,1.29,1.32,0.86,0.86,"",2,1.5,21,6.2,1728063,11.4,1185118,9.5,3313,1.3,42,4.9,2193,4.9
"30049","5","238","75","0","2025","A","",231,1250,84277468,57144130,981023,1296,67413,"",1.31,0.94,0.97,0.82,0.99,1.03,1.03,"",-10,-4.1,33,2.7,9463037,12.6,4678276,8.9,19519,2.0,114,9.6,5960,9.7
"30051","5","238","75","0","2025","A","N",1,0,0,0,0,0,0,"N",0.22,0,0,0,0,0,0,"N",0,0.0,0,0,0,0,0,0,0,0,0,0,0,0
"30053","5","238","75","0","2025","A","",82,284,15253392,11451600,391656,1032,53662,"",1.79,1.37,1.50,1.47,2.03,1.09,1.09,"",2,2.5,-39,-12.1,-3093765,-16.9,-1620921,-12.4,30930,8.6,-60,-5.5,-3096,-5.5
"30055","5","238","75","0","2025","A","N",4,0,0,0,0,0,0,"N",1.02,0,0,0,0,0,0,"N",0,0.0,0,0,0,0,0,0,0,0,0,0,0,0
"30057","5","238","75","0","2025","A","",51,129,7105498,5435048,91972,1058,55010,"",1.73,1.29,1.19,1.11,0.96,0.92,0.92,"",-3,-5.6,-38,-22.8,-2326860,-24.7,-1597313,-22.7,-31863,-25.7,-27,-2.5,-1415,-2.5
"30059","5","238","75","0","2025","A","",8,18,745133,653587,12346,819,42579,"",1.24,0.76,0.69,0.71,0.72,0.93,0.93,"",-1,-11.1,-3,-14.3,-138290,-15.7,-155114,-19.2,-5886,-32.3,16,2.0,842,2.0
"30061","5","238","75","0","2025","A","",16,35,2206784,1597184,41066,1204,62604,"",1.70,0.87,1.25,1.17,1.55,1.43,1.43,"",2,14.3,1,2.9,250198,12.8,208643,15.0,15480,60.5,89,8.0,4631,8.0
"30063","5","238","75","0","2025","A","",404,2454,170583691,113565092,2279192,1337,69524,"",1.24,1.11,1.23,1.04,1.20,1.10,1.10,"",-2,-0.5,51,2.1,12907364,8.2,8102694,7.7,-11300,-0.5,75,5.9,3903,5.9
"30065","5","238","75","0","2025","A","",14,42,1798603,1445952,24118,833,43340,"",1.55,0.99,0.68,0.80,0.94,0.70,0.70,"",-1,-6.7,-4,-8.7,-93314,-4.9,-45329,-3.0,-2379,-9.0,33,4.1,1759,4.2
"30067","5","238","75","0","2025","A","",101,393,27073144,17852550,294037,1326,68962,"",1.61,1.59,1.99,1.49,1.23,1.26,1.26,"",-1,-1.0,3,0.8,2052432,8.2,1240304,7.5,17755,6.4,92,7.5,4806,7.5
"30069","5","238","75","0","2025","A","N",0,0,0,0,0,0,0,"N",0.00,0,0,0,0,0,0,"N",-1,-100.0,0,0,0,0,0,0,0,0,0,0,0,0
"30071","5","238","75","0","2025","A","",11,43,2759196,2031975,71408,1239,64417,"",1.25,1.05,1.48,1.48,2.98,1.42,1.42,"",1,10.0,7,19.4,528753,23.7,465236,29.7,18678,35.4,58,4.9,3029,4.9
"30073","5","238","75","0","2025","A","",17,69,3332170,2566371,34465,928,48234,"",1.57,1.35,1.39,1.28,1.08,1.02,1.02,"",-2,-10.5,1,1.5,-1860,-0.1,14966,0.6,-2283,-6.2,-10,-1.1,-557,-1.1
"30075","5","238","75","0","2025","A","",7,17,694528,626657,7738,805,41881,"",1.40,0.82,0.56,0.62,0.55,0.69,0.69,"N",2,40.0,0,0,0,0,0,0,0,0,0,0,0,0
"30077","5","238","75","0","2025","A","",16,46,2541271,1869374,42257,1064,55345,"",1.31,0.56,0.51,0.37,0.60,0.92,0.92,"",0,0.0,-2,-4.2,88936,3.6,70438,3.9,847,2.0,80,8.1,4166,8.1
"30079","5","238","75","0","2025","A","N",3,0,0,0,0,0,0,"N",1.02,0,0,0,0,0,0,"N",0,0.0,0,0,0,0,0,0,0,0,0,0,0,0
"30081","5","238","75","0","2025","A","",256,794,43394340,32874336,593492,1052,54682,"",2.22,1.73,1.70,1.72,1.56,0.98,0.98,"",-4,-1.5,10,1.3,3695093,9.3,2591724,8.6,33968,6.1,79,8.1,4061,8.0
"30083","5","238","75","0","2025","A","",36,183,14019731,10211443,142495,1475,76715,"",1.19,1.10,1.31,1.33,1.22,1.20,1.20,"",-2,-5.3,-139,-43.2,-6151689,-30.5,-4555595,-30.8,-51147,-26.4,270,22.4,14071,22.5
"30085","5","238","75","0","2025","A","",12,30,1181765,1042423,25555,758,39392,"",0.92,0.26,0.20,0.25,0.36,0.77,0.77,"",2,20.0,1,3.4,240925,25.6,205953,24.6,5919,30.1,139,22.5,7227,22.5
"30087","5","238","75","0","2025","A","",10,224,25075867,17231336,848222,2150,111779,"",0.79,1.85,3.10,3.74,6.85,1.67,1.67,"",-2,-16.7,-15,-6.3,-703001,-2.7,151139,0.9,799,0.1,77,3.7,3993,3.7
"30089","5","238","75","0","2025","A","",52,104,5671553,4281332,120294,1046,54403,"",1.92,0.92,1.03,0.97,1.21,1.11,1.11,"",3,6.1,6,6.1,854934,17.7,477384,12.5,12209,11.3,102,10.8,5296,10.8
"30091","5","238","75","0","2025","A","",5,24,1019051,920053,33361,831,43211,"",0.48,0.56,0.47,0.62,1.65,0.85,0.85,"",1,25.0,4,20.0,213660,26.5,192248,26.4,4838,17.0,60,7.8,3109,7.8
"30093","5","238","75","0","2025","A","",71,396,25881962,18227978,506199,1257,65372,"",1.01,0.72,0.81,0.68,1.19,1.12,1.12,"",-2,-2.7,8,2.1,1057360,4.3,1542918,9.2,41831,9.0,26,2.1,1377,2.2
"30095","5","238","75","0","2025","A","",37,94,5160060,3871086,61817,1057,54943,"",1.94,0.96,0.76,0.83,0.87,0.79,0.79,"",0,0.0,-3,-3.1,-170500,-3.2,-24339,-0.6,-4867,-7.3,1,0.1,36,0.1
"30097","5","238","75","0","2025","A","",20,53,2349854,1849404,31905,854,44407,"",1.56,1.07,0.74,0.82,0.90,0.69,0.69,"",-1,-4.8,-4,-7.0,-38651,-1.6,95201,5.4,1594,5.3,42,5.2,2195,5.2
"30099","5","238","75","0","2025","A","",27,64,3098530,2661091,39229,927,48226,"",1.71,1.05,1.12,1.19,1.18,1.07,1.07,"",-2,-6.9,2,3.2,316950,11.4,196108,8.0,-809,-2.0,63,7.3,3301,7.3
"30101","5","238","75","0","2025","A","N",4,0,0,0,0,0,0,"N",0.36,0,0,0,0,0,0,"N",-4,-50.0,0,0,0,0,0,0,0,0,0,0,0,0
"30103","5","238","75","0","2025","A","N",1,0,0,0,0,0,0,"N",0.68,0,0,0,0,0,0,"N",1,100.0,0,0,0,0,0,0,0,0,0,0,0,0
"30105","5","238","75","0","2025","A","",19,59,2790799,2264736,34790,908,47235,"",1.14,0.62,0.56,0.67,0.65,0.90,0.90,"",-3,-13.6,0,0.0,163056,6.2,71999,3.3,3606,11.6,53,6.2,2760,6.2
"30107","5","238","75","0","2025","A","",4,11,563051,482163,6087,955,49681,"",0.84,0.58,0.65,0.64,0.69,1.09,1.09,"N",2,100.0,0,0,0,0,0,0,0,0,0,0,0,0
"30109","5","238","75","0","2025","A","N",1,0,0,0,0,0,0,"N",0.46,0,0,0,0,0,0,"N",1,100.0,0,0,0,0,0,0,0,0,0,0,0,0
"30111","5","238","75","0","2025","A","",548,3479,245973534,162997171,3504258,1360,70706,"",1.49,1.19,1.29,1.23,1.47,1.09,1.09,"",-22,-3.9,-27,-0.8,9462292,4.0,6222011,4.0,342547,10.8,63,4.9,3249,4.8
"30999","5","238","75","0","2025","A","",86,228,19901141,11108113,217088,1677,87190,"",0.39,0.53,0.41,0.40,0.32,0.77,0.77,"",-27,-23.9,-50,-18.0,-4939718,-19.9,-3230492,-22.5,-54441,-20.0,-39,-2.3,-2059,-2.3
"31000","3","238","55","0","2025","A","",1,3,265914,72000,3888,1705,88638,"",2.11,0.45,0.77,26.20,146.91,1.71,1.71,"",0,0.0,-1,-25.0,-2961,-1.1,-24000,-25.0,-1296,-25.0,262,18.2,13603,18.1
"31000","5","238","55","0","2025","A","",5054,42597,2962558656,632529318,12893147,1337,69548,"",1.33,1.25,1.37,1.40,2.02,1.10,1.10,"",93,1.9,1437,3.5,203670328,7.4,44964029,7.7,2002290,18.4,48,3.7,2520,3.8
"31001","5","238","75","0","2025","A","",66,671,46541734,11415958,209558,1334,69388,"",1.32,1.28,1.66,1.66,1.71,1.29,1.29,"",2,3.1,-101,-13.1,-11983170,-20.5,-201119,-1.7,76766,57.8,-124,-8.5,-6405,-8.5
"31003","5","238","75","0","2025","A","",8,39,2597791,490518,3514,1286,66896,"",0.56,0.53,0.70,0.55,0.23,1.33,1.33,"",-2,-20.0,-23,-37.1,-2000908,-43.5,-366261,-42.7,-7591,-68.4,-144,-10.1,-7476,-10.1
"31009","5","238","75","0","2025","A","N",1,0,0,0,0,0,0,"N",0.76,0,0,0,0,0,0,"N",0,0.0,0,0,0,0,0,0,0,0,0,0,0,0
"31011","5","238","75","0","2025","A","",15,60,3401243,1139901,43228,1084,56374,"",1.20,0.74,0.78,1.33,4.71,1.06,1.06,"",0,0.0,-53,-46.9,-4062874,-54.4,-566872,-33.2,-10777,-20.0,-183,-14.4,-9486,-14.4
"31013","5","238","75","0","2025","A","",19,103,5993112,1310021,14189,1115,57998,"",1.08,0.83,0.98,0.94,0.99,1.19,1.19,"",1,5.6,3,3.0,306413,5.4,76111,6.2,2292,19.3,26,2.4,1367,2.4
"31015","5","238","75","0","2025","A","N",3,0,0,0,0,0,0,"N",0.68,0,0,0,0,0,0,"N",0,0.0,0,0,0,0,0,0,0,0,0,0,0,0
"31017","5","238","75","0","2025","A","",10,51,2409768,681019,9775,912,47405,"",1.27,1.09,1.08,1.38,2.03,0.99,0.99,"",0,0.0,3,6.2,379346,18.7,-141699,-17.2,-16066,-62.2,106,13.2,5469,13.0
"31019","5","238","75","0","2025","A","",151,951,57292595,14053987,341675,1159,60271,"",1.63,1.01,1.13,1.22,3.13,1.12,1.12,"",4,2.7,12,1.3,3216401,5.9,948185,7.2,79699,30.4,51,4.6,2656,4.6
"31021","5","238","75","0","2025","A","",20,53,2448970,646708,7738,896,46573,"",1.69,0.91,0.90,1.04,1.04,1.00,1.00,"",1,5.3,-1,-1.9,196742,8.7,-87531,-11.9,-7444,-49.0,89,11.0,4606,11.0
"31023","5","238","75","0","2025","A","",18,106,6088595,1407207,17040,1101,57260,"",1.33,1.20,1.23,1.32,1.98,1.02,1.02,"",0,0.0,5,5.0,570892,10.3,76652,5.8,2963,21.0,55,5.3,2854,5.2
"31025","5","238","75","0","2025","A","",85,445,25097383,7792187,215491,1084,56346,"",2.43,2.14,2.28,2.96,5.41,1.06,1.06,"",-2,-2.3,18,4.2,1763799,7.6,144878,1.9,-1968,-0.9,34,3.2,1722,3.2
"31027","5","238","75","0","2025","A","",24,120,6279107,1356075,13292,1006,52326,"",1.42,1.33,1.50,1.35,1.46,1.13,1.13,"",3,14.3,2,1.7,394247,6.7,-18894,-1.4,-3779,-22.1,45,4.7,2348,4.7
"31029","5","238","75","0","2025","A","",12,60,2793559,678494,10287,890,46302,"",1.10,1.03,0.92,0.91,1.81,0.88,0.88,"",4,50.0,10,20.0,370934,15.3,117113,20.9,5954,137.4,-34,-3.7,-1750,-3.6
"31031","5","238","75","0","2025","A","",17,75,3817763,1301107,39096,980,50960,"",1.20,0.99,1.13,1.30,2.91,1.14,1.14,"",2,13.3,5,7.1,412476,12.1,-34127,-2.6,-6816,-14.8,47,5.0,2429,5.0
"31033","5","238","75","0","2025","A","",7,37,1813952,410960,3559,947,49248,"",0.42,0.28,0.28,0.26,0.18,1.00,1.00,"",-1,-12.5,-12,-24.5,-566913,-23.8,-552167,-57.3,-35832,-91.0,19,2.0,987,2.0
"31035","5","238","75","0","2025","A","",11,52,2904501,662102,4242,1069,55589,"",0.85,0.76,0.79,0.85,0.52,1.03,1.03,"",-2,-15.4,4,8.3,512576,21.4,73921,12.6,-937,-18.1,111,11.6,5757,11.6
"31037","5","238","75","0","2025","A","",18,102,6322264,1353873,20562,1187,61731,"",1.19,0.61,0.71,0.58,0.85,1.16,1.16,"",0,0.0,5,5.2,548353,9.5,202549,17.6,15165,281.0,38,3.3,2001,3.4
"31039","5","238","75","0","2025","A","",21,119,7083214,1485150,17007,1141,59315,"",1.07,0.92,1.01,1.08,1.36,1.10,1.10,"",2,10.5,12,11.2,822066,13.1,119443,8.7,-1342,-7.3,14,1.2,708,1.2
"31041","5","238","75","0","2025","A","",26,90,3967471,1181494,24820,848,44083,"",1.13,0.59,0.50,0.66,1.59,0.85,0.85,"",3,13.0,16,21.6,863815,27.8,318579,36.9,16978,216.5,46,5.7,2377,5.7
"31043","3","238","75","0","2025","A","",1,3,265914,72000,3888,1705,88638,"",320.33,33.05,60.31,1562.41,10288.81,1.83,1.82,"",0,0.0,-1,-25.0,-2961,-1.1,-24000,-25.0,-1296,-25.0,262,18.2,13603,18.1
"31043","5","238","75","0","2025","A","",34,282,17741399,4883841,146073,1211,62950,"",1.36,0.60,0.64,0.64,1.60,1.07,1.06,"",-1,-2.9,3,1.1,-38281,-0.2,185711,4.0,15594,12.0,-16,-1.3,-872,-1.4
"31045","5","238","75","0","2025","A","",16,56,2418164,622256,3648,837,43505,"",1.14,0.54,0.54,0.69,0.30,1.01,1.01,"",-1,-5.9,-6,-9.7,-154477,-6.0,-82722,-11.7,-6625,-64.5,43,5.4,2233,5.4
"31047","5","238","75","0","2025","A","",36,250,14075484,2950426,24815,1083,56302,"",0.97,0.64,0.69,0.58,0.42,1.08,1.08,"",-1,-2.7,7,2.9,848184,6.4,20469,0.7,1363,5.8,37,3.5,1906,3.5
"31049","5","238","75","0","2025","A","N",0,0,0,0,0,0,0,"N",0.00,0,0,0,0,0,0,"N",-1,-100.0,0,0,0,0,0,0,0,0,0,0,0,0
"31051","5","238","75","0","2025","A","N",11,0,0,0,0,0,0,"N",1.52,0,0,0,0,0,0,"N",-2,-15.4,0,0,0,0,0,0,0,0,0,0,0,0
"31053","5","238","75","0","2025","A","",86,639,43394238,8797535,155634,1306,67910,"",1.59,1.04,1.27,1.09,1.83,1.22,1.22,"",4,4.9,2,0.3,2661376,6.5,411470,4.9,37110,31.3,76,6.2,3974,6.2
"31055","5","238","75","0","2025","A","",1346,14088,1040765761,217705164,5104092,1421,73877,"",1.45,1.23,1.30,1.42,2.15,1.06,1.05,"",4,0.3,583,4.3,72529524,7.5,26572222,13.9,1500313,41.6,42,3.0,2184,3.0
"31057","5","238","75","0","2025","A","N",2,0,0,0,0,0,0,"N",0.49,0,0,0,0,0,0,"N",0,0.0,0,0,0,0,0,0,0,0,0,0,0,0
"31059","5","238","75","0","2025","A","N",14,0,0,0,0,0,0,"N",1.03,0,0,0,0,0,0,"N",1,7.7,0,0,0,0,0,0,0,0,0,0,0,0
"31061","5","238","75","0","2025","A","N",1,0,0,0,0,0,0,"N",0.16,0,0,0,0,0,0,"N",0,0.0,0,0,0,0,0,0,0,0,0,0,0,0
"31063","5","238","75","0","2025","A","N",5,0,0,0,0,0,0,"N",1.07,0,0,0,0,0,0,"N",1,25.0,0,0,0,0,0,0,0,0,0,0,0,0
"31065","5","238","75","0","2025","A","N",6,0,0,0,0,0,0,"N",0.59,0,0,0,0,0,0,"N",-1,-14.3,0,0,0,0,0,0,0,0,0,0,0,0
"31067","5","238","75","0","2025","A","",66,273,14245956,3642400,73063,1005,52247,"",1.85,0.93,0.95,1.01,0.84,1.03,1.03,"",2,3.1,1,0.4,968866,7.3,65713,1.8,10922,17.6,67,7.1,3464,7.1
"31069","5","238","75","0","2025","A","N",2,0,0,0,0,0,0,"N",0.58,0,0,0,0,0,0,"N",0,0.0,0,0,0,0,0,0,0,0,0,0,0,0
"31071","5","238","75","0","2025","A","N",6,0,0,0,0,0,0,"N",1.15,0,0,0,0,0,0,"N",1,20.0,0,0,0,0,0,0,0,0,0,0,0,0
"31073","5","238","75","0","2025","A","",6,26,1570282,252516,1456,1180,61379,"",1.61,1.83,2.14,1.70,0.74,1.19,1.19,"",0,0.0,-2,-7.1,39288,2.6,-38408,-13.2,-1015,-41.1,132,12.6,6863,12.6
"31075","5","238","75","0","2025","A","N",2,0,0,0,0,0,0,"N",0.77,0,0,0,0,0,0,"N",0,0.0,0,0,0,0,0,0,0,0,0,0,0,0
"31077","5","238","75","0","2025","A","",10,30,1207194,386975,5128,776,40352,"",1.68,1.43,1.33,1.67,2.07,0.93,0.93,"",0,0.0,-1,-3.2,-96665,-7.4,-4221,-1.1,-1460,-22.2,-39,-4.8,-2050,-4.8
"31079","5","238","75","0","2025","A","",182,1483,91684155,19954728,263658,1189,61806,"",1.89,1.24,1.37,1.19,1.11,1.11,1.10,"",7,4.0,136,10.1,12613943,16.0,1655985,9.0,-8115,-3.0,60,5.3,3116,5.3
"31081","5","238","75","0","2025","A","",32,220,14965923,2652158,19771,1307,67950,"",1.74,1.66,1.93,1.64,1.56,1.17,1.17,"",2,6.7,35,18.9,3269901,28.0,273153,11.5,-12059,-37.9,90,7.4,4671,7.4
"31083","5","238","75","0","2025","A","N",4,0,0,0,0,0,0,"N",0.68,0,0,0,0,0,0,"N",0,0.0,0,0,0,0,0,0,0,0,0,0,0,0
"31087","5","238","75","0","2025","A","N",7,0,0,0,0,0,0,"N",1.49,0,0,0,0,0,0,"N",-1,-12.5,0,0,0,0,0,0,0,0,0,0,0,0
"31089","5","238","75","0","2025","A","",22,60,2802878,806511,19180,901,46845,"",0.86,0.41,0.39,0.49,1.10,0.94,0.94,"",4,22.2,7,13.2,499823,21.7,221167,37.8,13523,239.0,72,8.7,3730,8.7
"31091","5","238","75","0","2025","A","N",1,0,0,0,0,0,0,"N",0.60,0,0,0,0,0,0,"N",0,0.0,0,0,0,0,0,0,0,0,0,0,0,0
"31093","5","238","75","0","2025","A","",16,45,1790653,536932,3747,772,40164,"",1.47,0.85,0.76,1.03,0.89,0.91,0.91,"",1,6.7,-11,-19.6,-424621,-19.2,-164782,-23.5,745,24.8,14,1.8,723,1.8
"31095","5","238","75","0","2025","A","",26,164,9834779,2197019,35006,1156,60090,"",1.91,1.43,1.72,1.50,3.16,1.21,1.20,"",1,4.0,-24,-12.8,-1623500,-14.2,-507000,-18.7,-25678,-42.3,-19,-1.6,-1021,-1.7
"31097","5","238","75","0","2025","A","",12,30,1122748,496276,15975,730,37952,"",1.92,0.61,0.40,1.29,4.48,0.67,0.67,"",0,0.0,-1,-3.2,-305259,-21.4,-2667,-0.5,-9,-0.1,-153,-17.3,-7989,-17.4
"31099","5","238","75","0","2025","A","",16,56,2267287,707219,13155,786,40852,"",1.54,0.81,0.63,0.88,1.02,0.78,0.78,"",1,6.7,5,9.8,305722,15.6,109487,18.3,4575,53.3,49,6.6,2515,6.6
"31101","5","238","75","0","2025","A","",19,41,1501088,522926,4779,706,36686,"",1.02,0.38,0.28,0.36,0.26,0.75,0.75,"",-3,-13.6,-8,-16.3,-184252,-10.9,-213592,-29.0,-10349,-68.4,42,6.3,2174,6.3
"31103","5","238","75","0","2025","A","N",2,0,0,0,0,0,0,"N",1.24,0,0,0,0,0,0,"N",0,0.0,0,0,0,0,0,0,0,0,0,0,0,0
"31105","5","238","75","0","2025","A","N",1,0,0,0,0,0,0,"N",0.15,0,0,0,0,0,0,"N",-1,-50.0,0,0,0,0,0,0,0,0,0,0,0,0
"31107","5","238","75","0","2025","A","",25,49,1788419,744311,23150,704,36623,"",1.55,0.51,0.41,0.74,2.07,0.81,0.81,"",-2,-7.4,-2,-3.9,116614,7.0,-5850,-0.8,1870,8.8,76,12.1,3949,12.1
"31109","5","238","75","0","2025","A","",766,7227,489039453,98307827,1600470,1301,67672,"",1.60,1.22,1.34,1.37,2.06,1.10,1.10,"",-3,-0.4,249,3.6,38769263,8.6,8664666,9.7,400760,33.4,60,4.8,3143,4.9
"31111","5","238","75","0","2025","A","",70,597,40224169,7937208,73859,1295,67340,"",1.27,1.17,1.42,1.18,1.05,1.21,1.21,"",-2,-2.8,23,4.0,2261295,6.0,159392,2.0,-654,-0.9,23,1.8,1212,1.8
"31113","5","238","75","0","2025","A","N",1,0,0,0,0,0,0,"N",0.54,0,0,0,0,0,0,"N",1,100.0,0,0,0,0,0,0,0,0,0,0,0,0
"31119","5","238","75","0","2025","A","",84,586,34940583,7677052,132393,1147,59660,"",1.30,0.80,0.84,0.82,1.33,1.05,1.05,"",2,2.4,-9,-1.5,414739,1.2,-399285,-4.9,-8036,-5.7,32,2.9,1658,2.9
"31121","5","238","75","0","2025","A","",20,117,7812863,1556700,15869,1287,66920,"",1.50,1.49,1.96,1.54,0.71,1.32,1.32,"N",-2,-9.1,0,0,0,0,0,0,0,0,0,0,0,0
"31123","5","238","75","0","2025","A","N",7,0,0,0,0,0,0,"N",0.80,0,0,0,0,0,0,"N",0,0.0,0,0,0,0,0,0,0,0,0,0,0,0
"31125","5","238","75","0","2025","A","",5,9,405345,157733,246,882,45888,"",0.98,0.29,0.28,0.42,0.08,0.98,0.98,"",1,25.0,0,0.0,31667,8.5,18541,13.3,-3417,-93.3,84,10.5,4368,10.5
"31127","5","238","75","0","2025","A","",14,45,2410629,847068,26886,1024,53274,"",1.31,0.46,0.36,1.39,3.30,0.76,0.76,"",1,7.7,0,0.0,175379,7.8,242719,40.2,16505,159.0,71,7.5,3694,7.5
"31129","5","238","75","0","2025","A","",7,31,1718303,328821,1159,1055,54839,"",0.77,0.57,0.72,0.67,0.21,1.26,1.26,"N",-1,-12.5,0,0,0,0,0,0,0,0,0,0,0,0
"31131","5","238","75","0","2025","A","",38,169,9527861,2208760,24214,1087,56517,"",1.53,0.80,0.83,0.90,1.08,1.03,1.03,"",2,5.6,8,5.0,746853,8.5,85381,4.0,-7250,-23.0,39,3.7,2005,3.7
"31133","5","238","75","0","2025","A","N",8,0,0,0,0,0,0,"N",1.86,0,0,0,0,0,0,"N",0,0.0,0,0,0,0,0,0,0,0,0,0,0,0
"31135","5","238","75","0","2025","A","",9,31,1483234,283804,1112,930,48366,"",1.28,0.81,0.68,0.65,0.12,0.85,0.85,"",-1,-10.0,-2,-6.1,-57313,-3.7,-68563,-19.5,-484,-30.3,39,4.4,2034,4.4
"31137","5","238","75","0","2025","A","",24,177,11386453,2081275,21935,1239,64452,"",1.17,1.09,1.19,1.13,1.23,1.09,1.09,"",1,4.3,0,0.0,471600,4.3,-212635,-9.3,-15845,-41.9,54,4.6,2844,4.6
"31139","5","238","75","0","2025","A","",20,106,6050675,1569754,35579,1099,57172,"",1.71,1.61,1.89,1.90,3.24,1.18,1.18,"",0,0.0,-1,-0.9,292361,5.1,62535,4.1,5134,16.9,60,5.8,3146,5.8
"31141","5","238","75","0","2025","A","",88,789,53088763,10474375,204682,1294,67272,"",1.56,1.18,1.38,1.23,2.41,1.17,1.17,"",5,6.0,61,8.4,6235203,13.3,2150966,25.8,125216,157.6,57,4.6,2957,4.6
"31143","5","238","75","0","2025","A","N",12,0,0,0,0,0,0,"N",1.51,0,0,0,0,0,0,"N",-1,-7.7,0,0,0,0,0,0,0,0,0,0,0,0
"31145","5","238","75","0","2025","A","",24,109,5648851,1126124,7699,1000,52023,"",1.13,0.67,0.70,0.67,0.64,1.05,1.06,"",-1,-4.0,-1,-0.9,423073,8.1,-215474,-16.1,-8347,-52.0,86,9.4,4516,9.5
"31147","5","238","75","0","2025","A","",17,41,1282681,489664,5592,607,31541,"",1.19,0.53,0.37,0.55,0.54,0.70,0.70,"",1,6.2,2,5.1,-44282,-3.3,30143,6.6,-229,-3.9,-43,-6.6,-2267,-6.7
"31149","5","238","75","0","2025","A","N",2,0,0,0,0,0,0,"N",0.68,0,0,0,0,0,0,"N",1,100.0,0,0,0,0,0,0,0,0,0,0,0,0
"31151","5","238","75","0","2025","A","",21,96,4829323,1212769,12011,968,50349,"",1.12,0.43,0.38,0.45,0.74,0.88,0.88,"",-3,-12.5,3,3.2,416702,9.4,26611,2.2,-3485,-22.5,56,6.1,2901,6.1
"31153","5","238","75","0","2025","A","",525,7555,563277105,103887707,1746163,1434,74555,"",2.23,2.71,3.34,2.54,3.24,1.23,1.23,"",29,5.8,584,8.4,66245632,13.3,8646196,9.1,292286,20.1,63,4.6,3259,4.6
"31155","5","238","75","0","2025","A","",73,420,26566051,5725197,86945,1217,63290,"",2.20,2.08,2.58,2.37,2.80,1.24,1.24,"",7,10.6,-3,-0.7,1552779,6.2,126636,2.3,11909,15.9,79,6.9,4099,6.9
"31157","5","238","75","0","2025","A","",75,630,35516086,8323356,120661,1085,56405,"",1.30,1.18,1.24,1.28,1.50,1.05,1.05,"",2,2.7,16,2.6,3036595,9.3,-1720552,-17.1,-161397,-57.2,67,6.6,3492,6.6
"31159","5","238","75","0","2025","A","",48,321,19531800,4241171,49140,1169,60799,"",1.88,1.60,1.83,1.66,0.77,1.14,1.14,"",-1,-2.0,6,1.9,1293268,7.1,212327,5.3,3065,6.7,54,4.8,2838,4.9
"31161","5","238","75","0","2025","A","",4,9,580049,205125,10149,1206,62708,"",0.38,0.15,0.24,0.36,2.08,1.49,1.49,"",0,0.0,1,12.5,18040,3.2,17721,9.5,941,10.2,-131,-9.8,-6819,-9.8
"31163","5","238","75","0","2025","A","",5,14,672043,150065,501,891,46348,"",0.96,0.62,0.73,0.57,0.21,1.15,1.15,"",0,0.0,-2,-12.5,-511,-0.1,-6724,-4.3,-121,-19.5,61,7.3,3189,7.4
"31167","5","238","75","0","2025","A","",7,27,1363829,319652,2686,965,50202,"",1.46,0.63,0.36,0.64,0.75,0.57,0.57,"",0,0.0,-2,-6.9,-25864,-1.9,-42890,-11.8,-328,-10.9,41,4.4,2143,4.5
"31169","5","238","75","0","2025","A","",15,43,1807757,539392,9411,801,41637,"",1.17,0.58,0.48,0.72,1.49,0.81,0.81,"",1,7.1,-1,-2.3,34124,1.9,9531,1.8,1949,26.1,33,4.3,1705,4.3
"31171","5","238","75","0","2025","A","N",1,0,0,0,0,0,0,"N",0.52,0,0,0,0,0,0,"N",0,0.0,0,0,0,0,0,0,0,0,0,0,0,0
"31173","5","238","75","0","2025","A","N",3,0,0,0,0,0,0,"N",0.39,0,0,0,0,0,0,"N",2,200.0,0,0,0,0,0,0,0,0,0,0,0,0
"31175","5","238","75","0","2025","A","",14,44,2017656,498458,1903,884,45943,"",1.24,0.74,0.72,0.80,0.27,0.97,0.97,"",0,0.0,5,12.8,195107,10.7,69006,16.1,938,97.2,-11,-1.2,-590,-1.3
"31177","5","238","75","0","2025","A","",90,558,39181902,8793255,162830,1351,70250,"",2.65,1.96,2.17,2.06,2.79,1.11,1.11,"",-2,-2.2,37,7.1,4345590,12.5,-813565,-8.5,-139769,-46.2,64,5.0,3343,5.0
"31179","5","238","75","0","2025","A","",13,53,2129060,644373,6286,774,40234,"",0.96,0.39,0.34,0.50,0.63,0.87,0.87,"",1,8.3,2,3.9,60617,2.9,10322,1.6,-637,-9.2,-7,-0.9,-390,-1.0
"31181","5","238","75","0","2025","A","",8,19,706848,234800,1864,731,38037,"",1.28,0.53,0.45,0.58,0.48,0.87,0.87,"",0,0.0,-3,-13.6,-134465,-16.0,-68887,-22.7,-5328,-74.1,-2,-0.3,-60,-0.2
"31185","5","238","75","0","2025","A","",42,223,13896880,3845085,118390,1200,62411,"",1.33,0.87,0.97,1.18,2.55,1.12,1.12,"",1,2.4,-8,-3.5,-179861,-1.3,-990,0.0,9393,8.6,27,2.3,1429,2.3
"31999","5","238","75","0","2025","A","",348,1320,120510465,39557104,1438365,1756,91302,"",0.52,0.99,0.86,1.40,1.94,0.88,0.88,"",25,7.7,-119,-8.3,-4306623,-3.5,241561,0.6,-114869,-7.4,88,5.3,4573,5.3
"32000","5","238","55","0","2025","A","",4780,81557,6406526866,3748256078,95917999,1511,78553,"",0.91,1.55,1.75,1.48,1.30,1.12,1.12,"",257,5.7,1168,1.5,537716710,9.2,212481313,6.0,14484807,17.8,107,7.6,5548,7.6
"32001","5","238","75","0","2025","A","",34,481,39489336,22841230,683402,1577,82027,"",1.06,1.59,2.01,1.90,1.88,1.27,1.27,"",2,6.2,151,45.8,16296165,70.3,8434335,58.5,206938,43.4,226,16.7,11798,16.8
"32003","5","238","75","0","2025","A","",2999,58383,4543666089,2641073439,67110502,1497,77825,"",0.86,1.53,1.76,1.43,1.25,1.15,1.15,"",165,5.8,142,0.2,280393159,6.6,85127421,3.3,8497620,14.5,89,6.3,4624,6.3
"32005","5","238","75","0","2025","A","",148,1067,74953590,47951662,1142540,1351,70253,"",1.39,1.47,1.38,1.35,1.15,0.93,0.93,"",2,1.4,-36,-3.3,196903,0.3,-751174,-1.5,18786,1.7,47,3.6,2467,3.6
"32007","5","238","75","0","2025","A","",74,910,85157205,46507188,1063450,1799,93528,"",1.03,1.21,1.68,1.31,1.12,1.39,1.39,"",4,5.7,-12,-1.3,6688206,8.5,1765480,3.9,153451,16.9,163,10.0,8444,9.9
"32009","5","238","75","0","2025","A","N",0,0,0,0,0,0,0,"N",0.00,0,0,0,0,0,0,"N",0,0,0,0,0,0,0,0,0,0,0,0,0,0
"32013","5","238","75","0","2025","A","",24,115,8183484,5253545,125220,1370,71264,"",0.96,0.43,0.40,0.42,0.39,0.94,0.94,"",4,20.0,22,23.7,1514672,22.7,1010169,23.8,30254,31.9,-10,-0.7,-508,-0.7
"32015","5","238","75","0","2025","A","N",7,0,0,0,0,0,0,"N",1.12,0,0,0,0,0,0,"N",0,0.0,0,0,0,0,0,0,0,0,0,0,0,0
"32017","5","238","75","0","2025","A","",6,46,2987783,1986034,41280,1238,64369,"",0.94,1.00,1.24,1.74,1.40,1.23,1.23,"",1,20.0,3,7.0,123824,4.3,172234,9.5,2683,7.0,-33,-2.6,-1722,-2.6
"32019","5","238","75","0","2025","A","",104,770,51316276,33470405,752130,1281,66608,"",1.81,1.67,1.87,1.62,1.21,1.12,1.12,"",-1,-1.0,-181,-19.0,-12459485,-19.5,-7512291,-18.3,-201433,-21.1,-9,-0.7,-477,-0.7
"32021","5","238","75","0","2025","A","N",2,0,0,0,0,0,0,"N",0.48,0,0,0,0,0,0,"N",0,0.0,0,0,0,0,0,0,0,0,0,0,0,0
"32023","5","238","75","0","2025","A","",68,562,31860579,23570335,512446,1090,56675,"",1.36,1.23,0.95,1.10,0.90,0.77,0.77,"",-3,-4.2,19,3.5,3973984,14.3,2571277,12.2,90334,21.4,102,10.3,5279,10.3
"32027","5","238","75","0","2025","A","N",1,0,0,0,0,0,0,"N",0.19,0,0,0,0,0,0,"N",0,0.0,0,0,0,0,0,0,0,0,0,0,0,0
"32029","5","238","75","0","2025","A","",37,852,97257060,53226682,1714236,2195,114129,"",2.66,1.19,1.50,1.04,1.02,1.26,1.26,"",8,27.6,350,69.7,47415075,95.1,27265895,105.0,977146,132.6,284,14.9,14760,14.9
"32031","5","238","75","0","2025","A","",1091,16449,1299498465,770978676,19353216,1519,79003,"",1.23,2.02,2.18,2.02,1.75,1.08,1.08,"",81,8.0,403,2.5,139545345,12.0,65203459,9.2,3284944,20.4,129,9.3,6715,9.3
"32033","5","238","75","0","2025","A","",14,120,9270524,6164374,181059,1490,77470,"",1.08,0.81,0.78,0.99,1.15,0.96,0.96,"",2,16.7,45,60.0,3902354,72.7,3089991,100.5,129674,252.4,106,7.7,5495,7.6
"32510","5","238","75","0","2025","A","",133,1509,132494225,79222305,2904072,1689,87803,"",1.25,1.39,1.68,2.08,2.47,1.21,1.21,"",-1,-0.7,280,22.8,46010618,53.2,25767316,48.2,1313209,82.5,336,24.8,17453,24.8
"32999","5","238","75","0","2025","A","",38,258,27539149,14098413,290795,2054,106810,"",0.10,0.33,0.33,0.28,0.17,1.01,1.01,"",-6,-13.6,-29,-10.1,2709190,10.9,-413703,-2.9,-38789,-11.8,391,23.5,20320,23.5
"33000","5","238","55","0","2025","A","",3748,21821,1787342115,387705675,3599938,1575,81910,"",1.15,0.95,0.96,0.90,0.94,1.01,1.01,"",-35,-0.9,267,1.2,68203556,4.0,7323639,1.9,-155101,-4.1,41,2.7,2149,2.7
"33001","5","238","75","0","2025","A","",189,941,74995581,17650358,285182,1533,79698,"",1.75,1.09,1.51,1.15,1.84,1.39,1.39,"",9,5.0,14,1.5,2916245,4.0,530325,3.1,8628,3.1,37,2.5,1908,2.5
"33003","5","238","75","0","2025","A","",183,632,41191933,11218229,92213,1253,65169,"",1.78,0.94,1.15,0.90,0.74,1.22,1.22,"",7,4.0,17,2.8,1993137,5.1,279948,2.6,2420,2.7,27,2.2,1431,2.2
"33005","5","238","75","0","2025","A","",230,1391,101328524,25109975,163080,1401,72846,"",2.11,1.35,1.60,1.40,1.25,1.18,1.18,"",-4,-1.7,14,1.0,5011886,5.2,-15580,-0.1,-23450,-12.6,56,4.2,2882,4.1
"33007","5","238","75","0","2025","A","",67,320,27769656,6958977,151868,1670,86825,"",1.32,0.82,1.28,1.17,2.52,1.57,1.57,"",3,4.7,8,2.6,713114,2.6,1008098,16.9,10787,7.6,5,0.3,221,0.3
"33009","5","238","75","0","2025","A","",212,1040,74126579,18055369,161892,1371,71293,"",1.29,0.57,0.52,0.73,0.95,0.92,0.92,"",-5,-2.3,34,3.4,3210628,4.5,123268,0.7,-5505,-3.3,16,1.2,823,1.2
"33011","5","238","75","0","2025","A","",976,6935,602634907,120533559,923852,1671,86903,"",1.59,1.04,1.08,0.96,0.95,1.04,1.04,"",-26,-2.6,12,0.2,24989947,4.3,-766048,-0.6,-152568,-14.2,66,4.1,3467,4.2
"33013","5","238","75","0","2025","A","",372,2352,189457337,42316657,434914,1549,80560,"",1.40,0.92,1.04,1.04,1.30,1.13,1.13,"",-27,-6.8,-54,-2.2,2039771,1.1,139604,0.3,-76416,-14.9,51,3.4,2656,3.4
"33015","5","238","75","0","2025","A","",868,5588,456532083,96676192,831298,1571,81699,"",1.50,1.06,1.14,0.90,0.95,1.07,1.07,"",8,0.9,55,1.0,17803034,4.1,3857386,4.2,13812,1.7,46,3.0,2405,3.0
"33017","5","238","75","0","2025","A","",252,1356,99354907,24418814,187500,1409,73271,"",1.63,0.87,0.94,0.92,0.97,1.08,1.08,"",-2,-0.8,74,5.8,7167024,7.8,556138,2.3,-12709,-6.3,26,1.9,1343,1.9
"33019","5","238","75","0","2025","A","",97,411,26055002,7777002,108513,1220,63458,"",1.67,0.88,0.93,0.91,1.72,1.06,1.06,"",3,3.2,9,2.2,1091867,4.4,213692,2.8,-5065,-4.5,26,2.2,1361,2.2
"33999","5","238","75","0","2025","A","",302,856,93895606,16990543,259626,2109,109659,"",0.28,0.49,0.34,0.38,0.35,0.69,0.69,"",-1,-0.3,85,11.0,1266903,1.4,1396808,9.0,84965,48.6,-202,-8.7,-10495,-8.7
"34000","5","238","55","0","2025","A","",13530,106689,9334747930,4913113371,162499613,1683,87495,"",0.84,0.74,0.75,0.75,0.83,1.01,1.01,"",-110,-0.8,624,0.6,357053681,4.0,184895165,3.9,-9167809,-5.3,55,3.4,2852,3.4
"34001","5","238","75","0","2025","A","",437,3513,260093759,152941398,5942508,1424,74034,"",1.21,0.84,1.01,0.91,1.17,1.20,1.20,"",3,0.7,188,5.7,15777137,6.5,11387608,8.0,-39732,-0.7,11,0.8,561,0.8
"34003","5","238","75","0","2025","A","",1495,10349,886520626,471521116,15045394,1647,85664,"",0.84,0.71,0.73,0.69,0.77,1.03,1.03,"",-43,-2.8,-71,-0.7,29411300,3.4,9819613,2.1,-1253449,-7.7,65,4.1,3410,4.1
"34005","5","238","75","0","2025","A","",547,4355,376377376,192655225,6049921,1662,86431,"",0.89,0.61,0.72,0.59,0.66,1.18,1.18,"",-21,-3.7,-104,-2.3,2753296,0.7,257508,0.1,-486981,-7.4,51,3.2,2640,3.2
"34007","5","238","75","0","2025","A","",634,6357,568236286,301225999,11033838,1719,89390,"",0.91,0.92,1.15,1.07,1.34,1.26,1.26,"",-12,-1.9,193,3.1,50578722,9.8,23784353,8.6,137072,1.3,104,6.4,5410,6.4
"34009","5","238","75","0","2025","A","",285,1602,94587000,65366137,1702174,1136,59055,"",1.43,1.11,1.30,1.15,0.67,1.18,1.18,"",16,5.9,33,2.1,4321438,4.8,4055800,6.6,-92155,-5.1,30,2.7,1540,2.7
"34011","5","238","75","0","2025","A","",188,2266,188328957,104552870,3834733,1598,83102,"",1.01,1.12,1.58,1.27,1.38,1.40,1.41,"",8,4.4,0,0.0,-4662034,-2.4,4510460,4.5,19227,0.5,-40,-2.4,-2082,-2.4
"34013","5","238","75","0","2025","A","",762,6092,545063047,277552566,8975444,1721,89479,"",0.65,0.52,0.51,0.55,0.64,0.98,0.98,"",-26,-3.3,10,0.2,21085545,4.0,3629068,1.3,-755576,-7.8,64,3.9,3321,3.9
"34015","5","238","75","0","2025","A","",445,4374,394213093,216071562,7876270,1733,90128,"",1.21,1.02,1.53,1.22,1.40,1.50,1.50,"",4,0.9,253,6.1,44099641,12.6,26036629,13.7,363107,4.8,99,6.1,5170,6.1
"34017","5","238","75","0","2025","A","",390,3007,287385334,138957424,4261147,1838,95564,"",0.41,0.33,0.32,0.31,0.33,0.96,0.96,"",13,3.4,155,5.4,21462262,8.1,12935183,10.3,20713,0.5,45,2.5,2337,2.5
"34019","5","238","75","0","2025","A","",270,1945,175039521,88759422,2707149,1731,90014,"",1.37,1.23,1.45,1.25,1.34,1.18,1.18,"",-11,-3.9,54,2.9,7194462,4.3,4507203,5.3,-252458,-8.5,24,1.4,1266,1.4
"34021","5","238","75","0","2025","A","",360,3543,336209244,168560018,6188713,1825,94905,"",0.63,0.41,0.41,0.56,0.73,1.00,1.00,"",-8,-2.2,19,0.5,15566008,4.9,8626534,5.4,-179398,-2.8,75,4.3,3929,4.3
"34023","5","238","75","0","2025","A","",887,9199,896141649,442459613,16507374,1873,97416,"",0.71,0.64,0.72,0.66,0.85,1.14,1.14,"",-6,-0.7,19,0.2,50977250,6.0,22287504,5.3,-701049,-4.1,103,5.8,5355,5.8
"34025","5","238","75","0","2025","A","",1159,11076,947192141,501734317,15211581,1645,85517,"",1.08,1.19,1.36,1.27,1.29,1.15,1.15,"",-23,-1.9,129,1.2,48315719,5.4,20505235,4.3,-832246,-5.2,66,4.2,3408,4.2
"34027","5","238","75","0","2025","A","",932,8730,797701203,401441587,13862953,1757,91378,"",1.06,0.87,0.76,0.81,0.97,0.88,0.88,"",-18,-1.9,-241,-2.7,-10260778,-1.3,-4154431,-1.0,-1544602,-10.0,25,1.4,1316,1.5
"34029","5","238","75","0","2025","A","",1160,7254,510674847,308632360,8295642,1354,70401,"",1.46,1.13,1.34,1.19,1.04,1.19,1.19,"",-16,-1.4,60,0.8,21829436,4.5,10693832,3.6,-662856,-7.4,47,3.6,2454,3.6
"34031","5","238","75","0","2025","A","",776,5178,443972021,232934366,7267806,1649,85739,"",1.02,0.89,1.17,0.94,1.00,1.32,1.32,"",15,2.0,-80,-1.5,2324804,0.5,969714,0.4,-706565,-8.9,34,2.1,1745,2.1
"34033","5","238","75","0","2025","A","",79,878,66807006,39537011,1097534,1464,76104,"",1.07,1.19,1.29,1.19,1.06,1.09,1.09,"",4,5.3,91,11.6,8212717,14.0,4766498,13.7,-224,0.0,33,2.3,1683,2.3
"34035","5","238","75","0","2025","A","",510,4438,391086178,204394581,6648257,1695,88130,"",0.94,0.69,0.54,0.61,0.71,0.78,0.78,"",3,0.6,198,4.7,35071407,9.9,14473537,7.6,-112928,-1.7,80,5.0,4174,5.0
"34037","5","238","75","0","2025","A","",293,1492,118186453,66333053,2156631,1524,79240,"",1.65,1.15,1.51,1.29,1.36,1.31,1.31,"",1,0.3,31,2.1,5400733,4.8,3521632,5.6,-229693,-9.6,39,2.6,2029,2.6
"34039","5","238","75","0","2025","A","",806,6308,574609225,295674067,9227284,1752,91096,"",0.99,0.82,0.86,0.83,0.92,1.06,1.06,"",1,0.1,-259,-3.9,2056975,0.4,-3018281,-1.0,-1043706,-10.2,75,4.5,3910,4.5
"34041","5","238","75","0","2025","A","",188,823,62061272,35552286,1239090,1449,75370,"",1.34,0.73,0.83,0.76,0.94,1.15,1.15,"",-5,-2.6,-15,-1.8,570339,0.9,-884978,-2.4,-214703,-14.8,37,2.6,1970,2.7
"34999","5","238","75","0","2025","A","",926,3913,414261692,206256393,7368170,2036,105877,"",0.37,0.50,0.36,0.37,0.35,0.72,0.72,"",10,1.1,-33,-0.8,-15032698,-3.5,6184944,3.1,-599607,-7.5,-56,-2.7,-2927,-2.7
"35000","3","238","55","0","2025","A","",4,9,562197,0,0,1169,60778,"",9.53,1.58,1.90,0.00,0.00,1.17,1.17,"",-1,-20.0,-3,-25.0,-63970,-10.2,0,0.0,0,0.0,129,12.4,6720,12.4
"35000","5","238","55","0","2025","A","",3291,30089,1997140104,1102303767,14252939,1276,66374,"",0.98,1.03,1.08,1.07,0.96,1.05,1.05,"",-23,-0.7,-63,-0.2,69435621,3.6,54916529,5.2,1564201,12.3,47,3.8,2440,3.8
"35001","5","238","75","0","2025","A","",1170,14398,981321967,533973611,7168281,1311,68155,"",1.03,1.24,1.28,1.29,1.24,1.03,1.03,"",29,2.5,-251,-1.7,-3641202,-0.4,15543058,3.0,816047,12.8,18,1.4,919,1.4
"35003","5","238","75","0","2025","A","N",5,0,0,0,0,0,0,"N",0.72,0,0,0,0,0,0,"N",1,25.0,0,0,0,0,0,0,0,0,0,0,0,0
"35005","5","238","75","0","2025","A","",80,458,25246141,14759688,124483,1060,55133,"",0.89,0.63,0.70,0.62,0.48,1.12,1.12,"",-4,-4.8,-14,-3.0,-387405,-1.5,-433495,-2.9,-12245,-9.0,16,1.5,825,1.5
"35006","5","238","75","0","2025","A","N",15,0,0,0,0,0,0,"N",0.64,0,0,0,0,0,0,"N",2,15.4,0,0,0,0,0,0,0,0,0,0,0,0
"35007","5","238","75","0","2025","A","",20,67,2951293,2262800,26236,845,43940,"",0.75,0.47,0.46,0.60,0.46,0.98,0.98,"",-2,-9.1,1,1.5,102739,3.6,241290,11.9,8912,51.4,17,2.1,889,2.1
"35009","5","238","75","0","2025","A","",75,760,38441319,24984630,247336,973,50575,"",1.13,1.25,1.29,1.30,1.24,1.04,1.04,"",4,5.6,9,1.2,3231017,9.2,1612693,6.9,57241,30.1,71,7.9,3670,7.8
"35011","5","238","75","0","2025","A","N",4,0,0,0,0,0,0,"N",1.00,0,0,0,0,0,0,"N",1,33.3,0,0,0,0,0,0,0,0,0,0,0,0
"35013","5","238","75","0","2025","A","",312,2480,131529394,83522956,1265099,1020,53036,"",1.07,0.91,0.92,0.95,0.79,1.01,1.01,"",-2,-0.6,52,2.1,8337692,6.8,7602974,10.0,204765,19.3,44,4.5,2300,4.5
"35015","5","238","75","0","2025","A","",102,1438,113764394,57417324,457363,1522,79136,"",1.03,1.25,1.24,1.07,0.60,0.99,0.99,"",-4,-3.8,49,3.5,6129855,5.7,5973434,11.6,32740,7.7,31,2.1,1622,2.1
"35017","5","238","75","0","2025","A","",33,264,14496458,8784988,92614,1055,54842,"",0.88,0.84,0.81,0.87,0.80,0.95,0.95,"",3,10.0,14,5.6,337579,2.4,705224,8.7,-22238,-19.4,-32,-2.9,-1680,-3.0
"35019","5","238","75","0","2025","A","N",4,0,0,0,0,0,0,"N",0.46,0,0,0,0,0,0,"N",0,0.0,0,0,0,0,0,0,0,0,0,0,0,0
"35021","5","238","75","0","2025","A","N",2,0,0,0,0,0,0,"N",1.28,0,0,0,0,0,0,"N",0,0.0,0,0,0,0,0,0,0,0,0,0,0,0
"35023","3","238","75","0","2025","A","",1,5,274187,0,0,1110,57724,"",998.10,603.95,690.83,0.00,0.00,1.20,1.20,"",0,0.0,0,0.0,29297,12.0,0,0.0,0,0.0,101,10.0,5248,10.0
"35023","5","238","75","0","2025","A","N",3,0,0,0,0,0,0,"N",0.37,0,0,0,0,0,0,"N",1,50.0,0,0,0,0,0,0,0,0,0,0,0,0
"35025","5","238","75","0","2025","A","",109,1200,99853302,48404092,501179,1601,83228,"",1.01,1.05,1.22,0.98,0.85,1.16,1.16,"",0,0.0,84,7.5,10363128,11.6,5153232,11.9,99758,24.9,59,3.8,3040,3.8
"35027","5","238","75","0","2025","A","",49,215,10263752,7230191,60731,917,47664,"",1.12,0.96,1.00,1.07,0.75,1.04,1.04,"",-1,-2.0,14,7.0,1327122,14.9,594087,9.0,13682,29.1,62,7.3,3222,7.2
"35028","5","238","75","0","2025","A","N",16,0,0,0,0,0,0,"N",0.54,0,0,0,0,0,0,"N",1,6.7,0,0,0,0,0,0,0,0,0,0,0,0
"35029","5","238","75","0","2025","A","",22,204,24609660,8000700,163627,2325,120882,"",0.78,0.75,1.75,0.97,0.76,2.32,2.32,"",-2,-8.3,-44,-17.7,4999194,25.5,-2119259,-20.9,4446,2.8,801,52.6,41648,52.6
"35031","5","238","75","0","2025","A","",44,397,19953511,13359978,130424,967,50261,"",0.74,0.61,0.63,0.76,0.57,1.02,1.02,"",0,0.0,39,10.9,3530684,21.5,2048505,18.1,-19487,-13.0,85,9.6,4398,9.6
"35033","5","238","75","0","2025","A","N",4,0,0,0,0,0,0,"N",0.58,0,0,0,0,0,0,"N",0,0.0,0,0,0,0,0,0,0,0,0,0,0,0
"35035","3","238","75","0","2025","A","",1,3,200854,0,0,1288,66951,"",121.61,26.32,41.47,0.00,0.00,1.58,1.58,"",0,0.0,0,0.0,-16390,-7.5,0,0.0,0,0.0,65,5.3,3367,5.3
"35035","5","238","75","0","2025","A","",69,582,32113885,19700795,178934,1062,55218,"",1.05,0.99,1.06,1.30,0.82,1.07,1.07,"",-3,-4.2,30,5.4,5312472,19.8,2371199,13.7,43808,32.4,128,13.7,6657,13.7
"35037","3","238","75","0","2025","A","",1,2,87156,0,0,1117,58104,"",488.62,120.93,142.32,0.00,0.00,1.57,1.57,"",0,0.0,1,100.0,-16194,-15.7,0,0.0,0,0.0,-871,-43.8,-45246,-43.8
"35037","5","238","75","0","2025","A","",9,38,1378488,1047012,3717,695,36118,"",0.55,0.45,0.36,0.54,0.17,0.80,0.80,"N",1,12.5,0,0,0,0,0,0,0,0,0,0,0,0
"35039","3","238","75","0","2025","A","",1,0,0,0,0,0,0,"",187.72,0.00,0.00,0.00,0.00,0.00,0.00,"",0,0.0,-2,-100.0,-13102,-100.0,0,0.0,0,0.0,-126,-100.0,-6551,-100.0
"35039","5","238","75","0","2025","A","",46,148,8259145,5131140,97438,1076,55931,"",1.08,0.46,0.51,0.54,0.69,1.11,1.11,"",1,2.2,10,7.2,1434025,21.0,759143,17.4,22023,29.2,128,13.5,6652,13.5
"35041","5","238","75","0","2025","A","N",24,0,0,0,0,0,0,"N",1.01,0,0,0,0,0,0,"N",-2,-7.7,0,0,0,0,0,0,0,0,0,0,0,0
"35043","5","238","75","0","2025","A","",172,1310,93706567,48895193,722684,1376,71541,"",1.04,1.09,1.27,1.17,1.32,1.16,1.16,"",-10,-5.5,-40,-3.0,3082131,3.4,310410,0.6,15217,2.2,85,6.6,4412,6.6
"35045","5","238","75","0","2025","A","",170,1610,101612068,55133782,493620,1214,63126,"",1.12,1.01,1.08,0.97,0.59,1.07,1.07,"",-2,-1.2,-6,-0.4,-660623,-0.6,-5039,0.0,-124333,-20.1,-3,-0.2,-162,-0.3
"35047","5","238","75","0","2025","A","",31,153,8103328,4920729,54185,1018,52934,"",0.80,0.58,0.68,0.80,0.64,1.17,1.17,"",1,3.3,-33,-17.7,-1313993,-14.0,-702992,-12.5,19619,56.8,46,4.7,2394,4.7
"35049","5","238","75","0","2025","A","",299,1752,99997164,58510027,471986,1098,57076,"",0.90,0.85,0.75,0.90,0.60,0.89,0.89,"",2,0.7,77,4.6,10467377,11.7,4031752,7.4,114824,32.1,70,6.8,3639,6.8
"35051","5","238","75","0","2025","A","",12,51,2415125,1683702,41124,908,47201,"",0.65,0.42,0.43,0.47,0.54,1.03,1.03,"",-2,-14.3,11,27.5,791762,48.8,416927,32.9,11620,39.4,132,17.0,6869,17.0
"35053","5","238","75","0","2025","A","",11,37,1700885,1266047,6398,890,46283,"",0.59,0.23,0.19,0.33,0.15,0.86,0.86,"",0,0.0,-2,-5.1,-160689,-8.6,83043,7.0,578,9.9,-36,-3.9,-1861,-3.9
"35055","5","238","75","0","2025","A","",64,244,12456767,7568050,147261,981,51035,"",0.91,0.66,0.71,0.62,0.58,1.07,1.07,"",-6,-8.6,10,4.3,928586,8.1,427173,6.0,37620,34.3,35,3.7,1857,3.8
"35057","5","238","75","0","2025","A","N",18,0,0,0,0,0,0,"N",0.98,0,0,0,0,0,0,"N",0,0.0,0,0,0,0,0,0,0,0,0,0,0,0
"35059","5","238","75","0","2025","A","",8,17,715843,487378,2894,802,41700,"",0.91,0.42,0.36,0.57,0.33,0.86,0.86,"",1,14.3,1,6.2,106115,17.4,40944,9.2,484,20.1,88,12.3,4559,12.3
"35061","5","238","75","0","2025","A","",126,1263,97813348,51582052,1142665,1490,77466,"",1.63,2.11,3.18,2.53,3.55,1.51,1.51,"",-4,-3.1,-31,-2.4,2414759,2.5,3720239,7.8,264595,30.1,72,5.1,3714,5.0
"35999","5","238","75","0","2025","A","",162,649,50751869,31506979,512910,1504,78190,"",0.68,0.80,0.74,0.70,0.46,0.93,0.93,"",-28,-14.7,-62,-8.7,8529485,20.2,4441872,16.4,-42692,-7.7,361,31.6,18778,31.6
"36000","5","238","55","0","2025","A","",29836,246320,21638114375,4375321165,216119128,1689,87846,"",0.86,0.75,0.66,0.76,0.77,0.88,0.88,"",-1148,-3.7,-3157,-1.3,727283362,3.5,103960932,2.4,11285803,5.5,77,4.8,4027,4.8
"36001","5","238","75","0","2025","A","",456,5751,558097766,101885608,5521136,1866,97044,"",0.83,0.73,0.82,1.00,1.12,1.13,1.13,"",-21,-4.4,387,7.2,52164022,10.3,13392524,15.1,1130645,25.8,52,2.9,2724,2.9
"36003","5","238","75","0","2025","A","N",41,0,0,0,0,0,0,"N",0.93,0,0,0,0,0,0,"N",2,5.1,0,0,0,0,0,0,0,0,0,0,0,0
"36005","5","238","75","0","2025","A","",772,6727,617370994,119628983,5642448,1765,91769,"",0.79,0.57,0.72,0.68,0.64,1.28,1.28,"",-31,-3.9,-602,-8.2,-28712336,-4.4,-11346792,-8.7,-227612,-3.9,70,4.1,3615,4.1
"36007","5","238","75","0","2025","A","",231,2484,196522784,43989802,2347059,1522,79121,"",1.08,0.89,1.10,1.01,1.31,1.24,1.24,"",-11,-4.5,94,3.9,12101231,6.6,4822822,12.3,185147,8.6,38,2.6,1971,2.6
"36009","5","238","75","0","2025","A","",86,524,39936765,9311802,519444,1466,76239,"",1.00,0.56,0.76,0.74,0.86,1.37,1.37,"",2,2.4,22,4.4,2855926,7.7,506340,5.8,14119,2.8,46,3.2,2397,3.2
"36011","5","238","75","0","2025","A","",121,856,75221965,16344815,920092,1689,87850,"",1.44,1.04,1.40,1.32,1.51,1.34,1.34,"",-6,-4.7,-13,-1.5,-905099,-1.2,-260120,-1.6,-52027,-5.4,5,0.3,289,0.3
"36013","5","238","75","0","2025","A","",166,1227,85892991,21121825,1326556,1346,69998,"",1.07,0.80,1.02,0.92,1.18,1.28,1.28,"",-12,-6.7,-6,-0.5,5906500,7.4,863948,4.3,93035,7.5,98,7.9,5113,7.9
"36015","5","238","75","0","2025","A","",89,962,76205983,17115856,1006397,1523,79189,"",0.98,0.86,1.06,1.07,1.33,1.24,1.24,"",-7,-7.3,-80,-7.7,-586388,-0.8,-183407,-1.1,-8986,-0.9,106,7.5,5527,7.5
"36017","5","238","75","0","2025","A","",62,342,21144859,5553131,309047,1189,61827,"",1.23,0.58,0.53,0.57,0.80,0.92,0.92,"",1,1.6,-2,-0.6,1189280,6.0,128495,2.4,4008,1.3,74,6.6,3831,6.6
"36019","5","238","75","0","2025","A","",92,687,46140115,11727738,657912,1291,67137,"",0.97,0.65,0.70,0.80,0.93,1.07,1.07,"",-3,-3.2,60,9.6,5292544,13.0,652939,5.9,47605,7.8,39,3.1,2024,3.1
"36021","5","238","75","0","2025","A","",142,681,43412273,11017857,466067,1225,63724,"",1.32,0.97,1.05,0.99,0.90,1.08,1.08,"",-5,-3.4,-6,-0.9,3104322,7.7,-87871,-0.8,24246,5.5,97,8.6,5044,8.6
"36023","5","238","75","0","2025","A","",48,192,12943547,3205497,171416,1296,67414,"",0.89,0.33,0.38,0.38,0.41,1.17,1.17,"",-1,-2.0,10,5.5,962841,8.0,171498,5.7,12820,8.1,28,2.2,1465,2.2
"36025","5","238","75","0","2025","A","",65,259,17791844,4460144,256256,1321,68716,"",1.06,0.55,0.55,0.63,0.73,1.01,1.01,"",-3,-4.4,-7,-2.6,191789,1.1,-26515,-0.6,-3784,-1.5,50,3.9,2633,4.0
"36027","5","238","75","0","2025","A","",603,3441,276110498,62088765,2619393,1543,80234,"",1.38,0.88,0.96,1.10,1.02,1.09,1.09,"",-31,-4.9,-167,-4.6,1471042,0.5,2186566,3.7,261432,11.1,79,5.4,4111,5.4
"36029","5","238","75","0","2025","A","",1303,13400,1189736605,239801750,13197968,1707,88790,"",1.08,0.86,1.09,0.96,1.08,1.27,1.27,"",-57,-4.2,488,3.8,178240456,17.6,18853905,8.5,1273934,10.7,200,13.3,10450,13.3
"36031","5","238","75","0","2025","A","",74,317,19405525,5339008,294559,1178,61232,"",1.15,0.62,0.63,0.68,0.74,1.01,1.01,"",0,0.0,12,3.9,1856051,10.6,278267,5.5,19743,7.2,73,6.6,3771,6.6
"36033","5","238","75","0","2025","A","",54,292,16569110,4895113,231384,1093,56825,"",1.01,0.50,0.39,0.82,0.82,0.79,0.79,"",1,1.9,3,1.0,-121652,-0.7,-250030,-4.9,7723,3.5,-18,-1.6,-962,-1.7
"36035","5","238","75","0","2025","A","",62,269,15996658,5075913,301484,1142,59375,"",1.10,0.50,0.52,0.65,0.84,1.04,1.04,"",4,6.9,14,5.5,1774166,12.5,495889,10.8,65084,27.5,71,6.6,3673,6.6
"36037","5","238","75","0","2025","A","",90,518,34104589,9637270,418189,1267,65892,"",1.23,0.66,0.73,0.81,0.74,1.11,1.11,"",0,0.0,24,4.9,5245243,18.2,1620373,20.2,31310,8.1,145,12.9,7531,12.9
"36039","5","238","75","0","2025","A","",92,321,18327913,5431696,196104,1097,57067,"",1.36,0.67,0.60,0.72,0.53,0.89,0.89,"",1,1.1,11,3.5,1507759,9.0,453642,9.1,13547,7.4,55,5.3,2867,5.3
"36041","5","238","75","0","2025","A","N",9,0,0,0,0,0,0,"N",0.79,0,0,0,0,0,0,"N",-2,-18.2,0,0,0,0,0,0,0,0,0,0,0,0
"36043","5","238","75","0","2025","A","",87,531,46338179,10113826,649586,1679,87293,"",1.38,1.00,1.66,1.34,1.61,1.66,1.66,"",-4,-4.4,23,4.5,3544489,8.3,1113253,12.4,47106,7.8,60,3.7,3122,3.7
"36045","5","238","75","0","2025","A","",132,855,57278494,14197625,851569,1289,67025,"",0.94,0.63,0.73,0.78,0.87,1.16,1.16,"",-11,-7.7,-33,-3.7,470893,0.8,-93001,-0.7,13050,1.6,58,4.7,3022,4.7
"36047","5","238","75","0","2025","A","",2437,19679,1390172732,345132090,13426596,1358,70641,"",0.67,0.64,0.73,0.61,0.50,1.14,1.14,"",-118,-4.6,-1711,-8.0,-110961844,-7.4,-18823746,-5.2,-570488,-4.1,8,0.6,462,0.7
"36049","5","238","75","0","2025","A","",41,231,16668386,3840947,274414,1390,72262,"",1.41,0.98,1.26,1.10,1.48,1.29,1.29,"",0,0.0,14,6.5,2130244,14.7,281436,7.9,35774,15.0,101,7.8,5214,7.8
"36051","5","238","75","0","2025","A","",91,429,28821797,7506421,402168,1291,67132,"",1.26,0.65,0.74,0.80,0.78,1.15,1.15,"",-1,-1.1,2,0.5,3220519,12.6,606110,8.8,22032,5.8,137,11.9,7117,11.9
"36053","5","238","75","0","2025","A","",84,463,32004208,7937467,476677,1329,69124,"",1.06,0.67,0.79,0.91,1.07,1.19,1.19,"",-1,-1.2,54,13.2,6820439,27.1,1024063,14.8,100394,26.7,144,12.2,7512,12.2
"36055","5","238","75","0","2025","A","",1000,11376,923230757,197020416,9721430,1561,81160,"",1.05,0.88,1.03,1.02,1.04,1.17,1.17,"",-40,-3.8,382,3.5,85614056,10.2,12247753,6.6,1092493,12.7,96,6.6,4975,6.5
"36057","5","238","75","0","2025","A","",85,330,18450722,6650957,319754,1074,55827,"",1.42,0.50,0.51,0.62,0.62,1.00,1.00,"",-6,-6.6,-50,-13.2,-3243086,-14.9,-90610,-1.3,-28027,-8.1,-24,-2.2,-1249,-2.2
"36059","5","238","75","0","2025","A","",2715,21871,2042744772,391019909,19544769,1796,93401,"",0.99,1.03,1.20,1.09,1.13,1.17,1.17,"",-73,-2.6,466,2.2,124305512,6.5,20709347,5.6,1650678,9.2,72,4.2,3775,4.2
"36061","5","238","75","0","2025","A","",1025,17505,1966677958,328137000,19734983,2161,112347,"",0.16,0.21,0.13,0.20,0.23,0.63,0.63,"",-30,-2.8,-147,-0.8,81962988,4.3,11608503,3.7,1572649,8.7,108,5.3,5578,5.2
"36063","5","238","75","0","2025","A","",329,2080,142932987,35341125,2052369,1322,68723,"",1.38,0.91,1.06,0.97,1.10,1.17,1.17,"",-8,-2.4,-49,-2.3,6732155,4.9,-1282507,-3.5,16777,0.8,92,7.5,4739,7.4
"36065","5","238","75","0","2025","A","",256,1651,122032451,29885059,1779269,1421,73899,"",0.99,0.49,0.56,0.67,0.86,1.16,1.16,"",1,0.4,173,11.7,18371979,17.7,5096286,20.6,386971,27.8,73,5.4,3783,5.4
"36067","5","238","75","0","2025","A","",616,6868,604763722,119283420,6712713,1693,88060,"",0.98,0.82,0.98,0.93,1.11,1.20,1.20,"",-20,-3.1,291,4.4,65756160,12.2,10713693,9.9,628747,10.3,117,7.4,6107,7.5
"36069","5","238","75","0","2025","A","",168,2596,287302285,47916715,2431547,2129,110692,"",1.05,1.45,2.41,1.66,1.68,1.67,1.67,"",-10,-5.6,156,6.4,34724466,13.7,4687595,10.8,222109,10.1,138,6.9,7169,6.9
"36071","5","238","75","0","2025","A","",839,5279,388794234,92866792,4090318,1416,73650,"",1.45,1.02,1.17,1.10,1.00,1.15,1.15,"",-28,-3.2,198,3.9,26444773,7.3,7298940,8.5,511562,14.3,45,3.3,2334,3.3
"36073","5","238","75","0","2025","A","",52,200,11035566,3355482,188169,1061,55155,"",1.29,0.52,0.47,0.61,0.66,0.91,0.91,"",-1,-1.9,-6,-2.9,62659,0.6,-70872,-2.1,3671,2.0,35,3.4,1802,3.4
"36075","5","238","75","0","2025","A","",178,856,67497534,17625315,1109924,1517,78875,"",1.58,0.79,0.97,1.16,1.40,1.23,1.23,"",-10,-5.3,40,4.9,15194618,29.1,2783500,18.8,215341,24.1,285,23.1,14791,23.1
"36077","5","238","75","0","2025","A","",56,226,13523327,4179766,201692,1150,59816,"",0.75,0.30,0.29,0.48,0.48,0.97,0.97,"",-3,-5.1,0,0.0,873110,6.9,359688,9.4,-1770,-0.9,76,7.1,3965,7.1
"36079","5","238","75","0","2025","A","",356,1850,150598768,31012659,1146210,1565,81383,"",2.21,2.06,2.41,2.06,1.60,1.17,1.17,"",-17,-4.6,-120,-6.1,-5537590,-3.5,-1624066,-5.0,-150805,-11.6,41,2.7,2139,2.7
"36081","5","238","75","0","2025","A","",2921,31155,3017845250,553988081,27317401,1863,96866,"",1.04,1.24,1.69,1.23,1.27,1.36,1.36,"",-168,-5.4,-1465,-4.5,11817662,0.4,-5453726,-1.0,798512,3.0,91,5.1,4712,5.1
"36083","5","238","75","0","2025","A","",230,1684,157645525,29063683,1820985,1800,93618,"",1.37,0.89,1.13,1.14,1.47,1.26,1.26,"",-16,-6.5,-28,-1.6,14464462,10.1,24480,0.1,48900,2.8,192,11.9,10000,12.0
"36085","5","238","75","0","2025","A","",761,6471,564651227,111360306,5514704,1678,87253,"",1.47,1.42,1.82,1.59,1.54,1.28,1.28,"",-36,-4.5,-460,-6.6,-14433308,-2.5,-2961252,-2.6,-213449,-3.7,71,4.4,3702,4.4
"36087","5","238","75","0","2025","A","",846,6801,526348539,115717587,4223772,1488,77391,"",1.37,1.47,1.68,1.50,1.14,1.14,1.14,"",-5,-0.6,262,4.0,34609486,7.0,5298941,4.8,86181,2.1,42,2.9,2190,2.9
"36089","5","238","75","0","2025","A","",102,913,68245729,17421010,1049961,1437,74728,"",1.02,0.79,0.91,1.28,1.49,1.16,1.16,"",-1,-1.0,68,8.0,5761293,9.2,1710207,10.9,-1818,-0.2,14,1.0,745,1.0
"36091","5","238","75","0","2025","A","",391,2986,248614337,54141155,2899183,1601,83265,"",1.24,0.95,1.14,1.01,1.15,1.20,1.20,"",-13,-3.2,-78,-2.5,1059469,0.4,1759416,3.4,1384,0.0,47,3.0,2466,3.1
"36093","5","238","75","0","2025","A","",215,1780,137527926,30456235,1420126,1485,77245,"",1.25,0.88,0.90,0.96,0.98,1.02,1.02,"",-10,-4.4,-5,-0.3,7816874,6.0,1813650,6.3,125267,9.7,88,6.3,4591,6.3
"36095","5","238","75","0","2025","A","",37,193,16574917,3421503,176053,1651,85843,"",1.09,0.68,1.03,0.87,0.78,1.52,1.52,"",-6,-14.0,-3,-1.5,2126276,14.7,100939,3.0,-670,-0.4,235,16.6,12219,16.6
"36097","5","238","75","0","2025","A","N",13,0,0,0,0,0,0,"N",0.57,0,0,0,0,0,0,"N",1,8.3,0,0,0,0,0,0,0,0,0,0,0,0
"36099","5","238","75","0","2025","A","",34,160,13423701,2927956,167592,1610,83724,"",0.93,0.46,0.61,0.55,0.71,1.32,1.32,"",-3,-8.1,-3,-1.8,649410,5.1,33192,1.1,13194,8.5,100,6.6,5194,6.6
"36101","5","238","75","0","2025","A","",86,415,28072075,7540817,379915,1301,67630,"",0.82,0.36,0.31,0.43,0.45,0.88,0.88,"",-1,-1.1,41,11.0,6651510,31.1,1511266,25.1,113008,42.3,199,18.1,10305,18.0
"36103","5","238","75","0","2025","A","",4665,31311,2712522996,528392223,24278312,1666,86631,"",1.71,1.36,1.45,1.33,1.22,1.07,1.07,"",-171,-3.5,-565,-1.8,48779265,1.8,-1053968,-0.2,718177,3.0,59,3.7,3066,3.7
"36105","5","238","75","0","2025","A","",149,636,39750488,10807812,408937,1202,62484,"",1.31,0.62,0.66,0.70,0.59,1.07,1.06,"",1,0.7,56,9.7,5238544,15.2,1659760,18.1,64047,18.6,58,5.1,2998,5.0
"36107","5","238","75","0","2025","A","",42,213,13166864,3639341,226175,1186,61696,"",0.95,0.49,0.44,0.56,0.74,0.90,0.90,"",-2,-4.5,8,3.9,1106632,9.2,307601,9.2,12972,6.1,56,5.0,2961,5.0
"36109","5","238","75","0","2025","A","",108,523,35324483,9300297,488271,1300,67596,"",0.81,0.33,0.31,0.56,0.66,0.94,0.94,"",-6,-5.3,-42,-7.4,-2157758,-5.8,-244615,-2.6,-69345,-12.4,24,1.9,1226,1.8
"36111","5","238","75","0","2025","A","",378,1907,144119688,34245285,1558379,1453,75571,"",1.32,0.94,1.12,1.08,1.03,1.19,1.19,"",-10,-2.6,65,3.5,12140995,9.2,3127526,10.1,175802,12.7,75,5.4,3928,5.5
"36113","5","238","75","0","2025","A","",121,1124,86351921,19501941,1024128,1478,76860,"",1.04,0.91,1.13,0.94,1.01,1.24,1.24,"",-9,-6.9,-110,-8.9,-7631890,-8.1,-1451475,-6.9,46800,4.8,13,0.9,677,0.9
"36115","5","238","75","0","2025","A","",85,544,40753799,10770569,592934,1440,74881,"",1.34,1.09,1.38,1.42,1.63,1.26,1.26,"",-2,-2.3,-23,-4.1,-223286,-0.5,180139,1.7,13194,2.3,51,3.7,2632,3.6
"36117","5","238","75","0","2025","A","",182,883,56343725,15440932,760417,1227,63785,"",1.78,0.92,0.99,1.06,1.07,1.08,1.08,"",3,1.7,18,2.1,2288238,4.2,194619,1.3,46467,6.5,25,2.1,1281,2.0
"36119","5","238","75","0","2025","A","",2260,17930,1587677500,333546066,15185312,1703,88549,"",1.23,1.24,1.15,1.32,1.24,0.93,0.93,"",-70,-3.0,-763,-4.1,-15438507,-1.0,8909609,2.7,656434,4.5,54,3.3,2788,3.3
"36121","5","238","75","0","2025","A","",52,183,10134708,3359875,164233,1064,55305,"",1.15,0.44,0.37,0.57,0.59,0.84,0.84,"",-1,-1.9,-1,-0.5,19321,0.2,61512,1.9,4980,3.1,7,0.7,355,0.6
"36123","5","238","75","0","2025","A","",40,275,19111866,4427315,179604,1336,69498,"",1.19,1.13,1.50,1.26,1.06,1.33,1.33,"",-5,-11.1,20,7.8,2366287,14.1,423980,10.6,19675,12.3,73,5.8,3829,5.8
"36999","5","238","75","0","2025","A","",912,3896,431465404,81412025,4589252,2130,110739,"",0.27,0.54,0.43,0.44,0.45,0.80,0.80,"N",-63,-6.5,0,0,0,0,0,0,0,0,0,0,0,0
"37000","5","238","55","0","2025","A","",21103,173270,12327289241,6152713708,46346995,1368,71145,"",1.20,1.05,1.04,1.05,0.76,0.99,0.99,"",-445,-2.1,4289,2.5,860320554,7.5,278632639,4.7,600441,1.3,63,4.8,3286,4.8
"37001","5","238","75","0","2025","A","",331,2718,177351694,97262855,794082,1255,65257,"",1.60,1.22,1.48,1.26,1.16,1.21,1.21,"",-18,-5.2,72,2.7,17230975,10.8,6508787,7.2,110888,16.2,91,7.8,4747,7.8
"37003","5","238","75","0","2025","A","",74,273,13310330,9105298,66629,938,48786,"",2.13,0.94,0.96,0.94,0.72,1.02,1.02,"",12,19.4,1,0.4,343303,2.6,304894,3.5,-12403,-15.7,21,2.3,1084,2.3
"37005","5","238","75","0","2025","A","N",34,0,0,0,0,0,0,"N",2.11,0,0,0,0,0,0,"N",5,17.2,0,0,0,0,0,0,0,0,0,0,0,0
"37007","5","238","75","0","2025","A","",31,152,7590368,4939273,25150,963,50101,"",1.34,0.68,0.69,0.76,0.56,1.02,1.02,"",2,6.9,27,21.6,1614637,27.0,1144855,30.2,3656,17.0,41,4.4,2135,4.5
"37009","5","238","75","0","2025","A","",56,284,14252642,9149695,99620,964,50141,"",1.56,1.13,1.14,1.13,1.16,1.01,1.01,"",-5,-8.2,-16,-5.3,-905579,-6.0,-361237,-3.8,-1719,-1.7,-8,-0.8,-386,-0.8
"37011","5","238","75","0","2025","A","N",46,0,0,0,0,0,0,"N",1.41,0,0,0,0,0,0,"N",-4,-8.0,0,0,0,0,0,0,0,0,0,0,0,0
"37013","5","238","75","0","2025","A","N",72,0,0,0,0,0,0,"N",1.12,0,0,0,0,0,0,"N",1,1.4,0,0,0,0,0,0,0,0,0,0,0,0
"37015","5","238","75","0","2025","A","N",13,0,0,0,0,0,0,"N",0.78,0,0,0,0,0,0,"N",1,8.3,0,0,0,0,0,0,0,0,0,0,0,0
"37017","5","238","75","0","2025","A","",34,149,8619289,5814631,78181,1114,57912,"",1.04,0.36,0.40,0.37,0.58,1.13,1.13,"",-3,-8.1,-8,-5.1,461068,5.7,117462,2.1,6018,8.3,113,11.3,5838,11.2
"37019","5","238","75","0","2025","A","",349,2464,162875822,85881682,666506,1271,66100,"",1.58,1.71,2.07,1.68,1.26,1.21,1.21,"",7,2.0,411,20.0,39693450,32.2,16522677,23.8,126434,23.4,117,10.1,6089,10.1
"37021","5","238","75","0","2025","A","",638,4300,282078981,150687167,1119847,1262,65606,"",1.03,0.95,1.02,0.88,0.66,1.06,1.06,"",22,3.6,374,9.5,41061556,17.0,17882162,13.5,226372,25.3,82,6.9,4221,6.9
"37023","5","238","75","0","2025","A","",98,594,33805702,21578545,180093,1095,56928,"",1.16,0.60,0.66,0.67,0.68,1.11,1.11,"",7,7.7,38,6.8,2219175,7.0,322645,1.5,19049,11.8,3,0.3,143,0.3
"37025","5","238","75","0","2025","A","",523,4687,342218701,164404338,1119711,1404,73020,"",1.59,1.53,1.92,1.64,1.09,1.26,1.26,"",11,2.1,411,9.6,43317904,14.5,16961903,11.5,84496,8.2,60,4.5,3126,4.5
"37027","5","238","75","0","2025","A","",112,651,36485791,22370302,277813,1078,56074,"",1.45,0.77,0.83,0.77,1.08,1.08,1.08,"",-4,-3.4,-87,-11.8,-3819869,-9.5,-2824718,-11.2,-165960,-37.4,27,2.6,1428,2.6
"37029","5","238","75","0","2025","A","",16,51,2194595,1581307,8634,830,43172,"",1.57,1.27,1.02,1.58,0.96,0.80,0.80,"",0,0.0,11,27.5,531507,32.0,428125,37.1,2086,31.9,22,2.7,1157,2.8
"37031","5","238","75","0","2025","A","",187,1008,53867598,34121117,236095,1028,53458,"",1.42,1.18,1.32,1.29,0.91,1.12,1.12,"",-1,-0.5,1,0.1,1681832,3.2,995767,3.0,15531,7.0,31,3.1,1631,3.1
"37033","5","238","75","0","2025","A","",30,179,9838676,6389495,45671,1055,54863,"",1.88,1.80,1.93,2.39,1.62,1.07,1.07,"N",4,15.4,0,0,0,0,0,0,0,0,0,0,0,0
"37035","5","238","75","0","2025","A","",300,2026,123324772,68015791,519604,1170,60861,"",1.21,0.68,0.70,0.62,0.53,1.03,1.03,"",2,0.7,-137,-6.3,-22800901,-15.6,-11963089,-15.0,-816890,-61.1,-129,-9.9,-6699,-9.9
"37037","5","238","75","0","2025","A","",160,1495,95619997,56860208,448799,1230,63956,"",1.34,2.20,2.49,2.32,1.84,1.13,1.13,"",-4,-2.4,31,2.1,8841881,10.2,4411425,8.4,77822,21.0,90,7.9,4691,7.9
"37039","5","238","75","0","2025","A","",73,229,11246827,7498021,106863,946,49202,"",1.63,0.87,0.90,0.94,1.43,1.04,1.04,"",-1,-1.4,-63,-21.6,-4457144,-28.4,-2570142,-25.5,-35999,-25.2,-88,-8.5,-4563,-8.5
"37041","5","238","75","0","2025","A","",20,77,3690145,2468056,15064,927,48185,"",0.96,0.46,0.42,0.47,0.31,0.94,0.94,"",0,0.0,0,0.0,145247,4.1,115422,4.9,1108,7.9,45,5.1,2296,5.0
"37043","5","238","75","0","2025","A","",30,123,10945738,4044372,29180,1709,88869,"",1.72,1.65,2.98,1.75,1.32,1.81,1.81,"",-1,-3.2,-15,-10.9,981532,9.9,-288450,-6.7,-4053,-12.2,316,22.7,16446,22.7
"37045","5","238","75","0","2025","A","",152,1207,87190311,46663636,354556,1390,72257,"",1.42,1.00,1.34,1.20,0.98,1.34,1.34,"",-7,-4.4,-229,-15.9,-7786854,-8.2,-5304423,-10.2,-319207,-47.4,118,9.3,6102,9.2
"37047","5","238","75","0","2025","A","",72,316,16526337,10510367,81832,1005,52243,"",1.27,0.66,0.70,0.72,0.67,1.06,1.06,"",-2,-2.7,6,1.9,602793,3.8,588406,5.9,634,0.8,18,1.8,904,1.8
"37049","5","238","75","0","2025","A","",142,824,45249899,27817928,165962,1056,54932,"",1.09,0.61,0.58,0.77,0.50,0.96,0.96,"",4,2.9,-46,-5.3,-411193,-0.9,-995467,-3.5,-14883,-8.2,47,4.7,2458,4.7
"37051","5","238","75","0","2025","A","",324,3448,233574603,122425234,1076907,1303,67745,"",0.95,0.84,1.00,1.10,0.97,1.18,1.18,"",-9,-2.7,150,4.5,8846174,3.9,7827943,6.8,98501,10.1,-7,-0.5,-392,-0.6
"37053","5","238","75","0","2025","A","",88,401,22134922,13435737,103752,1062,55211,"",1.79,1.64,1.89,1.63,1.03,1.15,1.15,"",6,7.3,9,2.3,1755037,8.6,749266,5.9,2626,2.6,63,6.3,3288,6.3
"37055","5","238","75","0","2025","A","",172,801,44684831,27292787,206826,1073,55792,"",1.56,1.16,1.32,1.15,0.58,1.14,1.14,"",2,1.2,-11,-1.4,835827,1.9,437829,1.6,8747,4.4,34,3.3,1757,3.3
"37057","5","238","75","0","2025","A","",308,1967,119529416,66571362,487982,1169,60775,"",1.80,1.27,1.41,1.23,0.92,1.11,1.11,"",19,6.6,77,4.1,14934210,14.3,4791486,7.8,19202,4.1,105,9.9,5439,9.8
"37059","5","238","75","0","2025","A","",98,617,40423107,21751555,142521,1260,65498,"",1.80,1.27,1.53,1.27,0.81,1.21,1.21,"",-8,-7.5,-1,-0.2,3301695,8.9,1032709,5.0,-7449,-5.0,104,9.0,5382,9.0
"37061","5","238","75","0","2025","A","",81,585,34996381,20548552,137991,1150,59780,"",1.48,0.89,1.12,0.88,0.62,1.25,1.25,"",-6,-6.9,45,8.3,6922523,24.7,3438797,20.1,-2575,-1.8,150,15.0,7759,14.9
"37063","5","238","75","0","2025","A","",479,3614,261116639,128508216,828960,1390,72256,"",0.87,0.46,0.32,0.51,0.31,0.70,0.70,"",-37,-7.2,-271,-7.0,-11919067,-4.4,-6846934,-5.1,-78567,-8.7,39,2.9,1984,2.8
"37065","5","238","75","0","2025","A","",48,276,14340208,9110662,52550,999,51973,"",1.14,0.56,0.58,0.68,0.40,1.04,1.04,"",-3,-5.9,-40,-12.7,-1719994,-10.7,-992570,-9.8,-26851,-33.8,21,2.1,1123,2.2
"37067","5","238","75","0","2025","A","",640,5822,404891610,206733461,1344202,1337,69546,"",1.21,0.91,0.91,1.07,0.78,1.00,1.00,"",-13,-2.0,432,8.0,43387840,12.0,23939337,13.1,162537,13.8,47,3.6,2474,3.7
"37069","5","238","75","0","2025","A","",224,1397,84449945,47841114,325100,1163,60462,"",2.72,2.87,2.97,2.76,1.92,1.03,1.03,"",28,14.3,76,5.8,4476327,5.6,4497988,10.4,46624,16.7,-1,-0.1,-59,-0.1
"37071","5","238","75","0","2025","A","",444,3732,261436570,134740902,1077626,1347,70051,"",1.65,1.37,1.68,1.47,0.89,1.23,1.23,"",-1,-0.2,152,4.2,26237039,11.2,12323158,10.1,170092,18.7,84,6.7,4357,6.6
"37073","5","238","75","0","2025","A","N",14,0,0,0,0,0,0,"N",1.52,0,0,0,0,0,0,"N",-2,-12.5,0,0,0,0,0,0,0,0,0,0,0,0
"37075","5","238","75","0","2025","A","",24,288,21055227,10602902,94485,1408,73214,"",2.32,4.41,6.33,5.04,3.22,1.44,1.44,"",-1,-4.0,0,0.0,782248,3.9,428179,4.2,-10152,-9.7,55,4.1,2842,4.0
"37077","5","238","75","0","2025","A","",115,523,28092675,17519393,130132,1032,53672,"",2.05,0.74,0.64,0.81,0.63,0.86,0.86,"",-5,-4.2,-82,-13.6,-4296351,-13.3,-2180542,-11.1,-11263,-8.0,2,0.2,114,0.2
"37079","5","238","75","0","2025","A","",41,210,10929080,7051563,45523,999,51940,"",2.17,1.41,1.49,1.95,1.33,1.05,1.05,"",8,24.2,-32,-13.2,-2015240,-15.6,-614923,-8.0,-1101,-2.4,-28,-2.7,-1457,-2.7
"37081","5","238","75","0","2025","A","",853,9330,711858271,324036837,2179110,1467,76294,"",1.06,0.95,1.14,0.95,0.65,1.19,1.19,"",-40,-4.5,30,0.3,35956192,5.3,-5895123,-1.8,-123579,-5.4,69,4.9,3618,5.0
"37083","5","238","75","0","2025","A","",53,387,29042128,14771010,166134,1442,74980,"",1.06,0.77,1.19,0.98,1.18,1.55,1.55,"",0,0.0,1,0.3,3644493,14.3,1005180,7.3,7035,4.4,177,14.0,9197,14.0
"37085","5","238","75","0","2025","A","",272,1412,84775234,45344929,306317,1155,60057,"",2.22,1.42,1.72,1.40,0.99,1.21,1.21,"",9,3.4,92,7.0,10456849,14.1,2721355,6.4,-27983,-8.4,72,6.6,3737,6.6
"37087","5","238","75","0","2025","A","",139,620,36485671,21033359,202355,1131,58800,"",1.47,1.06,1.26,1.04,1.05,1.19,1.19,"",-1,-0.7,27,4.6,917399,2.6,-679515,-3.1,-16154,-7.4,-22,-1.9,-1172,-2.0
"37089","5","238","75","0","2025","A","",336,2060,133794173,71884259,542596,1249,64933,"",1.71,1.40,1.61,1.34,1.05,1.15,1.15,"",10,3.1,90,4.6,13981856,11.7,5682119,8.6,12541,2.4,79,6.8,4099,6.7
"37091","5","238","75","0","2025","A","N",21,0,0,0,0,0,0,"N",0.96,0,0,0,0,0,0,"N",-2,-8.7,0,0,0,0,0,0,0,0,0,0,0,0
"37093","5","238","75","0","2025","A","",34,266,13865344,8964517,60668,1001,52044,"",0.99,0.86,0.93,1.08,0.68,1.08,1.08,"",-10,-22.7,-57,-17.6,-3618560,-20.7,-1512745,-14.4,-4875,-7.4,-39,-3.8,-2016,-3.7
"37095","5","238","75","0","2025","A","",14,88,3666419,2755354,16707,804,41822,"",1.39,1.54,1.44,1.65,0.62,0.94,0.94,"",-1,-6.7,6,7.3,364339,11.0,206740,8.1,4629,38.3,30,3.9,1594,4.0
"37097","5","238","75","0","2025","A","",438,2914,203952970,104331813,812464,1346,69985,"",1.27,1.08,1.15,1.00,0.80,1.07,1.07,"",-14,-3.1,-432,-12.9,-31561260,-13.4,-11517753,-9.9,-86507,-9.6,-7,-0.5,-391,-0.6
"37099","5","238","75","0","2025","A","",103,562,30704093,19289928,219076,1050,54593,"",1.71,0.87,0.96,1.23,1.23,1.09,1.09,"",7,7.3,88,18.6,7089632,30.0,4010478,26.2,33521,18.1,91,9.5,4747,9.5
"37101","5","238","75","0","2025","A","",617,4608,294524285,158735803,1033400,1229,63914,"",2.32,2.10,2.39,2.13,1.42,1.14,1.14,"",35,6.0,378,8.9,32969893,12.6,14095326,9.7,110800,12.0,40,3.4,2076,3.4
"37103","5","238","75","0","2025","A","",15,91,4115951,2721328,21826,871,45313,"",1.64,1.72,1.54,1.96,1.69,0.89,0.89,"",-3,-16.7,4,4.6,567653,16.0,157014,6.1,3446,18.7,84,10.7,4371,10.7
"37105","5","238","75","0","2025","A","",108,832,47432100,29130943,184699,1096,56987,"",1.27,0.91,0.86,0.93,0.63,0.95,0.95,"",-16,-12.9,46,5.9,4658219,10.9,2596373,9.8,-34522,-15.7,49,4.7,2533,4.7
"37107","5","238","75","0","2025","A","",98,1318,103842071,46838008,338226,1516,78808,"",1.51,1.33,1.99,1.42,1.11,1.49,1.49,"",-2,-2.0,69,5.5,23565709,29.4,5212730,12.5,24446,7.8,280,22.7,14518,22.6
"37109","5","238","75","0","2025","A","",222,1479,105865806,53406284,422828,1376,71559,"",1.70,1.53,1.94,1.57,1.18,1.26,1.26,"",11,5.2,69,4.9,7317589,7.4,4472879,9.1,51443,13.9,32,2.4,1663,2.4
"37111","5","238","75","0","2025","A","",79,533,28247175,18325488,226909,1019,52988,"",1.74,1.04,1.13,1.04,1.57,1.09,1.09,"",-3,-3.7,22,4.3,1651029,6.2,1343720,7.9,22200,10.8,18,1.8,949,1.8
"37113","5","238","75","0","2025","A","",157,700,35059884,22647601,216371,964,50115,"",2.25,1.66,1.72,1.52,1.27,1.04,1.04,"",2,1.3,62,9.7,5549610,18.8,2947958,15.0,31566,17.1,75,8.4,3885,8.4
"37115","5","238","75","0","2025","A","",54,191,11540900,6937598,112574,1162,60450,"",1.93,1.31,1.61,1.57,2.26,1.23,1.23,"",4,8.0,33,20.9,2395138,26.2,1582291,29.5,30531,37.2,49,4.4,2596,4.5
"37117","5","238","75","0","2025","A","",21,180,10693168,5730020,29031,1143,59462,"",0.91,0.88,1.28,1.00,0.65,1.45,1.45,"",1,5.0,17,10.4,1099087,11.5,623387,12.2,2897,11.1,13,1.2,693,1.2
"37119","5","238","75","0","2025","A","",2178,26786,2194835481,977109454,7916816,1576,81939,"",0.89,1.01,0.91,0.94,0.72,0.90,0.90,"",-116,-5.1,944,3.7,197413955,9.9,56562298,6.1,742535,10.3,90,6.1,4646,6.0
"37121","5","238","75","0","2025","A","",28,204,11237303,7270271,75945,1061,55152,"",1.35,1.31,1.43,1.32,1.48,1.09,1.09,"",-2,-6.7,38,22.9,3266459,41.0,1825694,33.5,4989,7.0,137,14.8,7087,14.7
"37123","5","238","75","0","2025","A","",41,289,14593655,9054495,72769,972,50570,"",1.42,0.99,0.99,0.92,0.77,1.00,1.01,"N",1,2.5,0,0,0,0,0,0,0,0,0,0,0,0
"37125","5","238","75","0","2025","A","",173,972,52332011,32440453,212625,1035,53821,"",1.03,0.68,0.65,0.71,0.46,0.95,0.95,"",-3,-1.7,-27,-2.7,-321470,-0.6,-437488,-1.3,4194,2.0,21,2.1,1097,2.1
"37127","5","238","75","0","2025","A","",156,1501,100212486,52324731,358703,1284,66749,"",1.36,1.12,1.34,1.22,0.83,1.20,1.20,"",15,10.6,397,36.0,33333078,49.8,15843062,43.4,111337,45.0,119,10.2,6156,10.2
"37129","5","238","75","0","2025","A","",620,5216,346748004,181765435,1398214,1279,66484,"",1.15,1.18,1.20,1.12,0.79,1.02,1.02,"",-8,-1.3,134,2.6,26606727,8.3,7087149,4.1,111931,8.7,67,5.5,3483,5.5
"37131","5","238","75","0","2025","A","",19,143,12976875,4738019,32710,1747,90853,"",1.14,0.91,1.59,0.84,0.65,1.74,1.75,"",-3,-13.6,-9,-5.9,1648351,14.6,-68840,-1.4,8666,36.0,311,21.7,16159,21.6
"37133","5","238","75","0","2025","A","",236,1817,103106591,61071622,352302,1091,56735,"",1.13,1.01,1.17,1.25,0.73,1.16,1.16,"",-5,-2.1,137,8.2,6824416,7.1,6259579,11.4,-3403,-1.0,-11,-1.0,-576,-1.0
"37135","5","238","75","0","2025","A","",231,1405,97228576,50071701,293580,1331,69194,"",0.93,0.53,0.46,0.87,0.49,0.86,0.86,"",12,5.5,202,16.8,17145233,21.4,8895209,21.6,57246,24.2,50,3.9,2606,3.9
"37137","5","238","75","0","2025","A","",16,86,4808807,2823313,14913,1070,55647,"",0.99,0.63,0.93,0.83,0.52,1.46,1.46,"",0,0.0,-14,-14.0,-356184,-6.9,-231277,-7.6,-7196,-32.5,76,7.6,3954,7.6
"37139","5","238","75","0","2025","A","",56,352,21112931,12100074,80935,1152,59909,"",1.02,0.66,0.77,0.86,0.60,1.16,1.16,"",0,0.0,-1,-0.3,1648852,8.5,1126195,10.3,13644,20.3,91,8.6,4718,8.5
"37141","5","238","75","0","2025","A","",180,875,51684744,30555095,213271,1136,59085,"",1.81,1.63,1.92,1.71,1.13,1.18,1.18,"",16,9.8,36,4.3,4944783,10.6,3113989,11.3,22208,11.6,64,6.0,3354,6.0
"37143","5","238","75","0","2025","A","",18,89,5082426,3184671,19251,1098,57106,"",1.37,1.18,1.46,1.54,0.94,1.24,1.24,"",2,12.5,16,21.9,1317787,35.0,807465,34.0,4838,33.6,106,10.7,5536,10.7
"37145","5","238","75","0","2025","A","",66,316,18967835,11110780,81292,1154,60025,"",1.71,1.04,1.22,1.10,0.71,1.17,1.17,"",-6,-8.3,13,4.3,1987605,11.7,843247,8.2,632,0.8,76,7.1,3985,7.1
"37147","5","238","75","0","2025","A","",258,2565,160723316,90153460,637288,1205,62666,"",1.22,0.94,0.94,1.24,0.91,0.99,0.99,"",1,0.4,-41,-1.6,1979284,1.2,625202,0.7,-6754,-1.0,34,2.9,1761,2.9
"37149","5","238","75","0","2025","A","",48,190,14020426,6605495,90592,1422,73921,"",1.39,1.01,1.61,1.17,1.56,1.59,1.59,"",-2,-4.0,1,0.5,392523,2.9,303012,4.8,1072,1.2,35,2.5,1816,2.5
"37151","5","238","75","0","2025","A","",291,2578,197214700,102127325,890576,1471,76487,"",1.93,1.70,2.43,1.81,1.60,1.43,1.43,"",19,7.0,-107,-4.0,-18542101,-8.6,-3236764,-3.1,28837,3.3,-74,-4.8,-3872,-4.8
"37153","5","238","75","0","2025","A","",44,334,23103503,11039145,80086,1329,69120,"",1.04,0.74,1.06,0.85,0.65,1.44,1.44,"",-10,-18.5,-6,-1.8,1149259,5.2,-68952,-0.6,1928,2.5,87,7.0,4517,7.0
"37155","5","238","75","0","2025","A","",108,864,47881954,30014992,185427,1066,55424,"",1.10,0.69,0.81,0.84,0.59,1.17,1.17,"",-9,-7.7,19,2.2,3995432,9.1,1951895,7.0,34063,22.5,67,6.7,3482,6.7
"37157","5","238","75","0","2025","A","",157,972,60668842,33136938,338378,1200,62400,"",1.75,1.21,1.57,1.23,1.33,1.29,1.29,"",-4,-2.5,31,3.3,4717350,8.4,3025841,10.0,64322,23.5,56,4.9,2935,4.9
"37159","5","238","75","0","2025","A","",299,2616,195406310,93885859,729728,1436,74689,"",1.86,1.53,1.87,1.48,0.93,1.22,1.22,"",-10,-3.2,17,0.7,19579422,11.1,6132374,7.0,3227,0.4,135,10.4,7026,10.4
"37161","5","238","75","0","2025","A","",84,783,55730196,28376025,178975,1368,71145,"",1.18,1.29,1.87,1.39,0.96,1.45,1.45,"",-8,-8.7,64,8.9,8299018,17.5,3814716,15.5,22858,14.6,100,7.9,5207,7.9
"37163","5","238","75","0","2025","A","",98,510,28917214,17198891,105281,1090,56673,"",1.65,0.88,0.97,0.91,0.78,1.11,1.11,"",8,8.9,54,11.8,4647763,19.2,2100364,13.9,22283,26.8,65,6.3,3392,6.4
"37165","5","238","75","0","2025","A","",25,194,12859798,6233493,72785,1278,66430,"",0.75,0.46,0.59,0.54,0.72,1.28,1.28,"",3,13.6,-5,-2.5,2728872,26.9,-371568,-5.6,-26695,-26.8,301,30.8,15606,30.7
"37167","5","238","75","0","2025","A","",176,1014,59537198,33633818,247896,1129,58691,"",2.16,1.27,1.57,1.45,1.08,1.23,1.23,"",7,4.1,94,10.2,6582575,12.4,2753917,8.9,16976,7.4,22,2.0,1121,1.9
"37169","5","238","75","0","2025","A","",88,297,16068242,10162207,81262,1040,54102,"",2.14,1.18,1.51,1.45,1.41,1.28,1.28,"",-6,-6.4,-184,-38.3,-12539360,-43.8,-9652830,-48.7,-96077,-54.2,-103,-9.0,-5342,-9.0
"37171","5","238","75","0","2025","A","",135,1084,60244915,36818157,278707,1069,55576,"",1.42,1.13,1.22,1.14,1.10,1.08,1.08,"",-1,-0.7,52,5.0,5266666,9.6,2929384,8.6,11290,4.2,45,4.4,2303,4.3
"37173","5","238","75","0","2025","A","",23,55,2444996,1884177,32840,859,44657,"",0.97,0.24,0.21,0.38,0.52,0.88,0.88,"",-3,-11.5,-34,-38.2,-1844418,-43.0,-1153644,-38.0,-13571,-29.2,-72,-7.7,-3765,-7.8
"37175","5","238","75","0","2025","A","",108,524,30101451,17697573,146909,1105,57436,"",1.82,1.61,1.78,1.56,1.34,1.11,1.11,"",1,0.9,21,4.2,3180055,11.8,1701129,10.6,1694,1.2,76,7.4,3932,7.3
"37177","5","238","75","0","2025","A","",8,68,3428057,2289372,9389,972,50536,"",1.57,2.09,2.14,2.60,1.08,1.03,1.03,"N",1,14.3,0,0,0,0,0,0,0,0,0,0,0,0
"37179","5","238","75","0","2025","A","",742,6038,457341585,213650644,1529038,1456,75738,"",1.91,2.31,2.67,2.17,1.43,1.15,1.16,"",10,1.4,254,4.4,32242940,7.6,13668704,6.8,46309,3.1,43,3.0,2239,3.0
"37181","5","238","75","0","2025","A","",50,216,11705279,7555474,52323,1043,54254,"",1.10,0.46,0.51,0.48,0.44,1.12,1.12,"",-1,-2.0,8,3.8,1331262,12.8,1286907,20.5,18578,55.1,83,8.6,4319,8.6
"37183","5","238","75","0","2025","A","",2366,26700,2109198648,961825794,6789305,1519,78996,"",0.98,1.20,1.17,1.14,0.75,0.97,0.97,"",-144,-5.7,-386,-1.4,86619219,4.3,-6365251,-0.7,-637494,-8.6,83,5.8,4322,5.8
"37185","5","238","75","0","2025","A","",21,53,2155363,1570774,13311,787,40925,"",1.26,0.54,0.50,0.72,0.77,0.93,0.93,"",-3,-12.5,4,8.2,441300,25.7,163717,11.6,5004,60.2,111,16.4,5765,16.4
"37187","5","238","75","0","2025","A","N",10,0,0,0,0,0,0,"N",0.77,0,0,0,0,0,0,"N",2,25.0,0,0,0,0,0,0,0,0,0,0,0,0
"37189","5","238","75","0","2025","A","",113,609,34508086,20053757,154777,1089,56633,"",1.21,0.74,0.82,1.00,0.79,1.11,1.10,"",-5,-4.2,43,7.6,6069497,21.3,2228798,12.5,-1206,-0.8,123,12.7,6396,12.7
"37191","5","238","75","0","2025","A","",154,1507,92842405,52826095,304210,1185,61607,"",1.28,1.10,1.34,1.27,0.87,1.23,1.23,"",-3,-1.9,96,6.8,8136106,9.6,4901919,10.2,34983,13.0,31,2.7,1592,2.7
"37193","5","238","75","0","2025","A","",98,574,32239849,19197769,190831,1080,56134,"",1.50,0.91,0.98,0.97,1.25,1.08,1.08,"",-4,-3.9,8,1.4,2348290,7.9,935091,5.1,-6027,-3.1,65,6.4,3361,6.4
"37195","5","238","75","0","2025","A","",149,1359,83399371,47477819,290645,1180,61372,"",1.49,1.16,1.30,1.21,0.78,1.11,1.11,"",-2,-1.3,-118,-8.0,-9032722,-9.8,-2812061,-5.6,-10219,-3.4,-24,-2.0,-1223,-2.0
"37197","5","238","75","0","2025","A","",74,905,60653664,30925418,200890,1289,67033,"",1.94,2.72,3.83,2.71,1.97,1.41,1.41,"",0,0.0,7,0.8,4150346,7.3,900509,3.0,1745,0.9,79,6.5,4118,6.5
"37199","5","238","75","0","2025","A","",37,176,9773736,6088452,43254,1066,55428,"",1.58,1.07,1.17,1.08,0.82,1.09,1.09,"",3,8.8,-31,-15.0,-1381836,-12.4,-636522,-9.5,1934,4.7,28,2.7,1428,2.6
"37999","5","238","75","0","2025","A","",998,4339,362190672,168580149,1618245,1605,83473,"",0.69,0.53,0.38,0.40,0.28,0.71,0.71,"",-180,-15.3,644,17.4,69643565,23.8,27807722,19.8,242871,17.7,83,5.5,4306,5.4
"38000","5","238","55","0","2025","A","",2476,18013,1423047955,857353785,16085868,1519,79002,"",1.38,1.25,1.46,1.42,2.53,1.17,1.17,"",-17,-0.7,530,3.0,118925394,9.1,61143768,7.7,1347202,9.1,84,5.9,4408,5.9
"38001","5","238","75","0","2025","A","N",4,0,0,0,0,0,0,"N",0.68,0,0,0,0,0,0,"N",1,33.3,0,0,0,0,0,0,0,0,0,0,0,0
"38003","5","238","75","0","2025","A","",27,138,9588940,6493406,173558,1335,69401,"",1.22,0.93,1.21,1.26,3.70,1.30,1.30,"",0,0.0,15,12.2,1973859,25.9,1325338,25.6,6964,4.2,143,12.0,7406,11.9
"38005","5","238","75","0","2025","A","N",6,0,0,0,0,0,0,"N",0.83,0,0,0,0,0,0,"N",0,0.0,0,0,0,0,0,0,0,0,0,0,0,0
"38007","5","238","75","0","2025","A","",22,136,10363166,5848345,169397,1464,76153,"",6.08,5.46,7.39,5.74,6.54,1.35,1.35,"N",14,175.0,0,0,0,0,0,0,0,0,0,0,0,0
"38009","5","238","75","0","2025","A","",18,49,2940908,2240099,76884,1146,59613,"",1.09,0.58,0.64,0.75,1.33,1.11,1.11,"",-2,-10.0,-8,-14.0,-390361,-11.7,-104254,-4.4,10255,15.4,29,2.6,1509,2.6
"38011","5","238","75","0","2025","A","",12,38,2393909,1881828,20720,1220,63415,"",1.21,0.77,0.78,0.86,1.00,1.03,1.03,"",3,33.3,17,81.0,1177458,96.8,1054977,127.6,17561,555.9,83,7.3,4316,7.3
"38013","5","238","75","0","2025","A","N",3,0,0,0,0,0,0,"N",0.50,0,0,0,0,0,0,"N",-1,-25.0,0,0,0,0,0,0,0,0,0,0,0,0
"38015","5","238","75","0","2025","A","",297,2024,146994102,89727429,1452707,1397,72632,"",1.38,1.04,1.14,1.27,2.08,1.10,1.10,"",-3,-1.0,174,9.4,18701561,14.6,10823345,13.7,106318,7.9,63,4.7,3285,4.7
"38017","5","238","75","0","2025","A","",633,5965,443552592,274683558,5466637,1430,74363,"",1.36,1.39,1.50,1.49,3.31,1.08,1.08,"",-26,-3.9,-143,-2.3,6864993,1.6,34012,0.0,546175,11.1,55,4.0,2868,4.0
"38019","5","238","75","0","2025","A","",9,28,1434388,1164050,79890,988,51381,"",1.05,0.66,0.59,0.78,3.24,0.90,0.90,"",0,0.0,2,7.7,124593,9.5,109264,10.4,8058,11.2,22,2.3,1165,2.3
"38021","5","238","75","0","2025","A","",40,672,76353053,48934885,639127,2185,113607,"",2.73,8.05,13.48,10.98,8.38,1.67,1.67,"",20,100.0,411,157.5,52531163,220.5,32847367,204.2,403754,171.5,429,24.4,22277,24.4
"38023","5","238","75","0","2025","A","N",7,0,0,0,0,0,0,"N",1.15,0,0,0,0,0,0,"N",-1,-12.5,0,0,0,0,0,0,0,0,0,0,0,0
"38025","5","238","75","0","2025","A","",14,149,15359673,7333212,102711,1982,103085,"",1.30,2.23,2.65,1.97,2.30,1.19,1.19,"",0,0.0,12,8.8,2218240,16.9,1406625,23.7,57321,126.3,142,7.7,7395,7.7
"38027","5","238","75","0","2025","A","",7,21,1068731,880209,17969,967,50293,"",1.45,0.88,1.04,1.26,2.59,1.16,1.17,"",1,16.7,3,16.7,267602,33.4,175126,24.8,12038,203.0,99,11.4,5159,11.4
"38029","5","238","75","0","2025","A","",8,32,1723099,1249381,25338,1038,53987,"",0.96,1.03,1.00,1.34,2.34,0.97,0.97,"N",2,33.3,0,0,0,0,0,0,0,0,0,0,0,0
"38031","5","238","75","0","2025","A","",7,34,1709317,1263967,23875,964,50151,"",0.82,0.68,0.60,0.59,2.05,0.87,0.87,"",-1,-12.5,1,3.0,12857,0.8,83370,7.1,6532,37.7,-35,-3.5,-1781,-3.4
"38033","5","238","75","0","2025","A","N",5,0,0,0,0,0,0,"N",1.12,0,0,0,0,0,0,"N",-1,-16.7,0,0,0,0,0,0,0,0,0,0,0,0
"38035","5","238","75","0","2025","A","",199,1568,115191650,71106056,934368,1413,73468,"",1.45,1.14,1.36,1.46,1.68,1.19,1.19,"",4,2.1,53,3.5,10809209,10.4,6571147,10.2,32011,3.5,88,6.6,4561,6.6
"38037","5","238","75","0","2025","A","N",6,0,0,0,0,0,0,"N",1.12,0,0,0,0,0,0,"N",1,20.0,0,0,0,0,0,0,0,0,0,0,0,0
"38039","5","238","75","0","2025","A","N",2,0,0,0,0,0,0,"N",0.37,0,0,0,0,0,0,"N",0,0.0,0,0,0,0,0,0,0,0,0,0,0,0
"38041","5","238","75","0","2025","A","N",3,0,0,0,0,0,0,"N",0.41,0,0,0,0,0,0,"N",1,50.0,0,0,0,0,0,0,0,0,0,0,0,0
"38043","5","238","75","0","2025","A","N",4,0,0,0,0,0,0,"N",0.64,0,0,0,0,0,0,"N",1,33.3,0,0,0,0,0,0,0,0,0,0,0,0
"38045","5","238","75","0","2025","A","",6,20,1093024,832634,4408,1042,54200,"",0.51,0.43,0.45,0.52,0.51,1.04,1.04,"",-1,-14.3,-1,-4.8,18940,1.8,-3880,-0.5,-9740,-68.8,66,6.8,3456,6.8
"38047","5","238","75","0","2025","A","N",8,0,0,0,0,0,0,"N",1.41,0,0,0,0,0,0,"N",-1,-11.1,0,0,0,0,0,0,0,0,0,0,0,0
"38049","5","238","75","0","2025","A","",10,19,1017762,781794,45610,1008,52417,"",0.85,0.43,0.42,0.48,2.23,0.95,0.95,"",-2,-16.7,0,0.0,-18234,-1.8,-1367,-0.2,30715,206.2,-64,-6.0,-3332,-6.0
"38051","5","238","75","0","2025","A","N",7,0,0,0,0,0,0,"N",1.05,0,0,0,0,0,0,"N",-2,-22.2,0,0,0,0,0,0,0,0,0,0,0,0
"38053","5","238","75","0","2025","A","",69,576,59150694,32068422,302696,1975,102677,"",1.68,1.46,1.63,1.30,1.05,1.11,1.11,"",1,1.5,-62,-9.7,-8387980,-12.4,-2363249,-6.9,-100805,-25.0,-61,-3.0,-3197,-3.0
"38055","5","238","75","0","2025","A","",33,112,4510117,3170257,132258,777,40419,"",1.62,0.95,0.53,0.71,2.31,0.56,0.56,"",10,43.5,62,124.0,2223325,97.2,1265390,66.4,69437,110.5,-105,-11.9,-5470,-11.9
"38057","5","238","75","0","2025","A","",24,185,18305610,11302178,194995,1904,98994,"",1.48,1.27,1.52,1.63,2.26,1.19,1.19,"",0,0.0,25,15.6,4009038,28.0,1634202,16.9,-106939,-35.4,187,10.9,9733,10.9
"38059","5","238","75","0","2025","A","",120,670,51097692,31365062,639159,1467,76303,"",1.98,1.63,2.05,1.91,3.71,1.26,1.26,"",-6,-4.8,-156,-18.9,-5240019,-9.3,-7577932,-19.5,-594385,-48.2,155,11.8,8084,11.9
"38061","5","238","75","0","2025","A","",47,295,23986745,13697354,341525,1564,81311,"",1.88,1.64,1.69,1.43,2.68,1.03,1.03,"",-5,-9.6,100,51.3,10797330,81.9,5469694,66.5,164526,93.0,266,20.5,13817,20.5
"38063","5","238","75","0","2025","A","",5,45,3253509,2147290,24649,1388,72167,"",0.57,1.32,1.91,2.39,3.66,1.45,1.45,"",-1,-16.7,3,7.1,421956,14.9,258217,13.7,1572,6.8,79,6.0,4074,6.0
"38065","5","238","75","0","2025","A","N",8,0,0,0,0,0,0,"N",2.24,0,0,0,0,0,0,"N",0,0.0,0,0,0,0,0,0,0,0,0,0,0,0
"38067","5","238","75","0","2025","A","",18,116,7461180,5655448,133386,1238,64367,"",0.93,1.04,1.10,1.16,1.17,1.06,1.06,"",0,0.0,41,54.7,3853861,106.8,2583991,84.1,37624,39.3,314,34.0,16323,34.0
"38069","5","238","75","0","2025","A","",16,55,3281497,2512551,76804,1149,59754,"",1.65,1.02,1.18,1.41,6.21,1.16,1.16,"",2,14.3,2,3.8,246634,8.1,293660,13.2,6252,8.9,48,4.4,2492,4.4
"38071","5","238","75","0","2025","A","",38,145,8996489,6157997,101382,1190,61867,"",1.48,0.78,0.93,1.02,1.52,1.18,1.18,"",3,8.6,14,10.7,1472891,19.6,1188045,23.9,49399,95.0,83,7.5,4288,7.4
"38073","5","238","75","0","2025","A","",11,25,1760439,1211024,14174,1368,71129,"",0.85,0.38,0.51,0.57,0.92,1.37,1.37,"",1,10.0,-7,-21.9,-404370,-18.7,-317694,-20.8,-46556,-76.7,50,3.8,2586,3.8
"38075","5","238","75","0","2025","A","N",7,0,0,0,0,0,0,"N",1.00,0,0,0,0,0,0,"N",3,75.0,0,0,0,0,0,0,0,0,0,0,0,0
"38077","5","238","75","0","2025","A","",56,190,12316355,8926380,309212,1249,64965,"",1.63,0.72,0.82,0.81,3.29,1.14,1.14,"",7,14.3,24,14.5,2857766,30.2,2300992,34.7,227263,277.3,151,13.8,7871,13.8
"38079","5","238","75","0","2025","A","",28,87,5026480,3212491,155101,1114,57942,"",2.00,0.56,0.60,0.71,2.74,1.08,1.08,"",1,3.7,8,10.1,1263501,33.6,105594,3.4,10788,7.5,198,21.6,10309,21.6
"38081","5","238","75","0","2025","A","",7,98,6732634,4389742,15581,1323,68817,"",0.78,1.12,1.18,1.01,0.25,1.05,1.05,"",-1,-12.5,-12,-10.9,-505922,-7.0,-401698,-8.4,-3921,-20.1,61,4.8,3211,4.9
"38083","5","238","75","0","2025","A","N",3,0,0,0,0,0,0,"N",1.25,0,0,0,0,0,0,"N",0,0.0,0,0,0,0,0,0,0,0,0,0,0,0
"38085","5","238","75","0","2025","A","N",2,0,0,0,0,0,0,"N",0.50,0,0,0,0,0,0,"N",0,0.0,0,0,0,0,0,0,0,0,0,0,0,0
"38089","5","238","75","0","2025","A","",114,1030,91311351,49962001,894793,1706,88688,"",1.48,1.57,1.89,1.53,2.84,1.20,1.20,"",10,9.6,116,12.7,12002359,15.1,8220193,19.7,255310,39.9,38,2.3,1964,2.3
"38091","5","238","75","0","2025","A","N",5,0,0,0,0,0,0,"N",1.19,0,0,0,0,0,0,"N",1,25.0,0,0,0,0,0,0,0,0,0,0,0,0
"38093","5","238","75","0","2025","A","",54,292,19030445,12842024,195882,1253,65173,"",1.27,0.78,0.86,0.99,1.68,1.10,1.10,"",-15,-21.7,6,2.1,648382,3.5,541230,4.4,-99140,-33.6,19,1.5,1012,1.6
"38095","5","238","75","0","2025","A","N",1,0,0,0,0,0,0,"N",0.21,0,0,0,0,0,0,"N",0,0.0,0,0,0,0,0,0,0,0,0,0,0,0
"38097","5","238","75","0","2025","A","",26,153,14256883,9880156,569702,1788,92980,"",1.32,1.29,1.91,2.00,7.52,1.48,1.48,"",1,4.0,-15,-8.9,1340601,10.4,1129554,12.9,211104,58.9,312,21.1,16250,21.2
"38099","5","238","75","0","2025","A","",25,89,5914557,3677924,65413,1273,66208,"",0.97,0.56,0.66,0.63,0.90,1.17,1.17,"",-3,-10.7,-4,-4.3,276036,4.9,73428,2.0,-43638,-40.0,103,8.8,5361,8.8
"38101","5","238","75","0","2025","A","",195,1228,87756396,53800940,882313,1374,71443,"",1.49,1.18,1.35,1.35,2.24,1.14,1.14,"",-19,-8.9,-92,-7.0,407697,0.5,-917345,-1.7,-30288,-3.3,102,8.0,5291,8.0
"38103","5","238","75","0","2025","A","",13,23,824227,760219,31006,702,36497,"",1.28,0.48,0.34,0.51,1.86,0.74,0.74,"",-1,-7.1,1,4.5,-2443,-0.3,23066,3.1,9076,41.4,-7,-1.0,-380,-1.0
"38105","5","238","75","0","2025","A","",136,1317,136510648,66037971,816040,1994,103672,"",1.27,1.48,1.66,1.25,1.51,1.13,1.12,"",-11,-7.5,-143,-9.8,-12022705,-8.1,-12801939,-16.2,-453348,-35.7,37,1.9,1902,1.9
"38999","5","238","75","0","2025","A","",54,136,14137695,9416999,683994,1993,103636,"",1.50,1.47,1.47,1.29,3.01,1.00,1.00,"",2,3.8,18,15.3,2306921,19.5,2141565,29.4,358137,109.9,69,3.6,3587,3.6
"39000","3","238","55","0","2025","A","",9,57,3822283,0,0,1297,67452,"",4.24,1.58,1.89,0.00,0.00,1.20,1.20,"",0,0.0,-1,-1.7,265062,7.5,0,0.0,0,0.0,109,9.2,5677,9.2
"39000","5","238","55","0","2025","A","",17284,171130,13757661742,2192098634,108923929,1546,80393,"",1.02,0.92,1.09,0.91,1.39,1.18,1.18,"",201,1.2,9301,5.7,1628907410,13.4,152207291,7.5,-3544244,-3.2,105,7.3,5445,7.3
"39001","5","238","75","0","2025","A","",48,281,15907434,3866722,357885,1088,56593,"",1.44,1.21,1.26,1.32,3.01,1.03,1.03,"",0,0.0,26,10.2,1768261,12.5,525704,15.7,67340,23.2,22,2.1,1163,2.1
"39003","5","238","75","0","2025","A","",142,1525,103302310,19490295,1111196,1302,67728,"",1.12,0.91,1.02,0.88,1.33,1.12,1.12,"",1,0.7,18,1.2,1330227,1.3,-223161,-1.1,-3577,-0.3,0,0.0,44,0.1
"39005","5","238","75","0","2025","A","",70,554,41060563,7447950,360126,1427,74183,"",1.17,0.89,1.31,1.04,1.91,1.47,1.47,"",-2,-2.8,31,5.9,5995696,17.1,1383949,22.8,84197,30.5,138,10.7,7137,10.6
"39007","5","238","75","0","2025","A","",140,699,44268110,8100811,340092,1217,63300,"",1.27,0.72,0.92,0.68,1.00,1.27,1.27,"",3,2.2,14,2.0,3953182,9.8,107750,1.3,-40702,-10.7,86,7.6,4482,7.6
"39009","3","238","75","0","2025","A","",1,2,126778,0,0,1219,63389,"",119.05,14.36,21.70,0.00,0.00,1.51,1.51,"",0,0.0,0,0.0,5812,4.8,0,0.0,0,0.0,56,4.8,2906,4.8
"39009","5","238","75","0","2025","A","",56,364,21132216,4246583,186356,1118,58135,"",0.83,0.51,0.58,0.71,1.19,1.14,1.14,"",-2,-3.4,53,17.0,4606465,27.9,733795,20.9,10686,6.1,96,9.4,4983,9.4
"39011","5","238","75","0","2025","A","",62,570,37267486,6730552,193626,1258,65439,"",1.14,0.77,0.85,0.71,0.86,1.11,1.11,"",0,0.0,23,4.2,2715411,7.9,530084,8.5,-5611,-2.8,44,3.6,2292,3.6
"39013","5","238","75","0","2025","A","",82,573,40239805,6919720,538357,1351,70257,"",1.02,0.83,1.12,0.77,1.68,1.35,1.35,"",1,1.2,-40,-6.5,-1937804,-4.6,-763921,-9.9,-83765,-13.5,27,2.0,1405,2.0
"39015","5","238","75","0","2025","A","",56,186,11205993,2129037,90813,1160,60328,"",1.46,0.69,0.92,0.70,0.91,1.32,1.32,"",2,3.7,-13,-6.5,-364758,-3.2,-239584,-10.1,-19600,-17.8,42,3.8,2208,3.8
"39017","3","238","75","0","2025","A","",1,4,305881,0,0,1471,76470,"",17.62,3.76,5.20,0.00,0.00,1.38,1.38,"",0,0.0,0,0.0,33527,12.3,0,0.0,0,0.0,162,12.4,8382,12.3
"39017","5","238","75","0","2025","A","",500,6913,614469999,87515840,3404307,1709,88888,"",1.10,1.26,1.67,1.14,1.38,1.32,1.32,"",15,3.1,120,1.8,79673144,14.9,1582591,1.8,-693991,-16.9,195,12.9,10156,12.9
"39019","5","238","75","0","2025","A","",52,287,19479356,3328595,110076,1305,67872,"",1.91,1.40,1.85,1.30,1.48,1.32,1.32,"",2,4.0,12,4.4,1920684,10.9,-67118,-2.0,-17003,-13.4,79,6.4,4119,6.5
"39021","5","238","75","0","2025","A","",34,111,5176837,1461919,44328,894,46499,"",0.93,0.29,0.25,0.30,0.34,0.85,0.85,"N",4,13.3,0,0,0,0,0,0,0,0,0,0,0,0
"39023","5","238","75","0","2025","A","",147,904,59115879,10822276,360746,1258,65394,"",1.17,0.59,0.73,0.52,0.51,1.23,1.23,"",3,2.1,28,3.2,3809443,6.9,407007,3.9,-83752,-18.8,45,3.7,2295,3.6
"39025","3","238","75","0","2025","A","",1,6,421670,0,0,1352,70278,"",32.05,14.65,20.87,0.00,0.00,1.42,1.42,"",0,0.0,0,0.0,29014,7.4,0,0.0,0,0.0,93,7.4,4835,7.4
"39025","5","238","75","0","2025","A","",400,3296,231427844,39577535,1497187,1350,70225,"",1.60,1.56,1.83,1.34,1.59,1.17,1.17,"",31,8.4,505,18.1,45032191,24.2,5605757,16.5,17495,1.2,66,5.1,3434,5.1
"39027","5","238","75","0","2025","A","",56,291,16872194,3900691,169065,1114,57947,"",1.19,0.46,0.40,0.46,0.84,0.87,0.87,"",0,0.0,-44,-13.1,-5934178,-26.0,-341121,-8.0,-21765,-11.4,-195,-14.9,-10115,-14.9
"39029","5","238","75","0","2025","A","",152,859,55800001,9927431,349664,1249,64972,"",1.39,0.90,1.15,0.84,1.06,1.27,1.27,"",3,2.0,15,1.8,5012181,9.9,325735,3.4,-61655,-15.0,92,8.0,4827,8.0
"39031","5","238","75","0","2025","A","",38,216,13122316,2394840,125909,1168,60751,"",1.03,0.66,0.75,0.58,1.03,1.14,1.14,"",1,2.7,25,13.1,1455831,12.5,110830,4.9,7040,5.9,-7,-0.6,-357,-0.6
"39033","5","238","75","0","2025","A","",62,280,16075451,3191225,110946,1102,57327,"",1.36,0.67,0.73,0.68,0.81,1.10,1.10,"",0,0.0,18,6.9,1263303,8.5,311593,10.8,8385,8.2,13,1.2,702,1.2
"39035","5","238","75","0","2025","A","",1466,16326,1345146587,207188641,13257014,1584,82393,"",0.77,0.70,0.75,0.73,1.42,1.06,1.06,"",-1,-0.1,707,4.5,129501782,10.7,12174009,6.2,-302525,-2.2,87,5.8,4561,5.9
"39037","5","238","75","0","2025","A","",110,667,43660730,7841269,265870,1258,65426,"",1.70,1.09,1.33,1.00,1.34,1.22,1.22,"",-2,-1.8,46,7.4,3777104,9.5,412173,5.5,-38399,-12.6,24,1.9,1244,1.9
"39039","5","238","75","0","2025","A","",48,380,21494921,4736469,176091,1086,56491,"",1.04,0.74,0.75,0.71,0.71,1.02,1.02,"",3,6.7,40,11.8,3665449,20.6,994176,26.6,-19154,-9.8,77,7.6,4013,7.6
"39041","5","238","75","0","2025","A","",320,2405,232528435,30629096,831458,1859,96672,"",0.87,0.71,0.91,0.64,0.61,1.27,1.27,"",-3,-0.9,87,3.8,25100576,12.1,1887224,6.6,-95955,-10.3,138,8.0,7206,8.1
"39043","5","238","75","0","2025","A","",82,743,53957832,9604151,633021,1397,72654,"",0.81,0.61,0.85,0.61,1.11,1.39,1.39,"",-2,-2.4,33,4.6,10009975,22.8,1050237,12.3,101441,19.1,206,17.3,10712,17.3
"39045","5","238","75","0","2025","A","",272,2731,237716426,32401174,1030546,1674,87052,"",1.57,1.70,2.65,1.62,1.79,1.56,1.56,"",14,5.4,292,12.0,59347997,33.3,2915832,9.9,-53486,-4.9,268,19.1,13925,19.0
"39047","5","238","75","0","2025","A","",44,294,22977893,5160322,200532,1502,78090,"",1.28,0.74,1.07,0.86,1.29,1.45,1.45,"",-2,-4.3,18,6.5,-1698166,-6.9,456404,9.7,-61356,-23.4,-219,-12.7,-11397,-12.7
"39049","3","238","75","0","2025","A","",1,4,400039,0,0,1710,88898,"",4.09,0.78,1.24,0.00,0.00,1.42,1.42,"",0,0.0,-1,-20.0,9547,2.4,0,0.0,0,0.0,208,13.8,10800,13.8
"39049","5","238","75","0","2025","A","",1499,24313,2253495739,314841143,15408363,1782,92686,"",0.77,0.92,1.12,0.94,1.42,1.22,1.22,"",18,1.2,2027,9.1,361929271,19.1,29179474,10.2,444535,3.0,150,9.2,7811,9.2
"39051","5","238","75","0","2025","A","",98,421,26980196,5077630,318737,1232,64073,"",1.78,0.71,0.77,0.68,1.24,1.09,1.09,"",0,0.0,24,6.0,3132922,13.1,88397,1.8,-5847,-1.8,76,6.6,3966,6.6
"39053","5","238","75","0","2025","A","",46,501,26979106,6053111,217698,1036,53868,"",1.22,1.32,1.39,1.61,1.81,1.05,1.05,"",-1,-2.1,20,4.2,2898504,12.0,306293,5.3,195,0.1,74,7.7,3830,7.7
"39055","5","238","75","0","2025","A","",302,1622,103093769,19561533,830190,1222,63563,"",1.93,1.32,1.43,1.17,1.50,1.08,1.08,"",-5,-1.6,-8,-0.5,1352372,1.3,22551,0.1,-100461,-10.8,21,1.7,1126,1.8
"39057","5","238","75","0","2025","A","",158,1134,74074447,14345408,672096,1256,65336,"",0.77,0.42,0.37,0.52,0.90,0.89,0.89,"",-6,-3.7,12,1.1,2956888,4.2,-514795,-3.5,47107,7.5,38,3.1,1980,3.1
"39059","5","238","75","0","2025","A","",45,136,7327976,1788405,67444,1040,54081,"",0.94,0.28,0.27,0.28,0.31,0.99,0.99,"",1,2.3,6,4.6,729008,11.0,366610,25.8,7474,12.5,67,6.9,3482,6.9
"39061","5","238","75","0","2025","A","",1023,16453,1324502890,200348554,9572333,1548,80501,"",0.77,0.96,0.97,0.89,1.34,1.02,1.02,"",-22,-2.1,363,2.3,92529829,7.5,3277295,1.7,-695171,-6.8,76,5.2,3931,5.1
"39063","5","238","75","0","2025","A","",86,905,67966253,12334178,533008,1445,75115,"",0.90,0.62,0.71,0.63,1.04,1.16,1.16,"",-2,-2.3,107,13.4,13303819,24.3,2710864,28.2,152358,40.0,128,9.7,6630,9.7
"39065","5","238","75","0","2025","A","",33,108,4937870,1162636,33957,882,45863,"",1.19,0.42,0.37,0.42,0.47,0.88,0.88,"",1,3.1,3,2.9,287810,6.2,-3051,-0.3,-14048,-29.3,29,3.4,1506,3.4
"39067","5","238","75","0","2025","A","N",20,0,0,0,0,0,0,"N",1.17,0,0,0,0,0,0,"N",2,11.1,0,0,0,0,0,0,0,0,0,0,0,0
"39069","5","238","75","0","2025","A","",34,363,28866635,4293175,166515,1530,79559,"",1.02,1.01,1.41,1.03,0.89,1.39,1.39,"",-1,-2.9,15,4.3,2176261,8.2,255288,6.3,-19479,-10.5,54,3.7,2789,3.6
"39071","5","238","75","0","2025","A","",66,365,20811975,4545690,172911,1095,56954,"",1.57,1.02,1.24,1.09,1.20,1.22,1.22,"",2,3.1,-7,-1.9,146034,0.7,151897,3.5,-11642,-6.3,26,2.4,1351,2.4
"39073","5","238","75","0","2025","A","",48,230,13914125,2876461,80732,1163,60474,"",1.66,0.91,1.38,1.01,1.12,1.51,1.51,"",-2,-4.0,-14,-5.7,658555,5.0,-22925,-0.8,68,0.1,118,11.3,6148,11.3
"39075","5","238","75","0","2025","A","",232,1747,123060753,19293317,361964,1355,70434,"",3.06,2.38,2.96,1.79,1.63,1.25,1.25,"",7,3.1,45,2.6,10055054,8.9,1056710,5.8,-69134,-16.0,78,6.1,4022,6.1
"39077","5","238","75","0","2025","A","",96,736,54589873,8686348,561623,1426,74129,"",1.39,1.03,1.38,0.95,1.61,1.34,1.34,"",5,5.5,13,1.8,3846674,7.6,150472,1.8,-16862,-2.9,76,5.6,3953,5.6
"39079","5","238","75","0","2025","A","",44,568,49504669,7255958,581915,1677,87194,"",1.18,1.66,3.02,1.68,3.72,1.82,1.82,"",3,7.3,93,19.6,7426903,17.7,-415804,-5.4,-83386,-12.5,-25,-1.5,-1313,-1.5
"39081","5","238","75","0","2025","A","",80,523,37165888,8287102,576725,1367,71074,"",1.15,0.80,1.05,1.11,2.23,1.31,1.31,"",2,2.6,5,1.0,1887173,5.3,-287527,-3.4,-62052,-9.7,56,4.3,2903,4.3
"39083","5","238","75","0","2025","A","",96,602,36947851,7184986,201399,1179,61333,"",1.44,0.88,0.94,0.94,0.85,1.06,1.06,"",6,6.7,84,16.2,6983378,23.3,850335,13.4,21232,11.8,66,5.9,3449,6.0
"39085","3","238","75","0","2025","A","",1,12,940771,0,0,1508,78398,"",23.99,18.52,28.66,0.00,0.00,1.55,1.55,"",0,0.0,0,0.0,32680,3.6,0,0.0,0,0.0,73,5.1,3760,5.0
"39085","5","238","75","0","2025","A","",438,2915,208329994,36667060,2108818,1374,71462,"",1.31,0.87,1.01,0.83,1.55,1.16,1.16,"",-2,-0.5,42,1.5,9320727,4.7,488689,1.4,-107144,-4.8,42,3.2,2199,3.2
"39087","5","238","75","0","2025","A","",60,450,27421192,5524555,288744,1171,60880,"",1.18,0.96,1.17,0.98,1.30,1.22,1.22,"",4,7.1,46,11.4,5531175,25.3,8639,0.2,-46618,-13.9,129,12.4,6719,12.4
"39089","5","238","75","0","2025","A","",306,2949,220870404,41672075,1367953,1440,74901,"",1.55,1.17,1.42,1.19,1.24,1.22,1.22,"",13,4.4,674,29.6,67096108,43.6,12929470,45.0,266792,24.2,140,10.8,7315,10.8
"39091","5","238","75","0","2025","A","",54,375,25454751,4341963,156453,1307,67940,"",1.06,0.57,0.66,0.54,0.87,1.15,1.15,"",2,3.8,25,7.1,2325631,10.1,357496,9.0,4772,3.1,36,2.8,1857,2.8
"39093","3","238","75","0","2025","A","",1,6,468302,0,0,1501,78050,"",23.62,9.26,15.14,0.00,0.00,1.63,1.64,"",0,0.0,0,0.0,30346,6.9,0,0.0,0,0.0,97,6.9,5057,6.9
"39093","5","238","75","0","2025","A","",468,3368,222961713,43069313,2042861,1273,66208,"",1.38,1.01,1.15,1.04,1.31,1.14,1.14,"",-2,-0.4,103,3.2,16275886,7.9,1140734,2.7,-398308,-16.3,56,4.6,2906,4.6
"39095","5","238","75","0","2025","A","",520,6163,499364745,79866008,4973041,1558,81032,"",0.97,0.95,1.18,0.96,1.49,1.25,1.25,"",1,0.2,283,4.8,37705576,8.2,4110451,5.4,-168665,-3.3,48,3.2,2523,3.2
"39097","5","238","75","0","2025","A","",93,622,39911036,7432798,185734,1233,64131,"",1.78,0.77,0.87,0.63,0.58,1.13,1.13,"",-1,-1.1,-24,-3.7,-2743325,-6.4,-778823,-9.5,-102213,-35.5,-36,-2.8,-1872,-2.8
"39099","5","238","75","0","2025","A","",364,3725,291133031,48614530,3378048,1503,78155,"",1.19,1.19,1.73,1.17,2.24,1.45,1.45,"",-7,-1.9,-65,-1.7,6926460,2.4,753093,1.6,-122893,-3.5,61,4.2,3170,4.2
"39101","5","238","75","0","2025","A","",59,460,33067900,5327045,226275,1383,71900,"",0.97,0.59,0.75,0.58,0.93,1.28,1.28,"",5,9.3,47,11.4,5235074,18.8,573936,12.1,-12303,-5.2,88,6.8,4535,6.7
"39103","5","238","75","0","2025","A","",408,2838,203054000,33586550,1465071,1376,71561,"",1.58,1.34,1.59,1.17,1.64,1.18,1.19,"",-10,-2.4,83,3.0,14308443,7.6,769878,2.3,-185715,-11.3,58,4.4,3045,4.4
"39105","5","238","75","0","2025","A","",20,105,4429395,1173596,31206,811,42185,"",1.14,0.90,0.87,0.93,0.83,0.96,0.96,"",-1,-4.8,8,8.2,478240,12.1,87720,8.1,3756,13.7,24,3.0,1276,3.1
"39107","5","238","75","0","2025","A","",82,618,39302072,6612564,165344,1223,63604,"",1.38,0.91,1.09,0.78,0.96,1.19,1.19,"",-3,-3.5,-16,-2.5,1085113,2.8,-329411,-4.7,-37234,-18.4,65,5.6,3372,5.6
"39109","3","238","75","0","2025","A","",1,3,280526,0,0,1798,93509,"",62.22,11.05,21.85,0.00,0.00,1.98,1.98,"",0,0.0,1,50.0,55766,24.8,0,0.0,0,0.0,69,4.0,3605,4.0
"39109","5","238","75","0","2025","A","",182,1630,129777630,20046554,1071934,1531,79626,"",1.41,1.17,1.61,1.07,1.94,1.38,1.38,"",3,1.7,-24,-1.5,13853884,12.0,815501,4.2,10424,1.0,183,13.6,9518,13.6
"39111","5","238","75","0","2025","A","",24,88,6123705,1172359,47845,1336,69456,"",1.38,0.96,1.37,1.19,1.25,1.42,1.42,"",1,4.3,-2,-2.2,-133831,-2.1,-173981,-12.9,-24597,-34.0,-1,-0.1,-72,-0.1
"39113","5","238","75","0","2025","A","",594,7587,597217305,93805420,4218563,1514,78712,"",0.91,0.90,1.11,0.91,1.40,1.23,1.23,"",5,0.8,129,1.7,38727868,6.9,533350,0.6,-636049,-13.1,74,5.1,3832,5.1
"39115","5","238","75","0","2025","A","N",9,0,0,0,0,0,0,"N",0.77,0,0,0,0,0,0,"N",1,12.5,0,0,0,0,0,0,0,0,0,0,0,0
"39117","5","238","75","0","2025","A","",57,286,17173560,3593770,138866,1156,60135,"",2.06,1.61,2.04,1.83,2.09,1.27,1.27,"",-5,-8.1,22,8.3,1864268,12.2,457968,14.6,-782,-0.6,43,3.9,2237,3.9
"39119","5","238","75","0","2025","A","",130,907,57403460,10532510,393782,1217,63272,"",1.32,0.76,0.88,0.74,0.90,1.16,1.16,"",0,0.0,-8,-0.9,2650657,4.8,-31387,-0.3,-22619,-5.4,67,5.8,3460,5.8
"39121","5","238","75","0","2025","A","",22,64,3274324,772689,37728,984,51161,"",1.68,0.63,0.61,0.79,1.08,0.97,0.97,"",-2,-8.3,-4,-5.9,-10631,-0.3,-41903,-5.1,-1260,-3.2,61,6.6,3147,6.6
"39123","5","238","75","0","2025","A","",59,487,33612571,6192752,274463,1328,69043,"",0.99,1.02,1.27,1.06,0.93,1.24,1.24,"",0,0.0,117,31.6,11540003,52.3,1783776,40.5,60561,28.3,181,15.8,9387,15.7
"39125","5","238","75","0","2025","A","",19,94,5285550,1129781,36522,1082,56279,"",0.92,0.54,0.55,0.52,0.68,1.02,1.02,"",-1,-5.0,6,6.8,390773,8.0,-157177,-12.2,-11091,-23.3,6,0.6,339,0.6
"39127","5","238","75","0","2025","A","",39,132,8820463,1571049,82436,1282,66653,"",1.34,0.63,0.79,0.64,0.73,1.26,1.26,"",4,11.4,-2,-1.5,281562,3.3,-233488,-12.9,-25024,-23.3,57,4.7,2969,4.7
"39129","5","238","75","0","2025","A","",83,549,36741115,7288034,217299,1287,66903,"",1.53,1.00,1.14,1.09,1.06,1.15,1.15,"",3,3.8,44,8.7,4177991,12.8,1282739,21.4,6919,3.3,47,3.8,2411,3.7
"39131","3","238","75","0","2025","A","",1,1,10000,0,0,192,10000,"",264.01,14.47,2.79,0.00,0.00,0.19,0.19,"",0,0.0,0,0.0,0,0.0,0,0.0,0,0.0,0,0.0,0,0.0
"39131","5","238","75","0","2025","A","",28,301,26005888,5034349,465258,1663,86494,"",0.92,0.85,1.16,1.02,1.84,1.37,1.37,"N",4,16.7,0,0,0,0,0,0,0,0,0,0,0,0
"39133","5","238","75","0","2025","A","",260,1486,110828396,18240594,875488,1434,74582,"",1.41,0.78,0.96,0.79,1.19,1.22,1.22,"",10,4.0,74,5.2,15761224,16.6,351564,2.0,-73138,-7.7,139,10.7,7266,10.8
"39135","5","238","75","0","2025","A","",66,364,21644033,4460484,163856,1142,59407,"",1.67,0.94,1.03,0.95,1.25,1.09,1.09,"",-2,-2.9,6,1.7,1342186,6.6,76595,1.7,-241,-0.1,51,4.7,2698,4.8
"39137","5","238","75","0","2025","A","",80,755,50592342,8862528,327276,1289,67017,"",1.89,1.81,2.29,1.69,2.12,1.26,1.26,"",-2,-2.4,21,2.9,4712887,10.3,577370,7.0,-3107,-0.9,87,7.2,4518,7.2
"39139","5","238","75","0","2025","A","",206,1358,88858179,16687377,814746,1259,65457,"",1.45,0.84,1.03,0.84,1.51,1.24,1.24,"",7,3.5,-8,-0.6,1418232,1.6,-163993,-1.0,-135515,-14.3,28,2.3,1438,2.2
"39141","5","238","75","0","2025","A","",72,577,39905968,7607412,312125,1331,69211,"",0.95,0.60,0.70,0.75,1.01,1.17,1.17,"",-6,-7.7,46,8.7,6224502,18.5,677669,9.8,22907,7.9,112,9.2,5830,9.2
"39143","5","238","75","0","2025","A","",100,771,59445690,9433692,451386,1483,77094,"",1.39,0.94,1.33,0.86,1.28,1.41,1.41,"",2,2.0,19,2.5,5672800,10.5,417816,4.6,-76487,-14.5,109,7.9,5635,7.9
"39145","3","238","75","0","2025","A","",1,18,868316,0,0,919,47797,"",108.55,110.80,124.20,0.00,0.00,1.11,1.11,"",0,0.0,-1,-5.3,68370,8.5,0,0.0,0,0.0,106,13.0,5509,13.0
"39145","5","238","75","0","2025","A","",77,362,23339198,4471940,348841,1239,64414,"",1.04,0.43,0.53,0.51,1.32,1.23,1.23,"",-3,-3.8,12,3.4,2162221,10.2,141047,3.3,7701,2.3,76,6.5,3937,6.5
"39147","5","238","75","0","2025","A","",60,452,31275256,4940137,158026,1330,69155,"",0.98,0.72,0.98,0.66,0.73,1.35,1.35,"",3,5.3,-39,-7.9,-347642,-1.1,-472348,-8.7,-46165,-22.6,92,7.4,4805,7.5
"39149","5","238","75","0","2025","A","",85,1206,97921637,14133153,411292,1561,81167,"",1.50,1.37,1.74,1.17,1.17,1.28,1.28,"",11,14.9,120,11.0,11983243,13.9,1531137,12.1,-49933,-10.8,39,2.6,2034,2.6
"39151","5","238","75","0","2025","A","",602,5907,483312786,75807610,4513904,1574,81825,"",1.29,1.12,1.60,1.10,2.06,1.43,1.42,"",2,0.3,475,8.7,93248552,23.9,8371929,12.4,303499,7.2,193,14.0,10014,13.9
"39153","5","238","75","0","2025","A","",720,8784,741688553,112569117,6242468,1624,84432,"",0.93,1.01,1.30,0.98,1.69,1.29,1.29,"",-16,-2.2,181,2.1,61840936,9.1,5045671,4.7,-313679,-4.8,104,6.8,5408,6.8
"39155","5","238","75","0","2025","A","",294,1986,140819661,25880190,1579128,1364,70921,"",1.37,0.91,1.21,0.87,1.40,1.32,1.32,"",-2,-0.7,125,6.7,14764998,11.7,2651793,11.4,108518,7.4,61,4.7,3183,4.7
"39157","5","238","75","0","2025","A","",196,1147,78074974,13681797,507066,1309,68074,"",1.65,0.92,1.17,0.87,1.20,1.27,1.27,"",8,4.3,7,0.6,4043792,5.5,850990,6.6,-65838,-11.5,61,4.9,3158,4.9
"39159","5","238","75","0","2025","A","",113,2117,202305869,33942280,1137456,1837,95544,"",1.42,1.72,2.18,1.80,2.39,1.27,1.27,"",3,2.7,723,51.9,68885949,51.6,8616970,34.0,-31793,-2.7,-3,-0.2,-155,-0.2
"39161","5","238","75","0","2025","A","",31,191,11545640,2036763,45010,1163,60475,"",0.94,0.52,0.60,0.47,0.41,1.16,1.16,"",5,19.2,18,10.4,1173236,11.3,152075,8.1,-212,-0.5,11,1.0,577,1.0
"39163","5","238","75","0","2025","A","N",16,0,0,0,0,0,0,"N",1.51,0,0,0,0,0,0,"N",3,23.1,0,0,0,0,0,0,0,0,0,0,0,0
"39165","5","238","75","0","2025","A","",297,3089,244017483,39645546,1770689,1519,79002,"",0.92,0.90,1.02,0.84,1.28,1.13,1.13,"",9,3.1,16,0.5,12069755,5.2,1406726,3.7,-250068,-12.4,68,4.7,3531,4.7
"39167","5","238","75","0","2025","A","",92,1134,85287383,15589178,1104905,1447,75226,"",1.16,1.33,1.63,1.57,3.25,1.22,1.22,"",-3,-3.2,92,8.8,14965240,21.3,1576707,11.3,95278,9.4,149,11.5,7722,11.4
"39169","5","238","75","0","2025","A","",268,1613,107205242,18486978,460420,1278,66450,"",1.82,1.00,1.12,0.89,0.89,1.11,1.11,"",0,0.0,75,4.9,9538801,9.8,1128578,6.5,-106226,-18.7,57,4.7,2965,4.7
"39171","5","238","75","0","2025","A","",52,243,14162738,2937364,86611,1121,58283,"",1.14,0.45,0.49,0.42,0.50,1.08,1.08,"",1,2.0,9,3.8,1473514,11.6,276333,10.4,-11987,-12.2,79,7.6,4094,7.6
"39173","5","238","75","0","2025","A","",168,2013,160071775,23753774,1539454,1529,79522,"",0.98,0.80,1.09,0.70,1.18,1.36,1.36,"",-4,-2.3,145,7.8,19939185,14.2,1629566,7.4,-45686,-2.9,86,6.0,4491,6.0
"39175","5","238","75","0","2025","A","",40,915,80210809,9527558,109879,1685,87638,"",1.37,2.73,4.15,2.09,0.96,1.52,1.52,"",1,2.6,48,5.5,4636198,6.1,360087,3.9,-45842,-29.4,9,0.5,512,0.6
"39999","5","238","75","0","2025","A","",830,5600,579699796,105630624,6392124,1991,103526,"",0.52,0.83,0.77,0.90,1.25,0.94,0.94,"N",89,12.0,0,0,0,0,0,0,0,0,0,0,0,0
"40000","3","238","55","0","2025","A","N",2,0,0,0,0,0,0,"N",2.53,0,0,0,0,0,0,"N",0,0.0,0,0,0,0,0,0,0,0,0,0,0,0
"40000","5","238","55","0","2025","A","",7152,54746,3593771482,1751208426,22624695,1262,65644,"",1.13,0.96,1.03,0.90,0.74,1.07,1.07,"",13,0.2,1414,2.7,282265460,8.5,123632352,7.6,4823876,27.1,68,5.7,3551,5.7
"40001","5","238","75","0","2025","A","",24,64,3082419,1905591,9565,929,48289,"",1.37,0.45,0.49,0.41,0.14,1.10,1.10,"",4,20.0,6,10.3,247498,8.7,216250,12.8,1325,16.1,-8,-0.9,-449,-0.9
"40003","5","238","75","0","2025","A","N",9,0,0,0,0,0,0,"N",1.28,0,0,0,0,0,0,"N",0,0.0,0,0,0,0,0,0,0,0,0,0,0,0
"40005","5","238","75","0","2025","A","N",16,0,0,0,0,0,0,"N",0.95,0,0,0,0,0,0,"N",1,6.7,0,0,0,0,0,0,0,0,0,0,0,0
"40007","5","238","75","0","2025","A","",7,142,9026376,5050990,37464,1221,63492,"",0.83,3.27,3.97,3.94,2.99,1.21,1.21,"",0,0.0,22,18.3,1630159,22.0,806417,19.0,3021,8.8,34,2.9,1771,2.9
"40009","5","238","75","0","2025","A","",23,227,14398521,7575693,42864,1222,63523,"",0.61,0.71,0.77,0.63,0.10,1.09,1.09,"N",3,15.0,0,0,0,0,0,0,0,0,0,0,0,0
"40011","5","238","75","0","2025","A","",13,25,1033887,796190,3404,785,40811,"",0.93,0.24,0.19,0.24,0.08,0.78,0.78,"N",0,0.0,0,0,0,0,0,0,0,0,0,0,0,0
"40013","5","238","75","0","2025","A","",65,525,33097131,16172870,136913,1213,63092,"",1.05,0.71,0.83,0.57,0.54,1.17,1.17,"",-4,-5.8,4,0.8,2574158,8.4,281213,1.8,29255,27.2,87,7.7,4553,7.8
"40015","5","238","75","0","2025","A","N",30,0,0,0,0,0,0,"N",1.05,0,0,0,0,0,0,"N",-6,-16.7,0,0,0,0,0,0,0,0,0,0,0,0
"40017","5","238","75","0","2025","A","",329,1274,69223921,38117132,400871,1045,54315,"",1.60,0.98,1.02,0.89,0.61,1.05,1.05,"",16,5.1,19,1.5,3454366,5.3,1765248,4.9,70717,21.4,38,3.8,1926,3.7
"40019","5","238","75","0","2025","A","",82,638,36605741,18798452,270400,1103,57368,"",0.98,0.81,0.86,0.66,0.67,1.06,1.06,"",-3,-3.5,20,3.2,2497433,7.3,227523,1.2,62057,29.8,42,4.0,2199,4.0
"40021","5","238","75","0","2025","A","",48,381,26186783,13381758,73864,1323,68777,"",1.05,0.61,0.81,0.63,0.41,1.33,1.33,"",-8,-14.3,117,44.3,14849627,131.0,6132427,84.6,37696,104.2,496,60.0,25779,60.0
"40023","5","238","75","0","2025","A","",13,71,4162076,2180903,15162,1130,58759,"",0.69,0.40,0.51,0.37,0.26,1.29,1.29,"",1,8.3,5,7.6,917307,28.3,290746,15.4,6427,73.6,183,19.3,9534,19.4
"40025","5","238","75","0","2025","A","",4,9,330000,244576,1092,732,38077,"",0.88,0.44,0.36,0.50,0.30,0.85,0.85,"",1,33.3,-2,-18.2,-80782,-19.7,-98215,-28.7,-1775,-61.9,-3,-0.4,-135,-0.4
"40027","5","238","75","0","2025","A","",484,3213,196166813,100310336,1146163,1174,61049,"",1.31,1.04,1.21,1.04,0.82,1.16,1.16,"",12,2.5,-69,-2.1,-448169,-0.2,2787039,2.9,259219,29.2,22,1.9,1151,1.9
"40029","5","238","75","0","2025","A","",8,21,1074153,823091,2647,1000,51975,"",1.25,0.51,0.49,0.59,0.13,0.98,0.98,"",1,14.3,-11,-34.4,-474754,-30.7,-62947,-7.1,-2178,-45.1,72,7.8,3697,7.7
"40031","5","238","75","0","2025","A","",141,1026,57995105,32326441,444134,1087,56544,"",1.08,0.75,0.80,0.85,0.69,1.07,1.07,"",-1,-0.7,-208,-16.9,-11630609,-16.7,-5904870,-15.4,-134062,-23.2,2,0.2,140,0.2
"40033","5","238","75","0","2025","A","",4,31,1274419,782392,11882,799,41557,"",0.64,0.47,0.39,0.31,0.21,0.83,0.83,"",0,0.0,0,0.0,50206,4.1,40455,5.5,325,2.8,35,4.6,1853,4.7
"40035","5","238","75","0","2025","A","",17,60,3006688,1864252,13342,961,49973,"",0.82,0.36,0.39,0.37,0.25,1.07,1.07,"",0,0.0,-18,-23.1,-720364,-19.3,-440739,-19.1,44,0.3,37,4.0,1934,4.0
"40037","5","238","75","0","2025","A","",161,1700,117457600,56202325,1151194,1328,69072,"",1.95,2.39,2.82,2.32,2.52,1.18,1.18,"",7,4.5,176,11.5,22248979,23.4,9342017,19.9,453474,65.0,126,10.5,6579,10.5
"40039","5","238","75","0","2025","A","",52,266,13809970,7616088,54257,999,51950,"",1.06,0.62,0.63,0.55,0.29,1.01,1.01,"",2,4.0,32,13.7,3559921,34.7,1356906,21.7,7859,16.9,158,18.8,8240,18.9
"40041","5","238","75","0","2025","A","",66,436,28635985,16438748,145047,1262,65616,"",1.41,1.34,1.99,1.59,1.05,1.48,1.48,"",8,13.8,78,21.8,3627743,14.5,2235015,15.7,57238,65.2,-80,-6.0,-4191,-6.0
"40043","5","238","75","0","2025","A","",10,58,3188051,1726335,14730,1066,55444,"",1.10,0.77,0.55,0.59,0.30,0.72,0.72,"",0,0.0,-6,-9.4,-30974,-1.0,-186355,-9.7,-5138,-25.9,106,11.0,5537,11.1
"40045","5","238","75","0","2025","A","N",2,0,0,0,0,0,0,"N",0.29,0,0,0,0,0,0,"N",0,0.0,0,0,0,0,0,0,0,0,0,0,0,0
"40047","5","238","75","0","2025","A","",109,802,50323046,25278602,196260,1206,62727,"",1.28,1.03,1.24,0.99,0.51,1.21,1.21,"",3,2.8,62,8.4,7969686,18.8,3810884,17.8,7499,4.0,105,9.5,5480,9.6
"40049","5","238","75","0","2025","A","",61,378,25506836,12645495,204946,1298,67508,"",1.52,1.20,1.38,1.07,1.17,1.15,1.15,"",-8,-11.6,-10,-2.6,2824354,12.5,-224635,-1.7,107251,109.8,172,15.3,8973,15.3
"40051","5","238","75","0","2025","A","",123,685,39854603,20879574,183921,1119,58196,"",1.98,1.48,1.70,1.37,0.79,1.15,1.15,"",1,0.8,-1,-0.1,-1354916,-3.3,-260132,-1.2,612,0.3,-36,-3.1,-1840,-3.1
"40053","5","238","75","0","2025","A","",8,20,784518,565399,8291,767,39891,"",1.11,0.47,0.30,0.43,0.46,0.65,0.65,"",1,14.3,2,11.1,115797,17.3,87773,18.4,2041,32.7,69,9.9,3580,9.9
"40055","5","238","75","0","2025","A","N",6,0,0,0,0,0,0,"N",1.23,0,0,0,0,0,0,"N",0,0.0,0,0,0,0,0,0,0,0,0,0,0,0
"40057","5","238","75","0","2025","A","N",3,0,0,0,0,0,0,"N",0.81,0,0,0,0,0,0,"N",-1,-25.0,0,0,0,0,0,0,0,0,0,0,0,0
"40059","5","238","75","0","2025","A","N",3,0,0,0,0,0,0,"N",0.43,0,0,0,0,0,0,"N",0,0.0,0,0,0,0,0,0,0,0,0,0,0,0
"40061","5","238","75","0","2025","A","",21,59,2683392,1802801,19151,878,45675,"",1.48,0.55,0.58,0.53,0.38,1.05,1.05,"N",-1,-4.5,0,0,0,0,0,0,0,0,0,0,0,0
"40063","5","238","75","0","2025","A","",10,25,1064572,786296,8554,805,41885,"",0.73,0.26,0.27,0.30,0.27,0.99,0.99,"",-2,-16.7,-10,-28.6,-775167,-42.1,-498924,-38.8,1533,21.8,-213,-20.9,-11057,-20.9
"40065","5","238","75","0","2025","A","",24,94,4468585,2514009,14305,913,47496,"",0.72,0.29,0.25,0.30,0.11,0.86,0.86,"",-2,-7.7,-8,-7.8,-807998,-15.3,-280478,-10.0,-18618,-56.6,-83,-8.3,-4278,-8.3
"40067","5","238","75","0","2025","A","N",2,0,0,0,0,0,0,"N",0.29,0,0,0,0,0,0,"N",-2,-50.0,0,0,0,0,0,0,0,0,0,0,0,0
"40069","5","238","75","0","2025","A","",17,42,2411397,1265459,19401,1106,57528,"",1.31,0.41,0.47,0.39,0.50,1.15,1.15,"",-1,-5.6,-14,-25.0,-363647,-13.1,-269215,-17.5,-2020,-9.4,146,15.2,7602,15.2
"40071","5","238","75","0","2025","A","",66,443,24054820,13691084,173811,1044,54290,"",1.12,0.75,0.80,0.71,0.50,1.05,1.05,"",-4,-5.7,32,7.8,2186053,10.0,1769423,14.8,38271,28.2,22,2.2,1124,2.1
"40073","5","238","75","0","2025","A","",34,188,9598142,5544494,45318,984,51190,"",1.15,0.81,0.71,0.67,0.42,0.88,0.88,"",-2,-5.6,-26,-12.1,-1620118,-14.4,-931743,-14.4,11540,34.2,-24,-2.4,-1232,-2.4
"40075","5","238","75","0","2025","A","",11,40,2031866,1152753,4355,981,51009,"",0.98,0.63,0.68,0.70,0.17,1.09,1.10,"",1,10.0,-6,-13.0,-294224,-12.6,-97533,-7.8,-3507,-44.6,14,1.4,715,1.4
"40077","5","238","75","0","2025","A","",12,98,4854193,2951575,59699,956,49702,"",1.15,0.94,0.81,0.69,1.49,0.86,0.86,"",0,0.0,-2,-2.0,86199,1.8,-18582,-0.6,14351,31.6,38,4.1,1942,4.1
"40079","5","238","75","0","2025","A","",54,486,24930610,15219446,136131,986,51271,"",1.08,1.21,1.42,1.17,0.72,1.17,1.17,"",-4,-6.9,46,10.5,3844406,18.2,2385272,18.6,24933,22.4,64,6.9,3311,6.9
"40081","5","238","75","0","2025","A","",66,296,14450122,9094617,114394,939,48832,"",1.86,1.18,1.08,1.03,0.85,0.91,0.91,"",0,0.0,13,4.6,2095730,17.0,1210298,15.4,24256,26.9,98,11.7,5125,11.7
"40083","5","238","75","0","2025","A","",95,481,30037298,14462093,114176,1202,62491,"",2.03,1.58,2.08,1.40,0.88,1.32,1.32,"",9,10.5,30,6.7,5664159,23.2,1055197,7.9,24821,27.8,163,15.7,8439,15.6
"40085","5","238","75","0","2025","A","",18,74,3895925,2112043,13738,1019,53006,"",1.47,0.43,0.44,0.32,0.38,1.03,1.03,"",-2,-10.0,-6,-7.5,-1379681,-26.2,-183787,-8.0,-1318,-8.8,-250,-19.7,-13008,-19.7
"40087","5","238","75","0","2025","A","",144,870,51105016,25413286,152437,1129,58730,"",2.23,2.07,2.42,1.81,1.02,1.17,1.17,"",-7,-4.6,-30,-3.3,526581,1.0,-55115,-0.2,-38145,-20.0,48,4.4,2501,4.4
"40089","5","238","75","0","2025","A","N",44,0,0,0,0,0,0,"N",1.01,0,0,0,0,0,0,"N",-4,-8.3,0,0,0,0,0,0,0,0,0,0,0,0
"40091","5","238","75","0","2025","A","",22,64,2503068,1736669,20920,746,38807,"",1.04,0.41,0.40,0.37,0.36,0.97,0.97,"",0,0.0,-2,-3.0,-227957,-8.3,-165501,-8.7,-4671,-18.3,-48,-6.0,-2468,-6.0
"40093","5","238","75","0","2025","A","",14,62,3212945,2006066,27423,1001,52031,"",1.15,0.91,0.92,0.87,1.32,1.01,1.01,"",3,27.3,-1,-1.6,-41226,-1.3,322944,19.2,22093,414.5,13,1.3,649,1.3
"40095","5","238","75","0","2025","A","",16,85,4309188,2573650,13711,971,50498,"",0.89,0.46,0.45,0.38,0.11,0.97,0.97,"",-1,-5.9,14,19.7,586512,15.8,233283,10.0,-11911,-46.5,-38,-3.8,-1996,-3.8
"40097","5","238","75","0","2025","A","",74,881,77080289,37405703,467716,1683,87492,"",1.46,1.83,2.65,2.15,1.62,1.45,1.45,"",0,0.0,99,12.7,18155080,30.8,10409603,38.6,159902,51.9,233,16.1,12092,16.0
"40099","5","238","75","0","2025","A","",22,135,8229673,4340208,24835,1174,61036,"",1.22,0.82,0.98,0.81,0.42,1.19,1.19,"",-2,-8.3,7,5.5,728957,9.7,497020,12.9,521,2.1,46,4.1,2398,4.1
"40101","5","238","75","0","2025","A","",80,501,28046706,15259093,314232,1077,56019,"",1.03,0.57,0.57,0.60,0.76,1.01,1.01,"",3,3.9,0,0.0,-192180,-0.7,325062,2.2,14224,4.7,-6,-0.6,-318,-0.6
"40103","5","238","75","0","2025","A","",14,141,8601199,4122188,38398,1174,61037,"",1.08,0.90,0.95,0.74,0.53,1.05,1.05,"",0,0.0,4,2.9,803989,10.3,399279,10.7,17297,82.0,80,7.3,4158,7.3
"40105","5","238","75","0","2025","A","",8,18,701331,510539,1712,732,38081,"",0.80,0.32,0.28,0.32,0.06,0.84,0.84,"",0,0.0,0,0.0,-8419,-1.2,57464,12.7,354,26.1,-30,-3.9,-1533,-3.9
"40107","5","238","75","0","2025","A","",11,77,4377949,2517588,25628,1089,56611,"",1.05,0.90,1.19,0.95,0.86,1.32,1.31,"",1,10.0,27,54.0,1840547,72.5,993409,65.2,8632,50.8,118,12.2,6115,12.1
"40109","3","238","75","0","2025","A","N",1,0,0,0,0,0,0,"N",4.87,0,0,0,0,0,0,"N",0,0.0,0,0,0,0,0,0,0,0,0,0,0,0
"40109","5","238","75","0","2025","A","",1673,14942,1045819322,473271864,6427253,1346,69993,"",1.02,0.90,0.92,0.85,0.73,1.02,1.02,"",11,0.7,46,0.3,46518262,4.7,16081480,3.5,1121662,21.1,56,4.3,2908,4.3
"40111","5","238","75","0","2025","A","",48,158,8654653,4969008,43144,1055,54863,"",1.21,0.45,0.50,0.42,0.31,1.10,1.10,"",0,0.0,-10,-6.0,-133969,-1.5,138666,2.9,7471,20.9,47,4.7,2472,4.7
"40113","5","238","75","0","2025","A","",41,210,10232344,6076310,25077,937,48725,"",1.50,0.78,0.70,0.64,0.17,0.89,0.89,"",2,5.1,19,9.9,1312074,14.7,737653,13.8,7844,45.5,38,4.2,2002,4.3
"40115","5","238","75","0","2025","A","",45,209,8903404,5867686,30635,821,42668,"",1.14,0.48,0.45,0.41,0.13,0.92,0.92,"",1,2.3,15,7.7,940991,11.8,441468,8.1,3199,11.7,31,3.9,1589,3.9
"40117","5","238","75","0","2025","A","",22,91,5566364,2856493,17537,1177,61225,"",1.28,0.80,1.04,0.83,0.38,1.30,1.30,"",0,0.0,-6,-6.2,916942,19.7,70811,2.5,7112,68.2,251,27.1,13086,27.2
"40119","5","238","75","0","2025","A","",135,815,49322825,25367714,286015,1164,60550,"",1.20,0.69,0.78,0.66,0.69,1.12,1.12,"",1,0.7,-35,-4.1,-214257,-0.4,245371,1.0,79249,38.3,43,3.8,2242,3.8
"40121","5","238","75","0","2025","A","",42,245,12191192,7170520,85666,959,49845,"",0.82,0.50,0.48,0.51,0.43,0.96,0.96,"",2,5.0,5,2.1,979777,8.7,248672,3.6,12047,16.4,61,6.8,3163,6.8
"40123","5","238","75","0","2025","A","",55,287,16356546,8559136,103916,1097,57041,"",0.95,0.42,0.39,0.33,0.36,0.94,0.94,"",3,5.8,26,10.0,3687351,29.1,1119492,15.0,56375,118.6,164,17.6,8500,17.5
"40125","5","238","75","0","2025","A","",97,399,20931901,11868512,128236,1010,52516,"",1.35,0.52,0.57,0.47,0.30,1.09,1.09,"",3,3.2,-29,-6.8,-636059,-2.9,-491544,-4.0,2187,1.7,41,4.2,2153,4.3
"40127","5","238","75","0","2025","A","",6,15,441859,350814,4068,573,29788,"",0.42,0.18,0.13,0.15,0.13,0.71,0.71,"N",0,0.0,0,0,0,0,0,0,0,0,0,0,0,0
"40129","5","238","75","0","2025","A","N",3,0,0,0,0,0,0,"N",0.56,0,0,0,0,0,0,"N",0,0.0,0,0,0,0,0,0,0,0,0,0,0,0
"40131","5","238","75","0","2025","A","",214,1465,88030158,45334661,467635,1156,60099,"",1.97,1.41,1.39,1.14,0.81,0.99,0.98,"",13,6.5,190,14.9,18402935,26.4,8309439,22.4,131018,38.9,106,10.1,5497,10.1
"40133","5","238","75","0","2025","A","",31,122,6703465,3670031,82058,1057,54946,"",1.27,0.52,0.58,0.46,0.52,1.11,1.11,"",-1,-3.1,-11,-8.3,-333375,-4.7,-41975,-1.1,29760,56.9,38,3.7,1938,3.7
"40135","5","238","75","0","2025","A","",37,182,8653526,5262105,71171,914,47525,"",0.96,0.58,0.68,0.58,0.60,1.18,1.18,"",0,0.0,2,1.1,817591,10.4,271806,5.4,13150,22.7,78,9.3,4072,9.4
"40137","5","238","75","0","2025","A","",59,407,26913907,11822729,168972,1272,66128,"",1.01,0.83,1.00,0.71,0.66,1.21,1.20,"",-3,-4.8,-23,-5.3,683874,2.6,-353469,-2.9,44176,35.4,99,8.4,5152,8.4
"40139","5","238","75","0","2025","A","",33,132,7436619,3886464,20273,1085,56409,"",1.17,0.40,0.44,0.31,0.14,1.10,1.10,"",2,6.5,-29,-18.0,-1896082,-20.3,-750296,-16.2,-2341,-10.4,-31,-2.8,-1618,-2.8
"40141","5","238","75","0","2025","A","",6,26,1327982,677859,2037,964,50113,"",0.71,0.52,0.60,0.46,0.08,1.13,1.13,"",0,0.0,-1,-3.7,171244,14.8,23756,3.6,71,3.6,145,17.7,7534,17.7
"40143","3","238","75","0","2025","A","N",1,0,0,0,0,0,0,"N",6.14,0,0,0,0,0,0,"N",-1,-50.0,0,0,0,0,0,0,0,0,0,0,0,0
"40143","5","238","75","0","2025","A","",1421,13861,952013818,450815458,6216047,1321,68683,"",1.09,1.11,1.15,1.01,0.79,1.03,1.03,"",-23,-1.6,678,5.1,98310910,11.5,40687215,9.9,1465847,30.9,76,6.1,3924,6.1
"40145","5","238","75","0","2025","A","",129,1430,100621102,46558645,543174,1353,70348,"",2.05,3.68,4.53,3.24,2.48,1.23,1.23,"",8,6.6,161,12.7,16088586,19.0,8344455,21.8,103167,23.4,72,5.6,3739,5.6
"40147","5","238","75","0","2025","A","",77,674,43071281,21438942,267020,1230,63951,"",1.11,1.06,1.05,0.99,0.73,0.99,0.99,"",-2,-2.5,98,17.0,8820234,25.8,3664623,20.6,88068,49.2,87,7.6,4522,7.6
"40149","5","238","75","0","2025","A","",16,67,3510969,1830624,9110,1002,52079,"",1.16,1.03,1.17,0.94,0.28,1.13,1.13,"",-2,-11.1,-26,-28.0,-1764421,-33.4,-839374,-31.4,-11539,-55.9,-93,-8.5,-4850,-8.5
"40151","5","238","75","0","2025","A","",12,42,1889244,1181976,28150,855,44453,"",0.81,0.39,0.34,0.40,0.86,0.88,0.88,"",-1,-7.7,-24,-36.4,-1116774,-37.2,-690330,-36.9,2747,10.8,-26,-3.0,-1382,-3.0
"40153","5","238","75","0","2025","A","",42,355,22407940,11462898,62417,1214,63136,"",1.06,1.33,1.48,1.27,0.44,1.11,1.11,"",3,7.7,-14,-3.8,-699780,-3.0,-170829,-1.5,2949,5.0,11,0.9,584,0.9
"40999","5","238","75","0","2025","A","",112,783,64995773,29864123,709909,1596,82991,"",0.37,0.79,0.73,0.62,0.61,0.91,0.91,"",-15,-11.8,-25,-3.1,1661142,2.6,2785859,10.3,225655,46.6,90,6.0,4655,5.9
"41000","3","238","55","0","2025","A","N",1,0,0,0,0,0,0,"N",0.92,0,0,0,0,0,0,"N",-1,-50.0,0,0,0,0,0,0,0,0,0,0,0,0
"41000","5","238","55","0","2025","A","",9199,69825,5844199123,3752516171,89952084,1610,83698,"",1.06,1.05,1.19,1.14,0.91,1.13,1.13,"",-259,-2.7,-2522,-3.5,-36520822,-0.6,-18440706,-0.5,2342831,2.7,47,3.0,2413,3.0
"41001","5","238","75","0","2025","A","",35,112,5861601,5055403,99888,1008,52414,"",1.02,0.59,0.58,0.70,0.50,0.97,0.97,"",-2,-5.4,-7,-5.9,491223,9.1,295456,6.2,13529,15.7,141,16.3,7348,16.3
"41003","5","238","75","0","2025","A","",100,444,27707009,21498398,391887,1201,62462,"",0.69,0.34,0.31,0.48,0.31,0.89,0.89,"",-3,-2.9,-24,-5.1,-1072957,-3.7,-377053,-1.7,-43857,-10.1,17,1.4,901,1.5
"41005","5","238","75","0","2025","A","",1143,9697,817803762,521171299,12233667,1622,84334,"",1.40,1.66,1.91,1.62,1.29,1.15,1.15,"",-30,-2.6,-63,-0.6,33654386,4.3,9490441,1.9,1201834,10.9,77,5.0,3992,5.0
"41007","5","238","75","0","2025","A","",98,599,40731509,29935625,554009,1307,67980,"",1.08,0.93,1.17,1.06,0.68,1.26,1.26,"",-1,-1.0,-39,-6.1,136569,0.3,79129,0.3,41907,8.2,83,6.8,4327,6.8
"41009","5","238","75","0","2025","A","",96,579,44186827,28962022,650349,1468,76327,"",1.41,1.41,1.90,1.50,1.15,1.35,1.35,"",2,2.1,58,11.1,7515769,20.5,4312496,17.5,95360,17.2,113,8.3,5885,8.4
"41011","5","238","75","0","2025","A","",95,444,26297492,20927393,475116,1139,59206,"",0.97,0.57,0.62,0.65,0.46,1.08,1.08,"",-2,-2.1,17,4.0,2504317,10.5,1739030,9.1,6368,1.4,68,6.3,3539,6.4
"41013","5","238","75","0","2025","A","",87,632,59399953,39556095,922759,1808,94024,"",2.08,2.55,3.55,3.28,2.42,1.39,1.39,"",3,3.6,70,12.5,11969870,25.2,8925968,29.1,271045,41.6,184,11.3,9579,11.3
"41015","5","238","75","0","2025","A","",46,108,6299100,5201885,98614,1117,58101,"",1.05,0.49,0.55,0.56,0.35,1.12,1.12,"",1,2.2,9,9.1,1412264,28.9,1187999,29.6,15658,18.9,164,17.2,8530,17.2
"41017","5","238","75","0","2025","A","",799,4680,335844533,242616311,5279565,1380,71760,"",1.46,1.49,1.54,1.50,1.11,1.03,1.03,"",-20,-2.4,-76,-1.6,6788102,2.1,4295708,1.8,119154,2.3,50,3.8,2578,3.7
"41019","5","238","75","0","2025","A","",191,1095,73069235,53643358,1255130,1283,66730,"",1.15,0.85,1.01,1.02,0.76,1.18,1.18,"",-3,-1.5,-4,-0.4,3754714,5.4,2793004,5.5,40249,3.3,70,5.8,3640,5.8
"41021","5","238","75","0","2025","A","",5,35,2948648,2056279,47136,1624,84448,"",0.71,1.08,1.36,1.16,0.78,1.26,1.26,"",-1,-16.7,20,133.3,2422202,460.1,1575600,327.8,39738,537.1,945,139.2,49156,139.3
"41023","5","238","75","0","2025","A","N",15,0,0,0,0,0,0,"N",0.94,0,0,0,0,0,0,"N",2,15.4,0,0,0,0,0,0,0,0,0,0,0,0
"41025","5","238","75","0","2025","A","",14,64,3160488,2815158,50780,942,49000,"",0.89,0.73,0.67,1.05,0.69,0.92,0.92,"",-2,-12.5,14,28.0,698939,28.4,624657,28.5,2881,6.0,5,0.5,256,0.5
"41027","5","238","75","0","2025","A","",64,280,19169547,13959914,256078,1315,68402,"",0.93,0.60,0.75,0.65,0.40,1.25,1.25,"",-1,-1.5,-4,-1.4,55618,0.3,-379490,-2.6,-22655,-8.1,23,1.8,1198,1.8
"41029","5","238","75","0","2025","A","",535,3212,221609681,159982127,3735526,1327,69000,"",1.37,1.04,1.20,1.13,0.87,1.15,1.15,"",-11,-2.0,-40,-1.2,5476639,2.5,3855637,2.5,294358,8.6,49,3.8,2537,3.8
"41031","5","238","75","0","2025","A","",34,131,10462090,7457203,153493,1537,79914,"",1.07,0.55,0.75,0.78,0.56,1.36,1.36,"",-3,-8.1,34,35.1,3288900,45.8,2575896,52.8,46181,43.0,121,8.5,6280,8.5
"41033","5","238","75","0","2025","A","",192,723,39976861,33071510,728799,1064,55319,"",1.49,0.70,0.75,0.77,0.54,1.07,1.07,"",-8,-4.0,19,2.7,4204002,11.8,3334432,11.2,60935,9.1,86,8.8,4475,8.8
"41035","5","238","75","0","2025","A","",121,614,35017770,28721438,756454,1096,57009,"",1.10,0.77,0.80,0.91,0.72,1.04,1.04,"",-16,-11.7,-120,-16.3,-7508689,-17.7,-4792341,-14.3,-211745,-21.9,-19,-1.7,-962,-1.7
"41037","5","238","75","0","2025","A","",8,42,3346652,2303899,68351,1517,78899,"",0.46,0.50,0.74,0.75,0.69,1.45,1.45,"N",0,0.0,0,0,0,0,0,0,0,0,0,0,0,0
"41039","5","238","75","0","2025","A","",651,4651,326301945,232354209,5092187,1349,70164,"",1.03,0.89,1.01,1.00,0.73,1.13,1.14,"",-43,-6.2,-64,-1.4,4049540,1.3,4260990,1.9,-47387,-0.9,35,2.7,1824,2.7
"41041","5","238","75","0","2025","A","",84,406,24773767,19085226,358975,1175,61082,"",0.85,0.65,0.75,0.80,0.51,1.15,1.15,"",-10,-10.6,-28,-6.5,403064,1.7,-232880,-1.2,-14345,-3.8,94,8.7,4874,8.7
"41043","5","238","75","0","2025","A","",246,2210,174656086,115233296,2723891,1520,79045,"",1.34,1.37,1.81,1.48,1.11,1.33,1.33,"",-10,-3.9,50,2.3,13003228,8.0,7868329,7.3,256484,10.4,80,5.6,4188,5.6
"41045","5","238","75","0","2025","A","",46,176,9514137,7537931,145652,1037,53930,"",0.87,0.39,0.41,0.46,0.32,1.04,1.04,"",-4,-8.0,-12,-6.4,742852,8.5,548576,7.8,980,0.7,141,15.7,7316,15.7
"41047","5","238","75","0","2025","A","",978,7006,525900826,363187549,8117779,1444,75069,"",1.64,1.19,1.36,1.50,1.12,1.14,1.14,"",-7,-0.7,-292,-4.0,3406563,0.7,-587480,-0.2,243579,3.1,67,4.9,3471,4.8
"41049","5","238","75","0","2025","A","N",24,0,0,0,0,0,0,"N",1.19,0,0,0,0,0,0,"N",0,0.0,0,0,0,0,0,0,0,0,0,0,0,0
"41051","3","238","75","0","2025","A","N",1,0,0,0,0,0,0,"N",4.25,0,0,0,0,0,0,"N",0,0.0,0,0,0,0,0,0,0,0,0,0,0,0
"41051","5","238","75","0","2025","A","",1128,14421,1499186066,839259482,22848138,1999,103962,"",0.60,0.87,1.08,1.01,0.88,1.23,1.23,"",-23,-2.0,-1597,-10.0,-132302226,-8.1,-78994315,-8.6,-1138275,-4.7,40,2.0,2105,2.1
"41053","5","238","75","0","2025","A","",136,685,43353653,32337778,595245,1217,63290,"",1.25,0.97,1.13,1.15,0.70,1.16,1.16,"",-4,-2.9,-45,-6.2,-389357,-0.9,233896,0.7,39238,7.1,64,5.6,3348,5.6
"41055","5","238","75","0","2025","A","N",4,0,0,0,0,0,0,"N",0.72,0,0,0,0,0,0,"N",0,0.0,0,0,0,0,0,0,0,0,0,0,0,0
"41057","5","238","75","0","2025","A","",48,199,11577028,8811899,120532,1120,58249,"",0.93,0.60,0.64,0.67,0.32,1.06,1.06,"",-6,-11.1,12,6.4,885711,8.3,487944,5.9,-11531,-8.7,19,1.7,974,1.7
"41059","5","238","75","0","2025","A","",132,877,67295243,47309790,947243,1476,76733,"",1.12,0.80,1.02,0.96,0.65,1.29,1.29,"",-8,-5.7,71,8.8,11357527,20.3,7359620,18.4,96010,11.3,142,10.6,7374,10.6
"41061","5","238","75","0","2025","A","",58,276,17810801,13993913,311105,1241,64532,"",1.18,0.79,0.94,1.07,0.77,1.19,1.19,"",-1,-1.7,1,0.4,665226,3.9,1185055,9.3,-1803,-0.6,41,3.4,2109,3.4
"41063","5","238","75","0","2025","A","N",25,0,0,0,0,0,0,"N",1.14,0,0,0,0,0,0,"N",1,4.2,0,0,0,0,0,0,0,0,0,0,0,0
"41065","5","238","75","0","2025","A","",43,189,12487968,9502608,193862,1272,66161,"",0.83,0.49,0.55,0.64,0.44,1.13,1.13,"",0,0.0,-5,-2.6,385938,3.2,305933,3.3,-8577,-4.2,75,6.3,3913,6.3
"41067","5","238","75","0","2025","A","",1138,12297,1118969274,682438682,17097884,1750,90996,"",1.07,1.22,1.23,1.15,0.98,1.01,1.01,"",-61,-5.1,-710,-5.5,-50783991,-4.3,-25567443,-3.6,122429,0.7,21,1.2,1065,1.2
"41069","5","238","75","0","2025","A","N",2,0,0,0,0,0,0,"N",0.55,0,0,0,0,0,0,"N",1,100.0,0,0,0,0,0,0,0,0,0,0,0,0
"41071","5","238","75","0","2025","A","",244,1422,106583634,72539736,1427666,1441,74949,"",1.38,1.06,1.39,1.15,0.80,1.31,1.31,"",2,0.8,27,1.9,3973864,3.9,4070706,5.9,241137,20.3,26,1.8,1385,1.9
"41999","5","238","75","0","2025","A","",532,1293,113327836,77946108,1940565,1686,87659,"",0.72,0.87,0.60,0.65,0.50,0.70,0.70,"",6,1.1,160,14.1,26487376,30.5,18122812,30.3,491230,33.9,212,14.4,11001,14.4
"42000","3","238","55","0","2025","A","N",3,0,0,0,0,0,0,"N",1.26,0,0,0,0,0,0,"N",0,0.0,0,0,0,0,0,0,0,0,0,0,0,0
"42000","5","238","55","0","2025","A","",19220,165951,13777290145,2236750116,137306209,1597,83020,"",1.01,0.82,0.91,0.81,0.91,1.12,1.12,"",14,0.1,1796,1.1,760810968,5.8,36297865,1.6,3588109,2.7,72,4.7,3726,4.7
"42001","5","238","75","0","2025","A","",157,931,68856517,11599288,573422,1423,73986,"",1.43,0.84,1.08,0.79,0.81,1.30,1.30,"",4,2.6,29,3.2,5761518,9.1,174580,1.5,-6736,-1.2,79,5.9,4075,5.8
"42003","5","238","75","0","2025","A","",1734,19111,1623777790,264410009,19056694,1634,84965,"",0.97,0.85,0.89,0.91,1.18,1.04,1.04,"",-18,-1.0,471,2.5,147685897,10.0,6168281,2.4,525701,2.8,111,7.3,5774,7.3
"42005","5","238","75","0","2025","A","",92,683,46307620,8961839,623611,1304,67809,"",1.30,1.32,1.68,1.33,1.55,1.27,1.27,"",4,4.5,24,3.6,4913569,11.9,160465,1.8,5112,0.8,97,8.0,5019,8.0
"42007","5","238","75","0","2025","A","",226,1386,96412140,19260012,1350608,1338,69582,"",1.29,0.85,0.97,0.90,1.07,1.14,1.14,"",0,0.0,-20,-1.4,3027768,3.2,-258489,-1.3,-12122,-0.9,61,4.8,3187,4.8
"42009","5","238","75","0","2025","A","",66,561,36900370,7577256,351406,1266,65825,"",1.09,1.02,1.33,0.95,0.81,1.30,1.30,"",4,6.5,51,10.0,6028445,19.5,997150,15.2,81808,30.3,102,8.8,5272,8.7
"42011","5","238","75","0","2025","A","",596,5685,480013210,75188340,4650690,1624,84441,"",1.37,0.97,1.24,0.90,1.07,1.28,1.28,"",10,1.7,331,6.2,54174755,12.7,6558913,9.6,346528,8.1,94,6.1,4902,6.2
"42013","5","238","75","0","2025","A","",187,1301,80984103,17193832,1089772,1197,62228,"",1.10,0.67,0.75,0.65,0.81,1.13,1.13,"",0,0.0,-23,-1.7,920308,1.1,-657772,-3.7,-59357,-5.2,34,2.9,1772,2.9
"42015","5","238","75","0","2025","A","",70,441,28237202,6028586,398230,1231,64006,"",0.95,0.59,0.60,0.68,0.87,1.01,1.01,"",1,1.4,-1,-0.2,1696247,6.4,329782,5.8,21217,5.6,77,6.7,3981,6.6
"42017","5","238","75","0","2025","A","",1638,13004,1165903145,173721149,10929388,1724,89660,"",1.56,1.41,1.89,1.28,1.50,1.35,1.35,"",-1,-0.1,62,0.5,57200993,5.2,3324358,2.0,556224,5.4,77,4.7,3992,4.7
"42019","5","238","75","0","2025","A","",350,2885,217807272,39415822,2686099,1452,75505,"",1.30,0.97,1.08,0.94,1.19,1.11,1.11,"",-1,-0.3,-85,-2.9,3094998,1.4,-237072,-0.6,-10216,-0.4,62,4.5,3213,4.4
"42021","5","238","75","0","2025","A","",143,1049,69703729,13898611,956117,1278,66469,"",0.90,0.67,0.85,0.70,0.91,1.27,1.27,"",0,0.0,0,0.0,5366576,8.3,-316844,-2.2,-18126,-1.9,99,8.4,5142,8.4
"42023","5","238","75","0","2025","A","N",5,0,0,0,0,0,0,"N",0.66,0,0,0,0,0,0,"N",1,25.0,0,0,0,0,0,0,0,0,0,0,0,0
"42025","5","238","75","0","2025","A","",79,306,17615415,3958910,207509,1108,57598,"",1.22,0.56,0.70,0.58,0.55,1.25,1.25,"",-3,-3.7,2,0.7,445251,2.6,148528,3.9,-1249,-0.6,21,1.9,1086,1.9
"42027","5","238","75","0","2025","A","",149,1170,77414821,15158023,841754,1273,66181,"",0.84,0.50,0.51,0.67,0.72,1.01,1.01,"",3,2.1,17,1.5,6658539,9.4,413365,2.8,30983,3.8,93,7.9,4814,7.8
"42029","5","238","75","0","2025","A","",928,8219,730068291,107855637,5339503,1708,88826,"",1.14,0.97,0.95,0.86,0.83,0.98,0.98,"",-7,-0.7,132,1.6,34684520,5.0,3096473,3.0,577141,12.1,54,3.3,2842,3.3
"42031","5","238","75","0","2025","A","",45,177,8816125,2108762,109542,956,49692,"",0.86,0.43,0.43,0.41,0.36,1.01,1.01,"",-2,-4.3,2,1.1,-58766,-0.7,36455,1.8,-1440,-1.3,-19,-1.9,-998,-2.0
"42033","5","238","75","0","2025","A","",78,406,24709598,5505077,397752,1169,60811,"",0.79,0.42,0.47,0.46,0.63,1.13,1.13,"",-6,-7.1,-37,-8.4,-2287359,-8.5,-353895,-6.0,-46331,-10.4,-4,-0.3,-165,-0.3
"42035","5","238","75","0","2025","A","",60,443,28080504,5612164,368826,1219,63411,"",1.34,1.04,1.21,0.98,1.26,1.16,1.16,"",0,0.0,32,7.8,3371624,13.6,391252,7.5,37616,11.4,62,5.4,3255,5.4
"42037","5","238","75","0","2025","A","",85,578,42778630,7691118,534846,1424,74065,"",1.11,0.72,1.02,0.73,0.91,1.42,1.42,"",-1,-1.2,-2,-0.3,1688489,4.1,313710,4.3,45739,9.4,60,4.4,3159,4.5
"42039","5","238","75","0","2025","A","",110,604,34598669,8128309,416609,1102,57290,"",1.07,0.63,0.68,0.68,0.68,1.09,1.09,"",2,1.9,24,4.1,3592158,11.6,588734,7.8,57313,16.0,74,7.2,3838,7.2
"42041","5","238","75","0","2025","A","",292,3681,287389451,47746947,2236232,1502,78079,"",0.84,0.80,0.94,0.71,0.69,1.18,1.18,"",4,1.4,44,1.2,17398906,6.4,185410,0.4,47540,2.2,75,5.3,3853,5.2
"42043","5","238","75","0","2025","A","",282,4004,350642162,51499978,3120936,1684,87575,"",0.77,0.63,0.79,0.70,0.81,1.26,1.26,"",6,2.2,147,3.8,26096340,8.0,805535,1.6,104231,3.5,66,4.1,3429,4.1
"42045","5","238","75","0","2025","A","",908,8209,740905089,111119360,7160074,1736,90253,"",1.28,1.12,1.35,1.07,1.31,1.20,1.20,"",-18,-1.9,-162,-1.9,-5925913,-0.8,-977264,-0.9,292232,4.3,20,1.2,1040,1.2
"42047","5","238","75","0","2025","A","",52,322,20461829,3884155,217084,1220,63448,"",1.13,0.73,0.85,0.66,0.65,1.16,1.16,"",-1,-1.9,6,1.9,1109031,5.7,-148382,-3.7,-35917,-14.2,43,3.7,2270,3.7
"42049","5","238","75","0","2025","A","",324,2746,187344686,36925578,2703476,1312,68218,"",0.99,0.69,0.83,0.76,1.00,1.22,1.22,"",2,0.6,132,5.0,19737245,11.8,3390234,10.1,309197,12.9,79,6.4,4097,6.4
"42051","5","238","75","0","2025","A","",148,855,51454343,11324003,655237,1157,60169,"",1.11,0.68,0.76,0.68,0.70,1.13,1.13,"",-1,-0.7,-293,-25.5,-16674979,-24.5,-3755565,-24.9,-376672,-36.5,15,1.3,801,1.3
"42053","5","238","75","0","2025","A","N",2,0,0,0,0,0,0,"N",0.29,0,0,0,0,0,0,"N",0,0.0,0,0,0,0,0,0,0,0,0,0,0,0
"42055","5","238","75","0","2025","A","",198,1871,131196008,23238060,942043,1349,70130,"",1.15,0.91,1.11,0.82,0.67,1.23,1.23,"",1,0.5,102,5.8,12508791,10.5,1414578,6.5,28812,3.2,59,4.6,3040,4.5
"42057","5","238","75","0","2025","A","",18,164,12795513,2051556,120904,1499,77942,"",1.14,0.91,1.22,0.86,0.77,1.34,1.34,"",-1,-5.3,14,9.3,1916980,17.6,126991,6.6,4969,4.3,107,7.7,5539,7.7
"42059","5","238","75","0","2025","A","",38,898,66386205,13808029,521263,1422,73940,"",0.99,2.30,2.42,2.67,1.76,1.05,1.05,"",-3,-7.3,50,5.9,7608285,12.9,1371685,11.0,-1925,-0.4,90,6.8,4667,6.7
"42061","5","238","75","0","2025","A","",52,409,30025292,5296916,266417,1411,73397,"",1.03,0.96,1.39,1.14,0.93,1.45,1.45,"",1,2.0,16,4.1,3152590,11.7,37143,0.7,-19374,-6.8,96,7.3,5019,7.3
"42063","5","238","75","0","2025","A","",81,454,26320914,5988875,345854,1115,57997,"",0.87,0.48,0.49,0.52,0.57,1.00,1.00,"",-5,-5.8,-2,-0.4,1940409,8.0,91488,1.6,14920,4.5,88,8.6,4590,8.6
"42065","5","238","75","0","2025","A","",52,405,25670116,5315607,328727,1220,63448,"",0.90,0.85,1.05,0.85,0.88,1.23,1.24,"",2,4.0,21,5.5,2412561,10.4,75380,1.4,-16187,-4.7,54,4.6,2842,4.7
"42067","5","238","75","0","2025","A","",48,182,10836744,2867893,209048,1148,59679,"",1.70,0.88,1.08,0.93,1.22,1.22,1.23,"",6,14.3,6,3.4,1390049,14.7,305485,11.9,32670,18.5,114,11.0,5903,11.0
"42069","5","238","75","0","2025","A","",294,2371,169222952,32620285,2413919,1373,71377,"",1.08,0.72,0.92,0.75,1.01,1.29,1.29,"",-2,-0.7,60,2.6,12100422,7.7,879031,2.8,90458,3.9,65,5.0,3386,5.0
"42071","5","238","75","0","2025","A","",1250,13066,1032807718,162688100,6782005,1520,79044,"",1.74,1.54,1.94,1.36,1.21,1.26,1.26,"",6,0.5,352,2.8,73558112,7.7,5356275,3.4,302711,4.7,69,4.8,3598,4.8
"42073","5","238","75","0","2025","A","",124,937,75357732,14108087,1195570,1547,80439,"",1.26,1.03,1.50,1.21,1.79,1.45,1.46,"",-1,-0.8,-2,-0.2,7404364,10.9,325353,2.4,58014,5.1,156,11.2,8103,11.2
"42075","5","238","75","0","2025","A","",197,1445,109618791,18292877,786801,1459,75843,"",1.35,0.81,1.06,0.77,0.66,1.31,1.31,"",7,3.7,47,3.4,9030814,9.0,710936,4.0,2453,0.3,75,5.4,3866,5.4
"42077","5","238","75","0","2025","A","",424,4680,391025827,61364758,3955819,1607,83544,"",0.96,0.69,0.79,0.70,0.83,1.15,1.15,"",-14,-3.2,-139,-2.9,11818783,3.1,-1414211,-2.3,43818,1.1,94,6.2,4855,6.2
"42079","5","238","75","0","2025","A","",394,3270,241690855,44812283,3330723,1422,73923,"",1.07,0.67,0.85,0.65,0.84,1.27,1.27,"",-4,-1.0,-67,-2.0,10265641,4.4,-473636,-1.0,4548,0.1,88,6.6,4575,6.6
"42081","5","238","75","0","2025","A","",153,1091,74499748,14603759,916656,1313,68260,"",1.04,0.66,0.79,0.75,0.86,1.20,1.20,"",-1,-0.6,23,2.2,5789559,8.4,1300870,9.8,114200,14.2,76,6.1,3930,6.1
"42083","5","238","75","0","2025","A","",54,382,24065489,5324530,377562,1210,62930,"",1.05,0.83,1.00,0.98,1.28,1.21,1.21,"",1,1.9,-36,-8.6,-28001,-0.1,-335970,-5.9,-58638,-13.4,102,9.2,5313,9.2
"42085","5","238","75","0","2025","A","",120,866,56628997,11166700,617878,1258,65391,"",0.86,0.61,0.72,0.60,0.62,1.19,1.19,"",-4,-3.2,25,3.0,5493933,10.7,634084,6.0,31213,5.3,89,7.6,4582,7.5
"42087","5","238","75","0","2025","A","",84,720,52391261,9506657,594845,1399,72766,"",1.57,1.25,1.67,1.37,1.50,1.34,1.34,"",9,12.0,70,10.8,5602488,12.0,883544,10.2,60940,11.4,15,1.1,811,1.1
"42089","5","238","75","0","2025","A","",246,1211,72308239,15880918,979206,1149,59726,"",1.35,0.63,0.68,0.62,0.72,1.08,1.08,"",3,1.2,15,1.3,2765868,4.0,675704,4.4,92862,10.5,31,2.8,1605,2.8
"42091","5","238","75","0","2025","A","",1540,16106,1555734448,223471906,13562094,1858,96595,"",1.09,0.96,1.01,0.88,0.98,1.06,1.06,"",-25,-1.6,33,0.2,58554324,3.9,5340895,2.4,700641,5.4,67,3.7,3448,3.7
"42093","5","238","75","0","2025","A","",10,41,1892567,551449,17222,882,45880,"",0.42,0.07,0.04,0.17,0.11,0.52,0.52,"",0,0.0,3,7.9,178602,10.4,61681,12.6,-456,-2.6,26,3.0,1361,3.1
"42095","5","238","75","0","2025","A","",406,3233,253783542,41733037,2558326,1509,78494,"",1.17,0.79,0.98,0.74,0.82,1.24,1.24,"",1,0.2,221,7.3,30148071,13.5,3418437,8.9,309295,13.8,81,5.7,4252,5.7
"42097","5","238","75","0","2025","A","",99,528,31089965,6537130,330696,1131,58827,"",1.11,0.58,0.63,0.46,0.43,1.08,1.08,"",5,5.3,-23,-4.2,-578467,-1.8,-446255,-6.4,-8268,-2.4,26,2.4,1379,2.4
"42099","5","238","75","0","2025","A","",89,451,29808925,5636113,308415,1272,66120,"",2.02,1.65,2.49,1.67,1.53,1.51,1.51,"",3,3.5,23,5.4,2673361,9.9,41857,0.7,11277,3.8,53,4.3,2756,4.3
"42101","3","238","75","0","2025","A","N",3,0,0,0,0,0,0,"N",14.68,0,0,0,0,0,0,"N",0,0.0,0,0,0,0,0,0,0,0,0,0,0,0
"42101","5","238","75","0","2025","A","",846,6693,659865476,92518470,6295596,1896,98589,"",0.52,0.28,0.32,0.32,0.39,1.15,1.15,"",0,0.0,-272,-3.9,1275689,0.2,-5961454,-6.1,-460955,-6.8,78,4.3,4029,4.3
"42103","5","238","75","0","2025","A","",73,251,13502502,3204345,156244,1033,53741,"",1.31,0.61,0.71,0.59,0.59,1.17,1.17,"",0,0.0,0,0.0,438942,3.4,44838,1.4,5327,3.5,31,3.1,1626,3.1
"42105","5","238","75","0","2025","A","",14,37,1517378,460335,31805,798,41477,"",0.61,0.23,0.18,0.26,0.32,0.77,0.77,"N",2,16.7,0,0,0,0,0,0,0,0,0,0,0,0
"42107","5","238","75","0","2025","A","",134,959,72476737,13486803,902230,1454,75602,"",0.93,0.57,0.77,0.55,0.67,1.35,1.35,"",-4,-2.9,17,1.8,6733806,10.2,483751,3.7,78812,9.6,113,8.4,5848,8.4
"42109","5","238","75","0","2025","A","",50,396,25647033,5153087,247285,1246,64806,"",0.99,0.76,1.04,0.76,0.67,1.37,1.37,"",1,2.0,-9,-2.2,-942759,-3.5,82822,1.6,16780,7.3,-18,-1.4,-915,-1.4
"42111","5","238","75","0","2025","A","",103,741,49976682,11315793,868305,1297,67445,"",1.14,0.96,1.23,1.18,1.59,1.29,1.29,"",1,1.0,13,1.8,3909965,8.5,852696,8.1,71502,9.0,81,6.7,4210,6.7
"42113","5","238","75","0","2025","A","N",9,0,0,0,0,0,0,"N",1.05,0,0,0,0,0,0,"N",-1,-10.0,0,0,0,0,0,0,0,0,0,0,0,0
"42115","5","238","75","0","2025","A","",58,349,25940370,4755761,333311,1430,74381,"",1.23,1.22,1.72,1.34,1.62,1.41,1.41,"",-2,-3.3,-15,-4.1,809098,3.2,-122812,-2.5,-1513,-0.5,103,7.8,5386,7.8
"42117","5","238","75","0","2025","A","",40,231,15139697,2827951,152405,1262,65611,"",0.82,0.57,0.71,0.62,0.61,1.25,1.25,"",4,11.1,33,16.7,2849791,23.2,541887,23.7,15294,11.2,70,5.9,3619,5.8
"42119","5","238","75","0","2025","A","",64,507,36825742,6454363,381962,1397,72647,"",1.28,0.87,1.04,1.05,1.10,1.19,1.19,"",-2,-3.0,35,7.4,5666158,18.2,673731,11.7,28097,7.9,127,10.0,6619,10.0
"42121","5","238","75","0","2025","A","",64,279,13483561,3724943,198657,929,48285,"",1.09,0.52,0.49,0.58,0.62,0.94,0.94,"",6,10.3,-3,-1.1,-508654,-3.6,185039,5.2,107,0.1,-25,-2.6,-1303,-2.6
"42123","5","238","75","0","2025","A","",33,169,9032755,2148143,114325,1025,53317,"",0.75,0.39,0.39,0.39,0.43,1.00,1.00,"",-1,-2.9,-11,-6.1,122897,1.4,-125448,-5.5,-26016,-18.5,74,7.8,3886,7.9
"42125","5","238","75","0","2025","A","",433,4102,333265485,54691662,3762221,1562,81236,"",1.54,1.37,1.51,1.25,1.46,1.10,1.10,"",8,1.9,88,2.2,19648971,6.3,1341505,2.5,-2881,-0.1,60,4.0,3109,4.0
"42127","5","238","75","0","2025","A","",111,736,50971036,9883479,692659,1332,69270,"",1.55,1.40,1.75,1.51,1.89,1.26,1.26,"",-1,-0.9,2,0.3,-232336,-0.5,-3253807,-24.8,-337803,-32.8,-9,-0.7,-442,-0.6
"42129","5","238","75","0","2025","A","",581,3595,248959947,46826354,2849021,1332,69260,"",1.31,0.83,0.98,0.79,0.86,1.18,1.18,"",5,0.9,21,0.6,11924532,5.0,567258,1.2,17600,0.6,56,4.4,2932,4.4
"42131","5","238","75","0","2025","A","",49,357,24138447,4991871,243179,1299,67536,"",1.39,1.12,1.21,1.04,0.99,1.07,1.07,"",3,6.5,5,1.4,1868455,8.4,485738,10.8,-1718,-0.7,83,6.8,4284,6.8
"42133","5","238","75","0","2025","A","",625,6931,577475487,88750344,4319380,1602,83318,"",1.36,1.13,1.45,1.05,0.96,1.28,1.28,"",-6,-1.0,139,2.0,30129105,5.5,478656,0.5,-244517,-5.4,52,3.4,2736,3.4
"42999","5","238","75","0","2025","A","",1154,6043,624942659,102434358,7297865,1989,103419,"",0.42,0.56,0.46,0.49,0.56,0.83,0.83,"",33,2.9,67,1.1,31486415,5.3,-760922,-0.7,159116,2.2,79,4.1,4104,4.1
"44000","5","238","55","0","2025","A","",2591,15148,1234729885,536056897,22487122,1568,81513,"",1.08,0.91,1.04,0.98,1.13,1.14,1.14,"",-7,-0.3,302,2.0,79327606,6.9,21786285,4.2,1457977,6.9,71,4.7,3688,4.7
"44001","5","238","75","0","2025","A","",122,502,36489010,17221783,654773,1397,72651,"",1.05,0.99,1.11,1.10,1.09,1.12,1.12,"",0,0.0,8,1.6,2334154,6.8,-19172,-0.1,17988,2.8,69,5.2,3582,5.2
"44003","5","238","75","0","2025","A","",390,2826,222531184,99846670,4161434,1514,78742,"",1.13,1.10,1.32,1.12,1.32,1.20,1.20,"",-5,-1.3,250,9.7,33311186,17.6,12599044,14.4,692193,20.0,101,7.1,5289,7.2
"44005","5","238","75","0","2025","A","",214,1102,80467393,37186238,984390,1404,73003,"",0.97,0.77,0.79,0.84,0.57,1.03,1.03,"",8,3.9,10,0.9,5454705,7.3,1320115,3.7,6629,0.7,83,6.3,4294,6.2
"44007","5","238","75","0","2025","A","",1384,8688,733716902,310227673,13771511,1624,84454,"",1.14,0.89,1.05,1.01,1.27,1.18,1.18,"",-7,-0.5,293,3.5,68034686,10.2,18048156,6.2,1143870,9.1,99,6.5,5158,6.5
"44009","5","238","75","0","2025","A","",350,1590,124316378,54050208,2184205,1504,78211,"",1.21,0.80,0.95,0.78,0.82,1.19,1.19,"",2,0.6,-177,-10.0,-22964743,-15.6,-6214395,-10.3,-325176,-13.0,-99,-6.2,-5148,-6.2
"44999","5","238","75","0","2025","A","",132,440,37209018,17524325,730809,1627,84614,"",0.58,0.93,0.65,0.77,0.83,0.70,0.70,"",-4,-2.9,-82,-15.7,-6842382,-15.5,-3947463,-18.4,-77527,-9.6,4,0.2,238,0.3
"45000","5","238","55","0","2025","A","",10498,73940,5183475453,1365442862,9731909,1348,70103,"",1.11,0.95,1.05,0.90,0.59,1.10,1.10,"",286,2.8,3451,4.9,556706274,12.0,75180190,5.8,769905,8.6,86,6.8,4464,6.8
"45001","5","238","75","0","2025","A","",26,94,4493843,1700930,7179,920,47849,"",1.20,0.50,0.46,0.56,0.11,0.92,0.92,"",0,0.0,-7,-6.9,-473873,-9.5,-28976,-1.7,-9167,-56.1,-26,-2.7,-1336,-2.7
"45003","5","238","75","0","2025","A","",242,1445,85693273,26349392,123265,1140,59290,"",1.25,0.65,0.58,0.60,0.30,0.90,0.90,"",10,4.3,-38,-2.6,7670090,9.8,321789,1.2,-83249,-40.3,128,12.6,6675,12.7
"45005","5","238","75","0","2025","A","N",6,0,0,0,0,0,0,"N",0.71,0,0,0,0,0,0,"N",2,50.0,0,0,0,0,0,0,0,0,0,0,0,0
"45007","5","238","75","0","2025","A","",318,2144,132351912,38061847,276772,1187,61746,"",1.40,0.88,1.00,0.83,0.69,1.14,1.14,"",21,7.1,129,6.4,14413299,12.2,1634558,4.5,37712,15.8,61,5.4,3204,5.5
"45009","5","238","75","0","2025","A","N",10,0,0,0,0,0,0,"N",0.65,0,0,0,0,0,0,"N",0,0.0,0,0,0,0,0,0,0,0,0,0,0,0
"45011","5","238","75","0","2025","A","",21,88,5582861,1564127,5174,1226,63743,"",1.01,0.56,0.77,0.55,0.19,1.39,1.39,"",4,23.5,-9,-9.3,-587237,-9.5,-306314,-16.4,-11720,-69.4,3,0.2,134,0.2
"45013","5","238","75","0","2025","A","",603,3234,210928249,54620218,213016,1254,65229,"",1.58,1.34,1.52,1.14,0.61,1.14,1.14,"",14,2.4,249,8.3,23946256,12.8,1551282,2.9,-160676,-43.0,49,4.1,2590,4.1
"45015","5","238","75","0","2025","A","",436,3417,262948993,68166046,534948,1480,76959,"",1.67,1.45,1.59,1.42,0.90,1.09,1.10,"",28,6.9,489,16.7,60659089,30.0,12297793,22.0,-11204,-2.1,151,11.4,7873,11.4
"45017","5","238","75","0","2025","A","",20,174,12265531,2954000,15880,1356,70492,"",1.44,1.14,1.25,0.96,0.62,1.10,1.10,"",1,5.3,1,0.6,852995,7.5,-69641,-2.3,-19104,-54.6,90,7.1,4650,7.1
"45019","5","238","75","0","2025","A","",1039,9252,708381339,172887580,1415447,1472,76562,"",0.94,0.97,1.03,0.94,0.79,1.06,1.06,"",10,1.0,482,5.5,75485515,11.9,8940951,5.5,338923,31.5,84,6.1,4395,6.1
"45021","5","238","75","0","2025","A","",59,571,42865731,11022862,133769,1443,75028,"",1.19,0.94,1.39,0.86,0.72,1.49,1.49,"",0,0.0,41,7.7,4433049,11.5,1416554,14.7,81960,158.2,48,3.4,2491,3.4
"45023","5","238","75","0","2025","A","",34,200,13010425,3844029,14341,1248,64917,"",1.04,0.57,0.60,0.55,0.24,1.06,1.06,"",2,6.2,-8,-3.8,-1511882,-10.4,-75894,-1.9,-13987,-49.4,-97,-7.2,-5014,-7.2
"45025","5","238","75","0","2025","A","",37,131,6638044,2309880,3583,972,50543,"",0.96,0.28,0.28,0.25,0.05,0.98,0.98,"",1,2.8,-21,-13.8,-1036630,-13.5,-412617,-15.2,-947,-20.9,-2,-0.2,-87,-0.2
"45027","5","238","75","0","2025","A","",27,122,5869677,2288176,10268,921,47916,"",0.87,0.54,0.60,0.69,0.35,1.09,1.09,"",-1,-3.6,6,5.2,604262,11.5,112921,5.2,-6188,-37.6,46,5.3,2426,5.3
"45029","5","238","75","0","2025","A","",68,246,12661059,4096074,13136,989,51450,"",1.50,0.73,0.77,0.65,0.19,1.05,1.05,"",0,0.0,-174,-41.4,-13035270,-50.7,-3159210,-43.5,-7202,-35.4,-187,-15.9,-9695,-15.9
"45031","5","238","75","0","2025","A","",60,444,26062450,8343701,53711,1129,58688,"",0.98,0.67,0.65,0.70,0.44,0.97,0.97,"",2,3.4,-94,-17.5,-1626955,-5.9,-3127347,-27.3,-248045,-82.2,139,14.0,7229,14.0
"45033","5","238","75","0","2025","A","",16,92,4378354,1586634,5564,913,47462,"",0.63,0.29,0.31,0.27,0.08,1.07,1.07,"",0,0.0,6,7.0,872732,24.9,164847,11.6,1925,52.9,130,16.6,6738,16.5
"45035","5","238","75","0","2025","A","",285,1559,105499830,29230823,253505,1302,67690,"",1.58,1.11,1.35,1.05,1.02,1.22,1.22,"",11,4.0,55,3.7,5327638,5.3,1160714,4.1,-28672,-10.2,21,1.6,1090,1.6
"45037","5","238","75","0","2025","A","",40,352,24907596,6970477,91482,1361,70760,"",1.74,1.72,2.24,1.88,2.18,1.30,1.30,"",2,5.3,55,18.5,5917866,31.2,2399100,52.5,58244,175.2,131,10.7,6786,10.6
"45039","5","238","75","0","2025","A","",28,149,9506787,2512418,15555,1229,63911,"",1.32,0.70,0.74,0.60,0.16,1.06,1.06,"",6,27.3,33,28.4,3176641,50.2,634082,33.8,11801,314.4,184,17.6,9575,17.6
"45041","5","238","75","0","2025","A","",148,1283,95070354,21541756,114902,1425,74086,"",0.81,0.55,0.73,0.54,0.28,1.33,1.32,"",-6,-3.9,-165,-11.4,-3479756,-3.5,-3600872,-14.3,-37432,-24.6,116,8.9,6023,8.8
"45043","5","238","75","0","2025","A","",145,1007,65118802,17749245,82745,1243,64645,"",1.22,1.21,1.48,1.08,0.38,1.22,1.22,"",2,1.4,27,2.8,5593361,9.4,18436,0.1,-14266,-14.7,75,6.4,3894,6.4
"45045","5","238","75","0","2025","A","",1130,10145,762860147,185324976,1143106,1446,75194,"",1.12,1.00,1.14,0.88,0.52,1.14,1.14,"",22,2.0,672,7.1,88673755,13.2,14912160,8.8,87077,8.2,77,5.6,4027,5.7
"45047","5","238","75","0","2025","A","",90,667,40104162,11400263,121951,1156,60111,"",1.14,0.71,0.77,0.74,0.84,1.09,1.09,"",8,9.8,42,6.7,5367124,15.5,732179,6.9,34112,38.8,87,8.1,4532,8.2
"45049","5","238","75","0","2025","A","",22,164,10442819,2913120,14467,1222,63547,"",1.10,1.05,1.25,1.05,1.03,1.19,1.19,"",-1,-4.3,8,5.1,1070886,11.4,225476,8.4,-9243,-39.0,65,5.6,3374,5.6
"45051","5","238","75","0","2025","A","",888,5898,345722723,105481681,582771,1127,58620,"",1.42,1.21,1.41,1.11,0.54,1.17,1.17,"",19,2.2,137,2.4,21214661,6.5,1812697,1.7,-82541,-12.4,44,4.1,2288,4.1
"45053","5","238","75","0","2025","A","",137,1201,87090175,24844059,105893,1395,72525,"",2.86,3.22,4.23,3.27,1.30,1.31,1.31,"",1,0.7,2,0.2,1556732,1.8,3093193,14.2,-32826,-23.7,23,1.7,1188,1.7
"45055","5","238","75","0","2025","A","",124,666,36393343,11492580,86820,1052,54679,"",1.60,1.07,1.15,0.95,0.94,1.08,1.08,"",5,4.2,-133,-16.6,-4776956,-11.6,-3404917,-22.9,-9696,-10.0,61,6.2,3130,6.1
"45057","5","238","75","0","2025","A","",113,655,47330548,11970757,81926,1390,72297,"",0.99,0.67,0.72,0.64,0.40,1.08,1.08,"",0,0.0,-9,-1.4,2105391,4.7,826996,7.4,-10560,-11.4,81,6.2,4230,6.2
"45059","5","238","75","0","2025","A","",66,480,29134907,8411948,16957,1166,60635,"",1.24,0.70,0.78,0.65,0.16,1.11,1.11,"",8,13.8,-31,-6.1,535480,1.9,-676098,-7.4,3063,22.0,89,8.3,4631,8.3
"45061","5","238","75","0","2025","A","N",12,0,0,0,0,0,0,"N",0.82,0,0,0,0,0,0,"N",0,0.0,0,0,0,0,0,0,0,0,0,0,0,0
"45063","5","238","75","0","2025","A","",672,5371,352754775,94359444,579042,1263,65676,"",1.53,1.20,1.35,1.13,0.75,1.13,1.13,"",10,1.5,165,3.2,26959114,8.3,3627960,4.0,75341,15.0,60,5.0,3100,5.0
"45065","5","238","75","0","2025","A","",19,52,1991796,893874,2594,730,37939,"",1.27,0.77,0.68,1.01,0.26,0.87,0.87,"N",0,0.0,0,0,0,0,0,0,0,0,0,0,0,0
"45067","5","238","75","0","2025","A","",15,61,3162238,978812,10551,990,51488,"",0.66,0.27,0.29,0.28,0.23,1.07,1.07,"",0,0.0,-3,-4.7,303412,10.6,-65663,-6.3,7067,202.8,137,16.1,7108,16.0
"45069","5","238","75","0","2025","A","",12,72,3751889,1180610,3501,999,51929,"",0.74,0.40,0.38,0.44,0.13,0.96,0.96,"N",-2,-14.3,0,0,0,0,0,0,0,0,0,0,0,0
"45071","5","238","75","0","2025","A","",67,390,22536689,6632071,39096,1112,57836,"",1.46,0.81,0.92,0.73,0.50,1.14,1.14,"",1,1.5,20,5.4,2596043,13.0,345909,5.5,-5637,-12.6,76,7.3,3967,7.4
"45073","5","238","75","0","2025","A","",192,852,49262261,14433257,97061,1112,57842,"",1.92,0.98,0.94,0.86,0.54,0.96,0.96,"",3,1.6,27,3.3,5152804,11.7,872296,6.4,35355,57.3,84,8.2,4403,8.2
"45075","5","238","75","0","2025","A","",77,403,26894839,7217379,61468,1283,66737,"",0.85,0.44,0.60,0.45,0.29,1.36,1.36,"",3,4.1,89,28.3,9765391,57.0,1892148,35.5,13641,28.5,234,22.3,12214,22.4
"45077","5","238","75","0","2025","A","",230,1036,60182998,18507374,104556,1117,58096,"",1.58,0.76,0.79,0.87,0.59,1.04,1.04,"",12,5.5,-1,-0.1,3961809,7.0,391595,2.2,2499,2.4,74,7.1,3859,7.1
"45079","5","238","75","0","2025","A","",466,4681,335484621,86292966,809629,1378,71669,"",0.75,0.61,0.67,0.66,0.54,1.10,1.10,"",2,0.4,397,9.3,55026397,19.6,9066564,11.7,293198,56.8,119,9.5,6205,9.5
"45081","5","238","75","0","2025","A","",17,92,4746547,1638267,341,990,51500,"",1.14,0.61,0.62,0.57,0.02,1.03,1.03,"",1,6.2,4,4.5,-26965,-0.6,-167001,-9.3,-1821,-84.2,-54,-5.2,-2796,-5.1
"45083","5","238","75","0","2025","A","",528,5223,378878912,94472519,791503,1395,72543,"",1.26,0.99,1.16,0.92,0.70,1.17,1.17,"",29,5.8,340,7.0,50975250,15.5,4508470,5.0,183115,30.1,104,8.1,5390,8.0
"45085","5","238","75","0","2025","A","",104,911,55231126,15719463,96560,1166,60632,"",0.92,0.77,0.86,0.74,0.49,1.11,1.11,"",-4,-3.7,-15,-1.6,5375045,10.8,-409415,-2.5,-20602,-17.6,131,12.7,6797,12.6
"45087","5","238","75","0","2025","A","",17,83,4565255,1342717,2958,1058,55003,"",0.72,0.34,0.37,0.29,0.03,1.08,1.08,"",1,6.2,-10,-10.8,-600911,-11.6,-191657,-12.5,-1243,-29.6,-8,-0.8,-448,-0.8
"45089","5","238","75","0","2025","A","",35,350,19074078,8004175,44901,1048,54510,"",1.11,1.62,1.75,2.16,1.19,1.08,1.08,"",-1,-2.8,116,49.6,8658561,83.1,3592026,81.4,13262,41.9,190,22.1,9904,22.2
"45091","5","238","75","0","2025","A","",548,3694,275827380,69896060,399667,1436,74667,"",1.22,1.04,1.23,0.97,0.53,1.18,1.18,"",18,3.4,-126,-3.3,285651,0.1,-4180836,-5.6,-109258,-21.5,49,3.5,2533,3.5
"45999","5","238","75","0","2025","A","",1252,4682,390670767,102266188,1141382,1605,83438,"",0.69,1.09,0.87,0.87,0.61,0.80,0.80,"N",41,3.4,0,0,0,0,0,0,0,0,0,0,0,0
"46000","5","238","55","0","2025","A","",2647,17708,1192415691,332341512,4203199,1295,67339,"",1.33,1.15,1.28,1.18,2.64,1.11,1.11,"",55,2.1,339,2.0,74225140,6.6,897447,0.3,-227909,-5.1,57,4.6,2962,4.6
"46003","5","238","75","0","2025","A","N",4,0,0,0,0,0,0,"N",0.80,0,0,0,0,0,0,"N",0,0.0,0,0,0,0,0,0,0,0,0,0,0,0
"46005","5","238","75","0","2025","A","",44,208,12278970,3817036,41262,1134,58963,"",1.32,0.73,0.80,0.72,1.65,1.09,1.09,"",-2,-4.3,14,7.2,1524081,14.2,274524,7.7,-5897,-12.5,66,6.2,3430,6.2
"46007","5","238","75","0","2025","A","",6,118,5598372,2098492,5362,913,47477,"",1.28,4.18,4.49,4.57,3.07,1.08,1.08,"",0,0.0,23,24.2,1719561,44.3,389736,22.8,1626,43.5,130,16.6,6755,16.6
"46009","5","238","75","0","2025","A","",10,35,2183919,515515,3951,1203,62547,"",0.84,0.62,0.77,0.75,2.16,1.24,1.24,"",0,0.0,9,34.6,752419,52.6,119329,30.1,-1305,-24.8,144,13.6,7489,13.6
"46011","5","238","75","0","2025","A","",85,546,33604972,11227928,107591,1183,61510,"",1.22,0.84,0.88,0.98,1.37,1.05,1.05,"",1,1.2,-4,-0.7,-39969,-0.1,247802,2.3,8883,9.0,8,0.7,393,0.6
"46013","5","238","75","0","2025","A","",98,609,38336875,11268161,198799,1211,62951,"",1.31,0.93,1.03,0.96,3.00,1.11,1.11,"",-1,-1.0,2,0.3,1176923,3.2,253125,2.3,8629,4.5,34,2.9,1732,2.8
"46015","5","238","75","0","2025","A","",12,35,1502728,602958,0,818,42530,"",0.96,0.54,0.54,0.64,0.00,1.00,1.00,"",0,0.0,-1,-2.8,-6561,-0.4,4527,0.8,-7,-100.0,10,1.2,508,1.2
"46017","5","238","75","0","2025","A","N",1,0,0,0,0,0,0,"N",0.79,0,0,0,0,0,0,"N",1,100.0,0,0,0,0,0,0,0,0,0,0,0,0
"46019","5","238","75","0","2025","A","",45,149,8307678,2851542,22947,1074,55850,"",1.91,1.53,1.78,1.51,2.52,1.17,1.17,"",-3,-6.2,-3,-2.0,876285,11.8,60807,2.2,-13134,-36.4,136,14.5,7066,14.5
"46021","5","238","75","0","2025","A","N",4,0,0,0,0,0,0,"N",1.08,0,0,0,0,0,0,"N",0,0.0,0,0,0,0,0,0,0,0,0,0,0,0
"46023","5","238","75","0","2025","A","N",23,0,0,0,0,0,0,"N",1.25,0,0,0,0,0,0,"N",2,9.5,0,0,0,0,0,0,0,0,0,0,0,0
"46025","5","238","75","0","2025","A","",13,46,2164933,788020,5962,895,46558,"",1.41,1.14,1.14,0.99,0.76,0.98,0.99,"",-1,-7.1,-3,-6.1,-73508,-3.3,17404,2.3,-3412,-36.4,13,1.5,720,1.6
"46027","5","238","75","0","2025","A","",19,75,4649719,1271485,8327,1198,62273,"",0.82,0.37,0.45,0.56,1.26,1.23,1.23,"",-4,-17.4,-7,-8.5,69315,1.5,-298516,-19.0,-7306,-46.7,124,11.5,6414,11.5
"46029","5","238","75","0","2025","A","",90,664,43351395,12587072,83589,1256,65288,"",1.29,1.16,1.38,1.17,1.81,1.19,1.19,"",3,3.4,98,17.3,8945672,26.0,2082804,19.8,-35137,-29.6,88,7.5,4554,7.5
"46031","5","238","75","0","2025","A","N",2,0,0,0,0,0,0,"N",0.63,0,0,0,0,0,0,"N",-1,-33.3,0,0,0,0,0,0,0,0,0,0,0,0
"46033","5","238","75","0","2025","A","",30,92,4768318,1732797,20931,994,51689,"",1.43,1.02,1.05,1.08,2.47,1.03,1.03,"",-2,-6.2,3,3.4,214824,4.7,101393,6.2,-1794,-7.9,10,1.0,526,1.0
"46035","5","238","75","0","2025","A","",62,732,53221460,14807140,300344,1398,72715,"",1.49,1.75,2.22,1.96,5.57,1.26,1.26,"",6,10.7,41,5.9,10152308,23.6,1822153,14.0,140729,88.2,200,16.7,10394,16.7
"46037","5","238","75","0","2025","A","N",16,0,0,0,0,0,0,"N",1.18,0,0,0,0,0,0,"N",2,14.3,0,0,0,0,0,0,0,0,0,0,0,0
"46039","5","238","75","0","2025","A","",18,105,6930781,2116100,47676,1268,65955,"",1.86,2.05,2.47,2.13,4.20,1.20,1.20,"",0,0.0,3,2.9,619642,9.8,-1001539,-32.1,-15055,-24.0,84,7.1,4383,7.1
"46041","5","238","75","0","2025","A","",8,24,1008223,410392,8202,797,41434,"",1.06,0.31,0.23,0.30,0.40,0.75,0.75,"",1,14.3,-2,-7.7,20405,2.1,-3910,-0.9,-842,-9.3,59,8.0,3072,8.0
"46043","5","238","75","0","2025","A","",8,50,3949798,905113,3313,1529,79526,"",1.22,1.42,2.38,1.74,1.52,1.68,1.68,"",1,14.3,7,16.3,568033,16.8,157001,21.0,1709,106.5,31,2.1,1635,2.1
"46045","5","238","75","0","2025","A","",11,37,2265592,678113,15431,1186,61649,"",1.20,0.90,1.01,0.94,2.68,1.13,1.13,"",2,22.2,6,19.4,480841,26.9,116130,20.7,9108,144.0,64,5.7,3292,5.6
"46047","5","238","75","0","2025","A","",18,52,3052229,1078532,13969,1123,58416,"",1.02,0.62,0.70,0.87,2.21,1.12,1.12,"",0,0.0,-10,-16.1,-704768,-18.8,-219481,-16.9,-14652,-51.2,-39,-3.4,-2018,-3.3
"46049","5","238","75","0","2025","A","",4,6,502733,113127,4011,1547,80437,"",0.63,0.27,0.50,0.31,3.33,1.77,1.77,"N",2,100.0,0,0,0,0,0,0,0,0,0,0,0,0
"46051","5","238","75","0","2025","A","",40,228,16071424,4378503,133314,1354,70411,"",2.15,1.82,2.27,1.79,7.56,1.25,1.24,"",-1,-2.4,-12,-5.0,-59045,-0.4,-156953,-3.5,-3136,-2.3,61,4.7,3154,4.7
"46053","5","238","75","0","2025","A","",12,48,2341189,784027,22870,933,48522,"",1.08,0.91,1.06,0.97,6.58,1.16,1.16,"",0,0.0,2,4.3,194373,9.1,66885,9.3,3678,19.2,36,4.0,1852,4.0
"46055","5","238","75","0","2025","A","N",5,0,0,0,0,0,0,"N",0.95,0,0,0,0,0,0,"N",0,0.0,0,0,0,0,0,0,0,0,0,0,0,0
"46057","5","238","75","0","2025","A","",44,293,18971732,5381808,50142,1244,64695,"",3.10,3.24,3.58,2.95,4.59,1.10,1.10,"",2,4.8,21,7.7,2035473,12.0,586831,12.2,2916,6.2,48,4.0,2487,4.0
"46059","5","238","75","0","2025","A","",9,24,1114973,398443,1118,875,45509,"",1.11,0.50,0.50,0.50,0.35,0.97,0.97,"",0,0.0,3,14.3,203336,22.3,-19265,-4.6,-500,-30.9,27,3.2,1398,3.2
"46061","5","238","75","0","2025","A","",11,40,2185894,783792,21271,1040,54084,"",2.06,1.92,2.11,2.07,6.70,1.09,1.09,"",-1,-8.3,4,11.1,364456,20.0,47230,6.4,-4398,-17.1,60,6.1,3135,6.2
"46063","5","238","75","0","2025","A","",6,18,982701,296645,812,1065,55363,"",1.78,1.19,1.28,1.14,2.04,1.09,1.09,"",2,50.0,0,0.0,21973,2.3,57149,23.9,768,1745.5,24,2.3,1237,2.3
"46065","5","238","75","0","2025","A","",50,209,12903719,4033623,53380,1186,61667,"",1.09,0.58,0.56,0.82,2.44,0.96,0.96,"",2,4.2,-14,-6.3,-348999,-2.6,-400290,-9.0,-11769,-18.1,43,3.8,2238,3.8
"46067","5","238","75","0","2025","A","",10,108,8229781,2201658,55363,1461,75967,"",0.69,1.16,1.75,1.31,7.99,1.50,1.50,"",-3,-23.1,42,63.6,3526792,75.0,383866,21.1,12191,28.2,91,6.6,4710,6.6
"46069","5","238","75","0","2025","A","N",2,0,0,0,0,0,0,"N",0.53,0,0,0,0,0,0,"N",0,0.0,0,0,0,0,0,0,0,0,0,0,0,0
"46071","5","238","75","0","2025","A","N",6,0,0,0,0,0,0,"N",1.48,0,0,0,0,0,0,"N",-1,-14.3,0,0,0,0,0,0,0,0,0,0,0,0
"46073","5","238","75","0","2025","A","N",4,0,0,0,0,0,0,"N",0.77,0,0,0,0,0,0,"N",0,0.0,0,0,0,0,0,0,0,0,0,0,0,0
"46075","5","238","75","0","2025","A","N",1,0,0,0,0,0,0,"N",0.35,0,0,0,0,0,0,"N",0,0.0,0,0,0,0,0,0,0,0,0,0,0,0
"46077","5","238","75","0","2025","A","",20,58,2997220,1498440,10718,998,51900,"",1.53,0.98,1.00,1.32,2.42,1.02,1.02,"",2,11.1,-22,-27.5,-1205669,-28.7,-1101302,-42.4,5359,100.0,-9,-0.9,-472,-0.9
"46079","5","238","75","0","2025","A","",26,97,5295663,1779154,7142,1050,54594,"",1.05,0.56,0.52,0.61,0.61,0.92,0.92,"",0,0.0,4,4.3,561275,11.9,-172470,-8.8,-24950,-77.7,75,7.7,3914,7.7
"46081","5","238","75","0","2025","A","",112,511,29864490,9645721,104464,1124,58472,"",1.36,1.12,1.28,1.10,2.49,1.15,1.15,"",2,1.8,-9,-1.7,779511,2.7,-73186,-0.8,-36834,-26.1,49,4.6,2593,4.6
"46083","5","238","75","0","2025","A","",234,1630,102700648,30442180,528716,1212,63007,"",1.79,1.60,1.45,1.50,3.85,0.91,0.91,"",16,7.3,-9,-0.5,2243172,2.2,-435804,-1.4,-20296,-3.7,33,2.8,1715,2.8
"46085","5","238","75","0","2025","A","",6,23,613969,411882,9795,521,27087,"",0.86,0.51,0.34,0.50,2.19,0.67,0.67,"",0,0.0,2,9.5,41406,7.2,30404,8.0,1730,21.5,1,0.2,37,0.1
"46087","5","238","75","0","2025","A","",16,53,2970444,926471,7298,1080,56134,"",1.35,1.13,1.17,1.09,0.82,1.04,1.04,"",-2,-11.1,-2,-3.6,47520,1.6,-11630,-1.2,-4397,-37.6,60,5.9,3070,5.8
"46089","5","238","75","0","2025","A","N",5,0,0,0,0,0,0,"N",1.08,0,0,0,0,0,0,"N",1,25.0,0,0,0,0,0,0,0,0,0,0,0,0
"46091","5","238","75","0","2025","A","",14,69,3717589,1262143,18256,1040,54074,"",1.34,1.23,1.20,1.11,3.06,0.98,0.98,"",0,0.0,-8,-10.4,-361559,-8.9,-139468,-10.0,-737,-3.9,16,1.6,810,1.5
"46093","5","238","75","0","2025","A","",117,612,39742265,11812746,191128,1248,64894,"",2.19,1.99,2.18,2.42,5.41,1.10,1.09,"",4,3.5,20,3.4,3721698,10.3,483655,4.3,20642,12.1,78,6.7,4040,6.6
"46097","5","238","75","0","2025","A","",4,22,911975,404130,3017,809,42091,"",0.77,0.85,0.75,0.91,1.83,0.90,0.90,"N",0,0.0,0,0,0,0,0,0,0,0,0,0,0,0
"46099","5","238","75","0","2025","A","",626,5743,431721590,107197392,1135307,1446,75174,"",1.27,1.23,1.38,1.26,2.51,1.12,1.12,"",14,2.3,61,1.1,18402897,4.5,-1218313,-1.1,-22688,-2.0,47,3.4,2435,3.3
"46101","5","238","75","0","2025","A","",15,95,5309628,1588613,45438,1080,56137,"",1.43,1.11,1.12,0.87,1.76,1.01,1.01,"",0,0.0,-3,-3.1,-335343,-5.9,-224376,-12.4,-9679,-17.6,-29,-2.6,-1514,-2.6
"46102","5","238","75","0","2025","A","N",3,0,0,0,0,0,0,"N",0.46,0,0,0,0,0,0,"N",-1,-25.0,0,0,0,0,0,0,0,0,0,0,0,0
"46103","5","238","75","0","2025","A","",394,2950,202234835,55070328,517697,1318,68558,"",1.38,1.41,1.62,1.39,2.51,1.15,1.15,"",9,2.3,87,3.0,14546200,7.8,-503251,-0.9,-167577,-24.5,57,4.5,3009,4.6
"46105","5","238","75","0","2025","A","",6,32,1795332,518920,1981,1068,55526,"",0.86,0.89,1.14,0.85,0.76,1.27,1.27,"",0,0.0,-1,-3.0,86654,5.1,-71649,-12.1,-6174,-75.7,65,6.5,3353,6.4
"46107","5","238","75","0","2025","A","",7,49,2731969,730636,45,1080,56136,"",0.99,1.84,2.09,1.55,0.04,1.15,1.15,"",-1,-12.5,0,0.0,161055,6.3,19904,2.8,-16,-26.2,69,6.8,3579,6.8
"46109","5","238","75","0","2025","A","",14,42,1918114,839659,7537,868,45132,"",0.94,0.37,0.35,0.37,0.40,0.94,0.94,"",-1,-6.7,-5,-10.6,-67713,-3.4,-64603,-7.1,-15965,-67.9,57,7.0,2955,7.0
"46111","5","238","75","0","2025","A","",6,18,1315111,416033,794,1379,71733,"",1.38,0.86,1.40,1.12,0.54,1.60,1.60,"",0,0.0,0,0.0,220514,20.1,73881,21.6,-393,-33.1,226,19.6,11755,19.6
"46115","5","238","75","0","2025","A","",14,68,4296407,1132962,51523,1218,63338,"",1.08,0.86,1.03,0.90,6.30,1.21,1.21,"",-1,-6.7,-10,-12.8,-38690,-0.9,-167456,-12.9,7954,18.3,149,13.9,7760,14.0
"46117","5","238","75","0","2025","A","",11,70,4241163,1296293,50668,1168,60733,"",1.45,1.58,1.95,1.48,2.51,1.24,1.24,"",1,10.0,5,7.7,-118955,-2.7,88870,7.4,1060,2.1,-129,-9.9,-6692,-9.9
"46119","5","238","75","0","2025","A","N",5,0,0,0,0,0,0,"N",1.05,0,0,0,0,0,0,"N",0,0.0,0,0,0,0,0,0,0,0,0,0,0,0
"46121","5","238","75","0","2025","A","N",4,0,0,0,0,0,0,"N",0.78,0,0,0,0,0,0,"N",-1,-20.0,0,0,0,0,0,0,0,0,0,0,0,0
"46123","5","238","75","0","2025","A","N",8,0,0,0,0,0,0,"N",0.62,0,0,0,0,0,0,"N",0,0.0,0,0,0,0,0,0,0,0,0,0,0,0
"46125","5","238","75","0","2025","A","",37,131,7106911,2304713,34802,1043,54251,"",2.11,1.62,1.81,1.68,5.32,1.12,1.12,"",0,0.0,-9,-6.4,-4735,-0.1,-163736,-6.6,-4606,-11.7,64,6.5,3363,6.6
"46127","5","238","75","0","2025","A","",35,269,17203222,4984335,44244,1228,63873,"",0.80,0.84,0.72,0.64,1.29,0.86,0.86,"",2,6.1,6,2.3,845550,5.2,-228823,-4.4,-7006,-13.7,33,2.8,1716,2.8
"46129","5","238","75","0","2025","A","",14,31,1090792,574480,14963,678,35282,"",1.09,0.45,0.32,0.50,1.26,0.72,0.72,"",2,16.7,3,10.7,156716,16.8,98447,20.7,3314,28.4,27,4.1,1418,4.2
"46135","5","238","75","0","2025","A","",52,239,12685339,4223109,68724,1021,53095,"",1.22,0.56,0.51,0.54,3.14,0.92,0.92,"",-2,-3.7,-4,-1.6,-757680,-5.6,70534,1.7,2925,4.4,-43,-4.0,-2245,-4.1
"46137","5","238","75","0","2025","A","N",1,0,0,0,0,0,0,"N",0.68,0,0,0,0,0,0,"N",1,100.0,0,0,0,0,0,0,0,0,0,0,0,0
"46999","5","238","75","0","2025","A","N",9,0,0,0,0,0,0,"N",0.44,0,0,0,0,0,0,"N",1,12.5,0,0,0,0,0,0,0,0,0,0,0,0
"47000","5","238","55","0","2025","A","",10477,107014,8235362581,1077617277,12918744,1480,76956,"",1.00,0.98,1.07,0.87,0.69,1.09,1.09,"",-275,-2.6,1149,1.1,401145483,5.1,-1345552,-0.1,-75599,-0.6,57,4.0,2954,4.0
"47001","5","238","75","0","2025","A","",94,1351,110384709,16344646,522876,1571,81706,"",0.99,0.87,0.85,0.93,2.13,0.98,0.98,"",-2,-2.1,-162,-10.7,-18181353,-14.1,-3765045,-18.7,106381,25.5,-63,-3.9,-3245,-3.8
"47003","5","238","75","0","2025","A","",100,921,87508648,8541725,85242,1826,94972,"",2.01,1.63,2.76,1.22,0.90,1.70,1.70,"",1,1.0,-38,-4.0,1669543,1.9,-567153,-6.2,-1991,-2.3,105,6.1,5463,6.1
"47005","5","238","75","0","2025","A","N",12,0,0,0,0,0,0,"N",0.69,0,0,0,0,0,0,"N",-4,-25.0,0,0,0,0,0,0,0,0,0,0,0,0
"47007","5","238","75","0","2025","A","N",9,0,0,0,0,0,0,"N",1.01,0,0,0,0,0,0,"N",-2,-18.2,0,0,0,0,0,0,0,0,0,0,0,0
"47009","5","238","75","0","2025","A","",212,2145,155760155,20863122,200402,1397,72630,"",1.35,1.12,1.29,0.97,0.70,1.15,1.15,"",-7,-3.2,-66,-3.0,10469348,7.2,-88222,-0.4,29850,17.5,133,10.5,6920,10.5
"47011","5","238","75","0","2025","A","",128,951,61141578,9780492,123100,1237,64320,"",1.11,0.71,0.80,0.65,0.59,1.13,1.13,"",-6,-4.5,9,1.0,3269224,5.6,-698293,-6.7,-9656,-7.3,55,4.7,2863,4.7
"47013","5","238","75","0","2025","A","",45,298,16145201,2735595,17761,1042,54179,"",1.29,0.96,1.16,0.84,0.37,1.21,1.21,"",-7,-13.5,-50,-14.4,-2130302,-11.7,-725797,-21.0,-11454,-39.2,31,3.1,1600,3.0
"47015","5","238","75","0","2025","A","",20,77,3915494,796475,11142,980,50961,"",1.46,1.04,1.05,1.10,1.09,1.01,1.01,"",-4,-16.7,0,0.0,329487,9.2,49609,6.6,5974,115.6,88,9.9,4590,9.9
"47017","5","238","75","0","2025","A","",20,99,4951648,952818,20386,963,50101,"",0.77,0.39,0.38,0.40,0.54,0.97,0.97,"",2,11.1,15,17.9,751738,17.9,-5305,-0.6,1721,9.2,7,0.7,398,0.8
"47019","5","238","75","0","2025","A","",53,356,21349479,3287126,55797,1154,60027,"",1.33,0.84,0.96,0.78,0.57,1.14,1.14,"",0,0.0,41,13.0,-11517350,-35.0,264357,8.7,16325,41.4,-851,-42.4,-44257,-42.4
"47021","5","238","75","0","2025","A","",96,722,53566844,6979864,66657,1428,74244,"",2.17,2.16,2.67,1.86,1.00,1.23,1.23,"",-15,-13.5,-8,-1.1,2966149,5.9,-349255,-4.8,-8661,-11.5,95,7.1,4952,7.1
"47023","5","238","75","0","2025","A","N",18,0,0,0,0,0,0,"N",1.26,0,0,0,0,0,0,"N",-4,-18.2,0,0,0,0,0,0,0,0,0,0,0,0
"47025","5","238","75","0","2025","A","",40,161,10046039,1496474,31381,1197,62269,"",1.40,0.55,0.70,0.54,0.88,1.27,1.27,"",2,5.3,33,25.8,4728655,88.9,165173,12.4,2203,7.6,395,49.3,20564,49.3
"47027","5","238","75","0","2025","A","N",4,0,0,0,0,0,0,"N",0.58,0,0,0,0,0,0,"N",-1,-20.0,0,0,0,0,0,0,0,0,0,0,0,0
"47029","5","238","75","0","2025","A","",26,216,12464743,2451630,66989,1108,57640,"",0.97,0.87,1.03,0.96,1.72,1.18,1.18,"",-4,-13.3,24,12.5,3602815,40.7,647717,35.9,12834,23.7,222,25.1,11564,25.1
"47031","5","238","75","0","2025","A","",78,495,33944717,5385877,79292,1318,68541,"",1.04,0.57,0.66,0.55,0.59,1.14,1.14,"",-2,-2.5,-152,-23.5,-14287611,-29.6,-1743041,-24.5,-144097,-64.5,-116,-8.1,-6035,-8.1
"47033","5","238","75","0","2025","A","",13,76,3782051,636056,6207,952,49492,"",0.90,0.59,0.51,0.44,0.33,0.86,0.86,"",-3,-18.8,-108,-58.7,-10991105,-74.4,-2806790,-81.5,-37357,-85.8,-596,-38.5,-30979,-38.5
"47035","5","238","75","0","2025","A","",103,755,44748614,7896793,128845,1140,59263,"",1.44,1.17,1.44,1.07,0.96,1.23,1.22,"",-3,-2.8,71,10.4,6106234,15.8,605586,8.3,14210,12.4,53,4.9,2734,4.8
"47037","5","238","75","0","2025","A","",1184,20362,1731006917,204475402,2148430,1635,85012,"",0.77,1.10,1.08,0.99,0.66,0.98,0.98,"",-81,-6.4,159,0.8,100126291,6.1,1096834,0.5,27302,1.3,83,5.3,4287,5.3
"47039","5","238","75","0","2025","A","",16,50,3712111,522865,5123,1425,74119,"",1.11,0.44,0.67,0.40,0.21,1.49,1.49,"N",1,6.7,0,0,0,0,0,0,0,0,0,0,0,0
"47041","5","238","75","0","2025","A","",28,100,5215018,1039069,13668,1004,52194,"",1.34,0.57,0.59,0.53,0.53,1.03,1.03,"",-2,-6.7,-12,-10.7,-336086,-6.1,-77367,-6.9,-2890,-17.5,48,5.0,2483,5.0
"47043","5","238","75","0","2025","A","",120,915,62289364,8748266,76943,1309,68051,"",1.85,1.45,1.85,1.21,0.92,1.27,1.27,"",-4,-3.2,25,2.8,3820044,6.5,244633,2.9,2576,3.5,46,3.6,2361,3.6
"47045","5","238","75","0","2025","A","",49,482,27738198,4257859,42547,1107,57558,"",1.20,0.86,0.88,0.72,0.44,1.03,1.03,"",-3,-5.8,20,4.3,1866287,7.2,149102,3.6,8755,25.9,30,2.8,1538,2.7
"47047","5","238","75","0","2025","A","",70,422,27582248,3989729,24133,1256,65296,"",1.85,1.51,1.64,1.24,0.54,1.09,1.09,"",0,0.0,-7,-1.6,-3646977,-11.7,-26495,-0.7,-6038,-20.0,-143,-10.2,-7471,-10.3
"47049","5","238","75","0","2025","A","",20,95,4847704,967671,18979,983,51118,"",1.12,0.48,0.57,0.45,0.72,1.19,1.20,"",0,0.0,28,41.8,2271402,88.2,274503,39.6,6833,56.3,244,33.0,12666,32.9
"47051","5","238","75","0","2025","A","",46,174,10280129,1727702,20327,1139,59251,"",1.00,0.46,0.50,0.44,0.46,1.09,1.10,"",-7,-13.2,-12,-6.5,-968928,-8.6,-319718,-15.6,-3660,-15.3,-23,-2.0,-1174,-1.9
"47053","5","238","75","0","2025","A","",67,718,48956030,6747912,115626,1312,68216,"",1.29,1.31,1.74,1.08,1.30,1.33,1.33,"",-3,-4.3,85,13.4,10217827,26.4,709134,11.7,16319,16.4,135,11.5,7034,11.5
"47055","5","238","75","0","2025","A","",35,192,10483765,1739921,21020,1052,54722,"",1.05,0.60,0.60,0.47,0.43,1.01,1.01,"",-1,-2.8,-14,-6.8,-19228,-0.2,-309275,-15.1,717,3.5,73,7.5,3819,7.5
"47057","5","238","75","0","2025","A","",29,258,16677473,2278129,35930,1245,64746,"",1.60,1.84,2.11,1.46,1.97,1.15,1.15,"",4,16.0,0,0.0,-306755,-1.8,-74636,-3.2,6749,23.1,-22,-1.7,-1148,-1.7
"47059","5","238","75","0","2025","A","",96,556,32098711,5838114,84478,1111,57757,"",1.32,0.67,0.74,0.63,0.59,1.11,1.10,"",0,0.0,16,3.0,2786568,9.5,684174,13.3,15732,22.9,68,6.5,3525,6.5
"47061","5","238","75","0","2025","A","",7,13,758771,169406,674,1101,57266,"",0.62,0.18,0.27,0.25,0.08,1.46,1.47,"",0,0.0,-15,-53.6,-828137,-52.2,-70025,-29.2,-913,-57.5,14,1.3,759,1.3
"47063","5","238","75","0","2025","A","",68,998,72574298,9593468,53409,1399,72756,"",0.91,0.90,1.24,0.75,0.35,1.38,1.37,"N",-3,-4.2,0,0,0,0,0,0,0,0,0,0,0,0
"47065","5","238","75","0","2025","A","",587,7841,599827017,77964882,1005606,1471,76500,"",0.96,1.07,1.18,0.94,0.87,1.10,1.10,"",-33,-5.3,0,0.0,28455598,5.0,569912,0.7,4344,0.4,70,5.0,3628,5.0
"47067","5","238","75","0","2025","A","",6,12,322570,125226,1906,532,27649,"",1.20,0.34,0.25,0.47,0.26,0.75,0.75,"N",0,0.0,0,0,0,0,0,0,0,0,0,0,0,0
"47069","5","238","75","0","2025","A","",16,91,6081394,1494300,29999,1291,67136,"",0.91,0.43,0.53,0.69,1.24,1.26,1.26,"",0,0.0,17,23.0,2168484,55.4,335477,28.9,1030,3.6,268,26.2,13959,26.3
"47071","5","238","75","0","2025","A","",28,143,8324850,1396619,16310,1118,58148,"",0.97,0.51,0.56,0.50,0.44,1.10,1.10,"",-2,-6.7,10,7.5,1336568,19.1,52823,3.9,215,1.3,110,10.9,5736,10.9
"47073","5","238","75","0","2025","A","",56,336,17565623,3488635,37177,1004,52201,"",1.38,0.76,0.66,0.64,0.21,0.87,0.87,"",-3,-5.1,-43,-11.3,-6681006,-27.6,-553572,-13.7,-24508,-39.7,-225,-18.3,-11732,-18.4
"47075","5","238","75","0","2025","A","",27,235,21278966,3398364,76906,1738,90389,"",1.39,1.11,1.47,1.18,1.41,1.33,1.33,"",-3,-10.0,-738,-75.8,-88639400,-80.6,-9986934,-74.6,-249027,-76.4,-435,-20.0,-22628,-20.0
"47077","5","238","75","0","2025","A","",36,261,16217535,2389931,43574,1196,62196,"",1.29,0.95,1.20,0.78,0.88,1.26,1.26,"",1,2.9,13,5.2,1198620,8.0,-80861,-3.3,488,1.1,30,2.6,1554,2.6
"47079","5","238","75","0","2025","A","",36,290,15434278,2716965,28703,1024,53252,"",0.95,0.73,0.78,0.64,0.45,1.07,1.07,"",-2,-5.3,25,9.4,2371871,18.2,252642,10.3,3744,15.0,77,8.1,4006,8.1
"47081","5","238","75","0","2025","A","",43,306,20942584,3368979,37796,1315,68403,"",2.30,2.22,2.84,2.51,1.72,1.28,1.28,"",1,2.4,-8,-2.5,-569773,-2.6,-220130,-6.1,-2055,-5.2,-3,-0.2,-126,-0.2
"47083","5","238","75","0","2025","A","N",14,0,0,0,0,0,0,"N",1.95,0,0,0,0,0,0,"N",2,16.7,0,0,0,0,0,0,0,0,0,0,0,0
"47085","5","238","75","0","2025","A","",32,265,18283000,3366308,45485,1327,68992,"",1.66,1.37,1.50,1.50,1.41,1.10,1.10,"",-2,-5.9,-5,-1.9,300661,1.7,-117414,-3.4,-25016,-35.5,48,3.8,2473,3.7
"47087","5","238","75","0","2025","A","",22,99,5614537,1022893,14300,1095,56952,"",2.19,1.75,2.06,1.67,1.14,1.18,1.18,"",7,46.7,28,39.4,1553861,38.3,376783,58.3,9922,226.6,-4,-0.4,-174,-0.3
"47089","5","238","75","0","2025","A","",72,310,17307212,3026602,38670,1073,55800,"",1.48,0.67,0.65,0.60,0.59,0.96,0.96,"",2,2.9,28,9.9,367665,2.2,283112,10.3,3773,10.8,-81,-7.0,-4234,-7.1
"47091","5","238","75","0","2025","A","",17,75,2855767,666476,11714,734,38162,"",1.02,0.54,0.36,0.49,0.54,0.68,0.68,"",-1,-5.6,9,13.6,384164,15.5,62323,10.3,-1999,-14.6,12,1.7,619,1.6
"47093","5","238","75","0","2025","A","",804,9604,722255991,92021604,868449,1446,75208,"",1.02,1.09,1.22,0.94,0.65,1.12,1.12,"",-38,-4.5,281,3.0,56419191,8.5,674029,0.7,20205,2.4,73,5.3,3787,5.3
"47095","5","238","75","0","2025","A","N",2,0,0,0,0,0,0,"N",0.36,0,0,0,0,0,0,"N",0,0.0,0,0,0,0,0,0,0,0,0,0,0,0
"47097","5","238","75","0","2025","A","",13,88,4873055,753392,4920,1068,55533,"",0.77,0.42,0.44,0.41,0.25,1.07,1.07,"",1,8.3,-4,-4.3,-230645,-4.5,-79900,-9.6,-1220,-19.9,-4,-0.4,-194,-0.3
"47099","5","238","75","0","2025","A","",44,273,13608090,2558983,28644,959,49877,"",1.00,0.70,0.74,0.61,0.51,1.05,1.05,"",0,0.0,3,1.1,647256,5.0,-122068,-4.6,-5067,-15.0,37,4.0,1918,4.0
"47101","5","238","75","0","2025","A","",13,87,6122677,1070289,20488,1360,70714,"",0.96,0.79,1.05,0.91,1.00,1.34,1.34,"",1,8.3,40,85.1,3816557,165.5,626068,140.9,15043,276.3,415,43.9,21560,43.9
"47103","5","238","75","0","2025","A","",44,144,7865605,1331391,17040,1047,54433,"",1.19,0.44,0.46,0.36,0.32,1.04,1.04,"",-4,-8.3,-7,-4.6,690978,9.6,-325681,-19.7,1997,13.3,135,14.8,6997,14.8
"47105","5","238","75","0","2025","A","",90,594,38005074,5827762,60279,1230,63937,"",1.31,0.99,1.12,0.82,0.64,1.13,1.13,"",-2,-2.2,42,7.6,7218428,23.4,402349,7.4,2954,5.2,158,14.7,8189,14.7
"47107","5","238","75","0","2025","A","",48,339,19490428,3448728,37103,1105,57437,"",0.93,0.59,0.63,0.51,0.51,1.06,1.06,"",6,14.3,39,13.0,3074098,18.7,486269,16.4,8411,29.3,54,5.1,2777,5.1
"47109","5","238","75","0","2025","A","",35,157,8949736,1630391,29025,1099,57156,"",1.35,0.84,1.02,0.82,1.05,1.21,1.21,"",0,0.0,12,8.3,1520045,20.5,118508,7.8,4404,17.9,111,11.2,5769,11.2
"47111","5","238","75","0","2025","A","",26,132,7659427,1775787,25595,1117,58099,"",1.36,0.76,0.88,0.82,1.21,1.17,1.17,"",1,4.0,2,1.5,527280,7.4,265328,17.6,-3422,-11.8,61,5.8,3201,5.8
"47113","5","238","75","0","2025","A","",140,1932,147983951,18687435,153869,1473,76576,"",1.02,0.95,1.20,0.86,0.52,1.26,1.26,"",-10,-6.7,-56,-2.8,-3529884,-2.3,11105,0.1,1121,0.7,7,0.5,362,0.5
"47115","5","238","75","0","2025","A","",28,286,24931701,2791574,21336,1674,87072,"",0.99,1.02,1.68,0.93,0.45,1.64,1.64,"",4,16.7,4,1.4,-4976487,-16.6,-15332,-0.5,-565,-2.6,-364,-17.9,-18923,-17.9
"47117","5","238","75","0","2025","A","",59,469,28629250,4592240,50694,1174,61065,"",1.69,1.42,1.56,1.20,0.79,1.10,1.10,"",1,1.7,83,21.5,6718175,30.7,594790,14.9,8773,20.9,83,7.6,4313,7.6
"47119","5","238","75","0","2025","A","",194,1708,112397928,17533367,324310,1266,65816,"",1.34,1.26,1.22,1.08,1.40,0.97,0.97,"",-11,-5.4,35,2.1,-2196292,-1.9,468922,2.7,-20281,-5.9,-51,-3.9,-2690,-3.9
"47121","5","238","75","0","2025","A","N",10,0,0,0,0,0,0,"N",1.31,0,0,0,0,0,0,"N",4,66.7,0,0,0,0,0,0,0,0,0,0,0,0
"47123","5","238","75","0","2025","A","",44,189,10688850,1844521,33176,1090,56655,"",1.02,0.39,0.42,0.36,0.32,1.09,1.09,"",-4,-8.3,4,2.2,979157,10.1,-13677,-0.7,-2535,-7.1,78,7.7,4052,7.7
"47125","5","238","75","0","2025","A","",264,1862,130154991,19719021,293707,1345,69916,"",1.20,0.85,1.07,0.86,0.78,1.26,1.26,"",-3,-1.1,131,7.6,18248127,16.3,2009196,11.3,7722,2.7,102,8.2,5283,8.2
"47127","5","238","75","0","2025","A","",4,13,637884,113637,331,944,49068,"",0.97,0.17,0.13,0.12,0.06,0.81,0.81,"N",0,0.0,0,0,0,0,0,0,0,0,0,0,0,0
"47129","5","238","75","0","2025","A","",12,29,1510461,302538,4922,999,51936,"",1.03,0.27,0.28,0.34,0.41,1.01,1.01,"",0,0.0,-1,-3.3,150729,11.1,7094,2.4,1165,31.0,118,13.4,6102,13.3
"47131","5","238","75","0","2025","A","",34,333,21140799,3139848,37245,1222,63534,"",0.99,0.84,1.05,0.65,0.59,1.26,1.26,"",0,0.0,58,21.1,4540975,27.4,503808,19.1,-882,-2.3,62,5.3,3189,5.3
"47133","5","238","75","0","2025","A","N",24,0,0,0,0,0,0,"N",1.14,0,0,0,0,0,0,"N",-2,-7.7,0,0,0,0,0,0,0,0,0,0,0,0
"47135","5","238","75","0","2025","A","",10,51,3320361,740476,18319,1260,65533,"",1.26,0.90,1.20,0.98,0.92,1.35,1.35,"",-1,-9.1,9,21.4,647728,24.2,238385,47.5,5978,48.4,46,3.8,2400,3.8
"47137","5","238","75","0","2025","A","",6,26,859053,219778,3492,637,33147,"",1.12,0.87,0.69,0.71,0.48,0.80,0.80,"",-1,-14.3,-2,-7.1,65950,8.3,-11945,-5.2,1343,62.5,96,17.7,4989,17.7
"47139","5","238","75","0","2025","A","",21,89,4000393,992744,21358,867,45075,"",1.34,1.00,1.02,1.06,1.30,1.02,1.02,"",-2,-8.7,-23,-20.5,-869241,-17.9,-425624,-30.0,-3749,-14.9,30,3.6,1564,3.6
"47141","5","238","75","0","2025","A","",143,1325,81499895,12473187,121483,1183,61494,"",1.22,0.99,1.17,0.91,0.66,1.17,1.17,"",-3,-2.1,8,0.6,3796493,4.9,-216309,-1.7,-3096,-2.5,48,4.2,2479,4.2
"47143","5","238","75","0","2025","A","",31,146,9869122,1374355,20256,1300,67597,"",1.05,0.36,0.42,0.35,0.33,1.17,1.17,"",9,40.9,29,24.8,1670551,20.4,288732,26.6,9793,93.6,-46,-3.4,-2377,-3.4
"47145","5","238","75","0","2025","A","",54,598,52305931,8242824,216753,1682,87468,"",1.11,0.90,0.89,1.23,2.80,0.99,0.99,"",-2,-3.6,409,216.4,40910340,359.0,6149747,293.8,178030,459.8,522,45.0,27147,45.0
"47147","5","238","75","0","2025","A","",152,1220,94361935,12358110,139558,1488,77372,"",1.97,1.57,2.15,1.33,1.03,1.37,1.37,"",1,0.7,8,0.7,7971317,9.2,468849,3.9,-5044,-3.5,117,8.5,6073,8.5
"47149","5","238","75","0","2025","A","",570,4977,382262015,49781594,536371,1477,76799,"",1.43,1.00,1.15,0.88,0.72,1.15,1.15,"",-22,-3.7,84,1.7,31802456,9.1,1012775,2.1,27414,5.4,100,7.3,5180,7.2
"47151","5","238","75","0","2025","A","",22,193,12550131,2073803,30834,1253,65139,"",1.03,1.00,1.50,0.93,1.01,1.49,1.49,"",-1,-4.3,-40,-17.2,436028,3.6,-556347,-21.2,-11812,-27.7,251,25.0,13054,25.1
"47153","5","238","75","0","2025","A","",11,34,1562659,296953,2717,877,45625,"",0.76,0.29,0.29,0.23,0.16,1.00,1.00,"",1,10.0,1,3.0,191829,14.0,-31650,-9.6,-1239,-31.3,82,10.3,4293,10.4
"47155","5","238","75","0","2025","A","",184,1076,61884407,10991451,133844,1106,57536,"",1.11,0.60,0.77,0.50,0.30,1.27,1.27,"",2,1.1,15,1.4,3568565,6.1,401474,3.8,7639,6.1,49,4.6,2582,4.7
"47157","5","238","75","0","2025","A","",855,13271,1126983231,127658027,1268260,1633,84922,"",0.78,0.84,0.96,0.75,0.55,1.14,1.14,"",-57,-6.2,118,0.9,56884316,5.3,-1636561,-1.3,-23607,-1.8,68,4.3,3562,4.4
"47159","5","238","75","0","2025","A","",24,107,5949268,1039982,26980,1073,55818,"",1.23,0.65,0.65,0.58,1.24,1.01,1.01,"",-7,-22.6,-77,-41.8,-5566218,-48.3,-657611,-38.7,-216,-0.8,-128,-10.7,-6625,-10.6
"47161","5","238","75","0","2025","A","",28,147,8669221,1573701,10375,1135,59008,"",2.33,1.55,1.42,1.59,0.60,0.91,0.91,"",0,0.0,21,16.7,885070,11.4,267682,20.5,881,9.3,-54,-4.5,-2812,-4.5
"47163","5","238","75","0","2025","A","",200,2937,215629838,28807548,322897,1412,73423,"",1.04,1.25,1.34,1.12,0.94,1.08,1.08,"",-22,-9.9,5,0.2,6335256,3.0,147864,0.5,4091,1.3,39,2.8,2050,2.9
"47165","5","238","75","0","2025","A","",338,3111,246317455,32631262,359851,1523,79181,"",1.33,1.48,1.90,1.34,0.97,1.28,1.28,"",-26,-7.1,202,6.9,30467619,14.1,2069082,6.8,49706,16.0,96,6.7,4991,6.7
"47167","5","238","75","0","2025","A","",83,1206,89494714,12219368,148361,1427,74182,"",1.85,3.02,4.35,2.76,1.97,1.44,1.44,"",-9,-9.8,-115,-8.7,-14035431,-13.6,-1610408,-11.6,-74019,-33.3,-80,-5.3,-4171,-5.3
"47169","5","238","75","0","2025","A","",8,56,2993768,541784,5005,1033,53700,"",0.91,0.63,0.59,0.54,0.28,0.94,0.94,"",-1,-11.1,1,1.8,142418,5.0,-115999,-17.6,552,12.4,36,3.6,1857,3.6
"47171","5","238","75","0","2025","A","",15,75,2665595,742464,12861,687,35740,"",0.99,0.46,0.27,0.45,0.58,0.59,0.59,"",1,7.1,13,21.0,622323,30.5,175336,30.9,3071,31.4,48,7.5,2516,7.6
"47173","5","238","75","0","2025","A","",26,136,8620600,1182189,10847,1215,63193,"",1.87,1.51,1.98,1.18,1.05,1.31,1.31,"",0,0.0,-10,-6.8,-89326,-1.0,-260997,-18.1,-1868,-14.7,70,6.1,3638,6.1
"47175","5","238","75","0","2025","A","N",2,0,0,0,0,0,0,"N",0.49,0,0,0,0,0,0,"N",-2,-50.0,0,0,0,0,0,0,0,0,0,0,0,0
"47177","5","238","75","0","2025","A","",47,418,26694838,4039330,35458,1228,63851,"",1.03,0.97,1.19,0.84,0.68,1.23,1.23,"",-3,-6.0,10,2.5,2835106,11.9,125565,3.2,6646,23.1,104,9.3,5395,9.2
"47179","5","238","75","0","2025","A","",188,1321,76275575,12528812,151341,1110,57741,"",1.07,0.62,0.62,0.63,0.51,1.00,1.00,"",-11,-5.5,41,3.2,5502841,7.8,477043,4.0,483,0.3,47,4.4,2461,4.5
"47181","5","238","75","0","2025","A","",14,52,2122251,468704,6423,789,41010,"",1.03,0.38,0.32,0.31,0.29,0.85,0.85,"",-1,-6.7,3,6.1,291408,15.9,42774,10.0,1567,32.3,68,9.4,3518,9.4
"47183","5","238","75","0","2025","A","",28,134,5495161,1207571,16404,790,41060,"",0.91,0.38,0.34,0.35,0.14,0.89,0.89,"",-4,-12.5,4,3.1,420676,8.3,-37112,-3.0,-1574,-8.8,42,5.6,2150,5.5
"47185","5","238","75","0","2025","A","",39,191,12649831,1758750,22767,1272,66143,"",1.43,0.81,1.12,0.68,0.78,1.39,1.39,"",2,5.4,33,20.9,5732507,82.9,62366,3.7,-257,-1.1,433,51.6,22501,51.6
"47187","5","238","75","0","2025","A","",424,5452,464536327,53510325,526262,1639,85205,"",0.65,1.08,1.01,0.81,0.49,0.94,0.94,"",-21,-4.7,183,3.5,43651520,10.4,438179,0.8,-7644,-1.4,103,6.7,5331,6.7
"47189","5","238","75","0","2025","A","",304,2332,185064164,25483402,331304,1526,79342,"",1.42,1.07,1.40,0.92,0.77,1.31,1.31,"",-7,-2.3,151,6.9,16297507,9.7,2211020,9.5,18413,5.9,38,2.6,1956,2.5
"47999","5","238","75","0","2025","A","",820,3526,300648669,45377997,907864,1640,85270,"",0.67,0.77,0.61,0.63,0.60,0.79,0.79,"",160,24.2,217,6.6,27765683,10.2,-41428,-0.1,-35127,-3.7,54,3.4,2793,3.4
"48000","3","238","55","0","2025","A","",11,234,9528173,107509,753,784,40762,"",2.10,2.55,1.62,2.66,1.14,0.64,0.64,"",0,0.0,-26,-10.0,-572230,-5.7,3612,3.5,-598,-44.3,37,5.0,1902,4.9
"48000","5","238","55","0","2025","A","",40150,494791,38272401050,6449036057,120377560,1488,77351,"",0.96,1.05,1.04,0.97,0.76,0.99,0.99,"",669,1.7,18823,4.0,3286736261,9.4,287536205,4.7,413526,0.3,74,5.2,3847,5.2
"48001","5","238","75","0","2025","A","",72,361,20701199,4353025,68787,1102,57291,"",0.91,0.52,0.48,0.47,0.38,0.92,0.92,"",-2,-2.7,6,1.7,577405,2.9,254791,6.2,12447,22.1,13,1.2,657,1.2
"48003","5","238","75","0","2025","A","",21,562,54579874,11275746,141539,1867,97060,"",0.79,2.15,2.56,2.85,1.95,1.19,1.19,"",1,5.0,55,10.8,4685304,9.4,-985600,-8.0,-10171,-6.7,-26,-1.4,-1384,-1.4
"48005","5","238","75","0","2025","A","",116,1512,101349070,19393104,248534,1289,67011,"",1.23,1.27,1.62,1.35,1.17,1.28,1.28,"",0,0.0,219,16.9,23470349,30.1,2578265,15.3,75502,43.6,130,11.2,6761,11.2
"48007","5","238","75","0","2025","A","",50,226,12357092,2836853,28049,1053,54758,"",1.47,1.09,1.27,1.06,0.60,1.16,1.16,"",-6,-10.7,-95,-29.6,-2931333,-19.2,-1757693,-38.3,-16974,-37.7,138,15.1,7180,15.1
"48009","5","238","75","0","2025","A","",18,92,5170016,1006476,8287,1079,56094,"",1.50,1.43,1.49,1.28,0.69,1.04,1.04,"",1,5.9,6,7.0,1275098,32.7,154806,18.2,4803,137.9,207,23.7,10760,23.7
"48011","5","238","75","0","2025","A","",7,186,20939904,5225773,127312,2171,112884,"",1.61,7.59,11.65,9.42,7.20,1.54,1.54,"",0,0.0,122,190.6,16045906,327.9,4419415,548.1,109934,632.6,712,48.8,37008,48.8
"48013","5","238","75","0","2025","A","",51,328,24656177,4486240,65047,1447,75248,"",1.11,0.67,0.78,0.68,0.43,1.16,1.16,"",2,4.1,-28,-7.9,-6303684,-20.4,92925,2.1,1490,2.3,-227,-13.6,-11820,-13.6
"48015","5","238","75","0","2025","A","",94,916,76042174,11432553,189803,1597,83046,"",1.28,2.02,2.28,1.63,1.34,1.13,1.13,"",3,3.3,181,24.6,14757941,24.1,1905474,20.0,67972,55.8,-6,-0.4,-334,-0.4
"48017","5","238","75","0","2025","A","N",3,0,0,0,0,0,0,"N",0.26,0,0,0,0,0,0,"N",-1,-25.0,0,0,0,0,0,0,0,0,0,0,0,0
"48019","5","238","75","0","2025","A","",44,242,13319931,2920658,34247,1057,54984,"",1.76,1.87,2.22,1.75,1.52,1.19,1.19,"",0,0.0,-2,-0.8,-43603,-0.3,-304562,-9.4,-7495,-18.0,2,0.2,103,0.2
"48021","5","238","75","0","2025","A","",201,1629,122779157,21297029,474052,1450,75375,"",2.21,2.08,2.86,2.17,2.53,1.38,1.38,"",9,4.7,52,3.3,-25680206,-17.3,-865291,-3.9,-226063,-32.3,-361,-19.9,-18780,-19.9
"48023","5","238","75","0","2025","A","",7,22,1140792,213072,1784,1009,52450,"",0.77,0.41,0.39,0.34,0.14,0.96,0.96,"",1,16.7,2,10.0,203863,21.8,4342,2.1,417,30.5,89,9.7,4607,9.6
"48025","5","238","75","0","2025","A","",17,408,32608141,7076372,176061,1537,79938,"",0.64,1.44,2.37,2.53,3.29,1.65,1.65,"",2,13.3,65,19.0,5703420,21.2,1665939,30.8,68683,64.0,27,1.8,1403,1.8
"48027","5","238","75","0","2025","A","",369,3316,203983994,39550148,370462,1183,61518,"",1.15,0.76,0.72,0.79,0.38,0.95,0.95,"",-1,-0.3,184,5.9,22647367,12.5,946280,2.5,-26098,-6.6,70,6.3,3623,6.3
"48029","5","238","75","0","2025","A","",2025,29140,2103061967,363064333,6476639,1388,72172,"",0.92,0.93,0.99,0.87,0.78,1.06,1.06,"",-21,-1.0,820,2.9,121817096,6.1,19552955,5.7,119971,1.9,43,3.2,2214,3.2
"48031","5","238","75","0","2025","A","",38,358,28154972,4451568,61668,1513,78700,"",1.55,2.61,3.07,2.20,1.68,1.18,1.18,"",-3,-7.3,-50,-12.3,-3417865,-10.8,-848712,-16.0,-55410,-47.3,23,1.5,1221,1.6
"48035","5","238","75","0","2025","A","",24,326,34027517,3641803,33973,2006,104299,"",1.26,2.57,4.62,2.40,1.70,1.79,1.79,"",0,0.0,-5,-1.5,-760850,-2.2,-336565,-8.5,-28937,-46.0,-15,-0.7,-775,-0.7
"48037","5","238","75","0","2025","A","",121,1307,80287465,16032824,235923,1181,61433,"",1.01,0.92,1.03,0.93,0.74,1.12,1.12,"",1,0.8,59,4.7,9257193,13.0,1611299,11.2,13697,6.2,87,8.0,4533,8.0
"48039","5","238","75","0","2025","A","",363,4932,448493290,64040887,1349502,1749,90928,"",1.08,1.18,1.52,1.10,0.76,1.29,1.29,"",-1,-0.3,-400,-7.5,30682945,7.3,-4563216,-6.7,-260422,-16.2,242,16.1,12568,16.0
"48041","5","238","75","0","2025","A","",297,3096,197752040,36980555,394264,1228,63877,"",1.15,0.73,0.82,0.93,0.51,1.12,1.12,"",7,2.4,71,2.3,14366624,7.8,1006516,2.8,-80638,-17.0,62,5.3,3250,5.4
"48043","5","238","75","0","2025","A","N",12,0,0,0,0,0,0,"N",0.56,0,0,0,0,0,0,"N",0,0.0,0,0,0,0,0,0,0,0,0,0,0,0
"48045","5","238","75","0","2025","A","N",3,0,0,0,0,0,0,"N",0.83,0,0,0,0,0,0,"N",-1,-25.0,0,0,0,0,0,0,0,0,0,0,0,0
"48047","5","238","75","0","2025","A","N",3,0,0,0,0,0,0,"N",0.41,0,0,0,0,0,0,"N",-1,-25.0,0,0,0,0,0,0,0,0,0,0,0,0
"48049","5","238","75","0","2025","A","",56,348,20207865,4381172,27283,1116,58027,"",1.22,0.67,0.77,0.67,0.22,1.15,1.15,"",-2,-3.4,-2,-0.6,1330767,7.0,239518,5.8,4793,21.3,79,7.6,4105,7.6
"48051","5","238","75","0","2025","A","",28,161,10005890,2049697,12047,1198,62277,"",1.32,0.94,0.99,0.83,0.35,1.06,1.06,"",-1,-3.4,-37,-18.7,-1812611,-15.3,-295148,-12.6,-12655,-51.2,49,4.3,2537,4.2
"48053","5","238","75","0","2025","A","",170,1078,68097248,14005181,111362,1215,63170,"",2.02,1.89,2.04,1.86,0.99,1.08,1.08,"",-8,-4.5,-80,-6.9,-2055870,-2.9,-251054,-1.8,-15317,-12.1,50,4.3,2580,4.3
"48055","5","238","75","0","2025","A","",90,591,36449272,7280493,72474,1186,61691,"",2.05,1.59,1.71,1.46,0.63,1.08,1.08,"",4,4.7,52,9.6,3998907,12.3,352141,5.1,-8364,-10.3,28,2.4,1496,2.5
"48057","5","238","75","0","2025","A","",32,2353,169423148,38024151,2262963,1385,72006,"",1.02,5.39,4.48,5.68,7.96,0.83,0.83,"",-6,-15.8,-801,-25.4,-60541381,-26.3,-6075168,-13.8,-286815,-11.2,-17,-1.2,-898,-1.2
"48059","5","238","75","0","2025","A","",31,133,7412128,1660083,13109,1072,55730,"",1.90,1.31,1.32,1.27,0.50,1.01,1.01,"",-1,-3.1,-14,-9.5,-1092271,-12.8,-114493,-6.5,1711,15.0,-39,-3.5,-2025,-3.5
"48061","5","238","75","0","2025","A","",239,2296,125367788,29870103,450143,1050,54601,"",0.68,0.44,0.51,0.47,0.37,1.16,1.16,"",5,2.1,-229,-9.1,-2888582,-2.3,-3549213,-10.6,-255074,-36.2,73,7.5,3815,7.5
"48063","5","238","75","0","2025","A","",26,162,12398825,2323812,30977,1474,76654,"",1.83,1.21,1.90,1.35,1.23,1.57,1.57,"",2,8.3,-10,-5.8,-1429057,-10.3,78051,3.5,1344,4.5,-69,-4.5,-3585,-4.5
"48065","5","238","75","0","2025","A","N",7,0,0,0,0,0,0,"N",0.76,0,0,0,0,0,0,"N",0,0.0,0,0,0,0,0,0,0,0,0,0,0,0
"48067","5","238","75","0","2025","A","",33,147,7895991,1804424,17692,1032,53684,"",1.21,0.55,0.59,0.55,0.33,1.07,1.07,"",5,17.9,6,4.3,893068,12.8,13186,0.7,4848,37.7,78,8.2,4077,8.2
"48069","5","238","75","0","2025","A","N",7,0,0,0,0,0,0,"N",0.49,0,0,0,0,0,0,"N",3,75.0,0,0,0,0,0,0,0,0,0,0,0,0
"48071","5","238","75","0","2025","A","",27,181,16736199,4154389,183896,1776,92338,"",0.58,0.23,0.27,0.33,0.39,1.17,1.17,"",-1,-3.6,-10,-5.2,-1834760,-9.9,-852766,-17.0,30645,20.0,-94,-5.0,-4892,-5.0
"48073","5","238","75","0","2025","A","",39,316,20055634,4140836,92649,1220,63434,"",0.90,0.63,0.76,0.68,0.97,1.21,1.21,"",-2,-4.9,2,0.6,2068868,11.5,541750,15.1,49410,114.3,119,10.8,6197,10.8
"48075","5","238","75","0","2025","A","",8,30,1410828,397367,5328,897,46639,"",0.71,0.30,0.26,0.35,0.29,0.88,0.88,"",1,14.3,0,0.0,115081,8.9,602,0.2,-1025,-16.1,71,8.6,3686,8.6
"48077","5","238","75","0","2025","A","",8,40,2614351,530333,11814,1270,66047,"",0.81,0.71,0.94,0.89,1.02,1.33,1.33,"",2,33.3,9,29.0,658768,33.7,-13282,-2.4,2175,22.6,60,5.0,3133,5.0
"48079","5","238","75","0","2025","A","N",3,0,0,0,0,0,0,"N",0.50,0,0,0,0,0,0,"N",0,0.0,0,0,0,0,0,0,0,0,0,0,0,0
"48081","5","238","75","0","2025","A","",8,44,2409270,450001,1570,1061,55174,"",1.57,1.51,1.24,1.40,0.34,0.83,0.83,"",-1,-11.1,5,12.8,428052,21.6,-14632,-3.1,-4425,-73.8,94,9.7,4911,9.8
"48083","5","238","75","0","2025","A","",11,83,6247109,1197812,5146,1449,75342,"",0.92,1.16,1.82,1.32,0.45,1.57,1.57,"",1,10.0,-1,-1.2,721856,13.1,-6735,-0.6,641,14.2,180,14.2,9369,14.2
"48085","5","238","75","0","2025","A","",1171,11822,932496362,146453824,1927546,1517,78881,"",0.68,0.63,0.54,0.51,0.27,0.86,0.86,"",-33,-2.7,530,4.7,68622712,7.9,5197941,3.7,67565,3.6,46,3.1,2381,3.1
"48087","5","238","75","0","2025","A","N",1,0,0,0,0,0,0,"N",0.18,0,0,0,0,0,0,"N",0,0.0,0,0,0,0,0,0,0,0,0,0,0,0
"48089","5","238","75","0","2025","A","",33,236,16179130,2583376,31515,1320,68628,"",1.07,0.94,1.17,0.76,0.53,1.25,1.25,"",-2,-5.7,-42,-15.1,-3659817,-18.4,-557880,-17.8,-27971,-47.0,-54,-3.9,-2799,-3.9
"48091","5","238","75","0","2025","A","",415,5073,361363466,63670135,959240,1370,71227,"",1.61,1.96,2.33,1.68,1.26,1.19,1.19,"",22,5.6,192,3.9,30863905,9.3,-105895,-0.2,-26198,-2.7,68,5.2,3513,5.2
"48093","5","238","75","0","2025","A","",16,59,2494565,663583,2837,819,42581,"",0.83,0.40,0.34,0.35,0.12,0.86,0.86,"",-4,-20.0,-2,-3.3,175670,7.6,11051,1.7,460,19.4,91,12.5,4721,12.5
"48095","5","238","75","0","2025","A","N",6,0,0,0,0,0,0,"N",1.33,0,0,0,0,0,0,"N",2,50.0,0,0,0,0,0,0,0,0,0,0,0,0
"48097","5","238","75","0","2025","A","",84,675,40130613,8266209,77019,1144,59489,"",1.53,1.21,1.11,1.14,0.58,0.92,0.92,"",3,3.7,88,15.0,6798775,20.4,980600,13.5,15395,25.0,52,4.8,2698,4.8
"48099","5","238","75","0","2025","A","",53,421,24183088,4960376,94966,1106,57499,"",1.08,0.83,0.86,1.04,1.04,1.04,1.04,"",0,0.0,39,10.2,3909902,19.3,758255,18.0,59663,169.0,86,8.4,4439,8.4
"48101","5","238","75","0","2025","A","N",4,0,0,0,0,0,0,"N",0.49,0,0,0,0,0,0,"N",1,33.3,0,0,0,0,0,0,0,0,0,0,0,0
"48103","5","238","75","0","2025","A","N",4,0,0,0,0,0,0,"N",0.74,0,0,0,0,0,0,"N",0,0.0,0,0,0,0,0,0,0,0,0,0,0,0
"48105","5","238","75","0","2025","A","N",4,0,0,0,0,0,0,"N",0.42,0,0,0,0,0,0,"N",-1,-20.0,0,0,0,0,0,0,0,0,0,0,0,0
"48107","5","238","75","0","2025","A","N",2,0,0,0,0,0,0,"N",0.24,0,0,0,0,0,0,"N",-1,-33.3,0,0,0,0,0,0,0,0,0,0,0,0
"48109","5","238","75","0","2025","A","N",2,0,0,0,0,0,0,"N",0.38,0,0,0,0,0,0,"N",-1,-33.3,0,0,0,0,0,0,0,0,0,0,0,0
"48111","5","238","75","0","2025","A","",22,122,8283316,1611049,24073,1310,68129,"",1.14,0.76,0.87,0.69,0.84,1.15,1.15,"",0,0.0,3,2.5,696072,9.2,26397,1.7,9205,61.9,83,6.8,4326,6.8
"48113","5","238","75","0","2025","A","",3321,65657,5569349404,850025332,14187048,1631,84825,"",0.82,1.07,0.98,0.90,0.58,0.92,0.92,"",-32,-1.0,1034,1.6,436571886,8.5,47415524,5.9,-152045,-1.1,104,6.8,5398,6.8
"48115","5","238","75","0","2025","A","",12,107,9704208,1171504,6985,1737,90342,"",0.52,0.78,1.27,0.71,0.25,1.63,1.63,"",-1,-7.7,7,7.0,3398936,53.9,-142970,-10.9,-2048,-22.7,526,43.4,27394,43.5
"48117","5","238","75","0","2025","A","",21,145,8961365,1589959,8270,1186,61661,"",0.88,0.52,0.59,0.42,0.19,1.13,1.13,"",0,0.0,2,1.4,74055,0.8,-98972,-5.9,-4852,-37.0,-8,-0.7,-452,-0.7
"48119","5","238","75","0","2025","A","",5,34,1882568,697560,1744,1078,56057,"",0.90,1.03,1.23,1.96,0.28,1.21,1.21,"",0,0.0,17,100.0,907487,93.1,510382,272.7,1275,271.9,-30,-2.7,-1583,-2.7
"48121","5","238","75","0","2025","A","",940,11897,942799861,153342061,1761318,1524,79247,"",0.91,1.11,1.29,1.01,0.53,1.16,1.16,"",-24,-2.5,302,2.6,80333637,9.3,3708029,2.5,-96197,-5.2,94,6.6,4867,6.5
"48123","5","238","75","0","2025","A","",30,228,14017714,2535528,14579,1184,61594,"",1.08,0.98,1.06,0.87,0.28,1.09,1.09,"",0,0.0,15,7.0,1515120,12.1,-24075,-0.9,-6785,-31.8,57,5.1,2965,5.1
"48125","5","238","75","0","2025","A","N",2,0,0,0,0,0,0,"N",0.62,0,0,0,0,0,0,"N",1,100.0,0,0,0,0,0,0,0,0,0,0,0,0
"48127","5","238","75","0","2025","A","N",4,0,0,0,0,0,0,"N",0.27,0,0,0,0,0,0,"N",1,33.3,0,0,0,0,0,0,0,0,0,0,0,0
"48129","5","238","75","0","2025","A","N",5,0,0,0,0,0,0,"N",0.82,0,0,0,0,0,0,"N",1,25.0,0,0,0,0,0,0,0,0,0,0,0,0
"48131","5","238","75","0","2025","A","",6,93,5767381,1078328,41632,1187,61738,"",0.63,0.75,1.10,0.71,1.21,1.46,1.46,"",0,0.0,0,0.0,716261,14.2,-155802,-12.6,2238,5.7,143,13.7,7425,13.7
"48133","5","238","75","0","2025","A","",35,253,18788153,4290138,61085,1429,74286,"",1.31,1.31,1.72,1.64,1.39,1.31,1.31,"",5,16.7,57,29.1,6153259,48.7,1526450,55.2,23080,60.7,189,15.2,9822,15.2
"48135","5","238","75","0","2025","A","",233,3132,282123304,41068672,549822,1732,90090,"",1.11,1.16,1.38,0.97,0.61,1.19,1.19,"",-3,-1.3,-367,-10.5,-19938875,-6.6,-5962540,-12.7,-327164,-37.3,72,4.3,3754,4.3
"48137","5","238","75","0","2025","A","N",4,0,0,0,0,0,0,"N",1.20,0,0,0,0,0,0,"N",1,33.3,0,0,0,0,0,0,0,0,0,0,0,0
"48139","5","238","75","0","2025","A","",374,4056,288112041,52315807,525154,1366,71031,"",1.89,1.87,2.24,1.71,0.90,1.20,1.20,"",20,5.6,224,5.8,31665720,12.3,2404952,4.8,-337,-0.1,79,6.1,4113,6.1
"48141","5","238","75","0","2025","A","",834,8656,464850724,105270094,1872690,1033,53701,"",1.02,0.77,0.80,0.77,0.73,1.04,1.04,"",-40,-4.6,213,2.5,41196418,9.7,-412746,-0.4,34283,1.9,68,7.0,3523,7.0
"48143","5","238","75","0","2025","A","",89,671,44226525,9184775,87806,1267,65903,"",1.41,1.03,1.35,1.14,0.69,1.32,1.32,"",-1,-1.1,77,13.0,9969767,29.1,1501109,19.5,10995,14.3,159,14.4,8280,14.4
"48145","5","238","75","0","2025","A","",12,56,2959726,621933,5820,1026,53328,"",0.81,0.55,0.53,0.62,0.35,0.97,0.97,"",0,0.0,-4,-6.7,-572715,-16.2,-21282,-3.3,3384,138.9,-103,-9.1,-5383,-9.2
"48147","5","238","75","0","2025","A","",55,722,43605176,8141258,45302,1161,60388,"",1.74,2.40,2.57,2.25,0.64,1.07,1.07,"",3,5.8,15,2.1,1541502,3.7,-721457,-8.1,1956,4.5,17,1.5,906,1.5
"48149","5","238","75","0","2025","A","",58,635,60320760,9433855,304918,1828,95031,"",1.40,2.03,3.40,2.19,4.57,1.68,1.68,"",2,3.6,-86,-11.9,-6790052,-10.1,-3618835,-27.7,-220215,-41.9,39,2.2,2005,2.2
"48151","5","238","75","0","2025","A","N",3,0,0,0,0,0,0,"N",0.54,0,0,0,0,0,0,"N",1,50.0,0,0,0,0,0,0,0,0,0,0,0,0
"48153","5","238","75","0","2025","A","N",4,0,0,0,0,0,0,"N",0.34,0,0,0,0,0,0,"N",-2,-33.3,0,0,0,0,0,0,0,0,0,0,0,0
"48155","5","238","75","0","2025","A","N",2,0,0,0,0,0,0,"N",0.71,0,0,0,0,0,0,"N",0,0.0,0,0,0,0,0,0,0,0,0,0,0,0
"48157","5","238","75","0","2025","A","",622,7599,633795704,98270349,1764330,1604,83410,"",0.68,0.87,1.14,0.88,0.79,1.31,1.31,"",10,1.6,674,9.7,67253453,11.9,10268830,11.7,275039,18.5,31,2.0,1596,2.0
"48159","5","238","75","0","2025","A","",18,118,7309411,1372067,13148,1186,61683,"",0.70,0.96,1.18,0.67,0.28,1.23,1.23,"",1,5.9,20,20.4,1961988,36.7,187053,15.8,822,6.7,138,13.2,7164,13.1
"48161","5","238","75","0","2025","A","",22,97,4885176,1265203,8421,966,50233,"",1.12,0.57,0.51,0.63,0.25,0.88,0.88,"",0,0.0,4,4.3,65151,1.4,190032,17.7,-1372,-14.0,-31,-3.1,-1595,-3.1
"48163","5","238","75","0","2025","A","N",13,0,0,0,0,0,0,"N",0.69,0,0,0,0,0,0,"N",-1,-7.1,0,0,0,0,0,0,0,0,0,0,0,0
"48165","5","238","75","0","2025","A","",54,672,51135826,8503551,92065,1464,76114,"",1.65,2.77,3.20,2.31,1.57,1.16,1.16,"",2,3.8,68,11.3,5656576,12.4,955853,12.7,-63793,-40.9,15,1.0,776,1.0
"48167","5","238","75","0","2025","A","",319,4087,337864843,56789270,1846340,1590,82660,"",0.95,0.97,1.25,1.14,1.45,1.29,1.29,"",-3,-0.9,-30,-0.7,23077208,7.3,-1235407,-2.1,-16798,-0.9,119,8.1,6193,8.1
"48169","5","238","75","0","2025","A","N",10,0,0,0,0,0,0,"N",1.19,0,0,0,0,0,0,"N",-1,-9.1,0,0,0,0,0,0,0,0,0,0,0,0
"48171","5","238","75","0","2025","A","",85,721,44874321,9789362,63060,1196,62217,"",1.40,1.71,2.03,1.59,0.89,1.18,1.18,"",-4,-4.5,-47,-6.1,-1567827,-3.4,-605417,-5.8,-11774,-15.7,34,2.9,1778,2.9
"48173","5","238","75","0","2025","A","N",4,0,0,0,0,0,0,"N",0.59,0,0,0,0,0,0,"N",0,0.0,0,0,0,0,0,0,0,0,0,0,0,0
"48175","5","238","75","0","2025","A","",12,28,1481560,322158,2351,1021,53071,"",1.56,0.60,0.53,0.60,0.32,0.88,0.88,"N",0,0.0,0,0,0,0,0,0,0,0,0,0,0,0
"48177","5","238","75","0","2025","A","N",19,0,0,0,0,0,0,"N",0.71,0,0,0,0,0,0,"N",1,5.6,0,0,0,0,0,0,0,0,0,0,0,0
"48179","5","238","75","0","2025","A","",27,300,18863850,3484962,25841,1210,62914,"",1.01,1.18,1.19,1.07,0.49,1.01,1.01,"",1,3.8,41,15.8,2358153,14.3,553629,18.9,5287,25.7,-16,-1.3,-856,-1.3
"48181","5","238","75","0","2025","A","",227,1949,129975110,23311526,239244,1282,66674,"",1.43,1.10,1.21,0.95,0.54,1.10,1.10,"",4,1.8,-60,-3.0,1225020,1.0,-831184,-3.4,-46809,-16.4,49,4.0,2577,4.0
"48183","5","238","75","0","2025","A","",210,4793,306672717,67432635,2910129,1231,63989,"",1.01,1.90,1.98,1.91,3.34,1.05,1.05,"",-4,-1.9,-201,-4.0,5467582,1.8,862655,1.3,81542,2.9,71,6.1,3676,6.1
"48185","5","238","75","0","2025","A","",53,440,29849087,5367806,67294,1303,67775,"",1.75,1.55,1.66,1.55,1.00,1.07,1.07,"",3,6.0,64,17.0,5081550,20.5,480112,9.8,-12047,-15.2,37,2.9,1948,3.0
"48187","5","238","75","0","2025","A","",236,2834,212852852,35622677,445695,1445,75120,"",1.73,1.70,2.09,1.57,1.12,1.23,1.23,"",-6,-2.5,213,8.1,33389842,18.6,2892345,8.8,83698,23.1,128,9.7,6653,9.7
"48189","5","238","75","0","2025","A","",40,288,16722986,3283061,16257,1117,58100,"",0.98,0.79,0.90,0.67,0.22,1.13,1.13,"",2,5.3,12,4.3,877042,5.5,-245235,-7.0,-8294,-33.8,15,1.4,791,1.4
"48191","5","238","75","0","2025","A","N",3,0,0,0,0,0,0,"N",0.48,0,0,0,0,0,0,"N",0,0.0,0,0,0,0,0,0,0,0,0,0,0,0
"48193","5","238","75","0","2025","A","",16,82,5710906,944756,17212,1331,69223,"",1.18,0.87,1.23,0.91,1.31,1.41,1.41,"",1,6.7,4,5.1,716553,14.3,-21055,-2.2,764,4.6,106,8.7,5533,8.7
"48195","5","238","75","0","2025","A","",8,116,8815728,1612495,59074,1457,75780,"",0.72,1.66,2.17,2.06,5.16,1.30,1.30,"",0,0.0,29,33.3,2094318,31.2,288425,21.8,37979,180.0,-29,-2.0,-1478,-1.9
"48197","5","238","75","0","2025","A","N",1,0,0,0,0,0,0,"N",0.16,0,0,0,0,0,0,"N",0,0.0,0,0,0,0,0,0,0,0,0,0,0,0
"48199","5","238","75","0","2025","A","",70,612,44034840,7751734,145120,1384,71992,"",1.48,1.50,1.97,1.43,1.12,1.32,1.32,"",-4,-5.4,-29,-4.5,1034484,2.4,-11805,-0.2,31129,27.3,94,7.3,4917,7.3
"48201","3","238","75","0","2025","A","N",1,0,0,0,0,0,0,"N",1.33,0,0,0,0,0,0,"N",0,0.0,0,0,0,0,0,0,0,0,0,0,0,0
"48201","5","238","75","0","2025","A","",4976,91950,7587059211,1205334459,27495579,1587,82512,"",0.83,1.12,1.01,1.01,0.86,0.90,0.90,"",-37,-0.7,5361,6.2,835231961,12.4,82880958,7.4,1492160,5.7,87,5.8,4536,5.8
"48203","5","238","75","0","2025","A","",102,943,65938899,11179626,147288,1345,69925,"",1.46,1.34,1.40,1.21,0.76,1.05,1.05,"",-1,-1.0,15,1.6,2480758,3.9,471256,4.4,205,0.1,31,2.4,1574,2.3
"48205","5","238","75","0","2025","A","",6,23,1261089,292401,3583,1051,54632,"",0.81,0.24,0.24,0.19,0.24,1.00,1.00,"N",0,0.0,0,0,0,0,0,0,0,0,0,0,0,0
"48207","5","238","75","0","2025","A","",4,7,296845,75733,850,806,41908,"",0.43,0.14,0.12,0.12,0.08,0.86,0.86,"",0,0.0,2,40.0,91076,44.3,19439,34.5,710,507.1,52,6.9,2714,6.9
"48209","5","238","75","0","2025","A","",483,4576,331855952,58572855,1082411,1394,72513,"",1.54,1.39,1.77,1.34,1.35,1.28,1.28,"",-18,-3.6,134,3.0,29229409,9.7,2771971,5.0,181562,20.2,84,6.4,4382,6.4
"48211","5","238","75","0","2025","A","N",6,0,0,0,0,0,0,"N",0.67,0,0,0,0,0,0,"N",-1,-14.3,0,0,0,0,0,0,0,0,0,0,0,0
"48213","5","238","75","0","2025","A","",120,721,41783821,9009855,85982,1115,57979,"",1.47,1.07,1.19,1.01,0.60,1.11,1.11,"",2,1.7,39,5.7,6455564,18.3,793167,9.7,1353,1.6,119,11.9,6203,12.0
"48215","3","238","75","0","2025","A","N",1,0,0,0,0,0,0,"N",11.52,0,0,0,0,0,0,"N",0,0.0,0,0,0,0,0,0,0,0,0,0,0,0
"48215","5","238","75","0","2025","A","",469,4786,248227251,61398300,992139,997,51870,"",0.67,0.48,0.57,0.50,0.46,1.18,1.18,"",20,4.5,189,4.1,20934318,9.2,3344288,5.8,-17966,-1.8,46,4.8,2422,4.9
"48217","5","238","75","0","2025","A","",47,373,28123772,4619762,48678,1452,75483,"",1.17,0.94,1.22,0.88,0.52,1.29,1.29,"",-1,-2.1,13,3.6,1333865,5.0,40306,0.9,-2622,-5.1,19,1.3,980,1.3
"48219","5","238","75","0","2025","A","",24,254,17788320,3894972,31473,1345,69918,"",0.82,0.85,0.86,1.05,0.48,1.01,1.01,"",-2,-7.7,-19,-7.0,-751593,-4.1,633867,19.4,6574,26.4,38,2.9,1965,2.9
"48221","5","238","75","0","2025","A","",134,705,47311469,8550048,86925,1291,67124,"",1.58,1.12,1.39,0.95,0.62,1.24,1.24,"",4,3.1,-11,-1.5,2289513,5.1,-132713,-1.5,5536,6.8,81,6.7,4230,6.7
"48223","5","238","75","0","2025","A","",53,384,24406025,4380708,32687,1222,63557,"",1.12,0.78,0.88,0.67,0.25,1.12,1.12,"",1,1.9,-10,-2.5,1566840,6.9,-1172255,-21.1,-24582,-42.9,107,9.6,5590,9.6
"48225","5","238","75","0","2025","A","",40,175,10408393,2267315,35850,1145,59562,"",0.85,0.68,0.60,0.66,0.53,0.88,0.88,"",-2,-4.8,1,0.6,159444,1.6,291887,14.8,9602,36.6,13,1.1,688,1.2
"48227","5","238","75","0","2025","A","N",38,0,0,0,0,0,0,"N",0.87,0,0,0,0,0,0,"N",-2,-5.0,0,0,0,0,0,0,0,0,0,0,0,0
"48229","5","238","75","0","2025","A","N",1,0,0,0,0,0,0,"N",0.27,0,0,0,0,0,0,"N",0,0.0,0,0,0,0,0,0,0,0,0,0,0,0
"48231","3","238","75","0","2025","A","N",1,0,0,0,0,0,0,"N",88.96,0,0,0,0,0,0,"N",0,0.0,0,0,0,0,0,0,0,0,0,0,0,0
"48231","5","238","75","0","2025","A","",155,1217,85390659,14995549,143885,1349,70160,"",1.72,1.09,1.19,1.13,0.58,1.09,1.09,"",1,0.6,209,20.7,18154656,27.0,2681622,21.8,40299,38.9,66,5.1,3458,5.2
"48233","5","238","75","0","2025","A","",23,307,23977180,4016155,75951,1503,78165,"",1.05,1.19,1.18,1.29,1.03,0.99,0.99,"",1,4.5,-46,-13.0,-1782586,-6.9,-1034352,-20.5,-44867,-37.1,101,7.2,5277,7.2
"48235","5","238","75","0","2025","A","N",4,0,0,0,0,0,0,"N",1.11,0,0,0,0,0,0,"N",0,0.0,0,0,0,0,0,0,0,0,0,0,0,0
"48237","5","238","75","0","2025","A","",18,58,3660292,649894,1986,1221,63473,"",1.50,0.79,0.82,0.81,0.12,1.04,1.04,"",-1,-5.3,1,1.8,171055,4.9,-94698,-12.7,-3992,-66.8,46,3.9,2348,3.8
"48239","5","238","75","0","2025","A","",27,271,17806739,3049065,27410,1264,65708,"",1.38,1.51,1.71,1.31,0.79,1.13,1.13,"",-2,-6.9,-2,-0.7,135877,0.8,-413643,-11.9,-8898,-24.5,18,1.4,900,1.4
"48241","5","238","75","0","2025","A","",30,269,15574067,3423935,52690,1115,57986,"",0.94,0.89,0.96,0.93,0.84,1.07,1.08,"",4,15.4,41,18.0,2799987,21.9,227665,7.1,-30973,-37.0,35,3.2,1836,3.3
"48243","3","238","75","0","2025","A","N",1,0,0,0,0,0,0,"N",1860.09,0,0,0,0,0,0,"N",0,0.0,0,0,0,0,0,0,0,0,0,0,0,0
"48243","5","238","75","0","2025","A","N",3,0,0,0,0,0,0,"N",0.70,0,0,0,0,0,0,"N",0,0.0,0,0,0,0,0,0,0,0,0,0,0,0
"48245","5","238","75","0","2025","A","",258,6951,645340029,115294383,5299849,1785,92846,"",0.91,1.67,2.10,1.93,2.52,1.26,1.26,"",-12,-4.4,4,0.1,24139460,3.9,561402,0.5,-154922,-2.8,65,3.8,3428,3.8
"48247","5","238","75","0","2025","A","N",2,0,0,0,0,0,0,"N",0.32,0,0,0,0,0,0,"N",0,0.0,0,0,0,0,0,0,0,0,0,0,0,0
"48249","5","238","75","0","2025","A","",36,224,11680685,2634131,48223,1001,52030,"",0.86,0.46,0.48,0.41,0.39,1.05,1.05,"",-1,-2.7,-5,-2.2,194929,1.7,-15500,-0.6,2927,6.5,37,3.8,1892,3.8
"48251","5","238","75","0","2025","A","",384,3301,252591610,41322722,472853,1472,76526,"",1.90,1.62,2.07,1.41,0.74,1.28,1.28,"",-4,-1.0,79,2.5,27224610,12.1,1749572,4.4,5373,1.1,127,9.4,6569,9.4
"48253","5","238","75","0","2025","A","",20,176,18081583,2984023,78754,1973,102591,"",1.20,1.61,3.00,2.32,2.56,1.86,1.86,"",1,5.3,58,49.2,9108169,101.5,1337610,81.2,53295,209.3,513,35.1,26652,35.1
"48255","3","238","75","0","2025","A","N",1,0,0,0,0,0,0,"N",411.28,0,0,0,0,0,0,"N",0,0.0,0,0,0,0,0,0,0,0,0,0,0,0
"48255","5","238","75","0","2025","A","",14,34,1721475,361125,4751,986,51260,"",0.72,0.16,0.11,0.14,0.09,0.68,0.68,"",2,16.7,10,41.7,638005,58.9,115981,47.3,4037,565.4,99,11.2,5155,11.2
"48257","5","238","75","0","2025","A","",291,2402,170733687,30183103,275867,1367,71092,"",2.19,1.57,1.94,1.52,0.78,1.23,1.23,"",7,2.5,52,2.2,12569727,7.9,1461802,5.1,36549,15.3,73,5.6,3783,5.6
"48259","5","238","75","0","2025","A","",144,1248,89809241,14645908,143052,1384,71972,"",1.48,1.80,2.04,1.48,0.85,1.13,1.13,"",10,7.5,90,7.8,7209811,8.7,638992,4.6,-16259,-10.2,12,0.9,643,0.9
"48263","5","238","75","0","2025","A","N",0,0,0,0,0,0,0,"N",0.00,0,0,0,0,0,0,"N",0,0,0,0,0,0,0,0,0,0,0,0,0,0
"48265","5","238","75","0","2025","A","",122,1016,59035205,13562512,88298,1118,58110,"",1.61,1.54,1.53,1.61,0.65,0.99,0.99,"",7,6.1,87,9.4,4222745,7.7,1423353,11.7,22296,33.8,-17,-1.5,-907,-1.5
"48267","5","238","75","0","2025","A","N",7,0,0,0,0,0,0,"N",0.89,0,0,0,0,0,0,"N",-1,-12.5,0,0,0,0,0,0,0,0,0,0,0,0
"48271","5","238","75","0","2025","A","N",1,0,0,0,0,0,0,"N",0.26,0,0,0,0,0,0,"N",-1,-50.0,0,0,0,0,0,0,0,0,0,0,0,0
"48273","5","238","75","0","2025","A","",17,107,5205122,1047614,3695,933,48495,"",0.55,0.26,0.23,0.27,0.05,0.89,0.89,"",0,0.0,30,39.0,1866743,55.9,148986,16.6,-888,-19.4,96,11.5,4951,11.4
"48275","5","238","75","0","2025","A","",3,30,1548997,313098,782,987,51348,"",0.44,0.82,0.83,0.74,0.17,1.00,1.00,"",0,0.0,3,11.1,208903,15.6,38215,13.9,94,13.7,21,2.2,1094,2.2
"48277","5","238","75","0","2025","A","",101,620,36477506,7254589,84469,1132,58858,"",1.54,0.83,0.91,0.69,0.33,1.09,1.09,"",-4,-3.8,-45,-6.8,-1298647,-3.4,-1155446,-13.7,-59885,-41.5,40,3.7,2080,3.7
"48279","5","238","75","0","2025","A","",8,38,1689019,497610,4741,860,44742,"",0.40,0.28,0.23,0.23,0.15,0.83,0.83,"N",0,0.0,0,0,0,0,0,0,0,0,0,0,0,0
"48281","5","238","75","0","2025","A","",72,542,29857378,6153062,95861,1060,55138,"",2.94,2.79,2.96,2.45,1.66,1.06,1.06,"",0,0.0,1,0.2,1990310,7.1,-198796,-3.1,-30838,-24.3,69,7.0,3596,7.0
"48283","5","238","75","0","2025","A","",5,39,2386437,735468,20991,1189,61851,"",0.54,0.36,0.26,0.50,0.32,0.74,0.74,"",1,25.0,0,0.0,-1131032,-32.2,275161,59.8,12948,161.0,-534,-31.0,-27766,-31.0
"48285","5","238","75","0","2025","A","",32,251,18681405,3023622,34310,1434,74552,"",1.33,1.25,1.82,1.35,1.04,1.46,1.46,"",0,0.0,-8,-3.1,-2599493,-12.2,37946,1.3,14942,77.1,-149,-9.4,-7746,-9.4
"48287","5","238","75","0","2025","A","",38,195,11671877,2320508,17681,1153,59958,"",1.69,0.73,0.68,0.57,0.09,0.94,0.94,"",-3,-7.3,4,2.1,881683,8.2,137230,6.3,2542,16.8,65,6.0,3366,5.9
"48289","5","238","75","0","2025","A","",29,1454,124625417,25924127,447428,1648,85683,"",1.42,7.02,8.08,7.76,7.72,1.15,1.15,"",-1,-3.3,113,8.4,20023122,19.1,3939421,17.9,74234,19.9,148,9.9,7694,9.9
"48291","5","238","75","0","2025","A","",103,1218,102361802,17767020,695984,1617,84075,"",1.60,1.79,2.61,2.15,2.97,1.46,1.46,"",6,6.2,-39,-3.1,2059652,2.1,-1268866,-6.7,-48831,-6.6,82,5.3,4280,5.4
"48293","5","238","75","0","2025","A","N",17,0,0,0,0,0,0,"N",0.87,0,0,0,0,0,0,"N",-1,-5.6,0,0,0,0,0,0,0,0,0,0,0,0
"48295","5","238","75","0","2025","A","N",3,0,0,0,0,0,0,"N",0.67,0,0,0,0,0,0,"N",-1,-25.0,0,0,0,0,0,0,0,0,0,0,0,0
"48297","5","238","75","0","2025","A","",8,19,877514,223136,1789,888,46185,"",0.53,0.16,0.10,0.16,0.07,0.66,0.66,"",1,14.3,-1,-5.0,-36182,-4.0,2155,1.0,-3185,-64.0,2,0.2,116,0.3
"48299","5","238","75","0","2025","A","",52,322,19062278,3584034,41302,1140,59292,"",1.72,1.68,1.80,1.41,1.18,1.07,1.07,"",-6,-10.3,-21,-6.1,-206084,-1.1,-438486,-10.9,-3406,-7.6,60,5.6,3130,5.6
"48301","5","238","75","0","2025","A","N",2,0,0,0,0,0,0,"N",1.95,0,0,0,0,0,0,"N",1,100.0,0,0,0,0,0,0,0,0,0,0,0,0
"48303","5","238","75","0","2025","A","",551,5273,348442471,63233789,714320,1271,66080,"",1.36,1.03,1.20,1.04,0.75,1.17,1.17,"",-3,-0.5,-110,-2.0,12473360,3.7,-1700533,-2.6,-93804,-11.6,71,5.9,3665,5.9
"48305","5","238","75","0","2025","A","N",4,0,0,0,0,0,0,"N",0.44,0,0,0,0,0,0,"N",0,0.0,0,0,0,0,0,0,0,0,0,0,0,0
"48307","5","238","75","0","2025","A","",19,54,2153780,703280,2497,767,39885,"",1.43,0.73,0.58,0.72,0.19,0.79,0.79,"N",3,18.8,0,0,0,0,0,0,0,0,0,0,0,0
"48309","3","238","75","0","2025","A","N",1,0,0,0,0,0,0,"N",27.43,0,0,0,0,0,0,"N",0,0.0,0,0,0,0,0,0,0,0,0,0,0,0
"48309","5","238","75","0","2025","A","",399,6263,430038983,79573492,1146219,1320,68660,"",1.37,1.52,1.64,1.54,1.17,1.08,1.08,"",5,1.3,376,6.4,70599334,19.6,3312330,4.3,104983,10.1,146,12.4,7600,12.4
"48311","5","238","75","0","2025","A","N",1,0,0,0,0,0,0,"N",0.24,0,0,0,0,0,0,"N",0,0.0,0,0,0,0,0,0,0,0,0,0,0,0
"48313","5","238","75","0","2025","A","",17,69,3857677,823348,4620,1073,55774,"",1.17,0.47,0.49,0.49,0.11,1.03,1.03,"",1,6.2,2,3.0,539629,16.3,26956,3.4,-526,-10.2,118,12.4,6127,12.3
"48315","5","238","75","0","2025","A","",8,82,9150584,1818837,41536,2157,112162,"",0.98,1.11,2.58,1.81,2.29,2.33,2.33,"",0,0.0,-11,-11.8,3145485,52.4,457171,33.6,21316,105.4,915,73.7,47591,73.7
"48317","5","238","75","0","2025","A","N",3,0,0,0,0,0,0,"N",0.25,0,0,0,0,0,0,"N",-2,-40.0,0,0,0,0,0,0,0,0,0,0,0,0
"48319","5","238","75","0","2025","A","",12,79,4961069,1103291,9995,1211,62998,"",1.39,2.13,2.65,2.43,1.58,1.25,1.25,"",0,0.0,-4,-4.8,250364,5.3,-3688,-0.3,-179,-1.8,117,10.7,6128,10.8
"48321","5","238","75","0","2025","A","N",27,0,0,0,0,0,0,"N",0.69,0,0,0,0,0,0,"N",-1,-3.6,0,0,0,0,0,0,0,0,0,0,0,0
"48323","3","238","75","0","2025","A","N",1,0,0,0,0,0,0,"N",171.58,0,0,0,0,0,0,"N",0,0.0,0,0,0,0,0,0,0,0,0,0,0,0
"48323","5","238","75","0","2025","A","",33,132,6774376,1391332,20530,990,51484,"",0.71,0.21,0.24,0.21,0.18,1.15,1.15,"",-3,-8.3,-48,-26.7,-3375196,-33.3,-1043112,-42.8,-2275,-10.0,-95,-8.8,-4929,-8.7
"48325","5","238","75","0","2025","A","",68,447,26932819,5459640,65681,1160,60309,"",1.52,1.17,1.37,1.34,1.05,1.17,1.17,"",3,4.6,12,2.8,1941203,7.8,308759,6.0,29448,81.3,55,5.0,2846,5.0
"48327","5","238","75","0","2025","A","N",2,0,0,0,0,0,0,"N",0.51,0,0,0,0,0,0,"N",-1,-33.3,0,0,0,0,0,0,0,0,0,0,0,0
"48329","5","238","75","0","2025","A","",308,4427,416761448,65765089,1268598,1810,94134,"",0.98,1.11,1.08,1.02,0.96,0.98,0.98,"",-1,-0.3,301,7.3,37767091,10.0,6742044,11.4,163652,14.8,43,2.4,2275,2.5
"48331","5","238","75","0","2025","A","",36,147,7940229,1753329,11888,1041,54138,"",1.43,0.71,0.69,0.68,0.31,0.96,0.96,"N",-2,-5.3,0,0,0,0,0,0,0,0,0,0,0,0
"48333","5","238","75","0","2025","A","",14,52,2286488,613955,2729,839,43621,"",1.84,1.14,1.13,1.22,0.72,0.98,0.98,"",0,0.0,-1,-1.9,-57369,-2.4,36979,6.4,-1166,-29.9,-6,-0.7,-326,-0.7
"48335","5","238","75","0","2025","A","",7,11,789238,174106,868,1359,70678,"",0.77,0.15,0.16,0.20,0.03,1.06,1.06,"",0,0.0,0,0.0,1701,0.2,-8976,-4.9,-3142,-78.4,32,2.4,1697,2.5
"48337","5","238","75","0","2025","A","",30,125,6555253,1625873,8451,1005,52268,"",1.19,0.78,0.82,0.85,0.32,1.05,1.05,"",-1,-3.2,5,4.2,456873,7.5,206349,14.5,1602,23.4,26,2.7,1342,2.6
"48339","5","238","75","0","2025","A","",871,9245,664067922,123559383,1533652,1381,71829,"",1.15,1.17,1.15,1.09,0.59,0.98,0.98,"",13,1.5,948,11.4,95583205,16.8,17026068,16.0,153251,11.1,63,4.8,3312,4.8
"48341","5","238","75","0","2025","A","N",23,0,0,0,0,0,0,"N",0.88,0,0,0,0,0,0,"N",0,0.0,0,0,0,0,0,0,0,0,0,0,0,0
"48343","5","238","75","0","2025","A","N",8,0,0,0,0,0,0,"N",0.73,0,0,0,0,0,0,"N",1,14.3,0,0,0,0,0,0,0,0,0,0,0,0
"48345","5","238","75","0","2025","A","N",2,0,0,0,0,0,0,"N",0.66,0,0,0,0,0,0,"N",0,0.0,0,0,0,0,0,0,0,0,0,0,0,0
"48347","5","238","75","0","2025","A","",57,472,26748018,5630178,38324,1089,56640,"",0.82,0.63,0.71,0.65,0.31,1.12,1.12,"",2,3.6,93,24.5,8284954,44.9,1348955,31.5,6280,19.6,152,16.2,7893,16.2
"48349","5","238","75","0","2025","A","",53,297,19556594,3690917,29835,1267,65866,"",1.06,0.53,0.68,0.50,0.21,1.28,1.28,"",-3,-5.4,26,9.6,3618352,22.7,398531,12.1,14742,97.7,135,11.9,6999,11.9
"48351","5","238","75","0","2025","A","N",3,0,0,0,0,0,0,"N",0.45,0,0,0,0,0,0,"N",1,50.0,0,0,0,0,0,0,0,0,0,0,0,0
"48353","5","238","75","0","2025","A","N",13,0,0,0,0,0,0,"N",0.64,0,0,0,0,0,0,"N",-3,-18.8,0,0,0,0,0,0,0,0,0,0,0,0
"48355","5","238","75","0","2025","A","",416,5393,389595475,73742708,2118925,1389,72243,"",1.01,0.97,1.12,1.00,1.06,1.16,1.16,"",-14,-3.3,270,5.3,36697000,10.4,2852334,4.0,45116,2.2,64,4.8,3363,4.9
"48357","5","238","75","0","2025","A","",18,108,5594274,1165716,5674,992,51560,"",0.95,0.79,0.72,0.67,0.32,0.90,0.90,"",-2,-10.0,-13,-10.7,-870879,-13.5,-122852,-9.5,1234,27.8,-39,-3.8,-2056,-3.8
"48359","5","238","75","0","2025","A","N",4,0,0,0,0,0,0,"N",0.89,0,0,0,0,0,0,"N",0,0.0,0,0,0,0,0,0,0,0,0,0,0,0
"48361","5","238","75","0","2025","A","",85,747,49648494,9812733,241481,1279,66486,"",1.20,0.88,0.86,0.78,0.59,0.98,0.98,"",-2,-2.3,87,13.2,6992196,16.4,-190463,-1.9,-51318,-17.5,35,2.8,1806,2.8
"48363","5","238","75","0","2025","A","",45,162,9344355,1762383,6824,1110,57711,"",1.25,0.57,0.65,0.50,0.14,1.15,1.15,"",1,2.3,11,7.3,2399215,34.5,118067,7.2,-1014,-12.9,224,25.3,11640,25.3
"48365","3","238","75","0","2025","A","N",1,0,0,0,0,0,0,"N",300.35,0,0,0,0,0,0,"N",0,0.0,0,0,0,0,0,0,0,0,0,0,0,0
"48365","5","238","75","0","2025","A","",30,184,12257987,2882024,51194,1282,66680,"",1.13,0.71,0.76,0.72,0.52,1.07,1.07,"",0,0.0,-44,-19.3,-38500,-0.3,-562550,-16.3,-37799,-42.5,244,23.5,12709,23.5
"48367","5","238","75","0","2025","A","",337,2579,189940888,33286866,378048,1416,73654,"",1.79,1.80,2.24,1.64,1.11,1.24,1.24,"",10,3.1,-197,-7.1,-7029224,-3.6,-1916814,-5.4,-23941,-6.0,52,3.8,2704,3.8
"48369","5","238","75","0","2025","A","",15,66,3439037,773409,3993,1005,52239,"",0.90,0.30,0.27,0.23,0.13,0.90,0.90,"",-1,-6.2,4,6.5,-1485333,-30.2,27194,3.6,-1665,-29.4,-524,-34.3,-27293,-34.3
"48371","5","238","75","0","2025","A","N",12,0,0,0,0,0,0,"N",0.55,0,0,0,0,0,0,"N",-2,-14.3,0,0,0,0,0,0,0,0,0,0,0,0
"48373","5","238","75","0","2025","A","",60,422,28296462,5497912,115178,1290,67080,"",1.29,0.96,1.20,1.02,1.12,1.25,1.25,"",4,7.1,31,7.9,2745337,10.7,484384,9.7,22415,24.2,35,2.8,1801,2.8
"48375","5","238","75","0","2025","A","",248,2597,166549302,31065815,315861,1233,64125,"",1.26,0.99,1.03,0.90,0.60,1.04,1.04,"",-8,-3.1,-13,-0.5,10795066,6.9,-489871,-1.6,848,0.3,85,7.4,4445,7.4
"48377","5","238","75","0","2025","A","N",3,0,0,0,0,0,0,"N",0.31,0,0,0,0,0,0,"N",1,50.0,0,0,0,0,0,0,0,0,0,0,0,0
"48379","5","238","75","0","2025","A","",28,202,13119275,2797510,70110,1246,64787,"",2.19,2.67,3.87,3.10,4.37,1.45,1.45,"",-2,-6.7,7,3.6,1821883,16.1,347304,14.2,14040,25.0,132,11.8,6876,11.9
"48381","5","238","75","0","2025","A","",211,2006,146785031,26022241,243235,1407,73176,"",1.58,1.61,2.11,1.53,1.08,1.31,1.31,"",-5,-2.3,89,4.6,17034239,13.1,1766045,7.3,-19804,-7.5,105,8.1,5498,8.1
"48383","5","238","75","0","2025","A","N",6,0,0,0,0,0,0,"N",0.82,0,0,0,0,0,0,"N",0,0.0,0,0,0,0,0,0,0,0,0,0,0,0
"48385","5","238","75","0","2025","A","N",7,0,0,0,0,0,0,"N",1.36,0,0,0,0,0,0,"N",-1,-12.5,0,0,0,0,0,0,0,0,0,0,0,0
"48387","5","238","75","0","2025","A","",10,109,8924603,1786183,79462,1571,81690,"",0.84,1.20,2.09,1.53,3.33,1.74,1.74,"",0,0.0,26,31.3,2582770,40.7,613227,52.3,28048,54.6,94,6.4,4897,6.4
"48389","3","238","75","0","2025","A","N",1,0,0,0,0,0,0,"N",321.59,0,0,0,0,0,0,"N",0,0.0,0,0,0,0,0,0,0,0,0,0,0,0
"48389","5","238","75","0","2025","A","N",20,0,0,0,0,0,0,"N",0.80,0,0,0,0,0,0,"N",0,0.0,0,0,0,0,0,0,0,0,0,0,0,0
"48391","5","238","75","0","2025","A","N",11,0,0,0,0,0,0,"N",1.10,0,0,0,0,0,0,"N",1,10.0,0,0,0,0,0,0,0,0,0,0,0,0
"48393","5","238","75","0","2025","A","N",2,0,0,0,0,0,0,"N",0.91,0,0,0,0,0,0,"N",1,100.0,0,0,0,0,0,0,0,0,0,0,0,0
"48395","5","238","75","0","2025","A","",26,356,23934490,5046664,96013,1294,67310,"",1.35,1.89,2.03,1.96,2.59,1.08,1.08,"",1,4.0,33,10.2,3921150,19.6,666877,15.2,32656,51.5,103,8.6,5365,8.7
"48397","5","238","75","0","2025","A","",249,2448,165166282,32255177,263680,1297,67463,"",1.49,1.67,1.89,1.56,0.70,1.13,1.13,"",-5,-2.0,232,10.5,22596849,15.8,2798282,9.5,-1428,-0.5,59,4.8,3112,4.8
"48399","5","238","75","0","2025","A","",18,137,9559987,2122655,8742,1341,69739,"",1.36,1.33,1.74,1.78,0.65,1.31,1.31,"",0,0.0,47,52.2,5177277,118.1,1019847,92.5,4122,89.2,400,42.5,20816,42.5
"48401","5","238","75","0","2025","A","",46,224,10384321,2623637,13300,893,46410,"",1.08,0.50,0.42,0.48,0.13,0.83,0.83,"",-4,-8.0,0,0.0,-130011,-1.2,73985,2.9,-10563,-44.3,-9,-1.0,-477,-1.0
"48403","5","238","75","0","2025","A","",10,58,2542703,640686,4122,841,43714,"",0.95,0.71,0.66,0.64,0.25,0.93,0.93,"",4,66.7,5,9.4,59031,2.4,4677,0.7,-7018,-63.0,-67,-7.4,-3519,-7.5
"48405","5","238","75","0","2025","A","N",7,0,0,0,0,0,0,"N",0.94,0,0,0,0,0,0,"N",-1,-12.5,0,0,0,0,0,0,0,0,0,0,0,0
"48407","5","238","75","0","2025","A","",32,132,6496602,1586984,19359,946,49217,"",2.13,1.59,1.66,1.88,1.42,1.05,1.05,"",6,23.1,26,24.5,1041281,19.1,343106,27.6,1506,8.4,-41,-4.2,-2087,-4.1
"48409","5","238","75","0","2025","A","",50,1011,77817158,16647493,453525,1480,76951,"",0.84,1.41,1.66,1.64,1.77,1.18,1.18,"",-4,-7.4,84,9.1,12003489,18.2,756941,4.8,11012,2.5,114,8.3,5929,8.3
"48411","5","238","75","0","2025","A","",7,27,1420550,278695,699,1009,52451,"",0.72,0.52,0.58,0.49,0.13,1.11,1.11,"",0,0.0,0,0.0,125253,9.7,4739,1.7,-524,-42.8,75,8.0,3877,8.0
"48413","5","238","75","0","2025","A","N",3,0,0,0,0,0,0,"N",0.71,0,0,0,0,0,0,"N",0,0.0,0,0,0,0,0,0,0,0,0,0,0,0
"48415","5","238","75","0","2025","A","",26,242,17976495,3327753,18833,1430,74385,"",1.13,1.09,1.11,1.22,0.43,1.02,1.02,"",3,13.0,67,38.3,5214710,40.9,890501,36.5,7130,60.9,30,2.1,1565,2.1
"48417","5","238","75","0","2025","A","N",9,0,0,0,0,0,0,"N",1.32,0,0,0,0,0,0,"N",4,80.0,0,0,0,0,0,0,0,0,0,0,0,0
"48419","5","238","75","0","2025","A","",26,135,7375617,1399348,21299,1054,54803,"",0.87,0.46,0.47,0.32,0.27,1.02,1.02,"",-3,-10.3,-16,-10.6,134953,1.9,-258918,-15.6,-4558,-17.6,132,14.3,6852,14.3
"48421","5","238","75","0","2025","A","N",6,0,0,0,0,0,0,"N",0.94,0,0,0,0,0,0,"N",2,50.0,0,0,0,0,0,0,0,0,0,0,0,0
"48423","5","238","75","0","2025","A","",396,3674,227187088,44025795,476982,1189,61845,"",1.18,0.95,0.98,0.85,0.53,1.03,1.04,"",-18,-4.3,49,1.4,9896254,4.6,-29996,-0.1,54847,13.0,36,3.1,1899,3.2
"48425","5","238","75","0","2025","A","",12,92,6365586,957405,5156,1334,69380,"",0.91,0.72,0.63,0.61,0.13,0.88,0.88,"",-3,-20.0,-49,-34.8,-4963550,-43.8,-594678,-38.3,-16405,-76.1,-209,-13.5,-10874,-13.5
"48427","5","238","75","0","2025","A","",18,74,2587679,855588,16189,669,34812,"",0.55,0.15,0.12,0.19,0.20,0.83,0.83,"",3,20.0,22,42.3,607020,30.6,288818,51.0,8758,117.9,-66,-9.0,-3400,-8.9
"48429","5","238","75","0","2025","A","",25,170,8797108,2187208,10957,997,51849,"",1.64,1.54,1.67,1.74,0.43,1.09,1.09,"",0,0.0,-2,-1.2,136466,1.6,-52298,-2.3,4373,66.4,26,2.7,1374,2.7
"48431","5","238","75","0","2025","A","N",2,0,0,0,0,0,0,"N",0.49,0,0,0,0,0,0,"N",0,0.0,0,0,0,0,0,0,0,0,0,0,0,0
"48433","5","238","75","0","2025","A","N",3,0,0,0,0,0,0,"N",0.90,0,0,0,0,0,0,"N",0,0.0,0,0,0,0,0,0,0,0,0,0,0,0
"48435","5","238","75","0","2025","A","N",6,0,0,0,0,0,0,"N",0.78,0,0,0,0,0,0,"N",-1,-14.3,0,0,0,0,0,0,0,0,0,0,0,0
"48437","5","238","75","0","2025","A","N",7,0,0,0,0,0,0,"N",0.81,0,0,0,0,0,0,"N",-1,-12.5,0,0,0,0,0,0,0,0,0,0,0,0
"48439","3","238","75","0","2025","A","N",1,0,0,0,0,0,0,"N",3.27,0,0,0,0,0,0,"N",0,0.0,0,0,0,0,0,0,0,0,0,0,0,0
"48439","5","238","75","0","2025","A","",2598,40006,3253817873,510537013,8000809,1564,81333,"",1.06,1.18,1.27,1.07,0.80,1.08,1.08,"",-19,-0.7,2504,6.7,387921422,13.5,31117525,6.5,-207809,-2.5,94,6.4,4914,6.4
"48441","5","238","75","0","2025","A","",236,2754,199457365,38558821,960069,1393,72436,"",1.25,1.20,1.49,1.32,1.76,1.24,1.24,"",-8,-3.3,276,11.1,39062817,24.4,937429,2.5,402489,72.2,148,11.9,7711,11.9
"48443","5","238","75","0","2025","A","N",2,0,0,0,0,0,0,"N",0.85,0,0,0,0,0,0,"N",-1,-33.3,0,0,0,0,0,0,0,0,0,0,0,0
"48445","5","238","75","0","2025","A","",7,38,1753617,405512,2273,884,45946,"",0.41,0.37,0.34,0.35,0.14,0.91,0.91,"",2,40.0,5,15.2,235487,15.5,25818,6.8,338,17.5,-1,-0.1,-58,-0.1
"48447","5","238","75","0","2025","A","N",2,0,0,0,0,0,0,"N",0.59,0,0,0,0,0,0,"N",-1,-33.3,0,0,0,0,0,0,0,0,0,0,0,0
"48449","5","238","75","0","2025","A","",39,489,40672223,6112165,57685,1601,83245,"",0.96,0.81,1.28,0.70,0.40,1.57,1.57,"",3,8.3,26,5.6,6541984,19.2,313508,5.4,21524,59.5,183,12.9,9503,12.9
"48451","5","238","75","0","2025","A","",206,1514,94330808,18949915,146470,1198,62292,"",1.38,0.91,0.98,1.00,0.49,1.08,1.08,"",4,2.0,49,3.3,2015713,2.2,911011,5.1,8120,5.9,-14,-1.2,-740,-1.2
"48453","3","238","75","0","2025","A","N",1,0,0,0,0,0,0,"N",3.18,0,0,0,0,0,0,"N",0,0.0,0,0,0,0,0,0,0,0,0,0,0,0
"48453","5","238","75","0","2025","A","",1874,30187,2482237371,389281462,8081239,1581,82228,"",0.74,0.97,0.79,0.87,0.65,0.81,0.81,"",-22,-1.2,1763,6.2,186193018,8.1,12789894,3.4,-305106,-3.6,28,1.8,1450,1.8
"48455","5","238","75","0","2025","A","N",14,0,0,0,0,0,0,"N",1.26,0,0,0,0,0,0,"N",2,16.7,0,0,0,0,0,0,0,0,0,0,0,0
"48457","5","238","75","0","2025","A","N",13,0,0,0,0,0,0,"N",0.78,0,0,0,0,0,0,"N",-1,-7.1,0,0,0,0,0,0,0,0,0,0,0,0
"48459","5","238","75","0","2025","A","",48,566,37298026,6824981,82192,1267,65907,"",1.69,2.17,2.83,2.17,1.76,1.30,1.30,"",-2,-4.0,-33,-5.5,-746357,-2.0,-687436,-9.2,-27796,-25.3,45,3.7,2376,3.7
"48461","5","238","75","0","2025","A","N",2,0,0,0,0,0,0,"N",0.32,0,0,0,0,0,0,"N",0,0.0,0,0,0,0,0,0,0,0,0,0,0,0
"48463","5","238","75","0","2025","A","",33,180,8242659,1945011,16934,880,45750,"",0.95,0.55,0.52,0.52,0.25,0.94,0.94,"",1,3.1,25,16.1,1502807,22.3,296462,18.0,-2029,-10.7,45,5.4,2337,5.4
"48465","5","238","75","0","2025","A","",32,189,9619745,2011229,16542,979,50921,"",0.72,0.31,0.31,0.34,0.12,1.01,1.01,"",-2,-5.9,-12,-6.0,-182050,-1.9,-319860,-13.7,-8355,-33.6,43,4.6,2237,4.6
"48467","5","238","75","0","2025","A","",115,805,48794307,10633635,153470,1166,60620,"",2.09,1.86,2.39,1.90,1.55,1.28,1.28,"",-3,-2.5,46,6.1,4218429,9.5,1129030,11.9,48350,46.0,36,3.2,1884,3.2
"48469","5","238","75","0","2025","A","",119,1141,73989920,13331479,158310,1247,64842,"",1.01,0.93,1.05,0.87,0.60,1.14,1.14,"",1,0.8,51,4.7,7272682,10.9,468567,3.6,-36343,-18.7,70,5.9,3634,5.9
"48471","5","238","75","0","2025","A","",80,503,30546447,5539050,54664,1167,60678,"",1.41,0.57,0.63,0.87,0.49,1.10,1.10,"",4,5.3,33,7.0,3931936,14.8,149549,2.8,-196,-0.4,77,7.1,3991,7.0
"48473","5","238","75","0","2025","A","",98,1095,79317263,13403561,203517,1393,72458,"",1.71,1.17,1.33,1.05,0.84,1.13,1.13,"",4,4.3,36,3.4,6091260,8.3,582071,4.5,25989,14.6,63,4.7,3295,4.8
"48475","5","238","75","0","2025","A","",22,492,56233913,7708348,95278,2196,114200,"",1.14,2.31,3.07,2.28,1.26,1.33,1.33,"N",-2,-8.3,0,0,0,0,0,0,0,0,0,0,0,0
"48477","5","238","75","0","2025","A","",78,521,30204560,5973915,26381,1115,57956,"",1.47,0.93,1.02,0.89,0.27,1.09,1.09,"",1,1.3,-25,-4.6,30903,0.1,-266090,-4.3,-32499,-55.2,53,5.0,2743,5.0
"48479","5","238","75","0","2025","A","",178,1379,72096497,17091740,255010,1005,52269,"",0.61,0.38,0.41,0.38,0.38,1.10,1.10,"",8,4.7,155,12.7,13418401,22.9,2964791,21.0,69238,37.3,83,9.0,4329,9.0
"48481","5","238","75","0","2025","A","",54,358,21339163,3965951,31110,1147,59648,"",0.96,0.66,0.73,0.57,0.24,1.10,1.10,"",-2,-3.6,-6,-1.6,402254,1.9,168869,4.4,-12569,-28.8,40,3.6,2089,3.6
"48483","5","238","75","0","2025","A","N",6,0,0,0,0,0,0,"N",0.63,0,0,0,0,0,0,"N",0,0.0,0,0,0,0,0,0,0,0,0,0,0,0
"48485","5","238","75","0","2025","A","",169,1359,79672533,15980733,258800,1128,58633,"",1.06,0.77,0.83,0.80,0.84,1.08,1.08,"",-8,-4.5,57,4.4,4343797,5.8,383732,2.5,66390,34.5,16,1.4,799,1.4
"48487","5","238","75","0","2025","A","",12,47,2037708,543478,1360,835,43432,"",0.73,0.23,0.21,0.30,0.06,0.88,0.88,"",-4,-25.0,-9,-16.1,-331705,-14.0,-123210,-18.5,-1491,-52.3,15,1.8,804,1.9
"48489","5","238","75","0","2025","A","",6,42,2080149,599386,3570,952,49527,"",0.41,0.30,0.31,0.37,0.09,1.05,1.05,"",0,0.0,4,10.5,196898,10.5,105888,21.5,-887,-19.9,9,1.0,505,1.0
"48491","5","238","75","0","2025","A","",1120,14949,1159091391,185746764,1940086,1491,77535,"",1.44,1.87,1.76,1.62,0.80,0.94,0.94,"",2,0.2,191,1.3,39575384,3.5,870508,0.5,-99237,-4.9,32,2.2,1679,2.2
"48493","5","238","75","0","2025","A","",104,728,44801687,8440881,166420,1183,61520,"",2.30,2.27,2.62,2.07,2.22,1.15,1.15,"",-2,-1.9,2,0.3,1488650,3.4,558105,7.1,44373,36.4,36,3.1,1881,3.2
"48495","5","238","75","0","2025","A","",11,127,11060004,1540695,16453,1671,86916,"",0.97,0.90,0.83,0.71,0.45,0.92,0.92,"",-1,-8.3,12,10.4,1648725,17.5,-26504,-1.7,3985,32.0,103,6.6,5374,6.6
"48497","5","238","75","0","2025","A","",171,1770,132802917,22405841,155722,1443,75026,"",2.07,2.43,2.93,2.13,0.85,1.21,1.21,"",12,7.5,263,17.5,29626404,28.7,2339120,11.7,18093,13.1,126,9.6,6542,9.6
"48499","5","238","75","0","2025","A","",67,326,18123194,3751182,22259,1071,55678,"",1.44,0.91,1.03,0.90,0.33,1.13,1.13,"",-2,-2.9,26,8.7,1736546,10.6,16221,0.4,-5552,-20.0,22,2.1,1147,2.1
"48501","5","238","75","0","2025","A","",15,206,19316750,2607232,47784,1807,93961,"",1.14,1.93,2.24,1.93,2.26,1.16,1.16,"N",-1,-6.2,0,0,0,0,0,0,0,0,0,0,0,0
"48503","5","238","75","0","2025","A","",36,181,9373087,2137678,16531,995,51737,"",1.22,0.78,0.65,0.68,0.41,0.84,0.84,"",0,0.0,-29,-13.8,-1768862,-15.9,-466783,-17.9,-743,-4.3,-25,-2.5,-1278,-2.4
"48505","5","238","75","0","2025","A","",6,82,4327906,884191,14014,1014,52726,"",0.71,0.83,1.06,0.83,0.70,1.28,1.28,"",1,20.0,-12,-12.8,-832456,-16.1,-83249,-8.6,-14706,-51.2,-38,-3.6,-1977,-3.6
"48507","5","238","75","0","2025","A","N",7,0,0,0,0,0,0,"N",0.84,0,0,0,0,0,0,"N",-1,-12.5,0,0,0,0,0,0,0,0,0,0,0,0
"48999","5","238","75","0","2025","A","",4203,14838,1161844009,224244568,6041951,1506,78303,"",0.75,0.74,0.52,0.60,0.46,0.70,0.70,"",859,25.7,1345,10.0,128181638,12.4,12853890,6.1,-325414,-5.1,33,2.2,1694,2.2
"49000","5","238","55","0","2025","A","",10496,97550,6776549025,4506779077,30896467,1336,69467,"",1.52,1.68,1.68,1.66,1.37,1.00,1.00,"",108,1.0,2630,2.8,516762846,8.3,293108520,7.0,-1241870,-3.9,68,5.4,3519,5.3
"49001","5","238","75","0","2025","A","",20,108,5231334,4379976,35065,932,48476,"",1.50,1.05,0.98,1.12,0.95,0.93,0.93,"",2,11.1,8,8.0,983600,23.2,742975,20.4,4863,16.1,119,14.6,6210,14.7
"49003","5","238","75","0","2025","A","",162,1523,116525424,77046119,566631,1471,76498,"",2.02,1.84,2.27,1.89,2.07,1.23,1.23,"",8,5.2,90,6.3,5760622,5.2,8636345,12.6,-82203,-12.7,-16,-1.1,-802,-1.0
"49005","5","238","75","0","2025","A","",450,2691,140237103,107678584,824490,1002,52109,"",2.02,1.26,1.19,1.28,1.49,0.94,0.94,"",-6,-1.3,221,8.9,9112098,6.9,6643282,6.6,-128609,-13.5,-19,-1.9,-989,-1.9
"49007","5","238","75","0","2025","A","",31,276,19018405,12597105,115481,1327,69011,"",0.99,0.95,1.24,1.09,1.21,1.31,1.31,"",-3,-8.8,3,1.1,1511963,8.6,250307,2.0,-114108,-49.7,95,7.7,4944,7.7
"49009","5","238","75","0","2025","A","N",3,0,0,0,0,0,0,"N",1.10,0,0,0,0,0,0,"N",0,0.0,0,0,0,0,0,0,0,0,0,0,0,0
"49011","5","238","75","0","2025","A","",824,8259,547398118,382998001,2280756,1275,66282,"",1.60,1.72,1.89,1.95,1.65,1.10,1.10,"",11,1.4,154,1.9,35630802,7.0,21313373,5.9,-239668,-9.5,61,5.0,3137,5.0
"49013","5","238","75","0","2025","A","",66,392,25607379,19090060,213413,1255,65283,"",1.55,1.28,1.35,1.43,1.75,1.06,1.06,"",2,3.1,16,4.3,3058127,13.6,2194552,13.0,95089,80.4,101,8.8,5298,8.8
"49015","5","238","75","0","2025","A","",15,165,10394683,7526789,73886,1213,63062,"",1.10,1.36,1.43,1.43,1.04,1.05,1.05,"",1,7.1,-29,-14.9,-1775150,-14.6,-1790050,-19.2,-12300,-14.3,9,0.7,439,0.7
"49017","5","238","75","0","2025","A","",14,36,1959075,1572340,10453,1039,54043,"",1.01,0.41,0.31,0.53,0.14,0.75,0.75,"",1,7.7,-32,-47.1,-2207523,-53.0,-1513565,-49.0,-4799,-31.5,-142,-12.0,-7381,-12.0
"49019","5","238","75","0","2025","A","",37,168,9101745,7644439,112023,1044,54312,"",1.10,0.73,0.82,0.77,0.73,1.12,1.12,"",-2,-5.1,4,2.4,854652,10.4,936607,14.0,65941,143.1,80,8.3,4178,8.3
"49021","5","238","75","0","2025","A","",270,1830,93198856,75854142,429437,980,50935,"",2.43,2.11,2.15,2.26,1.96,1.02,1.02,"",20,8.0,244,15.4,16205649,21.0,12537324,19.8,35605,9.0,46,4.9,2384,4.9
"49023","5","238","75","0","2025","A","",50,356,19802876,15021576,76664,1070,55639,"",2.48,2.28,2.57,2.70,1.82,1.13,1.13,"",5,11.1,41,13.0,3006770,17.9,2109723,16.3,2402,3.2,45,4.4,2360,4.4
"49025","5","238","75","0","2025","A","",34,89,3432143,3011484,19670,739,38420,"",1.58,0.63,0.53,0.63,0.42,0.84,0.84,"N",0,0.0,0,0,0,0,0,0,0,0,0,0,0,0
"49027","5","238","75","0","2025","A","",40,152,9380076,6805292,57746,1185,61610,"",1.74,0.84,0.88,0.91,1.22,1.04,1.04,"",2,5.3,-32,-17.4,-4040936,-30.1,-1470159,-17.8,-37478,-39.4,-220,-15.7,-11430,-15.6
"49029","5","238","75","0","2025","A","",72,599,35249196,26274281,113122,1132,58888,"",3.15,4.92,4.46,5.00,2.90,0.91,0.91,"",5,7.5,46,8.3,2707642,8.3,2667340,11.3,-33519,-22.9,1,0.1,51,0.1
"49031","5","238","75","0","2025","A","N",2,0,0,0,0,0,0,"N",0.67,0,0,0,0,0,0,"N",0,0.0,0,0,0,0,0,0,0,0,0,0,0,0
"49033","5","238","75","0","2025","A","N",6,0,0,0,0,0,0,"N",0.77,0,0,0,0,0,0,"N",-1,-14.3,0,0,0,0,0,0,0,0,0,0,0,0
"49035","5","238","75","0","2025","A","",3676,38556,2866210848,1843133537,15757599,1430,74339,"",1.11,1.43,1.32,1.34,1.31,0.93,0.93,"",-47,-1.3,1560,4.2,227999990,8.6,121586118,7.1,249779,1.6,59,4.3,3028,4.2
"49037","5","238","75","0","2025","A","",15,148,6738252,5786840,59662,879,45683,"",0.83,0.93,0.82,1.06,1.00,0.89,0.89,"",-4,-21.1,31,26.5,1728179,34.5,1385207,31.5,-61,-0.1,53,6.4,2709,6.3
"49039","5","238","75","0","2025","A","",86,445,22194730,17489175,131725,959,49876,"",2.33,1.40,1.51,1.83,1.96,1.08,1.08,"",1,1.2,-1,-0.2,612252,2.8,401064,2.3,-34226,-20.6,28,3.0,1458,3.0
"49041","5","238","75","0","2025","A","",68,318,12965270,11076866,69267,784,40761,"",1.70,0.95,0.78,0.85,0.73,0.82,0.82,"",0,0.0,-32,-9.1,-1231971,-8.7,-988620,-8.2,-13741,-16.6,4,0.5,226,0.6
"49043","5","238","75","0","2025","A","",211,1507,101427446,74118561,440303,1295,67319,"",1.20,1.39,1.34,1.28,0.70,0.97,0.96,"",-9,-4.1,23,1.5,9878241,10.8,7129397,10.6,-26002,-5.6,109,9.2,5649,9.2
"49045","5","238","75","0","2025","A","",156,953,52993610,41926393,256167,1070,55622,"",2.02,1.39,1.44,1.48,1.19,1.03,1.03,"",13,9.1,1,0.1,1037243,2.0,885265,2.2,-52895,-17.1,21,2.0,1065,2.0
"49047","5","238","75","0","2025","A","",96,1261,88621140,61216711,338333,1352,70283,"",1.43,2.42,2.74,2.40,1.36,1.13,1.13,"",4,4.3,11,0.9,3502530,4.1,7886765,14.8,-112886,-25.0,42,3.2,2165,3.2
"49049","5","238","75","0","2025","A","",2058,22517,1703786773,1041971447,5559061,1455,75667,"",1.82,2.24,2.62,2.29,1.54,1.17,1.17,"",72,3.6,3,0.0,146462990,9.4,62857758,6.4,-407793,-6.8,125,9.4,6496,9.4
"49051","5","238","75","0","2025","A","",181,1024,59705930,45848172,272128,1121,58288,"",2.20,2.43,2.34,2.51,1.90,0.96,0.96,"",5,2.8,38,3.9,4497229,8.1,3350966,7.9,14339,5.6,44,4.1,2272,4.1
"49053","5","238","75","0","2025","A","",1086,8008,437257866,337719758,1406498,1050,54600,"",2.65,2.67,2.86,2.70,1.62,1.07,1.07,"",22,2.1,116,1.5,29070811,7.1,20542404,6.5,-170317,-10.8,55,5.5,2876,5.6
"49055","5","238","75","0","2025","A","N",12,0,0,0,0,0,0,"N",1.55,0,0,0,0,0,0,"N",2,20.0,0,0,0,0,0,0,0,0,0,0,0,0
"49057","5","238","75","0","2025","A","",758,6055,382262458,274345561,1630334,1214,63127,"",2.07,1.47,1.52,1.52,1.19,1.03,1.03,"",6,0.8,130,2.2,21361014,5.9,14123275,5.4,-231206,-12.4,43,3.7,2215,3.6
"50000","5","238","55","0","2025","A","",1878,9977,701877645,186187779,4994545,1353,70350,"",1.16,0.97,1.01,1.06,0.95,1.05,1.04,"",10,0.5,90,0.9,40415452,6.1,6929997,3.9,140481,2.9,66,5.1,3450,5.2
"50001","5","238","75","0","2025","A","",136,588,37458659,10207820,216185,1224,63669,"",1.51,1.13,1.14,1.22,0.99,1.01,1.01,"",-4,-2.9,-3,-0.5,934364,2.6,263215,2.6,-6581,-3.0,36,3.0,1877,3.0
"50003","5","238","75","0","2025","A","",110,418,25269326,7507252,162014,1163,60453,"",1.11,0.75,0.73,0.75,0.50,0.97,0.97,"",4,3.8,-17,-3.9,379492,1.5,-220370,-2.9,8913,5.8,64,5.8,3290,5.8
"50005","5","238","75","0","2025","A","",86,391,24705168,7327216,231205,1216,63212,"",1.42,1.05,1.14,1.22,1.29,1.09,1.09,"",0,0.0,-4,-1.0,535409,2.2,214682,3.0,-4123,-1.8,39,3.3,2010,3.3
"50007","5","238","75","0","2025","A","",393,3300,259475181,63521074,1776344,1512,78637,"",0.84,0.96,0.98,1.07,1.08,1.03,1.03,"",-6,-1.5,-79,-2.3,10552314,4.2,1221877,2.0,29867,1.7,95,6.7,4960,6.7
"50009","5","238","75","0","2025","A","N",12,0,0,0,0,0,0,"N",1.29,0,0,0,0,0,0,"N",1,9.1,0,0,0,0,0,0,0,0,0,0,0,0
"50011","5","238","75","0","2025","A","",120,459,30348816,8721729,220696,1272,66119,"",1.52,0.83,0.87,0.90,0.84,1.05,1.05,"",4,3.4,28,6.5,2477006,8.9,741360,9.3,19642,9.8,28,2.3,1426,2.2
"50013","5","238","75","0","2025","A","",18,104,6468217,2034373,63768,1196,62194,"",1.18,2.21,2.66,2.25,2.31,1.21,1.21,"",0,0.0,17,19.5,1481950,29.7,372998,22.5,13750,27.5,98,8.9,5099,8.9
"50015","5","238","75","0","2025","A","",98,484,32924098,8905103,231153,1308,68037,"",1.26,1.15,1.31,1.06,0.75,1.14,1.14,"",7,7.7,40,9.0,3879189,13.4,1020403,12.9,18796,8.9,51,4.1,2682,4.1
"50017","5","238","75","0","2025","A","",94,376,25914586,6712984,161095,1325,68922,"",1.81,1.44,1.73,1.63,1.31,1.20,1.20,"",0,0.0,1,0.3,1845084,7.7,125210,1.9,-6846,-4.1,90,7.3,4680,7.3
"50019","5","238","75","0","2025","A","",92,457,30887003,8183926,266645,1300,67586,"",1.68,1.32,1.67,1.43,1.18,1.26,1.26,"",2,2.2,9,2.0,2592125,9.2,491023,6.4,-1066,-0.4,85,7.0,4393,7.0
"50021","5","238","75","0","2025","A","",208,1006,63268834,17921312,560537,1210,62918,"",1.57,1.19,1.22,1.17,1.05,1.02,1.02,"",2,1.0,64,6.8,4979481,8.5,606803,3.5,12311,2.2,20,1.7,1012,1.6
"50023","5","238","75","0","2025","A","",159,814,56162920,15081727,386714,1327,69024,"",1.01,0.73,0.71,0.86,0.75,0.98,0.98,"",-3,-1.9,1,0.1,4255930,8.2,-80002,-0.5,-44325,-10.3,100,8.1,5210,8.2
"50025","5","238","75","0","2025","A","",138,706,50289433,13069529,324169,1370,71215,"",1.12,1.01,1.23,1.04,0.81,1.21,1.21,"",-4,-2.8,-10,-1.4,1565412,3.2,340523,2.7,18488,6.0,62,4.7,3204,4.7
"50027","5","238","75","0","2025","A","",192,729,49069042,13668889,303324,1294,67272,"",1.26,0.94,0.97,1.03,0.79,1.04,1.04,"",2,1.1,26,3.7,3772463,8.3,1184324,9.5,52841,21.1,55,4.4,2854,4.4
"50999","5","238","75","0","2025","A","N",22,0,0,0,0,0,0,"N",0.44,0,0,0,0,0,0,"N",4,22.2,0,0,0,0,0,0,0,0,0,0,0,0
"51000","3","238","55","0","2025","A","",5,38,2140054,0,0,1081,56194,"",2.56,1.41,1.20,0.00,0.00,0.85,0.85,"",0,0.0,2,5.6,94666,4.6,0,0.0,0,0.0,-7,-0.6,-361,-0.6
"51000","5","238","55","0","2025","A","",13556,144819,11299737280,1610735981,12157832,1501,78026,"",0.87,1.04,1.02,0.97,0.72,0.97,0.97,"",-311,-2.2,8797,6.5,1296423553,13.0,111214144,7.4,2068965,20.5,87,6.2,4484,6.1
"51001","5","238","75","0","2025","A","",46,178,10162548,1753939,4571,1095,56933,"",0.80,0.41,0.42,0.33,0.06,1.02,1.02,"",2,4.5,13,7.9,1712726,20.3,25881,1.5,-606,-11.7,112,11.4,5799,11.3
"51003","5","238","75","0","2025","A","",160,1535,105977942,15977644,118594,1328,69045,"",0.78,0.70,0.65,0.87,0.82,0.92,0.92,"",-4,-2.4,-16,-1.0,4646027,4.6,296951,1.9,16233,15.9,71,5.6,3701,5.7
"51005","5","238","75","0","2025","A","",20,98,5821284,1043869,15970,1143,59451,"",0.89,0.90,1.13,0.92,1.65,1.25,1.25,"",-1,-4.8,18,22.5,1189865,25.7,179749,20.8,-3430,-17.7,30,2.7,1558,2.7
"51007","5","238","75","0","2025","A","",52,350,19818203,3648636,13291,1090,56677,"",2.59,4.19,4.70,3.25,1.59,1.12,1.12,"",-2,-3.7,-2,-0.6,1244634,6.7,-86318,-2.3,-972,-6.8,74,7.3,3849,7.3
"51009","5","238","75","0","2025","A","",57,313,20862197,3134932,12567,1281,66617,"",1.52,1.19,1.61,1.16,0.61,1.35,1.35,"",-3,-5.0,2,0.6,1606920,8.3,-55442,-1.7,-4808,-27.7,89,7.5,4620,7.5
"51011","5","238","75","0","2025","A","",30,311,18524015,3014266,9276,1146,59579,"",1.19,2.54,3.46,2.24,1.06,1.36,1.36,"",1,3.4,38,13.9,2864876,18.3,272213,9.9,-1694,-15.4,42,3.8,2167,3.8
"51013","5","238","75","0","2025","A","",82,336,35128267,3613685,20307,2011,104574,"",0.18,0.06,0.04,0.05,0.03,0.80,0.80,"",-5,-5.7,-44,-11.6,834001,2.4,-606974,-14.4,2992,17.3,275,15.8,14286,15.8
"51015","5","238","75","0","2025","A","",166,1742,122848836,18203117,70707,1357,70539,"",1.68,1.67,1.92,1.51,0.60,1.15,1.15,"",-1,-0.6,41,2.4,8784321,7.7,121875,0.7,-27552,-28.0,67,5.2,3485,5.2
"51017","5","238","75","0","2025","A","N",12,0,0,0,0,0,0,"N",1.12,0,0,0,0,0,0,"N",-2,-14.3,0,0,0,0,0,0,0,0,0,0,0,0
"51019","5","238","75","0","2025","A","",166,774,49596160,8349258,52862,1232,64043,"",1.47,1.23,1.57,1.17,0.91,1.28,1.28,"",1,0.6,8,1.0,3338781,7.2,-143801,-1.7,10820,25.7,71,6.1,3694,6.1
"51021","5","238","75","0","2025","A","N",4,0,0,0,0,0,0,"N",0.56,0,0,0,0,0,0,"N",0,0.0,0,0,0,0,0,0,0,0,0,0,0,0
"51023","5","238","75","0","2025","A","",65,380,27688769,3788321,15946,1400,72801,"",1.35,0.92,1.13,0.75,0.29,1.23,1.23,"",-3,-4.4,-10,-2.6,1795906,6.9,-143706,-3.7,3858,31.9,125,9.8,6480,9.8
"51025","5","238","75","0","2025","A","",11,53,2902035,607229,6106,1046,54413,"",0.47,0.46,0.47,0.56,0.43,1.02,1.02,"",-2,-15.4,-3,-5.4,-8293,-0.3,-26184,-4.1,593,10.8,38,3.8,1975,3.8
"51027","5","238","75","0","2025","A","",12,54,2692107,631104,3508,962,50008,"",0.46,0.28,0.22,0.33,0.19,0.80,0.79,"",0,0.0,-12,-18.2,-500239,-15.7,-152584,-19.5,1124,47.1,25,2.7,1270,2.6
"51029","5","238","75","0","2025","A","",32,106,4369722,986854,5487,795,41354,"",1.37,1.04,0.82,1.19,0.91,0.79,0.79,"",-2,-5.9,-6,-5.4,-99560,-2.2,-98858,-9.1,1549,39.3,30,3.9,1598,4.0
"51031","5","238","75","0","2025","A","",134,1619,103853055,17138257,80058,1233,64137,"",1.57,2.59,2.20,1.96,1.26,0.85,0.85,"",-2,-1.5,34,2.1,6094463,6.2,266466,1.6,498,0.6,47,4.0,2469,4.0
"51033","5","238","75","0","2025","A","",37,215,13265010,2321723,20082,1184,61578,"",1.02,0.92,1.13,0.74,0.35,1.24,1.24,"",0,0.0,37,20.8,2452697,22.7,571605,32.7,9454,89.0,14,1.2,749,1.2
"51035","5","238","75","0","2025","A","",26,108,5197932,1104154,10672,926,48129,"",0.81,0.56,0.63,0.42,0.52,1.13,1.12,"",2,8.3,-15,-12.2,-355750,-6.4,-86464,-7.3,5496,106.2,56,6.4,2885,6.4
"51036","5","238","75","0","2025","A","",27,448,32435302,4477913,19074,1393,72454,"",2.35,6.49,7.91,4.93,3.30,1.22,1.22,"",0,0.0,-13,-2.8,710250,2.2,-194629,-4.2,4122,27.6,69,5.2,3599,5.2
"51037","5","238","75","0","2025","A","N",8,0,0,0,0,0,0,"N",0.37,0,0,0,0,0,0,"N",-2,-20.0,0,0,0,0,0,0,0,0,0,0,0,0
"51041","5","238","75","0","2025","A","",638,6958,501723053,77772541,557711,1387,72107,"",1.25,1.40,1.60,1.25,0.82,1.14,1.14,"",-25,-3.8,103,1.5,44927175,9.8,2147653,2.8,49291,9.7,106,8.3,5471,8.2
"51043","5","238","75","0","2025","A","",43,231,13497380,2342906,12812,1125,58494,"",1.84,1.67,1.70,1.39,1.00,1.02,1.02,"",0,0.0,14,6.5,675028,5.3,199469,9.3,432,3.5,-11,-1.0,-595,-1.0
"51045","5","238","75","0","2025","A","N",8,0,0,0,0,0,0,"N",1.15,0,0,0,0,0,0,"N",0,0.0,0,0,0,0,0,0,0,0,0,0,0,0
"51047","5","238","75","0","2025","A","",90,497,33583580,5164627,18719,1300,67607,"",1.18,0.91,1.06,0.88,0.31,1.17,1.17,"",-1,-1.1,17,3.5,2724135,8.8,132577,2.6,1913,11.4,65,5.3,3372,5.2
"51049","5","238","75","0","2025","A","N",22,0,0,0,0,0,0,"N",1.82,0,0,0,0,0,0,"N",-1,-4.3,0,0,0,0,0,0,0,0,0,0,0,0
"51051","5","238","75","0","2025","A","",8,45,2485715,510447,1550,1064,55341,"",0.51,0.40,0.41,0.26,0.15,1.01,1.01,"",0,0.0,-7,-13.5,-666020,-21.1,-21873,-4.1,-571,-26.9,-98,-8.4,-5076,-8.4
"51053","5","238","75","0","2025","A","",44,298,16413797,3255921,15132,1061,55157,"",1.65,0.96,0.82,0.86,0.43,0.85,0.85,"",-7,-13.7,-39,-11.6,-1782242,-9.8,-489202,-13.1,-13226,-46.6,22,2.1,1123,2.1
"51057","5","238","75","0","2025","A","",19,55,2466398,569126,1569,861,44776,"",0.99,0.46,0.42,0.34,0.10,0.92,0.92,"",-2,-9.5,-5,-8.3,-95363,-3.7,-47418,-7.7,-251,-13.8,38,4.6,1961,4.6
"51059","3","238","75","0","2025","A","",2,10,873809,0,0,1600,83220,"",8.45,2.42,2.24,0.00,0.00,0.88,0.88,"",0,0.0,1,11.1,53640,6.5,0,0.0,0,0.0,-121,-7.0,-6253,-7.0
"51059","5","238","75","0","2025","A","",1243,12936,1075521824,139734869,774955,1599,83139,"",0.66,0.61,0.44,0.51,0.31,0.72,0.72,"",-45,-3.5,398,3.2,72629067,7.2,6129420,4.6,165613,27.2,61,4.0,3149,3.9
"51061","5","238","75","0","2025","A","",206,1841,136234314,20229225,131567,1423,74010,"",1.65,2.30,2.50,2.13,1.82,1.09,1.09,"",-4,-1.9,-41,-2.2,3147396,2.4,77910,0.4,52696,66.8,63,4.6,3288,4.6
"51063","5","238","75","0","2025","A","",45,188,11321118,2065635,3516,1160,60326,"",1.80,1.47,2.03,1.21,0.31,1.39,1.39,"",1,2.3,51,37.2,4704843,71.1,522071,33.8,-4171,-54.3,229,24.6,11914,24.6
"51065","5","238","75","0","2025","A","",56,423,30697443,5279048,34964,1394,72514,"",1.72,2.68,3.35,2.80,2.20,1.25,1.25,"",4,7.7,-193,-31.3,-17320935,-36.1,-2390820,-31.2,-21357,-37.9,-106,-7.1,-5470,-7.0
"51067","5","238","75","0","2025","A","",140,1036,63961526,10643520,60221,1188,61764,"",1.76,1.96,2.47,1.63,1.07,1.26,1.26,"",-1,-0.7,23,2.3,4962280,8.4,327689,3.2,26792,80.1,68,6.1,3517,6.0
"51069","5","238","75","0","2025","A","",177,1523,99626142,15945841,81799,1258,65422,"",1.62,1.19,1.24,1.03,0.53,1.04,1.04,"",1,0.6,-82,-5.1,-27729181,-21.8,-789653,-4.7,-23555,-22.4,-268,-17.6,-13907,-17.5
"51071","3","238","75","0","2025","A","",1,27,1213092,0,0,878,45634,"",367.84,792.17,794.01,0.00,0.00,1.02,1.02,"",0,0.0,1,3.8,33620,2.9,0,0.0,0,0.0,6,0.7,270,0.6
"51071","5","238","75","0","2025","A","N",20,0,0,0,0,0,0,"N",0.92,0,0,0,0,0,0,"N",0,0.0,0,0,0,0,0,0,0,0,0,0,0,0
"51073","3","238","75","0","2025","A","",1,0,1409,0,0,0,0,"",149.08,0.00,0.53,0.00,0.00,0.00,0.00,"",0,0.0,0,0.0,918,187.0,0,0.0,0,0.0,0,0.0,0,0.0
"51073","5","238","75","0","2025","A","",90,381,22168545,4382475,24319,1119,58198,"",1.68,1.13,1.34,1.28,1.04,1.19,1.19,"",-2,-2.2,5,1.3,-175390,-0.8,179431,4.3,3527,17.0,-22,-1.9,-1148,-1.9
"51075","5","238","75","0","2025","A","",76,666,71132422,6972396,26026,2054,106792,"",1.53,1.05,0.87,0.78,0.29,0.83,0.83,"",0,0.0,18,2.8,17226311,32.0,710573,11.3,12525,92.8,455,28.5,23636,28.4
"51077","5","238","75","0","2025","A","",16,30,1275746,317934,2061,818,42525,"",0.92,0.28,0.29,0.24,0.13,1.05,1.05,"",0,0.0,3,11.1,98841,8.4,-6081,-1.9,-2958,-58.9,-13,-1.6,-664,-1.5
"51079","5","238","75","0","2025","A","",49,224,11879014,2292925,8074,1019,52972,"",1.86,1.67,1.98,1.59,0.67,1.18,1.18,"",1,2.1,-2,-0.9,543806,4.8,-64118,-2.7,-165,-2.0,57,5.9,2927,5.8
"51081","5","238","75","0","2025","A","",12,55,3451257,763002,10041,1199,62372,"",1.06,0.49,0.46,0.67,0.67,0.94,0.94,"",-2,-14.3,4,7.8,631025,22.4,33010,4.5,5383,115.6,130,12.2,6801,12.2
"51083","5","238","75","0","2025","A","",46,452,32580734,4922352,36083,1385,72002,"",0.95,1.14,1.54,1.01,0.85,1.35,1.35,"",1,2.2,-26,-5.4,1694540,5.5,-441088,-8.2,3300,10.1,143,11.5,7443,11.5
"51085","5","238","75","0","2025","A","",399,4795,364937736,52517327,277909,1464,76115,"",1.92,2.49,3.14,2.07,1.06,1.26,1.26,"",-15,-3.6,151,3.3,25121303,7.4,1348458,2.6,-12098,-4.2,57,4.1,2942,4.0
"51087","5","238","75","0","2025","A","",462,9415,792263124,108176248,1589402,1618,84149,"",0.74,1.46,1.67,1.27,1.61,1.15,1.15,"",-14,-2.9,1822,24.0,194805393,32.6,23298577,27.4,555587,53.7,105,6.9,5460,6.9
"51089","5","238","75","0","2025","A","",48,262,12530275,2626627,7669,921,47917,"",0.57,0.51,0.52,0.40,0.13,1.02,1.02,"",-1,-2.0,11,4.4,899570,7.7,121088,4.8,-3108,-28.8,29,3.3,1518,3.3
"51091","5","238","75","0","2025","A","",11,19,647282,292170,2013,670,34831,"",1.83,0.93,0.63,1.50,0.87,0.70,0.70,"",-1,-8.3,0,0.0,-9691,-1.5,61938,26.9,705,53.9,-1,-0.1,-53,-0.2
"51093","5","238","75","0","2025","A","",56,380,23916190,4030064,31108,1211,62979,"",1.24,1.15,1.13,0.93,0.79,0.98,0.98,"",-3,-5.1,-15,-3.8,552205,2.4,-157458,-3.8,3913,14.4,74,6.5,3830,6.5
"51095","5","238","75","0","2025","A","",107,840,54827271,9088145,36259,1255,65238,"",0.96,0.82,0.99,0.75,0.41,1.20,1.20,"",-1,-0.9,26,3.2,3546150,6.9,444724,5.1,6300,21.0,43,3.5,2239,3.6
"51097","5","238","75","0","2025","A","N",9,0,0,0,0,0,0,"N",0.89,0,0,0,0,0,0,"N",-2,-18.2,0,0,0,0,0,0,0,0,0,0,0,0
"51099","5","238","75","0","2025","A","",52,270,15540457,2646622,4401,1105,57451,"",1.56,0.59,0.35,0.86,0.20,0.59,0.59,"",0,0.0,10,3.8,-22213,-0.1,-952880,-26.5,-4116,-48.3,-45,-3.9,-2348,-3.9
"51101","5","238","75","0","2025","A","",42,127,6780253,1284000,9417,1024,53248,"",1.74,0.88,0.76,0.77,0.58,0.86,0.86,"",0,0.0,1,0.8,-213767,-3.1,8260,0.6,3238,52.4,-47,-4.4,-2444,-4.4
"51103","5","238","75","0","2025","A","",32,205,12155596,2099220,9743,1138,59175,"",1.18,1.30,1.43,1.11,0.50,1.10,1.10,"",0,0.0,5,2.5,264154,2.2,94513,4.7,-2706,-21.7,-8,-0.7,-431,-0.7
"51105","5","238","75","0","2025","A","",12,112,5956087,1485920,11001,1023,53179,"",0.47,0.80,0.90,0.93,1.05,1.12,1.12,"",0,0.0,13,13.1,1783537,42.7,347214,30.5,-7300,-39.9,210,25.8,10890,25.8
"51107","5","238","75","0","2025","A","",527,19752,2046185493,226042834,2077532,1992,103592,"",0.72,2.88,3.42,2.66,2.64,1.19,1.19,"",4,0.8,3549,21.9,478591207,30.5,44438285,24.5,536563,34.8,132,7.1,6847,7.1
"51109","5","238","75","0","2025","A","",79,596,49545169,7898365,85503,1598,83083,"",1.51,1.73,2.24,1.73,1.77,1.30,1.30,"",0,0.0,41,7.4,14738679,42.3,1590325,25.2,33947,65.8,392,32.5,20378,32.5
"51111","5","238","75","0","2025","A","",14,59,3047540,687355,1166,992,51580,"",0.81,0.75,0.80,0.69,0.11,1.07,1.07,"",-2,-12.5,-4,-6.3,-79393,-2.5,25569,3.9,311,36.4,43,4.5,2207,4.5
"51113","5","238","75","0","2025","A","",34,237,15088137,2498831,10858,1223,63574,"",1.56,2.29,2.74,2.19,1.49,1.20,1.20,"",-4,-10.5,9,3.9,1745160,13.1,199544,8.7,92,0.9,98,8.7,5074,8.7
"51115","5","238","75","0","2025","A","",18,66,4087202,610388,1993,1189,61849,"",1.44,1.24,1.78,0.76,0.47,1.43,1.43,"",0,0.0,-2,-2.9,557415,15.8,-27633,-4.3,-324,-14.0,190,19.0,9877,19.0
"51117","5","238","75","0","2025","A","",44,248,11638931,2624911,16430,904,47026,"",0.86,0.62,0.54,0.59,0.42,0.86,0.87,"",-6,-12.0,5,2.1,-390484,-3.2,-1559,-0.1,-1337,-7.5,-48,-5.0,-2478,-5.0
"51119","5","238","75","0","2025","A","",23,136,8058789,1486882,3546,1144,59474,"",1.18,1.26,1.54,1.19,0.44,1.23,1.23,"",-2,-8.0,24,21.4,2117813,35.6,227053,18.0,977,38.0,121,11.8,6271,11.8
"51121","5","238","75","0","2025","A","",106,744,44388601,7839121,35923,1147,59629,"",0.84,0.51,0.49,0.53,0.37,0.96,0.96,"",-2,-1.9,46,6.6,5321474,13.6,745204,10.5,-1588,-4.2,70,6.5,3646,6.5
"51125","5","238","75","0","2025","A","",42,147,6454370,1432719,2778,846,43982,"",1.62,1.10,0.95,0.94,0.28,0.86,0.86,"",-3,-6.7,4,2.8,500768,8.4,28882,2.1,-8933,-76.3,46,5.8,2373,5.7
"51127","5","238","75","0","2025","A","",56,276,25647899,2826495,16034,1785,92843,"",1.94,1.31,2.27,1.08,0.63,1.73,1.74,"",5,9.8,12,4.5,1305845,5.4,5561,0.2,3307,26.0,15,0.8,813,0.9
"51131","5","238","75","0","2025","A","",18,80,4029223,907291,1058,971,50470,"",0.62,0.53,0.59,0.45,0.04,1.11,1.11,"N",0,0.0,0,0,0,0,0,0,0,0,0,0,0,0
"51133","5","238","75","0","2025","A","",29,97,9847477,968891,3527,1946,101173,"",1.55,1.25,2.47,0.88,0.19,1.96,1.96,"",-1,-3.3,-2,-2.0,3846289,64.1,-85403,-8.1,-419,-10.6,784,67.5,40758,67.5
"51135","5","238","75","0","2025","A","",24,83,5614636,822486,4763,1307,67988,"",1.01,0.46,0.57,0.59,0.44,1.24,1.24,"",0,0.0,3,3.8,527393,10.4,8952,1.1,2710,132.0,87,7.1,4530,7.1
"51137","5","238","75","0","2025","A","",72,405,23258177,4552952,15024,1105,57475,"",1.43,1.29,1.43,1.36,0.66,1.11,1.11,"",0,0.0,19,4.9,1822914,8.5,523067,13.0,-2229,-12.9,37,3.5,1931,3.5
"51139","5","238","75","0","2025","A","",48,144,6579382,1757122,8778,880,45770,"",1.59,0.78,0.79,0.92,0.32,1.01,1.01,"",4,9.1,-47,-24.6,-2426730,-26.9,-229564,-11.6,1138,14.9,-27,-3.0,-1382,-2.9
"51141","5","238","75","0","2025","A","",21,55,2273850,656292,1412,797,41468,"",0.90,0.41,0.40,0.45,0.12,1.00,1.00,"",2,10.5,3,5.8,208547,10.1,-161950,-19.8,-596,-29.7,40,5.3,2129,5.4
"51143","5","238","75","0","2025","A","",84,591,31951703,6406142,41752,1040,54079,"",1.21,1.36,1.43,1.21,0.59,1.05,1.05,"",0,0.0,13,2.2,1790825,5.9,-130005,-2.0,-2800,-6.3,36,3.6,1867,3.6
"51145","5","238","75","0","2025","A","",138,1455,94756434,14878225,77991,1253,65132,"",3.14,5.01,5.79,4.44,2.28,1.16,1.16,"",-1,-0.7,81,5.9,7849378,9.0,603122,4.2,-3241,-4.0,37,3.0,1900,3.0
"51147","5","238","75","0","2025","A","",22,173,9457870,1790838,5427,1054,54802,"",0.63,0.59,0.64,0.61,0.19,1.07,1.07,"",-3,-12.0,3,1.8,306285,3.3,103913,6.2,-138,-2.5,18,1.7,943,1.8
"51149","5","238","75","0","2025","A","",39,280,17502853,3378435,14312,1202,62510,"",1.14,0.54,0.52,0.67,0.17,0.98,0.98,"",-1,-2.5,-80,-22.2,-3891658,-18.2,-719907,-17.6,-21182,-59.7,60,5.3,3136,5.3
"51153","5","238","75","0","2025","A","",886,11490,903238832,127222328,810822,1512,78609,"",1.69,2.35,2.80,2.29,1.62,1.19,1.19,"",-22,-2.4,600,5.5,72814551,8.8,8213038,6.9,181617,28.9,46,3.1,2353,3.1
"51155","5","238","75","0","2025","A","",26,165,8652751,1677799,8039,1006,52309,"",0.61,0.36,0.34,0.29,0.21,0.95,0.95,"",-2,-7.1,-5,-2.9,403578,4.9,-168655,-9.1,-782,-8.9,75,8.1,3879,8.0
"51157","5","238","75","0","2025","A","",20,75,4274753,722600,3018,1102,57315,"",1.47,1.43,1.60,1.21,0.85,1.13,1.13,"",-2,-9.1,1,1.4,153191,3.7,-102048,-12.4,1379,84.1,31,2.9,1618,2.9
"51159","5","238","75","0","2025","A","",14,73,4467608,716963,3995,1174,61061,"",0.96,0.73,0.89,0.71,0.56,1.21,1.21,"",0,0.0,-5,-6.4,-264676,-5.6,-89156,-11.1,-3233,-44.7,12,1.0,649,1.1
"51161","5","238","75","0","2025","A","",144,962,65101230,9992338,57710,1301,67655,"",1.09,0.77,0.92,0.68,0.45,1.20,1.20,"",-7,-4.6,-114,-10.6,-5999439,-8.4,-1047419,-9.5,11398,24.6,30,2.4,1587,2.4
"51163","5","238","75","0","2025","A","",42,258,13877659,2788558,14115,1035,53824,"",1.48,1.24,1.44,1.15,0.75,1.17,1.17,"",-2,-4.5,28,12.2,2623973,23.3,186103,7.2,-6052,-30.0,96,10.2,4983,10.2
"51165","5","238","75","0","2025","A","",198,2336,157202353,24203350,67350,1294,67303,"",1.95,2.00,2.26,1.76,0.79,1.13,1.13,"",-4,-2.0,7,0.3,10464603,7.1,120563,0.5,-3841,-5.4,82,6.8,4298,6.8
"51167","5","238","75","0","2025","A","",23,110,6028787,1400133,11270,1050,54600,"",0.83,0.54,0.58,0.63,0.58,1.08,1.08,"",3,15.0,10,10.0,910154,17.8,95885,7.4,-10679,-48.7,66,6.7,3456,6.8
"51169","5","238","75","0","2025","A","N",16,0,0,0,0,0,0,"N",0.82,0,0,0,0,0,0,"N",-1,-5.9,0,0,0,0,0,0,0,0,0,0,0,0
"51171","5","238","75","0","2025","A","",80,463,30161381,4938924,35954,1254,65190,"",1.41,1.06,1.35,0.92,0.89,1.27,1.27,"",-2,-2.4,18,4.0,2341663,8.4,812,0.0,8714,32.0,51,4.2,2615,4.2
"51173","5","238","75","0","2025","A","",22,104,5292866,1187167,18056,976,50771,"",0.57,0.28,0.28,0.25,0.38,1.00,1.00,"",-2,-8.3,-1,-1.0,941952,21.6,-193102,-14.0,13771,321.4,177,22.2,9202,22.1
"51175","5","238","75","0","2025","A","",12,73,4887259,870528,7595,1289,67025,"",0.72,0.63,0.81,0.67,0.57,1.30,1.30,"",-1,-7.7,-9,-11.0,-223408,-4.4,-21718,-2.4,3603,90.3,87,7.2,4509,7.2
"51177","5","238","75","0","2025","A","",206,1282,85560875,13572079,74690,1284,66749,"",1.16,1.01,1.24,0.87,0.56,1.23,1.23,"",-5,-2.4,-100,-7.2,-2494497,-2.8,-1064745,-7.3,9188,14.0,59,4.8,3045,4.8
"51179","5","238","75","0","2025","A","",214,2775,144463352,25773957,337745,1001,52057,"",1.29,1.62,1.28,1.38,1.22,0.79,0.79,"",2,0.9,799,40.4,35734472,32.9,206033,0.8,252416,295.8,-57,-5.4,-2963,-5.4
"51181","5","238","75","0","2025","A","",6,56,3525355,560319,1124,1207,62766,"",0.88,0.76,0.44,0.36,0.03,0.58,0.58,"",0,0.0,-7,-11.1,416555,13.4,34977,6.7,29,2.6,264,28.0,13744,28.0
"51183","5","238","75","0","2025","A","",7,26,1392315,306909,3466,1027,53379,"",0.52,0.25,0.24,0.25,0.29,0.99,0.99,"",-4,-36.4,-4,-13.3,-69024,-4.7,17602,6.1,-1200,-25.7,77,8.1,3982,8.1
"51185","5","238","75","0","2025","A","",25,152,8148424,1688285,22188,1031,53608,"",0.51,0.34,0.39,0.33,0.52,1.15,1.15,"",-1,-3.8,-22,-12.6,-386905,-4.5,-441403,-20.7,-12019,-35.1,85,9.0,4413,9.0
"51187","5","238","75","0","2025","A","",80,568,37548423,5924614,29357,1271,66068,"",1.39,1.31,1.57,1.18,0.76,1.20,1.20,"",-8,-9.1,-16,-2.7,9576,0.0,-331939,-5.3,-10569,-26.5,35,2.8,1798,2.8
"51191","5","238","75","0","2025","A","",74,430,24104013,4587363,64005,1079,56088,"",0.94,0.61,0.68,0.52,0.85,1.11,1.11,"",6,8.8,85,24.6,5703520,31.0,891135,24.1,33043,106.7,53,5.2,2715,5.1
"51193","5","238","75","0","2025","A","",26,92,4390636,1044145,3064,915,47595,"",1.06,0.86,0.89,0.78,0.29,1.04,1.04,"",0,0.0,-8,-8.0,-540519,-11.0,-130742,-11.1,789,34.7,-31,-3.3,-1594,-3.2
"51195","5","238","75","0","2025","A","",21,151,8064332,1599316,5668,1028,53465,"",0.55,0.41,0.45,0.41,0.18,1.10,1.10,"",-2,-8.7,3,2.0,338094,4.4,114224,7.7,-2732,-32.5,27,2.7,1436,2.8
"51197","5","238","75","0","2025","A","",29,175,10149366,1952933,17507,1117,58079,"",0.65,0.45,0.54,0.40,0.41,1.20,1.20,"",-3,-9.4,-3,-1.7,-206700,-2.0,22311,1.2,-3568,-16.9,1,0.1,35,0.1
"51199","5","238","75","0","2025","A","",125,1065,69675020,11346226,62998,1258,65402,"",1.47,1.41,1.64,1.39,1.00,1.16,1.16,"",-2,-1.6,9,0.9,3558000,5.4,75975,0.7,-3986,-6.0,54,4.5,2796,4.5
"51510","5","238","75","0","2025","A","",108,1070,91505046,12485269,67551,1645,85539,"",0.35,0.40,0.36,0.42,0.25,0.91,0.91,"",-12,-10.0,-14,-1.3,-1991939,-2.1,604093,5.1,9792,17.0,-14,-0.8,-733,-0.8
"51520","5","238","75","0","2025","A","",8,148,8192820,1641155,4705,1066,55419,"",0.27,0.41,0.48,0.32,0.10,1.19,1.19,"",0,0.0,11,8.0,1405764,20.7,185507,12.7,680,16.9,112,11.7,5788,11.7
"51530","5","238","75","0","2025","A","",4,9,425963,72001,319,910,47329,"",0.50,0.12,0.10,0.07,0.05,0.83,0.83,"",0,0.0,0,0.0,33995,8.7,-224,-0.3,228,250.5,57,6.7,2955,6.7
"51540","5","238","75","0","2025","A","",52,591,39153189,5814235,15311,1275,66277,"",0.41,0.48,0.42,0.46,0.13,0.89,0.89,"",-7,-11.9,-4,-0.7,1682765,4.5,-159229,-2.7,-2065,-11.9,65,5.4,3337,5.3
"51550","5","238","75","0","2025","A","",478,6059,427301242,68305155,486937,1356,70522,"",1.38,1.69,1.97,1.52,0.91,1.17,1.17,"",6,1.3,420,7.4,46684997,12.3,4745610,7.5,-276071,-36.2,58,4.5,3023,4.5
"51570","5","238","75","0","2025","A","",22,161,10129538,1581039,7007,1208,62819,"",0.61,0.50,0.69,0.37,0.23,1.40,1.40,"",-1,-4.3,10,6.6,851838,9.2,11092,0.7,2546,57.1,28,2.4,1445,2.4
"51580","3","238","75","0","2025","A","",1,1,51744,0,0,995,51744,"",556.76,41.83,43.41,0.00,0.00,1.04,1.04,"",0,0.0,0,0.0,6488,14.3,0,0.0,0,0.0,125,14.4,6488,14.3
"51580","5","238","75","0","2025","A","N",14,0,0,0,0,0,0,"N",0.97,0,0,0,0,0,0,"N",0,0.0,0,0,0,0,0,0,0,0,0,0,0,0
"51590","5","238","75","0","2025","A","",40,300,15486130,3087503,9248,991,51535,"",0.45,0.36,0.36,0.30,0.10,1.00,1.00,"",-1,-2.4,-5,-1.6,212967,1.4,-225495,-6.8,-11903,-56.3,27,2.8,1391,2.8
"51595","5","238","75","0","2025","A","N",1,0,0,0,0,0,0,"N",0.08,0,0,0,0,0,0,"N",0,0.0,0,0,0,0,0,0,0,0,0,0,0,0
"51600","5","238","75","0","2025","A","",38,285,20844187,3083070,17033,1405,73073,"",0.43,0.34,0.35,0.28,0.20,1.04,1.04,"",2,5.6,9,3.3,1756088,9.2,60947,2.0,-305,-1.8,76,5.7,3955,5.7
"51610","5","238","75","0","2025","A","N",22,0,0,0,0,0,0,"N",0.42,0,0,0,0,0,0,"N",2,10.0,0,0,0,0,0,0,0,0,0,0,0,0
"51620","5","238","75","0","2025","A","N",4,0,0,0,0,0,0,"N",0.26,0,0,0,0,0,0,"N",0,0.0,0,0,0,0,0,0,0,0,0,0,0,0
"51630","5","238","75","0","2025","A","",32,351,26672405,3904380,21663,1462,76044,"",0.38,0.42,0.48,0.46,0.33,1.15,1.15,"",-2,-5.9,37,11.8,3654971,15.9,198863,5.4,1398,6.9,51,3.6,2682,3.7
"51640","5","238","75","0","2025","A","N",6,0,0,0,0,0,0,"N",0.31,0,0,0,0,0,0,"N",0,0.0,0,0,0,0,0,0,0,0,0,0,0,0
"51650","5","238","75","0","2025","A","",128,1520,110208195,15795528,118772,1394,72501,"",0.83,0.89,0.99,0.98,0.65,1.10,1.11,"",-8,-5.9,-17,-1.1,-391420,-0.4,-246771,-1.5,27221,29.7,10,0.7,543,0.8
"51660","5","238","75","0","2025","A","",62,880,60565014,9234043,33184,1324,68830,"",0.72,0.84,1.09,0.88,0.39,1.29,1.29,"",-4,-6.1,76,9.5,7339719,13.8,535667,6.2,-3882,-10.5,51,4.0,2636,4.0
"51670","5","238","75","0","2025","A","",17,246,14428759,2568385,32794,1126,58554,"",0.65,1.00,0.85,0.86,1.34,0.85,0.85,"",-1,-5.6,10,4.2,254835,1.8,-41443,-1.6,-9198,-21.9,-27,-2.3,-1420,-2.4
"51678","5","238","75","0","2025","A","",3,4,417714,32000,712,2008,104428,"",0.19,0.02,0.04,0.03,0.07,2.02,2.02,"N",0,0.0,0,0,0,0,0,0,0,0,0,0,0,0
"51680","5","238","75","0","2025","A","",68,1134,92735192,12065429,78561,1572,81759,"",0.51,0.71,0.94,0.73,0.46,1.32,1.32,"",3,4.6,40,3.7,1679403,1.8,582553,5.1,12840,19.5,-29,-1.8,-1505,-1.8
"51683","5","238","75","0","2025","A","",160,1620,147986789,18055411,166276,1756,91326,"",2.06,2.00,2.05,1.81,2.04,1.03,1.03,"",-7,-4.2,36,2.3,26151422,21.5,1558315,9.4,81204,95.5,277,18.7,14398,18.7
"51685","5","238","75","0","2025","A","N",66,0,0,0,0,0,0,"N",4.04,0,0,0,0,0,0,"N",-3,-4.3,0,0,0,0,0,0,0,0,0,0,0,0
"51690","5","238","75","0","2025","A","",8,37,1860056,388399,2532,969,50385,"",0.17,0.12,0.14,0.10,0.07,1.14,1.14,"",1,14.3,7,23.3,260107,16.3,39646,11.4,1694,202.1,-65,-6.3,-3395,-6.3
"51700","5","238","75","0","2025","A","",168,3274,292794835,35608569,374483,1720,89428,"",0.76,0.96,1.21,0.95,1.35,1.26,1.26,"",-9,-5.1,283,9.5,50227163,20.7,3139235,9.7,4961,1.3,160,10.3,8320,10.3
"51710","5","238","75","0","2025","A","",232,3079,233095851,34763594,294303,1456,75703,"",0.73,0.64,0.64,0.74,0.50,1.01,1.01,"",-5,-2.1,-174,-5.3,3851888,1.7,-2270272,-6.1,40545,16.0,101,7.5,5235,7.4
"51720","5","238","75","0","2025","A","",4,47,2093962,523979,1681,860,44711,"",0.35,0.44,0.41,0.40,0.12,0.92,0.92,"",0,0.0,2,4.4,278401,15.3,41701,8.6,1198,248.0,81,10.4,4215,10.4
"51730","5","238","75","0","2025","A","",26,394,28873019,4532109,62999,1409,73282,"",0.52,1.01,1.33,1.04,1.50,1.32,1.33,"",0,0.0,-8,-2.0,-360720,-1.2,-365934,-7.5,1985,3.3,9,0.6,486,0.7
"51735","5","238","75","0","2025","A","",18,96,5968925,1039166,3901,1196,62176,"",1.47,1.55,2.02,1.65,0.75,1.31,1.31,"",-2,-10.0,-14,-12.7,-405417,-6.4,-166167,-13.8,-2091,-34.9,87,7.8,4490,7.8
"51740","5","238","75","0","2025","A","",98,1181,80373415,12454696,80053,1308,68041,"",1.05,0.82,0.80,1.03,0.65,0.97,0.97,"",2,2.1,11,0.9,-2818992,-3.4,604906,5.1,8465,11.8,-60,-4.4,-3084,-4.3
"51750","5","238","75","0","2025","A","",8,70,4638808,739889,2215,1280,66586,"",0.44,0.34,0.41,0.46,0.17,1.22,1.22,"",-2,-20.0,-9,-11.4,-309585,-6.3,-66127,-8.2,-388,-14.9,73,6.0,3816,6.1
"51760","5","238","75","0","2025","A","",257,3380,263134730,36242957,225121,1497,77847,"",0.56,0.60,0.54,0.63,0.39,0.89,0.89,"",11,4.5,114,3.5,17172588,7.0,1309199,3.7,32854,17.1,49,3.4,2541,3.4
"51770","5","238","75","0","2025","A","",150,2020,135243160,20851914,86715,1287,66947,"",0.85,0.91,0.94,0.90,0.39,1.03,1.04,"",12,8.7,228,12.7,19428532,16.8,2579032,14.1,-17496,-16.8,44,3.5,2309,3.6
"51775","5","238","75","0","2025","A","",55,541,34667312,5130936,36953,1233,64120,"",1.00,0.79,0.76,0.64,0.69,0.96,0.96,"",3,5.8,12,2.3,1186349,3.5,-92650,-1.8,1400,3.9,16,1.3,859,1.4
"51790","5","238","75","0","2025","A","",22,128,7362555,1420452,6167,1108,57595,"",0.50,0.32,0.38,0.31,0.22,1.16,1.16,"",4,22.2,12,10.3,984123,15.4,160688,12.8,-3169,-33.9,53,5.0,2727,5.0
"51800","5","238","75","0","2025","A","",90,703,54306665,8161430,55450,1486,77277,"",0.81,0.47,0.60,0.47,0.18,1.26,1.26,"",0,0.0,8,1.2,1592487,3.0,-30426,-0.4,12362,28.7,28,1.9,1457,1.9
"51810","5","238","75","0","2025","A","",698,5800,409834852,71768775,371670,1359,70656,"",1.01,0.96,1.13,1.00,0.52,1.18,1.18,"",-14,-2.0,-376,-6.1,-2711625,-0.7,-5942476,-7.6,64054,20.8,74,5.8,3859,5.8
"51820","5","238","75","0","2025","A","",21,240,14261006,2331227,16295,1145,59545,"",0.56,0.69,0.84,0.55,0.38,1.22,1.22,"",-1,-4.5,-11,-4.4,-840611,-5.6,-205901,-8.1,-6841,-29.6,-14,-1.2,-721,-1.2
"51830","5","238","75","0","2025","A","",10,54,3230298,542542,2272,1161,60379,"",0.35,0.13,0.14,0.16,0.06,1.10,1.10,"",0,0.0,2,3.8,263228,8.9,8225,1.5,198,9.5,53,4.8,2766,4.8
"51840","5","238","75","0","2025","A","",40,243,16887990,2584303,11661,1336,69498,"",0.55,0.29,0.31,0.32,0.20,1.07,1.07,"",0,0.0,-5,-2.0,-1014634,-5.7,-15169,-0.6,1277,12.3,-52,-3.7,-2690,-3.7
"51999","5","238","75","0","2025","A","",1160,5813,492564322,77906352,945738,1629,84730,"",0.47,0.75,0.52,0.61,0.47,0.70,0.70,"",-66,-5.4,786,15.6,100124524,25.5,16067570,26.0,258445,37.6,128,8.5,6657,8.5
"53000","3","238","55","0","2025","A","N",4,0,0,0,0,0,0,"N",2.70,0,0,0,0,0,0,"N",0,0.0,0,0,0,0,0,0,0,0,0,0,0,0
"53000","5","238","55","0","2025","A","",16860,133092,11322067970,8506312466,214869033,1636,85070,"",1.42,1.10,0.94,1.12,1.47,0.85,0.85,"",-18,-0.1,-3268,-2.4,268808422,2.4,238515606,2.9,14550988,7.3,77,4.9,4011,4.9
"53001","5","238","75","0","2025","A","",24,74,4768609,4068018,40957,1238,64368,"",0.70,0.23,0.26,0.25,0.13,1.17,1.17,"",2,9.1,5,7.2,659289,16.0,475478,13.2,-551,-1.3,87,7.6,4524,7.6
"53003","5","238","75","0","2025","A","",44,308,24809793,19005855,480922,1547,80442,"",1.67,1.38,1.93,1.92,2.90,1.40,1.40,"",-2,-4.3,-52,-14.4,-3337831,-11.9,-2314997,-10.9,-125493,-20.7,44,2.9,2272,2.9
"53005","5","238","75","0","2025","A","",503,4809,377534410,295538939,7944489,1510,78506,"",1.87,1.44,1.52,1.58,1.91,1.06,1.06,"",2,0.4,-145,-2.9,-4311905,-1.1,934576,0.3,-1720382,-17.8,28,1.9,1426,1.9
"53007","5","238","75","0","2025","A","",288,1502,126899142,93678107,2620926,1624,84463,"",1.81,1.01,1.43,1.35,1.80,1.42,1.42,"",7,2.5,-184,-10.9,-46780476,-26.9,-4634024,-4.7,310145,13.4,-357,-18.0,-18545,-18.0
"53009","5","238","75","0","2025","A","",215,802,51609635,41655427,730986,1237,64311,"",1.91,0.98,1.09,1.24,1.19,1.11,1.11,"",-3,-1.4,6,0.8,1756897,3.5,1300152,3.2,123359,20.3,33,2.7,1695,2.7
"53011","5","238","75","0","2025","A","",1362,10966,838041070,662559034,10817253,1470,76418,"",1.76,1.79,1.81,1.79,1.60,1.01,1.01,"",2,0.1,-207,-1.9,24203351,3.0,21541392,3.4,-9672,-0.1,69,4.9,3577,4.9
"53013","5","238","75","0","2025","A","N",7,0,0,0,0,0,0,"N",0.80,0,0,0,0,0,0,"N",1,16.7,0,0,0,0,0,0,0,0,0,0,0,0
"53015","5","238","75","0","2025","A","",267,2630,257171686,176850165,6597128,1881,97790,"",1.99,1.91,2.67,2.14,3.62,1.39,1.39,"",1,0.4,142,5.7,33932876,15.2,19541262,12.4,935386,16.5,155,9.0,8052,9.0
"53017","5","238","75","0","2025","A","",144,437,24188606,21509863,433473,1063,55299,"",2.60,1.05,1.07,1.03,1.00,1.02,1.02,"",-4,-2.7,-16,-3.5,1465685,6.5,989932,4.8,51329,13.4,99,10.3,5175,10.3
"53019","5","238","75","0","2025","A","N",15,0,0,0,0,0,0,"N",1.10,0,0,0,0,0,0,"N",5,50.0,0,0,0,0,0,0,0,0,0,0,0,0
"53021","5","238","75","0","2025","A","",299,2259,171120065,137006399,3441619,1457,75748,"",2.52,1.78,2.27,2.01,2.24,1.28,1.28,"",1,0.3,80,3.7,22700390,15.3,16693288,13.9,329168,10.6,147,11.2,7637,11.2
"53023","5","238","75","0","2025","A","N",1,0,0,0,0,0,0,"N",0.29,0,0,0,0,0,0,"N",0,0.0,0,0,0,0,0,0,0,0,0,0,0,0
"53025","5","238","75","0","2025","A","",186,913,64914377,51958389,1738972,1368,71120,"",1.39,0.65,0.69,0.67,1.02,1.07,1.07,"",9,5.1,-84,-8.4,-5996597,-8.5,-4953085,-8.7,62454,3.7,0,0.0,-4,0.0
"53027","5","238","75","0","2025","A","",112,680,49418317,37459034,678272,1398,72692,"",1.23,0.85,1.03,1.00,0.94,1.21,1.21,"",2,1.8,42,6.6,889584,1.8,2334331,6.6,-4895,-0.7,-66,-4.5,-3412,-4.5
"53029","5","238","75","0","2025","A","",198,742,49769698,41205068,565471,1291,67113,"",1.86,1.22,1.26,1.39,1.23,1.03,1.03,"",-2,-1.0,-16,-2.1,1408425,2.9,1055670,2.6,2112,0.4,63,5.1,3277,5.1
"53031","5","238","75","0","2025","A","",84,325,20024418,17360748,208087,1186,61693,"",1.59,1.06,1.04,1.21,0.85,0.99,0.99,"",-6,-6.7,-17,-5.0,141270,0.7,36559,0.2,-27871,-11.8,69,6.2,3626,6.2
"53033","5","238","75","0","2025","A","",3686,43001,4289919971,2958632947,86751775,1919,99762,"",0.91,0.90,0.65,0.81,1.27,0.73,0.73,"",-62,-1.7,-1396,-3.1,94609094,2.3,52041877,1.8,8836954,11.3,102,5.6,5267,5.6
"53035","3","238","75","0","2025","A","N",2,0,0,0,0,0,0,"N",47.49,0,0,0,0,0,0,"N",0,0.0,0,0,0,0,0,0,0,0,0,0,0,0
"53035","5","238","75","0","2025","A","",509,2811,201302176,162614606,3105362,1377,71614,"",1.51,0.89,0.86,1.30,1.41,0.97,0.97,"",15,3.0,66,2.4,17796832,9.7,14314061,9.7,515754,19.9,92,7.2,4769,7.1
"53037","5","238","75","0","2025","A","",142,868,66368290,50545631,1298065,1470,76417,"",2.01,1.54,2.05,2.03,2.35,1.33,1.33,"",9,6.8,54,6.6,6750614,11.3,3843372,8.2,233007,21.9,62,4.4,3177,4.3
"53039","5","238","75","0","2025","A","",49,100,5387325,5040453,97021,1040,54099,"",1.19,0.42,0.34,0.36,0.32,0.81,0.81,"",1,2.1,8,8.7,1174369,27.9,1092826,27.7,34380,54.9,160,18.2,8347,18.2
"53041","5","238","75","0","2025","A","",174,743,49720526,41119485,699920,1286,66881,"",1.56,0.81,0.89,0.86,0.82,1.10,1.10,"",4,2.4,19,2.6,5265301,11.8,3215661,8.5,18936,2.8,106,9.0,5500,9.0
"53043","5","238","75","0","2025","A","",28,175,11117887,10038345,111485,1221,63501,"",1.30,1.94,2.19,2.97,1.75,1.13,1.13,"",-2,-6.7,-1,-0.6,-281459,-2.5,236260,2.4,-16006,-12.6,-21,-1.7,-1085,-1.7
"53045","5","238","75","0","2025","A","",110,366,19374149,17721284,317406,1017,52887,"",1.77,0.73,0.62,0.86,0.90,0.86,0.86,"",-2,-1.8,69,23.2,5064952,35.4,4661961,35.7,75697,31.3,89,9.6,4654,9.6
"53047","5","238","75","0","2025","A","",112,292,16641742,14632191,397491,1095,56944,"",1.40,0.50,0.56,0.64,0.76,1.13,1.13,"",6,5.7,9,3.2,2776253,20.0,1980804,15.7,78807,24.7,154,16.4,8021,16.4
"53049","5","238","75","0","2025","A","",36,140,7968045,6774230,94208,1095,56949,"",1.05,0.65,0.71,0.73,0.55,1.09,1.09,"",-3,-7.7,-6,-4.1,538046,7.2,139044,2.1,9921,11.8,116,11.8,6059,11.9
"53051","5","238","75","0","2025","A","",42,89,4750316,3913327,91805,1031,53625,"",2.47,0.84,0.66,1.16,0.91,0.80,0.80,"",6,16.7,-7,-7.3,-300782,-6.0,-400392,-9.3,-47987,-34.3,21,2.1,1101,2.1
"53053","5","238","75","0","2025","A","",1918,15353,1224230018,963018792,22366487,1533,79740,"",1.84,1.36,1.47,1.64,1.93,1.08,1.08,"",-31,-1.6,-361,-2.3,18233293,1.5,24398879,2.6,1168038,5.5,57,3.9,2992,3.9
"53055","5","238","75","0","2025","A","",109,342,20987443,19056754,174583,1180,61367,"",2.12,1.66,1.82,1.69,0.92,1.10,1.10,"",-2,-1.8,-15,-4.2,-18724,-0.1,147393,0.8,-37365,-17.6,48,4.2,2485,4.2
"53057","5","238","75","0","2025","A","",352,2570,236381105,168652997,4718831,1769,91962,"",1.85,1.42,1.89,1.72,2.27,1.33,1.33,"",14,4.1,87,3.5,17004293,7.8,14244668,9.2,182359,4.0,70,4.1,3602,4.1
"53059","5","238","75","0","2025","A","N",12,0,0,0,0,0,0,"N",0.87,0,0,0,0,0,0,"N",2,20.0,0,0,0,0,0,0,0,0,0,0,0,0
"53061","3","238","75","0","2025","A","N",1,0,0,0,0,0,0,"N",7.78,0,0,0,0,0,0,"N",0,0.0,0,0,0,0,0,0,0,0,0,0,0,0
"53061","5","238","75","0","2025","A","",2312,17374,1378938330,1096255625,22772681,1526,79367,"",2.25,1.74,1.63,1.70,1.81,0.94,0.94,"",-9,-0.4,-1044,-5.7,-33149107,-2.3,-15724503,-1.4,350876,1.6,52,3.5,2698,3.5
"53063","5","238","75","0","2025","A","",1302,8828,632750457,524836494,13186878,1378,71677,"",1.66,1.08,1.12,1.25,1.69,1.04,1.04,"",9,0.7,-206,-2.3,18974479,3.1,15197675,3.0,761677,6.1,72,5.5,3740,5.5
"53065","5","238","75","0","2025","A","",79,302,15511774,14278618,410158,986,51279,"",1.55,0.80,0.74,0.85,1.19,0.92,0.92,"",-1,-1.2,17,6.0,1658640,12.0,1553924,12.2,60029,17.1,51,5.5,2672,5.5
"53067","3","238","75","0","2025","A","N",1,0,0,0,0,0,0,"N",19.03,0,0,0,0,0,0,"N",0,0.0,0,0,0,0,0,0,0,0,0,0,0,0
"53067","5","238","75","0","2025","A","",612,3935,323396960,251922719,7169284,1581,82188,"",1.46,0.91,0.98,1.33,1.87,1.08,1.08,"",-8,-1.3,-12,-0.3,23652903,7.9,22446618,9.8,1247098,21.1,121,8.3,6244,8.2
"53069","5","238","75","0","2025","A","N",7,0,0,0,0,0,0,"N",1.09,0,0,0,0,0,0,"N",0,0.0,0,0,0,0,0,0,0,0,0,0,0,0
"53071","5","238","75","0","2025","A","",124,891,62319253,52563587,1172929,1344,69910,"",1.39,0.94,1.11,1.29,1.62,1.18,1.18,"",-1,-0.8,-12,-1.3,2416381,4.0,2678980,5.4,145699,14.2,68,5.3,3560,5.4
"53073","5","238","75","0","2025","A","",492,4315,379576199,286299442,7616044,1692,87963,"",1.35,1.38,1.74,1.64,2.07,1.27,1.27,"",1,0.2,-106,-2.4,28727120,8.2,13956992,5.1,705464,10.2,166,10.9,8597,10.8
"53075","5","238","75","0","2025","A","",54,346,22681574,18209177,450702,1260,65522,"",0.89,0.55,0.52,0.72,1.54,0.96,0.96,"",-1,-1.8,28,8.8,1623421,7.7,2037977,12.6,26248,6.2,-15,-1.2,-803,-1.2
"53077","5","238","75","0","2025","A","",516,2603,162724517,141835041,3050967,1202,62508,"",1.64,0.67,0.78,0.77,0.79,1.16,1.16,"",-2,-0.4,-72,-2.7,3469703,2.2,3245536,2.3,-128560,-4.0,57,5.0,2970,5.0
"53999","5","238","75","0","2025","A","",333,1111,125225835,94589661,2399652,2168,112715,"",0.68,0.43,0.26,0.38,0.50,0.61,0.61,"",23,7.4,55,5.2,26364243,26.7,20445507,27.6,406085,20.4,367,20.4,19074,20.4
"54000","5","238","55","0","2025","A","",2537,17832,1241306790,255041361,12495212,1339,69612,"",0.83,0.77,0.88,0.90,1.19,1.15,1.15,"",39,1.6,439,2.5,102584904,9.0,12259779,5.0,880925,7.6,80,6.4,4141,6.3
"54001","5","238","75","0","2025","A","",15,60,2769263,835129,28940,881,45836,"",0.78,0.45,0.36,0.50,0.49,0.80,0.80,"",-1,-6.2,-13,-17.8,-482185,-14.8,-306678,-26.9,-18239,-38.7,20,2.3,1040,2.3
"54003","5","238","75","0","2025","A","",170,945,56332659,12158007,371076,1146,59590,"",0.89,0.73,0.72,0.77,0.69,0.98,0.98,"",0,0.0,41,4.5,4178367,8.0,810147,7.1,40359,12.2,36,3.2,1876,3.3
"54005","5","238","75","0","2025","A","",13,55,3374580,678021,23807,1176,61171,"",0.62,0.36,0.38,0.37,0.42,1.05,1.05,"",1,8.3,11,25.0,669573,24.8,2169,0.3,4166,21.2,0,0.0,41,0.1
"54007","5","238","75","0","2025","A","",16,54,2484248,817982,51354,889,46219,"",0.84,0.32,0.30,0.37,0.74,0.93,0.93,"",2,14.3,-6,-10.0,-203545,-7.6,68851,9.2,8509,19.9,35,4.1,1793,4.0
"54009","5","238","75","0","2025","A","",18,143,11763170,3383489,246221,1577,82021,"",0.58,0.57,0.83,1.11,2.27,1.44,1.44,"",0,0.0,21,17.2,4195203,55.4,1053004,45.2,107400,77.4,382,32.0,19861,32.0
"54011","5","238","75","0","2025","A","",135,1328,101795791,18780524,1102400,1474,76653,"",0.82,0.77,0.99,0.96,1.58,1.29,1.29,"",2,1.5,-18,-1.3,5275256,5.5,222079,1.2,-98,0.0,95,6.9,4931,6.9
"54013","5","238","75","0","2025","A","N",4,0,0,0,0,0,0,"N",0.56,0,0,0,0,0,0,"N",1,33.3,0,0,0,0,0,0,0,0,0,0,0,0
"54015","5","238","75","0","2025","A","N",5,0,0,0,0,0,0,"N",0.52,0,0,0,0,0,0,"N",0,0.0,0,0,0,0,0,0,0,0,0,0,0,0
"54017","5","238","75","0","2025","A","N",7,0,0,0,0,0,0,"N",1.08,0,0,0,0,0,0,"N",-1,-12.5,0,0,0,0,0,0,0,0,0,0,0,0
"54019","5","238","75","0","2025","A","",50,168,7569031,2045503,77836,864,44920,"",0.84,0.48,0.45,0.53,0.54,0.93,0.93,"",2,4.2,-3,-1.8,-45626,-0.6,-131163,-6.0,-14574,-15.8,8,0.9,412,0.9
"54021","5","238","75","0","2025","A","N",2,0,0,0,0,0,0,"N",0.25,0,0,0,0,0,0,"N",-2,-50.0,0,0,0,0,0,0,0,0,0,0,0,0
"54023","5","238","75","0","2025","A","",28,179,11271506,3628772,270519,1213,63057,"",1.55,1.43,1.66,2.48,3.33,1.17,1.17,"",4,16.7,52,40.9,4816655,74.6,1519847,72.1,166701,160.6,237,24.3,12298,24.2
"54025","5","238","75","0","2025","A","",61,228,9693717,2676549,106586,819,42610,"",0.89,0.56,0.51,0.49,0.58,0.93,0.93,"",-3,-4.7,-38,-14.3,-1570180,-13.9,-482324,-15.3,-12240,-10.3,5,0.6,291,0.7
"54027","5","238","75","0","2025","A","",39,139,6973169,1622939,38276,965,50167,"",1.43,0.98,1.09,1.05,0.63,1.12,1.12,"",-3,-7.1,-9,-6.1,-405345,-5.5,-201406,-11.0,-17908,-31.9,6,0.6,312,0.6
"54029","5","238","75","0","2025","A","",34,171,10796720,2416918,95566,1212,63016,"",0.72,0.58,0.67,0.58,0.57,1.15,1.15,"",4,13.3,-32,-15.8,-2724137,-20.1,-798558,-24.8,-75314,-44.1,-68,-5.3,-3562,-5.4
"54031","5","238","75","0","2025","A","N",17,0,0,0,0,0,0,"N",0.75,0,0,0,0,0,0,"N",-1,-5.6,0,0,0,0,0,0,0,0,0,0,0,0
"54033","5","238","75","0","2025","A","",102,1125,81514907,16804187,836257,1393,72447,"",0.83,0.90,0.99,1.15,1.51,1.10,1.10,"",-2,-1.9,54,5.0,9754250,13.6,1136004,7.3,107424,14.7,104,8.1,5433,8.1
"54035","5","238","75","0","2025","A","",36,162,10970249,2157188,113243,1304,67822,"",1.00,0.63,0.77,0.65,0.97,1.23,1.23,"",0,0.0,-31,-16.1,-1089093,-9.0,-308787,-12.5,-18014,-13.7,104,8.7,5446,8.7
"54037","5","238","75","0","2025","A","",84,305,18542840,3707038,92620,1170,60829,"",0.70,0.53,0.51,0.53,0.39,0.96,0.96,"",6,7.7,4,1.3,830543,4.7,-93246,-2.5,-33090,-26.3,38,3.4,1968,3.3
"54039","5","238","75","0","2025","A","",254,2097,158963001,27237032,1197961,1458,75814,"",0.76,0.65,0.77,0.75,0.96,1.18,1.18,"",-3,-1.2,-81,-3.7,-5646833,-3.4,-1026138,-3.6,-77743,-6.1,5,0.3,238,0.3
"54041","5","238","75","0","2025","A","",20,291,21044415,4469404,199911,1390,72256,"",0.76,1.52,2.11,2.00,2.19,1.38,1.38,"",-2,-9.1,-27,-8.5,-571003,-2.6,-26204,-0.6,12427,6.6,82,6.3,4230,6.2
"54043","5","238","75","0","2025","A","N",14,0,0,0,0,0,0,"N",0.85,0,0,0,0,0,0,"N",-2,-12.5,0,0,0,0,0,0,0,0,0,0,0,0
"54045","5","238","75","0","2025","A","",25,284,12760948,4896735,191434,863,44893,"",0.50,0.73,0.55,0.88,0.98,0.75,0.75,"",1,4.2,25,9.7,793089,6.6,684448,16.2,33746,21.4,-26,-2.9,-1330,-2.9
"54047","5","238","75","0","2025","A","",5,12,965880,208197,6507,1604,83385,"",0.28,0.10,0.14,0.16,0.12,1.46,1.46,"",0,0.0,-1,-7.7,174923,22.1,2848,1.4,-2339,-26.4,395,32.7,20527,32.7
"54049","5","238","75","0","2025","A","",85,561,37348720,7359390,322720,1281,66615,"",0.99,0.97,1.13,0.98,1.24,1.17,1.17,"",1,1.2,30,5.6,3098466,9.0,291910,4.1,18427,6.1,40,3.2,2093,3.2
"54051","5","238","75","0","2025","A","",27,328,24925109,4964022,332189,1463,76068,"",0.79,0.95,1.07,1.18,2.18,1.13,1.13,"",1,3.8,44,15.5,4628444,22.8,745748,17.7,60466,22.3,90,6.6,4664,6.5
"54053","5","238","75","0","2025","A","N",27,0,0,0,0,0,0,"N",1.09,0,0,0,0,0,0,"N",2,8.0,0,0,0,0,0,0,0,0,0,0,0,0
"54055","5","238","75","0","2025","A","",61,448,24600106,5327994,186501,1057,54972,"",0.74,0.69,0.73,0.70,0.76,1.07,1.07,"",-1,-1.6,16,3.7,1061425,4.5,3798,0.1,2544,1.4,10,1.0,505,0.9
"54057","5","238","75","0","2025","A","",28,205,14979968,2513443,107472,1402,72925,"",0.78,0.71,0.89,0.71,0.91,1.25,1.25,"",3,12.0,-28,-12.0,9293,0.1,-292193,-10.4,-41780,-28.0,167,13.5,8719,13.6
"54059","5","238","75","0","2025","A","",20,162,10663292,2489884,117128,1266,65823,"",0.77,1.08,1.33,1.26,1.32,1.22,1.22,"",-4,-16.7,30,22.7,1541563,16.9,714646,40.3,39195,50.3,-58,-4.4,-3020,-4.4
"54061","5","238","75","0","2025","A","",174,1370,97732669,18605473,798510,1372,71329,"",0.81,0.69,0.72,0.97,1.16,1.05,1.05,"",12,7.4,85,6.6,11376646,13.2,1159042,6.6,90758,12.8,80,6.2,4135,6.2
"54063","5","238","75","0","2025","A","",27,79,3446037,1003692,28381,843,43852,"",1.71,1.26,1.09,1.48,1.06,0.87,0.87,"",-1,-3.6,7,9.7,372688,12.1,16210,1.6,2613,10.1,26,3.2,1363,3.2
"54065","5","238","75","0","2025","A","",15,42,2382277,545858,11039,1091,56721,"",0.75,0.40,0.50,0.43,0.24,1.24,1.24,"N",2,15.4,0,0,0,0,0,0,0,0,0,0,0,0
"54067","5","238","75","0","2025","A","",41,158,8704359,2204345,98145,1057,54975,"",1.02,0.68,0.74,0.75,0.96,1.09,1.09,"",1,2.5,-27,-14.6,-4278112,-33.0,-1141346,-34.1,-99660,-50.4,-293,-21.7,-15201,-21.7
"54069","5","238","75","0","2025","A","",64,634,43271781,8361787,556986,1313,68297,"",0.72,0.70,0.82,0.78,1.54,1.17,1.17,"",3,4.9,-2,-0.3,3387118,8.5,253741,3.1,39138,7.6,107,8.9,5593,8.9
"54071","5","238","75","0","2025","A","",13,26,997732,332963,12921,740,38498,"",1.16,0.52,0.45,0.70,0.84,0.88,0.88,"",0,0.0,4,18.2,282276,39.5,62451,23.1,6704,107.8,112,17.8,5854,17.9
"54073","5","238","75","0","2025","A","N",4,0,0,0,0,0,0,"N",0.43,0,0,0,0,0,0,"N",0,0.0,0,0,0,0,0,0,0,0,0,0,0,0
"54075","5","238","75","0","2025","A","N",14,0,0,0,0,0,0,"N",0.82,0,0,0,0,0,0,"N",0,0.0,0,0,0,0,0,0,0,0,0,0,0,0
"54077","5","238","75","0","2025","A","",56,510,33125647,6388196,238321,1249,64973,"",1.30,2.07,2.33,2.26,2.21,1.13,1.13,"",1,1.8,13,2.6,1752349,5.6,-122361,-1.9,-41962,-15.0,36,3.0,1890,3.0
"54079","5","238","75","0","2025","A","",106,1081,87998313,18044300,1030428,1566,81436,"",1.13,1.45,1.73,1.63,2.05,1.19,1.19,"",0,0.0,18,1.7,11308818,14.7,1120342,6.6,40339,4.1,178,12.8,9286,12.9
"54081","5","238","75","0","2025","A","",97,540,29305852,7336006,226201,1043,54253,"",0.75,0.50,0.49,0.51,0.47,0.98,0.98,"",1,1.0,-22,-3.9,-1015335,-3.3,-440721,-5.7,-37697,-14.3,5,0.5,301,0.6
"54083","5","238","75","0","2025","A","",42,156,8198992,2082108,71162,1010,52530,"",0.86,0.45,0.51,0.54,0.57,1.12,1.12,"",1,2.4,2,1.3,159012,2.0,108376,5.5,7992,12.7,5,0.5,294,0.6
"54085","5","238","75","0","2025","A","N",6,0,0,0,0,0,0,"N",0.48,0,0,0,0,0,0,"N",-1,-14.3,0,0,0,0,0,0,0,0,0,0,0,0
"54087","5","238","75","0","2025","A","",20,57,2435303,696722,23395,824,42850,"",1.14,0.62,0.53,0.70,0.62,0.85,0.85,"N",0,0.0,0,0,0,0,0,0,0,0,0,0,0,0
"54089","5","238","75","0","2025","A","N",8,0,0,0,0,0,0,"N",0.62,0,0,0,0,0,0,"N",0,0.0,0,0,0,0,0,0,0,0,0,0,0,0
"54091","5","238","75","0","2025","A","",23,84,4774828,1116094,53119,1090,56675,"",1.36,0.72,0.70,0.85,1.26,0.97,0.97,"",1,4.5,7,9.1,804476,20.3,103376,10.2,1149,2.2,99,10.0,5168,10.0
"54093","5","238","75","0","2025","A","N",6,0,0,0,0,0,0,"N",0.43,0,0,0,0,0,0,"N",-2,-25.0,0,0,0,0,0,0,0,0,0,0,0,0
"54095","5","238","75","0","2025","A","N",8,0,0,0,0,0,0,"N",0.96,0,0,0,0,0,0,"N",0,0.0,0,0,0,0,0,0,0,0,0,0,0,0
"54097","5","238","75","0","2025","A","",37,138,7484096,1777439,55277,1039,54037,"",0.89,0.54,0.58,0.59,0.45,1.08,1.08,"",3,8.8,17,14.0,1103109,17.3,273385,18.2,-3573,-6.1,26,2.6,1338,2.5
"54099","5","238","75","0","2025","A","",35,246,16143821,3467393,221450,1265,65759,"",1.01,0.87,0.93,1.23,2.14,1.07,1.07,"",-3,-7.9,-35,-12.5,-1199833,-6.9,-549070,-13.7,-10040,-4.3,79,6.7,4074,6.6
"54101","5","238","75","0","2025","A","N",6,0,0,0,0,0,0,"N",0.56,0,0,0,0,0,0,"N",0,0.0,0,0,0,0,0,0,0,0,0,0,0,0
"54103","5","238","75","0","2025","A","",19,182,13114738,3569899,249461,1383,71927,"",0.88,1.23,1.65,2.01,3.44,1.35,1.35,"",-2,-9.5,-19,-9.5,-752841,-5.4,409807,13.0,50294,25.3,55,4.1,2877,4.2
"54105","5","238","75","0","2025","A","N",5,0,0,0,0,0,0,"N",0.90,0,0,0,0,0,0,"N",-1,-16.7,0,0,0,0,0,0,0,0,0,0,0,0
"54107","5","238","75","0","2025","A","",102,1098,79037934,16408678,891858,1385,72016,"",0.78,0.93,1.18,1.12,1.61,1.27,1.27,"",2,2.0,82,8.1,14942461,23.3,2889523,21.4,237341,36.3,172,14.2,8945,14.2
"54109","5","238","75","0","2025","A","",15,86,4534901,996548,37019,1017,52885,"",0.70,0.60,0.55,0.56,0.63,0.92,0.92,"",1,7.1,-5,-5.5,-616,0.0,-119441,-10.7,-20974,-36.2,59,6.2,3044,6.1
"54999","5","238","75","0","2025","A","",192,1104,101492744,18673574,1083216,1767,91897,"",0.80,1.20,1.29,1.08,1.21,1.07,1.07,"",12,6.7,369,50.2,42442520,71.9,5684677,43.8,308244,39.8,222,14.4,11575,14.4
"55000","3","238","55","0","2025","A","",11,189,12192136,0,0,1240,64480,"",8.82,9.87,11.70,0.00,0.00,1.18,1.18,"",0,0.0,-1,-0.5,390307,3.3,0,0.0,0,0.0,46,3.9,2392,3.9
"55000","5","238","55","0","2025","A","",11113,94641,7586041432,1674741510,45500859,1541,80156,"",1.11,0.96,1.16,0.94,1.19,1.21,1.21,"",348,3.2,3755,4.1,734673627,10.7,85796581,5.4,-846792,-1.8,91,6.3,4772,6.3
"55001","5","238","75","0","2025","A","",37,143,7135691,2602420,78927,962,50017,"",1.53,0.97,1.00,1.07,1.23,1.03,1.03,"",4,12.1,21,17.2,1335646,23.0,490129,23.2,-5837,-6.9,44,4.8,2280,4.8
"55003","5","238","75","0","2025","A","",33,281,17825617,4660512,104187,1222,63531,"",1.08,1.07,1.27,1.11,1.00,1.19,1.19,"",2,6.5,31,12.4,3426666,23.8,712762,18.1,30869,42.1,115,10.4,5974,10.4
"55005","5","238","75","0","2025","A","",104,466,28386891,8307634,279547,1171,60873,"",1.32,0.66,0.80,0.65,0.84,1.22,1.22,"",10,10.6,2,0.4,-327584,-1.1,335871,4.2,5145,1.9,-19,-1.6,-989,-1.6
"55007","5","238","75","0","2025","A","",43,271,30308562,6065088,354203,2152,111909,"",1.51,1.89,4.53,2.67,3.70,2.40,2.40,"",3,7.5,29,12.0,8314955,37.8,631379,11.6,31348,9.7,407,23.3,21183,23.3
"55009","5","238","75","0","2025","A","",492,5798,462579926,101193310,2523590,1534,79780,"",1.31,1.08,1.30,1.02,1.30,1.20,1.20,"",20,4.2,265,4.8,36799559,8.6,2246492,2.3,-63692,-2.5,54,3.6,2822,3.7
"55011","5","238","75","0","2025","A","",33,100,5669625,1832173,41972,1088,56555,"",1.63,0.87,1.01,0.99,1.38,1.17,1.17,"",-1,-2.9,-18,-15.3,-382756,-6.3,-124847,-6.4,2552,6.5,102,10.3,5264,10.3
"55013","5","238","75","0","2025","A","",30,138,7888235,2325655,83065,1102,57300,"",1.28,0.79,0.97,0.75,1.08,1.23,1.23,"",2,7.1,5,3.8,499846,6.8,87021,3.9,-867,-1.0,32,3.0,1679,3.0
"55015","5","238","75","0","2025","A","",83,716,50999733,12870048,252055,1371,71270,"",1.61,1.32,1.78,1.24,1.63,1.35,1.35,"",3,3.8,-41,-5.4,-1417058,-2.7,-503225,-3.8,-123363,-32.9,40,3.0,2065,3.0
"55017","5","238","75","0","2025","A","",162,1231,88330220,22962934,1081429,1380,71740,"",1.62,1.35,1.75,1.34,2.47,1.30,1.30,"",2,1.2,-13,-1.0,3794635,4.5,723775,3.3,52519,5.1,73,5.6,3785,5.6
"55019","5","238","75","0","2025","A","",85,338,22466928,6548822,262669,1276,66372,"",1.81,0.88,1.10,0.96,1.44,1.24,1.24,"",2,2.4,15,4.6,3159626,16.4,415403,6.8,35926,15.8,126,11.0,6551,11.0
"55021","5","238","75","0","2025","A","",132,776,53245835,12998013,356200,1319,68594,"",1.51,1.07,1.33,1.02,1.13,1.24,1.24,"",-4,-2.9,20,2.6,4696720,9.7,190826,1.5,-29635,-7.7,84,6.8,4383,6.8
"55023","5","238","75","0","2025","A","",29,73,4104182,1234220,37698,1077,56030,"",1.19,0.33,0.40,0.36,0.60,1.19,1.19,"",-1,-3.3,4,5.8,675394,19.7,82768,7.2,-1783,-4.5,117,12.2,6096,12.2
"55025","3","238","75","0","2025","A","N",1,0,0,0,0,0,0,"N",8.83,0,0,0,0,0,0,"N",0,0.0,0,0,0,0,0,0,0,0,0,0,0,0
"55025","5","238","75","0","2025","A","",858,10631,883763657,185839502,3816136,1599,83128,"",0.95,0.88,0.95,0.92,0.95,1.07,1.07,"",30,3.6,531,5.3,90038396,11.3,9935406,5.6,-256199,-6.3,88,5.8,4544,5.8
"55027","5","238","75","0","2025","A","",170,1226,103429832,22311985,511897,1622,84364,"",1.72,0.99,1.33,0.94,0.80,1.34,1.34,"",10,6.2,22,1.8,8763269,9.3,2107920,10.4,-9548,-1.8,110,7.3,5759,7.3
"55029","5","238","75","0","2025","A","",80,448,29374597,7460382,106142,1261,65580,"",1.14,0.93,1.27,0.86,0.43,1.36,1.36,"",3,3.9,-7,-1.5,261379,0.9,-160791,-2.1,-15373,-12.7,32,2.6,1653,2.6
"55031","5","238","75","0","2025","A","",63,423,29751551,8395530,345182,1351,70265,"",1.03,0.81,1.06,0.90,1.33,1.31,1.31,"",-4,-6.0,-234,-35.6,-18505458,-38.3,-4903617,-36.9,-120621,-25.9,-62,-4.4,-3186,-4.3
"55033","5","238","75","0","2025","A","",76,566,44214547,9495732,256139,1502,78118,"",1.31,0.93,1.32,0.86,1.11,1.42,1.42,"",5,7.0,47,9.1,6401692,16.9,701487,8.0,48224,23.2,100,7.1,5226,7.2
"55035","5","238","75","0","2025","A","",146,1450,106836932,26694800,942725,1417,73702,"",0.89,0.74,0.91,0.80,1.43,1.23,1.23,"",7,5.0,46,3.3,11639808,12.2,1304340,5.1,-10837,-1.1,114,8.7,5922,8.7
"55037","5","238","75","0","2025","A","N",5,0,0,0,0,0,0,"N",0.75,0,0,0,0,0,0,"N",-1,-16.7,0,0,0,0,0,0,0,0,0,0,0,0
"55039","3","238","75","0","2025","A","N",1,0,0,0,0,0,0,"N",64.42,0,0,0,0,0,0,"N",0,0.0,0,0,0,0,0,0,0,0,0,0,0,0
"55039","5","238","75","0","2025","A","",178,1784,158382073,29349451,653283,1707,88767,"",1.43,1.19,1.72,1.12,1.21,1.45,1.45,"",-6,-3.3,33,1.9,10659489,7.2,559447,1.9,-37609,-5.4,85,5.2,4398,5.2
"55041","5","238","75","0","2025","A","",15,67,3595984,1211630,67067,1036,53872,"",1.02,0.62,0.71,1.05,2.01,1.14,1.14,"",1,7.1,2,3.1,637909,21.6,-16127,-1.3,-13330,-16.6,160,18.3,8305,18.2
"55043","5","238","75","0","2025","A","",96,536,31100430,8631313,231781,1117,58059,"",1.26,0.93,1.10,1.03,1.46,1.18,1.18,"",2,2.1,5,0.9,2835385,10.0,475534,5.8,17672,8.3,93,9.1,4804,9.0
"55045","5","238","75","0","2025","A","",82,375,21878453,6471882,234064,1122,58356,"",1.43,0.71,0.77,0.69,1.12,1.09,1.09,"",6,7.9,43,13.0,2930719,15.5,1026402,18.8,37845,19.3,26,2.4,1370,2.4
"55047","5","238","75","0","2025","A","",33,118,6705301,1929934,56134,1094,56865,"",1.26,0.60,0.68,0.63,0.66,1.12,1.12,"",1,3.1,0,0.0,278856,4.3,-22569,-1.2,-2079,-3.6,44,4.2,2249,4.1
"55049","5","238","75","0","2025","A","",58,279,16715447,5205373,125259,1153,59948,"",1.60,0.78,0.82,0.79,0.97,1.05,1.05,"",3,5.5,31,12.5,3233732,24.0,830339,19.0,2829,2.3,109,10.4,5641,10.4
"55051","5","238","75","0","2025","A","",15,117,7075748,2153125,172784,1161,60348,"",1.35,2.17,3.06,2.49,5.72,1.41,1.41,"N",0,0.0,0,0,0,0,0,0,0,0,0,0,0,0
"55053","5","238","75","0","2025","A","",22,87,5156794,1654145,75611,1142,59387,"",0.91,0.34,0.38,0.40,0.70,1.12,1.12,"",3,15.8,8,10.1,618756,13.6,287014,21.0,23606,45.4,36,3.3,1883,3.3
"55055","5","238","75","0","2025","A","",229,1628,120386218,28539828,674848,1422,73928,"",1.99,1.46,1.91,1.40,1.69,1.31,1.31,"",7,3.2,52,3.3,10424710,9.5,1397979,5.2,4388,0.7,80,6.0,4163,6.0
"55057","5","238","75","0","2025","A","",35,201,10950354,3331886,88990,1050,54593,"",0.97,0.65,0.67,0.75,1.00,1.02,1.02,"",2,6.1,7,3.6,482565,4.6,124106,3.9,-7073,-7.4,11,1.1,589,1.1
"55059","5","238","75","0","2025","A","",237,1384,96978916,24049042,665463,1347,70063,"",1.09,0.54,0.64,0.49,0.63,1.17,1.17,"",3,1.3,62,4.7,5847220,6.4,969151,4.2,15984,2.5,22,1.7,1154,1.7
"55061","5","238","75","0","2025","A","",47,213,12135896,3596255,112530,1098,57088,"",1.64,0.93,0.99,0.87,1.46,1.07,1.07,"",0,0.0,4,1.9,1170237,10.7,200890,5.9,-2620,-2.3,89,8.8,4600,8.8
"55063","5","238","75","0","2025","A","",224,1979,142641943,33513376,865451,1386,72081,"",1.26,0.84,1.00,0.88,1.17,1.18,1.18,"",12,5.7,75,3.9,11128848,8.5,1349670,4.2,-59313,-6.4,58,4.4,3021,4.4
"55065","5","238","75","0","2025","A","",44,406,30389152,6774429,219826,1440,74881,"",1.75,2.46,3.56,2.49,3.70,1.45,1.45,"",2,4.8,14,3.6,2061871,7.3,87043,1.3,33049,17.7,52,3.7,2710,3.8
"55067","5","238","75","0","2025","A","",28,158,8649367,2476705,78749,1056,54888,"",0.87,0.66,0.80,0.62,0.96,1.22,1.22,"",2,7.7,0,0.0,354956,4.3,43862,1.8,14088,21.8,44,4.3,2253,4.3
"55069","5","238","75","0","2025","A","",56,310,21063868,4948236,155982,1306,67893,"",1.40,0.93,1.17,0.87,1.36,1.25,1.25,"",3,5.7,23,8.0,3010521,16.7,408973,9.0,-7164,-4.4,97,8.0,5008,8.0
"55071","5","238","75","0","2025","A","",139,856,54122320,14126498,356933,1216,63233,"",1.41,0.77,0.88,0.72,0.88,1.14,1.14,"",3,2.2,-10,-1.2,2495102,4.8,-396435,-2.7,24621,7.4,69,6.0,3606,6.0
"55073","3","238","75","0","2025","A","N",1,0,0,0,0,0,0,"N",40.20,0,0,0,0,0,0,"N",0,0.0,0,0,0,0,0,0,0,0,0,0,0,0
"55073","5","238","75","0","2025","A","",265,2174,172251759,37658784,1292080,1524,79227,"",1.33,0.93,1.22,0.89,1.58,1.31,1.31,"",21,8.6,62,2.9,17865737,11.6,1856314,5.2,-44079,-3.3,118,8.4,6122,8.4
"55075","5","238","75","0","2025","A","",77,534,31641971,8575178,288411,1140,59273,"",1.26,0.91,0.99,0.84,1.36,1.09,1.09,"",-3,-3.8,-3,-0.6,1454601,4.8,-237413,-2.7,18519,6.9,59,5.5,3041,5.4
"55077","5","238","75","0","2025","A","",21,90,3914124,1570944,62441,836,43490,"",1.08,0.68,0.58,0.65,1.27,0.85,0.85,"",-1,-4.5,21,30.4,952692,32.2,253349,19.2,1545,2.5,14,1.7,726,1.7
"55078","5","238","75","0","2025","A","N",1,0,0,0,0,0,0,"N",0.20,0,0,0,0,0,0,"N",0,0.0,0,0,0,0,0,0,0,0,0,0,0,0
"55079","3","238","75","0","2025","A","N",1,0,0,0,0,0,0,"N",5.57,0,0,0,0,0,0,"N",0,0.0,0,0,0,0,0,0,0,0,0,0,0,0
"55079","5","238","75","0","2025","A","",894,9679,871607266,172974906,4695899,1732,90054,"",0.62,0.62,0.77,0.64,0.83,1.25,1.25,"",18,2.1,432,4.7,90664192,11.6,8325412,5.1,-335567,-6.7,108,6.7,5600,6.6
"55081","5","238","75","0","2025","A","",88,583,43365036,10166601,589004,1430,74372,"",1.33,0.83,1.11,0.87,2.38,1.33,1.34,"",5,6.0,23,4.1,1640015,3.9,542258,5.6,-13399,-2.2,-3,-0.2,-159,-0.2
"55083","5","238","75","0","2025","A","",83,427,24234808,8083071,303511,1091,56745,"",1.83,1.40,1.63,1.55,1.83,1.16,1.16,"",9,12.2,37,9.5,3348017,16.0,994572,14.0,18954,6.7,61,5.9,3201,6.0
"55085","5","238","75","0","2025","A","",123,512,32251432,8889436,210148,1212,63001,"",1.66,0.89,1.03,0.95,0.86,1.16,1.16,"",4,3.4,38,8.0,3719604,13.0,843479,10.5,-15799,-7.0,53,4.6,2754,4.6
"55087","5","238","75","0","2025","A","",470,6024,522882572,103078545,2282185,1669,86801,"",1.57,1.66,2.23,1.48,1.48,1.34,1.34,"",3,0.6,145,2.5,35366381,7.3,1313296,1.3,-321618,-12.4,74,4.6,3872,4.7
"55089","5","238","75","0","2025","A","",172,1102,79617812,19790625,646388,1389,72221,"",1.10,0.81,0.94,0.81,1.35,1.16,1.16,"",-5,-2.8,-6,-0.5,3909752,5.2,77058,0.4,32260,5.3,74,5.6,3867,5.7
"55091","5","238","75","0","2025","A","",13,94,6806477,1599182,48399,1399,72732,"",0.98,1.17,1.68,1.24,1.78,1.44,1.44,"",0,0.0,-66,-41.2,-5522703,-44.8,-1104695,-40.9,-26832,-35.7,-88,-5.9,-4567,-5.9
"55093","5","238","75","0","2025","A","",62,341,24589745,6015364,205362,1387,72111,"",1.25,0.98,1.44,1.14,1.57,1.47,1.46,"",-3,-4.6,-52,-13.2,-3287314,-11.8,-809432,-11.9,-14735,-6.7,23,1.7,1177,1.7
"55095","5","238","75","0","2025","A","",102,377,22412844,6514716,243307,1145,59516,"",1.58,0.72,0.85,0.77,1.40,1.19,1.19,"",5,5.2,21,5.9,2064991,10.1,498560,8.3,19243,8.6,44,4.0,2279,4.0
"55097","3","238","75","0","2025","A","N",1,0,0,0,0,0,0,"N",83.47,0,0,0,0,0,0,"N",0,0.0,0,0,0,0,0,0,0,0,0,0,0,0
"55097","5","238","75","0","2025","A","",106,934,61957754,15254503,588399,1276,66360,"",1.11,0.84,0.94,0.76,1.33,1.13,1.13,"",4,3.9,152,19.4,13141343,26.9,2009863,15.2,8172,1.4,76,6.3,3968,6.4
"55099","5","238","75","0","2025","A","",19,78,5145541,1193965,34066,1275,66323,"",0.90,0.50,0.65,0.47,0.76,1.32,1.32,"",-1,-5.0,-5,-6.0,-148580,-2.8,-238156,-16.6,-11081,-24.5,52,4.3,2730,4.3
"55101","5","238","75","0","2025","A","",332,3219,314941416,63864152,2234230,1881,97833,"",1.30,1.27,1.91,1.34,2.07,1.50,1.50,"",9,2.8,611,23.4,117195835,59.3,16443141,34.7,435643,24.2,423,29.0,22015,29.0
"55103","5","238","75","0","2025","A","",38,203,12319820,3776203,134080,1165,60564,"",1.47,1.03,1.29,1.27,2.51,1.24,1.24,"",0,0.0,9,4.6,1484736,13.7,142186,3.9,-5215,-3.7,92,8.6,4761,8.5
"55105","5","238","75","0","2025","A","",250,2300,154549803,36991118,986881,1292,67186,"",1.27,0.99,1.06,0.88,1.04,1.07,1.07,"",-4,-1.6,184,8.7,15035757,10.8,1700608,4.8,-46455,-4.5,24,1.9,1238,1.9
"55107","5","238","75","0","2025","A","N",21,0,0,0,0,0,0,"N",1.04,0,0,0,0,0,0,"N",1,5.0,0,0,0,0,0,0,0,0,0,0,0,0
"55109","3","238","75","0","2025","A","N",1,0,0,0,0,0,0,"N",55.26,0,0,0,0,0,0,"N",0,0.0,0,0,0,0,0,0,0,0,0,0,0,0
"55109","5","238","75","0","2025","A","",222,1549,115585596,28511664,879658,1435,74615,"",1.53,1.24,1.63,1.29,1.87,1.31,1.31,"",6,2.8,273,21.4,26776705,30.2,6200707,27.8,178224,25.4,96,7.2,5011,7.2
"55111","3","238","75","0","2025","A","N",1,0,0,0,0,0,0,"N",72.11,0,0,0,0,0,0,"N",0,0.0,0,0,0,0,0,0,0,0,0,0,0,0
"55111","5","238","75","0","2025","A","",160,834,53030514,14331110,292418,1223,63579,"",1.44,0.68,0.83,0.62,0.64,1.21,1.21,"",5,3.2,-5,-0.6,2425187,4.8,82440,0.6,-53061,-15.4,63,5.4,3239,5.4
"55113","5","238","75","0","2025","A","N",54,0,0,0,0,0,0,"N",1.53,0,0,0,0,0,0,"N",6,12.5,0,0,0,0,0,0,0,0,0,0,0,0
"55115","5","238","75","0","2025","A","",69,334,22462747,5297555,119969,1295,67321,"",1.29,0.81,1.15,0.80,0.95,1.43,1.43,"",0,0.0,12,3.7,1189775,5.6,206937,4.1,-3104,-2.5,25,2.0,1256,1.9
"55117","3","238","75","0","2025","A","N",1,0,0,0,0,0,0,"N",52.89,0,0,0,0,0,0,"N",0,0.0,0,0,0,0,0,0,0,0,0,0,0,0
"55117","5","238","75","0","2025","A","",191,1953,146610762,31379505,523717,1444,75082,"",1.26,0.96,1.08,0.82,0.79,1.13,1.13,"",-7,-3.5,30,1.6,11387447,8.4,738102,2.4,44824,9.4,92,6.8,4757,6.8
"55119","5","238","75","0","2025","A","",36,120,7152290,1992230,83939,1146,59602,"",1.37,0.46,0.53,0.43,0.87,1.15,1.15,"",5,16.1,19,18.8,1211237,20.4,332372,20.0,10229,13.9,11,1.0,585,1.0
"55121","5","238","75","0","2025","A","",58,222,12498180,4095330,209787,1082,56277,"",1.43,0.54,0.56,0.57,1.72,1.05,1.05,"",1,1.8,-2,-0.9,880296,7.6,93566,2.3,2464,1.2,85,8.5,4411,8.5
"55123","5","238","75","0","2025","A","",75,365,21065115,6402673,187001,1111,57765,"",1.83,1.26,1.49,1.49,2.16,1.19,1.18,"",8,11.9,33,9.9,3168110,17.7,769735,13.7,13419,7.7,75,7.2,3912,7.3
"55125","5","238","75","0","2025","A","",96,276,15145258,5079581,153369,1055,54841,"",1.87,0.98,1.14,0.97,0.95,1.16,1.16,"",-1,-1.0,0,0.0,302544,2.0,193482,4.0,-8041,-5.0,20,1.9,1031,1.9
"55127","5","238","75","0","2025","A","",234,1281,88632371,22612740,555459,1331,69190,"",1.37,0.84,1.08,0.81,0.98,1.29,1.29,"",9,4.0,-15,-1.2,6110799,7.4,449505,2.0,-12764,-2.2,107,8.7,5528,8.7
"55129","5","238","75","0","2025","A","",48,139,6334305,2397131,71032,876,45543,"",1.61,0.76,0.74,0.80,1.04,0.97,0.97,"",0,0.0,1,0.7,264042,4.3,30023,1.3,-1496,-2.1,28,3.3,1449,3.3
"55131","3","238","75","0","2025","A","N",1,0,0,0,0,0,0,"N",41.27,0,0,0,0,0,0,"N",0,0.0,0,0,0,0,0,0,0,0,0,0,0,0
"55131","5","238","75","0","2025","A","",366,2230,165145573,38334748,993607,1424,74045,"",1.89,1.15,1.40,1.07,1.47,1.22,1.22,"",9,2.5,1,0.0,9015070,5.8,103817,0.3,-53037,-5.1,77,5.7,3992,5.7
"55133","3","238","75","0","2025","A","N",1,0,0,0,0,0,0,"N",11.02,0,0,0,0,0,0,"N",0,0.0,0,0,0,0,0,0,0,0,0,0,0,0
"55133","5","238","75","0","2025","A","",1034,14002,1252324604,251803365,6794417,1720,89440,"",1.42,1.68,2.10,1.49,1.82,1.24,1.25,"",22,2.2,510,3.8,100871739,8.8,12063648,5.0,-573368,-7.8,79,4.8,4096,4.8
"55135","5","238","75","0","2025","A","",100,488,26723011,9349060,230969,1053,54742,"",1.44,0.79,0.87,0.92,1.19,1.10,1.10,"",7,7.5,39,8.7,2732935,11.4,1120697,13.6,26930,13.2,25,2.4,1282,2.4
"55137","5","238","75","0","2025","A","",42,180,9463593,2983515,86613,1011,52576,"",1.50,0.93,1.07,1.00,1.18,1.15,1.15,"",3,7.7,4,2.3,674259,7.7,135416,4.8,18111,26.4,52,5.4,2731,5.5
"55139","3","238","75","0","2025","A","N",1,0,0,0,0,0,0,"N",36.26,0,0,0,0,0,0,"N",0,0.0,0,0,0,0,0,0,0,0,0,0,0,0
"55139","5","238","75","0","2025","A","",263,3218,276444063,56695691,1205300,1652,85901,"",1.19,1.03,1.32,0.98,1.11,1.28,1.28,"",14,5.6,57,1.8,20779965,8.1,1694542,3.1,81174,7.2,97,6.2,5022,6.2
"55141","5","238","75","0","2025","A","",112,1126,85503292,19653113,519181,1461,75964,"",1.07,0.95,1.21,1.01,1.32,1.27,1.27,"",2,1.8,-120,-9.6,6230857,7.9,473501,2.5,-63992,-11.0,238,19.5,12364,19.4
"55999","5","238","75","0","2025","A","",616,1790,157425883,41154143,1353936,1691,87952,"",0.48,0.49,0.41,0.45,0.53,0.84,0.84,"N",59,10.6,0,0,0,0,0,0,0,0,0,0,0,0
"56000","5","238","55","0","2025","A","",2106,12969,894892707,480072602,10611827,1327,69001,"",1.40,1.37,1.49,1.50,1.16,1.08,1.08,"",28,1.3,434,3.5,83326460,10.3,39491469,9.0,4066050,62.1,82,6.6,4255,6.6
"56001","5","238","75","0","2025","A","",107,602,35349721,20126782,399531,1130,58753,"",1.31,1.05,1.12,1.45,1.15,1.07,1.07,"",-1,-0.9,-17,-2.7,123478,0.4,-779490,-3.7,125773,45.9,35,3.2,1837,3.2
"56003","5","238","75","0","2025","A","",35,107,5165427,3433288,75330,925,48125,"",1.40,0.74,0.67,0.83,0.48,0.90,0.90,"",-2,-5.4,-11,-9.3,-75421,-1.4,-36147,-1.0,29901,65.8,74,8.7,3867,8.7
"56005","5","238","75","0","2025","A","",129,1297,103493115,49130067,979782,1534,79784,"",1.30,1.57,1.82,1.58,1.19,1.15,1.15,"",-1,-0.8,46,3.7,9780056,10.4,514382,1.1,486663,98.7,93,6.5,4873,6.5
"56007","5","238","75","0","2025","A","",37,221,20039183,9991127,367132,1744,90675,"",1.10,1.04,1.54,1.42,1.66,1.48,1.48,"",0,0.0,-32,-12.6,-2176484,-9.8,-2581855,-20.5,24590,7.2,54,3.2,2779,3.2
"56009","5","238","75","0","2025","A","",43,198,13260021,6430562,112221,1290,67083,"",1.32,0.92,0.91,0.85,0.52,0.99,0.99,"",5,13.2,15,8.2,928451,7.5,482345,8.1,40712,56.9,-3,-0.2,-150,-0.2
"56011","5","238","75","0","2025","A","",30,119,6791844,4091560,56602,1094,56875,"",1.61,1.31,1.26,1.28,0.66,0.96,0.96,"",-1,-3.2,-13,-9.8,-1110151,-14.0,74731,1.9,5395,10.5,-54,-4.7,-2800,-4.7
"56013","5","238","75","0","2025","A","",125,482,25102914,15941076,480869,1001,52045,"",1.40,0.93,0.92,0.99,0.94,0.98,0.98,"",-3,-2.3,-1,-0.2,953011,3.9,1018303,6.8,131678,37.7,40,4.2,2080,4.2
"56015","5","238","75","0","2025","A","",30,89,4206046,2695428,32701,905,47083,"",1.18,0.65,0.62,0.86,0.44,0.95,0.95,"",6,25.0,-4,-4.3,-103247,-2.4,121868,4.7,14828,83.0,14,1.6,747,1.6
"56017","5","238","75","0","2025","A","N",12,0,0,0,0,0,0,"N",0.99,0,0,0,0,0,0,"N",-2,-14.3,0,0,0,0,0,0,0,0,0,0,0,0
"56019","5","238","75","0","2025","A","",40,132,6152211,4109799,82645,893,46461,"",1.57,1.17,1.03,1.32,1.10,0.88,0.88,"",1,2.6,10,8.2,712295,13.1,331503,8.8,3138,3.9,36,4.2,1872,4.2
"56021","5","238","75","0","2025","A","",339,2520,178178747,96830951,2547349,1360,70715,"",1.42,1.53,1.71,1.86,1.65,1.11,1.11,"",19,5.9,470,22.9,46484824,35.3,25288912,35.3,1417410,125.4,124,10.0,6458,10.1
"56023","5","238","75","0","2025","A","",152,559,33081491,19234796,310303,1139,59215,"",2.52,2.28,2.08,2.26,1.37,0.91,0.91,"",-2,-1.3,-3,-0.5,958063,3.0,730032,3.9,119475,62.6,40,3.6,2073,3.6
"56025","5","238","75","0","2025","A","",246,1913,141305809,71990353,1718285,1421,73879,"",1.25,1.42,1.66,1.44,1.18,1.16,1.16,"",2,0.8,-33,-1.7,2596179,1.9,3469329,5.1,335988,24.3,50,3.6,2581,3.6
"56027","5","238","75","0","2025","A","N",1,0,0,0,0,0,0,"N",0.17,0,0,0,0,0,0,"N",0,0.0,0,0,0,0,0,0,0,0,0,0,0,0
"56029","5","238","75","0","2025","A","",135,591,31754895,19725382,338813,1034,53754,"",1.47,1.26,1.26,1.43,0.86,1.00,1.00,"",-1,-0.7,22,3.9,3460381,12.2,2444126,14.1,127249,60.1,77,8.0,3998,8.0
"56031","5","238","75","0","2025","A","",24,71,4309810,2542383,32495,1169,60773,"",1.15,0.64,0.70,0.75,0.39,1.10,1.10,"",0,0.0,-9,-11.2,-226315,-5.0,-197621,-7.2,-7027,-17.8,74,6.8,3834,6.7
"56033","5","238","75","0","2025","A","",138,827,56997394,31214697,549963,1325,68886,"",1.57,1.68,1.92,1.99,1.38,1.14,1.14,"",0,0.0,74,9.8,14060272,32.7,7538378,31.8,232063,73.0,228,20.8,11858,20.8
"56035","5","238","75","0","2025","A","",54,219,12642161,7643992,109285,1111,57793,"",1.83,1.69,1.46,1.68,1.05,0.87,0.87,"",5,10.2,-9,-3.9,553197,4.6,363070,5.0,28312,35.0,89,8.7,4655,8.8
"56037","5","238","75","0","2025","A","",92,800,57514662,29611478,623538,1383,71916,"",1.08,1.18,1.20,1.23,0.92,1.02,1.02,"",-2,-2.1,7,0.9,1851979,3.3,358730,1.2,325966,109.5,34,2.5,1760,2.5
"56039","5","238","75","0","2025","A","",222,1531,110363867,57947696,834388,1386,72070,"",1.56,1.91,1.67,1.65,0.78,0.87,0.87,"",4,1.8,-58,-3.7,2273856,2.1,-7660,0.0,407367,95.4,78,6.0,4043,5.9
"56041","5","238","75","0","2025","A","",46,219,17088258,9493176,444579,1499,77969,"",1.07,0.79,1.19,1.13,1.74,1.50,1.50,"",7,17.9,40,22.3,6019620,54.4,3058268,47.5,262690,144.4,310,26.1,16133,26.1
"56043","5","238","75","0","2025","A","",23,132,7398848,4219218,65756,1078,56052,"",1.05,1.10,1.17,1.15,0.70,1.07,1.07,"",-2,-8.0,4,3.1,195055,2.7,25551,0.6,30965,89.0,-1,-0.1,-45,-0.1
"56045","5","238","75","0","2025","A","",11,113,8564139,4364074,60807,1460,75901,"",0.83,1.43,1.95,1.93,1.28,1.36,1.36,"",-2,-15.4,12,11.9,1557824,22.2,669792,18.1,49711,448.0,120,9.0,6244,9.0
"56999","5","238","75","0","2025","A","N",34,0,0,0,0,0,0,"N",1.36,0,0,0,0,0,0,"N",-2,-5.6,0,0,0,0,0,0,0,0,0,0,0,0
"72000","5","238","55","0","2025","A","",1198,17067,592895162,138898690,5654083,668,34739,"",0.47,0.54,0.51,0.49,0.37,0.95,0.95,"",42,3.6,1211,7.6,65388538,12.4,4768067,3.6,-66023,-1.2,28,4.4,1471,4.4
"72001","5","238","75","0","2025","A","N",2,0,0,0,0,0,0,"N",0.18,0,0,0,0,0,0,"N",0,0.0,0,0,0,0,0,0,0,0,0,0,0,0
"72003","5","238","75","0","2025","A","N",8,0,0,0,0,0,0,"N",0.26,0,0,0,0,0,0,"N",-1,-11.1,0,0,0,0,0,0,0,0,0,0,0,0
"72005","5","238","75","0","2025","A","N",12,0,0,0,0,0,0,"N",0.23,0,0,0,0,0,0,"N",-1,-7.7,0,0,0,0,0,0,0,0,0,0,0,0
"72007","5","238","75","0","2025","A","",11,155,5153390,1233906,51935,639,33230,"",1.28,2.61,3.19,2.89,2.31,1.22,1.22,"N",0,0.0,0,0,0,0,0,0,0,0,0,0,0,0
"72009","5","238","75","0","2025","A","N",4,0,0,0,0,0,0,"N",0.24,0,0,0,0,0,0,"N",-1,-20.0,0,0,0,0,0,0,0,0,0,0,0,0
"72011","5","238","75","0","2025","A","",12,41,1175272,345895,12688,550,28607,"",0.74,0.19,0.15,0.23,0.15,0.77,0.77,"",2,20.0,3,7.9,224244,23.6,21858,6.7,766,6.4,62,12.7,3246,12.8
"72013","5","238","75","0","2025","A","",25,263,7286313,2174921,103121,533,27713,"",0.42,0.35,0.30,0.37,0.35,0.85,0.85,"",1,4.2,3,1.2,359671,5.2,115968,5.6,3502,3.5,21,4.1,1089,4.1
"72015","5","238","75","0","2025","A","N",1,0,0,0,0,0,0,"N",0.18,0,0,0,0,0,0,"N",0,0.0,0,0,0,0,0,0,0,0,0,0,0,0
"72017","5","238","75","0","2025","A","",16,351,10109551,2791371,140121,554,28802,"",1.00,0.98,0.71,0.87,0.74,0.73,0.73,"",2,14.3,21,6.4,408052,4.2,169404,6.5,1845,1.3,-12,-2.1,-619,-2.1
"72019","5","238","75","0","2025","A","N",16,0,0,0,0,0,0,"N",0.84,0,0,0,0,0,0,"N",1,6.7,0,0,0,0,0,0,0,0,0,0,0,0
"72021","5","238","75","0","2025","A","",90,728,26570358,5517643,215954,702,36510,"",0.59,0.40,0.44,0.34,0.26,1.10,1.10,"",1,1.1,16,2.2,2718588,11.4,-328589,-5.6,-33932,-13.6,58,9.0,3014,9.0
"72023","5","238","75","0","2025","A","N",14,0,0,0,0,0,0,"N",0.41,0,0,0,0,0,0,"N",-1,-6.7,0,0,0,0,0,0,0,0,0,0,0,0
"72025","5","238","75","0","2025","A","",54,1989,65378619,15514045,664895,632,32877,"",0.46,1.33,1.32,1.02,0.80,0.99,0.99,"",1,1.9,509,34.4,19729052,43.2,2329595,17.7,141457,27.0,39,6.6,2031,6.6
"72027","5","238","75","0","2025","A","N",10,0,0,0,0,0,0,"N",0.50,0,0,0,0,0,0,"N",-2,-16.7,0,0,0,0,0,0,0,0,0,0,0,0
"72029","5","238","75","0","2025","A","N",13,0,0,0,0,0,0,"N",0.66,0,0,0,0,0,0,"N",1,8.3,0,0,0,0,0,0,0,0,0,0,0,0
"72031","5","238","75","0","2025","A","",50,763,28882703,6423835,283120,728,37838,"",0.48,0.45,0.49,0.38,0.29,1.09,1.09,"",0,0.0,13,1.7,3117998,12.1,497639,8.4,10438,3.8,68,10.3,3508,10.2
"72033","5","238","75","0","2025","A","",16,201,9404316,2003337,63226,902,46885,"",0.99,0.54,0.62,0.48,0.32,1.15,1.15,"",1,6.7,-48,-19.3,-1191376,-11.2,-425739,-17.5,-30840,-32.8,82,10.0,4261,10.0
"72035","5","238","75","0","2025","A","",14,85,2098797,687754,28168,477,24813,"",0.55,0.25,0.19,0.26,0.23,0.77,0.77,"",2,16.7,9,11.8,287531,15.9,100864,17.2,1242,4.6,18,3.9,928,3.9
"72037","5","238","75","0","2025","A","N",3,0,0,0,0,0,0,"N",0.59,0,0,0,0,0,0,"N",1,50.0,0,0,0,0,0,0,0,0,0,0,0,0
"72039","5","238","75","0","2025","A","N",1,0,0,0,0,0,0,"N",0.13,0,0,0,0,0,0,"N",0,0.0,0,0,0,0,0,0,0,0,0,0,0,0
"72041","5","238","75","0","2025","A","",10,54,1451014,512144,23925,518,26954,"",0.49,0.25,0.20,0.25,0.21,0.82,0.82,"",2,25.0,30,125.0,907348,166.9,309747,153.0,14962,166.9,76,17.2,3982,17.3
"72043","5","238","75","0","2025","A","N",10,0,0,0,0,0,0,"N",0.58,0,0,0,0,0,0,"N",2,25.0,0,0,0,0,0,0,0,0,0,0,0,0
"72045","5","238","75","0","2025","A","",9,50,1908247,423060,14489,729,37912,"",1.31,0.82,1.17,1.13,0.75,1.42,1.42,"N",3,50.0,0,0,0,0,0,0,0,0,0,0,0,0
"72047","5","238","75","0","2025","A","N",15,0,0,0,0,0,0,"N",0.89,0,0,0,0,0,0,"N",4,36.4,0,0,0,0,0,0,0,0,0,0,0,0
"72049","5","238","75","0","2025","A","N",1,0,0,0,0,0,0,"N",0.31,0,0,0,0,0,0,"N",0,0.0,0,0,0,0,0,0,0,0,0,0,0,0
"72051","5","238","75","0","2025","A","N",16,0,0,0,0,0,0,"N",0.44,0,0,0,0,0,0,"N",4,33.3,0,0,0,0,0,0,0,0,0,0,0,0
"72053","5","238","75","0","2025","A","N",8,0,0,0,0,0,0,"N",0.32,0,0,0,0,0,0,"N",-1,-11.1,0,0,0,0,0,0,0,0,0,0,0,0
"72054","5","238","75","0","2025","A","N",1,0,0,0,0,0,0,"N",0.32,0,0,0,0,0,0,"N",0,0.0,0,0,0,0,0,0,0,0,0,0,0,0
"72055","5","238","75","0","2025","A","N",4,0,0,0,0,0,0,"N",0.73,0,0,0,0,0,0,"N",0,0.0,0,0,0,0,0,0,0,0,0,0,0,0
"72057","5","238","75","0","2025","A","",12,51,1968769,600524,21983,741,38540,"",0.49,0.15,0.20,0.26,0.17,1.30,1.30,"N",3,33.3,0,0,0,0,0,0,0,0,0,0,0,0
"72059","5","238","75","0","2025","A","",5,62,1895000,499932,26221,591,30730,"",0.74,0.81,0.81,0.71,0.69,1.01,1.01,"",0,0.0,2,3.3,157062,9.0,-17580,-3.4,-949,-3.5,36,6.5,1885,6.5
"72061","5","238","75","0","2025","A","",50,1208,47348354,9536806,361878,754,39201,"",0.38,0.63,0.55,0.45,0.33,0.88,0.88,"",-2,-3.8,-34,-2.7,-2010820,-4.1,-284820,-2.9,-43001,-10.6,-11,-1.4,-554,-1.4
"72063","5","238","75","0","2025","A","N",20,0,0,0,0,0,0,"N",0.96,0,0,0,0,0,0,"N",1,5.3,0,0,0,0,0,0,0,0,0,0,0,0
"72065","5","238","75","0","2025","A","N",9,0,0,0,0,0,0,"N",0.28,0,0,0,0,0,0,"N",1,12.5,0,0,0,0,0,0,0,0,0,0,0,0
"72067","5","238","75","0","2025","A","N",4,0,0,0,0,0,0,"N",0.38,0,0,0,0,0,0,"N",-1,-20.0,0,0,0,0,0,0,0,0,0,0,0,0
"72069","5","238","75","0","2025","A","N",18,0,0,0,0,0,0,"N",0.44,0,0,0,0,0,0,"N",3,20.0,0,0,0,0,0,0,0,0,0,0,0,0
"72071","5","238","75","0","2025","A","N",13,0,0,0,0,0,0,"N",0.44,0,0,0,0,0,0,"N",2,18.2,0,0,0,0,0,0,0,0,0,0,0,0
"72073","5","238","75","0","2025","A","N",2,0,0,0,0,0,0,"N",0.22,0,0,0,0,0,0,"N",-1,-33.3,0,0,0,0,0,0,0,0,0,0,0,0
"72075","5","238","75","0","2025","A","N",12,0,0,0,0,0,0,"N",0.63,0,0,0,0,0,0,"N",-1,-7.7,0,0,0,0,0,0,0,0,0,0,0,0
"72077","5","238","75","0","2025","A","N",12,0,0,0,0,0,0,"N",0.85,0,0,0,0,0,0,"N",2,20.0,0,0,0,0,0,0,0,0,0,0,0,0
"72079","5","238","75","0","2025","A","",6,52,944199,397521,20680,347,18042,"",0.48,0.43,0.32,0.39,0.32,0.75,0.74,"N",0,0.0,0,0,0,0,0,0,0,0,0,0,0,0
"72081","5","238","75","0","2025","A","N",4,0,0,0,0,0,0,"N",0.23,0,0,0,0,0,0,"N",2,100.0,0,0,0,0,0,0,0,0,0,0,0,0
"72083","5","238","75","0","2025","A","N",1,0,0,0,0,0,0,"N",0.20,0,0,0,0,0,0,"N",0,0.0,0,0,0,0,0,0,0,0,0,0,0,0
"72085","5","238","75","0","2025","A","N",12,0,0,0,0,0,0,"N",0.75,0,0,0,0,0,0,"N",0,0.0,0,0,0,0,0,0,0,0,0,0,0,0
"72087","5","238","75","0","2025","A","N",1,0,0,0,0,0,0,"N",0.21,0,0,0,0,0,0,"N",-1,-50.0,0,0,0,0,0,0,0,0,0,0,0,0
"72089","5","238","75","0","2025","A","",6,72,2907427,605774,19479,779,40522,"",0.68,0.94,1.37,0.90,0.50,1.47,1.47,"N",2,50.0,0,0,0,0,0,0,0,0,0,0,0,0
"72091","5","238","75","0","2025","A","N",12,0,0,0,0,0,0,"N",0.38,0,0,0,0,0,0,"N",1,9.1,0,0,0,0,0,0,0,0,0,0,0,0
"72095","5","238","75","0","2025","A","N",1,0,0,0,0,0,0,"N",0.28,0,0,0,0,0,0,"N",0,0.0,0,0,0,0,0,0,0,0,0,0,0,0
"72097","5","238","75","0","2025","A","",35,385,9674398,3180275,148234,483,25107,"",0.44,0.37,0.29,0.37,0.33,0.79,0.79,"",0,0.0,6,1.6,375324,4.0,165252,5.5,2832,1.9,11,2.3,550,2.2
"72099","5","238","75","0","2025","A","N",18,0,0,0,0,0,0,"N",0.71,0,0,0,0,0,0,"N",-1,-5.3,0,0,0,0,0,0,0,0,0,0,0,0
"72101","5","238","75","0","2025","A","N",10,0,0,0,0,0,0,"N",0.86,0,0,0,0,0,0,"N",2,25.0,0,0,0,0,0,0,0,0,0,0,0,0
"72103","5","238","75","0","2025","A","N",8,0,0,0,0,0,0,"N",0.83,0,0,0,0,0,0,"N",-1,-11.1,0,0,0,0,0,0,0,0,0,0,0,0
"72105","5","238","75","0","2025","A","",20,264,7591739,2117750,95860,553,28766,"",1.14,1.93,1.89,1.99,1.51,0.98,0.98,"",-2,-9.1,-25,-8.7,-828782,-9.8,-146545,-6.5,-8638,-8.3,-8,-1.4,-396,-1.4
"72107","5","238","75","0","2025","A","N",7,0,0,0,0,0,0,"N",0.61,0,0,0,0,0,0,"N",0,0.0,0,0,0,0,0,0,0,0,0,0,0,0
"72109","5","238","75","0","2025","A","N",2,0,0,0,0,0,0,"N",0.34,0,0,0,0,0,0,"N",0,0.0,0,0,0,0,0,0,0,0,0,0,0,0
"72111","5","238","75","0","2025","A","",10,184,5332902,1511053,76617,559,29062,"",1.05,2.12,1.92,1.89,1.74,0.91,0.91,"",1,11.1,-5,-2.6,349241,7.0,21586,1.4,-324,-0.4,52,10.3,2693,10.2
"72113","5","238","75","0","2025","A","",51,528,16570542,4298092,174130,603,31354,"",0.44,0.34,0.33,0.33,0.26,1.00,0.99,"",5,10.9,212,67.1,8303292,100.4,1678137,64.1,57486,49.3,100,19.9,5212,19.9
"72115","5","238","75","0","2025","A","N",6,0,0,0,0,0,0,"N",0.45,0,0,0,0,0,0,"N",0,0.0,0,0,0,0,0,0,0,0,0,0,0,0
"72117","5","238","75","0","2025","A","",8,18,388112,130132,4670,413,21462,"",0.57,0.21,0.18,0.17,0.10,0.83,0.83,"N",0,0.0,0,0,0,0,0,0,0,0,0,0,0,0
"72119","5","238","75","0","2025","A","N",7,0,0,0,0,0,0,"N",0.34,0,0,0,0,0,0,"N",1,16.7,0,0,0,0,0,0,0,0,0,0,0,0
"72121","5","238","75","0","2025","A","N",4,0,0,0,0,0,0,"N",0.36,0,0,0,0,0,0,"N",0,0.0,0,0,0,0,0,0,0,0,0,0,0,0
"72123","5","238","75","0","2025","A","N",1,0,0,0,0,0,0,"N",0.09,0,0,0,0,0,0,"N",0,0.0,0,0,0,0,0,0,0,0,0,0,0,0
"72125","5","238","75","0","2025","A","N",2,0,0,0,0,0,0,"N",0.10,0,0,0,0,0,0,"N",0,0.0,0,0,0,0,0,0,0,0,0,0,0,0
"72127","5","238","75","0","2025","A","",184,5938,231315387,49191376,1929446,749,38956,"",0.31,0.70,0.62,0.66,0.49,0.88,0.88,"",-1,-0.5,326,5.8,22377958,10.7,-380327,-0.8,-162638,-7.8,33,4.6,1724,4.6
"72129","5","238","75","0","2025","A","N",6,0,0,0,0,0,0,"N",0.41,0,0,0,0,0,0,"N",0,0.0,0,0,0,0,0,0,0,0,0,0,0,0
"72131","5","238","75","0","2025","A","N",16,0,0,0,0,0,0,"N",0.46,0,0,0,0,0,0,"N",1,6.7,0,0,0,0,0,0,0,0,0,0,0,0
"72133","5","238","75","0","2025","A","",10,77,2235249,723355,30819,559,29092,"",0.76,0.34,0.29,0.40,0.29,0.86,0.86,"",1,11.1,18,30.5,640056,40.1,180577,33.3,13049,73.4,38,7.3,1978,7.3
"72135","5","238","75","0","2025","A","",23,152,4097084,1211448,48547,520,27043,"",1.04,1.01,0.97,0.88,0.68,0.97,0.97,"",-2,-8.0,6,4.1,196626,5.0,27318,2.3,-1041,-2.1,4,0.8,236,0.9
"72137","5","238","75","0","2025","A","",32,310,9485422,2636940,112430,589,30648,"",0.80,0.65,0.62,0.53,0.44,0.95,0.96,"",2,6.7,27,9.5,954724,11.2,249624,10.5,7508,7.2,10,1.7,549,1.8
"72139","5","238","75","0","2025","A","",35,481,14068488,3694299,139676,563,29274,"",1.16,1.40,1.52,1.38,1.03,1.09,1.09,"",-3,-7.9,36,8.1,2372864,20.3,152152,4.3,-10898,-7.2,58,11.5,3006,11.4
"72141","5","238","75","0","2025","A","N",6,0,0,0,0,0,0,"N",0.40,0,0,0,0,0,0,"N",3,100.0,0,0,0,0,0,0,0,0,0,0,0,0
"72143","5","238","75","0","2025","A","N",10,0,0,0,0,0,0,"N",0.56,0,0,0,0,0,0,"N",2,25.0,0,0,0,0,0,0,0,0,0,0,0,0
"72145","5","238","75","0","2025","A","",18,107,3414373,864842,39484,616,32010,"",0.65,0.37,0.35,0.32,0.26,0.96,0.96,"",2,12.5,-2,-1.8,227482,7.1,-6636,-0.8,562,1.4,52,9.2,2683,9.1
"72147","5","238","75","0","2025","A","N",1,0,0,0,0,0,0,"N",0.14,0,0,0,0,0,0,"N",0,0.0,0,0,0,0,0,0,0,0,0,0,0,0
"72149","5","238","75","0","2025","A","N",6,0,0,0,0,0,0,"N",0.69,0,0,0,0,0,0,"N",-1,-14.3,0,0,0,0,0,0,0,0,0,0,0,0
"72151","5","238","75","0","2025","A","N",3,0,0,0,0,0,0,"N",0.28,0,0,0,0,0,0,"N",0,0.0,0,0,0,0,0,0,0,0,0,0,0,0
"72153","5","238","75","0","2025","A","N",7,0,0,0,0,0,0,"N",0.30,0,0,0,0,0,0,"N",2,40.0,0,0,0,0,0,0,0,0,0,0,0,0
"72999","5","238","75","0","2025","A","N",7,0,0,0,0,0,0,"N",0.27,0,0,0,0,0,0,"N",0,0.0,0,0,0,0,0,0,0,0,0,0,0,0
"78000","5","238","55","0","2025","A","",120,588,39945758,20270840,822818,1306,67887,"",0.82,0.51,0.64,0.72,0.47,1.25,1.25,"",-30,-20.0,-55,-8.6,1527939,4.0,-982343,-4.6,-39632,-4.6,157,13.7,8131,13.6
"78010","5","238","75","0","2025","A","N",50,0,0,0,0,0,0,"N",0.90,0,0,0,0,0,0,"N",-15,-23.1,0,0,0,0,0,0,0,0,0,0,0,0
"78020","5","238","75","0","2025","A","N",12,0,0,0,0,0,0,"N",0.87,0,0,0,0,0,0,"N",-5,-29.4,0,0,0,0,0,0,0,0,0,0,0,0
"78030","5","238","75","0","2025","A","N",58,0,0,0,0,0,0,"N",0.75,0,0,0,0,0,0,"N",-10,-14.7,0,0,0,0,0,0,0,0,0,0,0,0
"US000","2","238","15","0","2025","A","N",6,0,0,0,0,0,0,"N",1.00,0,0,0,0,0,0,"N",0,0.0,0,0,0,0,0,0,0,0,0,0,0,0
"US000","3","238","15","0","2025","A","",74,1012,65538587,646295,11453,1246,64772,"",1.00,1.00,1.00,1.00,1.00,1.00,1.00,"",-4,-5.1,-29,-2.8,1265126,2.0,-127652,-16.5,-11616,-50.4,59,5.0,3050,4.9
"US000","5","238","15","0","2025","A","",592340,5208070,410504873002,106446542573,2759715290,1516,78821,"",1.00,1.00,1.00,1.00,1.00,1.00,1.00,"",3900,0.7,56836,1.1,22775143935,5.9,3646310237,3.5,79682460,3.0,69,4.8,3552,4.7
