"app","prospect_type","segment","name","website","location","size_signal","fit_rationale","contact_route","decision_maker_role","source_url","source_type","confidence","collected_on","notes"
"staylegal","end-customer","national str operator","Vacasa","https://www.vacasa.com/","Portland, OR","","Largest US vacation-rental manager; holds permits in hundreds of jurisdictions. Named as an anchor logo but almost certainly too large for the $149-249 per-property offer.","https://www.vacasa.com/partnerships/book-now-pay-later-with-affirm","director of compliance / operations","https://www.vacasa.com/","company-site","verified","2026-09-03",""
"staylegal","end-customer","national str operator","Evolve","https://evolve.com/","Denver, CO","","National half-service manager with tens of thousands of owner clients, many of whom still file their own permits - a referral route to the individual host.","https://evolve.com/contact","director of compliance / operations","https://evolve.com/","company-site","verified","2026-09-03",""
"staylegal","end-customer","national str operator","AvantStay","https://www.avantstay.com/","Los Angeles, CA","","Design-led STR operator across regulated leisure markets; multi-permit portfolio.","https://avantstay.com/contact","director of compliance / operations","https://www.avantstay.com/","company-site","verified","2026-09-03",""
"staylegal","end-customer","national str operator","Casago","https://casago.com/","Scottsdale, AZ","","Franchised vacation-rental manager (acquired Vacasa's brand) with local franchisees in permit markets - each franchise is a separate buyer.","https://casago.com/contact/","director of compliance / operations","https://casago.com/","company-site","verified","2026-09-03",""
"staylegal","end-customer","national str operator","iTrip Vacations","https://www.itrip.net/","Atlanta, GA","over 100 franchise locations","Franchise network of local vacation-rental managers; each franchise files its own city permits.","https://www.itrip.net/contact","director of compliance / operations","https://www.itrip.net/","company-site","verified","2026-09-03",""
"staylegal","end-customer","national str operator","Grand Welcome","https://www.grandwelcome.com/","Los Angeles, CA","2,200+ properties","Franchised vacation-rental management brand appearing in Nashville, Orlando and San Diego city guides.","https://www.grandwelcome.com/contact-us","director of compliance / operations","https://www.grandwelcome.com/","company-site","verified","2026-09-03",""
"staylegal","end-customer","national str operator","Property Management Inc (PMI)","https://www.propertymanagementinc.com/","Salt Lake City, UT","","Franchise system whose STR division appears in the Kissimmee and Lake Havasu city guides.","https://www.propertymanagementinc.com/contact","director of compliance / operations","https://www.propertymanagementinc.com/","company-site","verified","2026-09-03",""
"staylegal","end-customer","national str operator","Vtrips","https://www.vtrips.com/","Jacksonville, FL","","Multi-market vacation-rental manager across southeast beach permit markets.","reservations@vtrips.com","director of compliance / operations","https://www.vtrips.com/","company-site","verified","2026-09-03",""
"staylegal","end-customer","national str operator","Natural Retreats","https://www.naturalretreats.com/","Jackson Hole, WY","","Luxury vacation-rental manager across US mountain and beach destinations.","https://www.naturalretreats.com/about-us/contact-us","director of compliance / operations","https://www.naturalretreats.com/","company-site","verified","2026-09-03",""
"staylegal","end-customer","national str operator","Wander","https://www.wander.com/","Austin, TX","","Vertically integrated luxury STR operator holding permits on every home it owns or leases.","https://www.wander.com/","director of compliance / operations","https://www.wander.com/","company-site","verified","2026-09-03",""
"staylegal","end-customer","national str operator","Kasa Living","https://kasa.com/","San Francisco, CA","","Tech-enabled apartment-hotel operator; permits and registrations in many of the same cities.","https://kasa.com/sales/corporate-partnerships","director of compliance / operations","https://kasa.com/","company-site","verified","2026-09-03",""
"staylegal","end-customer","national str operator","Placemakr","https://placemakr.com/","Washington, DC","","Flexible-living operator in regulated urban markets.","https://www.placemakr.com/contact-us","director of compliance / operations","https://placemakr.com/","company-site","verified","2026-09-03",""
"staylegal","end-customer","national str operator","Mint House","https://www.minthouse.com/","New York, NY","","Apartment-hotel brand operating in cities with STR registration regimes.","https://kasa.com/property-partners","director of compliance / operations","https://www.minthouse.com/","company-site","verified","2026-09-03",""
"staylegal","end-customer","national str operator","Sonder","https://www.sonder.com/","San Francisco, CA","","Urban short-stay operator; appears in the New York city guide and faces the strictest registration regimes.","https://www.sonder.com/","director of compliance / operations","https://www.sonder.com/","company-site","secondary","2026-09-03","site did not return a readable page from this environment; domain recorded from the source list"
"staylegal","end-customer","national str operator","Twiddy & Company","https://www.twiddy.com/","Duck, NC","1,000+ homes","One of the largest Outer Banks agencies; a multi-hundred-permit operator in Dare County.","https://www.twiddy.com/contact/","director of compliance / operations","https://www.twiddy.com/","company-site","verified","2026-09-03",""
"staylegal","end-customer","national str operator","KEES Vacations","https://www.keesouterbanks.com/","Kill Devil Hills, NC","","Outer Banks agency with 300+ homes per its own site.","https://www.keesouterbanks.com/contact/employment","director of compliance / operations","https://www.keesouterbanks.com/","company-site","verified","2026-09-03",""
"staylegal","end-customer","national str operator","Seaside Vacations","https://www.outerbanksvacations.com/","Kill Devil Hills, NC","","Outer Banks rental agency.","https://www.outerbanksvacations.com/contact-us","director of compliance / operations","https://www.outerbanksvacations.com/","company-site","verified","2026-09-03",""
"staylegal","end-customer","national str operator","Beach Realty & Construction / Kitty Hawk Rentals","https://www.beachrealtync.com/","Kitty Hawk, NC","Over 400 Vacation Rentals","Outer Banks agency operating since 1964.","https://www.beachrealtync.com/contact-us-construction","director of compliance / operations","https://www.beachrealtync.com/","company-site","verified","2026-09-03",""
"staylegal","end-customer","national str operator","Meredith Lodging","https://www.meredithlodging.com/","Oregon coast","","Regional vacation-rental manager across Oregon coast permit towns.","https://www.meredithlodging.com/","director of compliance / operations","https://www.meredithlodging.com/","company-site","verified","2026-09-03",""
"staylegal","end-customer","str management company","Caldwell Heritage","","Albuquerque, New Mexico","","Manages short-term rentals for owners in Albuquerque, New Mexico, so it holds and must renew a city STR permit for every unit it takes on - the exact filing and renewal work StayLegal does.","","owner / principal","https://www.bnbcalc.com/blog/property-management/pmc-albuquerque-new-mexico","list-article","secondary","2026-09-03","a domain built from the name returned a page with no rental or property-management content, so no website is asserted for this company"
"staylegal","end-customer","str management company","MasterHost Albuquerque","","Albuquerque, New Mexico","","Manages short-term rentals for owners in Albuquerque, New Mexico, so it holds and must renew a city STR permit for every unit it takes on - the exact filing and renewal work StayLegal does.","","owner / principal","https://www.bnbcalc.com/blog/property-management/pmc-albuquerque-new-mexico","list-article","secondary","2026-09-03","website not confirmed: no candidate domain built from the name returned a page identifying this company"
"staylegal","end-customer","str management company","Soda Stays","","Albuquerque, New Mexico; Atlanta, Georgia; Charlotte, North Carolina; Chicago, Illinois","","Manages short-term rentals for owners in Albuquerque, New Mexico, so it holds and must renew a city STR permit for every unit it takes on - the exact filing and renewal work StayLegal does.","","owner / principal","https://www.bnbcalc.com/blog/property-management/pmc-albuquerque-new-mexico","list-article","secondary","2026-09-03","website not confirmed: no candidate domain built from the name returned a page identifying this company; listed in 11 city guides"
"staylegal","end-customer","str management company","Rock Solid Property Management","","Albuquerque, New Mexico","","Manages short-term rentals for owners in Albuquerque, New Mexico, so it holds and must renew a city STR permit for every unit it takes on - the exact filing and renewal work StayLegal does.","","owner / principal","https://www.bnbcalc.com/blog/property-management/pmc-albuquerque-new-mexico","list-article","secondary","2026-09-03","website not confirmed: no candidate domain built from the name returned a page identifying this company"
"staylegal","end-customer","str management company","GDR Property Solutions","","Albuquerque, New Mexico","","Manages short-term rentals for owners in Albuquerque, New Mexico, so it holds and must renew a city STR permit for every unit it takes on - the exact filing and renewal work StayLegal does.","","owner / principal","https://www.bnbcalc.com/blog/property-management/pmc-albuquerque-new-mexico","list-article","secondary","2026-09-03","website not confirmed: no candidate domain built from the name returned a page identifying this company"
"staylegal","end-customer","str management company","Thunderbird Property Management","","Albuquerque, New Mexico","","Manages short-term rentals for owners in Albuquerque, New Mexico, so it holds and must renew a city STR permit for every unit it takes on - the exact filing and renewal work StayLegal does.","","owner / principal","https://www.bnbcalc.com/blog/property-management/pmc-albuquerque-new-mexico","list-article","secondary","2026-09-03","website not confirmed: no candidate domain built from the name returned a page identifying this company"
"staylegal","end-customer","str management company","Rhino Realty B&B","","Albuquerque, New Mexico","","Manages short-term rentals for owners in Albuquerque, New Mexico, so it holds and must renew a city STR permit for every unit it takes on - the exact filing and renewal work StayLegal does.","","owner / principal","https://www.bnbcalc.com/blog/property-management/pmc-albuquerque-new-mexico","list-article","secondary","2026-09-03","website not confirmed: no candidate domain built from the name returned a page identifying this company"
"staylegal","end-customer","str management company","The M Real Estate Group","","Albuquerque, New Mexico","","Manages short-term rentals for owners in Albuquerque, New Mexico, so it holds and must renew a city STR permit for every unit it takes on - the exact filing and renewal work StayLegal does.","","owner / principal","https://www.bnbcalc.com/blog/property-management/pmc-albuquerque-new-mexico","list-article","secondary","2026-09-03","website not confirmed: no candidate domain built from the name returned a page identifying this company"
"staylegal","end-customer","str management company","Roy Briley Rental Management","","Anchorage, Alaska","","Manages short-term rentals for owners in Anchorage, Alaska, so it holds and must renew a city STR permit for every unit it takes on - the exact filing and renewal work StayLegal does.","","owner / principal","https://www.bnbcalc.com/blog/property-management/pmc-anchorage-alaska","list-article","secondary","2026-09-03","website not confirmed: no candidate domain built from the name returned a page identifying this company"
"staylegal","end-customer","str management company","Outpost Vacation Rentals Alaska","","Anchorage, Alaska","","Manages short-term rentals for owners in Anchorage, Alaska, so it holds and must renew a city STR permit for every unit it takes on - the exact filing and renewal work StayLegal does.","","owner / principal","https://www.bnbcalc.com/blog/property-management/pmc-anchorage-alaska","list-article","secondary","2026-09-03","website not confirmed: no candidate domain built from the name returned a page identifying this company"
"staylegal","end-customer","str management company","Real Property Management Last Frontier","","Anchorage, Alaska","","Manages short-term rentals for owners in Anchorage, Alaska, so it holds and must renew a city STR permit for every unit it takes on - the exact filing and renewal work StayLegal does.","","owner / principal","https://www.bnbcalc.com/blog/property-management/pmc-anchorage-alaska","list-article","secondary","2026-09-03","website not confirmed: no candidate domain built from the name returned a page identifying this company"
"staylegal","end-customer","str management company","GoSummer Vacation Rental Management","","Anchorage, Alaska","","Manages short-term rentals for owners in Anchorage, Alaska, so it holds and must renew a city STR permit for every unit it takes on - the exact filing and renewal work StayLegal does.","","owner / principal","https://www.bnbcalc.com/blog/property-management/pmc-anchorage-alaska","list-article","secondary","2026-09-03","website not confirmed: no candidate domain built from the name returned a page identifying this company"
"staylegal","end-customer","str management company","Jack White Real Estate Property Management","","Anchorage, Alaska","","Manages short-term rentals for owners in Anchorage, Alaska, so it holds and must renew a city STR permit for every unit it takes on - the exact filing and renewal work StayLegal does.","","owner / principal","https://www.bnbcalc.com/blog/property-management/pmc-anchorage-alaska","list-article","secondary","2026-09-03","website not confirmed: no candidate domain built from the name returned a page identifying this company"
"staylegal","end-customer","str management company","Alaska Property Managers LLC","","Anchorage, Alaska","","Manages short-term rentals for owners in Anchorage, Alaska, so it holds and must renew a city STR permit for every unit it takes on - the exact filing and renewal work StayLegal does.","","owner / principal","https://www.bnbcalc.com/blog/property-management/pmc-anchorage-alaska","list-article","secondary","2026-09-03","website not confirmed: no candidate domain built from the name returned a page identifying this company"
"staylegal","end-customer","str management company","Resolution Property Management","","Anchorage, Alaska","","Manages short-term rentals for owners in Anchorage, Alaska, so it holds and must renew a city STR permit for every unit it takes on - the exact filing and renewal work StayLegal does.","","owner / principal","https://www.bnbcalc.com/blog/property-management/pmc-anchorage-alaska","list-article","secondary","2026-09-03","website not confirmed: no candidate domain built from the name returned a page identifying this company"
"staylegal","end-customer","str management company","OverWatch Real Estate Management","","Anchorage, Alaska","","Manages short-term rentals for owners in Anchorage, Alaska, so it holds and must renew a city STR permit for every unit it takes on - the exact filing and renewal work StayLegal does.","","owner / principal","https://www.bnbcalc.com/blog/property-management/pmc-anchorage-alaska","list-article","secondary","2026-09-03","website not confirmed: no candidate domain built from the name returned a page identifying this company"
"staylegal","end-customer","str management company","Property Keepers","","Arlington, Texas","","Manages short-term rentals for owners in Arlington, Texas, so it holds and must renew a city STR permit for every unit it takes on - the exact filing and renewal work StayLegal does.","","owner / principal","https://www.bnbcalc.com/blog/property-management/pmc-arlington-texas","list-article","secondary","2026-09-03","a domain built from the name returned a page with no rental or property-management content, so no website is asserted for this company"
"staylegal","end-customer","str management company","Red One Management","","Arlington, Texas; Garland, Texas; McKinney, Texas","","Manages short-term rentals for owners in Arlington, Texas, so it holds and must renew a city STR permit for every unit it takes on - the exact filing and renewal work StayLegal does.","","owner / principal","https://www.bnbcalc.com/blog/property-management/pmc-arlington-texas","list-article","secondary","2026-09-03","website not confirmed: no candidate domain built from the name returned a page identifying this company; listed in 3 city guides"
"staylegal","end-customer","str management company","DFW Rent Houses","https://www.dfwrenthouses.com","Arlington, Texas","","Manages short-term rentals for owners in Arlington, Texas, so it holds and must renew a city STR permit for every unit it takes on - the exact filing and renewal work StayLegal does.","https://www.dfwrenthouses.com/contact/","owner / principal","https://www.bnbcalc.com/blog/property-management/pmc-arlington-texas","list-article","verified","2026-09-03",""
"staylegal","end-customer","str management company","Classic Property Management","https://www.classic-property-management.com","Arlington, Texas","","Manages short-term rentals for owners in Arlington, Texas, so it holds and must renew a city STR permit for every unit it takes on - the exact filing and renewal work StayLegal does.","https://3661arden.com/contact-us/","owner / principal","https://www.bnbcalc.com/blog/property-management/pmc-arlington-texas","list-article","verified","2026-09-03",""
"staylegal","end-customer","str management company","English Realty LLC","","Arlington, Texas","","Manages short-term rentals for owners in Arlington, Texas, so it holds and must renew a city STR permit for every unit it takes on - the exact filing and renewal work StayLegal does.","","owner / principal","https://www.bnbcalc.com/blog/property-management/pmc-arlington-texas","list-article","secondary","2026-09-03","a domain built from the name returned a page with no rental or property-management content, so no website is asserted for this company"
"staylegal","end-customer","str management company","West Property Management Services","","Arlington, Texas","","Manages short-term rentals for owners in Arlington, Texas, so it holds and must renew a city STR permit for every unit it takes on - the exact filing and renewal work StayLegal does.","","owner / principal","https://www.bnbcalc.com/blog/property-management/pmc-arlington-texas","list-article","secondary","2026-09-03","website not confirmed: no candidate domain built from the name returned a page identifying this company"
"staylegal","end-customer","str management company","Real Sense Property Management","","Arlington, Texas","","Manages short-term rentals for owners in Arlington, Texas, so it holds and must renew a city STR permit for every unit it takes on - the exact filing and renewal work StayLegal does.","","owner / principal","https://www.bnbcalc.com/blog/property-management/pmc-arlington-texas","list-article","secondary","2026-09-03","website not confirmed: no candidate domain built from the name returned a page identifying this company"
"staylegal","end-customer","str management company","Carolina Mornings","https://www.carolinamornings.com","Asheville, North Carolina","","Manages short-term rentals for owners in Asheville, North Carolina, so it holds and must renew a city STR permit for every unit it takes on - the exact filing and renewal work StayLegal does.","https://www.carolinamornings.com/contact-us","owner / principal","https://www.bnbcalc.com/blog/property-management/pmc-asheville-north-carolina","list-article","verified","2026-09-03",""
"staylegal","end-customer","str management company","Air Concierge","https://www.airconcierge.com","Asheville, North Carolina; Huntington Beach, California; Jersey City, New Jersey; Los Angeles, California","","Manages short-term rentals for owners in Asheville, North Carolina, so it holds and must renew a city STR permit for every unit it takes on - the exact filing and renewal work StayLegal does.","https://www.airconcierge.com/customer-center/faq/contact","owner / principal","https://www.bnbcalc.com/blog/property-management/pmc-asheville-north-carolina","list-article","verified","2026-09-03","homepage showed only limited category signals (rentals); listed in 10 city guides"
"staylegal","end-customer","str management company","Greybeard Rentals","https://www.greybeardrentals.com","Asheville, North Carolina","","Manages short-term rentals for owners in Asheville, North Carolina, so it holds and must renew a city STR permit for every unit it takes on - the exact filing and renewal work StayLegal does.","https://www.greybeardrentals.com/contact-us","owner / principal","https://www.bnbcalc.com/blog/property-management/pmc-asheville-north-carolina","list-article","verified","2026-09-03",""
"staylegal","end-customer","str management company","Home Team Vacation Rentals","","Asheville, North Carolina; Baton Rouge, Louisiana; Boise City, Idaho; Boston, Massachusetts","","Manages short-term rentals for owners in Asheville, North Carolina, so it holds and must renew a city STR permit for every unit it takes on - the exact filing and renewal work StayLegal does.","","owner / principal","https://www.bnbcalc.com/blog/property-management/pmc-asheville-north-carolina","list-article","secondary","2026-09-03","website not confirmed: no candidate domain built from the name returned a page identifying this company; listed in 21 city guides"
"staylegal","end-customer","str management company","The BNB Way","","Asheville, North Carolina","","Manages short-term rentals for owners in Asheville, North Carolina, so it holds and must renew a city STR permit for every unit it takes on - the exact filing and renewal work StayLegal does.","","owner / principal","https://www.bnbcalc.com/blog/property-management/pmc-asheville-north-carolina","list-article","secondary","2026-09-03","a domain built from the name returned a page with no rental or property-management content, so no website is asserted for this company"
"staylegal","end-customer","str management company","Yonder Vacation Rentals","","Asheville, North Carolina","","Manages short-term rentals for owners in Asheville, North Carolina, so it holds and must renew a city STR permit for every unit it takes on - the exact filing and renewal work StayLegal does.","","owner / principal","https://www.bnbcalc.com/blog/property-management/pmc-asheville-north-carolina","list-article","secondary","2026-09-03","website not confirmed: no candidate domain built from the name returned a page identifying this company"
"staylegal","end-customer","str management company","Host Haven","https://www.hosthavenstays.com","Asheville, North Carolina; Atlanta, Georgia; Honolulu, Hawaii","","Manages short-term rentals for owners in Asheville, North Carolina, so it holds and must renew a city STR permit for every unit it takes on - the exact filing and renewal work StayLegal does.","https://www.hosthavenstays.com","owner / principal","https://www.bnbcalc.com/blog/property-management/pmc-asheville-north-carolina","list-article","verified","2026-09-03","listed in 3 city guides"
"staylegal","end-customer","str management company","Go Summer","","Asheville, North Carolina; Henderson, Nevada; St. George, Utah; Tulsa, Oklahoma","","Manages short-term rentals for owners in Asheville, North Carolina, so it holds and must renew a city STR permit for every unit it takes on - the exact filing and renewal work StayLegal does.","","owner / principal","https://www.bnbcalc.com/blog/property-management/pmc-asheville-north-carolina","list-article","secondary","2026-09-03","website not confirmed: no candidate domain built from the name returned a page identifying this company; listed in 4 city guides"
"staylegal","end-customer","str management company","Black Bear Rentals","","Asheville, North Carolina","","Manages short-term rentals for owners in Asheville, North Carolina, so it holds and must renew a city STR permit for every unit it takes on - the exact filing and renewal work StayLegal does.","","owner / principal","https://www.bnbcalc.com/blog/property-management/pmc-asheville-north-carolina","list-article","secondary","2026-09-03","website not confirmed: no candidate domain built from the name returned a page identifying this company"
"staylegal","end-customer","str management company","MasterHost","","Atlanta, Georgia; Austin, Texas; Chandler, Arizona; Chicago, Illinois","","Manages short-term rentals for owners in Atlanta, Georgia, so it holds and must renew a city STR permit for every unit it takes on - the exact filing and renewal work StayLegal does.","","owner / principal","https://www.bnbcalc.com/blog/property-management/pmc-atlanta-georgia","list-article","secondary","2026-09-03","website not confirmed: no candidate domain built from the name returned a page identifying this company; listed in 42 city guides"
"staylegal","end-customer","str management company","Skye Management","","Atlanta, Georgia","","Manages short-term rentals for owners in Atlanta, Georgia, so it holds and must renew a city STR permit for every unit it takes on - the exact filing and renewal work StayLegal does.","","owner / principal","https://www.bnbcalc.com/blog/property-management/pmc-atlanta-georgia","list-article","secondary","2026-09-03","website not confirmed: no candidate domain built from the name returned a page identifying this company"
"staylegal","end-customer","str management company","HostGenius","https://www.hostgenius.com","Atlanta, Georgia; Chula Vista, California; Fort Lauderdale, Florida; Huntington Beach, California","3,000+ Properties","Manages short-term rentals for owners in Atlanta, Georgia, so it holds and must renew a city STR permit for every unit it takes on - the exact filing and renewal work StayLegal does.","hello@hostgenius.com","owner / principal","https://www.bnbcalc.com/blog/property-management/pmc-atlanta-georgia","list-article","verified","2026-09-03","listed in 10 city guides"
"staylegal","end-customer","str management company","McNiece Management","https://www.mcniecemanagement.com","Atlanta, Georgia; Boston, Massachusetts; Dallas, Texas; Houston, Texas","","Manages short-term rentals for owners in Atlanta, Georgia, so it holds and must renew a city STR permit for every unit it takes on - the exact filing and renewal work StayLegal does.","https://mcniecemanagement.com/contact/","owner / principal","https://www.bnbcalc.com/blog/property-management/pmc-atlanta-georgia","list-article","verified","2026-09-03","listed in 6 city guides"
"staylegal","end-customer","str management company","You Too Can Host","https://www.youtoocanhost.com","Atlanta, Georgia","","Manages short-term rentals for owners in Atlanta, Georgia, so it holds and must renew a city STR permit for every unit it takes on - the exact filing and renewal work StayLegal does.","https://www.youtoocanhost.com/contact","owner / principal","https://www.bnbcalc.com/blog/property-management/pmc-atlanta-georgia","list-article","verified","2026-09-03",""
"staylegal","end-customer","str management company","Southern Charm Real Estate Services","","Atlanta, Georgia","","Manages short-term rentals for owners in Atlanta, Georgia, so it holds and must renew a city STR permit for every unit it takes on - the exact filing and renewal work StayLegal does.","","owner / principal","https://www.bnbcalc.com/blog/property-management/pmc-atlanta-georgia","list-article","secondary","2026-09-03","website not confirmed: no candidate domain built from the name returned a page identifying this company"
"staylegal","end-customer","str management company","Hitlist Rental Management","","Atlanta, Georgia","","Manages short-term rentals for owners in Atlanta, Georgia, so it holds and must renew a city STR permit for every unit it takes on - the exact filing and renewal work StayLegal does.","","owner / principal","https://www.bnbcalc.com/blog/property-management/pmc-atlanta-georgia","list-article","secondary","2026-09-03","website not confirmed: no candidate domain built from the name returned a page identifying this company"
"staylegal","end-customer","str management company","Effortless Rental Group","https://www.effortlessrentalgroup.com","Aurora, Colorado","","Manages short-term rentals for owners in Aurora, Colorado, so it holds and must renew a city STR permit for every unit it takes on - the exact filing and renewal work StayLegal does.","https://www.effortlessrentalgroup.com","owner / principal","https://www.bnbcalc.com/blog/property-management/pmc-aurora-colorado","list-article","verified","2026-09-03",""
"staylegal","end-customer","str management company","Colorado Realty and Property Management, Inc","","Aurora, Colorado; Colorado Springs, Colorado","","Manages short-term rentals for owners in Aurora, Colorado, so it holds and must renew a city STR permit for every unit it takes on - the exact filing and renewal work StayLegal does.","","owner / principal","https://www.bnbcalc.com/blog/property-management/pmc-aurora-colorado","list-article","secondary","2026-09-03","website not confirmed: no candidate domain built from the name returned a page identifying this company; listed in 2 city guides"
"staylegal","end-customer","str management company (franchise/branch)","Keyrenter Property Management Denver","","Aurora, Colorado; Colorado Springs, Colorado; Lakewood, Colorado","","Local franchise or branch of a national vacation-rental brand, operating in Aurora, Colorado: a separate business that files its own city STR permits.","","franchise owner / general manager","https://www.bnbcalc.com/blog/property-management/pmc-aurora-colorado","list-article","secondary","2026-09-03","website not confirmed: no candidate domain built from the name returned a page identifying this company; listed in 3 city guides"
"staylegal","end-customer","str management company","SkyHaus Property Management","","Aurora, Colorado","","Manages short-term rentals for owners in Aurora, Colorado, so it holds and must renew a city STR permit for every unit it takes on - the exact filing and renewal work StayLegal does.","","owner / principal","https://www.bnbcalc.com/blog/property-management/pmc-aurora-colorado","list-article","secondary","2026-09-03","website not confirmed: no candidate domain built from the name returned a page identifying this company"
"staylegal","end-customer","str management company","SummitBNB","","Aurora, Colorado","","Manages short-term rentals for owners in Aurora, Colorado, so it holds and must renew a city STR permit for every unit it takes on - the exact filing and renewal work StayLegal does.","","owner / principal","https://www.bnbcalc.com/blog/property-management/pmc-aurora-colorado","list-article","secondary","2026-09-03","website not confirmed: no candidate domain built from the name returned a page identifying this company"
"staylegal","end-customer","str management company","Highline Management","","Aurora, Colorado; Denver, Colorado","","Manages short-term rentals for owners in Aurora, Colorado, so it holds and must renew a city STR permit for every unit it takes on - the exact filing and renewal work StayLegal does.","","owner / principal","https://www.bnbcalc.com/blog/property-management/pmc-aurora-colorado","list-article","secondary","2026-09-03","website not confirmed: no candidate domain built from the name returned a page identifying this company; listed in 2 city guides"
"staylegal","end-customer","str management company","AirYep","","Aurora, Colorado","","Manages short-term rentals for owners in Aurora, Colorado, so it holds and must renew a city STR permit for every unit it takes on - the exact filing and renewal work StayLegal does.","","owner / principal","https://www.bnbcalc.com/blog/property-management/pmc-aurora-colorado","list-article","secondary","2026-09-03","website not confirmed: no candidate domain built from the name returned a page identifying this company"
"staylegal","end-customer","str management company","Pioneer Property Management","","Aurora, Colorado; Denver, Colorado; Lakewood, Colorado","","Manages short-term rentals for owners in Aurora, Colorado, so it holds and must renew a city STR permit for every unit it takes on - the exact filing and renewal work StayLegal does.","","owner / principal","https://www.bnbcalc.com/blog/property-management/pmc-aurora-colorado","list-article","secondary","2026-09-03","website not confirmed: no candidate domain built from the name returned a page identifying this company; listed in 3 city guides"
"staylegal","end-customer","str management company","Eclipse Vacation Rentals","","Aurora, Colorado","","Manages short-term rentals for owners in Aurora, Colorado, so it holds and must renew a city STR permit for every unit it takes on - the exact filing and renewal work StayLegal does.","","owner / principal","https://www.bnbcalc.com/blog/property-management/pmc-aurora-colorado","list-article","secondary","2026-09-03","website not confirmed: no candidate domain built from the name returned a page identifying this company"
"staylegal","end-customer","str management company","Lux Corporate Housing","","Aurora, Colorado","","Manages short-term rentals for owners in Aurora, Colorado, so it holds and must renew a city STR permit for every unit it takes on - the exact filing and renewal work StayLegal does.","","owner / principal","https://www.bnbcalc.com/blog/property-management/pmc-aurora-colorado","list-article","secondary","2026-09-03","website not confirmed: no candidate domain built from the name returned a page identifying this company"
"staylegal","end-customer","str management company","Surge Property Management","https://www.surgepropertymanagement.com","Austin, Texas; Fort Worth, Texas; Garland, Texas; San Antonio, Texas","","Manages short-term rentals for owners in Austin, Texas, so it holds and must renew a city STR permit for every unit it takes on - the exact filing and renewal work StayLegal does.","https://www.surgepropertymanagement.com/contact","owner / principal","https://www.bnbcalc.com/blog/property-management/pmc-austin-texas","list-article","verified","2026-09-03","listed in 4 city guides"
"staylegal","end-customer","str management company","GuestSpaces","https://www.guestspaces.com","Austin, Texas","","Manages short-term rentals for owners in Austin, Texas, so it holds and must renew a city STR permit for every unit it takes on - the exact filing and renewal work StayLegal does.","info@guestspaces.com","owner / principal","https://www.bnbcalc.com/blog/property-management/pmc-austin-texas","list-article","verified","2026-09-03",""
"staylegal","end-customer","str management company","Guestable","https://www.guestable.com","Austin, Texas; Chicago, Illinois; Fort Lauderdale, Florida; Huntington Beach, California","","Manages short-term rentals for owners in Austin, Texas, so it holds and must renew a city STR permit for every unit it takes on - the exact filing and renewal work StayLegal does.","https://www.guestable.com/contact-us/","owner / principal","https://www.bnbcalc.com/blog/property-management/pmc-austin-texas","list-article","verified","2026-09-03","listed in 17 city guides"
"staylegal","end-customer","str management company","Austin Vacay","https://www.austinvacay.com","Austin, Texas","","Manages short-term rentals for owners in Austin, Texas, so it holds and must renew a city STR permit for every unit it takes on - the exact filing and renewal work StayLegal does.","https://www.austinvacay.com/contact-us","owner / principal","https://www.bnbcalc.com/blog/property-management/pmc-austin-texas","list-article","verified","2026-09-03",""
"staylegal","end-customer","str management company","Guest Haus Rentals","","Austin, Texas","","Manages short-term rentals for owners in Austin, Texas, so it holds and must renew a city STR permit for every unit it takes on - the exact filing and renewal work StayLegal does.","","owner / principal","https://www.bnbcalc.com/blog/property-management/pmc-austin-texas","list-article","secondary","2026-09-03","website not confirmed: no candidate domain built from the name returned a page identifying this company"
"staylegal","end-customer","str management company","ATX Property Management","https://www.atxpropertymanagement.com","Austin, Texas","","Manages short-term rentals for owners in Austin, Texas, so it holds and must renew a city STR permit for every unit it takes on - the exact filing and renewal work StayLegal does.","https://www.atxpropertymanagement.com/contact","owner / principal","https://www.bnbcalc.com/blog/property-management/pmc-austin-texas","list-article","verified","2026-09-03",""
"staylegal","end-customer","str management company","512-Society Property Management","","Austin, Texas","","Manages short-term rentals for owners in Austin, Texas, so it holds and must renew a city STR permit for every unit it takes on - the exact filing and renewal work StayLegal does.","","owner / principal","https://www.bnbcalc.com/blog/property-management/pmc-austin-texas","list-article","secondary","2026-09-03","website not confirmed: no candidate domain built from the name returned a page identifying this company"
"staylegal","end-customer","str management company","HostAid Baltimore","","Baltimore, Maryland","","Manages short-term rentals for owners in Baltimore, Maryland, so it holds and must renew a city STR permit for every unit it takes on - the exact filing and renewal work StayLegal does.","","owner / principal","https://www.bnbcalc.com/blog/property-management/pmc-baltimore-maryland","list-article","secondary","2026-09-03","website not confirmed: no candidate domain built from the name returned a page identifying this company"
"staylegal","end-customer","str management company","CairbNb LLC","","Baltimore, Maryland","","Manages short-term rentals for owners in Baltimore, Maryland, so it holds and must renew a city STR permit for every unit it takes on - the exact filing and renewal work StayLegal does.","","owner / principal","https://www.bnbcalc.com/blog/property-management/pmc-baltimore-maryland","list-article","secondary","2026-09-03","website not confirmed: no candidate domain built from the name returned a page identifying this company"
"staylegal","end-customer","str management company","Bay Property Management Group","","Baltimore, Maryland; Richmond, Virginia","","Manages short-term rentals for owners in Baltimore, Maryland, so it holds and must renew a city STR permit for every unit it takes on - the exact filing and renewal work StayLegal does.","","owner / principal","https://www.bnbcalc.com/blog/property-management/pmc-baltimore-maryland","list-article","secondary","2026-09-03","website not confirmed: no candidate domain built from the name returned a page identifying this company; listed in 2 city guides"
"staylegal","end-customer","str management company","Peace of Mind Property Management","","Baltimore, Maryland","","Manages short-term rentals for owners in Baltimore, Maryland, so it holds and must renew a city STR permit for every unit it takes on - the exact filing and renewal work StayLegal does.","","owner / principal","https://www.bnbcalc.com/blog/property-management/pmc-baltimore-maryland","list-article","secondary","2026-09-03","website not confirmed: no candidate domain built from the name returned a page identifying this company"
"staylegal","end-customer","str management company","Next Level Rentals","https://www.nextlevelrentals.net","Baltimore, Maryland","","Manages short-term rentals for owners in Baltimore, Maryland, so it holds and must renew a city STR permit for every unit it takes on - the exact filing and renewal work StayLegal does.","https://www.nextlevelrentals.net/contact","owner / principal","https://www.bnbcalc.com/blog/property-management/pmc-baltimore-maryland","list-article","verified","2026-09-03",""
"staylegal","end-customer","str management company","HomeWorks Property Management","https://www.homeworkspropertymanagement.com","Baltimore, Maryland","","Manages short-term rentals for owners in Baltimore, Maryland, so it holds and must renew a city STR permit for every unit it takes on - the exact filing and renewal work StayLegal does.","info@mysite.com","owner / principal","https://www.bnbcalc.com/blog/property-management/pmc-baltimore-maryland","list-article","verified","2026-09-03","homepage showed only limited category signals (property management)"
"staylegal","end-customer","str management company","Dominique Property Management","","Baltimore, Maryland","","Manages short-term rentals for owners in Baltimore, Maryland, so it holds and must renew a city STR permit for every unit it takes on - the exact filing and renewal work StayLegal does.","","owner / principal","https://www.bnbcalc.com/blog/property-management/pmc-baltimore-maryland","list-article","secondary","2026-09-03","website not confirmed: no candidate domain built from the name returned a page identifying this company"
"staylegal","end-customer","str management company","Astoria Charm","https://www.astoriacharm.com","Baltimore, Maryland","500+ Doors","Manages short-term rentals for owners in Baltimore, Maryland, so it holds and must renew a city STR permit for every unit it takes on - the exact filing and renewal work StayLegal does.","https://astoriacharm.com/contact/","owner / principal","https://www.bnbcalc.com/blog/property-management/pmc-baltimore-maryland","list-article","verified","2026-09-03",""
"staylegal","end-customer","str management company","Frank Property Management","","Baltimore, Maryland","","Manages short-term rentals for owners in Baltimore, Maryland, so it holds and must renew a city STR permit for every unit it takes on - the exact filing and renewal work StayLegal does.","","owner / principal","https://www.bnbcalc.com/blog/property-management/pmc-baltimore-maryland","list-article","secondary","2026-09-03","website not confirmed: no candidate domain built from the name returned a page identifying this company"
"staylegal","end-customer","str management company","Chase Street Properties","","Baltimore, Maryland","","Manages short-term rentals for owners in Baltimore, Maryland, so it holds and must renew a city STR permit for every unit it takes on - the exact filing and renewal work StayLegal does.","","owner / principal","https://www.bnbcalc.com/blog/property-management/pmc-baltimore-maryland","list-article","secondary","2026-09-03","website not confirmed: no candidate domain built from the name returned a page identifying this company"
"staylegal","end-customer","str management company","Real Property Management","https://www.real-property-management.com","Baton Rouge, Louisiana; McKinney, Texas; Surrey, Canada; Warren, Michigan","","Manages short-term rentals for owners in Baton Rouge, Louisiana, so it holds and must renew a city STR permit for every unit it takes on - the exact filing and renewal work StayLegal does.","https://www.real-property-management.com/contact-us","owner / principal","https://www.bnbcalc.com/blog/property-management/pmc-baton-rogue-louisiana","list-article","verified","2026-09-03","listed in 4 city guides"
"staylegal","end-customer","str management company","American Property Management","","Baton Rouge, Louisiana","","Manages short-term rentals for owners in Baton Rouge, Louisiana, so it holds and must renew a city STR permit for every unit it takes on - the exact filing and renewal work StayLegal does.","","owner / principal","https://www.bnbcalc.com/blog/property-management/pmc-baton-rogue-louisiana","list-article","secondary","2026-09-03","website not confirmed: no candidate domain built from the name returned a page identifying this company"
"staylegal","end-customer","str management company","Sage Property Management","","Baton Rouge, Louisiana","","Manages short-term rentals for owners in Baton Rouge, Louisiana, so it holds and must renew a city STR permit for every unit it takes on - the exact filing and renewal work StayLegal does.","","owner / principal","https://www.bnbcalc.com/blog/property-management/pmc-baton-rogue-louisiana","list-article","secondary","2026-09-03","website not confirmed: no candidate domain built from the name returned a page identifying this company"
"staylegal","end-customer","str management company","Mistr PM","https://www.mistrpm.com","Baton Rouge, Louisiana","","Manages short-term rentals for owners in Baton Rouge, Louisiana, so it holds and must renew a city STR permit for every unit it takes on - the exact filing and renewal work StayLegal does.","https://www.mistrpm.com/contact-us","owner / principal","https://www.bnbcalc.com/blog/property-management/pmc-baton-rogue-louisiana","list-article","verified","2026-09-03",""
"staylegal","end-customer","str management company","Cornerstone Management Group","","Baton Rouge, Louisiana","","Manages short-term rentals for owners in Baton Rouge, Louisiana, so it holds and must renew a city STR permit for every unit it takes on - the exact filing and renewal work StayLegal does.","","owner / principal","https://www.bnbcalc.com/blog/property-management/pmc-baton-rogue-louisiana","list-article","secondary","2026-09-03","website not confirmed: no candidate domain built from the name returned a page identifying this company"
"staylegal","end-customer","str management company","EVBR Property Management (Engel & Volkers)","","Baton Rouge, Louisiana","","Manages short-term rentals for owners in Baton Rouge, Louisiana, so it holds and must renew a city STR permit for every unit it takes on - the exact filing and renewal work StayLegal does.","","owner / principal","https://www.bnbcalc.com/blog/property-management/pmc-baton-rogue-louisiana","list-article","secondary","2026-09-03","website not confirmed: no candidate domain built from the name returned a page identifying this company"
"staylegal","end-customer","str management company","PMI Integrity Properties","","Baton Rouge, Louisiana","","Manages short-term rentals for owners in Baton Rouge, Louisiana, so it holds and must renew a city STR permit for every unit it takes on - the exact filing and renewal work StayLegal does.","","owner / principal","https://www.bnbcalc.com/blog/property-management/pmc-baton-rogue-louisiana","list-article","secondary","2026-09-03","website not confirmed: no candidate domain built from the name returned a page identifying this company"
"staylegal","end-customer","str management company","Windermere Property Management","","Bellevue, Washington","","Manages short-term rentals for owners in Bellevue, Washington, so it holds and must renew a city STR permit for every unit it takes on - the exact filing and renewal work StayLegal does.","","owner / principal","https://www.bnbcalc.com/blog/property-management/pmc-bellevue-washington","list-article","secondary","2026-09-03","website not confirmed: no candidate domain built from the name returned a page identifying this company"
"staylegal","end-customer","str management company","Brink Property Management","https://www.brinkpropertymanagement.com","Bellevue, Washington","","Manages short-term rentals for owners in Bellevue, Washington, so it holds and must renew a city STR permit for every unit it takes on - the exact filing and renewal work StayLegal does.","https://www.brinkpropertymanagement.com/contact","owner / principal","https://www.bnbcalc.com/blog/property-management/pmc-bellevue-washington","list-article","verified","2026-09-03",""
"staylegal","end-customer","str management company","Seabreeze x Best Management Company","","Bellevue, Washington","","Manages short-term rentals for owners in Bellevue, Washington, so it holds and must renew a city STR permit for every unit it takes on - the exact filing and renewal work StayLegal does.","","owner / principal","https://www.bnbcalc.com/blog/property-management/pmc-bellevue-washington","list-article","secondary","2026-09-03","website not confirmed: no candidate domain built from the name returned a page identifying this company"
"staylegal","end-customer","str management company","Real Estate Gladiators","https://www.realestategladiators.com","Bellevue, Washington","","Manages short-term rentals for owners in Bellevue, Washington, so it holds and must renew a city STR permit for every unit it takes on - the exact filing and renewal work StayLegal does.","https://www.realestategladiators.com/contact-us/","owner / principal","https://www.bnbcalc.com/blog/property-management/pmc-bellevue-washington","list-article","verified","2026-09-03",""
"staylegal","end-customer","str management company","ICON Real Estate Services","","Bellevue, Washington","","Manages short-term rentals for owners in Bellevue, Washington, so it holds and must renew a city STR permit for every unit it takes on - the exact filing and renewal work StayLegal does.","","owner / principal","https://www.bnbcalc.com/blog/property-management/pmc-bellevue-washington","list-article","secondary","2026-09-03","website not confirmed: no candidate domain built from the name returned a page identifying this company"
"staylegal","end-customer","str management company","North Pacific Properties","","Bellevue, Washington","","Manages short-term rentals for owners in Bellevue, Washington, so it holds and must renew a city STR permit for every unit it takes on - the exact filing and renewal work StayLegal does.","","owner / principal","https://www.bnbcalc.com/blog/property-management/pmc-bellevue-washington","list-article","secondary","2026-09-03","website not confirmed: no candidate domain built from the name returned a page identifying this company"
"staylegal","end-customer","str management company","SJA Property Management","https://www.sjapropertymanagement.com","Bellevue, Washington","1,000+ homes","Manages short-term rentals for owners in Bellevue, Washington, so it holds and must renew a city STR permit for every unit it takes on - the exact filing and renewal work StayLegal does.","https://propertymanagersseattle.com/contact-us","owner / principal","https://www.bnbcalc.com/blog/property-management/pmc-bellevue-washington","list-article","verified","2026-09-03",""
"staylegal","end-customer","str management company","Badgerland Vacation Homes","https://www.badgerlandvacationhomes.com","Birmingham, Alabama","","Manages short-term rentals for owners in Birmingham, Alabama, so it holds and must renew a city STR permit for every unit it takes on - the exact filing and renewal work StayLegal does.","https://www.badgerlandvacationhomes.com/contact","owner / principal","https://www.bnbcalc.com/blog/property-management/pmc-birmingham-alabama","list-article","verified","2026-09-03",""
"staylegal","end-customer","str management company","Wake Up in Birmingham","","Birmingham, Alabama","","Manages short-term rentals for owners in Birmingham, Alabama, so it holds and must renew a city STR permit for every unit it takes on - the exact filing and renewal work StayLegal does.","","owner / principal","https://www.bnbcalc.com/blog/property-management/pmc-birmingham-alabama","list-article","secondary","2026-09-03","website not confirmed: no candidate domain built from the name returned a page identifying this company"
"staylegal","end-customer","str management company","Watts Realty Company","","Birmingham, Alabama","","Manages short-term rentals for owners in Birmingham, Alabama, so it holds and must renew a city STR permit for every unit it takes on - the exact filing and renewal work StayLegal does.","","owner / principal","https://www.bnbcalc.com/blog/property-management/pmc-birmingham-alabama","list-article","secondary","2026-09-03","website not confirmed: no candidate domain built from the name returned a page identifying this company"
"staylegal","end-customer","str management company","Mega Agent Rental Management","https://www.megaagentrental.com","Birmingham, Alabama","","Manages short-term rentals for owners in Birmingham, Alabama, so it holds and must renew a city STR permit for every unit it takes on - the exact filing and renewal work StayLegal does.","https://www.megaagentrental.com","owner / principal","https://www.bnbcalc.com/blog/property-management/pmc-birmingham-alabama","list-article","verified","2026-09-03",""
"staylegal","end-customer","str management company","Evernest","","Birmingham, Alabama; Hayward, California; Warren, Michigan","","Manages short-term rentals for owners in Birmingham, Alabama, so it holds and must renew a city STR permit for every unit it takes on - the exact filing and renewal work StayLegal does.","","owner / principal","https://www.bnbcalc.com/blog/property-management/pmc-birmingham-alabama","list-article","secondary","2026-09-03","a domain built from the name returned a page with no rental or property-management content, so no website is asserted for this company; listed in 3 city guides"
"staylegal","end-customer","str management company","Birmingham Property Management","https://www.birminghampropertymanagement.co","Birmingham, Alabama","","Manages short-term rentals for owners in Birmingham, Alabama, so it holds and must renew a city STR permit for every unit it takes on - the exact filing and renewal work StayLegal does.","https://www.birminghampropertymanagement.co/contact","owner / principal","https://www.bnbcalc.com/blog/property-management/pmc-birmingham-alabama","list-article","verified","2026-09-03",""
"staylegal","end-customer","str management company","Complete Property Management","","Birmingham, Alabama","","Manages short-term rentals for owners in Birmingham, Alabama, so it holds and must renew a city STR permit for every unit it takes on - the exact filing and renewal work StayLegal does.","","owner / principal","https://www.bnbcalc.com/blog/property-management/pmc-birmingham-alabama","list-article","secondary","2026-09-03","website not confirmed: no candidate domain built from the name returned a page identifying this company"
"staylegal","end-customer","str management company","Boise Property Solutions","https://www.boisepropertysolutions.com","Boise City, Idaho","","Manages short-term rentals for owners in Boise City, Idaho, so it holds and must renew a city STR permit for every unit it takes on - the exact filing and renewal work StayLegal does.","https://www.boisepropertysolutions.com/contact-us","owner / principal","https://www.bnbcalc.com/blog/property-management/pmc-boise-city-idaho","list-article","verified","2026-09-03",""
"staylegal","end-customer","str management company","Host Boise","https://www.hostboise.com","Boise City, Idaho","","Manages short-term rentals for owners in Boise City, Idaho, so it holds and must renew a city STR permit for every unit it takes on - the exact filing and renewal work StayLegal does.","https://hostboise.com/contact/","owner / principal","https://www.bnbcalc.com/blog/property-management/pmc-boise-city-idaho","list-article","verified","2026-09-03",""
"staylegal","end-customer","str management company","Habitue Property Management","","Boise City, Idaho","","Manages short-term rentals for owners in Boise City, Idaho, so it holds and must renew a city STR permit for every unit it takes on - the exact filing and renewal work StayLegal does.","","owner / principal","https://www.bnbcalc.com/blog/property-management/pmc-boise-city-idaho","list-article","secondary","2026-09-03","website not confirmed: no candidate domain built from the name returned a page identifying this company"
"staylegal","end-customer","str management company","Boise BNB","https://www.boisebnb.com","Boise City, Idaho","","Manages short-term rentals for owners in Boise City, Idaho, so it holds and must renew a city STR permit for every unit it takes on - the exact filing and renewal work StayLegal does.","https://www.boisebnb.com/contact-574056714","owner / principal","https://www.bnbcalc.com/blog/property-management/pmc-boise-city-idaho","list-article","verified","2026-09-03",""
"staylegal","end-customer","str management company","Ridgewood Property Management","https://www.ridgewoodpropertymanagement.com","Boise City, Idaho","","Manages short-term rentals for owners in Boise City, Idaho, so it holds and must renew a city STR permit for every unit it takes on - the exact filing and renewal work StayLegal does.","https://www.ridgewoodpropertymanagement.com/contact-us","owner / principal","https://www.bnbcalc.com/blog/property-management/pmc-boise-city-idaho","list-article","verified","2026-09-03",""
"staylegal","end-customer","str management company","Bluebird Property Management","","Boise City, Idaho","","Manages short-term rentals for owners in Boise City, Idaho, so it holds and must renew a city STR permit for every unit it takes on - the exact filing and renewal work StayLegal does.","","owner / principal","https://www.bnbcalc.com/blog/property-management/pmc-boise-city-idaho","list-article","secondary","2026-09-03","website not confirmed: no candidate domain built from the name returned a page identifying this company"
"staylegal","end-customer","str management company","Shore Way Management","","Boston, Massachusetts","","Manages short-term rentals for owners in Boston, Massachusetts, so it holds and must renew a city STR permit for every unit it takes on - the exact filing and renewal work StayLegal does.","","owner / principal","https://www.bnbcalc.com/blog/property-management/pmc-boston-massachusetts","list-article","secondary","2026-09-03","website not confirmed: no candidate domain built from the name returned a page identifying this company"
"staylegal","end-customer","str management company","South End Hospitality","https://www.southendhospitality.com","Boston, Massachusetts","","Manages short-term rentals for owners in Boston, Massachusetts, so it holds and must renew a city STR permit for every unit it takes on - the exact filing and renewal work StayLegal does.","https://www.southendhospitality.com","owner / principal","https://www.bnbcalc.com/blog/property-management/pmc-boston-massachusetts","list-article","verified","2026-09-03",""
"staylegal","end-customer","str management company","CJL Rentals & Property Management","https://www.cjlrentals.com","Boston, Massachusetts","","Manages short-term rentals for owners in Boston, Massachusetts, so it holds and must renew a city STR permit for every unit it takes on - the exact filing and renewal work StayLegal does.","https://www.cjlrentals.com/contact-us","owner / principal","https://www.bnbcalc.com/blog/property-management/pmc-boston-massachusetts","list-article","verified","2026-09-03",""
"staylegal","end-customer","str management company","Speed Keyz","https://www.speedkeyz.com","Boston, Massachusetts; Irvine, California","","Manages short-term rentals for owners in Boston, Massachusetts, so it holds and must renew a city STR permit for every unit it takes on - the exact filing and renewal work StayLegal does.","https://www.speedkeyz.com","owner / principal","https://www.bnbcalc.com/blog/property-management/pmc-boston-massachusetts","list-article","verified","2026-09-03","listed in 2 city guides"
"staylegal","end-customer","str management company","Southpaw Residential Property Management","","Boston, Massachusetts","","Manages short-term rentals for owners in Boston, Massachusetts, so it holds and must renew a city STR permit for every unit it takes on - the exact filing and renewal work StayLegal does.","","owner / principal","https://www.bnbcalc.com/blog/property-management/pmc-boston-massachusetts","list-article","secondary","2026-09-03","website not confirmed: no candidate domain built from the name returned a page identifying this company"
"staylegal","end-customer","str management company","Alpha Management Corporation","","Boston, Massachusetts","","Manages short-term rentals for owners in Boston, Massachusetts, so it holds and must renew a city STR permit for every unit it takes on - the exact filing and renewal work StayLegal does.","","owner / principal","https://www.bnbcalc.com/blog/property-management/pmc-boston-massachusetts","list-article","secondary","2026-09-03","website not confirmed: no candidate domain built from the name returned a page identifying this company"
"staylegal","end-customer","str management company","Elite Vacation Rentals","","Chandler, Arizona; Mesa, Arizona","","Manages short-term rentals for owners in Chandler, Arizona, so it holds and must renew a city STR permit for every unit it takes on - the exact filing and renewal work StayLegal does.","","owner / principal","https://www.bnbcalc.com/blog/property-management/pmc-chandler-arizona","list-article","secondary","2026-09-03","website not confirmed: no candidate domain built from the name returned a page identifying this company; listed in 2 city guides"
"staylegal","end-customer","national str operator","SkyRun","https://www.skyrun.com","Chandler, Arizona; Miami Beach, FL; Scottsdale, Arizona","","National/multi-market manager holding STR permits in dozens of regulated cities; an anchor logo, though likely too large for the $149-249 per-property offer and better suited to a bulk/API deal.","https://skyrun.com/contact-us/","director of compliance","https://www.bnbcalc.com/blog/property-management/pmc-chandler-arizona","list-article","verified","2026-09-03","listed in 3 city guides"
"staylegal","end-customer","str management company","Hoste","","Chandler, Arizona; Denver, Colorado; Mesa, Arizona; Tempe, Arizona","","Manages short-term rentals for owners in Chandler, Arizona, so it holds and must renew a city STR permit for every unit it takes on - the exact filing and renewal work StayLegal does.","","owner / principal","https://www.bnbcalc.com/blog/property-management/pmc-chandler-arizona","list-article","secondary","2026-09-03","website not confirmed: no candidate domain built from the name returned a page identifying this company; listed in 4 city guides"
"staylegal","end-customer","str management company","Chalet","","Chandler, Arizona","","Manages short-term rentals for owners in Chandler, Arizona, so it holds and must renew a city STR permit for every unit it takes on - the exact filing and renewal work StayLegal does.","","owner / principal","https://www.bnbcalc.com/blog/property-management/pmc-chandler-arizona","list-article","secondary","2026-09-03","a domain built from the name returned a page with no rental or property-management content, so no website is asserted for this company"
"staylegal","end-customer","str management company","Vello","","Chandler, Arizona; Clearwater, Florida; Dallas, Texas; Fort Worth, Texas","","Manages short-term rentals for owners in Chandler, Arizona, so it holds and must renew a city STR permit for every unit it takes on - the exact filing and renewal work StayLegal does.","","owner / principal","https://www.bnbcalc.com/blog/property-management/pmc-chandler-arizona","list-article","secondary","2026-09-03","website not confirmed: no candidate domain built from the name returned a page identifying this company; listed in 8 city guides"
"staylegal","end-customer","str management company","GoodNight Stay","https://www.goodnightstay.com","Chandler, Arizona; Mesa, Arizona","","Manages short-term rentals for owners in Chandler, Arizona, so it holds and must renew a city STR permit for every unit it takes on - the exact filing and renewal work StayLegal does.","https://www.goodnightstay.com/contact-us/","owner / principal","https://www.bnbcalc.com/blog/property-management/pmc-chandler-arizona","list-article","verified","2026-09-03","listed in 2 city guides"
"staylegal","end-customer","str management company","Alpha Maintenance and Property Management (AM/PM)","","Charlotte, North Carolina","","Manages short-term rentals for owners in Charlotte, North Carolina, so it holds and must renew a city STR permit for every unit it takes on - the exact filing and renewal work StayLegal does.","","owner / principal","https://www.bnbcalc.com/blog/property-management/pmc-charlotte-north-carolina","list-article","secondary","2026-09-03","website not confirmed: no candidate domain built from the name returned a page identifying this company"
"staylegal","end-customer","str management company","Broad Connection Property Management","","Charlotte, North Carolina","","Manages short-term rentals for owners in Charlotte, North Carolina, so it holds and must renew a city STR permit for every unit it takes on - the exact filing and renewal work StayLegal does.","","owner / principal","https://www.bnbcalc.com/blog/property-management/pmc-charlotte-north-carolina","list-article","secondary","2026-09-03","website not confirmed: no candidate domain built from the name returned a page identifying this company"
"staylegal","end-customer","str management company","CharMeck Properties","https://www.charmeckproperties.com","Charlotte, North Carolina","","Manages short-term rentals for owners in Charlotte, North Carolina, so it holds and must renew a city STR permit for every unit it takes on - the exact filing and renewal work StayLegal does.","https://www.charmeckproperties.com/contact-us","owner / principal","https://www.bnbcalc.com/blog/property-management/pmc-charlotte-north-carolina","list-article","verified","2026-09-03",""
"staylegal","end-customer","str management company","Prime Host CLT","","Charlotte, North Carolina","","Manages short-term rentals for owners in Charlotte, North Carolina, so it holds and must renew a city STR permit for every unit it takes on - the exact filing and renewal work StayLegal does.","","owner / principal","https://www.bnbcalc.com/blog/property-management/pmc-charlotte-north-carolina","list-article","secondary","2026-09-03","website not confirmed: no candidate domain built from the name returned a page identifying this company"
"staylegal","end-customer","str management company","Carolina Property Management","https://www.carolinapropertymanagement.com","Charlotte, North Carolina","","Manages short-term rentals for owners in Charlotte, North Carolina, so it holds and must renew a city STR permit for every unit it takes on - the exact filing and renewal work StayLegal does.","https://www.carolinapropertymanagement.com/contact","owner / principal","https://www.bnbcalc.com/blog/property-management/pmc-charlotte-north-carolina","list-article","verified","2026-09-03",""
"staylegal","end-customer","str management company","Bottom Line Property Management","https://www.bottomlinepropertymanagement.com","Charlotte, North Carolina","","Manages short-term rentals for owners in Charlotte, North Carolina, so it holds and must renew a city STR permit for every unit it takes on - the exact filing and renewal work StayLegal does.","https://www.bottomlinepropertymanagement.com/contact","owner / principal","https://www.bnbcalc.com/blog/property-management/pmc-charlotte-north-carolina","list-article","verified","2026-09-03",""
"staylegal","end-customer","str management company","Carod Properties","","Charlotte, North Carolina","","Manages short-term rentals for owners in Charlotte, North Carolina, so it holds and must renew a city STR permit for every unit it takes on - the exact filing and renewal work StayLegal does.","","owner / principal","https://www.bnbcalc.com/blog/property-management/pmc-charlotte-north-carolina","list-article","secondary","2026-09-03","website not confirmed: no candidate domain built from the name returned a page identifying this company"
"staylegal","end-customer","str management company","Sunnon Property Management","https://www.sunnon.com","Charlotte, North Carolina","","Manages short-term rentals for owners in Charlotte, North Carolina, so it holds and must renew a city STR permit for every unit it takes on - the exact filing and renewal work StayLegal does.","https://www.sunnon.com/contact","owner / principal","https://www.bnbcalc.com/blog/property-management/pmc-charlotte-north-carolina","list-article","verified","2026-09-03",""
"staylegal","end-customer","str management company","Atlantic Sotheby's International Realty","","Chesapeake, Virginia","","Manages short-term rentals for owners in Chesapeake, Virginia, so it holds and must renew a city STR permit for every unit it takes on - the exact filing and renewal work StayLegal does.","","owner / principal","https://www.bnbcalc.com/blog/property-management/pmc-chesapeake-virginia","list-article","secondary","2026-09-03","website not confirmed: no candidate domain built from the name returned a page identifying this company"
"staylegal","end-customer","national str operator","Keyrenter","","Chesapeake, Virginia","","National/multi-market manager holding STR permits in dozens of regulated cities; an anchor logo, though likely too large for the $149-249 per-property offer and better suited to a bulk/API deal.","","director of compliance","https://www.bnbcalc.com/blog/property-management/pmc-chesapeake-virginia","list-article","secondary","2026-09-03","website not confirmed: no candidate domain built from the name returned a page identifying this company"
"staylegal","end-customer","str management company","RentEasy","","Chesapeake, Virginia; Virginia Beach, Virginia","","Manages short-term rentals for owners in Chesapeake, Virginia, so it holds and must renew a city STR permit for every unit it takes on - the exact filing and renewal work StayLegal does.","","owner / principal","https://www.bnbcalc.com/blog/property-management/pmc-chesapeake-virginia","list-article","secondary","2026-09-03","website not confirmed: no candidate domain built from the name returned a page identifying this company; listed in 2 city guides"
"staylegal","end-customer","str management company","Abrams Realty","","Chesapeake, Virginia","","Manages short-term rentals for owners in Chesapeake, Virginia, so it holds and must renew a city STR permit for every unit it takes on - the exact filing and renewal work StayLegal does.","","owner / principal","https://www.bnbcalc.com/blog/property-management/pmc-chesapeake-virginia","list-article","secondary","2026-09-03","website not confirmed: no candidate domain built from the name returned a page identifying this company"
"staylegal","end-customer","str management company","The Real Estate Group","","Chesapeake, Virginia","","Manages short-term rentals for owners in Chesapeake, Virginia, so it holds and must renew a city STR permit for every unit it takes on - the exact filing and renewal work StayLegal does.","","owner / principal","https://www.bnbcalc.com/blog/property-management/pmc-chesapeake-virginia","list-article","secondary","2026-09-03","website not confirmed: no candidate domain built from the name returned a page identifying this company"
"staylegal","end-customer","str management company","KRS Holdings","https://www.krsholdings.com","Chesapeake, Virginia","over 5,000 properties","Manages short-term rentals for owners in Chesapeake, Virginia, so it holds and must renew a city STR permit for every unit it takes on - the exact filing and renewal work StayLegal does.","https://www.krsholdings.com/contact","owner / principal","https://www.bnbcalc.com/blog/property-management/pmc-chesapeake-virginia","list-article","verified","2026-09-03",""
"staylegal","end-customer","str management company","HeartHomes","","Chicago, Illinois; Clearwater, Florida; Jacksonville, Florida; Mississauga, Canada","","Manages short-term rentals for owners in Chicago, Illinois, so it holds and must renew a city STR permit for every unit it takes on - the exact filing and renewal work StayLegal does.","","owner / principal","https://www.bnbcalc.com/blog/property-management/pmc-chicago-illinois","list-article","secondary","2026-09-03","website not confirmed: no candidate domain built from the name returned a page identifying this company; listed in 7 city guides"
"staylegal","end-customer","str management company","Navigate Stays","","Chicago, Illinois","","Manages short-term rentals for owners in Chicago, Illinois, so it holds and must renew a city STR permit for every unit it takes on - the exact filing and renewal work StayLegal does.","","owner / principal","https://www.bnbcalc.com/blog/property-management/pmc-chicago-illinois","list-article","secondary","2026-09-03","website not confirmed: no candidate domain built from the name returned a page identifying this company"
"staylegal","end-customer","str management company","StayHub","https://www.stayhubrentals.com","Chicago, Illinois; Miami Beach, FL","","Manages short-term rentals for owners in Chicago, Illinois, so it holds and must renew a city STR permit for every unit it takes on - the exact filing and renewal work StayLegal does.","https://www.stayhubrentals.com/es/contact","owner / principal","https://www.bnbcalc.com/blog/property-management/pmc-chicago-illinois","list-article","verified","2026-09-03","homepage showed only limited category signals (rentals); listed in 2 city guides"
"staylegal","end-customer","str management company","Hosty Co","","Chicago, Illinois","","Manages short-term rentals for owners in Chicago, Illinois, so it holds and must renew a city STR permit for every unit it takes on - the exact filing and renewal work StayLegal does.","","owner / principal","https://www.bnbcalc.com/blog/property-management/pmc-chicago-illinois","list-article","secondary","2026-09-03","website not confirmed: no candidate domain built from the name returned a page identifying this company"
"staylegal","end-customer","str management company","Premier Short-Term Management","","Chicago, Illinois","","Manages short-term rentals for owners in Chicago, Illinois, so it holds and must renew a city STR permit for every unit it takes on - the exact filing and renewal work StayLegal does.","","owner / principal","https://www.bnbcalc.com/blog/property-management/pmc-chicago-illinois","list-article","secondary","2026-09-03","website not confirmed: no candidate domain built from the name returned a page identifying this company"
"staylegal","end-customer","str management company","AllSet","","Chicago, Illinois","","Manages short-term rentals for owners in Chicago, Illinois, so it holds and must renew a city STR permit for every unit it takes on - the exact filing and renewal work StayLegal does.","","owner / principal","https://www.bnbcalc.com/blog/property-management/pmc-chicago-illinois","list-article","secondary","2026-09-03","website not confirmed: no candidate domain built from the name returned a page identifying this company"
"staylegal","end-customer","str management company","NTER Properties Management","","Chicago, Illinois","","Manages short-term rentals for owners in Chicago, Illinois, so it holds and must renew a city STR permit for every unit it takes on - the exact filing and renewal work StayLegal does.","","owner / principal","https://www.bnbcalc.com/blog/property-management/pmc-chicago-illinois","list-article","secondary","2026-09-03","website not confirmed: no candidate domain built from the name returned a page identifying this company"
"staylegal","end-customer","str management company","Good Life Property Management","https://www.goodlifeproperty.co","Chula Vista, California; Fullerton, California; Irvine, California; Oceanside, California","","Manages short-term rentals for owners in Chula Vista, California, so it holds and must renew a city STR permit for every unit it takes on - the exact filing and renewal work StayLegal does.","https://www.goodlifeproperty.co/contact-us","owner / principal","https://www.bnbcalc.com/blog/property-management/pmc-chula-vista-california","list-article","verified","2026-09-03","listed in 4 city guides"
"staylegal","end-customer","str management company","BridgeHaus Property Management","","Chula Vista, California","","Manages short-term rentals for owners in Chula Vista, California, so it holds and must renew a city STR permit for every unit it takes on - the exact filing and renewal work StayLegal does.","","owner / principal","https://www.bnbcalc.com/blog/property-management/pmc-chula-vista-california","list-article","secondary","2026-09-03","website not confirmed: no candidate domain built from the name returned a page identifying this company"
"staylegal","end-customer","str management company","PURE Property Management","https://www.purepropertymanagement.com","Chula Vista, California; Columbia, South Carolina; Garland, Texas; Grand Prairie, Texas","","Manages short-term rentals for owners in Chula Vista, California, so it holds and must renew a city STR permit for every unit it takes on - the exact filing and renewal work StayLegal does.","https://www.purepropertymanagement.com/contact/","owner / principal","https://www.bnbcalc.com/blog/property-management/pmc-chula-vista-california","list-article","verified","2026-09-03","listed in 6 city guides"
"staylegal","end-customer","str management company","One Key Property Management","https://www.onekeypropertymanagement.com","Chula Vista, California","","Manages short-term rentals for owners in Chula Vista, California, so it holds and must renew a city STR permit for every unit it takes on - the exact filing and renewal work StayLegal does.","https://www.onekeypropertymanagement.com/contact-us","owner / principal","https://www.bnbcalc.com/blog/property-management/pmc-chula-vista-california","list-article","verified","2026-09-03",""
"staylegal","end-customer","national str operator","Utopia Management","https://www.utopiamanagement.com","Chula Vista, California; Elk Grove, California; Fullerton, California; Hayward, California","","National/multi-market manager holding STR permits in dozens of regulated cities; an anchor logo, though likely too large for the $149-249 per-property offer and better suited to a bulk/API deal.","https://utopiamanagement.com/contact-us","director of compliance","https://www.bnbcalc.com/blog/property-management/pmc-chula-vista-california","list-article","verified","2026-09-03","listed in 7 city guides"
"staylegal","end-customer","str management company","Penny Realty Property Management","","Chula Vista, California","","Manages short-term rentals for owners in Chula Vista, California, so it holds and must renew a city STR permit for every unit it takes on - the exact filing and renewal work StayLegal does.","","owner / principal","https://www.bnbcalc.com/blog/property-management/pmc-chula-vista-california","list-article","secondary","2026-09-03","website not confirmed: no candidate domain built from the name returned a page identifying this company"
"staylegal","end-customer","str management company","Noble Real Estate Services","","Chula Vista, California","","Manages short-term rentals for owners in Chula Vista, California, so it holds and must renew a city STR permit for every unit it takes on - the exact filing and renewal work StayLegal does.","","owner / principal","https://www.bnbcalc.com/blog/property-management/pmc-chula-vista-california","list-article","secondary","2026-09-03","website not confirmed: no candidate domain built from the name returned a page identifying this company"
"staylegal","end-customer","str management company","Keystone Realty & Management","","Clarksville, Tennessee","","Manages short-term rentals for owners in Clarksville, Tennessee, so it holds and must renew a city STR permit for every unit it takes on - the exact filing and renewal work StayLegal does.","","owner / principal","https://www.bnbcalc.com/blog/property-management/pmc-clarksville-tennessee","list-article","secondary","2026-09-03","website not confirmed: no candidate domain built from the name returned a page identifying this company"
"staylegal","end-customer","str management company","Clarksville Property Management","https://www.clarksvillepropertymanagement.com","Clarksville, Tennessee","over 220 units","Manages short-term rentals for owners in Clarksville, Tennessee, so it holds and must renew a city STR permit for every unit it takes on - the exact filing and renewal work StayLegal does.","https://www.clarksvillepropertymanagement.com/contact","owner / principal","https://www.bnbcalc.com/blog/property-management/pmc-clarksville-tennessee","list-article","verified","2026-09-03",""
"staylegal","end-customer","str management company","Copper Key Realty & Management","","Clarksville, Tennessee","","Manages short-term rentals for owners in Clarksville, Tennessee, so it holds and must renew a city STR permit for every unit it takes on - the exact filing and renewal work StayLegal does.","","owner / principal","https://www.bnbcalc.com/blog/property-management/pmc-clarksville-tennessee","list-article","secondary","2026-09-03","website not confirmed: no candidate domain built from the name returned a page identifying this company"
"staylegal","end-customer","str management company","Horizon Realty & Management","","Clarksville, Tennessee","","Manages short-term rentals for owners in Clarksville, Tennessee, so it holds and must renew a city STR permit for every unit it takes on - the exact filing and renewal work StayLegal does.","","owner / principal","https://www.bnbcalc.com/blog/property-management/pmc-clarksville-tennessee","list-article","secondary","2026-09-03","website not confirmed: no candidate domain built from the name returned a page identifying this company"
"staylegal","end-customer","str management company","Byers & Harvey","","Clarksville, Tennessee","","Manages short-term rentals for owners in Clarksville, Tennessee, so it holds and must renew a city STR permit for every unit it takes on - the exact filing and renewal work StayLegal does.","","owner / principal","https://www.bnbcalc.com/blog/property-management/pmc-clarksville-tennessee","list-article","secondary","2026-09-03","website not confirmed: no candidate domain built from the name returned a page identifying this company"
"staylegal","end-customer","str management company","Huneycutt Realtors","https://www.huneycuttrealtors.com","Clarksville, Tennessee","","Manages short-term rentals for owners in Clarksville, Tennessee, so it holds and must renew a city STR permit for every unit it takes on - the exact filing and renewal work StayLegal does.","https://www.huneycuttrealtors.com/contact","owner / principal","https://www.bnbcalc.com/blog/property-management/pmc-clarksville-tennessee","list-article","verified","2026-09-03",""
"staylegal","end-customer","str management company","Blue Coast Property Management","","Clearwater, Florida","","Manages short-term rentals for owners in Clearwater, Florida, so it holds and must renew a city STR permit for every unit it takes on - the exact filing and renewal work StayLegal does.","","owner / principal","https://www.bnbcalc.com/blog/property-management/pmc-clearwater-florida","list-article","secondary","2026-09-03","website not confirmed: no candidate domain built from the name returned a page identifying this company"
"staylegal","end-customer","str management company","Ocean Blue Property Management","","Clearwater, Florida","","Manages short-term rentals for owners in Clearwater, Florida, so it holds and must renew a city STR permit for every unit it takes on - the exact filing and renewal work StayLegal does.","","owner / principal","https://www.bnbcalc.com/blog/property-management/pmc-clearwater-florida","list-article","secondary","2026-09-03","website not confirmed: no candidate domain built from the name returned a page identifying this company"
"staylegal","end-customer","str management company","Breeze Co-Host","","Clearwater, Florida","","Manages short-term rentals for owners in Clearwater, Florida, so it holds and must renew a city STR permit for every unit it takes on - the exact filing and renewal work StayLegal does.","","owner / principal","https://www.bnbcalc.com/blog/property-management/pmc-clearwater-florida","list-article","secondary","2026-09-03","website not confirmed: no candidate domain built from the name returned a page identifying this company"
"staylegal","end-customer","str management company","Dennis Property Management","","Clearwater, Florida","","Manages short-term rentals for owners in Clearwater, Florida, so it holds and must renew a city STR permit for every unit it takes on - the exact filing and renewal work StayLegal does.","","owner / principal","https://www.bnbcalc.com/blog/property-management/pmc-clearwater-florida","list-article","secondary","2026-09-03","website not confirmed: no candidate domain built from the name returned a page identifying this company"
"staylegal","end-customer","str management company","Out Fast Property Management","https://www.outfastpropertymanagement.com","Clearwater, Florida","","Manages short-term rentals for owners in Clearwater, Florida, so it holds and must renew a city STR permit for every unit it takes on - the exact filing and renewal work StayLegal does.","https://www.outfastpropertymanagement.com/contact/","owner / principal","https://www.bnbcalc.com/blog/property-management/pmc-clearwater-florida","list-article","verified","2026-09-03",""
"staylegal","end-customer","str management company","Bahia Property Management","https://www.bahiapropertymanagement.com","Clearwater, Florida; Orlando, Florida","","Manages short-term rentals for owners in Clearwater, Florida, so it holds and must renew a city STR permit for every unit it takes on - the exact filing and renewal work StayLegal does.","https://www.bahiapropertymanagement.com","owner / principal","https://www.bnbcalc.com/blog/property-management/pmc-clearwater-florida","list-article","verified","2026-09-03","listed in 2 city guides"
"staylegal","end-customer","str management company","HostPros Cleveland","","Cleveland, Ohio","","Manages short-term rentals for owners in Cleveland, Ohio, so it holds and must renew a city STR permit for every unit it takes on - the exact filing and renewal work StayLegal does.","","owner / principal","https://www.bnbcalc.com/blog/property-management/pmc-cleveland-ohio","list-article","secondary","2026-09-03","website not confirmed: no candidate domain built from the name returned a page identifying this company"
"staylegal","end-customer","str management company","Plum Tree Rentals","https://www.plumtreerentals.com","Cleveland, Ohio","","Manages short-term rentals for owners in Cleveland, Ohio, so it holds and must renew a city STR permit for every unit it takes on - the exact filing and renewal work StayLegal does.","info@plumtreerentals.com","owner / principal","https://www.bnbcalc.com/blog/property-management/pmc-cleveland-ohio","list-article","verified","2026-09-03",""
"staylegal","end-customer","str management company","Soda Stays Cleveland Division","","Cleveland, Ohio","","Manages short-term rentals for owners in Cleveland, Ohio, so it holds and must renew a city STR permit for every unit it takes on - the exact filing and renewal work StayLegal does.","","owner / principal","https://www.bnbcalc.com/blog/property-management/pmc-cleveland-ohio","list-article","secondary","2026-09-03","website not confirmed: no candidate domain built from the name returned a page identifying this company"
"staylegal","end-customer","str management company","Neat Suites Cleveland","","Cleveland, Ohio","","Manages short-term rentals for owners in Cleveland, Ohio, so it holds and must renew a city STR permit for every unit it takes on - the exact filing and renewal work StayLegal does.","","owner / principal","https://www.bnbcalc.com/blog/property-management/pmc-cleveland-ohio","list-article","secondary","2026-09-03","website not confirmed: no candidate domain built from the name returned a page identifying this company"
"staylegal","end-customer","str management company","Cleveland Property Solutions","","Cleveland, Ohio","","Manages short-term rentals for owners in Cleveland, Ohio, so it holds and must renew a city STR permit for every unit it takes on - the exact filing and renewal work StayLegal does.","","owner / principal","https://www.bnbcalc.com/blog/property-management/pmc-cleveland-ohio","list-article","secondary","2026-09-03","website not confirmed: no candidate domain built from the name returned a page identifying this company"
"staylegal","end-customer","str management company","Cleveland Property Management Group","https://www.clevelandpropertymanagement.com","Cleveland, Ohio","","Manages short-term rentals for owners in Cleveland, Ohio, so it holds and must renew a city STR permit for every unit it takes on - the exact filing and renewal work StayLegal does.","https://www.clevelandpropertymanagement.com/contact?hsLang=en","owner / principal","https://www.bnbcalc.com/blog/property-management/pmc-cleveland-ohio","list-article","verified","2026-09-03",""
"staylegal","end-customer","str management company","Home Suite Home","https://www.homesuitehome.com","Cleveland, Ohio","","Manages short-term rentals for owners in Cleveland, Ohio, so it holds and must renew a city STR permit for every unit it takes on - the exact filing and renewal work StayLegal does.","https://homesuitehome.com/contact-location/","owner / principal","https://www.bnbcalc.com/blog/property-management/pmc-cleveland-ohio","list-article","verified","2026-09-03",""
"staylegal","end-customer","str management company","Realty Now Property Management","","Cleveland, Ohio","","Manages short-term rentals for owners in Cleveland, Ohio, so it holds and must renew a city STR permit for every unit it takes on - the exact filing and renewal work StayLegal does.","","owner / principal","https://www.bnbcalc.com/blog/property-management/pmc-cleveland-ohio","list-article","secondary","2026-09-03","website not confirmed: no candidate domain built from the name returned a page identifying this company"
"staylegal","end-customer","str management company","Hostē","","Colorado Springs, Colorado","","Manages short-term rentals for owners in Colorado Springs, Colorado, so it holds and must renew a city STR permit for every unit it takes on - the exact filing and renewal work StayLegal does.","","owner / principal","https://www.bnbcalc.com/blog/property-management/pmc-colorado-springs-colorado","list-article","secondary","2026-09-03","website not confirmed: no candidate domain built from the name returned a page identifying this company"
"staylegal","end-customer","str management company","Renjoy","","Colorado Springs, Colorado","","Manages short-term rentals for owners in Colorado Springs, Colorado, so it holds and must renew a city STR permit for every unit it takes on - the exact filing and renewal work StayLegal does.","","owner / principal","https://www.bnbcalc.com/blog/property-management/pmc-colorado-springs-colorado","list-article","secondary","2026-09-03","the candidate domain did not return a readable page"
"staylegal","end-customer","str management company","Easy BnB","https://www.easybnb.co","Colorado Springs, Colorado","over 500 properties","Manages short-term rentals for owners in Colorado Springs, Colorado, so it holds and must renew a city STR permit for every unit it takes on - the exact filing and renewal work StayLegal does.","https://easybnb.co/contact/","owner / principal","https://www.bnbcalc.com/blog/property-management/pmc-colorado-springs-colorado","list-article","verified","2026-09-03",""
"staylegal","end-customer","str management company","We 3 Company","","Colorado Springs, Colorado; Virginia Beach, Virginia","","Manages short-term rentals for owners in Colorado Springs, Colorado, so it holds and must renew a city STR permit for every unit it takes on - the exact filing and renewal work StayLegal does.","","owner / principal","https://www.bnbcalc.com/blog/property-management/pmc-colorado-springs-colorado","list-article","secondary","2026-09-03","website not confirmed: no candidate domain built from the name returned a page identifying this company; listed in 2 city guides"
"staylegal","end-customer","str management company (franchise/branch)","SkyRun Colorado Springs","","Colorado Springs, Colorado","","Local franchise or branch of a national vacation-rental brand, operating in Colorado Springs, Colorado: a separate business that files its own city STR permits.","","franchise owner / general manager","https://www.bnbcalc.com/blog/property-management/pmc-colorado-springs-colorado","list-article","secondary","2026-09-03","website not confirmed: no candidate domain built from the name returned a page identifying this company"
"staylegal","end-customer","str management company (franchise/branch)","iTrip Colorado Springs","","Colorado Springs, Colorado","","Local franchise or branch of a national vacation-rental brand, operating in Colorado Springs, Colorado: a separate business that files its own city STR permits.","","franchise owner / general manager","https://www.bnbcalc.com/blog/property-management/pmc-colorado-springs-colorado","list-article","secondary","2026-09-03","website not confirmed: no candidate domain built from the name returned a page identifying this company"
"staylegal","end-customer","str management company","Urban Retreat Airbnb Management","","Colorado Springs, Colorado","","Manages short-term rentals for owners in Colorado Springs, Colorado, so it holds and must renew a city STR permit for every unit it takes on - the exact filing and renewal work StayLegal does.","","owner / principal","https://www.bnbcalc.com/blog/property-management/pmc-colorado-springs-colorado","list-article","secondary","2026-09-03","website not confirmed: no candidate domain built from the name returned a page identifying this company"
"staylegal","end-customer","str management company","Scott Properties","","Columbia, South Carolina","","Manages short-term rentals for owners in Columbia, South Carolina, so it holds and must renew a city STR permit for every unit it takes on - the exact filing and renewal work StayLegal does.","","owner / principal","https://www.bnbcalc.com/blog/property-management/pmc-columbia-south-carolina","list-article","secondary","2026-09-03","a domain built from the name returned a page with no rental or property-management content, so no website is asserted for this company"
"staylegal","end-customer","str management company","Patton Properties","","Columbia, South Carolina","","Manages short-term rentals for owners in Columbia, South Carolina, so it holds and must renew a city STR permit for every unit it takes on - the exact filing and renewal work StayLegal does.","","owner / principal","https://www.bnbcalc.com/blog/property-management/pmc-columbia-south-carolina","list-article","secondary","2026-09-03","a domain built from the name returned a page with no rental or property-management content, so no website is asserted for this company"
"staylegal","end-customer","str management company","Soda City Rentals","","Columbia, South Carolina","","Manages short-term rentals for owners in Columbia, South Carolina, so it holds and must renew a city STR permit for every unit it takes on - the exact filing and renewal work StayLegal does.","","owner / principal","https://www.bnbcalc.com/blog/property-management/pmc-columbia-south-carolina","list-article","secondary","2026-09-03","website not confirmed: no candidate domain built from the name returned a page identifying this company"
"staylegal","end-customer","str management company","The Shandon Group","","Columbia, South Carolina","","Manages short-term rentals for owners in Columbia, South Carolina, so it holds and must renew a city STR permit for every unit it takes on - the exact filing and renewal work StayLegal does.","","owner / principal","https://www.bnbcalc.com/blog/property-management/pmc-columbia-south-carolina","list-article","secondary","2026-09-03","website not confirmed: no candidate domain built from the name returned a page identifying this company"
"staylegal","end-customer","str management company","Landmark Resources (Property Management)","","Columbia, South Carolina","","Manages short-term rentals for owners in Columbia, South Carolina, so it holds and must renew a city STR permit for every unit it takes on - the exact filing and renewal work StayLegal does.","","owner / principal","https://www.bnbcalc.com/blog/property-management/pmc-columbia-south-carolina","list-article","secondary","2026-09-03","website not confirmed: no candidate domain built from the name returned a page identifying this company"
"staylegal","end-customer","str management company","Landmark Resources Features and Services","","Columbia, South Carolina","","Manages short-term rentals for owners in Columbia, South Carolina, so it holds and must renew a city STR permit for every unit it takes on - the exact filing and renewal work StayLegal does.","","owner / principal","https://www.bnbcalc.com/blog/property-management/pmc-columbia-south-carolina","list-article","secondary","2026-09-03","website not confirmed: no candidate domain built from the name returned a page identifying this company"
"staylegal","end-customer","str management company","Columbia Property Management","https://www.columbiapropertymanagement.com","Columbia, South Carolina","","Manages short-term rentals for owners in Columbia, South Carolina, so it holds and must renew a city STR permit for every unit it takes on - the exact filing and renewal work StayLegal does.","https://www.columbiapropertymanagement.com","owner / principal","https://www.bnbcalc.com/blog/property-management/pmc-columbia-south-carolina","list-article","verified","2026-09-03",""
"staylegal","end-customer","str management company","Empire Property Management","","Columbia, South Carolina","","Manages short-term rentals for owners in Columbia, South Carolina, so it holds and must renew a city STR permit for every unit it takes on - the exact filing and renewal work StayLegal does.","","owner / principal","https://www.bnbcalc.com/blog/property-management/pmc-columbia-south-carolina","list-article","secondary","2026-09-03","website not confirmed: no candidate domain built from the name returned a page identifying this company"
"staylegal","end-customer","str management company","GH Hospitality","","Columbus, Ohio","","Manages short-term rentals for owners in Columbus, Ohio, so it holds and must renew a city STR permit for every unit it takes on - the exact filing and renewal work StayLegal does.","","owner / principal","https://www.bnbcalc.com/blog/property-management/pmc-columbus-ohio","list-article","secondary","2026-09-03","website not confirmed: no candidate domain built from the name returned a page identifying this company"
"staylegal","end-customer","str management company (franchise/branch)","Grand Welcome Columbus","","Columbus, Ohio","","Local franchise or branch of a national vacation-rental brand, operating in Columbus, Ohio: a separate business that files its own city STR permits.","","franchise owner / general manager","https://www.bnbcalc.com/blog/property-management/pmc-columbus-ohio","list-article","secondary","2026-09-03","website not confirmed: no candidate domain built from the name returned a page identifying this company"
"staylegal","end-customer","str management company","The Jungle House","","Columbus, Ohio","","Manages short-term rentals for owners in Columbus, Ohio, so it holds and must renew a city STR permit for every unit it takes on - the exact filing and renewal work StayLegal does.","","owner / principal","https://www.bnbcalc.com/blog/property-management/pmc-columbus-ohio","list-article","secondary","2026-09-03","website not confirmed: no candidate domain built from the name returned a page identifying this company"
"staylegal","end-customer","str management company","Century 21 Excellence STR Division","","Columbus, Ohio","","Manages short-term rentals for owners in Columbus, Ohio, so it holds and must renew a city STR permit for every unit it takes on - the exact filing and renewal work StayLegal does.","","owner / principal","https://www.bnbcalc.com/blog/property-management/pmc-columbus-ohio","list-article","secondary","2026-09-03","website not confirmed: no candidate domain built from the name returned a page identifying this company"
"staylegal","end-customer","str management company","Hostpros Columbus","","Columbus, Ohio","","Manages short-term rentals for owners in Columbus, Ohio, so it holds and must renew a city STR permit for every unit it takes on - the exact filing and renewal work StayLegal does.","","owner / principal","https://www.bnbcalc.com/blog/property-management/pmc-columbus-ohio","list-article","secondary","2026-09-03","website not confirmed: no candidate domain built from the name returned a page identifying this company"
"staylegal","end-customer","str management company","Neat Suites","","Columbus, Ohio","","Manages short-term rentals for owners in Columbus, Ohio, so it holds and must renew a city STR permit for every unit it takes on - the exact filing and renewal work StayLegal does.","","owner / principal","https://www.bnbcalc.com/blog/property-management/pmc-columbus-ohio","list-article","secondary","2026-09-03","website not confirmed: no candidate domain built from the name returned a page identifying this company"
"staylegal","end-customer","str management company","Goldnest","","Dallas, Texas; San Antonio, Texas","","Manages short-term rentals for owners in Dallas, Texas, so it holds and must renew a city STR permit for every unit it takes on - the exact filing and renewal work StayLegal does.","","owner / principal","https://www.bnbcalc.com/blog/property-management/pmc-dallas-texas","list-article","secondary","2026-09-03","website not confirmed: no candidate domain built from the name returned a page identifying this company; listed in 2 city guides"
"staylegal","end-customer","str management company","Cole Group Property Management","https://www.colegrouppropertymanagement.com","Dallas, Texas","","Manages short-term rentals for owners in Dallas, Texas, so it holds and must renew a city STR permit for every unit it takes on - the exact filing and renewal work StayLegal does.","https://www.colegrouppropertymanagement.com/contact-us","owner / principal","https://www.bnbcalc.com/blog/property-management/pmc-dallas-texas","list-article","verified","2026-09-03",""
"staylegal","end-customer","str management company","HostStarter","","Dallas, Texas","","Manages short-term rentals for owners in Dallas, Texas, so it holds and must renew a city STR permit for every unit it takes on - the exact filing and renewal work StayLegal does.","","owner / principal","https://www.bnbcalc.com/blog/property-management/pmc-dallas-texas","list-article","secondary","2026-09-03","website not confirmed: no candidate domain built from the name returned a page identifying this company"
"staylegal","end-customer","str management company","Park Place","","Dallas, Texas; Miami Beach, FL; Miami, Florida; Orlando, Florida","","Manages short-term rentals for owners in Dallas, Texas, so it holds and must renew a city STR permit for every unit it takes on - the exact filing and renewal work StayLegal does.","","owner / principal","https://www.bnbcalc.com/blog/property-management/pmc-dallas-texas","list-article","secondary","2026-09-03","a domain built from the name returned a page with no rental or property-management content, so no website is asserted for this company; listed in 5 city guides"
"staylegal","end-customer","str management company","Tabernacle Realty","https://www.tabernaclerealty.com","Dallas, Texas; Fort Worth, Texas","","Manages short-term rentals for owners in Dallas, Texas, so it holds and must renew a city STR permit for every unit it takes on - the exact filing and renewal work StayLegal does.","https://www.tabernaclerealty.com","owner / principal","https://www.bnbcalc.com/blog/property-management/pmc-dallas-texas","list-article","verified","2026-09-03","listed in 2 city guides"
"staylegal","end-customer","str management company","Common Ground Capital","","Dallas, Texas","","Manages short-term rentals for owners in Dallas, Texas, so it holds and must renew a city STR permit for every unit it takes on - the exact filing and renewal work StayLegal does.","","owner / principal","https://www.bnbcalc.com/blog/property-management/pmc-dallas-texas","list-article","secondary","2026-09-03","website not confirmed: no candidate domain built from the name returned a page identifying this company"
"staylegal","end-customer","str management company","Westrom Group","","Dallas, Texas; Fort Worth, Texas","","Manages short-term rentals for owners in Dallas, Texas, so it holds and must renew a city STR permit for every unit it takes on - the exact filing and renewal work StayLegal does.","","owner / principal","https://www.bnbcalc.com/blog/property-management/pmc-dallas-texas","list-article","secondary","2026-09-03","website not confirmed: no candidate domain built from the name returned a page identifying this company; listed in 2 city guides"
"staylegal","end-customer","str management company","Colorado Realty and Property Management","","Denver, Colorado; Lakewood, Colorado","","Manages short-term rentals for owners in Denver, Colorado, so it holds and must renew a city STR permit for every unit it takes on - the exact filing and renewal work StayLegal does.","","owner / principal","https://www.bnbcalc.com/blog/property-management/pmc-denver-colorado","list-article","secondary","2026-09-03","website not confirmed: no candidate domain built from the name returned a page identifying this company; listed in 2 city guides"
"staylegal","end-customer","national str operator","PURE Property Management of Colorado","","Denver, Colorado; Lakewood, Colorado","","National/multi-market manager holding STR permits in dozens of regulated cities; an anchor logo, though likely too large for the $149-249 per-property offer and better suited to a bulk/API deal.","","director of compliance","https://www.bnbcalc.com/blog/property-management/pmc-denver-colorado","list-article","secondary","2026-09-03","website not confirmed: no candidate domain built from the name returned a page identifying this company; listed in 2 city guides"
"staylegal","end-customer","str management company","DenCO Property Management","","Denver, Colorado","","Manages short-term rentals for owners in Denver, Colorado, so it holds and must renew a city STR permit for every unit it takes on - the exact filing and renewal work StayLegal does.","","owner / principal","https://www.bnbcalc.com/blog/property-management/pmc-denver-colorado","list-article","secondary","2026-09-03","website not confirmed: no candidate domain built from the name returned a page identifying this company"
"staylegal","end-customer","str management company","Rocky Mountain Short Term Rental","","Denver, Colorado","","Manages short-term rentals for owners in Denver, Colorado, so it holds and must renew a city STR permit for every unit it takes on - the exact filing and renewal work StayLegal does.","","owner / principal","https://www.bnbcalc.com/blog/property-management/pmc-denver-colorado","list-article","secondary","2026-09-03","website not confirmed: no candidate domain built from the name returned a page identifying this company"
"staylegal","end-customer","str management company","Queen City Property Management","","Denver, Colorado","","Manages short-term rentals for owners in Denver, Colorado, so it holds and must renew a city STR permit for every unit it takes on - the exact filing and renewal work StayLegal does.","","owner / principal","https://www.bnbcalc.com/blog/property-management/pmc-denver-colorado","list-article","secondary","2026-09-03","website not confirmed: no candidate domain built from the name returned a page identifying this company"
"staylegal","end-customer","str management company","Rental Friends","https://www.rentalfriends.com","Denver, Colorado","","Manages short-term rentals for owners in Denver, Colorado, so it holds and must renew a city STR permit for every unit it takes on - the exact filing and renewal work StayLegal does.","https://www.rentalfriends.com","owner / principal","https://www.bnbcalc.com/blog/property-management/pmc-denver-colorado","list-article","verified","2026-09-03","homepage showed only limited category signals (property management)"
"staylegal","end-customer","str management company","Simply Managed","","Detroit, Michigan","","Manages short-term rentals for owners in Detroit, Michigan, so it holds and must renew a city STR permit for every unit it takes on - the exact filing and renewal work StayLegal does.","","owner / principal","https://www.bnbcalc.com/blog/property-management/pmc-detroit-michigan","list-article","secondary","2026-09-03","website not confirmed: no candidate domain built from the name returned a page identifying this company"
"staylegal","end-customer","str management company","Own It Detroit","https://www.ownitdetroit.com","Detroit, Michigan; Warren, Michigan","","Manages short-term rentals for owners in Detroit, Michigan, so it holds and must renew a city STR permit for every unit it takes on - the exact filing and renewal work StayLegal does.","https://www.ownitdetroit.com/contact-us","owner / principal","https://www.bnbcalc.com/blog/property-management/pmc-detroit-michigan","list-article","verified","2026-09-03","listed in 2 city guides"
"staylegal","end-customer","str management company","Real Property Management Metro Detroit","https://www.realpropertymanagementmetrodetroit.com","Detroit, Michigan","","Manages short-term rentals for owners in Detroit, Michigan, so it holds and must renew a city STR permit for every unit it takes on - the exact filing and renewal work StayLegal does.","https://www.metrodetroitrpm.com/contact-us","owner / principal","https://www.bnbcalc.com/blog/property-management/pmc-detroit-michigan","list-article","verified","2026-09-03",""
"staylegal","end-customer","str management company","JMZ Property Management","","Detroit, Michigan","","Manages short-term rentals for owners in Detroit, Michigan, so it holds and must renew a city STR permit for every unit it takes on - the exact filing and renewal work StayLegal does.","","owner / principal","https://www.bnbcalc.com/blog/property-management/pmc-detroit-michigan","list-article","secondary","2026-09-03","website not confirmed: no candidate domain built from the name returned a page identifying this company"
"staylegal","end-customer","str management company","Michigan Management and Property Maintenance","https://www.michiganmanagement.com","Detroit, Michigan","","Manages short-term rentals for owners in Detroit, Michigan, so it holds and must renew a city STR permit for every unit it takes on - the exact filing and renewal work StayLegal does.","https://www.michiganmanagement.com/contact-us.html","owner / principal","https://www.bnbcalc.com/blog/property-management/pmc-detroit-michigan","list-article","verified","2026-09-03",""
"staylegal","end-customer","str management company","Greythorne Management","","Detroit, Michigan","","Manages short-term rentals for owners in Detroit, Michigan, so it holds and must renew a city STR permit for every unit it takes on - the exact filing and renewal work StayLegal does.","","owner / principal","https://www.bnbcalc.com/blog/property-management/pmc-detroit-michigan","list-article","secondary","2026-09-03","website not confirmed: no candidate domain built from the name returned a page identifying this company"
"staylegal","end-customer","str management company","Nelson Property Management","https://www.nelsonpropertymanagement.com","Detroit, Michigan; Warren, Michigan","","Manages short-term rentals for owners in Detroit, Michigan, so it holds and must renew a city STR permit for every unit it takes on - the exact filing and renewal work StayLegal does.","https://www.nelsonpropertymanagement.com/contact","owner / principal","https://www.bnbcalc.com/blog/property-management/pmc-detroit-michigan","list-article","verified","2026-09-03","listed in 2 city guides"
"staylegal","end-customer","str management company","Richter & Associates","","Detroit, Michigan","","Manages short-term rentals for owners in Detroit, Michigan, so it holds and must renew a city STR permit for every unit it takes on - the exact filing and renewal work StayLegal does.","","owner / principal","https://www.bnbcalc.com/blog/property-management/pmc-detroit-michigan","list-article","secondary","2026-09-03","a domain built from the name returned a page with no rental or property-management content, so no website is asserted for this company"
"staylegal","end-customer","str management company","Freshwater Vacation Rentals","","Detroit, Michigan","","Manages short-term rentals for owners in Detroit, Michigan, so it holds and must renew a city STR permit for every unit it takes on - the exact filing and renewal work StayLegal does.","","owner / principal","https://www.bnbcalc.com/blog/property-management/pmc-detroit-michigan","list-article","secondary","2026-09-03","website not confirmed: no candidate domain built from the name returned a page identifying this company"
"staylegal","end-customer","str management company","GK Property Management","","Detroit, Michigan","","Manages short-term rentals for owners in Detroit, Michigan, so it holds and must renew a city STR permit for every unit it takes on - the exact filing and renewal work StayLegal does.","","owner / principal","https://www.bnbcalc.com/blog/property-management/pmc-detroit-michigan","list-article","secondary","2026-09-03","website not confirmed: no candidate domain built from the name returned a page identifying this company"
"staylegal","end-customer","str management company","One Jozzby","https://www.onejozzby.com","Durham, North Carolina","","Manages short-term rentals for owners in Durham, North Carolina, so it holds and must renew a city STR permit for every unit it takes on - the exact filing and renewal work StayLegal does.","https://www.onejozzby.com/contact-page","owner / principal","https://www.bnbcalc.com/blog/property-management/pmc-durham-north-carolina","list-article","verified","2026-09-03",""
"staylegal","end-customer","national str operator","Mynd","","Durham, North Carolina; Phoenix, Arizona; Reno, Nevada","","National/multi-market manager holding STR permits in dozens of regulated cities; an anchor logo, though likely too large for the $149-249 per-property offer and better suited to a bulk/API deal.","","director of compliance","https://www.bnbcalc.com/blog/property-management/pmc-durham-north-carolina","list-article","secondary","2026-09-03","a domain built from the name returned a page with no rental or property-management content, so no website is asserted for this company; listed in 3 city guides"
"staylegal","end-customer","str management company","Superhost","","Durham, North Carolina","","Manages short-term rentals for owners in Durham, North Carolina, so it holds and must renew a city STR permit for every unit it takes on - the exact filing and renewal work StayLegal does.","","owner / principal","https://www.bnbcalc.com/blog/property-management/pmc-durham-north-carolina","list-article","secondary","2026-09-03","website not confirmed: no candidate domain built from the name returned a page identifying this company"
"staylegal","end-customer","str management company","Stay Maven","https://www.staymaven.co","Durham, North Carolina","30+ homes","Manages short-term rentals for owners in Durham, North Carolina, so it holds and must renew a city STR permit for every unit it takes on - the exact filing and renewal work StayLegal does.","https://www.staymaven.co/contact","owner / principal","https://www.bnbcalc.com/blog/property-management/pmc-durham-north-carolina","list-article","verified","2026-09-03",""
"staylegal","end-customer","str management company","Northern Pass Properties","https://www.northernpassproperties.com","El Paso, Texas","","Manages short-term rentals for owners in El Paso, Texas, so it holds and must renew a city STR permit for every unit it takes on - the exact filing and renewal work StayLegal does.","https://www.northernpassproperties.com/contact","owner / principal","https://www.bnbcalc.com/blog/property-management/pmc-el-paso-texas","list-article","verified","2026-09-03",""
"staylegal","end-customer","str management company","PMI El Paso","https://www.pmielpaso.com","El Paso, Texas","","Manages short-term rentals for owners in El Paso, Texas, so it holds and must renew a city STR permit for every unit it takes on - the exact filing and renewal work StayLegal does.","https://www.pmielpaso.com/contact","owner / principal","https://www.bnbcalc.com/blog/property-management/pmc-el-paso-texas","list-article","verified","2026-09-03",""
"staylegal","end-customer","str management company","Haggerty Company Property Management","","El Paso, Texas","","Manages short-term rentals for owners in El Paso, Texas, so it holds and must renew a city STR permit for every unit it takes on - the exact filing and renewal work StayLegal does.","","owner / principal","https://www.bnbcalc.com/blog/property-management/pmc-el-paso-texas","list-article","secondary","2026-09-03","website not confirmed: no candidate domain built from the name returned a page identifying this company"
"staylegal","end-customer","str management company","Jaxon Texas Property Management","https://www.jaxontexas.com","El Paso, Texas","over 1,000 units","Manages short-term rentals for owners in El Paso, Texas, so it holds and must renew a city STR permit for every unit it takes on - the exact filing and renewal work StayLegal does.","https://jaxontexas.com/contact/","owner / principal","https://www.bnbcalc.com/blog/property-management/pmc-el-paso-texas","list-article","verified","2026-09-03",""
"staylegal","end-customer","str management company","Legacy Management Services","","El Paso, Texas","","Manages short-term rentals for owners in El Paso, Texas, so it holds and must renew a city STR permit for every unit it takes on - the exact filing and renewal work StayLegal does.","","owner / principal","https://www.bnbcalc.com/blog/property-management/pmc-el-paso-texas","list-article","secondary","2026-09-03","website not confirmed: no candidate domain built from the name returned a page identifying this company"
"staylegal","end-customer","str management company","Ziprent El Paso","","El Paso, Texas","","Manages short-term rentals for owners in El Paso, Texas, so it holds and must renew a city STR permit for every unit it takes on - the exact filing and renewal work StayLegal does.","","owner / principal","https://www.bnbcalc.com/blog/property-management/pmc-el-paso-texas","list-article","secondary","2026-09-03","website not confirmed: no candidate domain built from the name returned a page identifying this company"
"staylegal","end-customer","str management company","GC Realty & Development","","Elk Grove, California; Naperville, Illinois","","Manages short-term rentals for owners in Elk Grove, California, so it holds and must renew a city STR permit for every unit it takes on - the exact filing and renewal work StayLegal does.","","owner / principal","https://www.bnbcalc.com/blog/property-management/pmc-elk-grove-california","list-article","secondary","2026-09-03","website not confirmed: no candidate domain built from the name returned a page identifying this company; listed in 2 city guides"
"staylegal","end-customer","str management company","Key Realty Property Management","","Elk Grove, California","","Manages short-term rentals for owners in Elk Grove, California, so it holds and must renew a city STR permit for every unit it takes on - the exact filing and renewal work StayLegal does.","","owner / principal","https://www.bnbcalc.com/blog/property-management/pmc-elk-grove-california","list-article","secondary","2026-09-03","website not confirmed: no candidate domain built from the name returned a page identifying this company"
"staylegal","end-customer","str management company","HomeRiver Group","https://www.homerivergroup.com","Elk Grove, California; Honolulu, Hawaii; West Valley City, Utah","","Manages short-term rentals for owners in Elk Grove, California, so it holds and must renew a city STR permit for every unit it takes on - the exact filing and renewal work StayLegal does.","https://www.homerivergroup.com/contact","owner / principal","https://www.bnbcalc.com/blog/property-management/pmc-elk-grove-california","list-article","verified","2026-09-03","listed in 3 city guides"
"staylegal","end-customer","str management company","Windermere Signature Property Management","","Elk Grove, California","","Manages short-term rentals for owners in Elk Grove, California, so it holds and must renew a city STR permit for every unit it takes on - the exact filing and renewal work StayLegal does.","","owner / principal","https://www.bnbcalc.com/blog/property-management/pmc-elk-grove-california","list-article","secondary","2026-09-03","website not confirmed: no candidate domain built from the name returned a page identifying this company"
"staylegal","end-customer","str management company","Tiner Properties","https://www.tiner.com","Elk Grove, California","","Manages short-term rentals for owners in Elk Grove, California, so it holds and must renew a city STR permit for every unit it takes on - the exact filing and renewal work StayLegal does.","https://www.tiner.com/contact","owner / principal","https://www.bnbcalc.com/blog/property-management/pmc-elk-grove-california","list-article","verified","2026-09-03",""
"staylegal","end-customer","str management company","Wish STR","https://www.wishstr.com","Elk Grove, California; Sacramento, California","","Manages short-term rentals for owners in Elk Grove, California, so it holds and must renew a city STR permit for every unit it takes on - the exact filing and renewal work StayLegal does.","hello@wishstr.com","owner / principal","https://www.bnbcalc.com/blog/property-management/pmc-elk-grove-california","list-article","verified","2026-09-03","listed in 2 city guides"
"staylegal","end-customer","str management company","RentPros","https://www.rentpros.com","Elk Grove, California","","Manages short-term rentals for owners in Elk Grove, California, so it holds and must renew a city STR permit for every unit it takes on - the exact filing and renewal work StayLegal does.","https://www.rentpros.com/contact","owner / principal","https://www.bnbcalc.com/blog/property-management/pmc-elk-grove-california","list-article","verified","2026-09-03",""
"staylegal","end-customer","str management company","Le Chateau","","Fort Lauderdale, Florida","","Manages short-term rentals for owners in Fort Lauderdale, Florida, so it holds and must renew a city STR permit for every unit it takes on - the exact filing and renewal work StayLegal does.","","owner / principal","https://www.bnbcalc.com/blog/property-management/pmc-fort-lauderdale-florida","list-article","secondary","2026-09-03","website not confirmed: no candidate domain built from the name returned a page identifying this company"
"staylegal","end-customer","str management company","Maxima Property Management","","Fort Lauderdale, Florida","","Manages short-term rentals for owners in Fort Lauderdale, Florida, so it holds and must renew a city STR permit for every unit it takes on - the exact filing and renewal work StayLegal does.","","owner / principal","https://www.bnbcalc.com/blog/property-management/pmc-fort-lauderdale-florida","list-article","secondary","2026-09-03","website not confirmed: no candidate domain built from the name returned a page identifying this company"
"staylegal","end-customer","str management company","PMI Property Management","","Fort Lauderdale, Florida; West Valley City, Utah","","Manages short-term rentals for owners in Fort Lauderdale, Florida, so it holds and must renew a city STR permit for every unit it takes on - the exact filing and renewal work StayLegal does.","","owner / principal","https://www.bnbcalc.com/blog/property-management/pmc-fort-lauderdale-florida","list-article","secondary","2026-09-03","website not confirmed: no candidate domain built from the name returned a page identifying this company; listed in 2 city guides"
"staylegal","end-customer","str management company","Twinity Luxury Rentals","","Fort Lauderdale, Florida","","Manages short-term rentals for owners in Fort Lauderdale, Florida, so it holds and must renew a city STR permit for every unit it takes on - the exact filing and renewal work StayLegal does.","","owner / principal","https://www.bnbcalc.com/blog/property-management/pmc-fort-lauderdale-florida","list-article","secondary","2026-09-03","website not confirmed: no candidate domain built from the name returned a page identifying this company"
"staylegal","end-customer","str management company","Newman Hospitality","https://www.newmanhospitality.com","Fort Lauderdale, Florida","","Manages short-term rentals for owners in Fort Lauderdale, Florida, so it holds and must renew a city STR permit for every unit it takes on - the exact filing and renewal work StayLegal does.","https://www.newmanhospitality.com/contact-us/","owner / principal","https://www.bnbcalc.com/blog/property-management/pmc-fort-lauderdale-florida","list-article","verified","2026-09-03",""
"staylegal","end-customer","str management company","MAK Realty","https://www.makrealty.com","Fort Lauderdale, Florida; Miami, Florida","","Manages short-term rentals for owners in Fort Lauderdale, Florida, so it holds and must renew a city STR permit for every unit it takes on - the exact filing and renewal work StayLegal does.","https://www.makrealty.com/contact-us","owner / principal","https://www.bnbcalc.com/blog/property-management/pmc-fort-lauderdale-florida","list-article","verified","2026-09-03","listed in 2 city guides"
"staylegal","end-customer","str management company","Trend Property & Management","https://www.trendpropertymanagement.com","Fort Worth, Texas; Grand Prairie, Texas","","Manages short-term rentals for owners in Fort Worth, Texas, so it holds and must renew a city STR permit for every unit it takes on - the exact filing and renewal work StayLegal does.","https://www.trendpropertymanagement.com","owner / principal","https://www.bnbcalc.com/blog/property-management/pmc-fort-worth-texas","list-article","verified","2026-09-03","listed in 2 city guides"
"staylegal","end-customer","str management company","McCaw Property Management","","Fort Worth, Texas; Garland, Texas; Grand Prairie, Texas; McKinney, Texas","","Manages short-term rentals for owners in Fort Worth, Texas, so it holds and must renew a city STR permit for every unit it takes on - the exact filing and renewal work StayLegal does.","","owner / principal","https://www.bnbcalc.com/blog/property-management/pmc-fort-worth-texas","list-article","secondary","2026-09-03","website not confirmed: no candidate domain built from the name returned a page identifying this company; listed in 4 city guides"
"staylegal","end-customer","str management company","The Honey Do Pro","","Fort Worth, Texas","","Manages short-term rentals for owners in Fort Worth, Texas, so it holds and must renew a city STR permit for every unit it takes on - the exact filing and renewal work StayLegal does.","","owner / principal","https://www.bnbcalc.com/blog/property-management/pmc-fort-worth-texas","list-article","secondary","2026-09-03","website not confirmed: no candidate domain built from the name returned a page identifying this company"
"staylegal","end-customer","str management company","1st Choice Property Management","https://www.1stchoicepropertymanagement.com","Fort Worth, Texas","","Manages short-term rentals for owners in Fort Worth, Texas, so it holds and must renew a city STR permit for every unit it takes on - the exact filing and renewal work StayLegal does.","https://www.1stchoicepropertymanagement.com","owner / principal","https://www.bnbcalc.com/blog/property-management/pmc-fort-worth-texas","list-article","verified","2026-09-03",""
"staylegal","end-customer","str management company","Specialized Property Management Fort Worth","https://www.specializedpropertymanagementfortworth.com","Fort Worth, Texas","","Manages short-term rentals for owners in Fort Worth, Texas, so it holds and must renew a city STR permit for every unit it takes on - the exact filing and renewal work StayLegal does.","https://specializedpropertymanagementfortworth.com/contact/","owner / principal","https://www.bnbcalc.com/blog/property-management/pmc-fort-worth-texas","list-article","verified","2026-09-03",""
"staylegal","end-customer","str management company","ZoCheckin","","Fresno, California","","Manages short-term rentals for owners in Fresno, California, so it holds and must renew a city STR permit for every unit it takes on - the exact filing and renewal work StayLegal does.","","owner / principal","https://www.bnbcalc.com/blog/property-management/pmc-fresno-california","list-article","secondary","2026-09-03","website not confirmed: no candidate domain built from the name returned a page identifying this company"
"staylegal","end-customer","str management company","San Mar Properties","","Fresno, California","","Manages short-term rentals for owners in Fresno, California, so it holds and must renew a city STR permit for every unit it takes on - the exact filing and renewal work StayLegal does.","","owner / principal","https://www.bnbcalc.com/blog/property-management/pmc-fresno-california","list-article","secondary","2026-09-03","website not confirmed: no candidate domain built from the name returned a page identifying this company"
"staylegal","end-customer","str management company","Chambers Property Management","","Fresno, California","","Manages short-term rentals for owners in Fresno, California, so it holds and must renew a city STR permit for every unit it takes on - the exact filing and renewal work StayLegal does.","","owner / principal","https://www.bnbcalc.com/blog/property-management/pmc-fresno-california","list-article","secondary","2026-09-03","website not confirmed: no candidate domain built from the name returned a page identifying this company"
"staylegal","end-customer","str management company","Venture Property Management","","Fresno, California","","Manages short-term rentals for owners in Fresno, California, so it holds and must renew a city STR permit for every unit it takes on - the exact filing and renewal work StayLegal does.","","owner / principal","https://www.bnbcalc.com/blog/property-management/pmc-fresno-california","list-article","secondary","2026-09-03","website not confirmed: no candidate domain built from the name returned a page identifying this company"
"staylegal","end-customer","str management company","Parker Properties","https://www.parkerproperties.com","Fresno, California","","Manages short-term rentals for owners in Fresno, California, so it holds and must renew a city STR permit for every unit it takes on - the exact filing and renewal work StayLegal does.","https://www.parkerproperties.com/contact","owner / principal","https://www.bnbcalc.com/blog/property-management/pmc-fresno-california","list-article","verified","2026-09-03",""
"staylegal","end-customer","str management company","Smooth Water Properties","https://www.smoothwaterproperties.com","Fresno, California","","Manages short-term rentals for owners in Fresno, California, so it holds and must renew a city STR permit for every unit it takes on - the exact filing and renewal work StayLegal does.","https://www.smoothwaterproperties.com/contact","owner / principal","https://www.bnbcalc.com/blog/property-management/pmc-fresno-california","list-article","verified","2026-09-03",""
"staylegal","end-customer","str management company","Suite One Properties","","Fresno, California","","Manages short-term rentals for owners in Fresno, California, so it holds and must renew a city STR permit for every unit it takes on - the exact filing and renewal work StayLegal does.","","owner / principal","https://www.bnbcalc.com/blog/property-management/pmc-fresno-california","list-article","secondary","2026-09-03","website not confirmed: no candidate domain built from the name returned a page identifying this company"
"staylegal","end-customer","str management company","Beach Front Property Management","https://www.beachfrontpropertymanagement.com","Fullerton, California; Huntington Beach, California; Santa Monica, California; Torrance, California","","Manages short-term rentals for owners in Fullerton, California, so it holds and must renew a city STR permit for every unit it takes on - the exact filing and renewal work StayLegal does.","info@bfpminc.com","owner / principal","https://www.bnbcalc.com/blog/property-management/pmc-fullerton-california","list-article","verified","2026-09-03","listed in 4 city guides"
"staylegal","end-customer","str management company","Genuine Property Management","https://www.genuinepropertymanagement.com","Fullerton, California; Huntington Beach, California","","Manages short-term rentals for owners in Fullerton, California, so it holds and must renew a city STR permit for every unit it takes on - the exact filing and renewal work StayLegal does.","https://www.genuinepropertymanagement.com/contact-us","owner / principal","https://www.bnbcalc.com/blog/property-management/pmc-fullerton-california","list-article","verified","2026-09-03","listed in 2 city guides"
"staylegal","end-customer","str management company","White Glove Property Management","https://www.whiteglovepropertymanagement.com","Fullerton, California","","Manages short-term rentals for owners in Fullerton, California, so it holds and must renew a city STR permit for every unit it takes on - the exact filing and renewal work StayLegal does.","https://www.whiteglovepropertymanagement.com/contact","owner / principal","https://www.bnbcalc.com/blog/property-management/pmc-fullerton-california","list-article","verified","2026-09-03",""
"staylegal","end-customer","str management company","All View Real Estate","https://www.allviewrealestate.com","Fullerton, California","","Manages short-term rentals for owners in Fullerton, California, so it holds and must renew a city STR permit for every unit it takes on - the exact filing and renewal work StayLegal does.","https://allviewrealestate.com/contact/","owner / principal","https://www.bnbcalc.com/blog/property-management/pmc-fullerton-california","list-article","verified","2026-09-03",""
"staylegal","end-customer","str management company","Allegiance Property Management","","Garland, Texas; Sacramento, California","","Manages short-term rentals for owners in Garland, Texas, so it holds and must renew a city STR permit for every unit it takes on - the exact filing and renewal work StayLegal does.","","owner / principal","https://www.bnbcalc.com/blog/property-management/pmc-garland-texas","list-article","secondary","2026-09-03","website not confirmed: no candidate domain built from the name returned a page identifying this company; listed in 2 city guides"
"staylegal","end-customer","str management company","Lillian Limited","https://www.lillianlimited.com","Garland, Texas","","Manages short-term rentals for owners in Garland, Texas, so it holds and must renew a city STR permit for every unit it takes on - the exact filing and renewal work StayLegal does.","https://www.lillianlimited.com","owner / principal","https://www.bnbcalc.com/blog/property-management/pmc-garland-texas","list-article","verified","2026-09-03",""
"staylegal","end-customer","str management company","Hello Texas Realty","","Garland, Texas","","Manages short-term rentals for owners in Garland, Texas, so it holds and must renew a city STR permit for every unit it takes on - the exact filing and renewal work StayLegal does.","","owner / principal","https://www.bnbcalc.com/blog/property-management/pmc-garland-texas","list-article","secondary","2026-09-03","website not confirmed: no candidate domain built from the name returned a page identifying this company"
"staylegal","end-customer","str management company","RSB Living","https://www.rsbliving.com","Garland, Texas","","Manages short-term rentals for owners in Garland, Texas, so it holds and must renew a city STR permit for every unit it takes on - the exact filing and renewal work StayLegal does.","https://www.rsbliving.com","owner / principal","https://www.bnbcalc.com/blog/property-management/pmc-garland-texas","list-article","verified","2026-09-03",""
"staylegal","end-customer","str management company","AZ Prime Property Management","https://www.azprimepropertymanagement.com","Glendale, Arizona; Phoenix, Arizona","","Manages short-term rentals for owners in Glendale, Arizona, so it holds and must renew a city STR permit for every unit it takes on - the exact filing and renewal work StayLegal does.","https://www.azprimepropertymanagement.com/contact-us-about-our-property-management-services-in-pheonix-arizona","owner / principal","https://www.bnbcalc.com/blog/property-management/pmc-glendale-arizona","list-article","verified","2026-09-03","listed in 2 city guides"
"staylegal","end-customer","str management company","ZipRent","https://www.ziprent.com","Glendale, Arizona; San Jose, California","4,546 Units","Manages short-term rentals for owners in Glendale, Arizona, so it holds and must renew a city STR permit for every unit it takes on - the exact filing and renewal work StayLegal does.","https://www.ziprent.com/contact/","owner / principal","https://www.bnbcalc.com/blog/property-management/pmc-glendale-arizona","list-article","verified","2026-09-03","listed in 2 city guides"
"staylegal","end-customer","str management company","Night Owl Realty","","Glendale, Arizona","","Manages short-term rentals for owners in Glendale, Arizona, so it holds and must renew a city STR permit for every unit it takes on - the exact filing and renewal work StayLegal does.","","owner / principal","https://www.bnbcalc.com/blog/property-management/pmc-glendale-arizona","list-article","secondary","2026-09-03","website not confirmed: no candidate domain built from the name returned a page identifying this company"
"staylegal","end-customer","str management company","Ultimate Properties","https://www.ultimateproperties.com","Glendale, Arizona","200 properties","Manages short-term rentals for owners in Glendale, Arizona, so it holds and must renew a city STR permit for every unit it takes on - the exact filing and renewal work StayLegal does.","https://www.ultimateproperties.com/contact","owner / principal","https://www.bnbcalc.com/blog/property-management/pmc-glendale-arizona","list-article","verified","2026-09-03",""
"staylegal","end-customer","str management company","Mark Brower Properties","","Glendale, Arizona; Tempe, Arizona","","Manages short-term rentals for owners in Glendale, Arizona, so it holds and must renew a city STR permit for every unit it takes on - the exact filing and renewal work StayLegal does.","","owner / principal","https://www.bnbcalc.com/blog/property-management/pmc-glendale-arizona","list-article","secondary","2026-09-03","website not confirmed: no candidate domain built from the name returned a page identifying this company; listed in 2 city guides"
"staylegal","end-customer","str management company","HomeQwik","https://www.homeqwik.com","Glendale, Arizona; Phoenix, Arizona","2000 homes","Manages short-term rentals for owners in Glendale, Arizona, so it holds and must renew a city STR permit for every unit it takes on - the exact filing and renewal work StayLegal does.","https://phoenix-propertymanagement.com/contact-us/","owner / principal","https://www.bnbcalc.com/blog/property-management/pmc-glendale-arizona","list-article","verified","2026-09-03","listed in 2 city guides"
"staylegal","end-customer","str management company","Stratton Vantage Property Management","https://www.strattonvantagepropertymanagement.com","Glendale, Arizona","1,600+ Properties","Manages short-term rentals for owners in Glendale, Arizona, so it holds and must renew a city STR permit for every unit it takes on - the exact filing and renewal work StayLegal does.","https://www.strattonvantagepropertymanagement.com/contact","owner / principal","https://www.bnbcalc.com/blog/property-management/pmc-glendale-arizona","list-article","verified","2026-09-03",""
"staylegal","end-customer","str management company","Leap Property Management","","Grand Prairie, Texas","","Manages short-term rentals for owners in Grand Prairie, Texas, so it holds and must renew a city STR permit for every unit it takes on - the exact filing and renewal work StayLegal does.","","owner / principal","https://www.bnbcalc.com/blog/property-management/pmc-grand-prairie-texas","list-article","secondary","2026-09-03","website not confirmed: no candidate domain built from the name returned a page identifying this company"
"staylegal","end-customer","str management company","Green Light Property Management","https://www.greenlightpropertymanagement.com","Grand Prairie, Texas","","Manages short-term rentals for owners in Grand Prairie, Texas, so it holds and must renew a city STR permit for every unit it takes on - the exact filing and renewal work StayLegal does.","https://www.greenlightpropertymanagement.com/contact/","owner / principal","https://www.bnbcalc.com/blog/property-management/pmc-grand-prairie-texas","list-article","verified","2026-09-03",""
"staylegal","end-customer","str management company","Ellis HomeSource","https://www.ellishomesource.com","Grand Prairie, Texas","10,000+ Properties","Manages short-term rentals for owners in Grand Prairie, Texas, so it holds and must renew a city STR permit for every unit it takes on - the exact filing and renewal work StayLegal does.","https://www.ellishomesource.com/contact","owner / principal","https://www.bnbcalc.com/blog/property-management/pmc-grand-prairie-texas","list-article","verified","2026-09-03",""
"staylegal","end-customer","str management company","DFW Property Management","https://www.dfwpropertymanagement.com","Grand Prairie, Texas","","Manages short-term rentals for owners in Grand Prairie, Texas, so it holds and must renew a city STR permit for every unit it takes on - the exact filing and renewal work StayLegal does.","https://www.dfwpropertymanagement.com/contact","owner / principal","https://www.bnbcalc.com/blog/property-management/pmc-grand-prairie-texas","list-article","verified","2026-09-03",""
"staylegal","end-customer","str management company","PMI Grand Prairie","","Grand Prairie, Texas","","Manages short-term rentals for owners in Grand Prairie, Texas, so it holds and must renew a city STR permit for every unit it takes on - the exact filing and renewal work StayLegal does.","","owner / principal","https://www.bnbcalc.com/blog/property-management/pmc-grand-prairie-texas","list-article","secondary","2026-09-03","website not confirmed: no candidate domain built from the name returned a page identifying this company"
"staylegal","end-customer","str management company","ACL Property Management","","Hayward, California; Oakland, California","","Manages short-term rentals for owners in Hayward, California, so it holds and must renew a city STR permit for every unit it takes on - the exact filing and renewal work StayLegal does.","","owner / principal","https://www.bnbcalc.com/blog/property-management/pmc-hayward-california","list-article","secondary","2026-09-03","website not confirmed: no candidate domain built from the name returned a page identifying this company; listed in 2 city guides"
"staylegal","end-customer","str management company","Hayward Property Management","https://www.haywardpropertymanagement.com","Hayward, California","","Manages short-term rentals for owners in Hayward, California, so it holds and must renew a city STR permit for every unit it takes on - the exact filing and renewal work StayLegal does.","https://www.haywardpropertymanagement.com/contact","owner / principal","https://www.bnbcalc.com/blog/property-management/pmc-hayward-california","list-article","verified","2026-09-03",""
"staylegal","end-customer","str management company","Castle Management","https://www.castlemanagement.com","Hayward, California","","Manages short-term rentals for owners in Hayward, California, so it holds and must renew a city STR permit for every unit it takes on - the exact filing and renewal work StayLegal does.","https://www.castlemanagement.com/contact-us","owner / principal","https://www.bnbcalc.com/blog/property-management/pmc-hayward-california","list-article","verified","2026-09-03",""
"staylegal","end-customer","str management company","Intempus Property Management","https://www.intempuspropertymanagement.com","Hayward, California; Hollywood, Florida; Modesto, California; Sunnyvale, California","","Manages short-term rentals for owners in Hayward, California, so it holds and must renew a city STR permit for every unit it takes on - the exact filing and renewal work StayLegal does.","https://intempuspropertymanagement.com/contact-us-hs/","owner / principal","https://www.bnbcalc.com/blog/property-management/pmc-hayward-california","list-article","verified","2026-09-03","listed in 4 city guides"
"staylegal","end-customer","str management company","APM Property Management","https://www.apmproperty.net","Hayward, California","","Manages short-term rentals for owners in Hayward, California, so it holds and must renew a city STR permit for every unit it takes on - the exact filing and renewal work StayLegal does.","https://www.apmproperty.net/contact","owner / principal","https://www.bnbcalc.com/blog/property-management/pmc-hayward-california","list-article","verified","2026-09-03","homepage showed only limited category signals (property management)"
"staylegal","end-customer","str management company","Attorneys Property Management Group","","Hayward, California","","Manages short-term rentals for owners in Hayward, California, so it holds and must renew a city STR permit for every unit it takes on - the exact filing and renewal work StayLegal does.","","owner / principal","https://www.bnbcalc.com/blog/property-management/pmc-hayward-california","list-article","secondary","2026-09-03","website not confirmed: no candidate domain built from the name returned a page identifying this company"
"staylegal","end-customer","str management company","Innova Property Management","","Henderson, Nevada","","Manages short-term rentals for owners in Henderson, Nevada, so it holds and must renew a city STR permit for every unit it takes on - the exact filing and renewal work StayLegal does.","","owner / principal","https://www.bnbcalc.com/blog/property-management/pmc-henderson-nevada","list-article","secondary","2026-09-03","website not confirmed: no candidate domain built from the name returned a page identifying this company"
"staylegal","end-customer","str management company","The Mor Group","","Henderson, Nevada","","Manages short-term rentals for owners in Henderson, Nevada, so it holds and must renew a city STR permit for every unit it takes on - the exact filing and renewal work StayLegal does.","","owner / principal","https://www.bnbcalc.com/blog/property-management/pmc-henderson-nevada","list-article","secondary","2026-09-03","website not confirmed: no candidate domain built from the name returned a page identifying this company"
"staylegal","end-customer","str management company","Shelter Realty","https://www.shelterrealty.com","Henderson, Nevada","","Manages short-term rentals for owners in Henderson, Nevada, so it holds and must renew a city STR permit for every unit it takes on - the exact filing and renewal work StayLegal does.","https://www.shelterrealty.com/contact-us/","owner / principal","https://www.bnbcalc.com/blog/property-management/pmc-henderson-nevada","list-article","verified","2026-09-03",""
"staylegal","end-customer","str management company","Rice Real Estate & Property Management","","Henderson, Nevada","","Manages short-term rentals for owners in Henderson, Nevada, so it holds and must renew a city STR permit for every unit it takes on - the exact filing and renewal work StayLegal does.","","owner / principal","https://www.bnbcalc.com/blog/property-management/pmc-henderson-nevada","list-article","secondary","2026-09-03","website not confirmed: no candidate domain built from the name returned a page identifying this company"
"staylegal","end-customer","str management company","Happy Home Helpers","https://www.happyhomehelpers.com","Henderson, Nevada","","Manages short-term rentals for owners in Henderson, Nevada, so it holds and must renew a city STR permit for every unit it takes on - the exact filing and renewal work StayLegal does.","https://www.happyhomehelpers.com/contact","owner / principal","https://www.bnbcalc.com/blog/property-management/pmc-henderson-nevada","list-article","verified","2026-09-03",""
"staylegal","end-customer","str management company","Faranesh Real Estate and Property Management","","Henderson, Nevada","","Manages short-term rentals for owners in Henderson, Nevada, so it holds and must renew a city STR permit for every unit it takes on - the exact filing and renewal work StayLegal does.","","owner / principal","https://www.bnbcalc.com/blog/property-management/pmc-henderson-nevada","list-article","secondary","2026-09-03","website not confirmed: no candidate domain built from the name returned a page identifying this company"
"staylegal","end-customer","str management company","McKenna Property Management","https://www.mckennapropertymanagement.com","Henderson, Nevada","","Manages short-term rentals for owners in Henderson, Nevada, so it holds and must renew a city STR permit for every unit it takes on - the exact filing and renewal work StayLegal does.","https://www.mckennapropertymanagement.com/contact","owner / principal","https://www.bnbcalc.com/blog/property-management/pmc-henderson-nevada","list-article","verified","2026-09-03",""
"staylegal","end-customer","str management company","Pristine Property Management","","Hollywood, Florida","","Manages short-term rentals for owners in Hollywood, Florida, so it holds and must renew a city STR permit for every unit it takes on - the exact filing and renewal work StayLegal does.","","owner / principal","https://www.bnbcalc.com/blog/property-management/pmc-hollywood-florida","list-article","secondary","2026-09-03","website not confirmed: no candidate domain built from the name returned a page identifying this company"
"staylegal","end-customer","str management company (franchise/branch)","Grand Welcome Hollywood","","Hollywood, Florida","","Local franchise or branch of a national vacation-rental brand, operating in Hollywood, Florida: a separate business that files its own city STR permits.","","franchise owner / general manager","https://www.bnbcalc.com/blog/property-management/pmc-hollywood-florida","list-article","secondary","2026-09-03","website not confirmed: no candidate domain built from the name returned a page identifying this company"
"staylegal","end-customer","str management company","Mayfair Property Management","https://www.mayfairpropertymanagement.com","Hollywood, Florida","","Manages short-term rentals for owners in Hollywood, Florida, so it holds and must renew a city STR permit for every unit it takes on - the exact filing and renewal work StayLegal does.","https://www.mayfairpropertymanagement.com/contact","owner / principal","https://www.bnbcalc.com/blog/property-management/pmc-hollywood-florida","list-article","verified","2026-09-03",""
"staylegal","end-customer","str management company","Gibson Group Management","","Hollywood, Florida","","Manages short-term rentals for owners in Hollywood, Florida, so it holds and must renew a city STR permit for every unit it takes on - the exact filing and renewal work StayLegal does.","","owner / principal","https://www.bnbcalc.com/blog/property-management/pmc-hollywood-florida","list-article","secondary","2026-09-03","website not confirmed: no candidate domain built from the name returned a page identifying this company"
"staylegal","end-customer","str management company","Snow Real Estate","https://www.snowrealestate.net","Hollywood, Florida","","Manages short-term rentals for owners in Hollywood, Florida, so it holds and must renew a city STR permit for every unit it takes on - the exact filing and renewal work StayLegal does.","info@snowrealestate.net","owner / principal","https://www.bnbcalc.com/blog/property-management/pmc-hollywood-florida","list-article","verified","2026-09-03",""
"staylegal","end-customer","str management company","TrueNest Property Management","https://www.truenestproperty.com","Hollywood, Florida","100+ Properties","Manages short-term rentals for owners in Hollywood, Florida, so it holds and must renew a city STR permit for every unit it takes on - the exact filing and renewal work StayLegal does.","https://www.truenestproperty.com/contact","owner / principal","https://www.bnbcalc.com/blog/property-management/pmc-hollywood-florida","list-article","verified","2026-09-03","homepage showed only limited category signals (property management)"
"staylegal","end-customer","str management company","Kanga Property Management","https://www.kangapropertymanagement.com","Hollywood, Florida","","Manages short-term rentals for owners in Hollywood, Florida, so it holds and must renew a city STR permit for every unit it takes on - the exact filing and renewal work StayLegal does.","https://kangapropertymanagement.com/contact/","owner / principal","https://www.bnbcalc.com/blog/property-management/pmc-hollywood-florida","list-article","verified","2026-09-03",""
"staylegal","end-customer","str management company","Hawaii Sands Realty","","Honolulu, Hawaii","","Manages short-term rentals for owners in Honolulu, Hawaii, so it holds and must renew a city STR permit for every unit it takes on - the exact filing and renewal work StayLegal does.","","owner / principal","https://www.bnbcalc.com/blog/property-management/pmc-honolulu-hawaii","list-article","secondary","2026-09-03","website not confirmed: no candidate domain built from the name returned a page identifying this company"
"staylegal","end-customer","str management company","HappyDoors Property Management","https://www.happydoorspropertymanagement.com","Honolulu, Hawaii","","Manages short-term rentals for owners in Honolulu, Hawaii, so it holds and must renew a city STR permit for every unit it takes on - the exact filing and renewal work StayLegal does.","info@happydoorspropertymanagement.com","owner / principal","https://www.bnbcalc.com/blog/property-management/pmc-honolulu-hawaii","list-article","verified","2026-09-03",""
"staylegal","end-customer","str management company","Ola Properties","https://www.olaproperties.com","Honolulu, Hawaii","","Manages short-term rentals for owners in Honolulu, Hawaii, so it holds and must renew a city STR permit for every unit it takes on - the exact filing and renewal work StayLegal does.","https://www.olaproperties.com/contact-us/","owner / principal","https://www.bnbcalc.com/blog/property-management/pmc-honolulu-hawaii","list-article","verified","2026-09-03",""
"staylegal","end-customer","str management company","Hawaii Property Management Team","https://www.hawaiipropertymanagementteam.com","Honolulu, Hawaii","","Manages short-term rentals for owners in Honolulu, Hawaii, so it holds and must renew a city STR permit for every unit it takes on - the exact filing and renewal work StayLegal does.","https://www.hawaiipropertymanagementteam.com","owner / principal","https://www.bnbcalc.com/blog/property-management/pmc-honolulu-hawaii","list-article","verified","2026-09-03",""
"staylegal","end-customer","str management company","SC Realty LLC","","Honolulu, Hawaii","","Manages short-term rentals for owners in Honolulu, Hawaii, so it holds and must renew a city STR permit for every unit it takes on - the exact filing and renewal work StayLegal does.","","owner / principal","https://www.bnbcalc.com/blog/property-management/pmc-honolulu-hawaii","list-article","secondary","2026-09-03","website not confirmed: no candidate domain built from the name returned a page identifying this company"
"staylegal","end-customer","str management company","Central Pacific Properties","","Honolulu, Hawaii","","Manages short-term rentals for owners in Honolulu, Hawaii, so it holds and must renew a city STR permit for every unit it takes on - the exact filing and renewal work StayLegal does.","","owner / principal","https://www.bnbcalc.com/blog/property-management/pmc-honolulu-hawaii","list-article","secondary","2026-09-03","website not confirmed: no candidate domain built from the name returned a page identifying this company"
"staylegal","end-customer","str management company","Royal Realty LLC","","Honolulu, Hawaii","","Manages short-term rentals for owners in Honolulu, Hawaii, so it holds and must renew a city STR permit for every unit it takes on - the exact filing and renewal work StayLegal does.","","owner / principal","https://www.bnbcalc.com/blog/property-management/pmc-honolulu-hawaii","list-article","secondary","2026-09-03","website not confirmed: no candidate domain built from the name returned a page identifying this company"
"staylegal","end-customer","str management company","Goldnest Property Management","https://www.goldnest.co","Houston, Texas","200+ Properties","Manages short-term rentals for owners in Houston, Texas, so it holds and must renew a city STR permit for every unit it takes on - the exact filing and renewal work StayLegal does.","support@goldnest.co","owner / principal","https://www.bnbcalc.com/blog/property-management/pmc-houston-texas","list-article","verified","2026-09-03",""
"staylegal","end-customer","str management company","Vello Property Management","","Houston, Texas","","Manages short-term rentals for owners in Houston, Texas, so it holds and must renew a city STR permit for every unit it takes on - the exact filing and renewal work StayLegal does.","","owner / principal","https://www.bnbcalc.com/blog/property-management/pmc-houston-texas","list-article","secondary","2026-09-03","website not confirmed: no candidate domain built from the name returned a page identifying this company"
"staylegal","end-customer","str management company","Houston Property Management","https://www.houstonpropertymanagement.com","Houston, Texas","400+ properties","Manages short-term rentals for owners in Houston, Texas, so it holds and must renew a city STR permit for every unit it takes on - the exact filing and renewal work StayLegal does.","https://www.houstonpropertymanagement.com/contact","owner / principal","https://www.bnbcalc.com/blog/property-management/pmc-houston-texas","list-article","verified","2026-09-03",""
"staylegal","end-customer","str management company","Bayou City Luxe Property Management","","Houston, Texas","","Manages short-term rentals for owners in Houston, Texas, so it holds and must renew a city STR permit for every unit it takes on - the exact filing and renewal work StayLegal does.","","owner / principal","https://www.bnbcalc.com/blog/property-management/pmc-houston-texas","list-article","secondary","2026-09-03","website not confirmed: no candidate domain built from the name returned a page identifying this company"
"staylegal","end-customer","str management company","PMI Space City Property Management","https://www.pmispacecity.com","Houston, Texas","","Manages short-term rentals for owners in Houston, Texas, so it holds and must renew a city STR permit for every unit it takes on - the exact filing and renewal work StayLegal does.","https://www.pmispacecity.com/contact","owner / principal","https://www.bnbcalc.com/blog/property-management/pmc-houston-texas","list-article","verified","2026-09-03",""
"staylegal","end-customer","str management company","First Class Realty & Management","","Houston, Texas","","Manages short-term rentals for owners in Houston, Texas, so it holds and must renew a city STR permit for every unit it takes on - the exact filing and renewal work StayLegal does.","","owner / principal","https://www.bnbcalc.com/blog/property-management/pmc-houston-texas","list-article","secondary","2026-09-03","website not confirmed: no candidate domain built from the name returned a page identifying this company"
"staylegal","end-customer","str management company","Texas Property Management Partners","https://www.texaspropertymanagementpartners.com","Houston, Texas","","Manages short-term rentals for owners in Houston, Texas, so it holds and must renew a city STR permit for every unit it takes on - the exact filing and renewal work StayLegal does.","https://www.texaspropertymanagementpartners.com/contact/","owner / principal","https://www.bnbcalc.com/blog/property-management/pmc-houston-texas","list-article","verified","2026-09-03",""
"staylegal","end-customer","str management company","Shannon Property Management","","Houston, Texas","","Manages short-term rentals for owners in Houston, Texas, so it holds and must renew a city STR permit for every unit it takes on - the exact filing and renewal work StayLegal does.","","owner / principal","https://www.bnbcalc.com/blog/property-management/pmc-houston-texas","list-article","secondary","2026-09-03","website not confirmed: no candidate domain built from the name returned a page identifying this company"
"staylegal","end-customer","str management company","Green Residential","https://www.greenresidential.com","Houston, Texas; Pasadena, Texas","2,000+ Doors","Manages short-term rentals for owners in Houston, Texas, so it holds and must renew a city STR permit for every unit it takes on - the exact filing and renewal work StayLegal does.","https://www.greenresidential.com/contact-2/","owner / principal","https://www.bnbcalc.com/blog/property-management/pmc-houston-texas","list-article","verified","2026-09-03","listed in 2 city guides"
"staylegal","end-customer","str management company","Travelluxe Airbnb Management","","Huntington Beach, California; Long Beach, California","","Manages short-term rentals for owners in Huntington Beach, California, so it holds and must renew a city STR permit for every unit it takes on - the exact filing and renewal work StayLegal does.","","owner / principal","https://www.bnbcalc.com/blog/property-management/pmc-huntington-beach-california","list-article","secondary","2026-09-03","website not confirmed: no candidate domain built from the name returned a page identifying this company; listed in 2 city guides"
"staylegal","end-customer","str management company","Sail Properties","https://www.sailproperties.com","Huntington Beach, California","812+ Doors","Manages short-term rentals for owners in Huntington Beach, California, so it holds and must renew a city STR permit for every unit it takes on - the exact filing and renewal work StayLegal does.","https://www.sailproperties.com/contact","owner / principal","https://www.bnbcalc.com/blog/property-management/pmc-huntington-beach-california","list-article","verified","2026-09-03",""
"staylegal","end-customer","str management company","Mike Dunfee Group","","Huntington Beach, California; Torrance, California","","Manages short-term rentals for owners in Huntington Beach, California, so it holds and must renew a city STR permit for every unit it takes on - the exact filing and renewal work StayLegal does.","","owner / principal","https://www.bnbcalc.com/blog/property-management/pmc-huntington-beach-california","list-article","secondary","2026-09-03","website not confirmed: no candidate domain built from the name returned a page identifying this company; listed in 2 city guides"
"staylegal","end-customer","str management company","Red Door Property Management","","Indianapolis, Indiana","","Manages short-term rentals for owners in Indianapolis, Indiana, so it holds and must renew a city STR permit for every unit it takes on - the exact filing and renewal work StayLegal does.","","owner / principal","https://www.bnbcalc.com/blog/property-management/pmc-indianapolis-indiana","list-article","secondary","2026-09-03","website not confirmed: no candidate domain built from the name returned a page identifying this company"
"staylegal","end-customer","str management company","PMI Indianapolis","","Indianapolis, Indiana","","Manages short-term rentals for owners in Indianapolis, Indiana, so it holds and must renew a city STR permit for every unit it takes on - the exact filing and renewal work StayLegal does.","","owner / principal","https://www.bnbcalc.com/blog/property-management/pmc-indianapolis-indiana","list-article","secondary","2026-09-03","website not confirmed: no candidate domain built from the name returned a page identifying this company"
"staylegal","end-customer","str management company","Intrigue Property Management","","Indianapolis, Indiana","","Manages short-term rentals for owners in Indianapolis, Indiana, so it holds and must renew a city STR permit for every unit it takes on - the exact filing and renewal work StayLegal does.","","owner / principal","https://www.bnbcalc.com/blog/property-management/pmc-indianapolis-indiana","list-article","secondary","2026-09-03","website not confirmed: no candidate domain built from the name returned a page identifying this company"
"staylegal","end-customer","str management company","CRM Properties","https://www.crmproperties.com","Indianapolis, Indiana","","Manages short-term rentals for owners in Indianapolis, Indiana, so it holds and must renew a city STR permit for every unit it takes on - the exact filing and renewal work StayLegal does.","https://crmproperties.com/contact/","owner / principal","https://www.bnbcalc.com/blog/property-management/pmc-indianapolis-indiana","list-article","verified","2026-09-03","homepage showed only limited category signals (property management)"
"staylegal","end-customer","str management company","IndyFlippers","https://www.indyflippers.com","Indianapolis, Indiana","","Manages short-term rentals for owners in Indianapolis, Indiana, so it holds and must renew a city STR permit for every unit it takes on - the exact filing and renewal work StayLegal does.","https://indyflippers1.managebuilding.com/Resident/public/contact","owner / principal","https://www.bnbcalc.com/blog/property-management/pmc-indianapolis-indiana","list-article","verified","2026-09-03",""
"staylegal","end-customer","str management company (franchise/branch)","Keyrenter Indianapolis North","","Indianapolis, Indiana","","Local franchise or branch of a national vacation-rental brand, operating in Indianapolis, Indiana: a separate business that files its own city STR permits.","","franchise owner / general manager","https://www.bnbcalc.com/blog/property-management/pmc-indianapolis-indiana","list-article","secondary","2026-09-03","website not confirmed: no candidate domain built from the name returned a page identifying this company"
"staylegal","end-customer","str management company","ES Property Management","","Indianapolis, Indiana","","Manages short-term rentals for owners in Indianapolis, Indiana, so it holds and must renew a city STR permit for every unit it takes on - the exact filing and renewal work StayLegal does.","","owner / principal","https://www.bnbcalc.com/blog/property-management/pmc-indianapolis-indiana","list-article","secondary","2026-09-03","website not confirmed: no candidate domain built from the name returned a page identifying this company"
"staylegal","end-customer","str management company","Luna Stays","https://www.lunastays.com","Indianapolis, Indiana","","Manages short-term rentals for owners in Indianapolis, Indiana, so it holds and must renew a city STR permit for every unit it takes on - the exact filing and renewal work StayLegal does.","https://www.lunastays.com","owner / principal","https://www.bnbcalc.com/blog/property-management/pmc-indianapolis-indiana","list-article","verified","2026-09-03",""
"staylegal","end-customer","str management company","Reid Properties","","Indianapolis, Indiana","","Manages short-term rentals for owners in Indianapolis, Indiana, so it holds and must renew a city STR permit for every unit it takes on - the exact filing and renewal work StayLegal does.","","owner / principal","https://www.bnbcalc.com/blog/property-management/pmc-indianapolis-indiana","list-article","secondary","2026-09-03","website not confirmed: no candidate domain built from the name returned a page identifying this company"
"staylegal","end-customer","str management company","T&H Realty Services","","Indianapolis, Indiana","","Manages short-term rentals for owners in Indianapolis, Indiana, so it holds and must renew a city STR permit for every unit it takes on - the exact filing and renewal work StayLegal does.","","owner / principal","https://www.bnbcalc.com/blog/property-management/pmc-indianapolis-indiana","list-article","secondary","2026-09-03","website not confirmed: no candidate domain built from the name returned a page identifying this company"
"staylegal","end-customer","str management company","HCM Capital","","Irvine, California","","Manages short-term rentals for owners in Irvine, California, so it holds and must renew a city STR permit for every unit it takes on - the exact filing and renewal work StayLegal does.","","owner / principal","https://www.bnbcalc.com/blog/property-management/pmc-irvine-california","list-article","secondary","2026-09-03","website not confirmed: no candidate domain built from the name returned a page identifying this company"
"staylegal","end-customer","str management company","TrueDoor Property Management","https://www.truedoorpropertymanagement.com","Irvine, California","","Manages short-term rentals for owners in Irvine, California, so it holds and must renew a city STR permit for every unit it takes on - the exact filing and renewal work StayLegal does.","https://www.truedoorpm.com/contact/","owner / principal","https://www.bnbcalc.com/blog/property-management/pmc-irvine-california","list-article","verified","2026-09-03",""
"staylegal","end-customer","str management company","Homes Unlimited","","Irvine, California","","Manages short-term rentals for owners in Irvine, California, so it holds and must renew a city STR permit for every unit it takes on - the exact filing and renewal work StayLegal does.","","owner / principal","https://www.bnbcalc.com/blog/property-management/pmc-irvine-california","list-article","secondary","2026-09-03","a domain built from the name returned a page with no rental or property-management content, so no website is asserted for this company"
"staylegal","end-customer","str management company","Hermitage Property Management","https://www.hermitagepropertymanagement.com","Irvine, California","","Manages short-term rentals for owners in Irvine, California, so it holds and must renew a city STR permit for every unit it takes on - the exact filing and renewal work StayLegal does.","https://www.hermitagepropertymanagement.com/contact-us","owner / principal","https://www.bnbcalc.com/blog/property-management/pmc-irvine-california","list-article","verified","2026-09-03",""
"staylegal","end-customer","str management company","JaxBNB","https://www.jaxbnb.com","Jacksonville, Florida","","Manages short-term rentals for owners in Jacksonville, Florida, so it holds and must renew a city STR permit for every unit it takes on - the exact filing and renewal work StayLegal does.","info@jaxbnb.com","owner / principal","https://www.bnbcalc.com/blog/property-management/pmc-jacksonville-florida","list-article","verified","2026-09-03",""
"staylegal","end-customer","str management company","Joseph Ellen Properties","https://www.josephellenproperties.com","Jacksonville, Florida","over 30 properties","Manages short-term rentals for owners in Jacksonville, Florida, so it holds and must renew a city STR permit for every unit it takes on - the exact filing and renewal work StayLegal does.","https://josephellenproperties.com/contact/","owner / principal","https://www.bnbcalc.com/blog/property-management/pmc-jacksonville-florida","list-article","verified","2026-09-03",""
"staylegal","end-customer","str management company","Green River Property Management","","Jacksonville, Florida","","Manages short-term rentals for owners in Jacksonville, Florida, so it holds and must renew a city STR permit for every unit it takes on - the exact filing and renewal work StayLegal does.","","owner / principal","https://www.bnbcalc.com/blog/property-management/pmc-jacksonville-florida","list-article","secondary","2026-09-03","website not confirmed: no candidate domain built from the name returned a page identifying this company"
"staylegal","end-customer","str management company","Mealer Management","https://www.mealermanagement.com","Jacksonville, Florida","","Manages short-term rentals for owners in Jacksonville, Florida, so it holds and must renew a city STR permit for every unit it takes on - the exact filing and renewal work StayLegal does.","https://www.mealermanagement.com/contact-us","owner / principal","https://www.bnbcalc.com/blog/property-management/pmc-jacksonville-florida","list-article","verified","2026-09-03",""
"staylegal","end-customer","str management company","Rental Guys Property Management","https://www.rentalguyspropertymanagement.com","Jacksonville, Florida","over 1800 doors","Manages short-term rentals for owners in Jacksonville, Florida, so it holds and must renew a city STR permit for every unit it takes on - the exact filing and renewal work StayLegal does.","https://www.rentalguyspropertymanagement.com/contact/","owner / principal","https://www.bnbcalc.com/blog/property-management/pmc-jacksonville-florida","list-article","verified","2026-09-03",""
"staylegal","end-customer","str management company","Nest Finders Property Management","https://www.nestfinders.com","Jacksonville, Florida","","Manages short-term rentals for owners in Jacksonville, Florida, so it holds and must renew a city STR permit for every unit it takes on - the exact filing and renewal work StayLegal does.","https://www.nestfinders.com/contact","owner / principal","https://www.bnbcalc.com/blog/property-management/pmc-jacksonville-florida","list-article","verified","2026-09-03",""
"staylegal","end-customer","str management company","Valiant Realty & Management","","Jacksonville, Florida","","Manages short-term rentals for owners in Jacksonville, Florida, so it holds and must renew a city STR permit for every unit it takes on - the exact filing and renewal work StayLegal does.","","owner / principal","https://www.bnbcalc.com/blog/property-management/pmc-jacksonville-florida","list-article","secondary","2026-09-03","website not confirmed: no candidate domain built from the name returned a page identifying this company"
"staylegal","end-customer","str management company","Lighthouse Property Management","","Jacksonville, Florida","","Manages short-term rentals for owners in Jacksonville, Florida, so it holds and must renew a city STR permit for every unit it takes on - the exact filing and renewal work StayLegal does.","","owner / principal","https://www.bnbcalc.com/blog/property-management/pmc-jacksonville-florida","list-article","secondary","2026-09-03","website not confirmed: no candidate domain built from the name returned a page identifying this company"
"staylegal","end-customer","str management company","Global Luxury Suites","https://www.globalluxurysuites.com","Jersey City, New Jersey","","Manages short-term rentals for owners in Jersey City, New Jersey, so it holds and must renew a city STR permit for every unit it takes on - the exact filing and renewal work StayLegal does.","https://www.globalluxurysuites.com/contact-us","owner / principal","https://www.bnbcalc.com/blog/property-management/pmc-jersey-city-new-jersey","list-article","verified","2026-09-03",""
"staylegal","end-customer","str management company","ARC Property Management","","Jersey City, New Jersey","","Manages short-term rentals for owners in Jersey City, New Jersey, so it holds and must renew a city STR permit for every unit it takes on - the exact filing and renewal work StayLegal does.","","owner / principal","https://www.bnbcalc.com/blog/property-management/pmc-jersey-city-new-jersey","list-article","secondary","2026-09-03","website not confirmed: no candidate domain built from the name returned a page identifying this company"
"staylegal","end-customer","str management company","Keyes Red Door Property Management Services","","Jersey City, New Jersey","","Manages short-term rentals for owners in Jersey City, New Jersey, so it holds and must renew a city STR permit for every unit it takes on - the exact filing and renewal work StayLegal does.","","owner / principal","https://www.bnbcalc.com/blog/property-management/pmc-jersey-city-new-jersey","list-article","secondary","2026-09-03","website not confirmed: no candidate domain built from the name returned a page identifying this company"
"staylegal","end-customer","str management company","Hyatus Stays","https://www.hyatus.com","Jersey City, New Jersey; Pittsburgh, Pennsylvania","","Manages short-term rentals for owners in Jersey City, New Jersey, so it holds and must renew a city STR permit for every unit it takes on - the exact filing and renewal work StayLegal does.","https://www.hyatus.com/contact?topic=guest-support","owner / principal","https://www.bnbcalc.com/blog/property-management/pmc-jersey-city-new-jersey","list-article","verified","2026-09-03","listed in 2 city guides"
"staylegal","end-customer","str management company","Cozy in KC","https://www.cozyinkc.com","Kansas City, Missouri","","Manages short-term rentals for owners in Kansas City, Missouri, so it holds and must renew a city STR permit for every unit it takes on - the exact filing and renewal work StayLegal does.","https://www.cozyinkc.com/contact","owner / principal","https://www.bnbcalc.com/blog/property-management/pmc-kansas-city-missouri","list-article","verified","2026-09-03",""
"staylegal","end-customer","str management company","Next Guest KC","https://www.nextguestkc.com","Kansas City, Missouri","","Manages short-term rentals for owners in Kansas City, Missouri, so it holds and must renew a city STR permit for every unit it takes on - the exact filing and renewal work StayLegal does.","https://www.nextguestkc.com","owner / principal","https://www.bnbcalc.com/blog/property-management/pmc-kansas-city-missouri","list-article","verified","2026-09-03",""
"staylegal","end-customer","str management company","BearBnB KC","","Kansas City, Missouri","","Manages short-term rentals for owners in Kansas City, Missouri, so it holds and must renew a city STR permit for every unit it takes on - the exact filing and renewal work StayLegal does.","","owner / principal","https://www.bnbcalc.com/blog/property-management/pmc-kansas-city-missouri","list-article","secondary","2026-09-03","website not confirmed: no candidate domain built from the name returned a page identifying this company"
"staylegal","end-customer","str management company","Second Door","","Kansas City, Missouri","","Manages short-term rentals for owners in Kansas City, Missouri, so it holds and must renew a city STR permit for every unit it takes on - the exact filing and renewal work StayLegal does.","","owner / principal","https://www.bnbcalc.com/blog/property-management/pmc-kansas-city-missouri","list-article","secondary","2026-09-03","website not confirmed: no candidate domain built from the name returned a page identifying this company"
"staylegal","end-customer","str management company","Karat Vacation Rental Management","https://www.karatvacationrentalmanagement.com","Kansas City, Missouri","","Manages short-term rentals for owners in Kansas City, Missouri, so it holds and must renew a city STR permit for every unit it takes on - the exact filing and renewal work StayLegal does.","https://www.karatvacationrentalmanagement.com","owner / principal","https://www.bnbcalc.com/blog/property-management/pmc-kansas-city-missouri","list-article","verified","2026-09-03",""
"staylegal","end-customer","str management company","Home Team VR Missouri","","Kansas City, Missouri","","Manages short-term rentals for owners in Kansas City, Missouri, so it holds and must renew a city STR permit for every unit it takes on - the exact filing and renewal work StayLegal does.","","owner / principal","https://www.bnbcalc.com/blog/property-management/pmc-kansas-city-missouri","list-article","secondary","2026-09-03","website not confirmed: no candidate domain built from the name returned a page identifying this company"
"staylegal","end-customer","str management company","Freedom Vacation Rentals","","Kansas City, Missouri","","Manages short-term rentals for owners in Kansas City, Missouri, so it holds and must renew a city STR permit for every unit it takes on - the exact filing and renewal work StayLegal does.","","owner / principal","https://www.bnbcalc.com/blog/property-management/pmc-kansas-city-missouri","list-article","secondary","2026-09-03","website not confirmed: no candidate domain built from the name returned a page identifying this company"
"staylegal","end-customer","str management company","Grace Property Management & Real Estate","","Lakewood, Colorado","","Manages short-term rentals for owners in Lakewood, Colorado, so it holds and must renew a city STR permit for every unit it takes on - the exact filing and renewal work StayLegal does.","","owner / principal","https://www.bnbcalc.com/blog/property-management/pmc-lakewood-colorado","list-article","secondary","2026-09-03","website not confirmed: no candidate domain built from the name returned a page identifying this company"
"staylegal","end-customer","str management company","Walters and Company Property Management","","Lakewood, Colorado","","Manages short-term rentals for owners in Lakewood, Colorado, so it holds and must renew a city STR permit for every unit it takes on - the exact filing and renewal work StayLegal does.","","owner / principal","https://www.bnbcalc.com/blog/property-management/pmc-lakewood-colorado","list-article","secondary","2026-09-03","website not confirmed: no candidate domain built from the name returned a page identifying this company"
"staylegal","end-customer","str management company","Citadel Realty","","Lakewood, Colorado","","Manages short-term rentals for owners in Lakewood, Colorado, so it holds and must renew a city STR permit for every unit it takes on - the exact filing and renewal work StayLegal does.","","owner / principal","https://www.bnbcalc.com/blog/property-management/pmc-lakewood-colorado","list-article","secondary","2026-09-03","website not confirmed: no candidate domain built from the name returned a page identifying this company"
"staylegal","end-customer","str management company","Whole Property Management","","Lakewood, Colorado","","Manages short-term rentals for owners in Lakewood, Colorado, so it holds and must renew a city STR permit for every unit it takes on - the exact filing and renewal work StayLegal does.","","owner / principal","https://www.bnbcalc.com/blog/property-management/pmc-lakewood-colorado","list-article","secondary","2026-09-03","website not confirmed: no candidate domain built from the name returned a page identifying this company"
"staylegal","end-customer","str management company (franchise/branch)","Grand Welcome Long Beach","","Long Beach, California","","Local franchise or branch of a national vacation-rental brand, operating in Long Beach, California: a separate business that files its own city STR permits.","","franchise owner / general manager","https://www.bnbcalc.com/blog/property-management/pmc-long-beach-california","list-article","secondary","2026-09-03","website not confirmed: no candidate domain built from the name returned a page identifying this company"
"staylegal","end-customer","str management company","MasterHost Long Beach","","Long Beach, California","","Manages short-term rentals for owners in Long Beach, California, so it holds and must renew a city STR permit for every unit it takes on - the exact filing and renewal work StayLegal does.","","owner / principal","https://www.bnbcalc.com/blog/property-management/pmc-long-beach-california","list-article","secondary","2026-09-03","website not confirmed: no candidate domain built from the name returned a page identifying this company"
"staylegal","end-customer","str management company","Guestable Long Beach","","Long Beach, California","","Manages short-term rentals for owners in Long Beach, California, so it holds and must renew a city STR permit for every unit it takes on - the exact filing and renewal work StayLegal does.","","owner / principal","https://www.bnbcalc.com/blog/property-management/pmc-long-beach-california","list-article","secondary","2026-09-03","website not confirmed: no candidate domain built from the name returned a page identifying this company"
"staylegal","end-customer","str management company","Air Concierge Orange County","","Long Beach, California","","Manages short-term rentals for owners in Long Beach, California, so it holds and must renew a city STR permit for every unit it takes on - the exact filing and renewal work StayLegal does.","","owner / principal","https://www.bnbcalc.com/blog/property-management/pmc-long-beach-california","list-article","secondary","2026-09-03","website not confirmed: no candidate domain built from the name returned a page identifying this company"
"staylegal","end-customer","str management company","Long Beach VRM","","Long Beach, California","","Manages short-term rentals for owners in Long Beach, California, so it holds and must renew a city STR permit for every unit it takes on - the exact filing and renewal work StayLegal does.","","owner / principal","https://www.bnbcalc.com/blog/property-management/pmc-long-beach-california","list-article","secondary","2026-09-03","website not confirmed: no candidate domain built from the name returned a page identifying this company"
"staylegal","end-customer","str management company","CMC Realty & Property Management","","Long Beach, California; Torrance, California","","Manages short-term rentals for owners in Long Beach, California, so it holds and must renew a city STR permit for every unit it takes on - the exact filing and renewal work StayLegal does.","","owner / principal","https://www.bnbcalc.com/blog/property-management/pmc-long-beach-california","list-article","secondary","2026-09-03","website not confirmed: no candidate domain built from the name returned a page identifying this company; listed in 2 city guides"
"staylegal","end-customer","str management company","Penthouse 9 Management","","Long Beach, California","","Manages short-term rentals for owners in Long Beach, California, so it holds and must renew a city STR permit for every unit it takes on - the exact filing and renewal work StayLegal does.","","owner / principal","https://www.bnbcalc.com/blog/property-management/pmc-long-beach-california","list-article","secondary","2026-09-03","website not confirmed: no candidate domain built from the name returned a page identifying this company"
"staylegal","end-customer","str management company","Harbor Property Management","","Long Beach, California; Torrance, California","","Manages short-term rentals for owners in Long Beach, California, so it holds and must renew a city STR permit for every unit it takes on - the exact filing and renewal work StayLegal does.","","owner / principal","https://www.bnbcalc.com/blog/property-management/pmc-long-beach-california","list-article","secondary","2026-09-03","website not confirmed: no candidate domain built from the name returned a page identifying this company; listed in 2 city guides"
"staylegal","end-customer","str management company","Simply Home Management","https://www.simplyhomemanagement.com","Long Beach, California","","Manages short-term rentals for owners in Long Beach, California, so it holds and must renew a city STR permit for every unit it takes on - the exact filing and renewal work StayLegal does.","https://www.simplyhomemanagement.com/contact","owner / principal","https://www.bnbcalc.com/blog/property-management/pmc-long-beach-california","list-article","verified","2026-09-03",""
"staylegal","end-customer","str management company","The Management Club","","Los Angeles, California","","Manages short-term rentals for owners in Los Angeles, California, so it holds and must renew a city STR permit for every unit it takes on - the exact filing and renewal work StayLegal does.","","owner / principal","https://www.bnbcalc.com/blog/property-management/pmc-los-angeles-california","list-article","secondary","2026-09-03","website not confirmed: no candidate domain built from the name returned a page identifying this company"
"staylegal","end-customer","str management company","Park Place Properties","https://www.park-place-properties.com","Los Angeles, California","more than 100 homes","Manages short-term rentals for owners in Los Angeles, California, so it holds and must renew a city STR permit for every unit it takes on - the exact filing and renewal work StayLegal does.","https://www.park-place-properties.com","owner / principal","https://www.bnbcalc.com/blog/property-management/pmc-los-angeles-california","list-article","verified","2026-09-03",""
"staylegal","end-customer","str management company","Primior Group","","Los Angeles, California","","Manages short-term rentals for owners in Los Angeles, California, so it holds and must renew a city STR permit for every unit it takes on - the exact filing and renewal work StayLegal does.","","owner / principal","https://www.bnbcalc.com/blog/property-management/pmc-los-angeles-california","list-article","secondary","2026-09-03","website not confirmed: no candidate domain built from the name returned a page identifying this company"
"staylegal","end-customer","str management company","Managed By Miko","https://www.managedbymiko.com","Los Angeles, California","","Manages short-term rentals for owners in Los Angeles, California, so it holds and must renew a city STR permit for every unit it takes on - the exact filing and renewal work StayLegal does.","https://www.managedbymiko.com","owner / principal","https://www.bnbcalc.com/blog/property-management/pmc-los-angeles-california","list-article","verified","2026-09-03",""
"staylegal","end-customer","str management company","Glaser Property Management","","Los Angeles, California","","Manages short-term rentals for owners in Los Angeles, California, so it holds and must renew a city STR permit for every unit it takes on - the exact filing and renewal work StayLegal does.","","owner / principal","https://www.bnbcalc.com/blog/property-management/pmc-los-angeles-california","list-article","secondary","2026-09-03","website not confirmed: no candidate domain built from the name returned a page identifying this company"
"staylegal","end-customer","str management company","ROOF Los Angeles","","Los Angeles, California","","Manages short-term rentals for owners in Los Angeles, California, so it holds and must renew a city STR permit for every unit it takes on - the exact filing and renewal work StayLegal does.","","owner / principal","https://www.bnbcalc.com/blog/property-management/pmc-los-angeles-california","list-article","secondary","2026-09-03","a domain built from the name returned a page with no rental or property-management content, so no website is asserted for this company"
"staylegal","end-customer","str management company","Keybox Properties","https://www.keyboxproperties.com","Los Angeles, California","","Manages short-term rentals for owners in Los Angeles, California, so it holds and must renew a city STR permit for every unit it takes on - the exact filing and renewal work StayLegal does.","admin@keyboxproperties.com","owner / principal","https://www.bnbcalc.com/blog/property-management/pmc-los-angeles-california","list-article","verified","2026-09-03",""
"staylegal","end-customer","str management company","BNB Louisville","https://www.bnblouisville.com","Louisville, Kentucky","","Manages short-term rentals for owners in Louisville, Kentucky, so it holds and must renew a city STR permit for every unit it takes on - the exact filing and renewal work StayLegal does.","https://www.bnblouisville.com/contact/","owner / principal","https://www.bnbcalc.com/blog/property-management/pmc-louisville-kentucky","list-article","verified","2026-09-03",""
"staylegal","end-customer","str management company","Super Stays","","Louisville, Kentucky","","Manages short-term rentals for owners in Louisville, Kentucky, so it holds and must renew a city STR permit for every unit it takes on - the exact filing and renewal work StayLegal does.","","owner / principal","https://www.bnbcalc.com/blog/property-management/pmc-louisville-kentucky","list-article","secondary","2026-09-03","a domain built from the name returned a page with no rental or property-management content, so no website is asserted for this company"
"staylegal","end-customer","str management company","Henderson Realty Services","","Louisville, Kentucky","","Manages short-term rentals for owners in Louisville, Kentucky, so it holds and must renew a city STR permit for every unit it takes on - the exact filing and renewal work StayLegal does.","","owner / principal","https://www.bnbcalc.com/blog/property-management/pmc-louisville-kentucky","list-article","secondary","2026-09-03","website not confirmed: no candidate domain built from the name returned a page identifying this company"
"staylegal","end-customer","str management company","Robert Massey Company","","Louisville, Kentucky","","Manages short-term rentals for owners in Louisville, Kentucky, so it holds and must renew a city STR permit for every unit it takes on - the exact filing and renewal work StayLegal does.","","owner / principal","https://www.bnbcalc.com/blog/property-management/pmc-louisville-kentucky","list-article","secondary","2026-09-03","website not confirmed: no candidate domain built from the name returned a page identifying this company"
"staylegal","end-customer","str management company","PMI Louisville","https://www.pmilouisville.com","Louisville, Kentucky","","Manages short-term rentals for owners in Louisville, Kentucky, so it holds and must renew a city STR permit for every unit it takes on - the exact filing and renewal work StayLegal does.","https://www.pmilouisville.com/contact","owner / principal","https://www.bnbcalc.com/blog/property-management/pmc-louisville-kentucky","list-article","verified","2026-09-03",""
"staylegal","end-customer","str management company","Venture BnB","https://www.venturebnb.com","Louisville, Kentucky","240+ properties","Manages short-term rentals for owners in Louisville, Kentucky, so it holds and must renew a city STR permit for every unit it takes on - the exact filing and renewal work StayLegal does.","https://www.venturebnb.com","owner / principal","https://www.bnbcalc.com/blog/property-management/pmc-louisville-kentucky","list-article","verified","2026-09-03",""
"staylegal","end-customer","str management company","SGI Property Management","","McKinney, Texas; Tempe, Arizona","","Manages short-term rentals for owners in McKinney, Texas, so it holds and must renew a city STR permit for every unit it takes on - the exact filing and renewal work StayLegal does.","","owner / principal","https://www.bnbcalc.com/blog/property-management/pmc-mckinney-texas","list-article","secondary","2026-09-03","website not confirmed: no candidate domain built from the name returned a page identifying this company; listed in 2 city guides"
"staylegal","end-customer","str management company","Surge","","McKinney, Texas","","Manages short-term rentals for owners in McKinney, Texas, so it holds and must renew a city STR permit for every unit it takes on - the exact filing and renewal work StayLegal does.","","owner / principal","https://www.bnbcalc.com/blog/property-management/pmc-mckinney-texas","list-article","secondary","2026-09-03","website not confirmed: no candidate domain built from the name returned a page identifying this company"
"staylegal","end-customer","str management company","LEAP DFW Property Management","","McKinney, Texas","","Manages short-term rentals for owners in McKinney, Texas, so it holds and must renew a city STR permit for every unit it takes on - the exact filing and renewal work StayLegal does.","","owner / principal","https://www.bnbcalc.com/blog/property-management/pmc-mckinney-texas","list-article","secondary","2026-09-03","website not confirmed: no candidate domain built from the name returned a page identifying this company"
"staylegal","end-customer","str management company","CW Sparks Realty","","McKinney, Texas","","Manages short-term rentals for owners in McKinney, Texas, so it holds and must renew a city STR permit for every unit it takes on - the exact filing and renewal work StayLegal does.","","owner / principal","https://www.bnbcalc.com/blog/property-management/pmc-mckinney-texas","list-article","secondary","2026-09-03","a domain built from the name returned a page with no rental or property-management content, so no website is asserted for this company"
"staylegal","end-customer","str management company","Blue Crown Properties","https://www.bluecrownproperties.com","McKinney, Texas","542 Properties","Manages short-term rentals for owners in McKinney, Texas, so it holds and must renew a city STR permit for every unit it takes on - the exact filing and renewal work StayLegal does.","https://www.bluecrownproperties.com/contact","owner / principal","https://www.bnbcalc.com/blog/property-management/pmc-mckinney-texas","list-article","verified","2026-09-03",""
"staylegal","end-customer","str management company","Host Memphis","","Memphis, Tennessee","","Manages short-term rentals for owners in Memphis, Tennessee, so it holds and must renew a city STR permit for every unit it takes on - the exact filing and renewal work StayLegal does.","","owner / principal","https://www.bnbcalc.com/blog/property-management/pmc-memphis-tennessee","list-article","secondary","2026-09-03","website not confirmed: no candidate domain built from the name returned a page identifying this company"
"staylegal","end-customer","str management company","PropertyPeak Hosting","","Memphis, Tennessee","","Manages short-term rentals for owners in Memphis, Tennessee, so it holds and must renew a city STR permit for every unit it takes on - the exact filing and renewal work StayLegal does.","","owner / principal","https://www.bnbcalc.com/blog/property-management/pmc-memphis-tennessee","list-article","secondary","2026-09-03","website not confirmed: no candidate domain built from the name returned a page identifying this company"
"staylegal","end-customer","str management company","CrestCore Realty","https://www.crestcore.com","Memphis, Tennessee","","Manages short-term rentals for owners in Memphis, Tennessee, so it holds and must renew a city STR permit for every unit it takes on - the exact filing and renewal work StayLegal does.","https://www.crestcore.com/contact/","owner / principal","https://www.bnbcalc.com/blog/property-management/pmc-memphis-tennessee","list-article","verified","2026-09-03",""
"staylegal","end-customer","str management company","Reed & Associates","","Memphis, Tennessee","","Manages short-term rentals for owners in Memphis, Tennessee, so it holds and must renew a city STR permit for every unit it takes on - the exact filing and renewal work StayLegal does.","","owner / principal","https://www.bnbcalc.com/blog/property-management/pmc-memphis-tennessee","list-article","secondary","2026-09-03","website not confirmed: no candidate domain built from the name returned a page identifying this company"
"staylegal","end-customer","str management company","RiverTown Realty","","Memphis, Tennessee","","Manages short-term rentals for owners in Memphis, Tennessee, so it holds and must renew a city STR permit for every unit it takes on - the exact filing and renewal work StayLegal does.","","owner / principal","https://www.bnbcalc.com/blog/property-management/pmc-memphis-tennessee","list-article","secondary","2026-09-03","website not confirmed: no candidate domain built from the name returned a page identifying this company"
"staylegal","end-customer","str management company","Reedy & Company","","Memphis, Tennessee","","Manages short-term rentals for owners in Memphis, Tennessee, so it holds and must renew a city STR permit for every unit it takes on - the exact filing and renewal work StayLegal does.","","owner / principal","https://www.bnbcalc.com/blog/property-management/pmc-memphis-tennessee","list-article","secondary","2026-09-03","website not confirmed: no candidate domain built from the name returned a page identifying this company"
"staylegal","end-customer","str management company","Enterprise Property Management","","Memphis, Tennessee","","Manages short-term rentals for owners in Memphis, Tennessee, so it holds and must renew a city STR permit for every unit it takes on - the exact filing and renewal work StayLegal does.","","owner / principal","https://www.bnbcalc.com/blog/property-management/pmc-memphis-tennessee","list-article","secondary","2026-09-03","website not confirmed: no candidate domain built from the name returned a page identifying this company"
"staylegal","end-customer","str management company","Crye-Leike Property Management","","Memphis, Tennessee","","Manages short-term rentals for owners in Memphis, Tennessee, so it holds and must renew a city STR permit for every unit it takes on - the exact filing and renewal work StayLegal does.","","owner / principal","https://www.bnbcalc.com/blog/property-management/pmc-memphis-tennessee","list-article","secondary","2026-09-03","website not confirmed: no candidate domain built from the name returned a page identifying this company"
"staylegal","end-customer","str management company","Helios Property Management","https://www.heliospropertymanagement.com","Mesa, Arizona","","Manages short-term rentals for owners in Mesa, Arizona, so it holds and must renew a city STR permit for every unit it takes on - the exact filing and renewal work StayLegal does.","https://www.heliospropertymanagement.com","owner / principal","https://www.bnbcalc.com/blog/property-management/pmc-mesa-arizona","list-article","verified","2026-09-03",""
"staylegal","end-customer","str management company","Copper Wren Residential","","Mesa, Arizona","","Manages short-term rentals for owners in Mesa, Arizona, so it holds and must renew a city STR permit for every unit it takes on - the exact filing and renewal work StayLegal does.","","owner / principal","https://www.bnbcalc.com/blog/property-management/pmc-mesa-arizona","list-article","secondary","2026-09-03","website not confirmed: no candidate domain built from the name returned a page identifying this company"
"staylegal","end-customer","str management company","HomeSlice Stays","","Mesa, Arizona","","Manages short-term rentals for owners in Mesa, Arizona, so it holds and must renew a city STR permit for every unit it takes on - the exact filing and renewal work StayLegal does.","","owner / principal","https://www.bnbcalc.com/blog/property-management/pmc-mesa-arizona","list-article","secondary","2026-09-03","website not confirmed: no candidate domain built from the name returned a page identifying this company"
"staylegal","end-customer","str management company","Sway Vacation Rental Management","","Mesa, Arizona","","Manages short-term rentals for owners in Mesa, Arizona, so it holds and must renew a city STR permit for every unit it takes on - the exact filing and renewal work StayLegal does.","","owner / principal","https://www.bnbcalc.com/blog/property-management/pmc-mesa-arizona","list-article","secondary","2026-09-03","website not confirmed: no candidate domain built from the name returned a page identifying this company"
"staylegal","end-customer","str management company","Fort Lowell Realty & Property Management","https://www.fortlowellrealty.com","Mesa, Arizona","","Manages short-term rentals for owners in Mesa, Arizona, so it holds and must renew a city STR permit for every unit it takes on - the exact filing and renewal work StayLegal does.","https://flraz.com/contact-us/","owner / principal","https://www.bnbcalc.com/blog/property-management/pmc-mesa-arizona","list-article","verified","2026-09-03",""
"staylegal","end-customer","str management company","Novel Management","https://www.novelmanagement.com","Miami Beach, FL","","Manages short-term rentals for owners in Miami Beach, FL, so it holds and must renew a city STR permit for every unit it takes on - the exact filing and renewal work StayLegal does.","https://novelmanagement.com/contact/","owner / principal","https://www.bnbcalc.com/blog/property-management/pmc-miami-beach-florida","list-article","verified","2026-09-03",""
"staylegal","end-customer","str management company","Estaga","https://www.estaga.com","Miami Beach, FL","","Manages short-term rentals for owners in Miami Beach, FL, so it holds and must renew a city STR permit for every unit it takes on - the exact filing and renewal work StayLegal does.","https://estaga.com/contact-us","owner / principal","https://www.bnbcalc.com/blog/property-management/pmc-miami-beach-florida","list-article","verified","2026-09-03",""
"staylegal","end-customer","str management company","Host and Keep","","Miami Beach, FL","","Manages short-term rentals for owners in Miami Beach, FL, so it holds and must renew a city STR permit for every unit it takes on - the exact filing and renewal work StayLegal does.","","owner / principal","https://www.bnbcalc.com/blog/property-management/pmc-miami-beach-florida","list-article","secondary","2026-09-03","a domain built from the name returned a page with no rental or property-management content, so no website is asserted for this company"
"staylegal","end-customer","str management company","Luxury Residential Miami","","Miami Beach, FL","","Manages short-term rentals for owners in Miami Beach, FL, so it holds and must renew a city STR permit for every unit it takes on - the exact filing and renewal work StayLegal does.","","owner / principal","https://www.bnbcalc.com/blog/property-management/pmc-miami-beach-florida","list-article","secondary","2026-09-03","website not confirmed: no candidate domain built from the name returned a page identifying this company"
"staylegal","end-customer","str management company","Sextant Stays","","Miami, Florida","","Manages short-term rentals for owners in Miami, Florida, so it holds and must renew a city STR permit for every unit it takes on - the exact filing and renewal work StayLegal does.","","owner / principal","https://www.bnbcalc.com/blog/property-management/pmc-miami-florida","list-article","secondary","2026-09-03","website not confirmed: no candidate domain built from the name returned a page identifying this company"
"staylegal","end-customer","str management company","Nomada Residences","https://www.nomadaresidences.com","Miami, Florida","","Manages short-term rentals for owners in Miami, Florida, so it holds and must renew a city STR permit for every unit it takes on - the exact filing and renewal work StayLegal does.","https://nomadaresidences.com/contact/","owner / principal","https://www.bnbcalc.com/blog/property-management/pmc-miami-florida","list-article","verified","2026-09-03",""
"staylegal","end-customer","str management company","Fortune House Management","","Miami, Florida","","Manages short-term rentals for owners in Miami, Florida, so it holds and must renew a city STR permit for every unit it takes on - the exact filing and renewal work StayLegal does.","","owner / principal","https://www.bnbcalc.com/blog/property-management/pmc-miami-florida","list-article","secondary","2026-09-03","website not confirmed: no candidate domain built from the name returned a page identifying this company"
"staylegal","end-customer","str management company","Stay MKE","https://www.staymke.com","Milwaukee, Wisconsin","","Manages short-term rentals for owners in Milwaukee, Wisconsin, so it holds and must renew a city STR permit for every unit it takes on - the exact filing and renewal work StayLegal does.","https://www.staymke.com/en/contact","owner / principal","https://www.bnbcalc.com/blog/property-management/pmc-milwaukee-wisconsin","list-article","verified","2026-09-03",""
"staylegal","end-customer","str management company","Wisconsin CoHost","","Milwaukee, Wisconsin","","Manages short-term rentals for owners in Milwaukee, Wisconsin, so it holds and must renew a city STR permit for every unit it takes on - the exact filing and renewal work StayLegal does.","","owner / principal","https://www.bnbcalc.com/blog/property-management/pmc-milwaukee-wisconsin","list-article","secondary","2026-09-03","website not confirmed: no candidate domain built from the name returned a page identifying this company"
"staylegal","end-customer","str management company","Welcome Home Milwaukee","","Milwaukee, Wisconsin","","Manages short-term rentals for owners in Milwaukee, Wisconsin, so it holds and must renew a city STR permit for every unit it takes on - the exact filing and renewal work StayLegal does.","","owner / principal","https://www.bnbcalc.com/blog/property-management/pmc-milwaukee-wisconsin","list-article","secondary","2026-09-03","website not confirmed: no candidate domain built from the name returned a page identifying this company"
"staylegal","end-customer","str management company","Airtecture","","Milwaukee, Wisconsin","","Manages short-term rentals for owners in Milwaukee, Wisconsin, so it holds and must renew a city STR permit for every unit it takes on - the exact filing and renewal work StayLegal does.","","owner / principal","https://www.bnbcalc.com/blog/property-management/pmc-milwaukee-wisconsin","list-article","secondary","2026-09-03","website not confirmed: no candidate domain built from the name returned a page identifying this company"
"staylegal","end-customer","str management company","GoSummer Milwaukee","","Milwaukee, Wisconsin","","Manages short-term rentals for owners in Milwaukee, Wisconsin, so it holds and must renew a city STR permit for every unit it takes on - the exact filing and renewal work StayLegal does.","","owner / principal","https://www.bnbcalc.com/blog/property-management/pmc-milwaukee-wisconsin","list-article","secondary","2026-09-03","website not confirmed: no candidate domain built from the name returned a page identifying this company"
"staylegal","end-customer","str management company","MPI Property Management","","Milwaukee, Wisconsin","","Manages short-term rentals for owners in Milwaukee, Wisconsin, so it holds and must renew a city STR permit for every unit it takes on - the exact filing and renewal work StayLegal does.","","owner / principal","https://www.bnbcalc.com/blog/property-management/pmc-milwaukee-wisconsin","list-article","secondary","2026-09-03","website not confirmed: no candidate domain built from the name returned a page identifying this company"
"staylegal","end-customer","str management company","Short Suite Management","https://www.shortsuitemanagement.com","Milwaukee, Wisconsin","","Manages short-term rentals for owners in Milwaukee, Wisconsin, so it holds and must renew a city STR permit for every unit it takes on - the exact filing and renewal work StayLegal does.","https://www.shortsuitemanagement.com/contact-us","owner / principal","https://www.bnbcalc.com/blog/property-management/pmc-milwaukee-wisconsin","list-article","verified","2026-09-03",""
"staylegal","end-customer","str management company","Shoreline Real Estate Services","","Milwaukee, Wisconsin","","Manages short-term rentals for owners in Milwaukee, Wisconsin, so it holds and must renew a city STR permit for every unit it takes on - the exact filing and renewal work StayLegal does.","","owner / principal","https://www.bnbcalc.com/blog/property-management/pmc-milwaukee-wisconsin","list-article","secondary","2026-09-03","website not confirmed: no candidate domain built from the name returned a page identifying this company"
"staylegal","end-customer","str management company","Home Team VR","","Milwaukee, Wisconsin; Portland, Oregon; Salt Lake City, Utah","","Manages short-term rentals for owners in Milwaukee, Wisconsin, so it holds and must renew a city STR permit for every unit it takes on - the exact filing and renewal work StayLegal does.","","owner / principal","https://www.bnbcalc.com/blog/property-management/pmc-milwaukee-wisconsin","list-article","secondary","2026-09-03","website not confirmed: no candidate domain built from the name returned a page identifying this company; listed in 3 city guides"
"staylegal","end-customer","str management company","Minnestay","https://www.minnestay.com","Minneapolis, Minnesota","","Manages short-term rentals for owners in Minneapolis, Minnesota, so it holds and must renew a city STR permit for every unit it takes on - the exact filing and renewal work StayLegal does.","https://www.minnestay.com/contact-us","owner / principal","https://www.bnbcalc.com/blog/property-management/pmc-minneapolis-minnesota","list-article","verified","2026-09-03",""
"staylegal","end-customer","str management company","Bungalow Boss Rentals","","Minneapolis, Minnesota","","Manages short-term rentals for owners in Minneapolis, Minnesota, so it holds and must renew a city STR permit for every unit it takes on - the exact filing and renewal work StayLegal does.","","owner / principal","https://www.bnbcalc.com/blog/property-management/pmc-minneapolis-minnesota","list-article","secondary","2026-09-03","website not confirmed: no candidate domain built from the name returned a page identifying this company"
"staylegal","end-customer","str management company","DayAway Vacation Rentals","","Minneapolis, Minnesota","","Manages short-term rentals for owners in Minneapolis, Minnesota, so it holds and must renew a city STR permit for every unit it takes on - the exact filing and renewal work StayLegal does.","","owner / principal","https://www.bnbcalc.com/blog/property-management/pmc-minneapolis-minnesota","list-article","secondary","2026-09-03","website not confirmed: no candidate domain built from the name returned a page identifying this company"
"staylegal","end-customer","str management company","Haustay Vacation Rentals","","Minneapolis, Minnesota; San Diego, California","","Manages short-term rentals for owners in Minneapolis, Minnesota, so it holds and must renew a city STR permit for every unit it takes on - the exact filing and renewal work StayLegal does.","","owner / principal","https://www.bnbcalc.com/blog/property-management/pmc-minneapolis-minnesota","list-article","secondary","2026-09-03","website not confirmed: no candidate domain built from the name returned a page identifying this company; listed in 2 city guides"
"staylegal","end-customer","str management company (franchise/branch)","Summer Property Management","","Minneapolis, Minnesota","","Local franchise or branch of a national vacation-rental brand, operating in Minneapolis, Minnesota: a separate business that files its own city STR permits.","","franchise owner / general manager","https://www.bnbcalc.com/blog/property-management/pmc-minneapolis-minnesota","list-article","secondary","2026-09-03","website not confirmed: no candidate domain built from the name returned a page identifying this company"
"staylegal","end-customer","str management company","Rhome Rental & Home Management","","Minneapolis, Minnesota","","Manages short-term rentals for owners in Minneapolis, Minnesota, so it holds and must renew a city STR permit for every unit it takes on - the exact filing and renewal work StayLegal does.","","owner / principal","https://www.bnbcalc.com/blog/property-management/pmc-minneapolis-minnesota","list-article","secondary","2026-09-03","website not confirmed: no candidate domain built from the name returned a page identifying this company"
"staylegal","end-customer","str management company","EIG Property Management","https://www.eigpropertymanagement.com","Minneapolis, Minnesota","","Manages short-term rentals for owners in Minneapolis, Minnesota, so it holds and must renew a city STR permit for every unit it takes on - the exact filing and renewal work StayLegal does.","https://www.eigpropertymanagement.com/contact-us/","owner / principal","https://www.bnbcalc.com/blog/property-management/pmc-minneapolis-minnesota","list-article","verified","2026-09-03","homepage showed only limited category signals (property management)"
"staylegal","end-customer","str management company","Full Home Hosting Services","","Mississauga, Canada","","Manages short-term rentals for owners in Mississauga, Canada, so it holds and must renew a city STR permit for every unit it takes on - the exact filing and renewal work StayLegal does.","","owner / principal","https://www.bnbcalc.com/blog/property-management/pmc-mississauga-canada","list-article","secondary","2026-09-03","website not confirmed: no candidate domain built from the name returned a page identifying this company"
"staylegal","end-customer","str management company","K2 Stays","https://www.k2stays.com","Mississauga, Canada","","Manages short-term rentals for owners in Mississauga, Canada, so it holds and must renew a city STR permit for every unit it takes on - the exact filing and renewal work StayLegal does.","hello@k2stays.com","owner / principal","https://www.bnbcalc.com/blog/property-management/pmc-mississauga-canada","list-article","verified","2026-09-03",""
"staylegal","end-customer","str management company","Home Again Property Management","","Mississauga, Canada","","Manages short-term rentals for owners in Mississauga, Canada, so it holds and must renew a city STR permit for every unit it takes on - the exact filing and renewal work StayLegal does.","","owner / principal","https://www.bnbcalc.com/blog/property-management/pmc-mississauga-canada","list-article","secondary","2026-09-03","website not confirmed: no candidate domain built from the name returned a page identifying this company"
"staylegal","end-customer","str management company","Royal York Property Management","","Mississauga, Canada","","Manages short-term rentals for owners in Mississauga, Canada, so it holds and must renew a city STR permit for every unit it takes on - the exact filing and renewal work StayLegal does.","","owner / principal","https://www.bnbcalc.com/blog/property-management/pmc-mississauga-canada","list-article","secondary","2026-09-03","website not confirmed: no candidate domain built from the name returned a page identifying this company"
"staylegal","end-customer","str management company","Condo1 Property Management","","Mississauga, Canada","","Manages short-term rentals for owners in Mississauga, Canada, so it holds and must renew a city STR permit for every unit it takes on - the exact filing and renewal work StayLegal does.","","owner / principal","https://www.bnbcalc.com/blog/property-management/pmc-mississauga-canada","list-article","secondary","2026-09-03","website not confirmed: no candidate domain built from the name returned a page identifying this company"
"staylegal","end-customer","str management company","StayTo","","Mississauga, Canada","","Manages short-term rentals for owners in Mississauga, Canada, so it holds and must renew a city STR permit for every unit it takes on - the exact filing and renewal work StayLegal does.","","owner / principal","https://www.bnbcalc.com/blog/property-management/pmc-mississauga-canada","list-article","secondary","2026-09-03","website not confirmed: no candidate domain built from the name returned a page identifying this company"
"staylegal","end-customer","str management company","Casa Co-Host","","Mississauga, Canada","","Manages short-term rentals for owners in Mississauga, Canada, so it holds and must renew a city STR permit for every unit it takes on - the exact filing and renewal work StayLegal does.","","owner / principal","https://www.bnbcalc.com/blog/property-management/pmc-mississauga-canada","list-article","secondary","2026-09-03","website not confirmed: no candidate domain built from the name returned a page identifying this company"
"staylegal","end-customer","str management company","Valley Oak Property Management","","Modesto, California","","Manages short-term rentals for owners in Modesto, California, so it holds and must renew a city STR permit for every unit it takes on - the exact filing and renewal work StayLegal does.","","owner / principal","https://www.bnbcalc.com/blog/property-management/pmc-modesto-california","list-article","secondary","2026-09-03","website not confirmed: no candidate domain built from the name returned a page identifying this company"
"staylegal","end-customer","str management company","New Bridge Management","https://www.newbridgemanagement.com","Modesto, California","","Manages short-term rentals for owners in Modesto, California, so it holds and must renew a city STR permit for every unit it takes on - the exact filing and renewal work StayLegal does.","https://www.newbridgemanagement.com/contact-us/","owner / principal","https://www.bnbcalc.com/blog/property-management/pmc-modesto-california","list-article","verified","2026-09-03",""
"staylegal","end-customer","str management company","PMI Central Valley","https://www.pmicentralvalley.com","Modesto, California","","Manages short-term rentals for owners in Modesto, California, so it holds and must renew a city STR permit for every unit it takes on - the exact filing and renewal work StayLegal does.","https://www.pmicentralvalley.com/contact","owner / principal","https://www.bnbcalc.com/blog/property-management/pmc-modesto-california","list-article","verified","2026-09-03",""
"staylegal","end-customer","str management company","Countryside Property Management","https://www.countrysidepropertymanagement.com","Modesto, California","","Manages short-term rentals for owners in Modesto, California, so it holds and must renew a city STR permit for every unit it takes on - the exact filing and renewal work StayLegal does.","https://www.countrysidepropertymanagement.com/contact","owner / principal","https://www.bnbcalc.com/blog/property-management/pmc-modesto-california","list-article","verified","2026-09-03",""
"staylegal","end-customer","str management company","Rental Zebra","https://www.rentalzebra.com","Modesto, California","","Manages short-term rentals for owners in Modesto, California, so it holds and must renew a city STR permit for every unit it takes on - the exact filing and renewal work StayLegal does.","info@bridgeviewpm.com","owner / principal","https://www.bnbcalc.com/blog/property-management/pmc-modesto-california","list-article","verified","2026-09-03","homepage showed only limited category signals (property manager)"
"staylegal","end-customer","str management company","Valleywide Property Management","","Modesto, California","","Manages short-term rentals for owners in Modesto, California, so it holds and must renew a city STR permit for every unit it takes on - the exact filing and renewal work StayLegal does.","","owner / principal","https://www.bnbcalc.com/blog/property-management/pmc-modesto-california","list-article","secondary","2026-09-03","website not confirmed: no candidate domain built from the name returned a page identifying this company"
"staylegal","end-customer","str management company","Merced Stanislaus County Property Management","","Modesto, California","","Manages short-term rentals for owners in Modesto, California, so it holds and must renew a city STR permit for every unit it takes on - the exact filing and renewal work StayLegal does.","","owner / principal","https://www.bnbcalc.com/blog/property-management/pmc-modesto-california","list-article","secondary","2026-09-03","website not confirmed: no candidate domain built from the name returned a page identifying this company"
"staylegal","end-customer","str management company","Angel Host","","Montreal, Canada","","Manages short-term rentals for owners in Montreal, Canada, so it holds and must renew a city STR permit for every unit it takes on - the exact filing and renewal work StayLegal does.","","owner / principal","https://www.bnbcalc.com/blog/property-management/pmc-montreal-canada","list-article","secondary","2026-09-03","website not confirmed: no candidate domain built from the name returned a page identifying this company"
"staylegal","end-customer","str management company","StayPro","","Montreal, Canada","","Manages short-term rentals for owners in Montreal, Canada, so it holds and must renew a city STR permit for every unit it takes on - the exact filing and renewal work StayLegal does.","","owner / principal","https://www.bnbcalc.com/blog/property-management/pmc-montreal-canada","list-article","secondary","2026-09-03","a domain built from the name returned a page with no rental or property-management content, so no website is asserted for this company"
"staylegal","end-customer","str management company","Rent It Furnished","https://www.rentitfurnished.com","Montreal, Canada","","Manages short-term rentals for owners in Montreal, Canada, so it holds and must renew a city STR permit for every unit it takes on - the exact filing and renewal work StayLegal does.","https://www.rentitfurnished.com/contact-us","owner / principal","https://www.bnbcalc.com/blog/property-management/pmc-montreal-canada","list-article","verified","2026-09-03",""
"staylegal","end-customer","str management company","Wilkar Property Management","","Montreal, Canada","","Manages short-term rentals for owners in Montreal, Canada, so it holds and must renew a city STR permit for every unit it takes on - the exact filing and renewal work StayLegal does.","","owner / principal","https://www.bnbcalc.com/blog/property-management/pmc-montreal-canada","list-article","secondary","2026-09-03","website not confirmed: no candidate domain built from the name returned a page identifying this company"
"staylegal","end-customer","str management company","Monsieur Concierge","","Montreal, Canada","","Manages short-term rentals for owners in Montreal, Canada, so it holds and must renew a city STR permit for every unit it takes on - the exact filing and renewal work StayLegal does.","","owner / principal","https://www.bnbcalc.com/blog/property-management/pmc-montreal-canada","list-article","secondary","2026-09-03","website not confirmed: no candidate domain built from the name returned a page identifying this company"
"staylegal","end-customer","str management company","Rentalys Solution","","Montreal, Canada","","Manages short-term rentals for owners in Montreal, Canada, so it holds and must renew a city STR permit for every unit it takes on - the exact filing and renewal work StayLegal does.","","owner / principal","https://www.bnbcalc.com/blog/property-management/pmc-montreal-canada","list-article","secondary","2026-09-03","website not confirmed: no candidate domain built from the name returned a page identifying this company"
"staylegal","end-customer","str management company","FirstStays","","Montreal, Canada","","Manages short-term rentals for owners in Montreal, Canada, so it holds and must renew a city STR permit for every unit it takes on - the exact filing and renewal work StayLegal does.","","owner / principal","https://www.bnbcalc.com/blog/property-management/pmc-montreal-canada","list-article","secondary","2026-09-03","website not confirmed: no candidate domain built from the name returned a page identifying this company"
"staylegal","end-customer","str management company","Baird & Warner Property Management","","Naperville, Illinois","","Manages short-term rentals for owners in Naperville, Illinois, so it holds and must renew a city STR permit for every unit it takes on - the exact filing and renewal work StayLegal does.","","owner / principal","https://www.bnbcalc.com/blog/property-management/pmc-naperville-illinois","list-article","secondary","2026-09-03","website not confirmed: no candidate domain built from the name returned a page identifying this company"
"staylegal","end-customer","str management company","PMI","","Naperville, Illinois","","Manages short-term rentals for owners in Naperville, Illinois, so it holds and must renew a city STR permit for every unit it takes on - the exact filing and renewal work StayLegal does.","","owner / principal","https://www.bnbcalc.com/blog/property-management/pmc-naperville-illinois","list-article","secondary","2026-09-03","website not confirmed: no candidate domain built from the name returned a page identifying this company"
"staylegal","end-customer","str management company","Marquette Management","https://www.marquettemanagement.com","Naperville, Illinois","","Manages short-term rentals for owners in Naperville, Illinois, so it holds and must renew a city STR permit for every unit it takes on - the exact filing and renewal work StayLegal does.","https://www.marquettemanagement.com","owner / principal","https://www.bnbcalc.com/blog/property-management/pmc-naperville-illinois","list-article","verified","2026-09-03","homepage showed only limited category signals (property management)"
"staylegal","end-customer","str management company","YellowKey Property Management","","Naperville, Illinois","","Manages short-term rentals for owners in Naperville, Illinois, so it holds and must renew a city STR permit for every unit it takes on - the exact filing and renewal work StayLegal does.","","owner / principal","https://www.bnbcalc.com/blog/property-management/pmc-naperville-illinois","list-article","secondary","2026-09-03","website not confirmed: no candidate domain built from the name returned a page identifying this company"
"staylegal","end-customer","str management company","Westward360","https://www.westward360.com","Naperville, Illinois","more than 50,000 homes","Manages short-term rentals for owners in Naperville, Illinois, so it holds and must renew a city STR permit for every unit it takes on - the exact filing and renewal work StayLegal does.","https://westward360.com/contact-us/","owner / principal","https://www.bnbcalc.com/blog/property-management/pmc-naperville-illinois","list-article","verified","2026-09-03",""
"staylegal","end-customer","str management company","FirstService Residential","https://www.firstserviceresidential.com","Naperville, Illinois","","Manages short-term rentals for owners in Naperville, Illinois, so it holds and must renew a city STR permit for every unit it takes on - the exact filing and renewal work StayLegal does.","https://www.firstserviceresidential.com/corporate/contact-us/contact-us/","owner / principal","https://www.bnbcalc.com/blog/property-management/pmc-naperville-illinois","list-article","verified","2026-09-03",""
"staylegal","end-customer","str management company","Calamos Real Estate","https://www.calamosrealestate.com","Naperville, Illinois","","Manages short-term rentals for owners in Naperville, Illinois, so it holds and must renew a city STR permit for every unit it takes on - the exact filing and renewal work StayLegal does.","https://www.calamosrealestate.com/contact","owner / principal","https://www.bnbcalc.com/blog/property-management/pmc-naperville-illinois","list-article","verified","2026-09-03","homepage showed only limited category signals (property management)"
"staylegal","end-customer","str management company","Stay Local Nashville","https://www.staylocalnashville.com","Nashville, Tennessee; Seattle, Washington","","Manages short-term rentals for owners in Nashville, Tennessee, so it holds and must renew a city STR permit for every unit it takes on - the exact filing and renewal work StayLegal does.","https://staylocalnashville.com/contact-us-for-property-management/","owner / principal","https://www.bnbcalc.com/blog/property-management/pmc-nashville-tennessee","list-article","verified","2026-09-03","listed in 2 city guides"
"staylegal","end-customer","str management company","Rest Easy Nashville","","Nashville, Tennessee","","Manages short-term rentals for owners in Nashville, Tennessee, so it holds and must renew a city STR permit for every unit it takes on - the exact filing and renewal work StayLegal does.","","owner / principal","https://www.bnbcalc.com/blog/property-management/pmc-nashville-tennessee","list-article","secondary","2026-09-03","website not confirmed: no candidate domain built from the name returned a page identifying this company"
"staylegal","end-customer","str management company (franchise/branch)","Grand Welcome Nashville","","Nashville, Tennessee; Orlando, Florida","","Local franchise or branch of a national vacation-rental brand, operating in Nashville, Tennessee: a separate business that files its own city STR permits.","","franchise owner / general manager","https://www.bnbcalc.com/blog/property-management/pmc-nashville-tennessee","list-article","secondary","2026-09-03","website not confirmed: no candidate domain built from the name returned a page identifying this company; listed in 2 city guides"
"staylegal","end-customer","str management company","Beckon Homes","https://www.beckonhomes.com","Nashville, Tennessee","","Manages short-term rentals for owners in Nashville, Tennessee, so it holds and must renew a city STR permit for every unit it takes on - the exact filing and renewal work StayLegal does.","https://www.beckonhomes.com/contact-us.html","owner / principal","https://www.bnbcalc.com/blog/property-management/pmc-nashville-tennessee","list-article","verified","2026-09-03",""
"staylegal","end-customer","str management company","Sapphyre Properties","https://www.sapphyreproperties.com","Nashville, Tennessee","","Manages short-term rentals for owners in Nashville, Tennessee, so it holds and must renew a city STR permit for every unit it takes on - the exact filing and renewal work StayLegal does.","https://www.sapphyreproperties.com/contact","owner / principal","https://www.bnbcalc.com/blog/property-management/pmc-nashville-tennessee","list-article","verified","2026-09-03",""
"staylegal","end-customer","str management company","Humming Host","https://www.humminghost.com","Nashville, Tennessee","","Manages short-term rentals for owners in Nashville, Tennessee, so it holds and must renew a city STR permit for every unit it takes on - the exact filing and renewal work StayLegal does.","https://www.humminghost.com/contact","owner / principal","https://www.bnbcalc.com/blog/property-management/pmc-nashville-tennessee","list-article","verified","2026-09-03",""
"staylegal","end-customer","str management company","BNB Top MGMT","https://www.bnbtopmgmt.com","Nashville, Tennessee","","Manages short-term rentals for owners in Nashville, Tennessee, so it holds and must renew a city STR permit for every unit it takes on - the exact filing and renewal work StayLegal does.","https://www.bnbtopmgmt.com","owner / principal","https://www.bnbcalc.com/blog/property-management/pmc-nashville-tennessee","list-article","verified","2026-09-03","homepage showed only limited category signals (airbnb)"
"staylegal","end-customer","str management company","Big Easy Management","","New Orleans, Louisiana","","Manages short-term rentals for owners in New Orleans, Louisiana, so it holds and must renew a city STR permit for every unit it takes on - the exact filing and renewal work StayLegal does.","","owner / principal","https://www.bnbcalc.com/blog/property-management/pmc-new-orleans-louisiana","list-article","secondary","2026-09-03","website not confirmed: no candidate domain built from the name returned a page identifying this company"
"staylegal","end-customer","str management company","NOLA Short Term Rental Solutions","","New Orleans, Louisiana","","Manages short-term rentals for owners in New Orleans, Louisiana, so it holds and must renew a city STR permit for every unit it takes on - the exact filing and renewal work StayLegal does.","","owner / principal","https://www.bnbcalc.com/blog/property-management/pmc-new-orleans-louisiana","list-article","secondary","2026-09-03","website not confirmed: no candidate domain built from the name returned a page identifying this company"
"staylegal","end-customer","str management company","Heritage STR Management","https://www.heritagestrmanagement.com","New Orleans, Louisiana","","Manages short-term rentals for owners in New Orleans, Louisiana, so it holds and must renew a city STR permit for every unit it takes on - the exact filing and renewal work StayLegal does.","https://www.heritagestrmanagement.com/contact-us-1","owner / principal","https://www.bnbcalc.com/blog/property-management/pmc-new-orleans-louisiana","list-article","verified","2026-09-03",""
"staylegal","end-customer","str management company","Minted Management","","New Orleans, Louisiana","","Manages short-term rentals for owners in New Orleans, Louisiana, so it holds and must renew a city STR permit for every unit it takes on - the exact filing and renewal work StayLegal does.","","owner / principal","https://www.bnbcalc.com/blog/property-management/pmc-new-orleans-louisiana","list-article","secondary","2026-09-03","website not confirmed: no candidate domain built from the name returned a page identifying this company"
"staylegal","end-customer","national str operator","Summer","","New Orleans, Louisiana; Oakland, California; San Francisco, California","","National/multi-market manager holding STR permits in dozens of regulated cities; an anchor logo, though likely too large for the $149-249 per-property offer and better suited to a bulk/API deal.","","director of compliance","https://www.bnbcalc.com/blog/property-management/pmc-new-orleans-louisiana","list-article","secondary","2026-09-03","website not confirmed: no candidate domain built from the name returned a page identifying this company; listed in 3 city guides"
"staylegal","end-customer","str management company","MyHouseMgmt","","New York City","","Manages short-term rentals for owners in New York City, so it holds and must renew a city STR permit for every unit it takes on - the exact filing and renewal work StayLegal does.","","owner / principal","https://www.bnbcalc.com/blog/property-management/pmc-new-york-new-york","list-article","secondary","2026-09-03","website not confirmed: no candidate domain built from the name returned a page identifying this company"
"staylegal","end-customer","str management company","StayMarquis","https://www.staymarquis.com","New York City","","Manages short-term rentals for owners in New York City, so it holds and must renew a city STR permit for every unit it takes on - the exact filing and renewal work StayLegal does.","https://www.staymarquis.com/contact","owner / principal","https://www.bnbcalc.com/blog/property-management/pmc-new-york-new-york","list-article","verified","2026-09-03",""
"staylegal","end-customer","national str operator","Sonder","","New York City","","National/multi-market manager holding STR permits in dozens of regulated cities; an anchor logo, though likely too large for the $149-249 per-property offer and better suited to a bulk/API deal.","","director of compliance","https://www.bnbcalc.com/blog/property-management/pmc-new-york-new-york","list-article","secondary","2026-09-03","website not confirmed: no candidate domain built from the name returned a page identifying this company"
"staylegal","end-customer","str management company","NYC Property Partners","","New York City","","Manages short-term rentals for owners in New York City, so it holds and must renew a city STR permit for every unit it takes on - the exact filing and renewal work StayLegal does.","","owner / principal","https://www.bnbcalc.com/blog/property-management/pmc-new-york-new-york","list-article","secondary","2026-09-03","website not confirmed: no candidate domain built from the name returned a page identifying this company"
"staylegal","end-customer","str management company","XL Real Property Management","","New York City","","Manages short-term rentals for owners in New York City, so it holds and must renew a city STR permit for every unit it takes on - the exact filing and renewal work StayLegal does.","","owner / principal","https://www.bnbcalc.com/blog/property-management/pmc-new-york-new-york","list-article","secondary","2026-09-03","website not confirmed: no candidate domain built from the name returned a page identifying this company"
"staylegal","end-customer","str management company","CityStayNYC","","New York City","","Manages short-term rentals for owners in New York City, so it holds and must renew a city STR permit for every unit it takes on - the exact filing and renewal work StayLegal does.","","owner / principal","https://www.bnbcalc.com/blog/property-management/pmc-new-york-new-york","list-article","secondary","2026-09-03","website not confirmed: no candidate domain built from the name returned a page identifying this company"
"staylegal","end-customer","str management company","HostGenius (Hyper Airbnb)","","Oakland, California","","Manages short-term rentals for owners in Oakland, California, so it holds and must renew a city STR permit for every unit it takes on - the exact filing and renewal work StayLegal does.","","owner / principal","https://www.bnbcalc.com/blog/property-management/pmc-oakland-california","list-article","secondary","2026-09-03","website not confirmed: no candidate domain built from the name returned a page identifying this company"
"staylegal","end-customer","str management company","Real Property Management Masters","","Oakland, California","","Manages short-term rentals for owners in Oakland, California, so it holds and must renew a city STR permit for every unit it takes on - the exact filing and renewal work StayLegal does.","","owner / principal","https://www.bnbcalc.com/blog/property-management/pmc-oakland-california","list-article","secondary","2026-09-03","website not confirmed: no candidate domain built from the name returned a page identifying this company"
"staylegal","end-customer","str management company","Prime Property Group","","Oakland, California; Sacramento, California","","Manages short-term rentals for owners in Oakland, California, so it holds and must renew a city STR permit for every unit it takes on - the exact filing and renewal work StayLegal does.","","owner / principal","https://www.bnbcalc.com/blog/property-management/pmc-oakland-california","list-article","secondary","2026-09-03","website not confirmed: no candidate domain built from the name returned a page identifying this company; listed in 2 city guides"
"staylegal","end-customer","str management company","Maisel Property Management","","Oakland, California","","Manages short-term rentals for owners in Oakland, California, so it holds and must renew a city STR permit for every unit it takes on - the exact filing and renewal work StayLegal does.","","owner / principal","https://www.bnbcalc.com/blog/property-management/pmc-oakland-california","list-article","secondary","2026-09-03","website not confirmed: no candidate domain built from the name returned a page identifying this company"
"staylegal","end-customer","str management company","Cedar Properties","https://www.cedarproperties.com","Oakland, California","","Manages short-term rentals for owners in Oakland, California, so it holds and must renew a city STR permit for every unit it takes on - the exact filing and renewal work StayLegal does.","https://www.cedarproperties.com/contact-us","owner / principal","https://www.bnbcalc.com/blog/property-management/pmc-oakland-california","list-article","verified","2026-09-03",""
"staylegal","end-customer","str management company","MasterHost Oakland","","Oakland, California","","Manages short-term rentals for owners in Oakland, California, so it holds and must renew a city STR permit for every unit it takes on - the exact filing and renewal work StayLegal does.","","owner / principal","https://www.bnbcalc.com/blog/property-management/pmc-oakland-california","list-article","secondary","2026-09-03","website not confirmed: no candidate domain built from the name returned a page identifying this company"
"staylegal","end-customer","str management company","Real Property Management Pacific","","Oakland, California","","Manages short-term rentals for owners in Oakland, California, so it holds and must renew a city STR permit for every unit it takes on - the exact filing and renewal work StayLegal does.","","owner / principal","https://www.bnbcalc.com/blog/property-management/pmc-oakland-california","list-article","secondary","2026-09-03","website not confirmed: no candidate domain built from the name returned a page identifying this company"
"staylegal","end-customer","str management company","Marquardt Property Management","","Oakland, California","","Manages short-term rentals for owners in Oakland, California, so it holds and must renew a city STR permit for every unit it takes on - the exact filing and renewal work StayLegal does.","","owner / principal","https://www.bnbcalc.com/blog/property-management/pmc-oakland-california","list-article","secondary","2026-09-03","website not confirmed: no candidate domain built from the name returned a page identifying this company"
"staylegal","end-customer","str management company (franchise/branch)","Grand Welcome Property Management","","Oceanside, California","","Local franchise or branch of a national vacation-rental brand, operating in Oceanside, California: a separate business that files its own city STR permits.","","franchise owner / general manager","https://www.bnbcalc.com/blog/property-management/pmc-oceanside-california","list-article","secondary","2026-09-03","website not confirmed: no candidate domain built from the name returned a page identifying this company"
"staylegal","end-customer","str management company","Vacation Rentals By Kimberly","https://www.vacationrentalsbykimberly.com","Oceanside, California","","Manages short-term rentals for owners in Oceanside, California, so it holds and must renew a city STR permit for every unit it takes on - the exact filing and renewal work StayLegal does.","https://www.vacationrentalsbykimberly.com/contact-us/","owner / principal","https://www.bnbcalc.com/blog/property-management/pmc-oceanside-california","list-article","verified","2026-09-03",""
"staylegal","end-customer","str management company","HausStay","","Oceanside, California","","Manages short-term rentals for owners in Oceanside, California, so it holds and must renew a city STR permit for every unit it takes on - the exact filing and renewal work StayLegal does.","","owner / principal","https://www.bnbcalc.com/blog/property-management/pmc-oceanside-california","list-article","secondary","2026-09-03","website not confirmed: no candidate domain built from the name returned a page identifying this company"
"staylegal","end-customer","str management company","BnB Maids of Omaha","","Omaha, Nebraska","","Manages short-term rentals for owners in Omaha, Nebraska, so it holds and must renew a city STR permit for every unit it takes on - the exact filing and renewal work StayLegal does.","","owner / principal","https://www.bnbcalc.com/blog/property-management/pmc-omaha-nebraska","list-article","secondary","2026-09-03","website not confirmed: no candidate domain built from the name returned a page identifying this company"
"staylegal","end-customer","str management company","BnB Management","","Omaha, Nebraska","","Manages short-term rentals for owners in Omaha, Nebraska, so it holds and must renew a city STR permit for every unit it takes on - the exact filing and renewal work StayLegal does.","","owner / principal","https://www.bnbcalc.com/blog/property-management/pmc-omaha-nebraska","list-article","secondary","2026-09-03","website not confirmed: no candidate domain built from the name returned a page identifying this company"
"staylegal","end-customer","str management company","CityLine Properties","https://www.citylineproperties.com","Omaha, Nebraska","","Manages short-term rentals for owners in Omaha, Nebraska, so it holds and must renew a city STR permit for every unit it takes on - the exact filing and renewal work StayLegal does.","https://citylineproperties.com/contact-us/","owner / principal","https://www.bnbcalc.com/blog/property-management/pmc-omaha-nebraska","list-article","verified","2026-09-03",""
"staylegal","end-customer","str management company","Omaha's Premier Property Management","","Omaha, Nebraska","","Manages short-term rentals for owners in Omaha, Nebraska, so it holds and must renew a city STR permit for every unit it takes on - the exact filing and renewal work StayLegal does.","","owner / principal","https://www.bnbcalc.com/blog/property-management/pmc-omaha-nebraska","list-article","secondary","2026-09-03","website not confirmed: no candidate domain built from the name returned a page identifying this company"
"staylegal","end-customer","str management company","Midlands Real Estate","https://www.midlandsrealestate.com","Omaha, Nebraska","","Manages short-term rentals for owners in Omaha, Nebraska, so it holds and must renew a city STR permit for every unit it takes on - the exact filing and renewal work StayLegal does.","https://www.midlandsrealestate.com/contact/","owner / principal","https://www.bnbcalc.com/blog/property-management/pmc-omaha-nebraska","list-article","verified","2026-09-03",""
"staylegal","end-customer","str management company","Peterson Bros Realty","","Omaha, Nebraska","","Manages short-term rentals for owners in Omaha, Nebraska, so it holds and must renew a city STR permit for every unit it takes on - the exact filing and renewal work StayLegal does.","","owner / principal","https://www.bnbcalc.com/blog/property-management/pmc-omaha-nebraska","list-article","secondary","2026-09-03","website not confirmed: no candidate domain built from the name returned a page identifying this company"
"staylegal","end-customer","str management company","PURE Operating LLC","","Omaha, Nebraska","","Manages short-term rentals for owners in Omaha, Nebraska, so it holds and must renew a city STR permit for every unit it takes on - the exact filing and renewal work StayLegal does.","","owner / principal","https://www.bnbcalc.com/blog/property-management/pmc-omaha-nebraska","list-article","secondary","2026-09-03","website not confirmed: no candidate domain built from the name returned a page identifying this company"
"staylegal","end-customer","str management company","Management One First Choice Property Management","","Omaha, Nebraska","","Manages short-term rentals for owners in Omaha, Nebraska, so it holds and must renew a city STR permit for every unit it takes on - the exact filing and renewal work StayLegal does.","","owner / principal","https://www.bnbcalc.com/blog/property-management/pmc-omaha-nebraska","list-article","secondary","2026-09-03","website not confirmed: no candidate domain built from the name returned a page identifying this company"
"staylegal","end-customer","str management company","Headley Realty","","Omaha, Nebraska","","Manages short-term rentals for owners in Omaha, Nebraska, so it holds and must renew a city STR permit for every unit it takes on - the exact filing and renewal work StayLegal does.","","owner / principal","https://www.bnbcalc.com/blog/property-management/pmc-omaha-nebraska","list-article","secondary","2026-09-03","website not confirmed: no candidate domain built from the name returned a page identifying this company"
"staylegal","end-customer","str management company","Action Management & Leasing Company","","Omaha, Nebraska","","Manages short-term rentals for owners in Omaha, Nebraska, so it holds and must renew a city STR permit for every unit it takes on - the exact filing and renewal work StayLegal does.","","owner / principal","https://www.bnbcalc.com/blog/property-management/pmc-omaha-nebraska","list-article","secondary","2026-09-03","website not confirmed: no candidate domain built from the name returned a page identifying this company"
"staylegal","end-customer","str management company","FunStay Florida","https://www.funstayflorida.com","Orlando, Florida","","Manages short-term rentals for owners in Orlando, Florida, so it holds and must renew a city STR permit for every unit it takes on - the exact filing and renewal work StayLegal does.","https://www.funstayflorida.com/contact/","owner / principal","https://www.bnbcalc.com/blog/property-management/pmc-orlando-florida","list-article","verified","2026-09-03",""
"staylegal","end-customer","str management company","Chady Property Management","","Orlando, Florida","","Manages short-term rentals for owners in Orlando, Florida, so it holds and must renew a city STR permit for every unit it takes on - the exact filing and renewal work StayLegal does.","","owner / principal","https://www.bnbcalc.com/blog/property-management/pmc-orlando-florida","list-article","secondary","2026-09-03","website not confirmed: no candidate domain built from the name returned a page identifying this company"
"staylegal","end-customer","str management company","Tropical Villas Property Management","","Orlando, Florida","","Manages short-term rentals for owners in Orlando, Florida, so it holds and must renew a city STR permit for every unit it takes on - the exact filing and renewal work StayLegal does.","","owner / principal","https://www.bnbcalc.com/blog/property-management/pmc-orlando-florida","list-article","secondary","2026-09-03","website not confirmed: no candidate domain built from the name returned a page identifying this company"
"staylegal","end-customer","str management company","Global Florida Realty","https://www.globalfloridarealty.com","Orlando, Florida","500+ Properties","Manages short-term rentals for owners in Orlando, Florida, so it holds and must renew a city STR permit for every unit it takes on - the exact filing and renewal work StayLegal does.","https://www.globalfloridarealty.com/contact","owner / principal","https://www.bnbcalc.com/blog/property-management/pmc-orlando-florida","list-article","verified","2026-09-03",""
"staylegal","end-customer","str management company","Jupiter Vacation Rentals","","Orlando, Florida","","Manages short-term rentals for owners in Orlando, Florida, so it holds and must renew a city STR permit for every unit it takes on - the exact filing and renewal work StayLegal does.","","owner / principal","https://www.bnbcalc.com/blog/property-management/pmc-orlando-florida","list-article","secondary","2026-09-03","website not confirmed: no candidate domain built from the name returned a page identifying this company"
"staylegal","end-customer","str management company","Terra Residential Services","","Pasadena, Texas","","Manages short-term rentals for owners in Pasadena, Texas, so it holds and must renew a city STR permit for every unit it takes on - the exact filing and renewal work StayLegal does.","","owner / principal","https://www.bnbcalc.com/blog/property-management/pmc-pasadena-texas","list-article","secondary","2026-09-03","website not confirmed: no candidate domain built from the name returned a page identifying this company"
"staylegal","end-customer","str management company","ELDA Management Services","https://www.eldamanagementservices.com","Pasadena, Texas","400+ properties","Manages short-term rentals for owners in Pasadena, Texas, so it holds and must renew a city STR permit for every unit it takes on - the exact filing and renewal work StayLegal does.","https://www.eldamanagementservices.com/contact","owner / principal","https://www.bnbcalc.com/blog/property-management/pmc-pasadena-texas","list-article","verified","2026-09-03",""
"staylegal","end-customer","str management company","Surge Investment Realty","","Pasadena, Texas","","Manages short-term rentals for owners in Pasadena, Texas, so it holds and must renew a city STR permit for every unit it takes on - the exact filing and renewal work StayLegal does.","","owner / principal","https://www.bnbcalc.com/blog/property-management/pmc-pasadena-texas","list-article","secondary","2026-09-03","website not confirmed: no candidate domain built from the name returned a page identifying this company"
"staylegal","end-customer","str management company","Allsource Property Management","","Pasadena, Texas","","Manages short-term rentals for owners in Pasadena, Texas, so it holds and must renew a city STR permit for every unit it takes on - the exact filing and renewal work StayLegal does.","","owner / principal","https://www.bnbcalc.com/blog/property-management/pmc-pasadena-texas","list-article","secondary","2026-09-03","website not confirmed: no candidate domain built from the name returned a page identifying this company"
"staylegal","end-customer","str management company","Bay Property Management & Realty","","Pasadena, Texas","","Manages short-term rentals for owners in Pasadena, Texas, so it holds and must renew a city STR permit for every unit it takes on - the exact filing and renewal work StayLegal does.","","owner / principal","https://www.bnbcalc.com/blog/property-management/pmc-pasadena-texas","list-article","secondary","2026-09-03","website not confirmed: no candidate domain built from the name returned a page identifying this company"
"staylegal","end-customer","str management company","Hello Neighbor Real Estate Group","","Pasadena, Texas","","Manages short-term rentals for owners in Pasadena, Texas, so it holds and must renew a city STR permit for every unit it takes on - the exact filing and renewal work StayLegal does.","","owner / principal","https://www.bnbcalc.com/blog/property-management/pmc-pasadena-texas","list-article","secondary","2026-09-03","website not confirmed: no candidate domain built from the name returned a page identifying this company"
"staylegal","end-customer","str management company","Prime Realty Property Management","","Pasadena, Texas","","Manages short-term rentals for owners in Pasadena, Texas, so it holds and must renew a city STR permit for every unit it takes on - the exact filing and renewal work StayLegal does.","","owner / principal","https://www.bnbcalc.com/blog/property-management/pmc-pasadena-texas","list-article","secondary","2026-09-03","website not confirmed: no candidate domain built from the name returned a page identifying this company"
"staylegal","end-customer","str management company","Bespoke Stay","https://www.bespokestay.com","Philadelphia, Pennsylvania","","Manages short-term rentals for owners in Philadelphia, Pennsylvania, so it holds and must renew a city STR permit for every unit it takes on - the exact filing and renewal work StayLegal does.","https://www.bespokestay.com","owner / principal","https://www.bnbcalc.com/blog/property-management/pmc-philadelphia-pennsylvania","list-article","verified","2026-09-03",""
"staylegal","end-customer","str management company","UrHomeInPhilly","","Philadelphia, Pennsylvania","","Manages short-term rentals for owners in Philadelphia, Pennsylvania, so it holds and must renew a city STR permit for every unit it takes on - the exact filing and renewal work StayLegal does.","","owner / principal","https://www.bnbcalc.com/blog/property-management/pmc-philadelphia-pennsylvania","list-article","secondary","2026-09-03","website not confirmed: no candidate domain built from the name returned a page identifying this company"
"staylegal","end-customer","str management company","HostAid","","Philadelphia, Pennsylvania; Pittsburgh, Pennsylvania","","Manages short-term rentals for owners in Philadelphia, Pennsylvania, so it holds and must renew a city STR permit for every unit it takes on - the exact filing and renewal work StayLegal does.","","owner / principal","https://www.bnbcalc.com/blog/property-management/pmc-philadelphia-pennsylvania","list-article","secondary","2026-09-03","website not confirmed: no candidate domain built from the name returned a page identifying this company; listed in 2 city guides"
"staylegal","end-customer","str management company","A-Line Realty","","Philadelphia, Pennsylvania","","Manages short-term rentals for owners in Philadelphia, Pennsylvania, so it holds and must renew a city STR permit for every unit it takes on - the exact filing and renewal work StayLegal does.","","owner / principal","https://www.bnbcalc.com/blog/property-management/pmc-philadelphia-pennsylvania","list-article","secondary","2026-09-03","website not confirmed: no candidate domain built from the name returned a page identifying this company"
"staylegal","end-customer","str management company","SoSuite","","Philadelphia, Pennsylvania","","Manages short-term rentals for owners in Philadelphia, Pennsylvania, so it holds and must renew a city STR permit for every unit it takes on - the exact filing and renewal work StayLegal does.","","owner / principal","https://www.bnbcalc.com/blog/property-management/pmc-philadelphia-pennsylvania","list-article","secondary","2026-09-03","website not confirmed: no candidate domain built from the name returned a page identifying this company"
"staylegal","end-customer","str management company","Bay Management Group","","Philadelphia, Pennsylvania","","Manages short-term rentals for owners in Philadelphia, Pennsylvania, so it holds and must renew a city STR permit for every unit it takes on - the exact filing and renewal work StayLegal does.","","owner / principal","https://www.bnbcalc.com/blog/property-management/pmc-philadelphia-pennsylvania","list-article","secondary","2026-09-03","website not confirmed: no candidate domain built from the name returned a page identifying this company"
"staylegal","end-customer","str management company","The CT Brothers","","Phoenix, Arizona; Scottsdale, Arizona; Tempe, Arizona","","Manages short-term rentals for owners in Phoenix, Arizona, so it holds and must renew a city STR permit for every unit it takes on - the exact filing and renewal work StayLegal does.","","owner / principal","https://www.bnbcalc.com/blog/property-management/pmc-phoenix-arizona","list-article","secondary","2026-09-03","website not confirmed: no candidate domain built from the name returned a page identifying this company; listed in 3 city guides"
"staylegal","end-customer","str management company","AirMGR Phoenix","","Phoenix, Arizona; San Diego, California","","Manages short-term rentals for owners in Phoenix, Arizona, so it holds and must renew a city STR permit for every unit it takes on - the exact filing and renewal work StayLegal does.","","owner / principal","https://www.bnbcalc.com/blog/property-management/pmc-phoenix-arizona","list-article","secondary","2026-09-03","website not confirmed: no candidate domain built from the name returned a page identifying this company; listed in 2 city guides"
"staylegal","end-customer","str management company","HostWise","","Pittsburgh, Pennsylvania","","Manages short-term rentals for owners in Pittsburgh, Pennsylvania, so it holds and must renew a city STR permit for every unit it takes on - the exact filing and renewal work StayLegal does.","","owner / principal","https://www.bnbcalc.com/blog/property-management/pmc-pittsburg-pennsylvania","list-article","secondary","2026-09-03","website not confirmed: no candidate domain built from the name returned a page identifying this company"
"staylegal","end-customer","str management company","Pittsburgh STR Management","https://www.pittsburghstrmanagement.com","Pittsburgh, Pennsylvania","","Manages short-term rentals for owners in Pittsburgh, Pennsylvania, so it holds and must renew a city STR permit for every unit it takes on - the exact filing and renewal work StayLegal does.","https://www.pittsburghstrmanagement.com/contact-us","owner / principal","https://www.bnbcalc.com/blog/property-management/pmc-pittsburg-pennsylvania","list-article","verified","2026-09-03",""
"staylegal","end-customer","str management company","Rank One Stays","https://www.rankonestays.com","Pittsburgh, Pennsylvania","","Manages short-term rentals for owners in Pittsburgh, Pennsylvania, so it holds and must renew a city STR permit for every unit it takes on - the exact filing and renewal work StayLegal does.","https://www.rankonestays.com","owner / principal","https://www.bnbcalc.com/blog/property-management/pmc-pittsburg-pennsylvania","list-article","verified","2026-09-03",""
"staylegal","end-customer","str management company","STR Management Pros","","Pittsburgh, Pennsylvania","","Manages short-term rentals for owners in Pittsburgh, Pennsylvania, so it holds and must renew a city STR permit for every unit it takes on - the exact filing and renewal work StayLegal does.","","owner / principal","https://www.bnbcalc.com/blog/property-management/pmc-pittsburg-pennsylvania","list-article","secondary","2026-09-03","website not confirmed: no candidate domain built from the name returned a page identifying this company"
"staylegal","end-customer","national str operator","Home365","","Pittsburgh, Pennsylvania","","National/multi-market manager holding STR permits in dozens of regulated cities; an anchor logo, though likely too large for the $149-249 per-property offer and better suited to a bulk/API deal.","","director of compliance","https://www.bnbcalc.com/blog/property-management/pmc-pittsburg-pennsylvania","list-article","secondary","2026-09-03","website not confirmed: no candidate domain built from the name returned a page identifying this company"
"staylegal","end-customer","str management company","DeSantis Property Management","https://www.desantispropertymanagement.com","Pittsburgh, Pennsylvania","","Manages short-term rentals for owners in Pittsburgh, Pennsylvania, so it holds and must renew a city STR permit for every unit it takes on - the exact filing and renewal work StayLegal does.","https://www.desantispropertymanagement.com/contact","owner / principal","https://www.bnbcalc.com/blog/property-management/pmc-pittsburg-pennsylvania","list-article","verified","2026-09-03",""
"staylegal","end-customer","str management company","Stay Awhile PDX","","Portland, Oregon","","Manages short-term rentals for owners in Portland, Oregon, so it holds and must renew a city STR permit for every unit it takes on - the exact filing and renewal work StayLegal does.","","owner / principal","https://www.bnbcalc.com/blog/property-management/pmc-portland-oregon","list-article","secondary","2026-09-03","website not confirmed: no candidate domain built from the name returned a page identifying this company"
"staylegal","end-customer","str management company","Descansa PDX","https://www.descansapdx.com","Portland, Oregon","more than 100 properties","Manages short-term rentals for owners in Portland, Oregon, so it holds and must renew a city STR permit for every unit it takes on - the exact filing and renewal work StayLegal does.","https://www.descansapdx.com/contact-us","owner / principal","https://www.bnbcalc.com/blog/property-management/pmc-portland-oregon","list-article","verified","2026-09-03",""
"staylegal","end-customer","str management company","Keybee Hosting","","Portland, Oregon","","Manages short-term rentals for owners in Portland, Oregon, so it holds and must renew a city STR permit for every unit it takes on - the exact filing and renewal work StayLegal does.","","owner / principal","https://www.bnbcalc.com/blog/property-management/pmc-portland-oregon","list-article","secondary","2026-09-03","website not confirmed: no candidate domain built from the name returned a page identifying this company"
"staylegal","end-customer","str management company","The Garcia Group","","Portland, Oregon","","Manages short-term rentals for owners in Portland, Oregon, so it holds and must renew a city STR permit for every unit it takes on - the exact filing and renewal work StayLegal does.","","owner / principal","https://www.bnbcalc.com/blog/property-management/pmc-portland-oregon","list-article","secondary","2026-09-03","website not confirmed: no candidate domain built from the name returned a page identifying this company"
"staylegal","end-customer","str management company","Performance Properties","","Portland, Oregon","","Manages short-term rentals for owners in Portland, Oregon, so it holds and must renew a city STR permit for every unit it takes on - the exact filing and renewal work StayLegal does.","","owner / principal","https://www.bnbcalc.com/blog/property-management/pmc-portland-oregon","list-article","secondary","2026-09-03","a domain built from the name returned a page with no rental or property-management content, so no website is asserted for this company"
"staylegal","end-customer","str management company","TMG Northwest","","Portland, Oregon","","Manages short-term rentals for owners in Portland, Oregon, so it holds and must renew a city STR permit for every unit it takes on - the exact filing and renewal work StayLegal does.","","owner / principal","https://www.bnbcalc.com/blog/property-management/pmc-portland-oregon","list-article","secondary","2026-09-03","website not confirmed: no candidate domain built from the name returned a page identifying this company"
"staylegal","end-customer","str management company","Green Keys Property Management","","Portland, Oregon","","Manages short-term rentals for owners in Portland, Oregon, so it holds and must renew a city STR permit for every unit it takes on - the exact filing and renewal work StayLegal does.","","owner / principal","https://www.bnbcalc.com/blog/property-management/pmc-portland-oregon","list-article","secondary","2026-09-03","website not confirmed: no candidate domain built from the name returned a page identifying this company"
"staylegal","end-customer","str management company","Utmost Property Management","https://www.utmostpropertymanagement.com","Portland, Oregon","","Manages short-term rentals for owners in Portland, Oregon, so it holds and must renew a city STR permit for every unit it takes on - the exact filing and renewal work StayLegal does.","https://www.utmostpropertymanagement.com/contact/","owner / principal","https://www.bnbcalc.com/blog/property-management/pmc-portland-oregon","list-article","verified","2026-09-03",""
"staylegal","end-customer","str management company","Living Room Property Management","","Portland, Oregon","","Manages short-term rentals for owners in Portland, Oregon, so it holds and must renew a city STR permit for every unit it takes on - the exact filing and renewal work StayLegal does.","","owner / principal","https://www.bnbcalc.com/blog/property-management/pmc-portland-oregon","list-article","secondary","2026-09-03","website not confirmed: no candidate domain built from the name returned a page identifying this company"
"staylegal","end-customer","str management company","Chase International Property Management","","Reno, Nevada","","Manages short-term rentals for owners in Reno, Nevada, so it holds and must renew a city STR permit for every unit it takes on - the exact filing and renewal work StayLegal does.","","owner / principal","https://www.bnbcalc.com/blog/property-management/pmc-reno-nevada","list-article","secondary","2026-09-03","website not confirmed: no candidate domain built from the name returned a page identifying this company"
"staylegal","end-customer","str management company","Reno Property Management","","Reno, Nevada","","Manages short-term rentals for owners in Reno, Nevada, so it holds and must renew a city STR permit for every unit it takes on - the exact filing and renewal work StayLegal does.","","owner / principal","https://www.bnbcalc.com/blog/property-management/pmc-reno-nevada","list-article","secondary","2026-09-03","website not confirmed: no candidate domain built from the name returned a page identifying this company"
"staylegal","end-customer","str management company","Marmot Properties","https://www.marmotproperties.com","Reno, Nevada","300+ units","Manages short-term rentals for owners in Reno, Nevada, so it holds and must renew a city STR permit for every unit it takes on - the exact filing and renewal work StayLegal does.","https://www.marmotproperties.com/contact","owner / principal","https://www.bnbcalc.com/blog/property-management/pmc-reno-nevada","list-article","verified","2026-09-03",""
"staylegal","end-customer","str management company","Sigua Property Management","","Reno, Nevada","","Manages short-term rentals for owners in Reno, Nevada, so it holds and must renew a city STR permit for every unit it takes on - the exact filing and renewal work StayLegal does.","","owner / principal","https://www.bnbcalc.com/blog/property-management/pmc-reno-nevada","list-article","secondary","2026-09-03","website not confirmed: no candidate domain built from the name returned a page identifying this company"
"staylegal","end-customer","str management company","PMI Reno","https://www.pmireno.com","Reno, Nevada","","Manages short-term rentals for owners in Reno, Nevada, so it holds and must renew a city STR permit for every unit it takes on - the exact filing and renewal work StayLegal does.","https://www.pmireno.com/contact","owner / principal","https://www.bnbcalc.com/blog/property-management/pmc-reno-nevada","list-article","verified","2026-09-03",""
"staylegal","end-customer","str management company","Clark Real Estate","","Reno, Nevada","","Manages short-term rentals for owners in Reno, Nevada, so it holds and must renew a city STR permit for every unit it takes on - the exact filing and renewal work StayLegal does.","","owner / principal","https://www.bnbcalc.com/blog/property-management/pmc-reno-nevada","list-article","secondary","2026-09-03","a domain built from the name returned a page with no rental or property-management content, so no website is asserted for this company"
"staylegal","end-customer","national str operator","Renters Warehouse","","Richmond, Virginia","","National/multi-market manager holding STR permits in dozens of regulated cities; an anchor logo, though likely too large for the $149-249 per-property offer and better suited to a bulk/API deal.","","director of compliance","https://www.bnbcalc.com/blog/property-management/pmc-richmond-virginia","list-article","secondary","2026-09-03","website not confirmed: no candidate domain built from the name returned a page identifying this company"
"staylegal","end-customer","str management company","Mission Realty Property Management","","Richmond, Virginia","","Manages short-term rentals for owners in Richmond, Virginia, so it holds and must renew a city STR permit for every unit it takes on - the exact filing and renewal work StayLegal does.","","owner / principal","https://www.bnbcalc.com/blog/property-management/pmc-richmond-virginia","list-article","secondary","2026-09-03","website not confirmed: no candidate domain built from the name returned a page identifying this company"
"staylegal","end-customer","national str operator","Evernest Richmond","","Richmond, Virginia","","National/multi-market manager holding STR permits in dozens of regulated cities; an anchor logo, though likely too large for the $149-249 per-property offer and better suited to a bulk/API deal.","","director of compliance","https://www.bnbcalc.com/blog/property-management/pmc-richmond-virginia","list-article","secondary","2026-09-03","website not confirmed: no candidate domain built from the name returned a page identifying this company"
"staylegal","end-customer","str management company (franchise/branch)","Keyrenter Richmond","","Richmond, Virginia","","Local franchise or branch of a national vacation-rental brand, operating in Richmond, Virginia: a separate business that files its own city STR permits.","","franchise owner / general manager","https://www.bnbcalc.com/blog/property-management/pmc-richmond-virginia","list-article","secondary","2026-09-03","website not confirmed: no candidate domain built from the name returned a page identifying this company"
"staylegal","end-customer","str management company","Virtue Real Estate Services","","Richmond, Virginia","","Manages short-term rentals for owners in Richmond, Virginia, so it holds and must renew a city STR permit for every unit it takes on - the exact filing and renewal work StayLegal does.","","owner / principal","https://www.bnbcalc.com/blog/property-management/pmc-richmond-virginia","list-article","secondary","2026-09-03","website not confirmed: no candidate domain built from the name returned a page identifying this company"
"staylegal","end-customer","str management company","StayFair","","Richmond, Virginia","","Manages short-term rentals for owners in Richmond, Virginia, so it holds and must renew a city STR permit for every unit it takes on - the exact filing and renewal work StayLegal does.","","owner / principal","https://www.bnbcalc.com/blog/property-management/pmc-richmond-virginia","list-article","secondary","2026-09-03","website not confirmed: no candidate domain built from the name returned a page identifying this company"
"staylegal","end-customer","str management company","Peak Property Management","https://www.peakproperty.com","Richmond, Virginia","","Manages short-term rentals for owners in Richmond, Virginia, so it holds and must renew a city STR permit for every unit it takes on - the exact filing and renewal work StayLegal does.","https://www.peakproperty.com/contact-us","owner / principal","https://www.bnbcalc.com/blog/property-management/pmc-richmond-virginia","list-article","verified","2026-09-03",""
"staylegal","end-customer","str management company","Gallagher Property Management","","Rochester, New York","","Manages short-term rentals for owners in Rochester, New York, so it holds and must renew a city STR permit for every unit it takes on - the exact filing and renewal work StayLegal does.","","owner / principal","https://www.bnbcalc.com/blog/property-management/pmc-rochester-new-york","list-article","secondary","2026-09-03","website not confirmed: no candidate domain built from the name returned a page identifying this company"
"staylegal","end-customer","str management company","Rochester Property Solutions","https://www.rochesterpropertysolutions.com","Rochester, New York","","Manages short-term rentals for owners in Rochester, New York, so it holds and must renew a city STR permit for every unit it takes on - the exact filing and renewal work StayLegal does.","https://www.rochesterpropertysolutions.com/contact-us","owner / principal","https://www.bnbcalc.com/blog/property-management/pmc-rochester-new-york","list-article","verified","2026-09-03",""
"staylegal","end-customer","str management company","Red Oak Management Group","","Rochester, New York","","Manages short-term rentals for owners in Rochester, New York, so it holds and must renew a city STR permit for every unit it takes on - the exact filing and renewal work StayLegal does.","","owner / principal","https://www.bnbcalc.com/blog/property-management/pmc-rochester-new-york","list-article","secondary","2026-09-03","website not confirmed: no candidate domain built from the name returned a page identifying this company"
"staylegal","end-customer","str management company","Torres Turn Key","","Rochester, New York","","Manages short-term rentals for owners in Rochester, New York, so it holds and must renew a city STR permit for every unit it takes on - the exact filing and renewal work StayLegal does.","","owner / principal","https://www.bnbcalc.com/blog/property-management/pmc-rochester-new-york","list-article","secondary","2026-09-03","website not confirmed: no candidate domain built from the name returned a page identifying this company"
"staylegal","end-customer","str management company","PineappleROC","https://www.pineappleroc.com","Rochester, New York","","Manages short-term rentals for owners in Rochester, New York, so it holds and must renew a city STR permit for every unit it takes on - the exact filing and renewal work StayLegal does.","https://www.pineappleroc.com/contact/","owner / principal","https://www.bnbcalc.com/blog/property-management/pmc-rochester-new-york","list-article","verified","2026-09-03",""
"staylegal","end-customer","str management company","Yourway Properties","","Rochester, New York","","Manages short-term rentals for owners in Rochester, New York, so it holds and must renew a city STR permit for every unit it takes on - the exact filing and renewal work StayLegal does.","","owner / principal","https://www.bnbcalc.com/blog/property-management/pmc-rochester-new-york","list-article","secondary","2026-09-03","website not confirmed: no candidate domain built from the name returned a page identifying this company"
"staylegal","end-customer","str management company","Zona Properties","https://www.zonaproperties.com","Rochester, New York","","Manages short-term rentals for owners in Rochester, New York, so it holds and must renew a city STR permit for every unit it takes on - the exact filing and renewal work StayLegal does.","https://www.zonaproperties.com/contact/","owner / principal","https://www.bnbcalc.com/blog/property-management/pmc-rochester-new-york","list-article","verified","2026-09-03",""
"staylegal","end-customer","str management company","Art House ABB","https://www.arthouseabb.com","Sacramento, California","","Manages short-term rentals for owners in Sacramento, California, so it holds and must renew a city STR permit for every unit it takes on - the exact filing and renewal work StayLegal does.","https://www.arthouseabb.com/contact/","owner / principal","https://www.bnbcalc.com/blog/property-management/pmc-sacramento-california","list-article","verified","2026-09-03",""
"staylegal","end-customer","str management company","Peak Residential","","Sacramento, California","","Manages short-term rentals for owners in Sacramento, California, so it holds and must renew a city STR permit for every unit it takes on - the exact filing and renewal work StayLegal does.","","owner / principal","https://www.bnbcalc.com/blog/property-management/pmc-sacramento-california","list-article","secondary","2026-09-03","website not confirmed: no candidate domain built from the name returned a page identifying this company"
"staylegal","end-customer","str management company","RNB Property Management","https://www.rnbproperty.net","Sacramento, California","","Manages short-term rentals for owners in Sacramento, California, so it holds and must renew a city STR permit for every unit it takes on - the exact filing and renewal work StayLegal does.","https://www.rnbproperty.net/contact","owner / principal","https://www.bnbcalc.com/blog/property-management/pmc-sacramento-california","list-article","verified","2026-09-03","homepage showed only limited category signals (we manage)"
"staylegal","end-customer","str management company","KasaMela","","Sacramento, California","","Manages short-term rentals for owners in Sacramento, California, so it holds and must renew a city STR permit for every unit it takes on - the exact filing and renewal work StayLegal does.","","owner / principal","https://www.bnbcalc.com/blog/property-management/pmc-sacramento-california","list-article","secondary","2026-09-03","website not confirmed: no candidate domain built from the name returned a page identifying this company"
"staylegal","end-customer","str management company","Valley First Property Management","","Salem, Oregon","","Manages short-term rentals for owners in Salem, Oregon, so it holds and must renew a city STR permit for every unit it takes on - the exact filing and renewal work StayLegal does.","","owner / principal","https://www.bnbcalc.com/blog/property-management/pmc-salem-oregon","list-article","secondary","2026-09-03","website not confirmed: no candidate domain built from the name returned a page identifying this company"
"staylegal","end-customer","str management company","SMI Property Management","https://www.smipropertymanagement.com","Salem, Oregon","","Manages short-term rentals for owners in Salem, Oregon, so it holds and must renew a city STR permit for every unit it takes on - the exact filing and renewal work StayLegal does.","https://www.smipropertymanagement.com/contact-us","owner / principal","https://www.bnbcalc.com/blog/property-management/pmc-salem-oregon","list-article","verified","2026-09-03",""
"staylegal","end-customer","str management company","Trilliant Property Management","","Salem, Oregon","","Manages short-term rentals for owners in Salem, Oregon, so it holds and must renew a city STR permit for every unit it takes on - the exact filing and renewal work StayLegal does.","","owner / principal","https://www.bnbcalc.com/blog/property-management/pmc-salem-oregon","list-article","secondary","2026-09-03","website not confirmed: no candidate domain built from the name returned a page identifying this company"
"staylegal","end-customer","str management company","Cascadian Properties","https://www.cascadianproperties.com","Salem, Oregon","","Manages short-term rentals for owners in Salem, Oregon, so it holds and must renew a city STR permit for every unit it takes on - the exact filing and renewal work StayLegal does.","https://www.cascadianproperties.com/contact","owner / principal","https://www.bnbcalc.com/blog/property-management/pmc-salem-oregon","list-article","verified","2026-09-03",""
"staylegal","end-customer","str management company","Centurion Real Estate Management","","Salem, Oregon","","Manages short-term rentals for owners in Salem, Oregon, so it holds and must renew a city STR permit for every unit it takes on - the exact filing and renewal work StayLegal does.","","owner / principal","https://www.bnbcalc.com/blog/property-management/pmc-salem-oregon","list-article","secondary","2026-09-03","website not confirmed: no candidate domain built from the name returned a page identifying this company"
"staylegal","end-customer","str management company","Vallis Property Management","","Salem, Oregon","","Manages short-term rentals for owners in Salem, Oregon, so it holds and must renew a city STR permit for every unit it takes on - the exact filing and renewal work StayLegal does.","","owner / principal","https://www.bnbcalc.com/blog/property-management/pmc-salem-oregon","list-article","secondary","2026-09-03","website not confirmed: no candidate domain built from the name returned a page identifying this company"
"staylegal","end-customer","str management company","Bertolucci Management","","Salem, Oregon","","Manages short-term rentals for owners in Salem, Oregon, so it holds and must renew a city STR permit for every unit it takes on - the exact filing and renewal work StayLegal does.","","owner / principal","https://www.bnbcalc.com/blog/property-management/pmc-salem-oregon","list-article","secondary","2026-09-03","website not confirmed: no candidate domain built from the name returned a page identifying this company"
"staylegal","end-customer","str management company","Hero Property Management","","Salt Lake City, Utah; West Valley City, Utah","","Manages short-term rentals for owners in Salt Lake City, Utah, so it holds and must renew a city STR permit for every unit it takes on - the exact filing and renewal work StayLegal does.","","owner / principal","https://www.bnbcalc.com/blog/property-management/pmc-salt-lake-city-utah","list-article","secondary","2026-09-03","website not confirmed: no candidate domain built from the name returned a page identifying this company; listed in 2 city guides"
"staylegal","end-customer","str management company","Peaceful Property Management","","Salt Lake City, Utah","","Manages short-term rentals for owners in Salt Lake City, Utah, so it holds and must renew a city STR permit for every unit it takes on - the exact filing and renewal work StayLegal does.","","owner / principal","https://www.bnbcalc.com/blog/property-management/pmc-salt-lake-city-utah","list-article","secondary","2026-09-03","website not confirmed: no candidate domain built from the name returned a page identifying this company"
"staylegal","end-customer","str management company","Nestwell Property Management","https://www.nestwellpropertymanagement.com","Salt Lake City, Utah; West Valley City, Utah","","Manages short-term rentals for owners in Salt Lake City, Utah, so it holds and must renew a city STR permit for every unit it takes on - the exact filing and renewal work StayLegal does.","https://www.nestwellpropertymanagement.com/contact/","owner / principal","https://www.bnbcalc.com/blog/property-management/pmc-salt-lake-city-utah","list-article","verified","2026-09-03","listed in 2 city guides"
"staylegal","end-customer","str management company","Park City Host","https://www.parkcityhost.com","Salt Lake City, Utah","over 230 Vacation Rentals","Manages short-term rentals for owners in Salt Lake City, Utah, so it holds and must renew a city STR permit for every unit it takes on - the exact filing and renewal work StayLegal does.","https://www.parkcityhost.com/contact/","owner / principal","https://www.bnbcalc.com/blog/property-management/pmc-salt-lake-city-utah","list-article","verified","2026-09-03",""
"staylegal","end-customer","str management company","Utah's Best Vacation Rentals","https://www.utahsbestvacationrentals.com","Salt Lake City, Utah; St. George, Utah","","Manages short-term rentals for owners in Salt Lake City, Utah, so it holds and must renew a city STR permit for every unit it takes on - the exact filing and renewal work StayLegal does.","https://www.utahsbestvacationrentals.com/contact-us","owner / principal","https://www.bnbcalc.com/blog/property-management/pmc-salt-lake-city-utah","list-article","verified","2026-09-03","listed in 2 city guides"
"staylegal","end-customer","str management company","Rentomatic Property Management","","Salt Lake City, Utah","","Manages short-term rentals for owners in Salt Lake City, Utah, so it holds and must renew a city STR permit for every unit it takes on - the exact filing and renewal work StayLegal does.","","owner / principal","https://www.bnbcalc.com/blog/property-management/pmc-salt-lake-city-utah","list-article","secondary","2026-09-03","website not confirmed: no candidate domain built from the name returned a page identifying this company"
"staylegal","end-customer","str management company","Your Home Away Management","","San Antonio, Texas","","Manages short-term rentals for owners in San Antonio, Texas, so it holds and must renew a city STR permit for every unit it takes on - the exact filing and renewal work StayLegal does.","","owner / principal","https://www.bnbcalc.com/blog/property-management/pmc-san-antonio-texas","list-article","secondary","2026-09-03","website not confirmed: no candidate domain built from the name returned a page identifying this company"
"staylegal","end-customer","str management company","Epic Vacation Rentals","https://www.epicvacationrentals.net","San Antonio, Texas","","Manages short-term rentals for owners in San Antonio, Texas, so it holds and must renew a city STR permit for every unit it takes on - the exact filing and renewal work StayLegal does.","info@epicmgmtllc.com","owner / principal","https://www.bnbcalc.com/blog/property-management/pmc-san-antonio-texas","list-article","verified","2026-09-03",""
"staylegal","end-customer","str management company","Twinity Properties","","San Antonio, Texas","","Manages short-term rentals for owners in San Antonio, Texas, so it holds and must renew a city STR permit for every unit it takes on - the exact filing and renewal work StayLegal does.","","owner / principal","https://www.bnbcalc.com/blog/property-management/pmc-san-antonio-texas","list-article","secondary","2026-09-03","website not confirmed: no candidate domain built from the name returned a page identifying this company"
"staylegal","end-customer","str management company","Birdy Vacation Rentals","https://www.birdyvacationrentals.com","San Antonio, Texas","200+ properties","Manages short-term rentals for owners in San Antonio, Texas, so it holds and must renew a city STR permit for every unit it takes on - the exact filing and renewal work StayLegal does.","https://birdyvacationrentals.com/contact-us/","owner / principal","https://www.bnbcalc.com/blog/property-management/pmc-san-antonio-texas","list-article","verified","2026-09-03",""
"staylegal","end-customer","str management company","Twin Cities Property Management","","San Antonio, Texas","","Manages short-term rentals for owners in San Antonio, Texas, so it holds and must renew a city STR permit for every unit it takes on - the exact filing and renewal work StayLegal does.","","owner / principal","https://www.bnbcalc.com/blog/property-management/pmc-san-antonio-texas","list-article","secondary","2026-09-03","website not confirmed: no candidate domain built from the name returned a page identifying this company"
"staylegal","end-customer","str management company","Bluewater Vacation Homes","https://www.bluewatervacationhomes.com","San Diego, California","","Manages short-term rentals for owners in San Diego, California, so it holds and must renew a city STR permit for every unit it takes on - the exact filing and renewal work StayLegal does.","https://www.bluewatervacationhomes.com/about/contact-bluewatervacationhomes/","owner / principal","https://www.bnbcalc.com/blog/property-management/pmc-san-diego-california","list-article","verified","2026-09-03",""
"staylegal","end-customer","str management company","Stay Classy Homes","https://www.stayclassyhomes.com","San Diego, California","","Manages short-term rentals for owners in San Diego, California, so it holds and must renew a city STR permit for every unit it takes on - the exact filing and renewal work StayLegal does.","https://www.stayclassyhomes.com/pages/contact","owner / principal","https://www.bnbcalc.com/blog/property-management/pmc-san-diego-california","list-article","verified","2026-09-03",""
"staylegal","end-customer","str management company","Sunset Property Management & Realty","","San Diego, California","","Manages short-term rentals for owners in San Diego, California, so it holds and must renew a city STR permit for every unit it takes on - the exact filing and renewal work StayLegal does.","","owner / principal","https://www.bnbcalc.com/blog/property-management/pmc-san-diego-california","list-article","secondary","2026-09-03","website not confirmed: no candidate domain built from the name returned a page identifying this company"
"staylegal","end-customer","str management company","Glisten Co","","San Diego, California","","Manages short-term rentals for owners in San Diego, California, so it holds and must renew a city STR permit for every unit it takes on - the exact filing and renewal work StayLegal does.","","owner / principal","https://www.bnbcalc.com/blog/property-management/pmc-san-diego-california","list-article","secondary","2026-09-03","website not confirmed: no candidate domain built from the name returned a page identifying this company"
"staylegal","end-customer","str management company","KeyOpp Property Management","https://www.keyopp.net","San Francisco, California","","Manages short-term rentals for owners in San Francisco, California, so it holds and must renew a city STR permit for every unit it takes on - the exact filing and renewal work StayLegal does.","https://keyopp.net/contact/","owner / principal","https://www.bnbcalc.com/blog/property-management/pmc-san-francisco-california","list-article","verified","2026-09-03",""
"staylegal","end-customer","str management company","Siesta Property Management","","San Francisco, California","","Manages short-term rentals for owners in San Francisco, California, so it holds and must renew a city STR permit for every unit it takes on - the exact filing and renewal work StayLegal does.","","owner / principal","https://www.bnbcalc.com/blog/property-management/pmc-san-francisco-california","list-article","secondary","2026-09-03","website not confirmed: no candidate domain built from the name returned a page identifying this company"
"staylegal","end-customer","str management company","Guesthop","https://www.guesthop.com","San Francisco, California","","Manages short-term rentals for owners in San Francisco, California, so it holds and must renew a city STR permit for every unit it takes on - the exact filing and renewal work StayLegal does.","https://guesthop.com/contact/","owner / principal","https://www.bnbcalc.com/blog/property-management/pmc-san-francisco-california","list-article","verified","2026-09-03",""
"staylegal","end-customer","str management company","Sanctuary Vacation Rentals","","San Francisco, California","","Manages short-term rentals for owners in San Francisco, California, so it holds and must renew a city STR permit for every unit it takes on - the exact filing and renewal work StayLegal does.","","owner / principal","https://www.bnbcalc.com/blog/property-management/pmc-san-francisco-california","list-article","secondary","2026-09-03","website not confirmed: no candidate domain built from the name returned a page identifying this company"
"staylegal","end-customer","str management company","Intempus Realty","https://www.intempusrealty.com","San Jose, California","","Manages short-term rentals for owners in San Jose, California, so it holds and must renew a city STR permit for every unit it takes on - the exact filing and renewal work StayLegal does.","http://intempus.force.com/ContactUsForm","owner / principal","https://www.bnbcalc.com/blog/property-management/pmc-san-jose-california","list-article","verified","2026-09-03",""
"staylegal","end-customer","str management company","SRE Asset Management","","San Jose, California","","Manages short-term rentals for owners in San Jose, California, so it holds and must renew a city STR permit for every unit it takes on - the exact filing and renewal work StayLegal does.","","owner / principal","https://www.bnbcalc.com/blog/property-management/pmc-san-jose-california","list-article","secondary","2026-09-03","website not confirmed: no candidate domain built from the name returned a page identifying this company"
"staylegal","end-customer","str management company","Cal Bay Property Management","","San Jose, California","","Manages short-term rentals for owners in San Jose, California, so it holds and must renew a city STR permit for every unit it takes on - the exact filing and renewal work StayLegal does.","","owner / principal","https://www.bnbcalc.com/blog/property-management/pmc-san-jose-california","list-article","secondary","2026-09-03","website not confirmed: no candidate domain built from the name returned a page identifying this company"
"staylegal","end-customer","str management company","Beachnest Property Management","","San Jose, California","","Manages short-term rentals for owners in San Jose, California, so it holds and must renew a city STR permit for every unit it takes on - the exact filing and renewal work StayLegal does.","","owner / principal","https://www.bnbcalc.com/blog/property-management/pmc-san-jose-california","list-article","secondary","2026-09-03","website not confirmed: no candidate domain built from the name returned a page identifying this company"
"staylegal","end-customer","str management company","Homi","","San Jose, California","","Manages short-term rentals for owners in San Jose, California, so it holds and must renew a city STR permit for every unit it takes on - the exact filing and renewal work StayLegal does.","","owner / principal","https://www.bnbcalc.com/blog/property-management/pmc-san-jose-california","list-article","secondary","2026-09-03","a domain built from the name returned a page with no rental or property-management content, so no website is asserted for this company"
"staylegal","end-customer","str management company","Silicon Valley Property Management Services","","San Jose, California","","Manages short-term rentals for owners in San Jose, California, so it holds and must renew a city STR permit for every unit it takes on - the exact filing and renewal work StayLegal does.","","owner / principal","https://www.bnbcalc.com/blog/property-management/pmc-san-jose-california","list-article","secondary","2026-09-03","website not confirmed: no candidate domain built from the name returned a page identifying this company"
"staylegal","end-customer","str management company","Oraklus","https://www.oraklus.com","Santa Monica, California","","Manages short-term rentals for owners in Santa Monica, California, so it holds and must renew a city STR permit for every unit it takes on - the exact filing and renewal work StayLegal does.","https://www.oraklus.com","owner / principal","https://www.bnbcalc.com/blog/property-management/pmc-santa-monica-california","list-article","verified","2026-09-03",""
"staylegal","end-customer","str management company","eLAvate Management & Realty","","Santa Monica, California","","Manages short-term rentals for owners in Santa Monica, California, so it holds and must renew a city STR permit for every unit it takes on - the exact filing and renewal work StayLegal does.","","owner / principal","https://www.bnbcalc.com/blog/property-management/pmc-santa-monica-california","list-article","secondary","2026-09-03","website not confirmed: no candidate domain built from the name returned a page identifying this company"
"staylegal","end-customer","str management company","Westside Property Management","","Santa Monica, California","","Manages short-term rentals for owners in Santa Monica, California, so it holds and must renew a city STR permit for every unit it takes on - the exact filing and renewal work StayLegal does.","","owner / principal","https://www.bnbcalc.com/blog/property-management/pmc-santa-monica-california","list-article","secondary","2026-09-03","website not confirmed: no candidate domain built from the name returned a page identifying this company"
"staylegal","end-customer","str management company","LA’s Best Property Management","","Santa Monica, California","","Manages short-term rentals for owners in Santa Monica, California, so it holds and must renew a city STR permit for every unit it takes on - the exact filing and renewal work StayLegal does.","","owner / principal","https://www.bnbcalc.com/blog/property-management/pmc-santa-monica-california","list-article","secondary","2026-09-03","website not confirmed: no candidate domain built from the name returned a page identifying this company"
"staylegal","end-customer","str management company","Penguin Property Management","","Santa Monica, California","","Manages short-term rentals for owners in Santa Monica, California, so it holds and must renew a city STR permit for every unit it takes on - the exact filing and renewal work StayLegal does.","","owner / principal","https://www.bnbcalc.com/blog/property-management/pmc-santa-monica-california","list-article","secondary","2026-09-03","website not confirmed: no candidate domain built from the name returned a page identifying this company"
"staylegal","end-customer","str management company","South Key Premium Vacation Rentals","","Savannah, Georgia","","Manages short-term rentals for owners in Savannah, Georgia, so it holds and must renew a city STR permit for every unit it takes on - the exact filing and renewal work StayLegal does.","","owner / principal","https://www.bnbcalc.com/blog/property-management/pmc-savannah-georgia","list-article","secondary","2026-09-03","website not confirmed: no candidate domain built from the name returned a page identifying this company"
"staylegal","end-customer","str management company","Marsh Management Services","","Savannah, Georgia","","Manages short-term rentals for owners in Savannah, Georgia, so it holds and must renew a city STR permit for every unit it takes on - the exact filing and renewal work StayLegal does.","","owner / principal","https://www.bnbcalc.com/blog/property-management/pmc-savannah-georgia","list-article","secondary","2026-09-03","website not confirmed: no candidate domain built from the name returned a page identifying this company"
"staylegal","end-customer","str management company","Mopper Property Management","","Savannah, Georgia","","Manages short-term rentals for owners in Savannah, Georgia, so it holds and must renew a city STR permit for every unit it takes on - the exact filing and renewal work StayLegal does.","","owner / principal","https://www.bnbcalc.com/blog/property-management/pmc-savannah-georgia","list-article","secondary","2026-09-03","website not confirmed: no candidate domain built from the name returned a page identifying this company"
"staylegal","end-customer","str management company","Southern Comfort Management","","Savannah, Georgia","","Manages short-term rentals for owners in Savannah, Georgia, so it holds and must renew a city STR permit for every unit it takes on - the exact filing and renewal work StayLegal does.","","owner / principal","https://www.bnbcalc.com/blog/property-management/pmc-savannah-georgia","list-article","secondary","2026-09-03","website not confirmed: no candidate domain built from the name returned a page identifying this company"
"staylegal","end-customer","str management company","Lucky Savannah","https://www.luckysavannah.com","Savannah, Georgia","","Manages short-term rentals for owners in Savannah, Georgia, so it holds and must renew a city STR permit for every unit it takes on - the exact filing and renewal work StayLegal does.","https://www.luckysavannah.com/contact-us","owner / principal","https://www.bnbcalc.com/blog/property-management/pmc-savannah-georgia","list-article","verified","2026-09-03",""
"staylegal","end-customer","str management company","Hosting Savannah","https://www.hostingsavannah.com","Savannah, Georgia","","Manages short-term rentals for owners in Savannah, Georgia, so it holds and must renew a city STR permit for every unit it takes on - the exact filing and renewal work StayLegal does.","https://www.hostingsavannah.com/contact","owner / principal","https://www.bnbcalc.com/blog/property-management/pmc-savannah-georgia","list-article","verified","2026-09-03",""
"staylegal","end-customer","str management company","Southern Belle Vacation Rentals","","Savannah, Georgia","","Manages short-term rentals for owners in Savannah, Georgia, so it holds and must renew a city STR permit for every unit it takes on - the exact filing and renewal work StayLegal does.","","owner / principal","https://www.bnbcalc.com/blog/property-management/pmc-savannah-georgia","list-article","secondary","2026-09-03","website not confirmed: no candidate domain built from the name returned a page identifying this company"
"staylegal","end-customer","str management company","Beach Road Luxury Vacations","","Savannah, Georgia","","Manages short-term rentals for owners in Savannah, Georgia, so it holds and must renew a city STR permit for every unit it takes on - the exact filing and renewal work StayLegal does.","","owner / principal","https://www.bnbcalc.com/blog/property-management/pmc-savannah-georgia","list-article","secondary","2026-09-03","website not confirmed: no candidate domain built from the name returned a page identifying this company"
"staylegal","end-customer","str management company","Cactus Vacation Rentals","","Scottsdale, Arizona","","Manages short-term rentals for owners in Scottsdale, Arizona, so it holds and must renew a city STR permit for every unit it takes on - the exact filing and renewal work StayLegal does.","","owner / principal","https://www.bnbcalc.com/blog/property-management/pmc-scottsdale-arizona","list-article","secondary","2026-09-03","website not confirmed: no candidate domain built from the name returned a page identifying this company"
"staylegal","end-customer","str management company","I Love Scottsdale Rentals","","Scottsdale, Arizona","","Manages short-term rentals for owners in Scottsdale, Arizona, so it holds and must renew a city STR permit for every unit it takes on - the exact filing and renewal work StayLegal does.","","owner / principal","https://www.bnbcalc.com/blog/property-management/pmc-scottsdale-arizona","list-article","secondary","2026-09-03","website not confirmed: no candidate domain built from the name returned a page identifying this company"
"staylegal","end-customer","str management company","VacayAZ","","Scottsdale, Arizona","","Manages short-term rentals for owners in Scottsdale, Arizona, so it holds and must renew a city STR permit for every unit it takes on - the exact filing and renewal work StayLegal does.","","owner / principal","https://www.bnbcalc.com/blog/property-management/pmc-scottsdale-arizona","list-article","secondary","2026-09-03","website not confirmed: no candidate domain built from the name returned a page identifying this company"
"staylegal","end-customer","str management company","Mostess","","Scottsdale, Arizona","","Manages short-term rentals for owners in Scottsdale, Arizona, so it holds and must renew a city STR permit for every unit it takes on - the exact filing and renewal work StayLegal does.","","owner / principal","https://www.bnbcalc.com/blog/property-management/pmc-scottsdale-arizona","list-article","secondary","2026-09-03","website not confirmed: no candidate domain built from the name returned a page identifying this company"
"staylegal","end-customer","str management company","Roadrunner Escapes","","Scottsdale, Arizona","","Manages short-term rentals for owners in Scottsdale, Arizona, so it holds and must renew a city STR permit for every unit it takes on - the exact filing and renewal work StayLegal does.","","owner / principal","https://www.bnbcalc.com/blog/property-management/pmc-scottsdale-arizona","list-article","secondary","2026-09-03","website not confirmed: no candidate domain built from the name returned a page identifying this company"
"staylegal","end-customer","str management company","SEA Getaways","https://www.sea-getaways.com","Seattle, Washington","","Manages short-term rentals for owners in Seattle, Washington, so it holds and must renew a city STR permit for every unit it takes on - the exact filing and renewal work StayLegal does.","contact@sea-getaways.com","owner / principal","https://www.bnbcalc.com/blog/property-management/pmc-seattle-washington","list-article","verified","2026-09-03",""
"staylegal","end-customer","str management company","NICASA","","Seattle, Washington","","Manages short-term rentals for owners in Seattle, Washington, so it holds and must renew a city STR permit for every unit it takes on - the exact filing and renewal work StayLegal does.","","owner / principal","https://www.bnbcalc.com/blog/property-management/pmc-seattle-washington","list-article","secondary","2026-09-03","website not confirmed: no candidate domain built from the name returned a page identifying this company"
"staylegal","end-customer","str management company","HomeKey Seattle","","Seattle, Washington","","Manages short-term rentals for owners in Seattle, Washington, so it holds and must renew a city STR permit for every unit it takes on - the exact filing and renewal work StayLegal does.","","owner / principal","https://www.bnbcalc.com/blog/property-management/pmc-seattle-washington","list-article","secondary","2026-09-03","website not confirmed: no candidate domain built from the name returned a page identifying this company"
"staylegal","end-customer","str management company","Sparks Management","","Seattle, Washington","","Manages short-term rentals for owners in Seattle, Washington, so it holds and must renew a city STR permit for every unit it takes on - the exact filing and renewal work StayLegal does.","","owner / principal","https://www.bnbcalc.com/blog/property-management/pmc-seattle-washington","list-article","secondary","2026-09-03","website not confirmed: no candidate domain built from the name returned a page identifying this company"
"staylegal","end-customer","str management company","The Joseph Group","","Seattle, Washington","","Manages short-term rentals for owners in Seattle, Washington, so it holds and must renew a city STR permit for every unit it takes on - the exact filing and renewal work StayLegal does.","","owner / principal","https://www.bnbcalc.com/blog/property-management/pmc-seattle-washington","list-article","secondary","2026-09-03","a domain built from the name returned a page with no rental or property-management content, so no website is asserted for this company"
"staylegal","end-customer","str management company","Luke Properties","","Sioux Falls, South Dakota","","Manages short-term rentals for owners in Sioux Falls, South Dakota, so it holds and must renew a city STR permit for every unit it takes on - the exact filing and renewal work StayLegal does.","","owner / principal","https://www.bnbcalc.com/blog/property-management/pmc-sioux-falls-south-dakota","list-article","secondary","2026-09-03","a domain built from the name returned a page with no rental or property-management content, so no website is asserted for this company"
"staylegal","end-customer","str management company","Great Plains Property Management","","Sioux Falls, South Dakota","","Manages short-term rentals for owners in Sioux Falls, South Dakota, so it holds and must renew a city STR permit for every unit it takes on - the exact filing and renewal work StayLegal does.","","owner / principal","https://www.bnbcalc.com/blog/property-management/pmc-sioux-falls-south-dakota","list-article","secondary","2026-09-03","website not confirmed: no candidate domain built from the name returned a page identifying this company"
"staylegal","end-customer","str management company","Lloyd Companies","https://www.lloydcompanies.com","Sioux Falls, South Dakota","12,000+ Apartments","Manages short-term rentals for owners in Sioux Falls, South Dakota, so it holds and must renew a city STR permit for every unit it takes on - the exact filing and renewal work StayLegal does.","https://www.lloydcompanies.com/contact-us/","owner / principal","https://www.bnbcalc.com/blog/property-management/pmc-sioux-falls-south-dakota","list-article","verified","2026-09-03",""
"staylegal","end-customer","str management company","Solutions Property Management","","Sioux Falls, South Dakota","","Manages short-term rentals for owners in Sioux Falls, South Dakota, so it holds and must renew a city STR permit for every unit it takes on - the exact filing and renewal work StayLegal does.","","owner / principal","https://www.bnbcalc.com/blog/property-management/pmc-sioux-falls-south-dakota","list-article","secondary","2026-09-03","website not confirmed: no candidate domain built from the name returned a page identifying this company"
"staylegal","end-customer","str management company","Stay605","","Sioux Falls, South Dakota","","Manages short-term rentals for owners in Sioux Falls, South Dakota, so it holds and must renew a city STR permit for every unit it takes on - the exact filing and renewal work StayLegal does.","","owner / principal","https://www.bnbcalc.com/blog/property-management/pmc-sioux-falls-south-dakota","list-article","secondary","2026-09-03","website not confirmed: no candidate domain built from the name returned a page identifying this company"
"staylegal","end-customer","str management company","SoDak Stays","https://www.sodakstays.com","Sioux Falls, South Dakota","","Manages short-term rentals for owners in Sioux Falls, South Dakota, so it holds and must renew a city STR permit for every unit it takes on - the exact filing and renewal work StayLegal does.","https://www.sodakstays.com/contact","owner / principal","https://www.bnbcalc.com/blog/property-management/pmc-sioux-falls-south-dakota","list-article","verified","2026-09-03",""
"staylegal","end-customer","str management company","Real Property Management Express","","Sioux Falls, South Dakota","","Manages short-term rentals for owners in Sioux Falls, South Dakota, so it holds and must renew a city STR permit for every unit it takes on - the exact filing and renewal work StayLegal does.","","owner / principal","https://www.bnbcalc.com/blog/property-management/pmc-sioux-falls-south-dakota","list-article","secondary","2026-09-03","website not confirmed: no candidate domain built from the name returned a page identifying this company"
"staylegal","end-customer","str management company","Doorstep Vacation Rentals","","St. George, Utah","","Manages short-term rentals for owners in St. George, Utah, so it holds and must renew a city STR permit for every unit it takes on - the exact filing and renewal work StayLegal does.","","owner / principal","https://www.bnbcalc.com/blog/property-management/pmc-st-george-utah","list-article","secondary","2026-09-03","website not confirmed: no candidate domain built from the name returned a page identifying this company"
"staylegal","end-customer","str management company","HomeKey Property Management","","St. George, Utah","","Manages short-term rentals for owners in St. George, Utah, so it holds and must renew a city STR permit for every unit it takes on - the exact filing and renewal work StayLegal does.","","owner / principal","https://www.bnbcalc.com/blog/property-management/pmc-st-george-utah","list-article","secondary","2026-09-03","website not confirmed: no candidate domain built from the name returned a page identifying this company"
"staylegal","end-customer","str management company","Red Sands Vacation Properties","","St. George, Utah","","Manages short-term rentals for owners in St. George, Utah, so it holds and must renew a city STR permit for every unit it takes on - the exact filing and renewal work StayLegal does.","","owner / principal","https://www.bnbcalc.com/blog/property-management/pmc-st-george-utah","list-article","secondary","2026-09-03","website not confirmed: no candidate domain built from the name returned a page identifying this company"
"staylegal","end-customer","str management company","Red Rock Vacation Rentals","https://www.redrockvacationrentals.com","St. George, Utah","","Manages short-term rentals for owners in St. George, Utah, so it holds and must renew a city STR permit for every unit it takes on - the exact filing and renewal work StayLegal does.","https://www.redrockvacationrentals.com/contact-us","owner / principal","https://www.bnbcalc.com/blog/property-management/pmc-st-george-utah","list-article","verified","2026-09-03",""
"staylegal","end-customer","str management company","TruStay Property Management","","St. George, Utah","","Manages short-term rentals for owners in St. George, Utah, so it holds and must renew a city STR permit for every unit it takes on - the exact filing and renewal work StayLegal does.","","owner / principal","https://www.bnbcalc.com/blog/property-management/pmc-st-george-utah","list-article","secondary","2026-09-03","website not confirmed: no candidate domain built from the name returned a page identifying this company"
"staylegal","end-customer","str management company","Freedom Vacation Rentals & Property Management","","St. George, Utah","","Manages short-term rentals for owners in St. George, Utah, so it holds and must renew a city STR permit for every unit it takes on - the exact filing and renewal work StayLegal does.","","owner / principal","https://www.bnbcalc.com/blog/property-management/pmc-st-george-utah","list-article","secondary","2026-09-03","website not confirmed: no candidate domain built from the name returned a page identifying this company"
"staylegal","end-customer","str management company","JZ Vacation Rentals","https://www.jzvacationrentals.com","St. Louis, Missouri","over 230 Vacation Rentals","Manages short-term rentals for owners in St. Louis, Missouri, so it holds and must renew a city STR permit for every unit it takes on - the exact filing and renewal work StayLegal does.","https://www.jzvacationrentals.com/contact-us/","owner / principal","https://www.bnbcalc.com/blog/property-management/pmc-st-louis-missouri","list-article","verified","2026-09-03",""
"staylegal","end-customer","str management company","ABODEbucks","https://www.abodebucks.com","St. Louis, Missouri","Over 240 Properties","Manages short-term rentals for owners in St. Louis, Missouri, so it holds and must renew a city STR permit for every unit it takes on - the exact filing and renewal work StayLegal does.","https://www.abodebucks.com/contact/","owner / principal","https://www.bnbcalc.com/blog/property-management/pmc-st-louis-missouri","list-article","verified","2026-09-03",""
"staylegal","end-customer","str management company","HueStay Property Management","","St. Louis, Missouri","","Manages short-term rentals for owners in St. Louis, Missouri, so it holds and must renew a city STR permit for every unit it takes on - the exact filing and renewal work StayLegal does.","","owner / principal","https://www.bnbcalc.com/blog/property-management/pmc-st-louis-missouri","list-article","secondary","2026-09-03","website not confirmed: no candidate domain built from the name returned a page identifying this company"
"staylegal","end-customer","str management company","BA Properties","","St. Louis, Missouri","","Manages short-term rentals for owners in St. Louis, Missouri, so it holds and must renew a city STR permit for every unit it takes on - the exact filing and renewal work StayLegal does.","","owner / principal","https://www.bnbcalc.com/blog/property-management/pmc-st-louis-missouri","list-article","secondary","2026-09-03","a domain built from the name returned a page with no rental or property-management content, so no website is asserted for this company"
"staylegal","end-customer","str management company","Gateway Spaces","https://www.gatewayspaces.com","St. Louis, Missouri","","Manages short-term rentals for owners in St. Louis, Missouri, so it holds and must renew a city STR permit for every unit it takes on - the exact filing and renewal work StayLegal does.","https://www.gatewayspaces.com/contact-us","owner / principal","https://www.bnbcalc.com/blog/property-management/pmc-st-louis-missouri","list-article","verified","2026-09-03",""
"staylegal","end-customer","str management company","Select Leasing & Mana","","St. Louis, Missouri","","Manages short-term rentals for owners in St. Louis, Missouri, so it holds and must renew a city STR permit for every unit it takes on - the exact filing and renewal work StayLegal does.","","owner / principal","https://www.bnbcalc.com/blog/property-management/pmc-st-louis-missouri","list-article","secondary","2026-09-03","website not confirmed: no candidate domain built from the name returned a page identifying this company"
"staylegal","end-customer","str management company","gement","","St. Louis, Missouri","","Manages short-term rentals for owners in St. Louis, Missouri, so it holds and must renew a city STR permit for every unit it takes on - the exact filing and renewal work StayLegal does.","","owner / principal","https://www.bnbcalc.com/blog/property-management/pmc-st-louis-missouri","list-article","secondary","2026-09-03","website not confirmed: no candidate domain built from the name returned a page identifying this company"
"staylegal","end-customer","str management company","Kingsland","","St. Louis, Missouri","","Manages short-term rentals for owners in St. Louis, Missouri, so it holds and must renew a city STR permit for every unit it takes on - the exact filing and renewal work StayLegal does.","","owner / principal","https://www.bnbcalc.com/blog/property-management/pmc-st-louis-missouri","list-article","secondary","2026-09-03","a domain built from the name returned a page with no rental or property-management content, so no website is asserted for this company"
"staylegal","end-customer","str management company","West End Management & Leasing Services","","St. Louis, Missouri","","Manages short-term rentals for owners in St. Louis, Missouri, so it holds and must renew a city STR permit for every unit it takes on - the exact filing and renewal work StayLegal does.","","owner / principal","https://www.bnbcalc.com/blog/property-management/pmc-st-louis-missouri","list-article","secondary","2026-09-03","website not confirmed: no candidate domain built from the name returned a page identifying this company"
"staylegal","end-customer","str management company","Efthim Company Realtors","","St. Louis, Missouri","","Manages short-term rentals for owners in St. Louis, Missouri, so it holds and must renew a city STR permit for every unit it takes on - the exact filing and renewal work StayLegal does.","","owner / principal","https://www.bnbcalc.com/blog/property-management/pmc-st-louis-missouri","list-article","secondary","2026-09-03","website not confirmed: no candidate domain built from the name returned a page identifying this company"
"staylegal","end-customer","str management company","Action Properties","https://www.actionproperties.net","Sunnyvale, California","","Manages short-term rentals for owners in Sunnyvale, California, so it holds and must renew a city STR permit for every unit it takes on - the exact filing and renewal work StayLegal does.","rentals@actionproperties.net","owner / principal","https://www.bnbcalc.com/blog/property-management/pmc-sunnyvale-california","list-article","verified","2026-09-03",""
"staylegal","end-customer","str management company","C&C Property Management","","Sunnyvale, California","","Manages short-term rentals for owners in Sunnyvale, California, so it holds and must renew a city STR permit for every unit it takes on - the exact filing and renewal work StayLegal does.","","owner / principal","https://www.bnbcalc.com/blog/property-management/pmc-sunnyvale-california","list-article","secondary","2026-09-03","website not confirmed: no candidate domain built from the name returned a page identifying this company"
"staylegal","end-customer","str management company","DWM Properties","https://www.dwmproperties.com","Sunnyvale, California","","Manages short-term rentals for owners in Sunnyvale, California, so it holds and must renew a city STR permit for every unit it takes on - the exact filing and renewal work StayLegal does.","https://www.dwmproperties.com/contact","owner / principal","https://www.bnbcalc.com/blog/property-management/pmc-sunnyvale-california","list-article","verified","2026-09-03",""
"staylegal","end-customer","str management company","Aborn Properties","https://www.abornproperties.com","Sunnyvale, California","","Manages short-term rentals for owners in Sunnyvale, California, so it holds and must renew a city STR permit for every unit it takes on - the exact filing and renewal work StayLegal does.","https://www.abornproperties.com/contact/","owner / principal","https://www.bnbcalc.com/blog/property-management/pmc-sunnyvale-california","list-article","verified","2026-09-03",""
"staylegal","end-customer","str management company","Cornerstone Property Management","https://www.cornerstonepropertymanagement.com","Sunnyvale, California","","Manages short-term rentals for owners in Sunnyvale, California, so it holds and must renew a city STR permit for every unit it takes on - the exact filing and renewal work StayLegal does.","https://www.cornerstonepropertymanagement.com/contact","owner / principal","https://www.bnbcalc.com/blog/property-management/pmc-sunnyvale-california","list-article","verified","2026-09-03",""
"staylegal","end-customer","str management company","Valley Management Group","","Sunnyvale, California","","Manages short-term rentals for owners in Sunnyvale, California, so it holds and must renew a city STR permit for every unit it takes on - the exact filing and renewal work StayLegal does.","","owner / principal","https://www.bnbcalc.com/blog/property-management/pmc-sunnyvale-california","list-article","secondary","2026-09-03","website not confirmed: no candidate domain built from the name returned a page identifying this company"
"staylegal","end-customer","str management company","Orca Realty","","Surrey, Canada","","Manages short-term rentals for owners in Surrey, Canada, so it holds and must renew a city STR permit for every unit it takes on - the exact filing and renewal work StayLegal does.","","owner / principal","https://www.bnbcalc.com/blog/property-management/pmc-surrey-canada","list-article","secondary","2026-09-03","a domain built from the name returned a page with no rental or property-management content, so no website is asserted for this company"
"staylegal","end-customer","str management company","Peninsula Property Management","","Surrey, Canada","","Manages short-term rentals for owners in Surrey, Canada, so it holds and must renew a city STR permit for every unit it takes on - the exact filing and renewal work StayLegal does.","","owner / principal","https://www.bnbcalc.com/blog/property-management/pmc-surrey-canada","list-article","secondary","2026-09-03","a domain built from the name returned a page with no rental or property-management content, so no website is asserted for this company"
"staylegal","end-customer","str management company","Lifty Life Hospitality","","Surrey, Canada","","Manages short-term rentals for owners in Surrey, Canada, so it holds and must renew a city STR permit for every unit it takes on - the exact filing and renewal work StayLegal does.","","owner / principal","https://www.bnbcalc.com/blog/property-management/pmc-surrey-canada","list-article","secondary","2026-09-03","website not confirmed: no candidate domain built from the name returned a page identifying this company"
"staylegal","end-customer","str management company","Sea to Sky Vacation Rental","https://www.seatoskyvacationrental.com","Surrey, Canada","","Manages short-term rentals for owners in Surrey, Canada, so it holds and must renew a city STR permit for every unit it takes on - the exact filing and renewal work StayLegal does.","https://www.seatoskyvacationrental.com/contact","owner / principal","https://www.bnbcalc.com/blog/property-management/pmc-surrey-canada","list-article","verified","2026-09-03",""
"staylegal","end-customer","str management company","Casa Haven","","Surrey, Canada","","Manages short-term rentals for owners in Surrey, Canada, so it holds and must renew a city STR permit for every unit it takes on - the exact filing and renewal work StayLegal does.","","owner / principal","https://www.bnbcalc.com/blog/property-management/pmc-surrey-canada","list-article","secondary","2026-09-03","website not confirmed: no candidate domain built from the name returned a page identifying this company"
"staylegal","end-customer","str management company","Skylark Realty","","Surrey, Canada","","Manages short-term rentals for owners in Surrey, Canada, so it holds and must renew a city STR permit for every unit it takes on - the exact filing and renewal work StayLegal does.","","owner / principal","https://www.bnbcalc.com/blog/property-management/pmc-surrey-canada","list-article","secondary","2026-09-03","website not confirmed: no candidate domain built from the name returned a page identifying this company"
"staylegal","end-customer","str management company","David M Burks Property Management","","Tallahassee, Florida","","Manages short-term rentals for owners in Tallahassee, Florida, so it holds and must renew a city STR permit for every unit it takes on - the exact filing and renewal work StayLegal does.","","owner / principal","https://www.bnbcalc.com/blog/property-management/pmc-tallahassee-florida","list-article","secondary","2026-09-03","website not confirmed: no candidate domain built from the name returned a page identifying this company"
"staylegal","end-customer","str management company","Proper-T Management","","Tallahassee, Florida","","Manages short-term rentals for owners in Tallahassee, Florida, so it holds and must renew a city STR permit for every unit it takes on - the exact filing and renewal work StayLegal does.","","owner / principal","https://www.bnbcalc.com/blog/property-management/pmc-tallahassee-florida","list-article","secondary","2026-09-03","website not confirmed: no candidate domain built from the name returned a page identifying this company"
"staylegal","end-customer","str management company","Grey Haven Real Estate","https://www.greyhavenrealestate.com","Tallahassee, Florida","","Manages short-term rentals for owners in Tallahassee, Florida, so it holds and must renew a city STR permit for every unit it takes on - the exact filing and renewal work StayLegal does.","https://www.greyhavenrealestate.com","owner / principal","https://www.bnbcalc.com/blog/property-management/pmc-tallahassee-florida","list-article","verified","2026-09-03",""
"staylegal","end-customer","str management company","First Story Property Management","https://www.firststorypropertymanagement.com","Tallahassee, Florida","","Manages short-term rentals for owners in Tallahassee, Florida, so it holds and must renew a city STR permit for every unit it takes on - the exact filing and renewal work StayLegal does.","https://www.firststorypropertymanagement.com/contact-us","owner / principal","https://www.bnbcalc.com/blog/property-management/pmc-tallahassee-florida","list-article","verified","2026-09-03",""
"staylegal","end-customer","str management company","ZENITH Vacation Rentals","https://www.zenithvacationrentals.com","Tallahassee, Florida","","Manages short-term rentals for owners in Tallahassee, Florida, so it holds and must renew a city STR permit for every unit it takes on - the exact filing and renewal work StayLegal does.","https://www.zenithvacationrentals.com","owner / principal","https://www.bnbcalc.com/blog/property-management/pmc-tallahassee-florida","list-article","verified","2026-09-03",""
"staylegal","end-customer","str management company","CORE Property Management","","Tallahassee, Florida","","Manages short-term rentals for owners in Tallahassee, Florida, so it holds and must renew a city STR permit for every unit it takes on - the exact filing and renewal work StayLegal does.","","owner / principal","https://www.bnbcalc.com/blog/property-management/pmc-tallahassee-florida","list-article","secondary","2026-09-03","website not confirmed: no candidate domain built from the name returned a page identifying this company"
"staylegal","end-customer","str management company","Pentwell","","Tallahassee, Florida","","Manages short-term rentals for owners in Tallahassee, Florida, so it holds and must renew a city STR permit for every unit it takes on - the exact filing and renewal work StayLegal does.","","owner / principal","https://www.bnbcalc.com/blog/property-management/pmc-tallahassee-florida","list-article","secondary","2026-09-03","a domain built from the name returned a page with no rental or property-management content, so no website is asserted for this company"
"staylegal","end-customer","str management company","Coast to Cactus","https://www.coasttocactus.com","Tempe, Arizona","","Manages short-term rentals for owners in Tempe, Arizona, so it holds and must renew a city STR permit for every unit it takes on - the exact filing and renewal work StayLegal does.","https://www.coasttocactus.com","owner / principal","https://www.bnbcalc.com/blog/property-management/pmc-tempe-arizona","list-article","verified","2026-09-03",""
"staylegal","end-customer","str management company","Taylor Street Property Management","","Tempe, Arizona","","Manages short-term rentals for owners in Tempe, Arizona, so it holds and must renew a city STR permit for every unit it takes on - the exact filing and renewal work StayLegal does.","","owner / principal","https://www.bnbcalc.com/blog/property-management/pmc-tempe-arizona","list-article","secondary","2026-09-03","website not confirmed: no candidate domain built from the name returned a page identifying this company"
"staylegal","end-customer","str management company","Mabry Management Co","","Torrance, California","","Manages short-term rentals for owners in Torrance, California, so it holds and must renew a city STR permit for every unit it takes on - the exact filing and renewal work StayLegal does.","","owner / principal","https://www.bnbcalc.com/blog/property-management/pmc-torrance-california","list-article","secondary","2026-09-03","website not confirmed: no candidate domain built from the name returned a page identifying this company"
"staylegal","end-customer","str management company","PURE Property Management of California","","Torrance, California","","Manages short-term rentals for owners in Torrance, California, so it holds and must renew a city STR permit for every unit it takes on - the exact filing and renewal work StayLegal does.","","owner / principal","https://www.bnbcalc.com/blog/property-management/pmc-torrance-california","list-article","secondary","2026-09-03","website not confirmed: no candidate domain built from the name returned a page identifying this company"
"staylegal","end-customer","str management company","Babcock Property Management","","Torrance, California","","Manages short-term rentals for owners in Torrance, California, so it holds and must renew a city STR permit for every unit it takes on - the exact filing and renewal work StayLegal does.","","owner / principal","https://www.bnbcalc.com/blog/property-management/pmc-torrance-california","list-article","secondary","2026-09-03","website not confirmed: no candidate domain built from the name returned a page identifying this company"
"staylegal","end-customer","str management company","South Bay Property Management & Sales","","Torrance, California","","Manages short-term rentals for owners in Torrance, California, so it holds and must renew a city STR permit for every unit it takes on - the exact filing and renewal work StayLegal does.","","owner / principal","https://www.bnbcalc.com/blog/property-management/pmc-torrance-california","list-article","secondary","2026-09-03","website not confirmed: no candidate domain built from the name returned a page identifying this company"
"staylegal","end-customer","str management company","Scarbrough Realty","https://www.scarbroughrealty.com","Tucson, Arizona","","Manages short-term rentals for owners in Tucson, Arizona, so it holds and must renew a city STR permit for every unit it takes on - the exact filing and renewal work StayLegal does.","https://scarbroughrealty.com/contact/","owner / principal","https://www.bnbcalc.com/blog/property-management/pmc-tucson-arizona","list-article","verified","2026-09-03",""
"staylegal","end-customer","str management company","RealtyFelix","https://www.realtyfelix.com","Tucson, Arizona","","Manages short-term rentals for owners in Tucson, Arizona, so it holds and must renew a city STR permit for every unit it takes on - the exact filing and renewal work StayLegal does.","https://www.realtyfelix.com/contact-us","owner / principal","https://www.bnbcalc.com/blog/property-management/pmc-tucson-arizona","list-article","verified","2026-09-03",""
"staylegal","end-customer","str management company","Vista Point Properties","","Tucson, Arizona","","Manages short-term rentals for owners in Tucson, Arizona, so it holds and must renew a city STR permit for every unit it takes on - the exact filing and renewal work StayLegal does.","","owner / principal","https://www.bnbcalc.com/blog/property-management/pmc-tucson-arizona","list-article","secondary","2026-09-03","a domain built from the name returned a page with no rental or property-management content, so no website is asserted for this company"
"staylegal","end-customer","str management company","Short Term Rentals Tucson","https://www.shorttermrentalstucson.com","Tucson, Arizona","","Manages short-term rentals for owners in Tucson, Arizona, so it holds and must renew a city STR permit for every unit it takes on - the exact filing and renewal work StayLegal does.","https://shorttermrentalstucson.com/contact-us/","owner / principal","https://www.bnbcalc.com/blog/property-management/pmc-tucson-arizona","list-article","verified","2026-09-03",""
"staylegal","end-customer","str management company","Vacay in Tucson","https://www.vacayintucson.com","Tucson, Arizona","","Manages short-term rentals for owners in Tucson, Arizona, so it holds and must renew a city STR permit for every unit it takes on - the exact filing and renewal work StayLegal does.","https://www.vacayintucson.com/contact-us","owner / principal","https://www.bnbcalc.com/blog/property-management/pmc-tucson-arizona","list-article","verified","2026-09-03",""
"staylegal","end-customer","str management company","BnB My Place","","Tucson, Arizona","","Manages short-term rentals for owners in Tucson, Arizona, so it holds and must renew a city STR permit for every unit it takes on - the exact filing and renewal work StayLegal does.","","owner / principal","https://www.bnbcalc.com/blog/property-management/pmc-tucson-arizona","list-article","secondary","2026-09-03","website not confirmed: no candidate domain built from the name returned a page identifying this company"
"staylegal","end-customer","str management company","1st Class Vacation Rental Management","","Tucson, Arizona","","Manages short-term rentals for owners in Tucson, Arizona, so it holds and must renew a city STR permit for every unit it takes on - the exact filing and renewal work StayLegal does.","","owner / principal","https://www.bnbcalc.com/blog/property-management/pmc-tucson-arizona","list-article","secondary","2026-09-03","website not confirmed: no candidate domain built from the name returned a page identifying this company"
"staylegal","end-customer","str management company","ERB Properties LLC","","Tulsa, Oklahoma","","Manages short-term rentals for owners in Tulsa, Oklahoma, so it holds and must renew a city STR permit for every unit it takes on - the exact filing and renewal work StayLegal does.","","owner / principal","https://www.bnbcalc.com/blog/property-management/pmc-tulsa-oklahoma","list-article","secondary","2026-09-03","a domain built from the name returned a page with no rental or property-management content, so no website is asserted for this company"
"staylegal","end-customer","str management company","ProHost LLC","","Tulsa, Oklahoma","","Manages short-term rentals for owners in Tulsa, Oklahoma, so it holds and must renew a city STR permit for every unit it takes on - the exact filing and renewal work StayLegal does.","","owner / principal","https://www.bnbcalc.com/blog/property-management/pmc-tulsa-oklahoma","list-article","secondary","2026-09-03","website not confirmed: no candidate domain built from the name returned a page identifying this company"
"staylegal","end-customer","str management company","Victory Properties","https://www.victoryproperties.net","Tulsa, Oklahoma","","Manages short-term rentals for owners in Tulsa, Oklahoma, so it holds and must renew a city STR permit for every unit it takes on - the exact filing and renewal work StayLegal does.","https://www.victoryproperties.net/contact","owner / principal","https://www.bnbcalc.com/blog/property-management/pmc-tulsa-oklahoma","list-article","verified","2026-09-03",""
"staylegal","end-customer","str management company","Stay in Tulsa","","Tulsa, Oklahoma","","Manages short-term rentals for owners in Tulsa, Oklahoma, so it holds and must renew a city STR permit for every unit it takes on - the exact filing and renewal work StayLegal does.","","owner / principal","https://www.bnbcalc.com/blog/property-management/pmc-tulsa-oklahoma","list-article","secondary","2026-09-03","website not confirmed: no candidate domain built from the name returned a page identifying this company"
"staylegal","end-customer","str management company","Co-Host Oklahoma","","Tulsa, Oklahoma","","Manages short-term rentals for owners in Tulsa, Oklahoma, so it holds and must renew a city STR permit for every unit it takes on - the exact filing and renewal work StayLegal does.","","owner / principal","https://www.bnbcalc.com/blog/property-management/pmc-tulsa-oklahoma","list-article","secondary","2026-09-03","website not confirmed: no candidate domain built from the name returned a page identifying this company"
"staylegal","end-customer","str management company","O'Fallon Properties","","Tulsa, Oklahoma","","Manages short-term rentals for owners in Tulsa, Oklahoma, so it holds and must renew a city STR permit for every unit it takes on - the exact filing and renewal work StayLegal does.","","owner / principal","https://www.bnbcalc.com/blog/property-management/pmc-tulsa-oklahoma","list-article","secondary","2026-09-03","website not confirmed: no candidate domain built from the name returned a page identifying this company"
"staylegal","end-customer","str management company","KSA Property Management","https://www.ksapropertymanagement.com","Tulsa, Oklahoma","25+ Properties","Manages short-term rentals for owners in Tulsa, Oklahoma, so it holds and must renew a city STR permit for every unit it takes on - the exact filing and renewal work StayLegal does.","https://www.ksapropertymanagement.com/contact","owner / principal","https://www.bnbcalc.com/blog/property-management/pmc-tulsa-oklahoma","list-article","verified","2026-09-03",""
"staylegal","end-customer","str management company","The BnB Brothers","","Virginia Beach, Virginia","","Manages short-term rentals for owners in Virginia Beach, Virginia, so it holds and must renew a city STR permit for every unit it takes on - the exact filing and renewal work StayLegal does.","","owner / principal","https://www.bnbcalc.com/blog/property-management/pmc-virginia-beach-virginia","list-article","secondary","2026-09-03","website not confirmed: no candidate domain built from the name returned a page identifying this company"
"staylegal","end-customer","str management company","Anchor Realty Group","","Virginia Beach, Virginia","","Manages short-term rentals for owners in Virginia Beach, Virginia, so it holds and must renew a city STR permit for every unit it takes on - the exact filing and renewal work StayLegal does.","","owner / principal","https://www.bnbcalc.com/blog/property-management/pmc-virginia-beach-virginia","list-article","secondary","2026-09-03","website not confirmed: no candidate domain built from the name returned a page identifying this company"
"staylegal","end-customer","str management company","Limehouse Property Management","https://www.limehousepropertymanagement.com","Virginia Beach, Virginia","","Manages short-term rentals for owners in Virginia Beach, Virginia, so it holds and must renew a city STR permit for every unit it takes on - the exact filing and renewal work StayLegal does.","https://limehousepropertymanagement.com/contact/","owner / principal","https://www.bnbcalc.com/blog/property-management/pmc-virginia-beach-virginia","list-article","verified","2026-09-03",""
"staylegal","end-customer","str management company","Osprey Rental Management","","Virginia Beach, Virginia","","Manages short-term rentals for owners in Virginia Beach, Virginia, so it holds and must renew a city STR permit for every unit it takes on - the exact filing and renewal work StayLegal does.","","owner / principal","https://www.bnbcalc.com/blog/property-management/pmc-virginia-beach-virginia","list-article","secondary","2026-09-03","website not confirmed: no candidate domain built from the name returned a page identifying this company"
"staylegal","end-customer","str management company (franchise/branch)","Summer Management","","Virginia Beach, Virginia","","Local franchise or branch of a national vacation-rental brand, operating in Virginia Beach, Virginia: a separate business that files its own city STR permits.","","franchise owner / general manager","https://www.bnbcalc.com/blog/property-management/pmc-virginia-beach-virginia","list-article","secondary","2026-09-03","website not confirmed: no candidate domain built from the name returned a page identifying this company"
"staylegal","end-customer","str management company","Siebert Realty","https://www.siebert-realty.com","Virginia Beach, Virginia","","Manages short-term rentals for owners in Virginia Beach, Virginia, so it holds and must renew a city STR permit for every unit it takes on - the exact filing and renewal work StayLegal does.","https://www.siebert-realty.com/contact/","owner / principal","https://www.bnbcalc.com/blog/property-management/pmc-virginia-beach-virginia","list-article","verified","2026-09-03",""
"staylegal","end-customer","str management company","Champion Property Management","https://www.championpropertymanagement.net","Warren, Michigan","","Manages short-term rentals for owners in Warren, Michigan, so it holds and must renew a city STR permit for every unit it takes on - the exact filing and renewal work StayLegal does.","https://www.championpropertymanagement.net","owner / principal","https://www.bnbcalc.com/blog/property-management/pmc-warren-michigan","list-article","verified","2026-09-03",""
"staylegal","end-customer","str management company","JMZ Management","","Warren, Michigan","","Manages short-term rentals for owners in Warren, Michigan, so it holds and must renew a city STR permit for every unit it takes on - the exact filing and renewal work StayLegal does.","","owner / principal","https://www.bnbcalc.com/blog/property-management/pmc-warren-michigan","list-article","secondary","2026-09-03","website not confirmed: no candidate domain built from the name returned a page identifying this company"
"staylegal","end-customer","str management company","Pennywise Property Management","https://www.pennywiseproperty.com","Warren, Michigan","","Manages short-term rentals for owners in Warren, Michigan, so it holds and must renew a city STR permit for every unit it takes on - the exact filing and renewal work StayLegal does.","https://www.pennywiseproperty.com/contact","owner / principal","https://www.bnbcalc.com/blog/property-management/pmc-warren-michigan","list-article","verified","2026-09-03",""
"staylegal","end-customer","str management company","North Bloomfield Properties","","Warren, Michigan","","Manages short-term rentals for owners in Warren, Michigan, so it holds and must renew a city STR permit for every unit it takes on - the exact filing and renewal work StayLegal does.","","owner / principal","https://www.bnbcalc.com/blog/property-management/pmc-warren-michigan","list-article","secondary","2026-09-03","website not confirmed: no candidate domain built from the name returned a page identifying this company"
"staylegal","end-customer","str management company","Home Sweet City","https://www.homesweetcity.com","Washington, District of Columbia","","Manages short-term rentals for owners in Washington, District of Columbia, so it holds and must renew a city STR permit for every unit it takes on - the exact filing and renewal work StayLegal does.","https://homesweetcity.com/contact-us/","owner / principal","https://www.bnbcalc.com/blog/property-management/pmc-washington-district-of-columbia","list-article","verified","2026-09-03",""
"staylegal","end-customer","str management company","Great Dwellings","https://www.greatdwellings.com","Washington, District of Columbia","","Manages short-term rentals for owners in Washington, District of Columbia, so it holds and must renew a city STR permit for every unit it takes on - the exact filing and renewal work StayLegal does.","https://www.greatdwellings.com/contact","owner / principal","https://www.bnbcalc.com/blog/property-management/pmc-washington-district-of-columbia","list-article","verified","2026-09-03",""
"staylegal","end-customer","str management company","Black Swan","","Washington, District of Columbia","","Manages short-term rentals for owners in Washington, District of Columbia, so it holds and must renew a city STR permit for every unit it takes on - the exact filing and renewal work StayLegal does.","","owner / principal","https://www.bnbcalc.com/blog/property-management/pmc-washington-district-of-columbia","list-article","secondary","2026-09-03","a domain built from the name returned a page with no rental or property-management content, so no website is asserted for this company"
"staylegal","end-customer","str management company","Plushy Host","https://www.plushyhost.com","Washington, District of Columbia","","Manages short-term rentals for owners in Washington, District of Columbia, so it holds and must renew a city STR permit for every unit it takes on - the exact filing and renewal work StayLegal does.","https://www.plushyhost.com/contact","owner / principal","https://www.bnbcalc.com/blog/property-management/pmc-washington-district-of-columbia","list-article","verified","2026-09-03",""
"staylegal","end-customer","str management company","RoomPicks","","Washington, District of Columbia","","Manages short-term rentals for owners in Washington, District of Columbia, so it holds and must renew a city STR permit for every unit it takes on - the exact filing and renewal work StayLegal does.","","owner / principal","https://www.bnbcalc.com/blog/property-management/pmc-washington-district-of-columbia","list-article","secondary","2026-09-03","website not confirmed: no candidate domain built from the name returned a page identifying this company"
"staylegal","end-customer","str management company","Sojourn","https://www.sojournrentals.com","Washington, District of Columbia","","Manages short-term rentals for owners in Washington, District of Columbia, so it holds and must renew a city STR permit for every unit it takes on - the exact filing and renewal work StayLegal does.","hello@sojournrentals.com","owner / principal","https://www.bnbcalc.com/blog/property-management/pmc-washington-district-of-columbia","list-article","verified","2026-09-03",""
"staylegal","end-customer","str management company","Tier One Real Estate","","West Valley City, Utah","","Manages short-term rentals for owners in West Valley City, Utah, so it holds and must renew a city STR permit for every unit it takes on - the exact filing and renewal work StayLegal does.","","owner / principal","https://www.bnbcalc.com/blog/property-management/pmc-west-valley-city-utah","list-article","secondary","2026-09-03","website not confirmed: no candidate domain built from the name returned a page identifying this company"
"staylegal","end-customer","str management company","Rize Property Management","","West Valley City, Utah","","Manages short-term rentals for owners in West Valley City, Utah, so it holds and must renew a city STR permit for every unit it takes on - the exact filing and renewal work StayLegal does.","","owner / principal","https://www.bnbcalc.com/blog/property-management/pmc-west-valley-city-utah","list-article","secondary","2026-09-03","website not confirmed: no candidate domain built from the name returned a page identifying this company"
"staylegal","end-customer","str management company","Wolfnest","https://www.wolfnest.com","West Valley City, Utah","over 700 units","Manages short-term rentals for owners in West Valley City, Utah, so it holds and must renew a city STR permit for every unit it takes on - the exact filing and renewal work StayLegal does.","https://www.wolfnest.com/contact","owner / principal","https://www.bnbcalc.com/blog/property-management/pmc-west-valley-city-utah","list-article","verified","2026-09-03",""
"staylegal","end-customer","str management company","Concept Property Management","","West Valley City, Utah","","Manages short-term rentals for owners in West Valley City, Utah, so it holds and must renew a city STR permit for every unit it takes on - the exact filing and renewal work StayLegal does.","","owner / principal","https://www.bnbcalc.com/blog/property-management/pmc-west-valley-city-utah","list-article","secondary","2026-09-03","website not confirmed: no candidate domain built from the name returned a page identifying this company"
"staylegal","end-customer","str management company","Beach Blue Properties","https://www.beachblueproperties.com","Destin, Florida","","Manages short-term rentals for owners in Destin, Florida, so it holds and must renew a city STR permit for every unit it takes on - the exact filing and renewal work StayLegal does.","https://www.beachblueproperties.com/contact-us/","owner / principal","https://onefinebnb.com/destin-florida","list-article","verified","2026-09-03",""
"staylegal","end-customer","str management company","Home Team Luxury Rentals","https://www.hometeamluxuryrentals.com","Destin, Florida; Galveston, Texas; Myrtle Beach, South; New Orleans, Louisiana","","Manages short-term rentals for owners in Destin, Florida, so it holds and must renew a city STR permit for every unit it takes on - the exact filing and renewal work StayLegal does.","https://www.hometeamluxuryrentals.com/contact","owner / principal","https://onefinebnb.com/destin-florida","list-article","verified","2026-09-03","listed in 12 city guides"
"staylegal","end-customer","str management company","Barclé Group","","Destin, Florida; Myrtle Beach, South; Palm Springs, California; Rehoboth Beach, Delaware","","Manages short-term rentals for owners in Destin, Florida, so it holds and must renew a city STR permit for every unit it takes on - the exact filing and renewal work StayLegal does.","","owner / principal","https://onefinebnb.com/destin-florida","list-article","secondary","2026-09-03","website not confirmed: no candidate domain built from the name returned a page identifying this company; listed in 4 city guides"
"staylegal","end-customer","str management company","My Tampa Rental","","Destin, Florida; Panama City Beach, Florida","","Manages short-term rentals for owners in Destin, Florida, so it holds and must renew a city STR permit for every unit it takes on - the exact filing and renewal work StayLegal does.","","owner / principal","https://onefinebnb.com/destin-florida","list-article","secondary","2026-09-03","website not confirmed: no candidate domain built from the name returned a page identifying this company; listed in 2 city guides"
"staylegal","end-customer","str management company","Mistr","","Galveston, Texas","","Manages short-term rentals for owners in Galveston, Texas, so it holds and must renew a city STR permit for every unit it takes on - the exact filing and renewal work StayLegal does.","","owner / principal","https://onefinebnb.com/galveston-texas","list-article","secondary","2026-09-03","a domain built from the name returned a page with no rental or property-management content, so no website is asserted for this company"
"staylegal","end-customer","str management company","Sand ‘N Sea Properties","https://www.sandnsea.com","Galveston, Texas","","Manages short-term rentals for owners in Galveston, Texas, so it holds and must renew a city STR permit for every unit it takes on - the exact filing and renewal work StayLegal does.","https://www.sandnsea.com/contact/form-contact","owner / principal","https://onefinebnb.com/galveston-texas","list-article","verified","2026-09-03",""
"staylegal","end-customer","str management company","BeenStay","https://www.beenstay.com","Galveston, Texas; Panama City Beach, Florida; Rehoboth Beach, Delaware; Breckenridge, Colorado","","Manages short-term rentals for owners in Galveston, Texas, so it holds and must renew a city STR permit for every unit it takes on - the exact filing and renewal work StayLegal does.","team@beenstay.com","owner / principal","https://onefinebnb.com/galveston-texas","list-article","verified","2026-09-03","listed in 4 city guides"
"staylegal","end-customer","str management company","TruStay","https://www.trustayrentals.com","Galveston, Texas; Panama City Beach, Florida; Zionsville, Indiana","","Manages short-term rentals for owners in Galveston, Texas, so it holds and must renew a city STR permit for every unit it takes on - the exact filing and renewal work StayLegal does.","https://trustayrentals.com/contact-us/","owner / principal","https://onefinebnb.com/galveston-texas","list-article","verified","2026-09-03","listed in 3 city guides"
"staylegal","end-customer","str management company","SWAP CoHosting","https://www.swapcohosting.com","Galveston, Texas","","Manages short-term rentals for owners in Galveston, Texas, so it holds and must renew a city STR permit for every unit it takes on - the exact filing and renewal work StayLegal does.","https://www.swapcohosting.com","owner / principal","https://onefinebnb.com/galveston-texas","list-article","verified","2026-09-03",""
"staylegal","end-customer","str management company","Smoky Mountain cohosting","https://www.smokymountaincohosting.com","Gatlinburg, Tennessee","","Manages short-term rentals for owners in Gatlinburg, Tennessee, so it holds and must renew a city STR permit for every unit it takes on - the exact filing and renewal work StayLegal does.","https://www.smokymountaincohosting.com","owner / principal","https://onefinebnb.com/gatlinburg-tennessee","list-article","verified","2026-09-03",""
"staylegal","end-customer","str management company","Vector Stays","https://www.vectorstays.com","Gatlinburg, Tennessee; Myrtle Beach, South; Sedona, Arizona","","Manages short-term rentals for owners in Gatlinburg, Tennessee, so it holds and must renew a city STR permit for every unit it takes on - the exact filing and renewal work StayLegal does.","https://www.vectorstays.com/contact-us","owner / principal","https://onefinebnb.com/gatlinburg-tennessee","list-article","verified","2026-09-03","listed in 3 city guides"
"staylegal","end-customer","str management company","Tropical Villas Orlando","https://www.tropicalvillasorlando.com","Kissimmee, Florida","","Manages short-term rentals for owners in Kissimmee, Florida, so it holds and must renew a city STR permit for every unit it takes on - the exact filing and renewal work StayLegal does.","https://www.tropicalvillasorlando.com/contact-information/","owner / principal","https://onefinebnb.com/kissimmee-florida","list-article","verified","2026-09-03",""
"staylegal","end-customer","str management company","PMI Kissimmee","https://www.pmikissimmee.com","Kissimmee, Florida","","Manages short-term rentals for owners in Kissimmee, Florida, so it holds and must renew a city STR permit for every unit it takes on - the exact filing and renewal work StayLegal does.","https://www.pmikissimmee.com/contact","owner / principal","https://onefinebnb.com/kissimmee-florida","list-article","verified","2026-09-03",""
"staylegal","end-customer","str management company","StayBnB","","Kissimmee, Florida; Myrtle Beach, South; New Orleans, Louisiana; Panama City Beach, Florida","","Manages short-term rentals for owners in Kissimmee, Florida, so it holds and must renew a city STR permit for every unit it takes on - the exact filing and renewal work StayLegal does.","","owner / principal","https://onefinebnb.com/kissimmee-florida","list-article","secondary","2026-09-03","website not confirmed: no candidate domain built from the name returned a page identifying this company; listed in 6 city guides"
"staylegal","end-customer","str management company","Kingdom Hospitality","","Myrtle Beach, South; New Orleans, Louisiana; Zionsville, Indiana; Breckenridge, Colorado","","Manages short-term rentals for owners in Myrtle Beach, South, so it holds and must renew a city STR permit for every unit it takes on - the exact filing and renewal work StayLegal does.","","owner / principal","https://onefinebnb.com/myrtle-beach-south-carolina","list-article","secondary","2026-09-03","website not confirmed: no candidate domain built from the name returned a page identifying this company; listed in 4 city guides"
"staylegal","end-customer","str management company","Hosteeva","https://www.hosteeva.com","New Orleans, Louisiana","","Manages short-term rentals for owners in New Orleans, Louisiana, so it holds and must renew a city STR permit for every unit it takes on - the exact filing and renewal work StayLegal does.","https://www.hosteeva.com/contact-us","owner / principal","https://onefinebnb.com/new-orleans-louisiana","list-article","verified","2026-09-03",""
"staylegal","end-customer","str management company","Open Air Homes","https://www.openairhomes.com","Palm Springs, California","100+ Homes","Manages short-term rentals for owners in Palm Springs, California, so it holds and must renew a city STR permit for every unit it takes on - the exact filing and renewal work StayLegal does.","https://openairhomes.com/contact-luxury-vacation-rental-experts/","owner / principal","https://onefinebnb.com/palm-springs-california","list-article","verified","2026-09-03",""
"staylegal","end-customer","str management company","Foothills Property Management","","Sedona, Arizona","","Manages short-term rentals for owners in Sedona, Arizona, so it holds and must renew a city STR permit for every unit it takes on - the exact filing and renewal work StayLegal does.","","owner / principal","https://onefinebnb.com/sedona-arizona","list-article","secondary","2026-09-03","website not confirmed: no candidate domain built from the name returned a page identifying this company"
"staylegal","end-customer","str management company","DOSbnb","https://www.dosbnb.com","Sedona, Arizona; Zionsville, Indiana; Breckenridge, Colorado","","Manages short-term rentals for owners in Sedona, Arizona, so it holds and must renew a city STR permit for every unit it takes on - the exact filing and renewal work StayLegal does.","https://dosbnb.com/contact-us/","owner / principal","https://onefinebnb.com/sedona-arizona","list-article","verified","2026-09-03","listed in 3 city guides"
"staylegal","end-customer","str management company","Nest Together Hosts","https://www.nesttogetherhosts.com","Rehoboth Beach, Delaware","","Manages short-term rentals for owners in Rehoboth Beach, Delaware, so it holds and must renew a city STR permit for every unit it takes on - the exact filing and renewal work StayLegal does.","https://www.nesttogetherhosts.com","owner / principal","https://onefinebnb.com/best-10-vacation-rental-management-companies-in-rehoboth-beach-delaware","list-article","verified","2026-09-03",""
"staylegal","end-customer","str management company","Haustay","https://www.haustay.com","San Diego Country Estates, California","","Manages short-term rentals for owners in San Diego Country Estates, California, so it holds and must renew a city STR permit for every unit it takes on - the exact filing and renewal work StayLegal does.","https://www.haustay.com/contact-us/","owner / principal","https://onefinebnb.com/best-5-airbnb-management-companies-in-san-diego-country-estates-california","list-article","verified","2026-09-03",""
"staylegal","end-customer","str management company","Stay Albatross","https://www.stayalbatross.com","Copperas Cove, Texas","","Manages short-term rentals for owners in Copperas Cove, Texas, so it holds and must renew a city STR permit for every unit it takes on - the exact filing and renewal work StayLegal does.","https://stayalbatross.com/contact-us/","owner / principal","https://onefinebnb.com/best-5-vacation-rental-management-companies-in-copperas-cove-texas","list-article","verified","2026-09-03",""
"staylegal","end-customer","national str operator","Evolve Vacation Rental","https://www.evolvevacationrental.com","Copperas Cove, Texas; Jackson, Michigan","","National/multi-market manager holding STR permits in dozens of regulated cities; an anchor logo, though likely too large for the $149-249 per-property offer and better suited to a bulk/API deal.","https://evolve.com/contact","director of compliance","https://onefinebnb.com/best-5-vacation-rental-management-companies-in-copperas-cove-texas","list-article","verified","2026-09-03","listed in 2 city guides"
"staylegal","end-customer","str management company","HostGenius Bryce Canyon","","Bryce Canyon Area, Utah","","Manages short-term rentals for owners in Bryce Canyon Area, Utah, so it holds and must renew a city STR permit for every unit it takes on - the exact filing and renewal work StayLegal does.","","owner / principal","https://onefinebnb.com/best-6-vacation-rental-management-companies-in-bryce-canyon-area-utah","list-article","secondary","2026-09-03","website not confirmed: no candidate domain built from the name returned a page identifying this company"
"staylegal","end-customer","str management company","Doorstep Rentals","","Bryce Canyon Area, Utah","","Manages short-term rentals for owners in Bryce Canyon Area, Utah, so it holds and must renew a city STR permit for every unit it takes on - the exact filing and renewal work StayLegal does.","","owner / principal","https://onefinebnb.com/best-6-vacation-rental-management-companies-in-bryce-canyon-area-utah","list-article","secondary","2026-09-03","website not confirmed: no candidate domain built from the name returned a page identifying this company"
"staylegal","end-customer","str management company","Coachella Valley Property Management","","Desert Hot Springs, California","","Manages short-term rentals for owners in Desert Hot Springs, California, so it holds and must renew a city STR permit for every unit it takes on - the exact filing and renewal work StayLegal does.","","owner / principal","https://onefinebnb.com/best-6-vacation-rental-management-companies-in-desert-hot-springs-california","list-article","secondary","2026-09-03","website not confirmed: no candidate domain built from the name returned a page identifying this company"
"staylegal","end-customer","str management company","Lundquist Realty & Vacation Rentals","https://www.lundquistrealty.com","Door County Peninsula, Wisconsin","","Manages short-term rentals for owners in Door County Peninsula, Wisconsin, so it holds and must renew a city STR permit for every unit it takes on - the exact filing and renewal work StayLegal does.","https://lundquistrealty.com/contact/","owner / principal","https://onefinebnb.com/best-6-vacation-rental-management-companies-in-door-county-peninsula-wisconsin","list-article","verified","2026-09-03",""
"staylegal","end-customer","str management company","JR Vacation Rentals","","Door County Peninsula, Wisconsin","","Manages short-term rentals for owners in Door County Peninsula, Wisconsin, so it holds and must renew a city STR permit for every unit it takes on - the exact filing and renewal work StayLegal does.","","owner / principal","https://onefinebnb.com/best-6-vacation-rental-management-companies-in-door-county-peninsula-wisconsin","list-article","secondary","2026-09-03","website not confirmed: no candidate domain built from the name returned a page identifying this company"
"staylegal","end-customer","str management company","Rent Door County","","Door County Peninsula, Wisconsin","","Manages short-term rentals for owners in Door County Peninsula, Wisconsin, so it holds and must renew a city STR permit for every unit it takes on - the exact filing and renewal work StayLegal does.","","owner / principal","https://onefinebnb.com/best-6-vacation-rental-management-companies-in-door-county-peninsula-wisconsin","list-article","secondary","2026-09-03","website not confirmed: no candidate domain built from the name returned a page identifying this company"
"staylegal","end-customer","str management company","DoCo Vacations","https://www.docovacations.com","Door County Peninsula, Wisconsin","","Manages short-term rentals for owners in Door County Peninsula, Wisconsin, so it holds and must renew a city STR permit for every unit it takes on - the exact filing and renewal work StayLegal does.","https://docovacations.com/contact-us/","owner / principal","https://onefinebnb.com/best-6-vacation-rental-management-companies-in-door-county-peninsula-wisconsin","list-article","verified","2026-09-03",""
"staylegal","end-customer","str management company","Wisco Hosts","https://www.wiscohosts.com","Door County Peninsula, Wisconsin","","Manages short-term rentals for owners in Door County Peninsula, Wisconsin, so it holds and must renew a city STR permit for every unit it takes on - the exact filing and renewal work StayLegal does.","https://wiscohosts.com/contact/","owner / principal","https://onefinebnb.com/best-6-vacation-rental-management-companies-in-door-county-peninsula-wisconsin","list-article","verified","2026-09-03",""
"staylegal","end-customer","str management company","Is Durango, Colorado a good Airbnb market?","","Durango, Colorado","","Manages short-term rentals for owners in Durango, Colorado, so it holds and must renew a city STR permit for every unit it takes on - the exact filing and renewal work StayLegal does.","","owner / principal","https://onefinebnb.com/best-6-vacation-rental-management-companies-in-durango-colorado","list-article","secondary","2026-09-03","website not confirmed: no candidate domain built from the name returned a page identifying this company"
"staylegal","end-customer","str management company","Island Getaway Rentals","https://www.islandgetaway.com","Hilton Head Island Area, South","","Manages short-term rentals for owners in Hilton Head Island Area, South, so it holds and must renew a city STR permit for every unit it takes on - the exact filing and renewal work StayLegal does.","https://www.islandgetaway.com/contact","owner / principal","https://onefinebnb.com/best-6-vacation-rental-management-companies-in-hilton-head-island-south-carolina","list-article","verified","2026-09-03",""
"staylegal","end-customer","str management company","Palmetto Dunes Oceanfront Resort","","Hilton Head Island Area, South","","Manages short-term rentals for owners in Hilton Head Island Area, South, so it holds and must renew a city STR permit for every unit it takes on - the exact filing and renewal work StayLegal does.","","owner / principal","https://onefinebnb.com/best-6-vacation-rental-management-companies-in-hilton-head-island-south-carolina","list-article","secondary","2026-09-03","website not confirmed: no candidate domain built from the name returned a page identifying this company"
"staylegal","end-customer","str management company","Beach Properties of Hilton Head","","Hilton Head Island Area, South","","Manages short-term rentals for owners in Hilton Head Island Area, South, so it holds and must renew a city STR permit for every unit it takes on - the exact filing and renewal work StayLegal does.","","owner / principal","https://onefinebnb.com/best-6-vacation-rental-management-companies-in-hilton-head-island-south-carolina","list-article","secondary","2026-09-03","website not confirmed: no candidate domain built from the name returned a page identifying this company"
"staylegal","end-customer","str management company","The Vacation Company","https://www.vacationcompany.com","Hilton Head Island Area, South","","Manages short-term rentals for owners in Hilton Head Island Area, South, so it holds and must renew a city STR permit for every unit it takes on - the exact filing and renewal work StayLegal does.","https://www.vacationcompany.com/contact-us","owner / principal","https://onefinebnb.com/best-6-vacation-rental-management-companies-in-hilton-head-island-south-carolina","list-article","verified","2026-09-03",""
"staylegal","end-customer","str management company","Host2Coast","https://www.host2coast.com","Hilton Head Island Area, South","","Manages short-term rentals for owners in Hilton Head Island Area, South, so it holds and must renew a city STR permit for every unit it takes on - the exact filing and renewal work StayLegal does.","https://www.host2coast.com/contact-us","owner / principal","https://onefinebnb.com/best-6-vacation-rental-management-companies-in-hilton-head-island-south-carolina","list-article","verified","2026-09-03",""
"staylegal","end-customer","str management company","Vacation Homes of Hilton Head","","Hilton Head Island Area, South","","Manages short-term rentals for owners in Hilton Head Island Area, South, so it holds and must renew a city STR permit for every unit it takes on - the exact filing and renewal work StayLegal does.","","owner / principal","https://onefinebnb.com/best-6-vacation-rental-management-companies-in-hilton-head-island-south-carolina","list-article","secondary","2026-09-03","website not confirmed: no candidate domain built from the name returned a page identifying this company"
"staylegal","end-customer","str management company","PMI Lake Havasu","https://www.pmilakehavasu.com","Lake Havasu City, Arizona","","Manages short-term rentals for owners in Lake Havasu City, Arizona, so it holds and must renew a city STR permit for every unit it takes on - the exact filing and renewal work StayLegal does.","https://www.pmilakehavasu.com/contact","owner / principal","https://onefinebnb.com/best-6-vacation-rental-management-companies-in-lake-havasu-city-arizona","list-article","verified","2026-09-03",""
"staylegal","end-customer","str management company","LHC Vacations","https://www.lhcvacations.com","Lake Havasu City, Arizona","","Manages short-term rentals for owners in Lake Havasu City, Arizona, so it holds and must renew a city STR permit for every unit it takes on - the exact filing and renewal work StayLegal does.","https://www.lhcvacations.com","owner / principal","https://onefinebnb.com/best-6-vacation-rental-management-companies-in-lake-havasu-city-arizona","list-article","verified","2026-09-03",""
"staylegal","end-customer","str management company","Arizona Living Rentals","","Lake Havasu City, Arizona","","Manages short-term rentals for owners in Lake Havasu City, Arizona, so it holds and must renew a city STR permit for every unit it takes on - the exact filing and renewal work StayLegal does.","","owner / principal","https://onefinebnb.com/best-6-vacation-rental-management-companies-in-lake-havasu-city-arizona","list-article","secondary","2026-09-03","website not confirmed: no candidate domain built from the name returned a page identifying this company"
"staylegal","end-customer","str management company","Blue Ridge Rentals","https://www.blueridgerentals.com","","nearly 700 properties","Manages short-term rentals for owners in a regulated market, so it holds and must renew a city STR permit for every unit it takes on - the exact filing and renewal work StayLegal does.","https://www.blueridgerentals.com/about-us/contact-us","owner / principal","https://onefinebnb.com/best-6-vacation-rental-management-companies-in-the-blue-ridge-mountains-north-carolina","list-article","verified","2026-09-03",""
"staylegal","end-customer","str management company","Carolina Cabin Rentals","https://www.carolinacabinrentals.com","","over 430 properties","Manages short-term rentals for owners in a regulated market, so it holds and must renew a city STR permit for every unit it takes on - the exact filing and renewal work StayLegal does.","https://www.carolinacabinrentals.com/contact-information/","owner / principal","https://onefinebnb.com/best-6-vacation-rental-management-companies-in-the-blue-ridge-mountains-north-carolina","list-article","verified","2026-09-03",""
"staylegal","end-customer","str management company","Stay Blue Ridge","https://www.stayblueridge.com","","","Manages short-term rentals for owners in a regulated market, so it holds and must renew a city STR permit for every unit it takes on - the exact filing and renewal work StayLegal does.","https://www.stayblueridge.com/contact","owner / principal","https://onefinebnb.com/best-6-vacation-rental-management-companies-in-the-blue-ridge-mountains-north-carolina","list-article","verified","2026-09-03",""
"staylegal","end-customer","str management company","Carolina Mountain Properties & Rentals","","","","Manages short-term rentals for owners in a regulated market, so it holds and must renew a city STR permit for every unit it takes on - the exact filing and renewal work StayLegal does.","","owner / principal","https://onefinebnb.com/best-6-vacation-rental-management-companies-in-the-blue-ridge-mountains-north-carolina","list-article","secondary","2026-09-03","website not confirmed: no candidate domain built from the name returned a page identifying this company"
"staylegal","end-customer","str management company","Zion Stays","https://www.zionstays.com","Zion National Park Area, Utah","","Manages short-term rentals for owners in Zion National Park Area, Utah, so it holds and must renew a city STR permit for every unit it takes on - the exact filing and renewal work StayLegal does.","https://www.zionstays.com/contact-us","owner / principal","https://onefinebnb.com/best-6-vacation-rental-management-companies-in-zion-national-park-area-utah","list-article","verified","2026-09-03",""
"staylegal","end-customer","str management company","LaFave Zion","https://www.lafavezion.com","Zion National Park Area, Utah","","Manages short-term rentals for owners in Zion National Park Area, Utah, so it holds and must renew a city STR permit for every unit it takes on - the exact filing and renewal work StayLegal does.","https://www.lafavezion.com/contact/","owner / principal","https://onefinebnb.com/best-6-vacation-rental-management-companies-in-zion-national-park-area-utah","list-article","verified","2026-09-03",""
"staylegal","end-customer","str management company","Homestead Modern","https://www.homesteadmodernrentals.com","Joshua Tree Area, California","","Manages short-term rentals for owners in Joshua Tree Area, California, so it holds and must renew a city STR permit for every unit it takes on - the exact filing and renewal work StayLegal does.","https://www.homesteadmodernrentals.com","owner / principal","https://onefinebnb.com/best-8-vacation-rental-management-companies-in-joshua-tree-area-california","list-article","verified","2026-09-03",""
"staylegal","end-customer","str management company","Hi-Desert Dwellings","","Joshua Tree Area, California","","Manages short-term rentals for owners in Joshua Tree Area, California, so it holds and must renew a city STR permit for every unit it takes on - the exact filing and renewal work StayLegal does.","","owner / principal","https://onefinebnb.com/best-8-vacation-rental-management-companies-in-joshua-tree-area-california","list-article","secondary","2026-09-03","website not confirmed: no candidate domain built from the name returned a page identifying this company"
"staylegal","end-customer","str management company","The Joshua Tree Resort","","Joshua Tree Area, California","","Manages short-term rentals for owners in Joshua Tree Area, California, so it holds and must renew a city STR permit for every unit it takes on - the exact filing and renewal work StayLegal does.","","owner / principal","https://onefinebnb.com/best-8-vacation-rental-management-companies-in-joshua-tree-area-california","list-article","secondary","2026-09-03","website not confirmed: no candidate domain built from the name returned a page identifying this company"
"staylegal","end-customer","str management company","The Joshua Tree House","https://www.joshuatreehouse.com","Joshua Tree Area, California","","Manages short-term rentals for owners in Joshua Tree Area, California, so it holds and must renew a city STR permit for every unit it takes on - the exact filing and renewal work StayLegal does.","https://www.thejoshuatreehouse.com/contact-us/","owner / principal","https://onefinebnb.com/best-8-vacation-rental-management-companies-in-joshua-tree-area-california","list-article","verified","2026-09-03",""
"staylegal","end-customer","str management company","Empty Spaces VRM","","Lake Havasu City, Arizona","","Manages short-term rentals for owners in Lake Havasu City, Arizona, so it holds and must renew a city STR permit for every unit it takes on - the exact filing and renewal work StayLegal does.","","owner / principal","https://onefinebnb.com/best-8-vacation-rental-management-companies-in-lake-havasu-city-arizona","list-article","secondary","2026-09-03","website not confirmed: no candidate domain built from the name returned a page identifying this company"
"staylegal","end-customer","str management company","Breckenridge Resort Managers","https://www.breckenridgeresortmanagers.com","Breckenridge, Colorado","","Manages short-term rentals for owners in Breckenridge, Colorado, so it holds and must renew a city STR permit for every unit it takes on - the exact filing and renewal work StayLegal does.","https://www.breckenridgeresortmanagers.com/contact-us","owner / principal","https://onefinebnb.com/best-airbnb-management-companies-in-breckenridge-colorado","list-article","verified","2026-09-03",""
"staylegal","end-customer","str management company","Alii Resorts","","Lahaina (West Maui), Hawaii","","Manages short-term rentals for owners in Lahaina (West Maui), Hawaii, so it holds and must renew a city STR permit for every unit it takes on - the exact filing and renewal work StayLegal does.","","owner / principal","https://onefinebnb.com/best-airbnb-management-companies-in-lahaina-west-maui-hawaii","list-article","secondary","2026-09-03","website not confirmed: no candidate domain built from the name returned a page identifying this company"
"staylegal","end-customer","str management company","My Perfect Stays","https://www.myperfectstays.com","Lahaina (West Maui), Hawaii","","Manages short-term rentals for owners in Lahaina (West Maui), Hawaii, so it holds and must renew a city STR permit for every unit it takes on - the exact filing and renewal work StayLegal does.","https://www.myperfectstays.com/contact-us/","owner / principal","https://onefinebnb.com/best-airbnb-management-companies-in-lahaina-west-maui-hawaii","list-article","verified","2026-09-03",""
"staylegal","end-customer","str management company","Maui Resort Rentals","https://www.mauiresortrentals.com","Lahaina (West Maui), Hawaii","","Manages short-term rentals for owners in Lahaina (West Maui), Hawaii, so it holds and must renew a city STR permit for every unit it takes on - the exact filing and renewal work StayLegal does.","https://www.mauiresortrentals.com/contact-us","owner / principal","https://onefinebnb.com/best-airbnb-management-companies-in-lahaina-west-maui-hawaii","list-article","verified","2026-09-03",""
"staylegal","end-customer","str management company","Quam Properties","https://www.quamproperties.com","Lahaina (West Maui), Hawaii","","Manages short-term rentals for owners in Lahaina (West Maui), Hawaii, so it holds and must renew a city STR permit for every unit it takes on - the exact filing and renewal work StayLegal does.","https://www.quamproperties.com/contact-us/","owner / principal","https://onefinebnb.com/best-airbnb-management-companies-in-lahaina-west-maui-hawaii","list-article","verified","2026-09-03",""
"staylegal","end-customer","str management company","PMI Maui","","Lahaina (West Maui), Hawaii","","Manages short-term rentals for owners in Lahaina (West Maui), Hawaii, so it holds and must renew a city STR permit for every unit it takes on - the exact filing and renewal work StayLegal does.","","owner / principal","https://onefinebnb.com/best-airbnb-management-companies-in-lahaina-west-maui-hawaii","list-article","secondary","2026-09-03","website not confirmed: no candidate domain built from the name returned a page identifying this company"
"staylegal","end-customer","str management company","Hawaii Life Vacations","https://www.hawaiilifevacations.com","Lahaina (West Maui), Hawaii","","Manages short-term rentals for owners in Lahaina (West Maui), Hawaii, so it holds and must renew a city STR permit for every unit it takes on - the exact filing and renewal work StayLegal does.","https://vacations.hawaiilife.com/contact-us","owner / principal","https://onefinebnb.com/best-airbnb-management-companies-in-lahaina-west-maui-hawaii","list-article","verified","2026-09-03",""
"staylegal","end-customer","str management company","Vail Management Company","https://www.vailmanagement.com","Vail Valley, Colorado","","Manages short-term rentals for owners in Vail Valley, Colorado, so it holds and must renew a city STR permit for every unit it takes on - the exact filing and renewal work StayLegal does.","https://www.vailmanagement.com/contact-vail-management","owner / principal","https://onefinebnb.com/best-airbnb-vacation-rental-management-companies-in-vail-colorado","list-article","verified","2026-09-03",""
"staylegal","end-customer","str management company (franchise/branch)","Grand Welcome San Diego","","San Diego, California","","Local franchise or branch of a national vacation-rental brand, operating in San Diego, California: a separate business that files its own city STR permits.","","franchise owner / general manager","https://onefinebnb.com/best-vacation-rental-management-companies-in-san-diego","list-article","secondary","2026-09-03","website not confirmed: no candidate domain built from the name returned a page identifying this company"
"staylegal","end-customer","str management company","Seabreeze Vacation Rentals","https://www.seabreezevacation.com","San Diego, California","approximately 100 properties","Manages short-term rentals for owners in San Diego, California, so it holds and must renew a city STR permit for every unit it takes on - the exact filing and renewal work StayLegal does.","https://www.seabreezevacation.com/contact-us/","owner / principal","https://onefinebnb.com/best-vacation-rental-management-companies-in-san-diego","list-article","verified","2026-09-03",""
"staylegal","end-customer","str management company","Penny Realty Vacation Rentals","","San Diego, California","","Manages short-term rentals for owners in San Diego, California, so it holds and must renew a city STR permit for every unit it takes on - the exact filing and renewal work StayLegal does.","","owner / principal","https://onefinebnb.com/best-vacation-rental-management-companies-in-san-diego","list-article","secondary","2026-09-03","website not confirmed: no candidate domain built from the name returned a page identifying this company"
"staylegal","end-customer","str management company","Sundial Beach Resort & Vacation Rentals","","San Diego, California","","Manages short-term rentals for owners in San Diego, California, so it holds and must renew a city STR permit for every unit it takes on - the exact filing and renewal work StayLegal does.","","owner / principal","https://onefinebnb.com/best-vacation-rental-management-companies-in-san-diego","list-article","secondary","2026-09-03","website not confirmed: no candidate domain built from the name returned a page identifying this company"
"staylegal","end-customer","str management company (franchise/branch)","iTrip Vacations San Diego","","San Diego, California","","Local franchise or branch of a national vacation-rental brand, operating in San Diego, California: a separate business that files its own city STR permits.","","franchise owner / general manager","https://onefinebnb.com/best-vacation-rental-management-companies-in-san-diego","list-article","secondary","2026-09-03","website not confirmed: no candidate domain built from the name returned a page identifying this company"
"staylegal","end-customer","str management company (franchise/branch)","Casago San Diego","","San Diego, California","","Local franchise or branch of a national vacation-rental brand, operating in San Diego, California: a separate business that files its own city STR permits.","","franchise owner / general manager","https://onefinebnb.com/best-vacation-rental-management-companies-in-san-diego","list-article","secondary","2026-09-03","website not confirmed: no candidate domain built from the name returned a page identifying this company"
"staylegal","end-customer","str management company","Tampa Vacay","","Tampa, Florida","","Manages short-term rentals for owners in Tampa, Florida, so it holds and must renew a city STR permit for every unit it takes on - the exact filing and renewal work StayLegal does.","","owner / principal","https://onefinebnb.com/vacation-rental-management-companies-in-tampa-florida","list-article","secondary","2026-09-03","website not confirmed: no candidate domain built from the name returned a page identifying this company"
"staylegal","end-customer","str management company","Emperor Rentals","https://www.emperorrentals.com","Tampa, Florida","","Manages short-term rentals for owners in Tampa, Florida, so it holds and must renew a city STR permit for every unit it takes on - the exact filing and renewal work StayLegal does.","https://www.emperorrentals.com/contact","owner / principal","https://onefinebnb.com/vacation-rental-management-companies-in-tampa-florida","list-article","verified","2026-09-03",""
"staylegal","end-customer","str management company","Tampa Bay Stays","","Tampa, Florida","","Manages short-term rentals for owners in Tampa, Florida, so it holds and must renew a city STR permit for every unit it takes on - the exact filing and renewal work StayLegal does.","","owner / principal","https://onefinebnb.com/vacation-rental-management-companies-in-tampa-florida","list-article","secondary","2026-09-03","website not confirmed: no candidate domain built from the name returned a page identifying this company"
"staylegal","end-customer","str management company","Easystay USA","","Tampa, Florida","","Manages short-term rentals for owners in Tampa, Florida, so it holds and must renew a city STR permit for every unit it takes on - the exact filing and renewal work StayLegal does.","","owner / principal","https://onefinebnb.com/vacation-rental-management-companies-in-tampa-florida","list-article","secondary","2026-09-03","website not confirmed: no candidate domain built from the name returned a page identifying this company"
"staylegal","end-customer","str management company","Florida Sun Vacation Rentals","https://www.floridasunvacationrentals.com","Tampa, Florida","","Manages short-term rentals for owners in Tampa, Florida, so it holds and must renew a city STR permit for every unit it takes on - the exact filing and renewal work StayLegal does.","https://www.floridasunvacationrentals.com/contact-us/","owner / principal","https://onefinebnb.com/vacation-rental-management-companies-in-tampa-florida","list-article","verified","2026-09-03",""
"staylegal","end-customer","str management company","OurStay Vacations","https://www.ourstayvacations.com","Tampa, Florida","","Manages short-term rentals for owners in Tampa, Florida, so it holds and must renew a city STR permit for every unit it takes on - the exact filing and renewal work StayLegal does.","https://www.ourstayvacations.com/contact-us","owner / principal","https://onefinebnb.com/vacation-rental-management-companies-in-tampa-florida","list-article","verified","2026-09-03",""
"staylegal","end-customer","str management company","Keybee","","Tampa, Florida","","Manages short-term rentals for owners in Tampa, Florida, so it holds and must renew a city STR permit for every unit it takes on - the exact filing and renewal work StayLegal does.","","owner / principal","https://onefinebnb.com/vacation-rental-management-companies-in-tampa-florida","list-article","secondary","2026-09-03","a domain built from the name returned a page with no rental or property-management content, so no website is asserted for this company"
"staylegal","end-customer","str management company","Atlantic Realty","","Outer Banks, NC","100 rental homes listed (Outer Banks agency guide)","Manages short-term rentals for owners in Outer Banks, NC, so it holds and must renew a city STR permit for every unit it takes on - the exact filing and renewal work StayLegal does.","","owner / principal","https://obxstuff.com/blogs/guides/comprehensive-list-of-outer-banks-vacation-rental-companies","list-article","secondary","2026-09-03","website not confirmed: no candidate domain built from the name returned a page identifying this company"
"staylegal","end-customer","str management company","Blue Heron Realty","","Outer Banks, NC","75 rental homes listed (Outer Banks agency guide)","Manages short-term rentals for owners in Outer Banks, NC, so it holds and must renew a city STR permit for every unit it takes on - the exact filing and renewal work StayLegal does.","","owner / principal","https://obxstuff.com/blogs/guides/comprehensive-list-of-outer-banks-vacation-rental-companies","list-article","secondary","2026-09-03","a domain built from the name returned a page with no rental or property-management content, so no website is asserted for this company"
"staylegal","end-customer","str management company","Brindly Beach Vacations","","Outer Banks, NC","475 rental homes listed (Outer Banks agency guide)","Manages short-term rentals for owners in Outer Banks, NC, so it holds and must renew a city STR permit for every unit it takes on - the exact filing and renewal work StayLegal does.","","owner / principal","https://obxstuff.com/blogs/guides/comprehensive-list-of-outer-banks-vacation-rental-companies","list-article","secondary","2026-09-03","website not confirmed: no candidate domain built from the name returned a page identifying this company"
"staylegal","end-customer","str management company","Carolina Designs","https://www.carolinadesigns.com","Outer Banks, NC","350+ Vacation Rentals","Manages short-term rentals for owners in Outer Banks, NC, so it holds and must renew a city STR permit for every unit it takes on - the exact filing and renewal work StayLegal does.","https://www.carolinadesigns.com/contact-us","owner / principal","https://obxstuff.com/blogs/guides/comprehensive-list-of-outer-banks-vacation-rental-companies","list-article","verified","2026-09-03",""
"staylegal","end-customer","str management company","Cola Vaughan Realty","","Outer Banks, NC","","Manages short-term rentals for owners in Outer Banks, NC, so it holds and must renew a city STR permit for every unit it takes on - the exact filing and renewal work StayLegal does.","","owner / principal","https://obxstuff.com/blogs/guides/comprehensive-list-of-outer-banks-vacation-rental-companies","list-article","secondary","2026-09-03","website not confirmed: no candidate domain built from the name returned a page identifying this company"
"staylegal","end-customer","str management company","Corolla Classic Vacations","","Outer Banks, NC","","Manages short-term rentals for owners in Outer Banks, NC, so it holds and must renew a city STR permit for every unit it takes on - the exact filing and renewal work StayLegal does.","","owner / principal","https://obxstuff.com/blogs/guides/comprehensive-list-of-outer-banks-vacation-rental-companies","list-article","secondary","2026-09-03","website not confirmed: no candidate domain built from the name returned a page identifying this company"
"staylegal","end-customer","str management company","Cove Realty","https://www.coverealty.com","Outer Banks, NC","","Manages short-term rentals for owners in Outer Banks, NC, so it holds and must renew a city STR permit for every unit it takes on - the exact filing and renewal work StayLegal does.","https://www.coverealty.com/contact/contact-us","owner / principal","https://obxstuff.com/blogs/guides/comprehensive-list-of-outer-banks-vacation-rental-companies","list-article","verified","2026-09-03",""
"staylegal","end-customer","str management company","Dolphin Realty","","Outer Banks, NC","","Manages short-term rentals for owners in Outer Banks, NC, so it holds and must renew a city STR permit for every unit it takes on - the exact filing and renewal work StayLegal does.","","owner / principal","https://obxstuff.com/blogs/guides/comprehensive-list-of-outer-banks-vacation-rental-companies","list-article","secondary","2026-09-03","a domain built from the name returned a page with no rental or property-management content, so no website is asserted for this company"
"staylegal","end-customer","str management company","First Flight Rentals","https://www.firstflightrentals.com","Outer Banks, NC","","Manages short-term rentals for owners in Outer Banks, NC, so it holds and must renew a city STR permit for every unit it takes on - the exact filing and renewal work StayLegal does.","https://www.firstflightrentals.com/contact-us","owner / principal","https://obxstuff.com/blogs/guides/comprehensive-list-of-outer-banks-vacation-rental-companies","list-article","verified","2026-09-03",""
"staylegal","end-customer","str management company","Hatteras Realty","","Outer Banks, NC","","Manages short-term rentals for owners in Outer Banks, NC, so it holds and must renew a city STR permit for every unit it takes on - the exact filing and renewal work StayLegal does.","","owner / principal","https://obxstuff.com/blogs/guides/comprehensive-list-of-outer-banks-vacation-rental-companies","list-article","secondary","2026-09-03","website not confirmed: no candidate domain built from the name returned a page identifying this company"
"staylegal","end-customer","str management company","Joe Lamb Jr. & Associates","","Outer Banks, NC","","Manages short-term rentals for owners in Outer Banks, NC, so it holds and must renew a city STR permit for every unit it takes on - the exact filing and renewal work StayLegal does.","","owner / principal","https://obxstuff.com/blogs/guides/comprehensive-list-of-outer-banks-vacation-rental-companies","list-article","secondary","2026-09-03","website not confirmed: no candidate domain built from the name returned a page identifying this company"
"staylegal","end-customer","str management company","Midgett Realty","","Outer Banks, NC","","Manages short-term rentals for owners in Outer Banks, NC, so it holds and must renew a city STR permit for every unit it takes on - the exact filing and renewal work StayLegal does.","","owner / principal","https://obxstuff.com/blogs/guides/comprehensive-list-of-outer-banks-vacation-rental-companies","list-article","secondary","2026-09-03","website not confirmed: no candidate domain built from the name returned a page identifying this company"
"staylegal","end-customer","str management company","Ocracoke Island Realty","","Outer Banks, NC","","Manages short-term rentals for owners in Outer Banks, NC, so it holds and must renew a city STR permit for every unit it takes on - the exact filing and renewal work StayLegal does.","","owner / principal","https://obxstuff.com/blogs/guides/comprehensive-list-of-outer-banks-vacation-rental-companies","list-article","secondary","2026-09-03","website not confirmed: no candidate domain built from the name returned a page identifying this company"
"staylegal","end-customer","str management company","Outer Beaches Realty","","Outer Banks, NC","","Manages short-term rentals for owners in Outer Banks, NC, so it holds and must renew a city STR permit for every unit it takes on - the exact filing and renewal work StayLegal does.","","owner / principal","https://obxstuff.com/blogs/guides/comprehensive-list-of-outer-banks-vacation-rental-companies","list-article","secondary","2026-09-03","website not confirmed: no candidate domain built from the name returned a page identifying this company"
"staylegal","end-customer","str management company","Outer Banks Blue","https://www.outerbanksblue.com","Outer Banks, NC","","Manages short-term rentals for owners in Outer Banks, NC, so it holds and must renew a city STR permit for every unit it takes on - the exact filing and renewal work StayLegal does.","https://www.outerbanksblue.com/contact-us","owner / principal","https://obxstuff.com/blogs/guides/comprehensive-list-of-outer-banks-vacation-rental-companies","list-article","verified","2026-09-03",""
"staylegal","end-customer","str management company","Resort Realty","https://www.resortrealty.com","Outer Banks, NC","","Manages short-term rentals for owners in Outer Banks, NC, so it holds and must renew a city STR permit for every unit it takes on - the exact filing and renewal work StayLegal does.","https://www.resortrealty.com/contact-us/","owner / principal","https://obxstuff.com/blogs/guides/comprehensive-list-of-outer-banks-vacation-rental-companies","list-article","verified","2026-09-03",""
"staylegal","end-customer","str management company","Seaside Vacations","https://www.seasidevacations.com","Outer Banks, NC","","Manages short-term rentals for owners in Outer Banks, NC, so it holds and must renew a city STR permit for every unit it takes on - the exact filing and renewal work StayLegal does.","https://www.seasidevacations.com/contact-us","owner / principal","https://obxstuff.com/blogs/guides/comprehensive-list-of-outer-banks-vacation-rental-companies","list-article","verified","2026-09-03",""
"staylegal","end-customer","str management company","Shoreline OBX","https://www.shorelineobx.com","Outer Banks, NC","over 230 Vacation Rentals","Manages short-term rentals for owners in Outer Banks, NC, so it holds and must renew a city STR permit for every unit it takes on - the exact filing and renewal work StayLegal does.","https://shorelineobx.com/about/contact/","owner / principal","https://obxstuff.com/blogs/guides/comprehensive-list-of-outer-banks-vacation-rental-companies","list-article","verified","2026-09-03",""
"staylegal","end-customer","str management company","Southern Shores Realty","https://www.southernshores.com","Outer Banks, NC","","Manages short-term rentals for owners in Outer Banks, NC, so it holds and must renew a city STR permit for every unit it takes on - the exact filing and renewal work StayLegal does.","https://www.southernshores.com/long-term-rentals/contact-us","owner / principal","https://obxstuff.com/blogs/guides/comprehensive-list-of-outer-banks-vacation-rental-companies","list-article","verified","2026-09-03",""
"staylegal","end-customer","str management company","Stan White Realty & Construction","","Outer Banks, NC","","Manages short-term rentals for owners in Outer Banks, NC, so it holds and must renew a city STR permit for every unit it takes on - the exact filing and renewal work StayLegal does.","","owner / principal","https://obxstuff.com/blogs/guides/comprehensive-list-of-outer-banks-vacation-rental-companies","list-article","secondary","2026-09-03","website not confirmed: no candidate domain built from the name returned a page identifying this company"
"staylegal","end-customer","str management company","Surf or Sound Realty","https://www.surforsound.com","Outer Banks, NC","","Manages short-term rentals for owners in Outer Banks, NC, so it holds and must renew a city STR permit for every unit it takes on - the exact filing and renewal work StayLegal does.","https://www.surforsound.com","owner / principal","https://obxstuff.com/blogs/guides/comprehensive-list-of-outer-banks-vacation-rental-companies","list-article","verified","2026-09-03",""
"staylegal","end-customer","str management company","Sun Realty","https://www.sunrealty.net","Outer Banks, NC","","Manages short-term rentals for owners in Outer Banks, NC, so it holds and must renew a city STR permit for every unit it takes on - the exact filing and renewal work StayLegal does.","https://sunrealty.net/contact-us/","owner / principal","https://obxstuff.com/blogs/guides/comprehensive-list-of-outer-banks-vacation-rental-companies","list-article","verified","2026-09-03","homepage showed only limited category signals (vacation rental)"
"staylegal","end-customer","str management company","Village Realty","","Outer Banks, NC","","Manages short-term rentals for owners in Outer Banks, NC, so it holds and must renew a city STR permit for every unit it takes on - the exact filing and renewal work StayLegal does.","","owner / principal","https://obxstuff.com/blogs/guides/comprehensive-list-of-outer-banks-vacation-rental-companies","list-article","secondary","2026-09-03","website not confirmed: no candidate domain built from the name returned a page identifying this company"
"staylegal","channel","host alliance (local)","Arkansas Short-Term Rental Alliance (ASTRA)","https://www.arkansasshorttermrentals.com/","Hot Springs, Arkansas","","Organised body of short-term-rental hosts and managers in a regulated market: reaches the individual host without listing one, and its members are exactly the operators who must register and renew permits.","https://www.arkansasshorttermrentals.com/","executive director / board chair","https://www.rentresponsibly.org/wp-json/wpgmza/v1/markers","association-directory","verified","2026-09-03","listed in the Rent Responsibly association map API."
"staylegal","channel","host alliance (local)","Anaheim Rental Alliance (ARA)","http://www.anaheimrentalalliance.org/","Anaheim, California","","Organised body of short-term-rental hosts and managers in a regulated market: reaches the individual host without listing one, and its members are exactly the operators who must register and renew permits.","http://www.anaheimrentalalliance.org/","executive director / board chair","https://www.rentresponsibly.org/wp-json/wpgmza/v1/markers","association-directory","verified","2026-09-03","listed in the Rent Responsibly association map API."
"staylegal","channel","host alliance (local)","Joshua Tree Gateway Communities Vacation Rentals Association","https://vrjt23.wixsite.com/jtgcvra","Joshua Tree, California","","Organised body of short-term-rental hosts and managers in a regulated market: reaches the individual host without listing one, and its members are exactly the operators who must register and renew permits.","hello@joshuatreevra.com","executive director / board chair","https://www.rentresponsibly.org/wp-json/wpgmza/v1/markers","association-directory","verified","2026-09-03","listed in the Rent Responsibly association map API."
"staylegal","channel","host alliance (local)","Monterey County Vacation Rental Alliance (MCVRA)","https://www.mcvra.org/","Carmel, California","","Organised body of short-term-rental hosts and managers in a regulated market: reaches the individual host without listing one, and its members are exactly the operators who must register and renew permits.","info@mcvra.org","executive director / board chair","https://www.rentresponsibly.org/wp-json/wpgmza/v1/markers","association-directory","verified","2026-09-03","listed in the Rent Responsibly association map API."
"staylegal","channel","host alliance (local)","Vacation Rental Owners & Neighbors of Palm Springs","https://home.vronps.org/","Palm Springs, California","","Organised body of short-term-rental hosts and managers in a regulated market: reaches the individual host without listing one, and its members are exactly the operators who must register and renew permits.","https://home.vronps.org/","executive director / board chair","https://www.rentresponsibly.org/wp-json/wpgmza/v1/markers","association-directory","verified","2026-09-03","listed in the Rent Responsibly association map API."
"staylegal","channel","host alliance (local)","Hilton Head Vacation Rental Association (HHVRA)","https://hhvra.org/","Hilton Head, South Carolina","","Organised body of short-term-rental hosts and managers in a regulated market: reaches the individual host without listing one, and its members are exactly the operators who must register and renew permits.","info@hhvra.org","executive director / board chair","https://www.rentresponsibly.org/wp-json/wpgmza/v1/markers","association-directory","verified","2026-09-03","listed in the Rent Responsibly association map API."
"staylegal","channel","host alliance (local)","San Diego Short-Term Rental Alliance (SDSTRA)","https://sandiegostra.org/","San Diego, California","","Organised body of short-term-rental hosts and managers in a regulated market: reaches the individual host without listing one, and its members are exactly the operators who must register and renew permits.","https://sandiegostra.org/","executive director / board chair","https://www.rentresponsibly.org/wp-json/wpgmza/v1/markers","association-directory","verified","2026-09-03","listed in the Rent Responsibly association map API."
"staylegal","channel","host alliance (local)","Virginia Beach Short-Term Rental Alliance (VBSTRA)","https://virginiabeachstra.org/","Virginia Beach, Virginia","","Organised body of short-term-rental hosts and managers in a regulated market: reaches the individual host without listing one, and its members are exactly the operators who must register and renew permits.","https://virginiabeachstra.org/","executive director / board chair","https://www.rentresponsibly.org/wp-json/wpgmza/v1/markers","association-directory","verified","2026-09-03","listed in the Rent Responsibly association map API."
"staylegal","channel","host alliance (local)","Steamboat Springs Community Preservation Alliance","https://steamboatspringscpa.org/","Steamboat Springs, Colorado","","Organised body of short-term-rental hosts and managers in a regulated market: reaches the individual host without listing one, and its members are exactly the operators who must register and renew permits.","https://steamboatspringscpa.org/","executive director / board chair","https://www.rentresponsibly.org/wp-json/wpgmza/v1/markers","association-directory","secondary","2026-09-03","listed in the Rent Responsibly association map API."
"staylegal","channel","host alliance (local)","Santa Fe Short-Term Rental Alliance (SFSTRA)","http://www.santafestra.org/","Santa Fe, New Mexico","","Organised body of short-term-rental hosts and managers in a regulated market: reaches the individual host without listing one, and its members are exactly the operators who must register and renew permits.","http://www.santafestra.org/","executive director / board chair","https://www.rentresponsibly.org/wp-json/wpgmza/v1/markers","association-directory","verified","2026-09-03","listed in the Rent Responsibly association map API."
"staylegal","channel","host alliance (local)","Dallas Short-Term Rental Alliance (DSTRA)","https://dallasstra.org/","Dallas, Texas","","Organised body of short-term-rental hosts and managers in a regulated market: reaches the individual host without listing one, and its members are exactly the operators who must register and renew permits.","https://www.dallasstra.org/contact-us/","executive director / board chair","https://www.rentresponsibly.org/wp-json/wpgmza/v1/markers","association-directory","verified","2026-09-03","listed in the Rent Responsibly association map API."
"staylegal","partner","host association (state/regional)","Arizonans for Responsible Tourism (AZRT)","https://azrtr.org/","Arizona","","Organised body of short-term-rental hosts and managers in a regulated market: reaches the individual host without listing one, and its members are exactly the operators who must register and renew permits.","https://azrtr.org/","executive director / board chair","https://www.rentresponsibly.org/wp-json/wpgmza/v1/markers","association-directory","verified","2026-09-03","listed in the Rent Responsibly association map API."
"staylegal","channel","host alliance (local)","Vacation Rental Owners & Neighbors of La Quinta (VRON-LQ)","https://www.vronlq.org/","La Quinta, California","","Organised body of short-term-rental hosts and managers in a regulated market: reaches the individual host without listing one, and its members are exactly the operators who must register and renew permits.","https://www.vronlq.org/","executive director / board chair","https://www.rentresponsibly.org/wp-json/wpgmza/v1/markers","association-directory","secondary","2026-09-03","listed in the Rent Responsibly association map API."
"staylegal","channel","host alliance (local)","Save the Rentals Santa Barbara","http://www.strsantabarbara.org/","Santa Barbara, California","","Organised body of short-term-rental hosts and managers in a regulated market: reaches the individual host without listing one, and its members are exactly the operators who must register and renew permits.","https://santabarbaraca.gov/government/mayor-city-council/contact-mayor-council","executive director / board chair","https://www.rentresponsibly.org/wp-json/wpgmza/v1/markers","association-directory","verified","2026-09-03","listed in the Rent Responsibly association map API."
"staylegal","channel","host alliance (local)","Short-Term Rental Alliance of Temecula","","Temecula, California","","Organised body of short-term-rental hosts and managers in a regulated market: reaches the individual host without listing one, and its members are exactly the operators who must register and renew permits.","","executive director / board chair","https://www.rentresponsibly.org/wp-json/wpgmza/v1/markers","association-directory","secondary","2026-09-03","listed in the Rent Responsibly association map API. only a social-media page is published for this group"
"staylegal","channel","host alliance (local)","Homeshare Alliance Los Angeles","https://www.homesharealliancelosangeles.org/","Los Angeles, California","","Organised body of short-term-rental hosts and managers in a regulated market: reaches the individual host without listing one, and its members are exactly the operators who must register and renew permits.","https://www.homesharealliancelosangeles.org/contactespanol","executive director / board chair","https://www.rentresponsibly.org/wp-json/wpgmza/v1/markers","association-directory","verified","2026-09-03","listed in the Rent Responsibly association map API."
"staylegal","channel","host alliance (local)","Big Bear Vacation Rental Association","https://bigbearvra.com/","Big Bear Lake, California","","Organised body of short-term-rental hosts and managers in a regulated market: reaches the individual host without listing one, and its members are exactly the operators who must register and renew permits.","team@latofonts.com","executive director / board chair","https://www.rentresponsibly.org/wp-json/wpgmza/v1/markers","association-directory","verified","2026-09-03","listed in the Rent Responsibly association map API."
"staylegal","channel","host alliance (local)","Home Sharers Democratic Club","https://www.homesharersdemclub.org/","San Francisco, California","","Organised body of short-term-rental hosts and managers in a regulated market: reaches the individual host without listing one, and its members are exactly the operators who must register and renew permits.","https://www.homesharersdemclub.org/","executive director / board chair","https://www.rentresponsibly.org/wp-json/wpgmza/v1/markers","association-directory","verified","2026-09-03","listed in the Rent Responsibly association map API."
"staylegal","channel","host alliance (local)","Long Beach Hosts","","Long Beach, California","","Organised body of short-term-rental hosts and managers in a regulated market: reaches the individual host without listing one, and its members are exactly the operators who must register and renew permits.","","executive director / board chair","https://www.rentresponsibly.org/wp-json/wpgmza/v1/markers","association-directory","secondary","2026-09-03","listed in the Rent Responsibly association map API. only a social-media page is published for this group"
"staylegal","channel","host alliance (local)","The Sea Ranch Hosting Coalition","https://www.thesearanchhostingcoalition.org/","Sea Ranch, California","","Organised body of short-term-rental hosts and managers in a regulated market: reaches the individual host without listing one, and its members are exactly the operators who must register and renew permits.","https://www.thesearanchhostingcoalition.org/","executive director / board chair","https://www.rentresponsibly.org/wp-json/wpgmza/v1/markers","association-directory","secondary","2026-09-03","listed in the Rent Responsibly association map API."
"staylegal","channel","host alliance (local)","Sonoma County Coalition of Hosts","https://www.sonomacountycoalitionofhosts.com/","Sonoma, California","","Organised body of short-term-rental hosts and managers in a regulated market: reaches the individual host without listing one, and its members are exactly the operators who must register and renew permits.","https://www.sonomacountycoalitionofhosts.com/contact","executive director / board chair","https://www.rentresponsibly.org/wp-json/wpgmza/v1/markers","association-directory","verified","2026-09-03","listed in the Rent Responsibly association map API."
"staylegal","channel","host alliance (local)","Huntington Beach Short-Term Rental Alliance","https://www.hbstra.org/","Huntington Beach, California","","Organised body of short-term-rental hosts and managers in a regulated market: reaches the individual host without listing one, and its members are exactly the operators who must register and renew permits.","https://www.hbstra.org/contact","executive director / board chair","https://www.rentresponsibly.org/wp-json/wpgmza/v1/markers","association-directory","verified","2026-09-03","listed in the Rent Responsibly association map API."
"staylegal","channel","host alliance (local)","South Lake Tahoe Vacation Rental Alliance","","South Lake Tahoe, California","","Organised body of short-term-rental hosts and managers in a regulated market: reaches the individual host without listing one, and its members are exactly the operators who must register and renew permits.","","executive director / board chair","https://www.rentresponsibly.org/wp-json/wpgmza/v1/markers","association-directory","secondary","2026-09-03","listed in the Rent Responsibly association map API. only a social-media page is published for this group"
"staylegal","channel","host alliance (local)","Littleton Short-Term Rental Alliance","","Littleton, Colorado","","Organised body of short-term-rental hosts and managers in a regulated market: reaches the individual host without listing one, and its members are exactly the operators who must register and renew permits.","","executive director / board chair","https://www.rentresponsibly.org/wp-json/wpgmza/v1/markers","association-directory","secondary","2026-09-03","listed in the Rent Responsibly association map API. only a social-media page is published for this group"
"staylegal","channel","host alliance (local)","Lakewood Short-Term Rental Alliance","","Lakewood, Colorado","","Organised body of short-term-rental hosts and managers in a regulated market: reaches the individual host without listing one, and its members are exactly the operators who must register and renew permits.","","executive director / board chair","https://www.rentresponsibly.org/wp-json/wpgmza/v1/markers","association-directory","secondary","2026-09-03","listed in the Rent Responsibly association map API. only a social-media page is published for this group"
"staylegal","channel","host alliance (local)","We Care Telluride","https://wecaretelluride.org/","Telluride, Colorado","","Organised body of short-term-rental hosts and managers in a regulated market: reaches the individual host without listing one, and its members are exactly the operators who must register and renew permits.","https://wecaretelluride.org/","executive director / board chair","https://www.rentresponsibly.org/wp-json/wpgmza/v1/markers","association-directory","secondary","2026-09-03","listed in the Rent Responsibly association map API."
"staylegal","channel","host alliance (local)","Denver Mile High Hosts","https://www.milehighhosts.org/","Denver, Colorado","","Organised body of short-term-rental hosts and managers in a regulated market: reaches the individual host without listing one, and its members are exactly the operators who must register and renew permits.","https://www.milehighhosts.org/","executive director / board chair","https://www.rentresponsibly.org/wp-json/wpgmza/v1/markers","association-directory","verified","2026-09-03","listed in the Rent Responsibly association map API."
"staylegal","channel","host alliance (local)","Stonington Short-Term Renters Association (SSTRA)","","Stonington, Connecticut","","Organised body of short-term-rental hosts and managers in a regulated market: reaches the individual host without listing one, and its members are exactly the operators who must register and renew permits.","","executive director / board chair","https://www.rentresponsibly.org/wp-json/wpgmza/v1/markers","association-directory","secondary","2026-09-03","listed in the Rent Responsibly association map API. only a social-media page is published for this group"
"staylegal","channel","host alliance (local)","Atlanta Metro Short-Term Rental Alliance (AMSTRA)","https://www.amstra.org/","Atlanta, Georgia","","Organised body of short-term-rental hosts and managers in a regulated market: reaches the individual host without listing one, and its members are exactly the operators who must register and renew permits.","https://www.amstra.org/contact","executive director / board chair","https://www.rentresponsibly.org/wp-json/wpgmza/v1/markers","association-directory","verified","2026-09-03","listed in the Rent Responsibly association map API."
"staylegal","channel","host alliance (local)","Tybee Alliance","https://www.tybeealliance.org/","Tybee Island, Georgia","","Organised body of short-term-rental hosts and managers in a regulated market: reaches the individual host without listing one, and its members are exactly the operators who must register and renew permits.","https://www.tybeealliance.org/contact","executive director / board chair","https://www.rentresponsibly.org/wp-json/wpgmza/v1/markers","association-directory","verified","2026-09-03","listed in the Rent Responsibly association map API."
"staylegal","channel","host alliance (local)","Hawaii Legal Short-Term Rental Alliance (HILSTRA)","https://hilstra.org/","Kapolei, Hawaii","","Organised body of short-term-rental hosts and managers in a regulated market: reaches the individual host without listing one, and its members are exactly the operators who must register and renew permits.","https://hilstra.org/","executive director / board chair","https://www.rentresponsibly.org/wp-json/wpgmza/v1/markers","association-directory","secondary","2026-09-03","listed in the Rent Responsibly association map API."
"staylegal","channel","host alliance (local)","Oahu Short-Term Rental Alliance (OSTRA)","https://ostra.org/","Oahu, Hawaii","","Organised body of short-term-rental hosts and managers in a regulated market: reaches the individual host without listing one, and its members are exactly the operators who must register and renew permits.","https://ostra.org/","executive director / board chair","https://www.rentresponsibly.org/wp-json/wpgmza/v1/markers","association-directory","secondary","2026-09-03","listed in the Rent Responsibly association map API."
"staylegal","channel","host alliance (local)","Maui Vacation Rental Association (MVRA)","https://mvra.net/","Kahului, Hawaii","","Organised body of short-term-rental hosts and managers in a regulated market: reaches the individual host without listing one, and its members are exactly the operators who must register and renew permits.","https://mvra.net/Contact","executive director / board chair","https://www.rentresponsibly.org/wp-json/wpgmza/v1/markers","association-directory","verified","2026-09-03","listed in the Rent Responsibly association map API."
"staylegal","channel","host alliance (local)","Rental By Owner Awareness Association (RBOAA)","https://rboaa.org/","Lahaina, Hawaii","","Organised body of short-term-rental hosts and managers in a regulated market: reaches the individual host without listing one, and its members are exactly the operators who must register and renew permits.","https://rboaa.org/","executive director / board chair","https://www.rentresponsibly.org/wp-json/wpgmza/v1/markers","association-directory","secondary","2026-09-03","listed in the Rent Responsibly association map API."
"staylegal","channel","host alliance (local)","Ohana Aina Association (OAA) (formerly Big Island Vacation Rental Association)","https://www.bivra.net/","Kailua-Kona, Hawaii","","Organised body of short-term-rental hosts and managers in a regulated market: reaches the individual host without listing one, and its members are exactly the operators who must register and renew permits.","https://www.bivra.net/","executive director / board chair","https://www.rentresponsibly.org/wp-json/wpgmza/v1/markers","association-directory","secondary","2026-09-03","listed in the Rent Responsibly association map API."
"staylegal","channel","host alliance (local)","Nola STR Association","","New Orleans, Louisiana","","Organised body of short-term-rental hosts and managers in a regulated market: reaches the individual host without listing one, and its members are exactly the operators who must register and renew permits.","","executive director / board chair","https://www.rentresponsibly.org/wp-json/wpgmza/v1/markers","association-directory","secondary","2026-09-03","listed in the Rent Responsibly association map API. only a social-media page is published for this group"
"staylegal","channel","host alliance (local)","Alliance for Neighborhood Prosperity","","New Orleans, Louisiana","","Organised body of short-term-rental hosts and managers in a regulated market: reaches the individual host without listing one, and its members are exactly the operators who must register and renew permits.","","executive director / board chair","https://www.rentresponsibly.org/wp-json/wpgmza/v1/markers","association-directory","secondary","2026-09-03","listed in the Rent Responsibly association map API. no website published in the directory"
"staylegal","channel","host alliance (local)","Cape Cod & Island Association of Realtors (CCIAOR)","https://cciaor.com/shorttermrentals","Cape Cod, Massachusetts","","Organised body of short-term-rental hosts and managers in a regulated market: reaches the individual host without listing one, and its members are exactly the operators who must register and renew permits.","https://cciaor.com/contact","executive director / board chair","https://www.rentresponsibly.org/wp-json/wpgmza/v1/markers","association-directory","verified","2026-09-03","listed in the Rent Responsibly association map API."
"staylegal","channel","host alliance (local)","Vacation Rental Professionals of Maine (VRPOMe)","https://www.vrpome.org/","Ogunquit, Maine","","Organised body of short-term-rental hosts and managers in a regulated market: reaches the individual host without listing one, and its members are exactly the operators who must register and renew permits.","https://www.vrpome.org/","executive director / board chair","https://www.rentresponsibly.org/wp-json/wpgmza/v1/markers","association-directory","verified","2026-09-03","listed in the Rent Responsibly association map API."
"staylegal","channel","host alliance (local)","Harbor Country Vacation Rental Association (HCVRA)","https://www.hcvra.org/home-old","Three Oaks, Michigan","","Organised body of short-term-rental hosts and managers in a regulated market: reaches the individual host without listing one, and its members are exactly the operators who must register and renew permits.","https://www.hcvra.org/home-old","executive director / board chair","https://www.rentresponsibly.org/wp-json/wpgmza/v1/markers","association-directory","secondary","2026-09-03","listed in the Rent Responsibly association map API."
"staylegal","channel","host alliance (local)","Northern Michigan Vacation Rental Alliance","https://www.northernmichiganvrassociation.org/","Leland, Michigan","","Organised body of short-term-rental hosts and managers in a regulated market: reaches the individual host without listing one, and its members are exactly the operators who must register and renew permits.","https://www.northernmichiganvrassociation.org/","executive director / board chair","https://www.rentresponsibly.org/wp-json/wpgmza/v1/markers","association-directory","secondary","2026-09-03","listed in the Rent Responsibly association map API."
"staylegal","channel","host alliance (local)","Chapel Hill Short-Term Rental Alliance","https://chapelhillstra.org/","Chapel Hill, North Carolina","","Organised body of short-term-rental hosts and managers in a regulated market: reaches the individual host without listing one, and its members are exactly the operators who must register and renew permits.","https://chapelhillstra.org/contact-us/","executive director / board chair","https://www.rentresponsibly.org/wp-json/wpgmza/v1/markers","association-directory","verified","2026-09-03","listed in the Rent Responsibly association map API."
"staylegal","channel","host alliance (local)","North Carolina Vacation Rental Managers Association (NCVRMA)","https://www.ncvrma.com/","Greensboro, North Carolina","","Organised body of short-term-rental hosts and managers in a regulated market: reaches the individual host without listing one, and its members are exactly the operators who must register and renew permits.","https://www.ncvrma.com/contact/","executive director / board chair","https://www.rentresponsibly.org/wp-json/wpgmza/v1/markers","association-directory","verified","2026-09-03","listed in the Rent Responsibly association map API."
"staylegal","channel","host alliance (local)","Nevada Vacation Rental Professionals","https://www.nevadavrp.com/","Henderson, Nevada","","Organised body of short-term-rental hosts and managers in a regulated market: reaches the individual host without listing one, and its members are exactly the operators who must register and renew permits.","https://www.nevadavrp.com/","executive director / board chair","https://www.rentresponsibly.org/wp-json/wpgmza/v1/markers","association-directory","secondary","2026-09-03","listed in the Rent Responsibly association map API."
"staylegal","channel","host alliance (local)","Host2Host","https://host2host.org/","Portland, Oregon","","Organised body of short-term-rental hosts and managers in a regulated market: reaches the individual host without listing one, and its members are exactly the operators who must register and renew permits.","info@host2host.org","executive director / board chair","https://www.rentresponsibly.org/wp-json/wpgmza/v1/markers","association-directory","verified","2026-09-03","listed in the Rent Responsibly association map API."
"staylegal","channel","host alliance (local)","VRNation","https://www.vrnation.com/","Bend, Oregon","","Organised body of short-term-rental hosts and managers in a regulated market: reaches the individual host without listing one, and its members are exactly the operators who must register and renew permits.","info@vrnation.com","executive director / board chair","https://www.rentresponsibly.org/wp-json/wpgmza/v1/markers","association-directory","verified","2026-09-03","listed in the Rent Responsibly association map API."
"staylegal","channel","host alliance (local)","Poconos Vacation Rental Owners (PVRO)","https://www.poconosvro.org/","Pocono Mountains, Pennsylvania","","Organised body of short-term-rental hosts and managers in a regulated market: reaches the individual host without listing one, and its members are exactly the operators who must register and renew permits.","https://www.poconosvro.org/Contact","executive director / board chair","https://www.rentresponsibly.org/wp-json/wpgmza/v1/markers","association-directory","verified","2026-09-03","listed in the Rent Responsibly association map API."
"staylegal","partner","host association (state/regional)","South Carolina Vacation Rental Management Association, Inc.","http://southcarolinavrma.com/","South Carolina","","Organised body of short-term-rental hosts and managers in a regulated market: reaches the individual host without listing one, and its members are exactly the operators who must register and renew permits.","http://southcarolinavrma.com/","executive director / board chair","https://www.rentresponsibly.org/wp-json/wpgmza/v1/markers","association-directory","verified","2026-09-03","listed in the Rent Responsibly association map API."
"staylegal","channel","host alliance (local)","Nashville Short-Term Rental Association (NASTRA)","https://nastra.org/","Nashville, Tennessee","","Organised body of short-term-rental hosts and managers in a regulated market: reaches the individual host without listing one, and its members are exactly the operators who must register and renew permits.","https://nastra.org/","executive director / board chair","https://www.rentresponsibly.org/wp-json/wpgmza/v1/markers","association-directory","secondary","2026-09-03","listed in the Rent Responsibly association map API."
"staylegal","channel","host alliance (local)","Short-Term Rental Owners Association of Galveston (STROAG)","https://www.stroag.org/","Galveston, Texas","","Organised body of short-term-rental hosts and managers in a regulated market: reaches the individual host without listing one, and its members are exactly the operators who must register and renew permits.","https://www.stroag.org/contact","executive director / board chair","https://www.rentresponsibly.org/wp-json/wpgmza/v1/markers","association-directory","verified","2026-09-03","listed in the Rent Responsibly association map API."
"staylegal","channel","host alliance (local)","Fredericksburg Texas Short-Term Rental Alliance (FBGTXSTRA)","https://www.fbgtxstra.com/","Fredericksburg, Texas","","Organised body of short-term-rental hosts and managers in a regulated market: reaches the individual host without listing one, and its members are exactly the operators who must register and renew permits.","info@fbgtxstra.com","executive director / board chair","https://www.rentresponsibly.org/wp-json/wpgmza/v1/markers","association-directory","verified","2026-09-03","listed in the Rent Responsibly association map API."
"staylegal","channel","host alliance (local)","Galveston Association of Vacation Rental Managers (GARM)","http://garmgalveston.com/","Galveston, Texas","","Organised body of short-term-rental hosts and managers in a regulated market: reaches the individual host without listing one, and its members are exactly the operators who must register and renew permits.","http://garmgalveston.com/contact/","executive director / board chair","https://www.rentresponsibly.org/wp-json/wpgmza/v1/markers","association-directory","verified","2026-09-03","listed in the Rent Responsibly association map API."
"staylegal","channel","host alliance (local)","Arlington Short-Term Rental Alliance","","Arlington, Texas","","Organised body of short-term-rental hosts and managers in a regulated market: reaches the individual host without listing one, and its members are exactly the operators who must register and renew permits.","","executive director / board chair","https://www.rentresponsibly.org/wp-json/wpgmza/v1/markers","association-directory","secondary","2026-09-03","listed in the Rent Responsibly association map API. only a social-media page is published for this group"
"staylegal","partner","host association (state/regional)","Vermont Short-Term Rental Alliance (VTSTRA)","https://vtstra.org/","Vermont","","Organised body of short-term-rental hosts and managers in a regulated market: reaches the individual host without listing one, and its members are exactly the operators who must register and renew permits.","https://vtstra.org/contact-us","executive director / board chair","https://www.rentresponsibly.org/wp-json/wpgmza/v1/markers","association-directory","verified","2026-09-03","listed in the Rent Responsibly association map API."
"staylegal","channel","host alliance (local)","Short-Term Rental Alliance of Chelan County","https://www.straccwa.org/","Leavenworth, Washington","","Organised body of short-term-rental hosts and managers in a regulated market: reaches the individual host without listing one, and its members are exactly the operators who must register and renew permits.","https://www.straccwa.org/","executive director / board chair","https://www.rentresponsibly.org/wp-json/wpgmza/v1/markers","association-directory","verified","2026-09-03","listed in the Rent Responsibly association map API."
"staylegal","channel","host alliance (local)","Estes Valley Short-Term Rental Alliance","https://estesvalleystra.org/","Estes Valley, Estes Park, CO","","Organised body of short-term-rental hosts and managers in a regulated market: reaches the individual host without listing one, and its members are exactly the operators who must register and renew permits.","https://estesvalleystra.org/","executive director / board chair","https://www.rentresponsibly.org/wp-json/wpgmza/v1/markers","association-directory","verified","2026-09-03","listed in the Rent Responsibly association map API."
"staylegal","channel","host alliance (local)","Short-Term Rental Association","https://www.shorttermrentalassoc.com/about","Grand Rapids, MI","","Organised body of short-term-rental hosts and managers in a regulated market: reaches the individual host without listing one, and its members are exactly the operators who must register and renew permits.","https://www.shorttermrentalassoc.com/about","executive director / board chair","https://www.rentresponsibly.org/wp-json/wpgmza/v1/markers","association-directory","verified","2026-09-03","listed in the Rent Responsibly association map API."
"staylegal","channel","host alliance (local)","Sioux Falls Short-Term Rental Alliance","","Sioux Falls, SD","","Organised body of short-term-rental hosts and managers in a regulated market: reaches the individual host without listing one, and its members are exactly the operators who must register and renew permits.","","executive director / board chair","https://www.rentresponsibly.org/wp-json/wpgmza/v1/markers","association-directory","secondary","2026-09-03","listed in the Rent Responsibly association map API. only a social-media page is published for this group"
"staylegal","channel","host alliance (local)","Fort Worth Short-Term Rental Alliance","https://fortworthstra.org/","Fort Worth, TX","","Organised body of short-term-rental hosts and managers in a regulated market: reaches the individual host without listing one, and its members are exactly the operators who must register and renew permits.","https://fortworthstra.org/Contact","executive director / board chair","https://www.rentresponsibly.org/wp-json/wpgmza/v1/markers","association-directory","verified","2026-09-03","listed in the Rent Responsibly association map API."
"staylegal","partner","host association (state/regional)","Texas Professional Vacation Rental Coalition","","Texas","","Organised body of short-term-rental hosts and managers in a regulated market: reaches the individual host without listing one, and its members are exactly the operators who must register and renew permits.","","executive director / board chair","https://www.rentresponsibly.org/wp-json/wpgmza/v1/markers","association-directory","secondary","2026-09-03","listed in the Rent Responsibly association map API. only a social-media page is published for this group"
"staylegal","channel","host alliance (local)","Short Term Rental Alliance of Tobyhanna Township / Tobyhanna for All","https://tobyhannaforall.com","Pocono Mountains, Pennsylvania","more than 800 Short-Term Rentals","Organised body of short-term-rental hosts and managers in a regulated market: reaches the individual host without listing one, and its members are exactly the operators who must register and renew permits.","https://tobyhannaforall.com","executive director / board chair","https://www.rentresponsibly.org/wp-json/wpgmza/v1/markers","association-directory","verified","2026-09-03","listed in the Rent Responsibly association map API."
"staylegal","partner","host association (state/regional)","Colorado Lodging and Resort Alliance","https://www.claraforcolorado.com/","Colorado","","Organised body of short-term-rental hosts and managers in a regulated market: reaches the individual host without listing one, and its members are exactly the operators who must register and renew permits.","https://www.claraforcolorado.com/","executive director / board chair","https://www.rentresponsibly.org/wp-json/wpgmza/v1/markers","association-directory","verified","2026-09-03","listed in the Rent Responsibly association map API."
"staylegal","partner","host association (state/regional)","Indiana Short-Term Rental Alliance","","Indiana","","Organised body of short-term-rental hosts and managers in a regulated market: reaches the individual host without listing one, and its members are exactly the operators who must register and renew permits.","","executive director / board chair","https://www.rentresponsibly.org/wp-json/wpgmza/v1/markers","association-directory","secondary","2026-09-03","listed in the Rent Responsibly association map API. only a social-media page is published for this group"
"staylegal","channel","host alliance (local)","Lake Naomi Vacation Home Hosting Alliance","https://lakenaomiforall.org","Pocono Pines, PA","","Organised body of short-term-rental hosts and managers in a regulated market: reaches the individual host without listing one, and its members are exactly the operators who must register and renew permits.","https://lakenaomiforall.org","executive director / board chair","https://www.rentresponsibly.org/wp-json/wpgmza/v1/markers","association-directory","verified","2026-09-03","listed in the Rent Responsibly association map API."
"staylegal","channel","host alliance (local)","Oregon Coast Hosts","https://www.oregoncoasthosts.com/","Pacific City, OR","","Organised body of short-term-rental hosts and managers in a regulated market: reaches the individual host without listing one, and its members are exactly the operators who must register and renew permits.","https://www.oregoncoasthosts.com/","executive director / board chair","https://www.rentresponsibly.org/wp-json/wpgmza/v1/markers","association-directory","verified","2026-09-03","listed in the Rent Responsibly association map API."
"staylegal","channel","host alliance (local)","Oneida Lake Vacation Renters Alliance","https://oneidalakevra.org/","Cicero, NY","","Organised body of short-term-rental hosts and managers in a regulated market: reaches the individual host without listing one, and its members are exactly the operators who must register and renew permits.","https://oneidalakevra.org/contact","executive director / board chair","https://www.rentresponsibly.org/wp-json/wpgmza/v1/markers","association-directory","verified","2026-09-03","listed in the Rent Responsibly association map API."
"staylegal","channel","host alliance (local)","Lake Sunapee Short-Term Rental Association","https://www.lsstra.org/","Lake Sunapee, New Hampshire","","Organised body of short-term-rental hosts and managers in a regulated market: reaches the individual host without listing one, and its members are exactly the operators who must register and renew permits.","info@lsstra.org","executive director / board chair","https://www.rentresponsibly.org/wp-json/wpgmza/v1/markers","association-directory","verified","2026-09-03","listed in the Rent Responsibly association map API."
"staylegal","channel","host alliance (local)","Lafayette Tourism Lodging Assoc.","https://lafayettetla.org/good-neighbor-policy/","Lafayette, LA","","Organised body of short-term-rental hosts and managers in a regulated market: reaches the individual host without listing one, and its members are exactly the operators who must register and renew permits.","https://lafayettetla.org/good-neighbor-policy/","executive director / board chair","https://www.rentresponsibly.org/wp-json/wpgmza/v1/markers","association-directory","secondary","2026-09-03","listed in the Rent Responsibly association map API."
"staylegal","channel","host alliance (local)","Finger Lakes Vacation Rental Alliance","https://www.flxvra.com/","Finger Lakes, NY","","Organised body of short-term-rental hosts and managers in a regulated market: reaches the individual host without listing one, and its members are exactly the operators who must register and renew permits.","info@flxvra.com","executive director / board chair","https://www.rentresponsibly.org/wp-json/wpgmza/v1/markers","association-directory","verified","2026-09-03","listed in the Rent Responsibly association map API."
"staylegal","channel","host alliance (local)","Hosting on the Rock","https://www.hostingontherock.com/","San Juan county","","Organised body of short-term-rental hosts and managers in a regulated market: reaches the individual host without listing one, and its members are exactly the operators who must register and renew permits.","https://www.hostingontherock.com/contact","executive director / board chair","https://www.rentresponsibly.org/wp-json/wpgmza/v1/markers","association-directory","verified","2026-09-03","listed in the Rent Responsibly association map API."
"staylegal","partner","host association (state/regional)","Florida Alliance for Vacation Rentals (FAVR)","https://floridaavr.org/","Florida","","Organised body of short-term-rental hosts and managers in a regulated market: reaches the individual host without listing one, and its members are exactly the operators who must register and renew permits.","https://floridaavr.org/contact-us","executive director / board chair","https://www.rentresponsibly.org/wp-json/wpgmza/v1/markers","association-directory","verified","2026-09-03","listed in the Rent Responsibly association map API."
"staylegal","channel","host alliance (local)","Mt. Washington Valley Association for Responsible Rentals","https://www.responsiblevacationrentals.com/","Conway, NH","","Organised body of short-term-rental hosts and managers in a regulated market: reaches the individual host without listing one, and its members are exactly the operators who must register and renew permits.","info@responsiblevacationrentals.com","executive director / board chair","https://www.rentresponsibly.org/wp-json/wpgmza/v1/markers","association-directory","verified","2026-09-03","listed in the Rent Responsibly association map API."
"staylegal","channel","host alliance (local)","Short Term Rental Association of San Antonio","https://www.strassociationofsa.com/","San Antonio, TX","","Organised body of short-term-rental hosts and managers in a regulated market: reaches the individual host without listing one, and its members are exactly the operators who must register and renew permits.","https://www.strassociationofsa.com/","executive director / board chair","https://www.rentresponsibly.org/wp-json/wpgmza/v1/markers","association-directory","verified","2026-09-03","listed in the Rent Responsibly association map API."
"staylegal","channel","host alliance (local)","Corpus Christi Short-Term Rental Alliance","https://www.ccstra.org/","Corpus Christi, TX","","Organised body of short-term-rental hosts and managers in a regulated market: reaches the individual host without listing one, and its members are exactly the operators who must register and renew permits.","https://www.ccstra.org/","executive director / board chair","https://www.rentresponsibly.org/wp-json/wpgmza/v1/markers","association-directory","secondary","2026-09-03","listed in the Rent Responsibly association map API."
"staylegal","channel","host alliance (local)","El Paso Short-Term Rental Alliance","https://www.elpasostra.org/","El Paso, TX","","Organised body of short-term-rental hosts and managers in a regulated market: reaches the individual host without listing one, and its members are exactly the operators who must register and renew permits.","https://www.elpasostra.org/","executive director / board chair","https://www.rentresponsibly.org/wp-json/wpgmza/v1/markers","association-directory","verified","2026-09-03","listed in the Rent Responsibly association map API."
"staylegal","partner","host association (state/regional)","Wisconsin Short-Term Rental Alliance","https://www.wistra.org/","Wisconsin","","Organised body of short-term-rental hosts and managers in a regulated market: reaches the individual host without listing one, and its members are exactly the operators who must register and renew permits.","https://www.wistra.org/","executive director / board chair","https://www.rentresponsibly.org/wp-json/wpgmza/v1/markers","association-directory","secondary","2026-09-03","listed in the Rent Responsibly association map API."
"staylegal","channel","host alliance (local)","South Haven Vacation Rental Alliance","https://www.shvra.org/","South Haven, MI","","Organised body of short-term-rental hosts and managers in a regulated market: reaches the individual host without listing one, and its members are exactly the operators who must register and renew permits.","https://www.shvra.org/contact-us","executive director / board chair","https://www.rentresponsibly.org/wp-json/wpgmza/v1/markers","association-directory","verified","2026-09-03","listed in the Rent Responsibly association map API."
"staylegal","partner","host association (state/regional)","Property Owners Association of South Carolina","https://propertyownersofsouthcarolina.org/","South Carolina","","Organised body of short-term-rental hosts and managers in a regulated market: reaches the individual host without listing one, and its members are exactly the operators who must register and renew permits.","https://propertyownersofsouthcarolina.org/","executive director / board chair","https://www.rentresponsibly.org/wp-json/wpgmza/v1/markers","association-directory","verified","2026-09-03","listed in the Rent Responsibly association map API."
"staylegal","partner","host association (state/regional)","South Dakota Short-Term Rental Association","https://sd-stra.com/","South Dakota","","Organised body of short-term-rental hosts and managers in a regulated market: reaches the individual host without listing one, and its members are exactly the operators who must register and renew permits.","https://sd-stra.com/register/affiliate-membership/","executive director / board chair","https://www.rentresponsibly.org/wp-json/wpgmza/v1/markers","association-directory","verified","2026-09-03","listed in the Rent Responsibly association map API."
"staylegal","channel","host alliance (local)","Central Florida Vacation Rental Professionals","https://www.cfvrp.org/","Osceola, FL","","Organised body of short-term-rental hosts and managers in a regulated market: reaches the individual host without listing one, and its members are exactly the operators who must register and renew permits.","https://www.cfvrp.org/","executive director / board chair","https://www.rentresponsibly.org/wp-json/wpgmza/v1/markers","association-directory","verified","2026-09-03","listed in the Rent Responsibly association map API."
"staylegal","channel","host alliance (local)","Anna Maria Island Vacation Property Association","http://amivacationpropertyassociation.com/","Anna Maria Island, Florida","more than 1,000 vacation rentals","Organised body of short-term-rental hosts and managers in a regulated market: reaches the individual host without listing one, and its members are exactly the operators who must register and renew permits.","http://amivacationpropertyassociation.com/","executive director / board chair","https://www.rentresponsibly.org/wp-json/wpgmza/v1/markers","association-directory","verified","2026-09-03","listed in the Rent Responsibly association map API."
"staylegal","channel","host alliance (local)","Columbus Hosts Alliance","","Columbus, OH","","Organised body of short-term-rental hosts and managers in a regulated market: reaches the individual host without listing one, and its members are exactly the operators who must register and renew permits.","","executive director / board chair","https://www.rentresponsibly.org/wp-json/wpgmza/v1/markers","association-directory","secondary","2026-09-03","listed in the Rent Responsibly association map API. only a social-media page is published for this group"
"staylegal","partner","host association (state/regional)","Rhode Island Short-Term Rental Association (RISTRA)","https://www.ristra.org/","Rhode Island","","Organised body of short-term-rental hosts and managers in a regulated market: reaches the individual host without listing one, and its members are exactly the operators who must register and renew permits.","https://www.ristra.org/","executive director / board chair","https://www.rentresponsibly.org/wp-json/wpgmza/v1/markers","association-directory","verified","2026-09-03","listed in the Rent Responsibly association map API."
"staylegal","channel","host alliance (local)","Bear Lake Short-Term Rental Alliance","https://www.bearlakestra.org/","St Charles, ID","","Organised body of short-term-rental hosts and managers in a regulated market: reaches the individual host without listing one, and its members are exactly the operators who must register and renew permits.","https://www.bearlakestra.org/contact-us","executive director / board chair","https://www.rentresponsibly.org/wp-json/wpgmza/v1/markers","association-directory","verified","2026-09-03","listed in the Rent Responsibly association map API."
"staylegal","channel","host alliance (local)","Summit Alliance of Vacation Rental Managers","https://www.savrm.org/","Breckenridge, CO","","Organised body of short-term-rental hosts and managers in a regulated market: reaches the individual host without listing one, and its members are exactly the operators who must register and renew permits.","https://www.savrm.org/contact-us","executive director / board chair","https://www.rentresponsibly.org/wp-json/wpgmza/v1/markers","association-directory","verified","2026-09-03","listed in the Rent Responsibly association map API."
"staylegal","channel","host alliance (local)","Kansas City STRA","","Kansas City, MO","","Organised body of short-term-rental hosts and managers in a regulated market: reaches the individual host without listing one, and its members are exactly the operators who must register and renew permits.","","executive director / board chair","https://www.rentresponsibly.org/wp-json/wpgmza/v1/markers","association-directory","secondary","2026-09-03","listed in the Rent Responsibly association map API. only a social-media page is published for this group"
"staylegal","channel","host alliance (local)","VRMA - South Padre Island","https://www.padrevacationpromise.com/","South Padre Island, TX","","Organised body of short-term-rental hosts and managers in a regulated market: reaches the individual host without listing one, and its members are exactly the operators who must register and renew permits.","https://www.padrevacationpromise.com/contact-us/","executive director / board chair","https://www.rentresponsibly.org/wp-json/wpgmza/v1/markers","association-directory","verified","2026-09-03","listed in the Rent Responsibly association map API."
"staylegal","channel","host alliance (local)","Orange City Short Term Rental Alliance (OSTRA)","","Orange, CA","","Organised body of short-term-rental hosts and managers in a regulated market: reaches the individual host without listing one, and its members are exactly the operators who must register and renew permits.","","executive director / board chair","https://www.rentresponsibly.org/wp-json/wpgmza/v1/markers","association-directory","secondary","2026-09-03","listed in the Rent Responsibly association map API. only a social-media page is published for this group"
"staylegal","partner","host association (state/regional)","Michigan Short-Term Rental Association (MiSTRA)","https://www.michiganstra.org/","Michigan","","Organised body of short-term-rental hosts and managers in a regulated market: reaches the individual host without listing one, and its members are exactly the operators who must register and renew permits.","https://www.michiganstra.org/","executive director / board chair","https://www.rentresponsibly.org/wp-json/wpgmza/v1/markers","association-directory","verified","2026-09-03","listed in the Rent Responsibly association map API."
"staylegal","partner","host association (state/regional)","Idaho Short-Term Rental Alliance","","Idaho","","Organised body of short-term-rental hosts and managers in a regulated market: reaches the individual host without listing one, and its members are exactly the operators who must register and renew permits.","","executive director / board chair","https://www.rentresponsibly.org/wp-json/wpgmza/v1/markers","association-directory","secondary","2026-09-03","listed in the Rent Responsibly association map API. no website published in the directory"
"staylegal","channel","host alliance (local)","Short Term Rental Investors, Visionaries, &amp; Entrepreneurs (STRIVE)","","Norfolk, Virginia","","Organised body of short-term-rental hosts and managers in a regulated market: reaches the individual host without listing one, and its members are exactly the operators who must register and renew permits.","","executive director / board chair","https://www.rentresponsibly.org/wp-json/wpgmza/v1/markers","association-directory","secondary","2026-09-03","listed in the Rent Responsibly association map API. only a social-media page is published for this group"
"staylegal","channel","host alliance (local)","Hawai'i Mid and Short-Term Rental Alliance (HIMAST)","https://www.himast.org/","Honolulu, HI","","Organised body of short-term-rental hosts and managers in a regulated market: reaches the individual host without listing one, and its members are exactly the operators who must register and renew permits.","https://www.himast.org/","executive director / board chair","https://www.rentresponsibly.org/wp-json/wpgmza/v1/markers","association-directory","verified","2026-09-03","listed in the Rent Responsibly association map API."
"staylegal","channel","host alliance (local)","Olympic Peninsula Lodging Alliance","https://www.olympicpeninsulalodgingalliance.org/","Olympic Peninsula, Washington","","Organised body of short-term-rental hosts and managers in a regulated market: reaches the individual host without listing one, and its members are exactly the operators who must register and renew permits.","https://www.olympicpeninsulalodgingalliance.org/","executive director / board chair","https://www.rentresponsibly.org/wp-json/wpgmza/v1/markers","association-directory","verified","2026-09-03","listed in the Rent Responsibly association map API."
"staylegal","partner","host association (state/regional)","Short Term Ohio","https://www.shorttermohio.com/","Ohio","","Organised body of short-term-rental hosts and managers in a regulated market: reaches the individual host without listing one, and its members are exactly the operators who must register and renew permits.","https://www.shorttermohio.com/contact-short-term-ohio","executive director / board chair","https://www.rentresponsibly.org/wp-json/wpgmza/v1/markers","association-directory","verified","2026-09-03","listed in the Rent Responsibly association map API."
"staylegal","channel","host alliance (local)","Hocking Hills Lodging Owners Association","https://www.hockinghillslodgingownersassociation.com/","Hocking County, OH","","Organised body of short-term-rental hosts and managers in a regulated market: reaches the individual host without listing one, and its members are exactly the operators who must register and renew permits.","https://www.hockinghillslodgingownersassociation.com/contact-us/","executive director / board chair","https://www.rentresponsibly.org/wp-json/wpgmza/v1/markers","association-directory","verified","2026-09-03","listed in the Rent Responsibly association map API."
"staylegal","partner","host association (state/regional)","Missouri Vacation Home Alliance","https://movha.org/","Missouri","","Organised body of short-term-rental hosts and managers in a regulated market: reaches the individual host without listing one, and its members are exactly the operators who must register and renew permits.","https://movha.org/","executive director / board chair","https://www.rentresponsibly.org/wp-json/wpgmza/v1/markers","association-directory","secondary","2026-09-03","listed in the Rent Responsibly association map API."
"staylegal","channel","host alliance (local)","Steel City Short-Term Rental Alliance","https://steelcitystra.org/","Pittsburgh, PA","","Organised body of short-term-rental hosts and managers in a regulated market: reaches the individual host without listing one, and its members are exactly the operators who must register and renew permits.","https://steelcitystra.org/","executive director / board chair","https://www.rentresponsibly.org/wp-json/wpgmza/v1/markers","association-directory","verified","2026-09-03","listed in the Rent Responsibly association map API."
"staylegal","channel","host alliance (local)","Greater Las Vegas Short-Term Rental Association","https://www.glvstra.org/","Las Vegas, NV","","Organised body of short-term-rental hosts and managers in a regulated market: reaches the individual host without listing one, and its members are exactly the operators who must register and renew permits.","https://www.glvstra.org/contact-us","executive director / board chair","https://www.rentresponsibly.org/wp-json/wpgmza/v1/markers","association-directory","verified","2026-09-03","listed in the Rent Responsibly association map API."
"staylegal","channel","host alliance (local)","Central Oregon Vacation Rental Alliance (COVRA)","https://www.centraloregonvra.org/","Bend, OR","","Organised body of short-term-rental hosts and managers in a regulated market: reaches the individual host without listing one, and its members are exactly the operators who must register and renew permits.","https://www.centraloregonvra.org/contact-us/","executive director / board chair","https://www.rentresponsibly.org/wp-json/wpgmza/v1/markers","association-directory","verified","2026-09-03","listed in the Rent Responsibly association map API."
"staylegal","channel","host alliance (local)","Right to Rent Collaborative","https://r2rcollaborative.org/","USA","","Organised body of short-term-rental hosts and managers in a regulated market: reaches the individual host without listing one, and its members are exactly the operators who must register and renew permits.","https://r2rcollaborative.org/","executive director / board chair","https://www.rentresponsibly.org/wp-json/wpgmza/v1/markers","association-directory","verified","2026-09-03","listed in the Rent Responsibly association map API."
"staylegal","partner","host association (state/regional)","Northern Ohio Short-Term Rental Alliance","https://northernohiostra.org/","Ohio","","Organised body of short-term-rental hosts and managers in a regulated market: reaches the individual host without listing one, and its members are exactly the operators who must register and renew permits.","https://northernohiostra.org/","executive director / board chair","https://www.rentresponsibly.org/wp-json/wpgmza/v1/markers","association-directory","verified","2026-09-03","listed in the Rent Responsibly association map API."
"staylegal","partner","host association (state/regional)","Minnesota Short Term Rental Association","","Minnesota","","Organised body of short-term-rental hosts and managers in a regulated market: reaches the individual host without listing one, and its members are exactly the operators who must register and renew permits.","","executive director / board chair","https://www.rentresponsibly.org/wp-json/wpgmza/v1/markers","association-directory","secondary","2026-09-03","listed in the Rent Responsibly association map API. only a social-media page is published for this group"
"staylegal","channel","host alliance (local)","Orem STRA","","Orem, UT","","Organised body of short-term-rental hosts and managers in a regulated market: reaches the individual host without listing one, and its members are exactly the operators who must register and renew permits.","","executive director / board chair","https://www.rentresponsibly.org/wp-json/wpgmza/v1/markers","association-directory","secondary","2026-09-03","listed in the Rent Responsibly association map API. no website published in the directory"
"staylegal","partner","host association (state/regional)","Washington Hosts Collaborative Alliance","https://washingtonhosts.org/","Washington","","Organised body of short-term-rental hosts and managers in a regulated market: reaches the individual host without listing one, and its members are exactly the operators who must register and renew permits.","https://washingtonhosts.org/","executive director / board chair","https://www.rentresponsibly.org/wp-json/wpgmza/v1/markers","association-directory","verified","2026-09-03","listed in the Rent Responsibly association map API."
"staylegal","channel","host alliance (local)","Newport Beach Short-Term Rental Alliance","https://www.nbstra.com/","Newport Beach, CA","","Organised body of short-term-rental hosts and managers in a regulated market: reaches the individual host without listing one, and its members are exactly the operators who must register and renew permits.","https://www.nbstra.com/our-partners","executive director / board chair","https://www.rentresponsibly.org/wp-json/wpgmza/v1/markers","association-directory","verified","2026-09-03","listed in the Rent Responsibly association map API."
"staylegal","partner","host association (state/regional)","Texas Short-Term Rental Association","https://www.txstra.org","Texas","","Organised body of short-term-rental hosts and managers in a regulated market: reaches the individual host without listing one, and its members are exactly the operators who must register and renew permits.","https://www.txstra.org","executive director / board chair","https://www.rentresponsibly.org/wp-json/wpgmza/v1/markers","association-directory","verified","2026-09-03","listed in the Rent Responsibly association map API."
"staylegal","partner","host association (state/regional)","North Carolina Short-Term Rental Alliance","https://ncstra.com/","North Carolina","","Organised body of short-term-rental hosts and managers in a regulated market: reaches the individual host without listing one, and its members are exactly the operators who must register and renew permits.","https://ncstra.com/contact-us/","executive director / board chair","https://www.rentresponsibly.org/wp-json/wpgmza/v1/markers","association-directory","verified","2026-09-03","listed in the Rent Responsibly association map API."
"staylegal","channel","host alliance (local)","Beverly Hills Rental Alliance","https://www.calstra.org/bhra","Beverly Hills, CA","","Organised body of short-term-rental hosts and managers in a regulated market: reaches the individual host without listing one, and its members are exactly the operators who must register and renew permits.","https://www.calstra.org/bhra/contact","executive director / board chair","https://www.rentresponsibly.org/wp-json/wpgmza/v1/markers","association-directory","verified","2026-09-03","listed in the Rent Responsibly association map API."
"staylegal","channel","host alliance (local)","Monterey County Vacation Rental Alliance","https://www.mcvra.org/","Monterey, CA","","Organised body of short-term-rental hosts and managers in a regulated market: reaches the individual host without listing one, and its members are exactly the operators who must register and renew permits.","info@mcvra.org","executive director / board chair","https://www.rentresponsibly.org/wp-json/wpgmza/v1/markers","association-directory","verified","2026-09-03","listed in the Rent Responsibly association map API."
"staylegal","partner","str pms software","Hospitable","https://hospitable.com/","Remote (US/EU)","Trusted by 24,000+ hosts","PMS for owner-operators with 1-50 units - the exact StayLegal buyer; a permit-status field inside the PMS is a natural bundle.","https://hospitable.com/./contact-us","head of partnerships","https://hospitable.com/","company-site","verified","2026-09-03",""
"staylegal","partner","str pms software","Guesty","https://www.guesty.com/","New York, NY","","Enterprise/pro PMS whose customers manage permits across many jurisdictions; its marketplace is a distribution route.","https://www.guesty.com/contact-us/","head of partnerships","https://www.guesty.com/","company-site","verified","2026-09-03",""
"staylegal","partner","str pms software","Hostaway","https://www.hostaway.com/","Toronto / global","","PMS with a published integration marketplace (Breezeway, Turno, PriceLabs, Safely, Ximplifi); a compliance app would slot into the same shelf.","https://www.hostaway.com/contact-us/","partnerships manager","https://www.hostaway.com/marketplace","company-site","verified","2026-09-03","marketplace listing of 20 integration partners read directly"
"staylegal","partner","str pms software","Lodgify","https://www.lodgify.com/","Barcelona / US","","Direct-booking PMS aimed at small hosts; same buyer, no compliance product of its own.","https://www.lodgify.com/","head of partnerships","https://www.lodgify.com/","company-site","verified","2026-09-03","site returned 403 (Cloudflare challenge); domain confirmed live, page not read"
"staylegal","partner","str pms software","OwnerRez","https://www.ownerrez.com/","Grand Rapids, MI","","PMS for serious owner-operators, strong US host community, no permit-filing feature.","https://www.ownerrez.com/contact/us","head of partnerships","https://www.ownerrez.com/","company-site","verified","2026-09-03",""
"staylegal","partner","str pms software","Hostfully","https://www.hostfully.com/","San Francisco, CA","","PMS plus guidebooks for boutique managers; sells to the multi-property host StayLegal monitors.","https://www.hostfully.com/contact/","head of partnerships","https://www.hostfully.com/","company-site","verified","2026-09-03",""
"staylegal","partner","str pms software","Uplisting","https://www.uplisting.io/","London / US","Manage 10+ Listings","PMS positioned at operators with 10+ listings, i.e. 10+ permits to keep alive.","https://www.uplisting.io/contact-sales","head of partnerships","https://www.uplisting.io/","company-site","verified","2026-09-03",""
"staylegal","partner","str pms software","iGMS","https://www.igms.com/","Vancouver / US","","Automation-first PMS for Airbnb hosts; audience overlaps the individual host buyer.","https://www.igms.com/marketplace/","head of partnerships","https://www.igms.com/","company-site","verified","2026-09-03",""
"staylegal","partner","str pms software","Smoobu","https://www.smoobu.com/","Berlin / US","","All-in-one PMS for small hosts; a US compliance add-on is a gap in its stack.","https://www.smoobu.com/en/integrations/?sc=CTA_MoreInfoHPIntegrationsButton&amp;utm_source=Smoobu.com&amp;utm_medium=Signup","head of partnerships","https://www.smoobu.com/","company-site","verified","2026-09-03",""
"staylegal","partner","str pms software","Hostify","https://hostify.com/","Sofia / US","","PMS for growing management companies with multi-city portfolios.","https://hostify.com/contacts","head of partnerships","https://hostify.com/","company-site","verified","2026-09-03",""
"staylegal","partner","str pms software","Tokeet","https://www.tokeet.com/","Miami, FL","powers over 60,000 properties","PMS that states it powers over 60,000 properties - a large installed base of permit holders.","https://www.tokeet.com/integrations.html","head of partnerships","https://www.tokeet.com/","company-site","verified","2026-09-03",""
"staylegal","partner","str pms software","Streamline (Streamline VRS)","https://www.streamlinevrs.com/","Sparks, NV","","Enterprise vacation-rental PMS used by large resort-market managers.","https://www.streamlinevrs.com/company/contact-us/","head of partnerships","https://www.streamlinevrs.com/","company-site","verified","2026-09-03",""
"staylegal","partner","str pms software","Track / TravelNet Solutions","https://www.tnsinc.com/","Minneapolis, MN","","Track PMS serves professional VRMs in permit-heavy beach and mountain markets.","https://trackhospitality.com/contact/","head of partnerships","https://www.tnsinc.com/","company-site","verified","2026-09-03",""
"staylegal","partner","str pms software","Escapia (Expedia Group)","https://www.escapia.com/","Seattle, WA","manage 25 properties","Escapia is the incumbent PMS for many legacy resort-market rental agencies.","https://bridge.expediapartnercentral.com","head of partnerships","https://www.escapia.com/","company-site","verified","2026-09-03",""
"staylegal","partner","str pms software","Barefoot Technologies","https://www.barefoot.com/","Fredericksburg, VA","","Long-standing VRM software vendor with a professional-manager base.","https://www.barefoot.com/contact-us","head of partnerships","https://www.barefoot.com/","company-site","verified","2026-09-03",""
"staylegal","partner","str pms software","Rentals United","https://rentalsunited.com/","Barcelona / US","","Channel manager sitting between managers and OTAs; a compliance signal is complementary.","https://rentalsunited.com/","head of partnerships","https://rentalsunited.com/","company-site","verified","2026-09-03",""
"staylegal","partner","str pms software","Beds24","https://beds24.com/","Remote","","Low-cost PMS/channel manager used by independent hosts.","https://beds24.com/marketplace.html","head of partnerships","https://beds24.com/","company-site","secondary","2026-09-03","homepage returned no <title>; content read"
"staylegal","partner","str pms software","CiiRUS","https://www.ciirus.com/","Fort Myers, FL","","PMS concentrated in Orlando/Kissimmee, one of the most permit-heavy STR markets.","https://www.ciirus.com/","head of partnerships","https://www.ciirus.com/","company-site","verified","2026-09-03",""
"staylegal","partner","str pms software","Lodgix","https://www.lodgix.com/","Denver, CO","","Budget PMS for small managers in Colorado's permit-capped mountain towns.","https://www.lodgix.com/contact-us/","head of partnerships","https://www.lodgix.com/","company-site","verified","2026-09-03",""
"staylegal","partner","str pms software","Kigo","https://www.kigo.net/","US / global","","Vacation-rental PMS brand now inside Guesty; installed base of professional managers.","https://www.kigo.net/contact-us/","head of partnerships","https://www.kigo.net/","company-site","verified","2026-09-03","kigo.net now serves Guesty content"
"staylegal","partner","str pms software","LiveRez","https://www.liverez.com/","Eagle, ID","","PMS plus website builder for independent vacation-rental managers.","https://www.liverez.com/contact-us/","head of partnerships","https://www.liverez.com/","company-site","verified","2026-09-03",""
"staylegal","partner","str pms software","Zeevou","https://www.zeevou.com/","London / US","","PMS for professional hosts scaling multi-unit portfolios.","https://zeevou.com/contact-us/","head of partnerships","https://www.zeevou.com/","company-site","verified","2026-09-03",""
"staylegal","partner","str guest experience software","StayFi","https://www.stayfi.com/","New York, NY","","Guest-wifi marketing used by VRMs; shares the same buyer and publishes VRM media (VRM Insider).","https://stayfi.com/contact/","head of partnerships","https://www.stayfi.com/","company-site","verified","2026-09-03",""
"staylegal","partner","str guest experience software","Touch Stay","https://www.touchstay.com/","UK / US","","Digital guidebooks; a permit/registration number is a required disclosure in several cities and could ride in the guidebook.","https://touchstay.com/features/contact-collection?hsLang=en","head of partnerships","https://www.touchstay.com/","company-site","verified","2026-09-03",""
"staylegal","partner","str guest experience software","Enso Connect","https://ensoconnect.com/","Toronto, ON","managing 250+ short-term rentals","Guest-experience platform for STR operators; complementary, not competing.","https://ensoconnect.com/./features/contactless-check-in","head of partnerships","https://ensoconnect.com/","company-site","verified","2026-09-03",""
"staylegal","partner","str guest experience software","Duve","https://duve.com/","Tel Aviv / US","","Guest management platform used by STR and hospitality operators.","https://duve.com/contactless-online-check-in/","head of partnerships","https://duve.com/","company-site","verified","2026-09-03",""
"staylegal","partner","str pricing & data","PriceLabs","https://www.pricelabs.co/","Chicago, IL","Trusted by 60,000+ hosts","Revenue-management tool with a very large host base; its blog and events list already reach the buyer.","https://www.pricelabs.co/contact-us/","head of partnerships","https://www.pricelabs.co/","company-site","verified","2026-09-03",""
"staylegal","partner","str pricing & data","Wheelhouse","https://www.usewheelhouse.com/","San Francisco, CA","Serving 1,500+ markets","Dynamic pricing across 1,500+ markets; each market is a permit regime StayLegal indexes.","https://www.usewheelhouse.com/contact","head of partnerships","https://www.usewheelhouse.com/","company-site","verified","2026-09-03",""
"staylegal","partner","str pricing & data","Beyond","https://www.beyondpricing.com/","San Francisco, CA","","Revenue management for professional managers; adjacent, non-overlapping product.","https://www.beyondpricing.com/about/contact-us","head of partnerships","https://www.beyondpricing.com/","company-site","verified","2026-09-03",""
"staylegal","partner","str pricing & data","DPGO","https://www.dpgo.com/","New York, NY","","AI pricing tool for Airbnb hosts.","https://www.dpgo.com/contacts","head of partnerships","https://www.dpgo.com/","company-site","verified","2026-09-03",""
"staylegal","partner","str pricing & data","Key Data Dashboard","https://www.keydatadashboard.com/","Charleston, SC","","Benchmarking data for professional managers; sells into the same VRM buyer.","https://www.keydatadashboard.com/contact-us","head of partnerships","https://www.keydatadashboard.com/","company-site","verified","2026-09-03",""
"staylegal","partner","str pricing & data","AirDNA","https://www.airdna.co/","Denver, CO","","STR market data; publishes regulation-sensitive market reports and runs the STR Data Lab podcast.","https://www.airdna.co/","head of partnerships","https://www.airdna.co/","company-site","verified","2026-09-03","site returned 403 (Cloudflare challenge); domain confirmed live, page not read"
"staylegal","partner","str pricing & data","Rabbu","https://www.rabbu.com/","Charlotte, NC","","STR investment analytics and property marketplace; buyers need a permit answer before closing.","https://www.rabbu.com/","head of partnerships","https://www.rabbu.com/","company-site","verified","2026-09-03","site returned 403 (Cloudflare challenge); domain confirmed live, page not read"
"staylegal","partner","str pricing & data","Rented.com","","Atlanta, GA","","Revenue management and VRM brokerage serving professional managers.","","head of partnerships","https://www.hostaway.com/marketplace","directory","secondary","2026-09-03","domain did not resolve from this environment; website left empty"
"staylegal","partner","str operations software","Breezeway","https://www.breezeway.io/","Boston, MA","","Property-care and inspection platform; already an integration partner of the major PMSs, and its inspection record is evidence cities ask for.","https://www.breezeway.io/hubfs/hub_generated/module_assets/1/173743960337/1741838995696/module_Integrations_Conversion_Panel.min.css","head of partnerships","https://www.breezeway.io/","company-site","verified","2026-09-03",""
"staylegal","partner","str operations software","Turno","https://turno.com/","Miami, FL","","Cleaner marketplace touching essentially every STR turnover in the US.","https://turno.com/","head of partnerships","https://www.hostaway.com/marketplace","directory","verified","2026-09-03","site returned 403 (Cloudflare challenge); listed in Hostaway's marketplace"
"staylegal","partner","str operations software","Minut","https://www.minut.com/","Malmo / US","Over 50,000 property managers","Noise and occupancy sensor; states over 50,000 property managers. Several cities require noise monitoring as a permit condition.","https://www.minut.com/contact/book-a-demo","head of partnerships","https://www.minut.com/","company-site","verified","2026-09-03",""
"staylegal","partner","str operations software","NoiseAware","https://noiseaware.com/","Dallas, TX","","Noise monitoring explicitly sold as a compliance/good-neighbour tool - the closest adjacent sale to a permit service.","https://noiseaware.com/community-partnerships/","head of partnerships","https://noiseaware.com/","company-site","verified","2026-09-03",""
"staylegal","partner","str operations software","Operto","https://operto.com/","Vancouver, BC","Trusted by 20,000+ Property Managers","Access and operations platform, states 20,000+ property managers.","https://operto.com/contactless-check-in-check-out/","head of partnerships","https://operto.com/","company-site","verified","2026-09-03",""
"staylegal","partner","str operations software","RemoteLock","https://www.remotelock.com/","Denver, CO","","Smart-access vendor for STR operators.","https://www.remotelock.com/contact","head of partnerships","https://www.remotelock.com/","company-site","verified","2026-09-03",""
"staylegal","partner","str operations software","Schlage (Allegion)","https://www.schlage.com/","Carmel, IN","","Smart-lock brand with an STR partner programme reaching hosts.","https://www.schlage.com/en/home/contact-us.html","channel partner manager","https://www.schlage.com/","company-site","verified","2026-09-03",""
"staylegal","partner","str operations software","August Home","https://august.com/","San Jose, CA","","Smart-lock brand widely installed in STRs.","https://shopyalehome.com/?utm_source=august.com&utm_medium=referral&utm_campaign=cobrand_toggle","channel partner manager","https://august.com/","company-site","verified","2026-09-03",""
"staylegal","partner","str operations software","Properly","https://www.getproperly.com/","Vancouver, BC","","Vacation-rental operations and managed services.","https://www.getproperly.com/features/marketplace","head of partnerships","https://www.getproperly.com/","company-site","verified","2026-09-03",""
"staylegal","partner","str operations software","Doinn","https://doinn.co/","Lisbon / US","","Housekeeping and linen operations software for STR managers.","https://doinn.co/integrations/","head of partnerships","https://doinn.co/","company-site","verified","2026-09-03",""
"staylegal","partner","str cleaning","TIDY","https://www.tidy.com/","San Francisco, CA","","Cleaning and maintenance platform serving STR and multifamily units at scale.","https://www.tidy.com/integrations","head of partnerships","https://www.tidy.com/","company-site","verified","2026-09-03",""
"staylegal","partner","str cleaning","MaidThis Franchise","https://maidthis.com/","Los Angeles, CA","","STR-turnover cleaning franchise operating in several permit-heavy metros; cleaners touch every host.","https://maidthis.com/","franchise development lead","https://maidthis.com/","company-site","secondary","2026-09-03",""
"staylegal","partner","str cleaning","ResortCleaning","","US","","Cleaning-operations software used by resort-market rental agencies.","","head of partnerships","https://rapideyeinspections.com/blog/largest-vacation-rental-cleaning-companies/","list-article","secondary","2026-09-03","site returned 403 (Cloudflare challenge); website left empty"
"staylegal","partner","str cleaning","Cleanster","","Toronto / US","","On-demand cleaning marketplace listed among the largest STR cleaning providers.","","head of partnerships","https://rapideyeinspections.com/blog/largest-vacation-rental-cleaning-companies/","list-article","secondary","2026-09-03","not independently opened"
"staylegal","partner","str cleaning","Hello Cleaners","","US (23 states)","","STR turnover cleaning across 23 states per the source article.","","head of partnerships","https://rapideyeinspections.com/blog/largest-vacation-rental-cleaning-companies/","list-article","secondary","2026-09-03","not independently opened"
"staylegal","partner","guest screening & damage","Autohost","https://www.autohost.ai/","Toronto, ON","","Guest screening for STR operators; sells risk reduction to the same buyer.","https://www.autohost.ai/talk-to-us","head of partnerships","https://www.autohost.ai/","company-site","verified","2026-09-03",""
"staylegal","partner","guest screening & damage","Truvi (formerly SUPERHOG)","https://truvi.com/","London / US","","Guest screening and damage protection; bundles neatly with a compliance guarantee.","https://truvi.com/contact-us/","head of partnerships","https://truvi.com/","company-site","verified","2026-09-03",""
"staylegal","partner","guest screening & damage","Safely","https://safely.com/","Atlanta, GA","","Guest verification plus STR insurance; already a Hostaway marketplace partner.","https://safely.com/contact/","head of partnerships","https://safely.com/","company-site","verified","2026-09-03",""
"staylegal","partner","guest screening & damage","Waivo","","US","","Security-deposit alternative for STRs.","","head of partnerships","https://www.hostaway.com/marketplace","directory","secondary","2026-09-03","domain did not resolve from this environment; website left empty"
"staylegal","partner","str insurance","Proper Insurance","https://www.proper.insure/","Bozeman, MT","","STR-specific insurance; many city permits require proof of a $500k-$1m liability policy, so the two products are filed together.","https://www.proper.insure/contact-proper-insurance/","head of partnerships","https://www.proper.insure/","company-site","verified","2026-09-03",""
"staylegal","partner","str insurance","Steadily","https://www.steadily.com/","Austin, TX","","Landlord/STR insurance sold online to the same self-serve buyer.","https://www.steadily.com/contact-us","head of partnerships","https://www.steadily.com/","company-site","verified","2026-09-03",""
"staylegal","partner","str insurance","Obie","https://www.obierisk.com/","Chicago, IL","","Digital insurance for rental-property investors.","https://www.obierisk.com/contact-us","head of partnerships","https://www.obierisk.com/","company-site","verified","2026-09-03",""
"staylegal","partner","str insurance","CBIZ","https://www.cbiz.com/","Cleveland, OH","","Professional-services firm with a vacation-rental insurance practice.","https://www.cbiz.com/contact","practice leader, hospitality","https://www.cbiz.com/","company-site","verified","2026-09-03",""
"staylegal","partner","str lending","Host Financial","https://hostfinancial.com/","Charleston, SC","","Lends specifically against STR income; borrowers must show the property can legally operate.","https://hostfinancial.com/contact","head of partnerships","https://hostfinancial.com/","company-site","verified","2026-09-03",""
"staylegal","partner","str lending","Visio Lending","https://www.visiolending.com/","Austin, TX","","DSCR lender for STR investors; permit status is a live underwriting question.","https://www.visiolending.com/","head of partnerships","https://www.visiolending.com/","company-site","verified","2026-09-03","site returned 403 (Cloudflare challenge); domain confirmed live, page not read"
"staylegal","partner","str lending","Kiavi","https://www.kiavi.com/","San Francisco, CA","","Investor lender whose borrowers convert properties to STR use.","https://www.kiavi.com/contact","head of partnerships","https://www.kiavi.com/","company-site","verified","2026-09-03",""
"staylegal","partner","str lending","Easy Street Capital","https://www.easystreetcap.com/","Austin, TX","","Investor lender active in STR purchases.","https://www.easystreetcap.com/contact","head of partnerships","https://www.easystreetcap.com/","company-site","verified","2026-09-03",""
"staylegal","partner","str accounting & tax","Ximplifi","https://ximplifi.com/","Nashville, TN","","Outsourced accounting built for vacation-rental managers; already a Hostaway marketplace partner.","https://www.ximplifi.com/partners/","head of partnerships","https://ximplifi.com/","company-site","verified","2026-09-03",""
"staylegal","partner","str accounting & tax","Clearing","https://www.clearing.co/","New York, NY","","Bookkeeping built for short-term-rental operators.","https://www.clearing.co/","head of partnerships","https://www.clearing.co/","company-site","verified","2026-09-03","site returned a Vercel security checkpoint (429); domain confirmed live, page not read"
"staylegal","partner","str accounting & tax","Baselane","https://www.baselane.com/","New York, NY","","Banking and bookkeeping for landlords and STR owners.","https://www.baselane.com/partner-with-us","head of partnerships","https://www.baselane.com/","company-site","verified","2026-09-03",""
"staylegal","partner","str accounting & tax","Hall CPA (The Real Estate CPA)","https://www.therealestatecpa.com/","Raleigh, NC","","Tax firm with a large STR-investor audience and its own podcast and community.","https://www.therealestatecpa.com/","head of partnerships","https://www.therealestatecpa.com/","company-site","secondary","2026-09-03","returned HTTP 202 with no readable body; domain confirmed live"
"staylegal","partner","str accounting & tax","Shared Economy Tax","https://sharedeconomycpa.com/","Los Angeles, CA","","CPA firm specialising in Airbnb and gig-economy hosts.","https://sharedeconomycpa.com/","head of partnerships","https://sharedeconomycpa.com/","company-site","verified","2026-09-03",""
"staylegal","partner","str furnishing & design","STR Cribs","","US (nationwide)","","Design, renovation and furnishing firm working exclusively on short-term rentals; meets the owner at the moment the permit is needed.","","head of partnerships","https://www.techvestor.com/blog/best-airbnb-companies-design-renovation-construction","list-article","secondary","2026-09-03","named in two independent round-ups; site not opened"
"staylegal","partner","str furnishing & design","Fulhaus","","Montreal / US","","Furnishing platform for STR operators; its own comparison page lists the category.","","head of partnerships","https://fulhaus.com/best-airbnb-furnishing-companies","list-article","secondary","2026-09-03",""
"staylegal","partner","str furnishing & design","Furnishr","","Toronto / US","","Turnkey furnishing for rental properties.","","head of partnerships","https://fulhaus.com/best-airbnb-furnishing-companies","list-article","secondary","2026-09-03",""
"staylegal","partner","str furnishing & design","Showplace","","New York, NY","","Furnishing and design service listed among the main STR furnishing vendors.","","head of partnerships","https://fulhaus.com/best-airbnb-furnishing-companies","list-article","secondary","2026-09-03",""
"staylegal","partner","str furnishing & design","Minoan","https://www.minoan.com/","New York, NY","","Retail-partnership platform used by STR operators to furnish and monetise homes.","support@minoan.com","head of partnerships","https://fulhaus.com/best-airbnb-furnishing-companies","list-article","verified","2026-09-03",""
"staylegal","partner","str furnishing & design","Bee Setups","","US","","STR setup and furnishing company named in Fulhaus's comparison.","","head of partnerships","https://fulhaus.com/best-airbnb-furnishing-companies","list-article","secondary","2026-09-03",""
"staylegal","partner","str furnishing & design","CORT Furniture Rental","","Chantilly, VA","","Furniture rental option for STR setups.","","head of partnerships","https://fulhaus.com/best-airbnb-furnishing-companies","list-article","secondary","2026-09-03",""
"staylegal","partner","str furnishing & design","Furnish Found","","US","","Full-service STR furnishing firm ranked first in RedAwning's round-up.","","head of partnerships","https://www.redawning.com/pm/post/10-best-airbnb-furnishing-companies-services","list-article","secondary","2026-09-03",""
"staylegal","partner","str furnishing & design","Somerled Designs","","US (virtual)","","Virtual Airbnb design firm named in Techvestor's round-up.","","head of partnerships","https://www.techvestor.com/blog/best-airbnb-companies-design-renovation-construction","list-article","secondary","2026-09-03",""
"staylegal","partner","str furnishing & design","BNB Interior","","US","","STR interior-design firm named in Surge's round-up.","","head of partnerships","https://www.gowithsurge.com/blog/best-airbnb-home-designers","list-article","secondary","2026-09-03",""
"staylegal","partner","str furnishing & design","Hyphen & Co.","","US","","STR design studio named in Surge's round-up.","","head of partnerships","https://www.gowithsurge.com/blog/best-airbnb-home-designers","list-article","secondary","2026-09-03",""
"staylegal","partner","str furnishing & design","Furniture Packages USA","","Central Florida","","Turnkey furnishing for STRs in the Orlando/Kissimmee permit market.","","head of partnerships","https://www.furniturepackagesusa.com/blog/communities/how-to-furnish-a-short-term-rental","list-article","secondary","2026-09-03",""
"staylegal","partner","str realtor & brokerage","The Short Term Shop","https://theshorttermshop.com/","Knoxville, TN","Over 5,000+ Vacation Rentals","STR-only brokerage with 40+ agents across 20+ markets and $3.5bn in closed STR transactions; every buyer it closes needs a permit filed next.","https://theshorttermshop.com/contact-us/","head of partnerships","https://www.prnewswire.com/news-releases/the-short-term-shop-surpasses-3-5-billion-in-short-term-rental-transactions-cementing-its-position-as-americas-largest-vacation-rental-real-estate-brokerage-302740157.html","press","verified","2026-09-03","size signal from the linked press release"
"staylegal","partner","str realtor & brokerage","Savvy STR Agents","","US (multi-market)","","Referral network of STR-specialist agents listed across the STR Hub realtor directory.","","network lead","https://strhub.com/compare-realtors/","directory","secondary","2026-09-03","individual agents in this directory were deliberately not recorded"
"staylegal","partner","str realtor & brokerage","Duffy Homes Realty","","US","","STR-focused brokerage listed in the STR Hub realtor directory.","","broker/owner","https://strhub.com/compare-realtors/","directory","secondary","2026-09-03",""
"staylegal","partner","str realtor & brokerage","Rossman Homes","","US","","STR-focused brokerage listed in the STR Hub realtor directory.","","broker/owner","https://strhub.com/compare-realtors/","directory","secondary","2026-09-03",""
"staylegal","partner","str realtor & brokerage","Hazel Park Group","","US","","STR-focused real-estate group listed in the STR Hub realtor directory.","","broker/owner","https://strhub.com/compare-realtors/","directory","secondary","2026-09-03",""
"staylegal","partner","str realtor & brokerage","Rise Realty Advisors","","US","","STR-focused brokerage listed in the STR Hub realtor directory.","","broker/owner","https://strhub.com/compare-realtors/","directory","secondary","2026-09-03",""
"staylegal","partner","str realtor & brokerage","STR Accommodations","","US","","STR brokerage/management firm listed in the STR Hub realtor directory.","","broker/owner","https://strhub.com/compare-realtors/","directory","secondary","2026-09-03",""
"staylegal","partner","str realtor & brokerage","ABODE International Realty","","US","","STR-focused brokerage listed in the STR Hub realtor directory.","","broker/owner","https://strhub.com/compare-realtors/","directory","secondary","2026-09-03",""
"staylegal","partner","str realtor & brokerage","The Real Estate Collective","","US","","STR-focused brokerage listed in the STR Hub realtor directory.","","broker/owner","https://strhub.com/compare-realtors/","directory","secondary","2026-09-03",""
"staylegal","partner","str realtor & brokerage","Techvestor","https://www.techvestor.com/","Austin, TX","","STR investment platform buying and operating portfolios across regulated markets; publishes STR vendor round-ups.","https://www.techvestor.com/","head of partnerships","https://www.techvestor.com/blog/best-airbnb-companies-design-renovation-construction","company-site","secondary","2026-09-03","homepage returned 403; blog page read"
"staylegal","partner","str realtor & brokerage","Arrived","https://arrivedhomes.com/","Seattle, WA","","Fractional STR/rental investment platform; its properties sit in permit jurisdictions.","support@arrived.com","head of partnerships","https://arrivedhomes.com/","company-site","verified","2026-09-03",""
"staylegal","partner","str education & community","BiggerPockets","https://www.biggerpockets.com/","Denver, CO","","Largest US real-estate investing community with an active short-term-rental forum - the channel named in StayLegal's own thesis.","https://www.biggerpockets.com/","head of partnerships","https://www.biggerpockets.com/","company-site","verified","2026-09-03",""
"staylegal","partner","str education & community","Rent Responsibly","https://www.rentresponsibly.org/","Asheville, NC","","Builds and supports local STR host alliances and publishes an STR regulations map; the single best partner for reaching organised hosts in regulated cities.","https://www.rentresponsibly.org/partners/","partnerships lead","https://www.rentresponsibly.org/alliances/","company-site","verified","2026-09-03","its association-map API supplied 100+ alliance rows in this file"
"staylegal","partner","str education & community","Thanks for Visiting","https://thanksforvisiting.com/","US","","STR education brand and podcast selling courses to hosts; an affiliate route to the individual buyer.","https://thanksforvisiting.com/","partnerships lead","https://thanksforvisiting.com/","company-site","verified","2026-09-03",""
"staylegal","partner","str education & community","Vacation Rental Formula Business School","https://www.vacationrentalformula.com/","US","","Long-running VRM education brand and podcast.","https://www.vacationrentalformula.com/contact","partnerships lead","https://www.vacationrentalformula.com/","company-site","verified","2026-09-03",""
"staylegal","partner","str education & community","Get Paid For Your Pad","https://getpaidforyourpad.com/","US","","STR education brand and podcast for Airbnb operators.","https://getpaidforyourpad.com/","partnerships lead","https://getpaidforyourpad.com/","company-site","verified","2026-09-03","homepage served a bot-verification page; title read"
"staylegal","partner","str education & community","Short Term Rental Secrets","","US","","STR coaching brand and podcast named in the brief's channel list.","","partnerships lead","https://stayfi.com/vrm-insider/2026/04/17/best-vacation-rental-podcasts/","list-article","secondary","2026-09-03","site returned HTTP 522; website left empty"
"staylegal","partner","str education & community","Robuilt","https://robuilt.com/","US","","STR education/creator brand (company and show recorded, not the individual).","https://robuilt.com/","partnerships lead","https://robuilt.com/","company-site","secondary","2026-09-03","site returned 403; domain confirmed live, page not read"
"staylegal","partner","str education & community","Boostly","","UK / US","","Direct-booking education brand and podcast for STR hosts.","","partnerships lead","https://stayfi.com/vrm-insider/2026/04/17/best-vacation-rental-podcasts/","list-article","secondary","2026-09-03",""
"staylegal","partner","str association","Vacation Rental Management Association (VRMA)","https://www.vrma.org/","Washington, DC","","The industry association for professional vacation-rental managers; its members are the multi-permit organisations StayLegal sells to.","https://www.vrma.org/contact","membership director","https://www.vrma.org/","association-directory","verified","2026-09-03","member directory pages returned 403 from this environment; only the public homepage was readable"
"staylegal","channel","industry conference","VRMA International Conference (VRMA 26 Nashville)","https://www.vrma.org/","Nashville, TN","","The largest US gathering of professional vacation-rental managers; October 2026 in Nashville, itself a permit-regime city.","https://www.vrma.org/contact","sponsorship / exhibitor sales","https://stayfi.com/vrm-insider/2026/04/17/best-vacation-rental-conferences/","list-article","verified","2026-09-03","dates per the source article"
"staylegal","channel","industry conference","VRMA Executive Summit","https://www.vrma.org/","Rancho Palos Verdes, CA","","Senior-level VRM event; May 2026 per the source.","https://www.vrma.org/contact","sponsorship / exhibitor sales","https://stayfi.com/vrm-insider/2026/04/17/best-vacation-rental-conferences/","list-article","verified","2026-09-03",""
"staylegal","channel","industry conference","VRNation Annual Conference","https://www.vrnation.com/","Phoenix, AZ","","Association conference for managers and hosts; March 2026 in Phoenix.","info@vrnation.com","sponsorship / exhibitor sales","https://stayfi.com/vrm-insider/2026/04/17/best-vacation-rental-conferences/","list-article","verified","2026-09-03",""
"staylegal","channel","industry conference","DARM Conference (Data, AI, Revenue & Marketing)","https://www.vrmintel.com/","Atlanta, GA","","VRM Intel's conference for data-driven managers; December 2026 in Atlanta.","https://www.vrmintel.com/","sponsorship / exhibitor sales","https://www.rentalscaleup.com/short-term-rental-conferences-2026/","list-article","verified","2026-09-03","organiser page 403; event details from the conference round-ups"
"staylegal","channel","industry conference","STR Wealth Conference","https://strwealthconference.com/","US","managing 20+ listings","Host-facing conference aimed at operators scaling to 20+ listings - the multi-permit buyer.","https://strwealthconference.com/","sponsorship / exhibitor sales","https://strwealthconference.com/","company-site","verified","2026-09-03",""
"staylegal","channel","industry conference","Vacation Rental World Summit","https://www.vacationrentalworldsummit.com/","International","","Long-running independent VR conference.","https://www.vacationrentalworldsummit.com/","sponsorship / exhibitor sales","https://www.vacationrentalworldsummit.com/","company-site","secondary","2026-09-03","returned HTTP 202 with no readable body"
"staylegal","channel","industry conference","The Book Direct Show","","International / US","","Direct-booking event for VRMs and hosts.","","sponsorship / exhibitor sales","https://www.avantio.com/blog/short-term-rental-conference/","list-article","secondary","2026-09-03","bookdirect.show returned HTTP 522; website left empty"
"staylegal","channel","industry conference","Level Up Your Listing Summit","","US","","Host-facing STR summit named in the conference round-ups.","","sponsorship / exhibitor sales","https://stayfi.com/vrm-insider/2026/04/17/best-vacation-rental-conferences/","list-article","secondary","2026-09-03",""
"staylegal","channel","industry conference","IMN Short-Term Rental Forum","","US (winter & summer editions)","","Institutional STR investment forum; reaches portfolio operators.","","sponsorship / exhibitor sales","https://stayfi.com/vrm-insider/2026/04/17/best-vacation-rental-conferences/","list-article","secondary","2026-09-03",""
"staylegal","channel","industry conference","Poconos Short-Term Rental Conference","https://www.poconosvro.org/","Pocono Mountains, PA","","Regional STR conference in a market with active township-by-township permit fights.","https://www.poconosvro.org/Contact","event organiser","https://stayfi.com/vrm-insider/2026/04/17/best-vacation-rental-conferences/","list-article","verified","2026-09-03",""
"staylegal","channel","industry conference","VTSTRA Vermont Short-Term Rental Conference & Trade Show","https://vtstra.org/","Vermont","","State-level STR conference and trade show.","https://vtstra.org/contact-us","event organiser","https://stayfi.com/vrm-insider/2026/04/17/best-vacation-rental-conferences/","list-article","verified","2026-09-03",""
"staylegal","channel","industry conference","Vacation Rental Xtravaganza (FAVR)","https://floridaavr.org/","Florida","","Florida Alliance for Vacation Rentals' annual event in a heavily regulated state.","https://floridaavr.org/contact-us","event organiser","https://www.avantio.com/blog/short-term-rental-conference/","list-article","verified","2026-09-03",""
"staylegal","channel","industry conference","Michigan STR Conference","https://www.michiganstra.org/","Michigan","","State association conference in a market with contested local STR ordinances.","https://www.michiganstra.org/","event organiser","https://www.lodgify.com/blog/vacation-rental-industry-events/","list-article","verified","2026-09-03",""
"staylegal","channel","industry conference","GuestyVal","https://www.guesty.com/","US","","Guesty's customer conference for professional managers.","https://www.guesty.com/contact-us/","sponsorship / exhibitor sales","https://stayfi.com/vrm-insider/2026/04/17/best-vacation-rental-conferences/","list-article","verified","2026-09-03",""
"staylegal","channel","industry conference","VRMA Foundations: Frontline Excellence Training","https://www.vrma.org/","US","","VRMA training programme reaching operational staff at member companies.","https://www.vrma.org/contact","programme manager","https://www.lodgify.com/blog/vacation-rental-industry-events/","list-article","verified","2026-09-03",""
"staylegal","channel","industry conference","Direct Booking Success Summit","","Online","","Host-facing direct-booking summit.","","sponsorship / exhibitor sales","https://www.lodgify.com/blog/vacation-rental-industry-events/","list-article","secondary","2026-09-03",""
"staylegal","channel","industry conference","STR Hospitality Summit","","US","","STR event listed on the Rent Responsibly events calendar.","","event organiser","https://www.rentresponsibly.org/alliances/","company-site","secondary","2026-09-03",""
"staylegal","channel","industry conference","HostGPOpen (Palm Springs)","","Palm Springs, CA","","Local host-community event in a city with a capped STR permit programme.","","event organiser","https://www.rentresponsibly.org/alliances/","company-site","secondary","2026-09-03",""
"staylegal","channel","podcast & newsletter","Thanks For Visiting (podcast)","https://thanksforvisiting.com/","US","","Top-ranked STR host podcast; sponsorship reaches individual hosts without listing them.","https://thanksforvisiting.com/","sponsorship lead","https://stayfi.com/vrm-insider/2026/04/17/best-vacation-rental-podcasts/","list-article","verified","2026-09-03","show name only, no host names recorded"
"staylegal","channel","podcast & newsletter","Vacation Rental Success Podcast","","US","","VRM-focused podcast in the top-15 list.","","sponsorship lead","https://stayfi.com/vrm-insider/2026/04/17/best-vacation-rental-podcasts/","list-article","secondary","2026-09-03","show name only"
"staylegal","channel","podcast & newsletter","Good Morning Hospitality","","US","","Daily STR/hospitality news show.","","sponsorship lead","https://stayfi.com/vrm-insider/2026/04/17/best-vacation-rental-podcasts/","list-article","secondary","2026-09-03","show name only"
"staylegal","channel","podcast & newsletter","Get Paid For Your Pad (podcast)","https://getpaidforyourpad.com/","US","","Long-running Airbnb-host podcast.","https://getpaidforyourpad.com/","sponsorship lead","https://stayfi.com/vrm-insider/2026/04/17/best-vacation-rental-podcasts/","list-article","verified","2026-09-03","show name only"
"staylegal","channel","podcast & newsletter","STR Data Lab by AirDNA","https://www.airdna.co/","Denver, CO","","Data-led STR podcast produced by AirDNA.","https://www.airdna.co/","sponsorship lead","https://stayfi.com/vrm-insider/2026/04/17/best-vacation-rental-podcasts/","list-article","verified","2026-09-03","show name only"
"staylegal","channel","podcast & newsletter","The Boostly Podcast","","UK / US","","Direct-booking podcast for STR hosts.","","sponsorship lead","https://stayfi.com/vrm-insider/2026/04/17/best-vacation-rental-podcasts/","list-article","secondary","2026-09-03","show name only"
"staylegal","channel","podcast & newsletter","The STR Sisterhood","","US","","Community-driven STR podcast.","","sponsorship lead","https://stayfi.com/vrm-insider/2026/04/17/best-vacation-rental-podcasts/","list-article","secondary","2026-09-03","show name only"
"staylegal","channel","podcast & newsletter","Rental Scale-Up","https://www.rentalscaleup.com/","EU / US","","Newsletter and podcast read by professional managers; also runs conference coverage.","https://www.rentalscaleup.com/","sponsorship lead","https://stayfi.com/vrm-insider/2026/04/17/best-vacation-rental-podcasts/","list-article","secondary","2026-09-03","site returned 403; show/newsletter name only"
"staylegal","channel","podcast & newsletter","Alex & Annie: The Real Women of Vacation Rentals","","US","","Widely followed VR industry podcast.","","sponsorship lead","https://stayfi.com/vrm-insider/2026/04/17/best-vacation-rental-podcasts/","list-article","secondary","2026-09-03","show name only"
"staylegal","channel","podcast & newsletter","The Vacation Rental Manager's Podcast","","US","","VRM-operator podcast.","","sponsorship lead","https://stayfi.com/vrm-insider/2026/04/17/best-vacation-rental-podcasts/","list-article","secondary","2026-09-03","show name only; host names deliberately omitted"
"staylegal","channel","podcast & newsletter","Heads In Beds Show","","US","","STR marketing and direct-booking podcast.","","sponsorship lead","https://stayfi.com/vrm-insider/2026/04/17/best-vacation-rental-podcasts/","list-article","secondary","2026-09-03","show name only"
"staylegal","channel","podcast & newsletter","No Vacancy The Podcast","","US","","Host-facing STR podcast.","","sponsorship lead","https://stayfi.com/vrm-insider/2026/04/17/best-vacation-rental-podcasts/","list-article","secondary","2026-09-03","show name only; host name deliberately omitted"
"staylegal","channel","podcast & newsletter","The Vacation Rental Show","","US","","VR industry podcast.","","sponsorship lead","https://stayfi.com/vrm-insider/2026/04/17/best-vacation-rental-podcasts/","list-article","secondary","2026-09-03","show name only; host name deliberately omitted"
"staylegal","channel","podcast & newsletter","Vacation Rental Revolution Podcast","","US","","Portfolio-scaling STR podcast.","","sponsorship lead","https://stayfi.com/vrm-insider/2026/04/17/best-vacation-rental-podcasts/","list-article","secondary","2026-09-03","show name only"
"staylegal","channel","industry publication","VRM Intel","https://www.vrmintel.com/","Memphis, TN","","Trade publication for professional vacation-rental managers; runs DARM.","https://www.vrmintel.com/","advertising / sponsorship","https://www.vrmintel.com/","company-site","verified","2026-09-03",""
"staylegal","channel","industry publication","StayFi VRM Insider","https://www.stayfi.com/","New York, NY","","VRM-facing editorial arm publishing the conference and podcast round-ups used in this research.","https://stayfi.com/contact/","editor / partnerships","https://stayfi.com/vrm-insider/2026/04/17/best-vacation-rental-conferences/","company-site","verified","2026-09-03",""
"staylegal","channel","online community","r/AirBnB (subreddit)","","Online","","Large host community named in StayLegal's own distribution thesis.","","moderator team","https://www.reddit.com/r/AirBnB/","directory","secondary","2026-09-03","reddit.com is blocked from this environment; recorded as a name only, not opened"
"staylegal","channel","online community","r/airbnb_hosts (subreddit)","","Online","","Host-only subreddit.","","moderator team","https://www.reddit.com/r/airbnb_hosts/","directory","secondary","2026-09-03","reddit.com is blocked from this environment; name only, not opened"
"staylegal","channel","online community","r/ShortTermRentals (subreddit)","","Online","","STR operator subreddit.","","moderator team","https://www.reddit.com/r/ShortTermRentals/","directory","secondary","2026-09-03","reddit.com is blocked from this environment; name only, not opened"
"staylegal","channel","online community","r/vrbo (subreddit)","","Online","","Vrbo host community.","","moderator team","https://www.reddit.com/r/vrbo/","directory","secondary","2026-09-03","reddit.com is blocked from this environment; name only, not opened"
"staylegal","channel","online community","BiggerPockets Short-Term Rental Forum","https://www.biggerpockets.com/","Denver, CO","","The forum StayLegal's thesis names as its first distribution channel.","https://www.biggerpockets.com/","community manager","https://www.biggerpockets.com/guides/the-ultimate-guide-to-short-term-rental-properties","company-site","verified","2026-09-03",""
"staylegal","excluded","str compliance competitor","Avalara MyLodgeTax","https://www.avalara.com/mylodgetax/en/index.html","Durham, NC / Denver, CO","","Sells the tax-registration and lodging-tax slice per property at roughly the price StayLegal targets, and already handles some licence registrations. Treat as a competitor first; a referral arrangement is only plausible if it stays out of permit filing.","https://help.avalara.com/Contact_Avalara/Start_a_Chat","n/a - competitor","https://www.avalara.com/mylodgetax/en/index.html","company-site","verified","2026-09-03","the brief asked for a partner-or-excluded call: recorded as excluded because its registration service overlaps the core job, with a partner note"
"staylegal","excluded","str compliance competitor","Granicus (Host Compliance)","https://granicus.com/solution/govservice/host-compliance/","Denver, CO","","Sits on the enforcement side: sells STR monitoring, registration portals and complaint hotlines to cities. It creates StayLegal's demand but must never be pitched as a customer.","https://granicus.com/contact-us/","n/a - competitor (enforcement side)","https://granicus.com/solution/govservice/host-compliance/","company-site","verified","2026-09-03",""
"staylegal","excluded","str compliance competitor","Deckard Technologies (Rentalscape)","https://www.deckard.com/","San Diego, CA","Trusted by more than 400 jurisdictions","Rentalscape is the city-side STR identification and compliance product; the site states it is trusted by more than 400 jurisdictions.","https://deckard.com/contact","n/a - competitor (enforcement side)","https://www.deckard.com/","company-site","verified","2026-09-03","rentalscape.com resolves to the same Deckard site"
"staylegal","excluded","str compliance competitor","STR Comply","https://www.strcomply.us/","US","","Sells an address-level 'is your Airbnb legal' compliance check - the informational half of StayLegal's product.","info@strcomply.us","n/a - competitor","https://www.strcomply.us/","company-site","verified","2026-09-03",""
"staylegal","excluded","str compliance competitor","STRrequirements.com","","US","","Charges roughly $6.99 per property per month for STR compliance information; cited in StayLegal's own evidence.","","n/a - competitor","https://www.strcomply.us/blog/strrequirements-com-alternatives-3","press","secondary","2026-09-03","domain did not resolve from this environment; website left empty"
"staylegal","excluded","str compliance competitor","STR Helper","","US","","City-side STR monitoring and compliance vendor.","","n/a - competitor (enforcement side)","https://www.strcomply.us/blog/strrequirements-com-alternatives-3","press","secondary","2026-09-03","strhelper.com did not resolve from this environment"
"staylegal","excluded","str compliance competitor","Harmari (LTAS Technologies)","https://harmari.com/","Toronto, ON","","Sells STR address identification and compliance monitoring to municipalities.","https://www.harmari.com/about/contact/","n/a - competitor (enforcement side)","https://harmari.com/","company-site","verified","2026-09-03",""
"staylegal","excluded","str compliance competitor","GovOS (MUNIRevs / LODGINGRevs)","https://www.govos.com/","Austin, TX","","Runs the STR licensing and lodging-tax portals for many of the jurisdictions in cities.csv; the filing counterparty, not a customer.","https://www.govos.com/contact/","n/a - government software vendor","https://www.govos.com/","company-site","verified","2026-09-03","appears as the named vendor on many jurisdiction rows in cities.csv"
"staylegal","excluded","str compliance competitor","Avenu Insights & Analytics","https://www.avenuinsights.com/","Centreville, VA","","Municipal revenue and licensing vendor operating STR registration systems.","https://www.avenuinsights.com/contact/","n/a - government software vendor","https://www.avenuinsights.com/","company-site","verified","2026-09-03",""
"staylegal","excluded","str data & regulation tool","BNBCalc","https://www.bnbcalc.com/","US","over 2,000 markets","Publishes free per-city STR regulation guides covering 1,200+ jurisdictions - the informational layer StayLegal must beat on 'we file it for you', and the source of much of cities.csv.","https://www.bnbcalc.com/affiliate-program","n/a - competitor (information layer)","https://www.bnbcalc.com/blog/short-term-rental-regulation","company-site","verified","2026-09-03","robots.txt explicitly allows ClaudeBot"
"staylegal","excluded","str data & regulation tool","STR Profit Map","https://strprofitmap.com/regulations","US","","Publishes 5,400+ per-jurisdiction STR regulation pages including resort markets; same information layer.","https://strprofitmap.com/regulations","n/a - competitor (information layer)","https://www.strprofitmap.com/sitemap-regulations.xml","company-site","verified","2026-09-03","sitemap enumerated to fill the resort markets BNBCalc lacks"
"staylegal","excluded","str data & regulation tool","Chalet (getchalet.com)","","US","","Publishes per-city STR regulation pages and STR investor services.","","n/a - competitor (information layer)","https://www.getchalet.com/rental-regulations/gatlinburg-tn","company-site","secondary","2026-09-03","site returned 429 rate-limit; website left empty"
"staylegal","excluded","str data & regulation tool","STR City Regs","","US","","Per-city STR regulation reference site.","","n/a - competitor (information layer)","https://strcityregs.com/tennessee/gatlinburg","company-site","secondary","2026-09-03","not independently opened"
"staylegal","excluded","str data & regulation tool","STR Laws","","US","","Per-city STR permit/tax reference site.","","n/a - competitor (information layer)","https://strlaws.com/tennessee/gatlinburg/","company-site","secondary","2026-09-03","not independently opened"
"staylegal","excluded","str data & regulation tool","BuildYourBnb","","US","","Per-city STR regulation reference site.","","n/a - competitor (information layer)","https://www.buildyourbnb.com/us-airbnb-and-short-term-rental-regulations/gatlinburg","company-site","secondary","2026-09-03","sitemap.xml returned no location entries"
"staylegal","excluded","str data & regulation tool","PropertyZoned","https://www.propertyzoned.com/","US","","Address-level STR zoning and regulation lookup.","https://www.propertyzoned.com/","n/a - competitor (information layer)","https://www.propertyzoned.com/guides/airbnb-short-term-rental-regulations","company-site","verified","2026-09-03","site returned a Vercel security checkpoint (429); page not read"
"staylegal","excluded","permit expediter","Permit Place","https://permitplace.com/","Los Angeles, CA","","General building-permit expediter headquartered in Los Angeles with offices in San Francisco and Seattle; adjacent service, would compete on any 'we file it for you' positioning in LA.","https://permitplace.com/contact-us/schedule-intro-call/","n/a - adjacent competitor","https://permitplace.com/permitting-services/permit-expediting/california-permit-expediting/los-angeles/","company-site","verified","2026-09-03","city: Los Angeles"
"staylegal","excluded","permit expediter","Milrose Consultants (Permit Advisors)","https://www.milrose.com/","New York, NY / Los Angeles, CA","","National permit-expediting group; acquired Permit Advisors, an LA-based expediter.","https://www.milrose.com/contact-us/","n/a - adjacent competitor","https://www.milrose.com/insights/a-permit-expediters-guide-to-los-angeles","company-site","verified","2026-09-03","cities: New York, Los Angeles"
"staylegal","excluded","permit expediter","PermitFlow","https://www.permitflow.com/","New York, NY","","Software-led permit filing service; the closest software analogue to StayLegal in an adjacent permit category.","https://www.permitflow.com/contact-us","n/a - adjacent competitor","https://www.permitflow.com/blog/los-angeles-permit-expediter","company-site","verified","2026-09-03","city: Los Angeles (guide); operates nationally"
"staylegal","excluded","str management competitor","Awning","https://awning.com/","Los Angeles, CA","Over 300 homes","Publishes per-state and per-city 'best Airbnb management companies' guides while itself managing STRs; both a competitor for the manager relationship and a source used here.","https://awning.com/partner-agent","n/a - competitor","https://awning.com/post/louisiana-airbnb-management-companies","company-site","verified","2026-09-03",""
"staylegal","excluded","str management competitor","One Fine BnB","https://www.onefinebnb.com/","US","","Runs hundreds of per-city management-company comparison pages while managing STRs itself; a source used here and a competitor for the same manager relationships.","https://onefinebnb.com/contact","n/a - competitor","https://onefinebnb.com/best-vacation-rental-management-companies-in-new-orleans-louisiana","company-site","verified","2026-09-03",""
"staylegal","excluded","str management competitor","RedAwning","https://www.redawning.com/","Emeryville, CA","Over 100,000 properties","States it manages 20,000+ properties nationally and publishes per-city management round-ups; too large to buy the offer and competes for manager relationships.","https://www.redawning.com/pm/contact-us","n/a - competitor","https://www.redawning.com/pm/post/best-airbnb-management-in-gatlinburg-tennessee","company-site","verified","2026-09-03","size signal quoted from its own article"
